  0
SECTION
  2
HEADER
  9
$ANGBASE
  50
0.0
  9
$ANGDIR
  70
1
  9
$MEASUREMENT
  70
0
  0
ENDSEC
  0
SECTION
  2
TABLES
  0
TABLE
  2
LTYPE
  70
4
  0
LTYPE
  5
40F
  2
CONTINUOUS
  70
0
  3
Solid line
  72
65
  73
0
  40
0.0
  0
LTYPE
  5
410
  2
DASHDOT
 70
0
  3
Dash Dot ____ _ ____ _
 72
65
 73
4
 40
2.0
 49
1.25
 49
-0.25
 49
0.25
 49
-0.25
  0
LTYPE
  5
411
  2
DASHED
 70
0
  3
Dashed __ __ __ __ __
 72
65
 73
2
 40
0.75
 49
0.5
 49
-0.25
  0
LTYPE
  5
43B
  2
DOTTED
 70
0
  3
Dotted .  .  .  .
 72
65
 73
2
 40
0.2
 49
0.0
 49
-0.2
  0
ENDTAB
  0
TABLE
  2
STYLE
  70
4
  0
STYLE
  2
KICAD
  70
0
  40
0
  41
1
  42
1
  50
0
  71
0
  3
isocp.shx
  0
STYLE
  2
KICADB
  70
0
  40
0
  41
1
  42
1
  50
0
  71
0
  3
isocp.shx
  0
STYLE
  2
KICADI
  70
0
  40
0
  41
1
  42
1
  50
15
  71
0
  3
isocp.shx
  0
STYLE
  2
KICADBI
  70
0
  40
0
  41
1
  42
1
  50
15
  71
0
  3
isocp.shx
  0
ENDTAB
  0
TABLE
  2
LAYER
  70
1
  0
LAYER
  2
BLACK
  70
0
  62
7
  6
CONTINUOUS
  0
ENDTAB
  0
ENDSEC
  0
SECTION
  2
ENTITIES
0
LINE
8
BLACK
6
CONTINUOUS
10
0.5145669291338583
20
0.284251968503937
11
0.4988188976377952
21
0.284251968503937
0
LINE
8
BLACK
6
CONTINUOUS
10
0.4988188976377952
20
0.284251968503937
11
0.4988188976377952
21
0.3511811023622047
0
LINE
8
BLACK
6
CONTINUOUS
10
0.4988188976377952
20
0.3511811023622047
11
0.5145669291338583
21
0.3511811023622047
0
LINE
8
BLACK
6
CONTINUOUS
10
0.5145669291338583
20
0.3511811023622047
11
0.5145669291338583
21
0.284251968503937
0
LINE
8
BLACK
6
CONTINUOUS
10
0.705511811023622
20
0.284251968503937
11
0.6897637795275591
21
0.284251968503937
0
LINE
8
BLACK
6
CONTINUOUS
10
0.6897637795275591
20
0.284251968503937
11
0.6897637795275591
21
0.3511811023622047
0
LINE
8
BLACK
6
CONTINUOUS
10
0.6897637795275591
20
0.3511811023622047
11
0.705511811023622
21
0.3511811023622047
0
LINE
8
BLACK
6
CONTINUOUS
10
0.705511811023622
20
0.3511811023622047
11
0.705511811023622
21
0.284251968503937
0
LINE
8
BLACK
6
CONTINUOUS
10
0.9197637795275591
20
1.9983464566929134
11
0.8927165354330708
21
1.9983464566929134
0
LINE
8
BLACK
6
CONTINUOUS
10
0.8927165354330708
20
1.9983464566929134
11
0.8927165354330708
21
1.9583464566929134
0
LINE
8
BLACK
6
CONTINUOUS
10
0.8927165354330708
20
1.9583464566929134
11
0.9197637795275591
21
1.9583464566929134
0
LINE
8
BLACK
6
CONTINUOUS
10
0.9197637795275591
20
1.9583464566929134
11
0.9197637795275591
21
1.8983464566929134
0
LINE
8
BLACK
6
CONTINUOUS
10
0.9197637795275591
20
1.8983464566929134
11
0.8718136220472441
21
1.8983464566929134
0
LINE
8
BLACK
6
CONTINUOUS
10
0.8718136220472441
20
1.8983464566929134
11
0.8383083858267716
21
1.8648412204724409
0
LINE
8
BLACK
6
CONTINUOUS
10
0.8383083858267716
20
1.8648412204724409
11
0.8378609448818898
21
1.8644740157480315
0
LINE
8
BLACK
6
CONTINUOUS
10
0.8378609448818898
20
1.8644740157480315
11
0.8367965354330709
21
1.8640331102362204
0
LINE
8
BLACK
6
CONTINUOUS
10
0.8367965354330709
20
1.8640331102362204
11
0.8362204724409449
21
1.8639763779527558
0
LINE
8
BLACK
6
CONTINUOUS
10
0.8362204724409449
20
1.8639763779527558
11
0.7594907874015748
21
1.8639763779527558
0
LINE
8
BLACK
6
CONTINUOUS
10
0.7594907874015748
20
1.8639763779527558
11
0.6757874015748031
21
1.7802729921259841
0
LINE
8
BLACK
6
CONTINUOUS
10
0.6757874015748031
20
1.7802729921259841
11
0.6757874015748031
21
1.4303569291338583
0
LINE
8
BLACK
6
CONTINUOUS
10
0.6757874015748031
20
1.4303569291338583
11
0.6872805905511811
21
1.4188637401574802
0
LINE
8
BLACK
6
CONTINUOUS
10
0.6872805905511811
20
1.4188637401574802
11
0.6900364960629921
21
1.4204548031496063
0
LINE
8
BLACK
6
CONTINUOUS
10
0.6900364960629921
20
1.4204548031496063
11
0.6940074803149606
21
1.4215188188976378
0
LINE
8
BLACK
6
CONTINUOUS
10
0.6940074803149606
20
1.4215188188976378
11
0.6981185039370078
21
1.4215188188976378
0
LINE
8
BLACK
6
CONTINUOUS
10
0.6981185039370078
20
1.4215188188976378
11
0.7020894881889763
21
1.4204548031496063
0
LINE
8
BLACK
6
CONTINUOUS
10
0.7020894881889763
20
1.4204548031496063
11
0.7056498031496062
21
1.4183992519685038
0
LINE
8
BLACK
6
CONTINUOUS
10
0.7056498031496062
20
1.4183992519685038
11
0.7085567322834645
21
1.4154923228346457
0
LINE
8
BLACK
6
CONTINUOUS
10
0.7085567322834645
20
1.4154923228346457
11
0.710612283464567
21
1.4119320078740156
0
LINE
8
BLACK
6
CONTINUOUS
10
0.710612283464567
20
1.4119320078740156
11
0.7116762992125985
21
1.4079610236220472
0
LINE
8
BLACK
6
CONTINUOUS
10
0.7116762992125985
20
1.4079610236220472
11
0.7116762992125985
21
1.40385
0
LINE
8
BLACK
6
CONTINUOUS
10
0.7116762992125985
20
1.40385
11
0.710612283464567
21
1.3998790157480314
0
LINE
8
BLACK
6
CONTINUOUS
10
0.710612283464567
20
1.3998790157480314
11
0.7085567322834645
21
1.3963187007874016
0
LINE
8
BLACK
6
CONTINUOUS
10
0.7085567322834645
20
1.3963187007874016
11
0.7056498031496062
21
1.3934117716535432
0
LINE
8
BLACK
6
CONTINUOUS
10
0.7056498031496062
20
1.3934117716535432
11
0.7020894881889763
21
1.391356220472441
0
LINE
8
BLACK
6
CONTINUOUS
10
0.7020894881889763
20
1.391356220472441
11
0.6981185039370078
21
1.3902922047244095
0
LINE
8
BLACK
6
CONTINUOUS
10
0.6981185039370078
20
1.3902922047244095
11
0.6940074803149606
21
1.3902922047244095
0
LINE
8
BLACK
6
CONTINUOUS
10
0.6940074803149606
20
1.3902922047244095
11
0.6900364960629921
21
1.391356220472441
0
LINE
8
BLACK
6
CONTINUOUS
10
0.6900364960629921
20
1.391356220472441
11
0.6872805905511811
21
1.3929473228346456
0
LINE
8
BLACK
6
CONTINUOUS
10
0.6872805905511811
20
1.3929473228346456
11
0.6757874015748031
21
1.381454094488189
0
LINE
8
BLACK
6
CONTINUOUS
10
0.6757874015748031
20
1.381454094488189
11
0.6757874015748031
21
0.5705144094488189
0
LINE
8
BLACK
6
CONTINUOUS
10
0.6757874015748031
20
0.5705144094488189
11
0.6874435433070866
21
0.5588582677165355
0
LINE
8
BLACK
6
CONTINUOUS
10
0.6874435433070866
20
0.5588582677165355
11
0.705511811023622
21
0.5588582677165355
0
LINE
8
BLACK
6
CONTINUOUS
10
0.705511811023622
20
0.5588582677165355
11
0.7089017322834645
21
0.5581839763779527
0
LINE
8
BLACK
6
CONTINUOUS
10
0.7089017322834645
20
0.5581839763779527
11
0.7117755511811024
21
0.5562637401574803
0
LINE
8
BLACK
6
CONTINUOUS
10
0.7117755511811024
20
0.5562637401574803
11
0.7136957874015748
21
0.5533899212598425
0
LINE
8
BLACK
6
CONTINUOUS
10
0.7136957874015748
20
0.5533899212598425
11
0.7143700787401575
21
0.5499999999999999
0
LINE
8
BLACK
6
CONTINUOUS
10
0.7143700787401575
20
0.5499999999999999
11
0.7143700787401575
21
0.5322834645669291
0
LINE
8
BLACK
6
CONTINUOUS
10
0.7143700787401575
20
0.5322834645669291
11
0.7136957874015748
21
0.5288935433070866
0
LINE
8
BLACK
6
CONTINUOUS
10
0.7136957874015748
20
0.5288935433070866
11
0.7130538976377953
21
0.5279329527559055
0
LINE
8
BLACK
6
CONTINUOUS
10
0.7130538976377953
20
0.5279329527559055
11
0.7273241338582677
21
0.5136627165354331
0
LINE
8
BLACK
6
CONTINUOUS
10
0.7273241338582677
20
0.5136627165354331
11
0.7276913385826771
21
0.5132152755905511
0
LINE
8
BLACK
6
CONTINUOUS
10
0.7276913385826771
20
0.5132152755905511
11
0.7281322440944882
21
0.5121508661417322
0
LINE
8
BLACK
6
CONTINUOUS
10
0.7281322440944882
20
0.5121508661417322
11
0.7281889763779528
21
0.5115748031496062
0
LINE
8
BLACK
6
CONTINUOUS
10
0.7281889763779528
20
0.5115748031496062
11
0.7281889763779528
21
0.4614566929133858
0
LINE
8
BLACK
6
CONTINUOUS
10
0.7281889763779528
20
0.4614566929133858
11
0.7281322440944882
21
0.4608806299212598
0
LINE
8
BLACK
6
CONTINUOUS
10
0.7281322440944882
20
0.4608806299212598
11
0.7276913385826771
21
0.4598162204724409
0
LINE
8
BLACK
6
CONTINUOUS
10
0.7276913385826771
20
0.4598162204724409
11
0.7273241338582677
21
0.4593687795275591
0
LINE
8
BLACK
6
CONTINUOUS
10
0.7273241338582677
20
0.4593687795275591
11
0.6759842519685039
21
0.4080288976377953
0
LINE
8
BLACK
6
CONTINUOUS
10
0.6759842519685039
20
0.4080288976377953
11
0.6759842519685039
21
0.3807086614173228
0
LINE
8
BLACK
6
CONTINUOUS
10
0.6759842519685039
20
0.3807086614173228
11
0.6779527559055119
21
0.3807086614173228
0
LINE
8
BLACK
6
CONTINUOUS
10
0.6779527559055119
20
0.3807086614173228
11
0.6779527559055119
21
0.3570866141732283
0
LINE
8
BLACK
6
CONTINUOUS
10
0.6779527559055119
20
0.3570866141732283
11
0.6759842519685039
21
0.3570866141732283
0
LINE
8
BLACK
6
CONTINUOUS
10
0.6759842519685039
20
0.3570866141732283
11
0.6759842519685039
21
0.3423862992125984
0
LINE
8
BLACK
6
CONTINUOUS
10
0.6759842519685039
20
0.3423862992125984
11
0.6759275196850394
21
0.3418102362204724
0
LINE
8
BLACK
6
CONTINUOUS
10
0.6759275196850394
20
0.3418102362204724
11
0.6754866141732283
21
0.3407458267716535
0
LINE
8
BLACK
6
CONTINUOUS
10
0.6754866141732283
20
0.3407458267716535
11
0.6751194094488189
21
0.3402983858267716
0
LINE
8
BLACK
6
CONTINUOUS
10
0.6751194094488189
20
0.3402983858267716
11
0.6614732677165355
21
0.3266522440944882
0
LINE
8
BLACK
6
CONTINUOUS
10
0.6614732677165355
20
0.3266522440944882
11
0.6610258267716536
21
0.3262850393700787
0
LINE
8
BLACK
6
CONTINUOUS
10
0.6610258267716536
20
0.3262850393700787
11
0.6599614173228346
21
0.3258441338582677
0
LINE
8
BLACK
6
CONTINUOUS
10
0.6599614173228346
20
0.3258441338582677
11
0.6593853543307087
21
0.3257874015748031
0
LINE
8
BLACK
6
CONTINUOUS
10
0.6593853543307087
20
0.3257874015748031
11
0.5736220472440945
21
0.3257874015748031
0
LINE
8
BLACK
6
CONTINUOUS
10
0.5736220472440945
20
0.3257874015748031
11
0.5730459842519685
21
0.3258441338582677
0
LINE
8
BLACK
6
CONTINUOUS
10
0.5730459842519685
20
0.3258441338582677
11
0.5726051181102362
21
0.3260267716535433
0
LINE
8
BLACK
6
CONTINUOUS
10
0.5726051181102362
20
0.3260267716535433
11
0.5719816141732283
21
0.326285
0
LINE
8
BLACK
6
CONTINUOUS
10
0.5719816141732283
20
0.326285
11
0.5715341338582677
21
0.3266522440944882
0
LINE
8
BLACK
6
CONTINUOUS
10
0.5715341338582677
20
0.3266522440944882
11
0.5607073622047244
21
0.3374790157480315
0
LINE
8
BLACK
6
CONTINUOUS
10
0.5607073622047244
20
0.3374790157480315
11
0.560340157480315
21
0.3379264566929134
0
LINE
8
BLACK
6
CONTINUOUS
10
0.560340157480315
20
0.3379264566929134
11
0.5598992519685039
21
0.338990905511811
0
LINE
8
BLACK
6
CONTINUOUS
10
0.5598992519685039
20
0.338990905511811
11
0.5598425196850394
21
0.3395669291338583
0
LINE
8
BLACK
6
CONTINUOUS
10
0.5598425196850394
20
0.3395669291338583
11
0.5598425196850394
21
0.3570866141732283
0
LINE
8
BLACK
6
CONTINUOUS
10
0.5598425196850394
20
0.3570866141732283
11
0.5578740157480315
21
0.3570866141732283
0
LINE
8
BLACK
6
CONTINUOUS
10
0.5578740157480315
20
0.3570866141732283
11
0.5578740157480315
21
0.3807086614173228
0
LINE
8
BLACK
6
CONTINUOUS
10
0.5578740157480315
20
0.3807086614173228
11
0.5677165354330709
21
0.3807086614173228
0
LINE
8
BLACK
6
CONTINUOUS
10
0.5677165354330709
20
0.3807086614173228
11
0.5677165354330709
21
0.3570866141732283
0
LINE
8
BLACK
6
CONTINUOUS
10
0.5677165354330709
20
0.3570866141732283
11
0.565748031496063
21
0.3570866141732283
0
LINE
8
BLACK
6
CONTINUOUS
10
0.565748031496063
20
0.3570866141732283
11
0.565748031496063
21
0.34079
0
LINE
8
BLACK
6
CONTINUOUS
10
0.565748031496063
20
0.34079
11
0.5748451181102362
21
0.3316929133858267
0
LINE
8
BLACK
6
CONTINUOUS
10
0.5748451181102362
20
0.3316929133858267
11
0.658162283464567
21
0.3316929133858267
0
LINE
8
BLACK
6
CONTINUOUS
10
0.658162283464567
20
0.3316929133858267
11
0.6700787401574803
21
0.3436093700787402
0
LINE
8
BLACK
6
CONTINUOUS
10
0.6700787401574803
20
0.3436093700787402
11
0.6700787401574803
21
0.3570866141732283
0
LINE
8
BLACK
6
CONTINUOUS
10
0.6700787401574803
20
0.3570866141732283
11
0.6681102362204724
21
0.3570866141732283
0
LINE
8
BLACK
6
CONTINUOUS
10
0.6681102362204724
20
0.3570866141732283
11
0.6681102362204724
21
0.3807086614173228
0
LINE
8
BLACK
6
CONTINUOUS
10
0.6681102362204724
20
0.3807086614173228
11
0.6700787401574803
21
0.3807086614173228
0
LINE
8
BLACK
6
CONTINUOUS
10
0.6700787401574803
20
0.3807086614173228
11
0.6700787401574803
21
0.409251968503937
0
LINE
8
BLACK
6
CONTINUOUS
10
0.6700787401574803
20
0.409251968503937
11
0.6701354724409448
21
0.409828031496063
0
LINE
8
BLACK
6
CONTINUOUS
10
0.6701354724409448
20
0.409828031496063
11
0.6705763779527559
21
0.4108924409448819
0
LINE
8
BLACK
6
CONTINUOUS
10
0.6705763779527559
20
0.4108924409448819
11
0.6709435826771654
21
0.4113398818897638
0
LINE
8
BLACK
6
CONTINUOUS
10
0.6709435826771654
20
0.4113398818897638
11
0.7222834645669292
21
0.4626797637795276
0
LINE
8
BLACK
6
CONTINUOUS
10
0.7222834645669292
20
0.4626797637795276
11
0.7222834645669292
21
0.5103517322834645
0
LINE
8
BLACK
6
CONTINUOUS
10
0.7222834645669292
20
0.5103517322834645
11
0.7085964173228346
21
0.5240387795275591
0
LINE
8
BLACK
6
CONTINUOUS
10
0.7085964173228346
20
0.5240387795275591
11
0.705511811023622
21
0.5234251968503937
0
LINE
8
BLACK
6
CONTINUOUS
10
0.705511811023622
20
0.5234251968503937
11
0.6858267716535433
21
0.5234251968503937
0
LINE
8
BLACK
6
CONTINUOUS
10
0.6858267716535433
20
0.5234251968503937
11
0.6824368503937007
21
0.5240994881889763
0
LINE
8
BLACK
6
CONTINUOUS
10
0.6824368503937007
20
0.5240994881889763
11
0.679563031496063
21
0.5260197244094488
0
LINE
8
BLACK
6
CONTINUOUS
10
0.679563031496063
20
0.5260197244094488
11
0.6776427952755906
21
0.5288935433070866
0
LINE
8
BLACK
6
CONTINUOUS
10
0.6776427952755906
20
0.5288935433070866
11
0.6769685039370078
21
0.5322834645669291
0
LINE
8
BLACK
6
CONTINUOUS
10
0.6769685039370078
20
0.5322834645669291
11
0.6769685039370078
21
0.5499999999999999
0
LINE
8
BLACK
6
CONTINUOUS
10
0.6769685039370078
20
0.5499999999999999
11
0.6776427952755906
21
0.5533899212598425
0
LINE
8
BLACK
6
CONTINUOUS
10
0.6776427952755906
20
0.5533899212598425
11
0.679563031496063
21
0.5562637401574803
0
LINE
8
BLACK
6
CONTINUOUS
10
0.679563031496063
20
0.5562637401574803
11
0.6808358661417323
21
0.5571142913385827
0
LINE
8
BLACK
6
CONTINUOUS
10
0.6808358661417323
20
0.5571142913385827
11
0.6707467322834646
21
0.5672034251968504
0
LINE
8
BLACK
6
CONTINUOUS
10
0.6707467322834646
20
0.5672034251968504
11
0.6703795275590551
21
0.5676508661417323
0
LINE
8
BLACK
6
CONTINUOUS
10
0.6703795275590551
20
0.5676508661417323
11
0.6699386220472441
21
0.5687153149606299
0
LINE
8
BLACK
6
CONTINUOUS
10
0.6699386220472441
20
0.5687153149606299
11
0.6698818897637795
21
0.5692913385826771
0
LINE
8
BLACK
6
CONTINUOUS
10
0.6698818897637795
20
0.5692913385826771
11
0.6698818897637795
21
1.3826771653543306
0
LINE
8
BLACK
6
CONTINUOUS
10
0.6698818897637795
20
1.3826771653543306
11
0.6699386220472441
21
1.3832532283464567
0
LINE
8
BLACK
6
CONTINUOUS
10
0.6699386220472441
20
1.3832532283464567
11
0.6703795275590551
21
1.3843176377952755
0
LINE
8
BLACK
6
CONTINUOUS
10
0.6703795275590551
20
1.3843176377952755
11
0.6707467322834646
21
1.3847650787401575
0
LINE
8
BLACK
6
CONTINUOUS
10
0.6707467322834646
20
1.3847650787401575
11
0.6831047637795276
21
1.3971231496062992
0
LINE
8
BLACK
6
CONTINUOUS
10
0.6831047637795276
20
1.3971231496062992
11
0.6815137007874016
21
1.3998790157480314
0
LINE
8
BLACK
6
CONTINUOUS
10
0.6815137007874016
20
1.3998790157480314
11
0.6804496850393701
21
1.40385
0
LINE
8
BLACK
6
CONTINUOUS
10
0.6804496850393701
20
1.40385
11
0.6804496850393701
21
1.4079610236220472
0
LINE
8
BLACK
6
CONTINUOUS
10
0.6804496850393701
20
1.4079610236220472
11
0.6815137007874016
21
1.4119320078740156
0
LINE
8
BLACK
6
CONTINUOUS
10
0.6815137007874016
20
1.4119320078740156
11
0.6831047637795276
21
1.4146879133858268
0
LINE
8
BLACK
6
CONTINUOUS
10
0.6831047637795276
20
1.4146879133858268
11
0.6707467322834646
21
1.4270459448818897
0
LINE
8
BLACK
6
CONTINUOUS
10
0.6707467322834646
20
1.4270459448818897
11
0.6703795275590551
21
1.4274933858267715
0
LINE
8
BLACK
6
CONTINUOUS
10
0.6703795275590551
20
1.4274933858267715
11
0.6699386220472441
21
1.4285578346456693
0
LINE
8
BLACK
6
CONTINUOUS
10
0.6699386220472441
20
1.4285578346456693
11
0.6698818897637795
21
1.4291338582677164
0
LINE
8
BLACK
6
CONTINUOUS
10
0.6698818897637795
20
1.4291338582677164
11
0.6698818897637795
21
1.7814960629921259
0
LINE
8
BLACK
6
CONTINUOUS
10
0.6698818897637795
20
1.7814960629921259
11
0.6699386220472441
21
1.782072125984252
0
LINE
8
BLACK
6
CONTINUOUS
10
0.6699386220472441
20
1.782072125984252
11
0.6703795275590551
21
1.7831365354330708
0
LINE
8
BLACK
6
CONTINUOUS
10
0.6703795275590551
20
1.7831365354330708
11
0.6707467322834646
21
1.7835839763779526
0
LINE
8
BLACK
6
CONTINUOUS
10
0.6707467322834646
20
1.7835839763779526
11
0.7561798031496063
21
1.8690170472440943
0
LINE
8
BLACK
6
CONTINUOUS
10
0.7561798031496063
20
1.8690170472440943
11
0.7566272440944882
21
1.869384251968504
0
LINE
8
BLACK
6
CONTINUOUS
10
0.7566272440944882
20
1.869384251968504
11
0.757691653543307
21
1.8698251574803149
0
LINE
8
BLACK
6
CONTINUOUS
10
0.757691653543307
20
1.8698251574803149
11
0.758267716535433
21
1.8698818897637794
0
LINE
8
BLACK
6
CONTINUOUS
10
0.758267716535433
20
1.8698818897637794
11
0.8349974015748032
21
1.8698818897637794
0
LINE
8
BLACK
6
CONTINUOUS
10
0.8349974015748032
20
1.8698818897637794
11
0.863461968503937
21
1.8983464566929134
0
LINE
8
BLACK
6
CONTINUOUS
10
0.863461968503937
20
1.8983464566929134
11
0.859763779527559
21
1.8983464566929134
0
LINE
8
BLACK
6
CONTINUOUS
10
0.859763779527559
20
1.8983464566929134
11
0.859763779527559
21
1.9583464566929134
0
LINE
8
BLACK
6
CONTINUOUS
10
0.859763779527559
20
1.9583464566929134
11
0.8868110236220472
21
1.9583464566929134
0
LINE
8
BLACK
6
CONTINUOUS
10
0.8868110236220472
20
1.9583464566929134
11
0.8868110236220472
21
1.9983464566929134
0
LINE
8
BLACK
6
CONTINUOUS
10
0.8868110236220472
20
1.9983464566929134
11
0.859763779527559
21
1.9983464566929134
0
LINE
8
BLACK
6
CONTINUOUS
10
0.859763779527559
20
1.9983464566929134
11
0.859763779527559
21
2.0583464566929135
0
LINE
8
BLACK
6
CONTINUOUS
10
0.859763779527559
20
2.0583464566929135
11
0.9197637795275591
21
2.0583464566929135
0
LINE
8
BLACK
6
CONTINUOUS
10
0.9197637795275591
20
2.0583464566929135
11
0.9197637795275591
21
1.9983464566929134
0
LINE
8
BLACK
6
CONTINUOUS
10
0.5362204724409448
20
0.3570866141732283
11
0.5263779527559055
21
0.3570866141732283
0
LINE
8
BLACK
6
CONTINUOUS
10
0.5263779527559055
20
0.3570866141732283
11
0.5263779527559055
21
0.3807086614173228
0
LINE
8
BLACK
6
CONTINUOUS
10
0.5263779527559055
20
0.3807086614173228
11
0.5362204724409448
21
0.3807086614173228
0
LINE
8
BLACK
6
CONTINUOUS
10
0.5362204724409448
20
0.3807086614173228
11
0.5362204724409448
21
0.3570866141732283
0
LINE
8
BLACK
6
CONTINUOUS
10
0.3648583858267717
20
1.1141174015748032
11
0.3667742519685039
21
1.1128372440944883
0
LINE
8
BLACK
6
CONTINUOUS
10
0.3667742519685039
20
1.1128372440944883
11
0.3680544094488189
21
1.1109213779527558
0
LINE
8
BLACK
6
CONTINUOUS
10
0.3680544094488189
20
1.1109213779527558
11
0.368503937007874
21
1.1086614173228346
0
LINE
8
BLACK
6
CONTINUOUS
10
0.368503937007874
20
1.1086614173228346
11
0.368503937007874
21
1.0968503937007874
0
LINE
8
BLACK
6
CONTINUOUS
10
0.368503937007874
20
1.0968503937007874
11
0.3680544094488189
21
1.094590433070866
0
LINE
8
BLACK
6
CONTINUOUS
10
0.3680544094488189
20
1.094590433070866
11
0.3667742519685039
21
1.0926745669291338
0
LINE
8
BLACK
6
CONTINUOUS
10
0.3667742519685039
20
1.0926745669291338
11
0.3648583858267717
21
1.0913944094488188
0
LINE
8
BLACK
6
CONTINUOUS
10
0.3648583858267717
20
1.0913944094488188
11
0.3625984251968504
21
1.0909448818897638
0
LINE
8
BLACK
6
CONTINUOUS
10
0.3625984251968504
20
1.0909448818897638
11
0.334786062992126
21
1.0909448818897638
0
LINE
8
BLACK
6
CONTINUOUS
10
0.334786062992126
20
1.0909448818897638
11
0.327755905511811
21
1.0839147244094487
0
LINE
8
BLACK
6
CONTINUOUS
10
0.327755905511811
20
1.0839147244094487
11
0.327755905511811
21
1.0108267716535433
0
LINE
8
BLACK
6
CONTINUOUS
10
0.327755905511811
20
1.0108267716535433
11
0.3326771653543307
21
1.0108267716535433
0
LINE
8
BLACK
6
CONTINUOUS
10
0.3326771653543307
20
1.0108267716535433
11
0.3356904330708662
21
1.0102274015748032
0
LINE
8
BLACK
6
CONTINUOUS
10
0.3356904330708662
20
1.0102274015748032
11
0.3382449212598425
21
1.0085205118110236
0
LINE
8
BLACK
6
CONTINUOUS
10
0.3382449212598425
20
1.0085205118110236
11
0.339951811023622
21
1.0059660236220471
0
LINE
8
BLACK
6
CONTINUOUS
10
0.339951811023622
20
1.0059660236220471
11
0.3405511811023622
21
1.0029527559055118
0
LINE
8
BLACK
6
CONTINUOUS
10
0.3405511811023622
20
1.0029527559055118
11
0.3405511811023622
21
0.9950787401574803
0
LINE
8
BLACK
6
CONTINUOUS
10
0.3405511811023622
20
0.9950787401574803
11
0.5289370078740158
21
0.9950787401574803
0
LINE
8
BLACK
6
CONTINUOUS
10
0.5289370078740158
20
0.9950787401574803
11
0.5289370078740158
21
0.9994094488188976
0
LINE
8
BLACK
6
CONTINUOUS
10
0.5289370078740158
20
0.9994094488188976
11
0.5295363779527559
21
1.0024227165354331
0
LINE
8
BLACK
6
CONTINUOUS
10
0.5295363779527559
20
1.0024227165354331
11
0.5312432677165354
21
1.0049772047244094
0
LINE
8
BLACK
6
CONTINUOUS
10
0.5312432677165354
20
1.0049772047244094
11
0.5337977559055118
21
1.006684094488189
0
LINE
8
BLACK
6
CONTINUOUS
10
0.5337977559055118
20
1.006684094488189
11
0.5368110236220472
21
1.0072834645669291
0
LINE
8
BLACK
6
CONTINUOUS
10
0.5368110236220472
20
1.0072834645669291
11
0.5584645669291338
21
1.0072834645669291
0
LINE
8
BLACK
6
CONTINUOUS
10
0.5584645669291338
20
1.0072834645669291
11
0.5614778346456692
21
1.006684094488189
0
LINE
8
BLACK
6
CONTINUOUS
10
0.5614778346456692
20
1.006684094488189
11
0.5640323228346457
21
1.0049772047244094
0
LINE
8
BLACK
6
CONTINUOUS
10
0.5640323228346457
20
1.0049772047244094
11
0.5657392125984252
21
1.0024227165354331
0
LINE
8
BLACK
6
CONTINUOUS
10
0.5657392125984252
20
1.0024227165354331
11
0.5663385826771653
21
0.9994094488188976
0
LINE
8
BLACK
6
CONTINUOUS
10
0.5663385826771653
20
0.9994094488188976
11
0.5663385826771653
21
0.9836614173228346
0
LINE
8
BLACK
6
CONTINUOUS
10
0.5663385826771653
20
0.9836614173228346
11
0.5657392125984252
21
0.9806481496062992
0
LINE
8
BLACK
6
CONTINUOUS
10
0.5657392125984252
20
0.9806481496062992
11
0.5640323228346457
21
0.9780936614173228
0
LINE
8
BLACK
6
CONTINUOUS
10
0.5640323228346457
20
0.9780936614173228
11
0.5614778346456692
21
0.9763867716535433
0
LINE
8
BLACK
6
CONTINUOUS
10
0.5614778346456692
20
0.9763867716535433
11
0.5584645669291338
21
0.9757874015748031
0
LINE
8
BLACK
6
CONTINUOUS
10
0.5584645669291338
20
0.9757874015748031
11
0.5505905511811023
21
0.9757874015748031
0
LINE
8
BLACK
6
CONTINUOUS
10
0.5505905511811023
20
0.9757874015748031
11
0.5505905511811023
21
0.9653962992125984
0
LINE
8
BLACK
6
CONTINUOUS
10
0.5505905511811023
20
0.9653962992125984
11
0.5650800393700788
21
0.9509068110236221
0
LINE
8
BLACK
6
CONTINUOUS
10
0.5650800393700788
20
0.9509068110236221
11
0.5654472440944882
21
0.9504593700787402
0
LINE
8
BLACK
6
CONTINUOUS
10
0.5654472440944882
20
0.9504593700787402
11
0.5658881496062992
21
0.9493949212598425
0
LINE
8
BLACK
6
CONTINUOUS
10
0.5658881496062992
20
0.9493949212598425
11
0.5658881496062992
21
0.9482428346456693
0
LINE
8
BLACK
6
CONTINUOUS
10
0.5658881496062992
20
0.9482428346456693
11
0.5655511811023622
21
0.9474293700787402
0
LINE
8
BLACK
6
CONTINUOUS
10
0.5655511811023622
20
0.9474293700787402
11
0.5655511811023622
21
0.4023622047244094
0
LINE
8
BLACK
6
CONTINUOUS
10
0.5655511811023622
20
0.4023622047244094
11
0.5654944488188977
21
0.4017861417322834
0
LINE
8
BLACK
6
CONTINUOUS
10
0.5654944488188977
20
0.4017861417322834
11
0.5650535433070866
21
0.4007217322834646
0
LINE
8
BLACK
6
CONTINUOUS
10
0.5650535433070866
20
0.4007217322834646
11
0.5646863385826771
21
0.4002742913385827
0
LINE
8
BLACK
6
CONTINUOUS
10
0.5646863385826771
20
0.4002742913385827
11
0.5499999999999999
21
0.3855879527559055
0
LINE
8
BLACK
6
CONTINUOUS
10
0.5499999999999999
20
0.3855879527559055
11
0.5499999999999999
21
0.3807086614173228
0
LINE
8
BLACK
6
CONTINUOUS
10
0.5499999999999999
20
0.3807086614173228
11
0.5519685039370079
21
0.3807086614173228
0
LINE
8
BLACK
6
CONTINUOUS
10
0.5519685039370079
20
0.3807086614173228
11
0.5519685039370079
21
0.3570866141732283
0
LINE
8
BLACK
6
CONTINUOUS
10
0.5519685039370079
20
0.3570866141732283
11
0.5421259842519685
21
0.3570866141732283
0
LINE
8
BLACK
6
CONTINUOUS
10
0.5421259842519685
20
0.3570866141732283
11
0.5421259842519685
21
0.3807086614173228
0
LINE
8
BLACK
6
CONTINUOUS
10
0.5421259842519685
20
0.3807086614173228
11
0.5440944881889763
21
0.3807086614173228
0
LINE
8
BLACK
6
CONTINUOUS
10
0.5440944881889763
20
0.3807086614173228
11
0.5440944881889763
21
0.3868110236220472
0
LINE
8
BLACK
6
CONTINUOUS
10
0.5440944881889763
20
0.3868110236220472
11
0.5441512204724409
21
0.3873870866141732
0
LINE
8
BLACK
6
CONTINUOUS
10
0.5441512204724409
20
0.3873870866141732
11
0.544592125984252
21
0.3884514960629921
0
LINE
8
BLACK
6
CONTINUOUS
10
0.544592125984252
20
0.3884514960629921
11
0.5449593307086614
21
0.388898937007874
0
LINE
8
BLACK
6
CONTINUOUS
10
0.5449593307086614
20
0.388898937007874
11
0.5596456692913385
21
0.4035852755905512
0
LINE
8
BLACK
6
CONTINUOUS
10
0.5596456692913385
20
0.4035852755905512
11
0.5596456692913385
21
0.9479895275590551
0
LINE
8
BLACK
6
CONTINUOUS
10
0.5596456692913385
20
0.9479895275590551
11
0.5455498818897637
21
0.9620853149606299
0
LINE
8
BLACK
6
CONTINUOUS
10
0.5455498818897637
20
0.9620853149606299
11
0.5451826771653543
21
0.9625327559055118
0
LINE
8
BLACK
6
CONTINUOUS
10
0.5451826771653543
20
0.9625327559055118
11
0.5447417716535433
21
0.9635972047244095
0
LINE
8
BLACK
6
CONTINUOUS
10
0.5447417716535433
20
0.9635972047244095
11
0.5446850393700787
21
0.9641732283464567
0
LINE
8
BLACK
6
CONTINUOUS
10
0.5446850393700787
20
0.9641732283464567
11
0.5446850393700787
21
0.9757874015748031
0
LINE
8
BLACK
6
CONTINUOUS
10
0.5446850393700787
20
0.9757874015748031
11
0.5368110236220472
21
0.9757874015748031
0
LINE
8
BLACK
6
CONTINUOUS
10
0.5368110236220472
20
0.9757874015748031
11
0.5337977559055118
21
0.9763867716535433
0
LINE
8
BLACK
6
CONTINUOUS
10
0.5337977559055118
20
0.9763867716535433
11
0.5312432677165354
21
0.9780936614173228
0
LINE
8
BLACK
6
CONTINUOUS
10
0.5312432677165354
20
0.9780936614173228
11
0.5295363779527559
21
0.9806481496062992
0
LINE
8
BLACK
6
CONTINUOUS
10
0.5295363779527559
20
0.9806481496062992
11
0.5289370078740158
21
0.9836614173228346
0
LINE
8
BLACK
6
CONTINUOUS
10
0.5289370078740158
20
0.9836614173228346
11
0.5289370078740158
21
0.9891732283464567
0
LINE
8
BLACK
6
CONTINUOUS
10
0.5289370078740158
20
0.9891732283464567
11
0.3405511811023622
21
0.9891732283464567
0
LINE
8
BLACK
6
CONTINUOUS
10
0.3405511811023622
20
0.9891732283464567
11
0.3405511811023622
21
0.9812992125984251
0
LINE
8
BLACK
6
CONTINUOUS
10
0.3405511811023622
20
0.9812992125984251
11
0.339951811023622
21
0.9782859448818897
0
LINE
8
BLACK
6
CONTINUOUS
10
0.339951811023622
20
0.9782859448818897
11
0.3382449212598425
21
0.9757314566929134
0
LINE
8
BLACK
6
CONTINUOUS
10
0.3382449212598425
20
0.9757314566929134
11
0.3356904330708662
21
0.9740245669291339
0
LINE
8
BLACK
6
CONTINUOUS
10
0.3356904330708662
20
0.9740245669291339
11
0.3326771653543307
21
0.9734251968503936
0
LINE
8
BLACK
6
CONTINUOUS
10
0.3326771653543307
20
0.9734251968503936
11
0.3169291338582677
21
0.9734251968503936
0
LINE
8
BLACK
6
CONTINUOUS
10
0.3169291338582677
20
0.9734251968503936
11
0.3139158661417323
21
0.9740245669291339
0
LINE
8
BLACK
6
CONTINUOUS
10
0.3139158661417323
20
0.9740245669291339
11
0.3113613779527559
21
0.9757314566929134
0
LINE
8
BLACK
6
CONTINUOUS
10
0.3113613779527559
20
0.9757314566929134
11
0.3096544881889764
21
0.9782859448818897
0
LINE
8
BLACK
6
CONTINUOUS
10
0.3096544881889764
20
0.9782859448818897
11
0.3090551181102362
21
0.9812992125984251
0
LINE
8
BLACK
6
CONTINUOUS
10
0.3090551181102362
20
0.9812992125984251
11
0.3090551181102362
21
1.0029527559055118
0
LINE
8
BLACK
6
CONTINUOUS
10
0.3090551181102362
20
1.0029527559055118
11
0.3096544881889764
21
1.0059660236220471
0
LINE
8
BLACK
6
CONTINUOUS
10
0.3096544881889764
20
1.0059660236220471
11
0.3113613779527559
21
1.0085205118110236
0
LINE
8
BLACK
6
CONTINUOUS
10
0.3113613779527559
20
1.0085205118110236
11
0.3139158661417323
21
1.0102274015748032
0
LINE
8
BLACK
6
CONTINUOUS
10
0.3139158661417323
20
1.0102274015748032
11
0.3169291338582677
21
1.0108267716535433
0
LINE
8
BLACK
6
CONTINUOUS
10
0.3169291338582677
20
1.0108267716535433
11
0.3218503937007874
21
1.0108267716535433
0
LINE
8
BLACK
6
CONTINUOUS
10
0.3218503937007874
20
1.0108267716535433
11
0.3218503937007874
21
1.0851377952755905
0
LINE
8
BLACK
6
CONTINUOUS
10
0.3218503937007874
20
1.0851377952755905
11
0.321907125984252
21
1.0857138582677166
0
LINE
8
BLACK
6
CONTINUOUS
10
0.321907125984252
20
1.0857138582677166
11
0.322348031496063
21
1.0867782677165354
0
LINE
8
BLACK
6
CONTINUOUS
10
0.322348031496063
20
1.0867782677165354
11
0.3227152362204724
21
1.0872257086614172
0
LINE
8
BLACK
6
CONTINUOUS
10
0.3227152362204724
20
1.0872257086614172
11
0.3264344094488189
21
1.0909448818897638
0
LINE
8
BLACK
6
CONTINUOUS
10
0.3264344094488189
20
1.0909448818897638
11
0.322244094488189
21
1.0909448818897638
0
LINE
8
BLACK
6
CONTINUOUS
10
0.322244094488189
20
1.0909448818897638
11
0.3199841338582677
21
1.0913944094488188
0
LINE
8
BLACK
6
CONTINUOUS
10
0.3199841338582677
20
1.0913944094488188
11
0.3180682677165354
21
1.0926745669291338
0
LINE
8
BLACK
6
CONTINUOUS
10
0.3180682677165354
20
1.0926745669291338
11
0.3167881102362204
21
1.094590433070866
0
LINE
8
BLACK
6
CONTINUOUS
10
0.3167881102362204
20
1.094590433070866
11
0.3163385826771654
21
1.0968503937007874
0
LINE
8
BLACK
6
CONTINUOUS
10
0.3163385826771654
20
1.0968503937007874
11
0.3163385826771654
21
1.1086614173228346
0
LINE
8
BLACK
6
CONTINUOUS
10
0.3163385826771654
20
1.1086614173228346
11
0.3167881102362204
21
1.1109213779527558
0
LINE
8
BLACK
6
CONTINUOUS
10
0.3167881102362204
20
1.1109213779527558
11
0.3180682677165354
21
1.1128372440944883
0
LINE
8
BLACK
6
CONTINUOUS
10
0.3180682677165354
20
1.1128372440944883
11
0.3199841338582677
21
1.1141174015748032
0
LINE
8
BLACK
6
CONTINUOUS
10
0.3199841338582677
20
1.1141174015748032
11
0.322244094488189
21
1.1145669291338582
0
LINE
8
BLACK
6
CONTINUOUS
10
0.322244094488189
20
1.1145669291338582
11
0.3625984251968504
21
1.1145669291338582
0
LINE
8
BLACK
6
CONTINUOUS
10
0.3625984251968504
20
1.1145669291338582
11
0.3648583858267717
21
1.1141174015748032
0
LINE
8
BLACK
6
CONTINUOUS
10
0.2752914566929134
20
1.1141174015748032
11
0.2772073228346457
21
1.1128372440944883
0
LINE
8
BLACK
6
CONTINUOUS
10
0.2772073228346457
20
1.1128372440944883
11
0.2784874803149606
21
1.1109213779527558
0
LINE
8
BLACK
6
CONTINUOUS
10
0.2784874803149606
20
1.1109213779527558
11
0.2789370078740158
21
1.1086614173228346
0
LINE
8
BLACK
6
CONTINUOUS
10
0.2789370078740158
20
1.1086614173228346
11
0.2789370078740158
21
1.0968503937007874
0
LINE
8
BLACK
6
CONTINUOUS
10
0.2789370078740158
20
1.0968503937007874
11
0.2784874803149606
21
1.094590433070866
0
LINE
8
BLACK
6
CONTINUOUS
10
0.2784874803149606
20
1.094590433070866
11
0.2772073228346457
21
1.0926745669291338
0
LINE
8
BLACK
6
CONTINUOUS
10
0.2772073228346457
20
1.0926745669291338
11
0.2752914566929134
21
1.0913944094488188
0
LINE
8
BLACK
6
CONTINUOUS
10
0.2752914566929134
20
1.0913944094488188
11
0.2730314960629921
21
1.0909448818897638
0
LINE
8
BLACK
6
CONTINUOUS
10
0.2730314960629921
20
1.0909448818897638
11
0.2558070866141732
21
1.0909448818897638
0
LINE
8
BLACK
6
CONTINUOUS
10
0.2558070866141732
20
1.0909448818897638
11
0.2558070866141732
21
1.0108267716535433
0
LINE
8
BLACK
6
CONTINUOUS
10
0.2558070866141732
20
1.0108267716535433
11
0.2677165354330708
21
1.0108267716535433
0
LINE
8
BLACK
6
CONTINUOUS
10
0.2677165354330708
20
1.0108267716535433
11
0.2707298031496063
21
1.0102274015748032
0
LINE
8
BLACK
6
CONTINUOUS
10
0.2707298031496063
20
1.0102274015748032
11
0.2732842913385827
21
1.0085205118110236
0
LINE
8
BLACK
6
CONTINUOUS
10
0.2732842913385827
20
1.0085205118110236
11
0.2749911811023622
21
1.0059660236220471
0
LINE
8
BLACK
6
CONTINUOUS
10
0.2749911811023622
20
1.0059660236220471
11
0.2755905511811024
21
1.0029527559055118
0
LINE
8
BLACK
6
CONTINUOUS
10
0.2755905511811024
20
1.0029527559055118
11
0.2755905511811024
21
0.9812992125984251
0
LINE
8
BLACK
6
CONTINUOUS
10
0.2755905511811024
20
0.9812992125984251
11
0.2749911811023622
21
0.9782859448818897
0
LINE
8
BLACK
6
CONTINUOUS
10
0.2749911811023622
20
0.9782859448818897
11
0.2732842913385827
21
0.9757314566929134
0
LINE
8
BLACK
6
CONTINUOUS
10
0.2732842913385827
20
0.9757314566929134
11
0.2707298031496063
21
0.9740245669291339
0
LINE
8
BLACK
6
CONTINUOUS
10
0.2707298031496063
20
0.9740245669291339
11
0.2677165354330708
21
0.9734251968503936
0
LINE
8
BLACK
6
CONTINUOUS
10
0.2677165354330708
20
0.9734251968503936
11
0.2519685039370079
21
0.9734251968503936
0
LINE
8
BLACK
6
CONTINUOUS
10
0.2519685039370079
20
0.9734251968503936
11
0.2489552362204724
21
0.9740245669291339
0
LINE
8
BLACK
6
CONTINUOUS
10
0.2489552362204724
20
0.9740245669291339
11
0.2464007480314961
21
0.9757314566929134
0
LINE
8
BLACK
6
CONTINUOUS
10
0.2464007480314961
20
0.9757314566929134
11
0.2446938582677165
21
0.9782859448818897
0
LINE
8
BLACK
6
CONTINUOUS
10
0.2446938582677165
20
0.9782859448818897
11
0.2440944881889764
21
0.9812992125984251
0
LINE
8
BLACK
6
CONTINUOUS
10
0.2440944881889764
20
0.9812992125984251
11
0.2440944881889764
21
0.9858267716535433
0
LINE
8
BLACK
6
CONTINUOUS
10
0.2440944881889764
20
0.9858267716535433
11
0.1726377952755906
21
0.9858267716535433
0
LINE
8
BLACK
6
CONTINUOUS
10
0.1726377952755906
20
0.9858267716535433
11
0.1726377952755906
21
0.9799212598425197
0
LINE
8
BLACK
6
CONTINUOUS
10
0.1726377952755906
20
0.9799212598425197
11
0.1719635039370079
21
0.9765313385826772
0
LINE
8
BLACK
6
CONTINUOUS
10
0.1719635039370079
20
0.9765313385826772
11
0.1700432677165354
21
0.9736575196850393
0
LINE
8
BLACK
6
CONTINUOUS
10
0.1700432677165354
20
0.9736575196850393
11
0.1671694488188976
21
0.9717372834645669
0
LINE
8
BLACK
6
CONTINUOUS
10
0.1671694488188976
20
0.9717372834645669
11
0.1637795275590551
21
0.9710629921259842
0
LINE
8
BLACK
6
CONTINUOUS
10
0.1637795275590551
20
0.9710629921259842
11
0.1440944881889764
21
0.9710629921259842
0
LINE
8
BLACK
6
CONTINUOUS
10
0.1440944881889764
20
0.9710629921259842
11
0.1407045669291339
21
0.9717372834645669
0
LINE
8
BLACK
6
CONTINUOUS
10
0.1407045669291339
20
0.9717372834645669
11
0.1378307480314961
21
0.9736575196850393
0
LINE
8
BLACK
6
CONTINUOUS
10
0.1378307480314961
20
0.9736575196850393
11
0.1359105118110236
21
0.9765313385826772
0
LINE
8
BLACK
6
CONTINUOUS
10
0.1359105118110236
20
0.9765313385826772
11
0.1352362204724409
21
0.9799212598425197
0
LINE
8
BLACK
6
CONTINUOUS
10
0.1352362204724409
20
0.9799212598425197
11
0.1352362204724409
21
0.9976377952755905
0
LINE
8
BLACK
6
CONTINUOUS
10
0.1352362204724409
20
0.9976377952755905
11
0.1359105118110236
21
1.0010277165354331
0
LINE
8
BLACK
6
CONTINUOUS
10
0.1359105118110236
20
1.0010277165354331
11
0.1378307480314961
21
1.0039015354330709
0
LINE
8
BLACK
6
CONTINUOUS
10
0.1378307480314961
20
1.0039015354330709
11
0.1407045669291339
21
1.0058217716535434
0
LINE
8
BLACK
6
CONTINUOUS
10
0.1407045669291339
20
1.0058217716535434
11
0.1440944881889764
21
1.006496062992126
0
LINE
8
BLACK
6
CONTINUOUS
10
0.1440944881889764
20
1.006496062992126
11
0.1637795275590551
21
1.006496062992126
0
LINE
8
BLACK
6
CONTINUOUS
10
0.1637795275590551
20
1.006496062992126
11
0.1671694488188976
21
1.0058217716535434
0
LINE
8
BLACK
6
CONTINUOUS
10
0.1671694488188976
20
1.0058217716535434
11
0.1700432677165354
21
1.0039015354330709
0
LINE
8
BLACK
6
CONTINUOUS
10
0.1700432677165354
20
1.0039015354330709
11
0.1719635039370079
21
1.0010277165354331
0
LINE
8
BLACK
6
CONTINUOUS
10
0.1719635039370079
20
1.0010277165354331
11
0.1726377952755906
21
0.9976377952755905
0
LINE
8
BLACK
6
CONTINUOUS
10
0.1726377952755906
20
0.9976377952755905
11
0.1726377952755906
21
0.9917322834645669
0
LINE
8
BLACK
6
CONTINUOUS
10
0.1726377952755906
20
0.9917322834645669
11
0.2440944881889764
21
0.9917322834645669
0
LINE
8
BLACK
6
CONTINUOUS
10
0.2440944881889764
20
0.9917322834645669
11
0.2440944881889764
21
1.0029527559055118
0
LINE
8
BLACK
6
CONTINUOUS
10
0.2440944881889764
20
1.0029527559055118
11
0.2446938582677165
21
1.0059660236220471
0
LINE
8
BLACK
6
CONTINUOUS
10
0.2446938582677165
20
1.0059660236220471
11
0.2464007480314961
21
1.0085205118110236
0
LINE
8
BLACK
6
CONTINUOUS
10
0.2464007480314961
20
1.0085205118110236
11
0.2489552362204724
21
1.0102274015748032
0
LINE
8
BLACK
6
CONTINUOUS
10
0.2489552362204724
20
1.0102274015748032
11
0.2499015748031496
21
1.0104156692913386
0
LINE
8
BLACK
6
CONTINUOUS
10
0.2499015748031496
20
1.0104156692913386
11
0.2499015748031496
21
1.0909448818897638
0
LINE
8
BLACK
6
CONTINUOUS
10
0.2499015748031496
20
1.0909448818897638
11
0.2326771653543307
21
1.0909448818897638
0
LINE
8
BLACK
6
CONTINUOUS
10
0.2326771653543307
20
1.0909448818897638
11
0.2304172047244094
21
1.0913944094488188
0
LINE
8
BLACK
6
CONTINUOUS
10
0.2304172047244094
20
1.0913944094488188
11
0.2285013385826772
21
1.0926745669291338
0
LINE
8
BLACK
6
CONTINUOUS
10
0.2285013385826772
20
1.0926745669291338
11
0.2272211811023622
21
1.094590433070866
0
LINE
8
BLACK
6
CONTINUOUS
10
0.2272211811023622
20
1.094590433070866
11
0.2267716535433071
21
1.0968503937007874
0
LINE
8
BLACK
6
CONTINUOUS
10
0.2267716535433071
20
1.0968503937007874
11
0.2267716535433071
21
1.1086614173228346
0
LINE
8
BLACK
6
CONTINUOUS
10
0.2267716535433071
20
1.1086614173228346
11
0.2272211811023622
21
1.1109213779527558
0
LINE
8
BLACK
6
CONTINUOUS
10
0.2272211811023622
20
1.1109213779527558
11
0.2285013385826772
21
1.1128372440944883
0
LINE
8
BLACK
6
CONTINUOUS
10
0.2285013385826772
20
1.1128372440944883
11
0.2304172047244094
21
1.1141174015748032
0
LINE
8
BLACK
6
CONTINUOUS
10
0.2304172047244094
20
1.1141174015748032
11
0.2326771653543307
21
1.1145669291338582
0
LINE
8
BLACK
6
CONTINUOUS
10
0.2326771653543307
20
1.1145669291338582
11
0.2730314960629921
21
1.1145669291338582
0
LINE
8
BLACK
6
CONTINUOUS
10
0.2730314960629921
20
1.1145669291338582
11
0.2752914566929134
21
1.1141174015748032
0
LINE
8
BLACK
6
CONTINUOUS
10
0.4197637795275591
20
1.9983464566929134
11
0.3927165354330708
21
1.9983464566929134
0
LINE
8
BLACK
6
CONTINUOUS
10
0.3927165354330708
20
1.9983464566929134
11
0.3927165354330708
21
1.9583464566929134
0
LINE
8
BLACK
6
CONTINUOUS
10
0.3927165354330708
20
1.9583464566929134
11
0.4197637795275591
21
1.9583464566929134
0
LINE
8
BLACK
6
CONTINUOUS
10
0.4197637795275591
20
1.9583464566929134
11
0.4197637795275591
21
1.8983464566929134
0
LINE
8
BLACK
6
CONTINUOUS
10
0.4197637795275591
20
1.8983464566929134
11
0.4117348818897638
21
1.8983464566929134
0
LINE
8
BLACK
6
CONTINUOUS
10
0.4117348818897638
20
1.8983464566929134
11
0.5497257086614173
21
1.7603556299212597
0
LINE
8
BLACK
6
CONTINUOUS
10
0.5497257086614173
20
1.7603556299212597
11
0.5654737401574803
21
1.7446075984251967
0
LINE
8
BLACK
6
CONTINUOUS
10
0.5654737401574803
20
1.7446075984251967
11
0.5658409448818897
21
1.7441601574803149
0
LINE
8
BLACK
6
CONTINUOUS
10
0.5658409448818897
20
1.7441601574803149
11
0.5662818503937008
21
1.7430957480314959
0
LINE
8
BLACK
6
CONTINUOUS
10
0.5662818503937008
20
1.7430957480314959
11
0.5663385826771653
21
1.74251968503937
0
LINE
8
BLACK
6
CONTINUOUS
10
0.5663385826771653
20
1.74251968503937
11
0.5663385826771653
21
1.1082677165354331
0
LINE
8
BLACK
6
CONTINUOUS
10
0.5663385826771653
20
1.1082677165354331
11
0.5662818503937008
21
1.107691653543307
0
LINE
8
BLACK
6
CONTINUOUS
10
0.5662818503937008
20
1.107691653543307
11
0.5658409448818897
21
1.1066272440944882
0
LINE
8
BLACK
6
CONTINUOUS
10
0.5658409448818897
20
1.1066272440944882
11
0.5654737401574803
21
1.1061798031496062
0
LINE
8
BLACK
6
CONTINUOUS
10
0.5654737401574803
20
1.1061798031496062
11
0.5505905511811023
21
1.0912966141732283
0
LINE
8
BLACK
6
CONTINUOUS
10
0.5505905511811023
20
1.0912966141732283
11
0.5505905511811023
21
1.072244094488189
0
LINE
8
BLACK
6
CONTINUOUS
10
0.5505905511811023
20
1.072244094488189
11
0.5584645669291338
21
1.072244094488189
0
LINE
8
BLACK
6
CONTINUOUS
10
0.5584645669291338
20
1.072244094488189
11
0.5614778346456692
21
1.0716447244094487
0
LINE
8
BLACK
6
CONTINUOUS
10
0.5614778346456692
20
1.0716447244094487
11
0.5640323228346457
21
1.0699378346456692
0
LINE
8
BLACK
6
CONTINUOUS
10
0.5640323228346457
20
1.0699378346456692
11
0.5657392125984252
21
1.0673833464566929
0
LINE
8
BLACK
6
CONTINUOUS
10
0.5657392125984252
20
1.0673833464566929
11
0.5663385826771653
21
1.0643700787401575
0
LINE
8
BLACK
6
CONTINUOUS
10
0.5663385826771653
20
1.0643700787401575
11
0.5663385826771653
21
1.0486220472440944
0
LINE
8
BLACK
6
CONTINUOUS
10
0.5663385826771653
20
1.0486220472440944
11
0.5657392125984252
21
1.045608779527559
0
LINE
8
BLACK
6
CONTINUOUS
10
0.5657392125984252
20
1.045608779527559
11
0.5640323228346457
21
1.0430542913385827
0
LINE
8
BLACK
6
CONTINUOUS
10
0.5640323228346457
20
1.0430542913385827
11
0.5614778346456692
21
1.0413474015748032
0
LINE
8
BLACK
6
CONTINUOUS
10
0.5614778346456692
20
1.0413474015748032
11
0.5584645669291338
21
1.0407480314960629
0
LINE
8
BLACK
6
CONTINUOUS
10
0.5584645669291338
20
1.0407480314960629
11
0.5368110236220472
21
1.0407480314960629
0
LINE
8
BLACK
6
CONTINUOUS
10
0.5368110236220472
20
1.0407480314960629
11
0.5337977559055118
21
1.0413474015748032
0
LINE
8
BLACK
6
CONTINUOUS
10
0.5337977559055118
20
1.0413474015748032
11
0.5312432677165354
21
1.0430542913385827
0
LINE
8
BLACK
6
CONTINUOUS
10
0.5312432677165354
20
1.0430542913385827
11
0.5295363779527559
21
1.045608779527559
0
LINE
8
BLACK
6
CONTINUOUS
10
0.5295363779527559
20
1.045608779527559
11
0.5289370078740158
21
1.0486220472440944
0
LINE
8
BLACK
6
CONTINUOUS
10
0.5289370078740158
20
1.0486220472440944
11
0.5289370078740158
21
1.0643700787401575
0
LINE
8
BLACK
6
CONTINUOUS
10
0.5289370078740158
20
1.0643700787401575
11
0.5295363779527559
21
1.0673833464566929
0
LINE
8
BLACK
6
CONTINUOUS
10
0.5295363779527559
20
1.0673833464566929
11
0.5312432677165354
21
1.0699378346456692
0
LINE
8
BLACK
6
CONTINUOUS
10
0.5312432677165354
20
1.0699378346456692
11
0.5337977559055118
21
1.0716447244094487
0
LINE
8
BLACK
6
CONTINUOUS
10
0.5337977559055118
20
1.0716447244094487
11
0.5368110236220472
21
1.072244094488189
0
LINE
8
BLACK
6
CONTINUOUS
10
0.5368110236220472
20
1.072244094488189
11
0.5446850393700787
21
1.072244094488189
0
LINE
8
BLACK
6
CONTINUOUS
10
0.5446850393700787
20
1.072244094488189
11
0.5446850393700787
21
1.0925196850393701
0
LINE
8
BLACK
6
CONTINUOUS
10
0.5446850393700787
20
1.0925196850393701
11
0.5447417716535433
21
1.093095748031496
0
LINE
8
BLACK
6
CONTINUOUS
10
0.5447417716535433
20
1.093095748031496
11
0.5451826771653543
21
1.094160157480315
0
LINE
8
BLACK
6
CONTINUOUS
10
0.5451826771653543
20
1.094160157480315
11
0.5455498818897637
21
1.0946075984251968
0
LINE
8
BLACK
6
CONTINUOUS
10
0.5455498818897637
20
1.0946075984251968
11
0.5604330708661417
21
1.1094907874015747
0
LINE
8
BLACK
6
CONTINUOUS
10
0.5604330708661417
20
1.1094907874015747
11
0.5604330708661417
21
1.5242125984251969
0
LINE
8
BLACK
6
CONTINUOUS
10
0.5604330708661417
20
1.5242125984251969
11
0.3753937007874016
21
1.5242125984251969
0
LINE
8
BLACK
6
CONTINUOUS
10
0.3753937007874016
20
1.5242125984251969
11
0.3753937007874016
21
1.5163385826771654
0
LINE
8
BLACK
6
CONTINUOUS
10
0.3753937007874016
20
1.5163385826771654
11
0.3747943307086614
21
1.5133253149606298
0
LINE
8
BLACK
6
CONTINUOUS
10
0.3747943307086614
20
1.5133253149606298
11
0.3730874409448819
21
1.5107708267716535
0
LINE
8
BLACK
6
CONTINUOUS
10
0.3730874409448819
20
1.5107708267716535
11
0.3705329527559055
21
1.509063937007874
0
LINE
8
BLACK
6
CONTINUOUS
10
0.3705329527559055
20
1.509063937007874
11
0.36751968503937
21
1.5084645669291339
0
LINE
8
BLACK
6
CONTINUOUS
10
0.36751968503937
20
1.5084645669291339
11
0.3517716535433071
21
1.5084645669291339
0
LINE
8
BLACK
6
CONTINUOUS
10
0.3517716535433071
20
1.5084645669291339
11
0.3487583858267717
21
1.509063937007874
0
LINE
8
BLACK
6
CONTINUOUS
10
0.3487583858267717
20
1.509063937007874
11
0.3462038976377952
21
1.5107708267716535
0
LINE
8
BLACK
6
CONTINUOUS
10
0.3462038976377952
20
1.5107708267716535
11
0.3444970078740157
21
1.5133253149606298
0
LINE
8
BLACK
6
CONTINUOUS
10
0.3444970078740157
20
1.5133253149606298
11
0.3438976377952756
21
1.5163385826771654
0
LINE
8
BLACK
6
CONTINUOUS
10
0.3438976377952756
20
1.5163385826771654
11
0.3438976377952756
21
1.5379921259842519
0
LINE
8
BLACK
6
CONTINUOUS
10
0.3438976377952756
20
1.5379921259842519
11
0.3444970078740157
21
1.5410053937007873
0
LINE
8
BLACK
6
CONTINUOUS
10
0.3444970078740157
20
1.5410053937007873
11
0.3462038976377952
21
1.5435598818897638
0
LINE
8
BLACK
6
CONTINUOUS
10
0.3462038976377952
20
1.5435598818897638
11
0.3487583858267717
21
1.5452667716535433
0
LINE
8
BLACK
6
CONTINUOUS
10
0.3487583858267717
20
1.5452667716535433
11
0.3517716535433071
21
1.5458661417322834
0
LINE
8
BLACK
6
CONTINUOUS
10
0.3517716535433071
20
1.5458661417322834
11
0.36751968503937
21
1.5458661417322834
0
LINE
8
BLACK
6
CONTINUOUS
10
0.36751968503937
20
1.5458661417322834
11
0.3705329527559055
21
1.5452667716535433
0
LINE
8
BLACK
6
CONTINUOUS
10
0.3705329527559055
20
1.5452667716535433
11
0.3730874409448819
21
1.5435598818897638
0
LINE
8
BLACK
6
CONTINUOUS
10
0.3730874409448819
20
1.5435598818897638
11
0.3747943307086614
21
1.5410053937007873
0
LINE
8
BLACK
6
CONTINUOUS
10
0.3747943307086614
20
1.5410053937007873
11
0.3753937007874016
21
1.5379921259842519
0
LINE
8
BLACK
6
CONTINUOUS
10
0.3753937007874016
20
1.5379921259842519
11
0.3753937007874016
21
1.5301181102362205
0
LINE
8
BLACK
6
CONTINUOUS
10
0.3753937007874016
20
1.5301181102362205
11
0.5604330708661417
21
1.5301181102362205
0
LINE
8
BLACK
6
CONTINUOUS
10
0.5604330708661417
20
1.5301181102362205
11
0.5604330708661417
21
1.7412966141732282
0
LINE
8
BLACK
6
CONTINUOUS
10
0.5604330708661417
20
1.7412966141732282
11
0.5455498818897637
21
1.7561798031496063
0
LINE
8
BLACK
6
CONTINUOUS
10
0.5455498818897637
20
1.7561798031496063
11
0.4033832283464567
21
1.8983464566929134
0
LINE
8
BLACK
6
CONTINUOUS
10
0.4033832283464567
20
1.8983464566929134
11
0.3597637795275591
21
1.8983464566929134
0
LINE
8
BLACK
6
CONTINUOUS
10
0.3597637795275591
20
1.8983464566929134
11
0.3597637795275591
21
1.9583464566929134
0
LINE
8
BLACK
6
CONTINUOUS
10
0.3597637795275591
20
1.9583464566929134
11
0.3868110236220472
21
1.9583464566929134
0
LINE
8
BLACK
6
CONTINUOUS
10
0.3868110236220472
20
1.9583464566929134
11
0.3868110236220472
21
1.9983464566929134
0
LINE
8
BLACK
6
CONTINUOUS
10
0.3868110236220472
20
1.9983464566929134
11
0.3597637795275591
21
1.9983464566929134
0
LINE
8
BLACK
6
CONTINUOUS
10
0.3597637795275591
20
1.9983464566929134
11
0.3597637795275591
21
2.0583464566929135
0
LINE
8
BLACK
6
CONTINUOUS
10
0.3597637795275591
20
2.0583464566929135
11
0.4197637795275591
21
2.0583464566929135
0
LINE
8
BLACK
6
CONTINUOUS
10
0.4197637795275591
20
2.0583464566929135
11
0.4197637795275591
21
1.9983464566929134
0
LINE
8
BLACK
6
CONTINUOUS
10
0.4552390944881889
20
1.4208485039370078
11
0.4587994094488189
21
1.4187929527559056
0
LINE
8
BLACK
6
CONTINUOUS
10
0.4587994094488189
20
1.4187929527559056
11
0.4617063385826772
21
1.4158860236220472
0
LINE
8
BLACK
6
CONTINUOUS
10
0.4617063385826772
20
1.4158860236220472
11
0.4637618897637795
21
1.4123257086614174
0
LINE
8
BLACK
6
CONTINUOUS
10
0.4637618897637795
20
1.4123257086614174
11
0.464825905511811
21
1.4083547244094488
0
LINE
8
BLACK
6
CONTINUOUS
10
0.464825905511811
20
1.4083547244094488
11
0.464825905511811
21
1.4042437007874016
0
LINE
8
BLACK
6
CONTINUOUS
10
0.464825905511811
20
1.4042437007874016
11
0.4637618897637795
21
1.4002727165354329
0
LINE
8
BLACK
6
CONTINUOUS
10
0.4637618897637795
20
1.4002727165354329
11
0.4617063385826772
21
1.3967124015748031
0
LINE
8
BLACK
6
CONTINUOUS
10
0.4617063385826772
20
1.3967124015748031
11
0.4587994094488189
21
1.3938054724409448
0
LINE
8
BLACK
6
CONTINUOUS
10
0.4587994094488189
20
1.3938054724409448
11
0.4552390944881889
21
1.3917499212598425
0
LINE
8
BLACK
6
CONTINUOUS
10
0.4552390944881889
20
1.3917499212598425
11
0.4523622047244094
21
1.390979094488189
0
LINE
8
BLACK
6
CONTINUOUS
10
0.4523622047244094
20
1.390979094488189
11
0.4523622047244094
21
1.339763779527559
0
LINE
8
BLACK
6
CONTINUOUS
10
0.4523622047244094
20
1.339763779527559
11
0.4523622047244094
21
1.3061023622047243
0
LINE
8
BLACK
6
CONTINUOUS
10
0.4523622047244094
20
1.3061023622047243
11
0.4572834645669291
21
1.3061023622047243
0
LINE
8
BLACK
6
CONTINUOUS
10
0.4572834645669291
20
1.3061023622047243
11
0.4602967322834646
21
1.3055029921259842
0
LINE
8
BLACK
6
CONTINUOUS
10
0.4602967322834646
20
1.3055029921259842
11
0.4628512204724409
21
1.3037961023622047
0
LINE
8
BLACK
6
CONTINUOUS
10
0.4628512204724409
20
1.3037961023622047
11
0.4645581102362205
21
1.3012416141732284
0
LINE
8
BLACK
6
CONTINUOUS
10
0.4645581102362205
20
1.3012416141732284
11
0.4651574803149606
21
1.2982283464566928
0
LINE
8
BLACK
6
CONTINUOUS
10
0.4651574803149606
20
1.2982283464566928
11
0.4651574803149606
21
1.2765748031496063
0
LINE
8
BLACK
6
CONTINUOUS
10
0.4651574803149606
20
1.2765748031496063
11
0.4645581102362205
21
1.2735615354330709
0
LINE
8
BLACK
6
CONTINUOUS
10
0.4645581102362205
20
1.2735615354330709
11
0.4628512204724409
21
1.2710070472440944
0
LINE
8
BLACK
6
CONTINUOUS
10
0.4628512204724409
20
1.2710070472440944
11
0.4602967322834646
21
1.2693001574803149
0
LINE
8
BLACK
6
CONTINUOUS
10
0.4602967322834646
20
1.2693001574803149
11
0.4572834645669291
21
1.2687007874015748
0
LINE
8
BLACK
6
CONTINUOUS
10
0.4572834645669291
20
1.2687007874015748
11
0.4523622047244094
21
1.2687007874015748
0
LINE
8
BLACK
6
CONTINUOUS
10
0.4523622047244094
20
1.2687007874015748
11
0.4523622047244094
21
1.2671259842519684
0
LINE
8
BLACK
6
CONTINUOUS
10
0.4523622047244094
20
1.2671259842519684
11
0.4523054724409449
21
1.2665499212598426
0
LINE
8
BLACK
6
CONTINUOUS
10
0.4523054724409449
20
1.2665499212598426
11
0.4518645669291338
21
1.2654855118110235
0
LINE
8
BLACK
6
CONTINUOUS
10
0.4518645669291338
20
1.2654855118110235
11
0.4514973622047244
21
1.2650380708661417
0
LINE
8
BLACK
6
CONTINUOUS
10
0.4514973622047244
20
1.2650380708661417
11
0.4230314960629921
21
1.2365722047244094
0
LINE
8
BLACK
6
CONTINUOUS
10
0.4230314960629921
20
1.2365722047244094
11
0.4230314960629921
21
1.199015748031496
0
LINE
8
BLACK
6
CONTINUOUS
10
0.4230314960629921
20
1.199015748031496
11
0.4289370078740157
21
1.199015748031496
0
LINE
8
BLACK
6
CONTINUOUS
10
0.4289370078740157
20
1.199015748031496
11
0.4323269291338583
21
1.1983414566929134
0
LINE
8
BLACK
6
CONTINUOUS
10
0.4323269291338583
20
1.1983414566929134
11
0.4352007480314961
21
1.1964212204724409
0
LINE
8
BLACK
6
CONTINUOUS
10
0.4352007480314961
20
1.1964212204724409
11
0.4371209842519685
21
1.1935474015748031
0
LINE
8
BLACK
6
CONTINUOUS
10
0.4371209842519685
20
1.1935474015748031
11
0.4377952755905511
21
1.1901574803149606
0
LINE
8
BLACK
6
CONTINUOUS
10
0.4377952755905511
20
1.1901574803149606
11
0.4377952755905511
21
1.1704724409448819
0
LINE
8
BLACK
6
CONTINUOUS
10
0.4377952755905511
20
1.1704724409448819
11
0.4371209842519685
21
1.1670825196850394
0
LINE
8
BLACK
6
CONTINUOUS
10
0.4371209842519685
20
1.1670825196850394
11
0.4352007480314961
21
1.1642087007874016
0
LINE
8
BLACK
6
CONTINUOUS
10
0.4352007480314961
20
1.1642087007874016
11
0.4323269291338583
21
1.1622884645669291
0
LINE
8
BLACK
6
CONTINUOUS
10
0.4323269291338583
20
1.1622884645669291
11
0.4289370078740157
21
1.1616141732283465
0
LINE
8
BLACK
6
CONTINUOUS
10
0.4289370078740157
20
1.1616141732283465
11
0.4112204724409449
21
1.1616141732283465
0
LINE
8
BLACK
6
CONTINUOUS
10
0.4112204724409449
20
1.1616141732283465
11
0.4078305511811023
21
1.1622884645669291
0
LINE
8
BLACK
6
CONTINUOUS
10
0.4078305511811023
20
1.1622884645669291
11
0.4049567322834646
21
1.1642087007874016
0
LINE
8
BLACK
6
CONTINUOUS
10
0.4049567322834646
20
1.1642087007874016
11
0.4030364960629921
21
1.1670825196850394
0
LINE
8
BLACK
6
CONTINUOUS
10
0.4030364960629921
20
1.1670825196850394
11
0.4023622047244094
21
1.1704724409448819
0
LINE
8
BLACK
6
CONTINUOUS
10
0.4023622047244094
20
1.1704724409448819
11
0.4023622047244094
21
1.1773622047244094
0
LINE
8
BLACK
6
CONTINUOUS
10
0.4023622047244094
20
1.1773622047244094
11
0.368503937007874
21
1.1773622047244094
0
LINE
8
BLACK
6
CONTINUOUS
10
0.368503937007874
20
1.1773622047244094
11
0.368503937007874
21
1.1716535433070865
0
LINE
8
BLACK
6
CONTINUOUS
10
0.368503937007874
20
1.1716535433070865
11
0.3680544094488189
21
1.1693935826771653
0
LINE
8
BLACK
6
CONTINUOUS
10
0.3680544094488189
20
1.1693935826771653
11
0.3667742519685039
21
1.1674777165354331
0
LINE
8
BLACK
6
CONTINUOUS
10
0.3667742519685039
20
1.1674777165354331
11
0.3648583858267717
21
1.1661975590551181
0
LINE
8
BLACK
6
CONTINUOUS
10
0.3648583858267717
20
1.1661975590551181
11
0.3625984251968504
21
1.1657480314960629
0
LINE
8
BLACK
6
CONTINUOUS
10
0.3625984251968504
20
1.1657480314960629
11
0.322244094488189
21
1.1657480314960629
0
LINE
8
BLACK
6
CONTINUOUS
10
0.322244094488189
20
1.1657480314960629
11
0.3199841338582677
21
1.1661975590551181
0
LINE
8
BLACK
6
CONTINUOUS
10
0.3199841338582677
20
1.1661975590551181
11
0.3180682677165354
21
1.1674777165354331
0
LINE
8
BLACK
6
CONTINUOUS
10
0.3180682677165354
20
1.1674777165354331
11
0.3167881102362204
21
1.1693935826771653
0
LINE
8
BLACK
6
CONTINUOUS
10
0.3167881102362204
20
1.1693935826771653
11
0.3163385826771654
21
1.1716535433070865
0
LINE
8
BLACK
6
CONTINUOUS
10
0.3163385826771654
20
1.1716535433070865
11
0.3163385826771654
21
1.1834645669291339
0
LINE
8
BLACK
6
CONTINUOUS
10
0.3163385826771654
20
1.1834645669291339
11
0.3167881102362204
21
1.1857245275590551
0
LINE
8
BLACK
6
CONTINUOUS
10
0.3167881102362204
20
1.1857245275590551
11
0.3180682677165354
21
1.1876403937007873
0
LINE
8
BLACK
6
CONTINUOUS
10
0.3180682677165354
20
1.1876403937007873
11
0.3199841338582677
21
1.1889205511811023
0
LINE
8
BLACK
6
CONTINUOUS
10
0.3199841338582677
20
1.1889205511811023
11
0.322244094488189
21
1.1893700787401575
0
LINE
8
BLACK
6
CONTINUOUS
10
0.322244094488189
20
1.1893700787401575
11
0.3625984251968504
21
1.1893700787401575
0
LINE
8
BLACK
6
CONTINUOUS
10
0.3625984251968504
20
1.1893700787401575
11
0.3648583858267717
21
1.1889205511811023
0
LINE
8
BLACK
6
CONTINUOUS
10
0.3648583858267717
20
1.1889205511811023
11
0.3667742519685039
21
1.1876403937007873
0
LINE
8
BLACK
6
CONTINUOUS
10
0.3667742519685039
20
1.1876403937007873
11
0.3680544094488189
21
1.1857245275590551
0
LINE
8
BLACK
6
CONTINUOUS
10
0.3680544094488189
20
1.1857245275590551
11
0.368503937007874
21
1.1834645669291339
0
LINE
8
BLACK
6
CONTINUOUS
10
0.368503937007874
20
1.1834645669291339
11
0.368503937007874
21
1.1832677165354331
0
LINE
8
BLACK
6
CONTINUOUS
10
0.368503937007874
20
1.1832677165354331
11
0.4023622047244094
21
1.1832677165354331
0
LINE
8
BLACK
6
CONTINUOUS
10
0.4023622047244094
20
1.1832677165354331
11
0.4023622047244094
21
1.1901574803149606
0
LINE
8
BLACK
6
CONTINUOUS
10
0.4023622047244094
20
1.1901574803149606
11
0.4030364960629921
21
1.1935474015748031
0
LINE
8
BLACK
6
CONTINUOUS
10
0.4030364960629921
20
1.1935474015748031
11
0.4049567322834646
21
1.1964212204724409
0
LINE
8
BLACK
6
CONTINUOUS
10
0.4049567322834646
20
1.1964212204724409
11
0.4078305511811023
21
1.1983414566929134
0
LINE
8
BLACK
6
CONTINUOUS
10
0.4078305511811023
20
1.1983414566929134
11
0.4112204724409449
21
1.199015748031496
0
LINE
8
BLACK
6
CONTINUOUS
10
0.4112204724409449
20
1.199015748031496
11
0.4171259842519685
21
1.199015748031496
0
LINE
8
BLACK
6
CONTINUOUS
10
0.4171259842519685
20
1.199015748031496
11
0.4171259842519685
21
1.2377952755905512
0
LINE
8
BLACK
6
CONTINUOUS
10
0.4171259842519685
20
1.2377952755905512
11
0.417182716535433
21
1.2383713385826771
0
LINE
8
BLACK
6
CONTINUOUS
10
0.417182716535433
20
1.2383713385826771
11
0.4176236220472441
21
1.2394357480314961
0
LINE
8
BLACK
6
CONTINUOUS
10
0.4176236220472441
20
1.2394357480314961
11
0.4179908267716536
21
1.2398831889763779
0
LINE
8
BLACK
6
CONTINUOUS
10
0.4179908267716536
20
1.2398831889763779
11
0.4464566929133858
21
1.2683490551181102
0
LINE
8
BLACK
6
CONTINUOUS
10
0.4464566929133858
20
1.2683490551181102
11
0.4464566929133858
21
1.2687007874015748
0
LINE
8
BLACK
6
CONTINUOUS
10
0.4464566929133858
20
1.2687007874015748
11
0.4415354330708661
21
1.2687007874015748
0
LINE
8
BLACK
6
CONTINUOUS
10
0.4415354330708661
20
1.2687007874015748
11
0.4385221653543307
21
1.2693001574803149
0
LINE
8
BLACK
6
CONTINUOUS
10
0.4385221653543307
20
1.2693001574803149
11
0.4359676771653543
21
1.2710070472440944
0
LINE
8
BLACK
6
CONTINUOUS
10
0.4359676771653543
20
1.2710070472440944
11
0.4342607874015748
21
1.2735615354330709
0
LINE
8
BLACK
6
CONTINUOUS
10
0.4342607874015748
20
1.2735615354330709
11
0.4336614173228346
21
1.2765748031496063
0
LINE
8
BLACK
6
CONTINUOUS
10
0.4336614173228346
20
1.2765748031496063
11
0.4336614173228346
21
1.2982283464566928
0
LINE
8
BLACK
6
CONTINUOUS
10
0.4336614173228346
20
1.2982283464566928
11
0.4342607874015748
21
1.3012416141732284
0
LINE
8
BLACK
6
CONTINUOUS
10
0.4342607874015748
20
1.3012416141732284
11
0.4359676771653543
21
1.3037961023622047
0
LINE
8
BLACK
6
CONTINUOUS
10
0.4359676771653543
20
1.3037961023622047
11
0.4385221653543307
21
1.3055029921259842
0
LINE
8
BLACK
6
CONTINUOUS
10
0.4385221653543307
20
1.3055029921259842
11
0.4415354330708661
21
1.3061023622047243
0
LINE
8
BLACK
6
CONTINUOUS
10
0.4415354330708661
20
1.3061023622047243
11
0.4464566929133858
21
1.3061023622047243
0
LINE
8
BLACK
6
CONTINUOUS
10
0.4464566929133858
20
1.3061023622047243
11
0.4464566929133858
21
1.339763779527559
0
LINE
8
BLACK
6
CONTINUOUS
10
0.4464566929133858
20
1.339763779527559
11
0.4464566929133858
21
1.3908735826771654
0
LINE
8
BLACK
6
CONTINUOUS
10
0.4464566929133858
20
1.3908735826771654
11
0.4431861023622047
21
1.3917499212598425
0
LINE
8
BLACK
6
CONTINUOUS
10
0.4431861023622047
20
1.3917499212598425
11
0.4396257874015748
21
1.3938054724409448
0
LINE
8
BLACK
6
CONTINUOUS
10
0.4396257874015748
20
1.3938054724409448
11
0.4367188582677165
21
1.3967124015748031
0
LINE
8
BLACK
6
CONTINUOUS
10
0.4367188582677165
20
1.3967124015748031
11
0.4346633070866142
21
1.4002727165354329
0
LINE
8
BLACK
6
CONTINUOUS
10
0.4346633070866142
20
1.4002727165354329
11
0.4335992913385827
21
1.4042437007874016
0
LINE
8
BLACK
6
CONTINUOUS
10
0.4335992913385827
20
1.4042437007874016
11
0.4335992913385827
21
1.4083547244094488
0
LINE
8
BLACK
6
CONTINUOUS
10
0.4335992913385827
20
1.4083547244094488
11
0.4346633070866142
21
1.4123257086614174
0
LINE
8
BLACK
6
CONTINUOUS
10
0.4346633070866142
20
1.4123257086614174
11
0.4367188582677165
21
1.4158860236220472
0
LINE
8
BLACK
6
CONTINUOUS
10
0.4367188582677165
20
1.4158860236220472
11
0.4396257874015748
21
1.4187929527559056
0
LINE
8
BLACK
6
CONTINUOUS
10
0.4396257874015748
20
1.4187929527559056
11
0.4431861023622047
21
1.4208485039370078
0
LINE
8
BLACK
6
CONTINUOUS
10
0.4431861023622047
20
1.4208485039370078
11
0.4471570866141732
21
1.4219125196850393
0
LINE
8
BLACK
6
CONTINUOUS
10
0.4471570866141732
20
1.4219125196850393
11
0.4512681102362205
21
1.4219125196850393
0
LINE
8
BLACK
6
CONTINUOUS
10
0.4512681102362205
20
1.4219125196850393
11
0.4552390944881889
21
1.4208485039370078
0
LINE
8
BLACK
6
CONTINUOUS
10
0.2869056299212598
20
1.3869520472440944
11
0.2888214960629921
21
1.3856718897637794
0
LINE
8
BLACK
6
CONTINUOUS
10
0.2888214960629921
20
1.3856718897637794
11
0.2901016535433071
21
1.3837560236220472
0
LINE
8
BLACK
6
CONTINUOUS
10
0.2901016535433071
20
1.3837560236220472
11
0.2905511811023622
21
1.381496062992126
0
LINE
8
BLACK
6
CONTINUOUS
10
0.2905511811023622
20
1.381496062992126
11
0.2905511811023622
21
1.3352362204724408
0
LINE
8
BLACK
6
CONTINUOUS
10
0.2905511811023622
20
1.3352362204724408
11
0.2901016535433071
21
1.3329762598425197
0
LINE
8
BLACK
6
CONTINUOUS
10
0.2901016535433071
20
1.3329762598425197
11
0.2888214960629921
21
1.3310603937007874
0
LINE
8
BLACK
6
CONTINUOUS
10
0.2888214960629921
20
1.3310603937007874
11
0.2869056299212598
21
1.3297802362204725
0
LINE
8
BLACK
6
CONTINUOUS
10
0.2869056299212598
20
1.3297802362204725
11
0.2846456692913386
21
1.3293307086614172
0
LINE
8
BLACK
6
CONTINUOUS
10
0.2846456692913386
20
1.3293307086614172
11
0.2816929133858267
21
1.3293307086614172
0
LINE
8
BLACK
6
CONTINUOUS
10
0.2816929133858267
20
1.3293307086614172
11
0.2816929133858267
21
1.2903543307086613
0
LINE
8
BLACK
6
CONTINUOUS
10
0.2816929133858267
20
1.2903543307086613
11
0.3687007874015748
21
1.2903543307086613
0
LINE
8
BLACK
6
CONTINUOUS
10
0.3687007874015748
20
1.2903543307086613
11
0.3687007874015748
21
1.2982283464566928
0
LINE
8
BLACK
6
CONTINUOUS
10
0.3687007874015748
20
1.2982283464566928
11
0.369300157480315
21
1.3012416141732284
0
LINE
8
BLACK
6
CONTINUOUS
10
0.369300157480315
20
1.3012416141732284
11
0.3710070472440945
21
1.3037961023622047
0
LINE
8
BLACK
6
CONTINUOUS
10
0.3710070472440945
20
1.3037961023622047
11
0.3735615354330709
21
1.3055029921259842
0
LINE
8
BLACK
6
CONTINUOUS
10
0.3735615354330709
20
1.3055029921259842
11
0.3765748031496063
21
1.3061023622047243
0
LINE
8
BLACK
6
CONTINUOUS
10
0.3765748031496063
20
1.3061023622047243
11
0.3923228346456693
21
1.3061023622047243
0
LINE
8
BLACK
6
CONTINUOUS
10
0.3923228346456693
20
1.3061023622047243
11
0.3953361023622047
21
1.3055029921259842
0
LINE
8
BLACK
6
CONTINUOUS
10
0.3953361023622047
20
1.3055029921259842
11
0.3978905905511811
21
1.3037961023622047
0
LINE
8
BLACK
6
CONTINUOUS
10
0.3978905905511811
20
1.3037961023622047
11
0.3995974803149606
21
1.3012416141732284
0
LINE
8
BLACK
6
CONTINUOUS
10
0.3995974803149606
20
1.3012416141732284
11
0.4001968503937008
21
1.2982283464566928
0
LINE
8
BLACK
6
CONTINUOUS
10
0.4001968503937008
20
1.2982283464566928
11
0.4001968503937008
21
1.2765748031496063
0
LINE
8
BLACK
6
CONTINUOUS
10
0.4001968503937008
20
1.2765748031496063
11
0.3995974803149606
21
1.2735615354330709
0
LINE
8
BLACK
6
CONTINUOUS
10
0.3995974803149606
20
1.2735615354330709
11
0.3978905905511811
21
1.2710070472440944
0
LINE
8
BLACK
6
CONTINUOUS
10
0.3978905905511811
20
1.2710070472440944
11
0.3953361023622047
21
1.2693001574803149
0
LINE
8
BLACK
6
CONTINUOUS
10
0.3953361023622047
20
1.2693001574803149
11
0.3923228346456693
21
1.2687007874015748
0
LINE
8
BLACK
6
CONTINUOUS
10
0.3923228346456693
20
1.2687007874015748
11
0.3765748031496063
21
1.2687007874015748
0
LINE
8
BLACK
6
CONTINUOUS
10
0.3765748031496063
20
1.2687007874015748
11
0.3735615354330709
21
1.2693001574803149
0
LINE
8
BLACK
6
CONTINUOUS
10
0.3735615354330709
20
1.2693001574803149
11
0.3710070472440945
21
1.2710070472440944
0
LINE
8
BLACK
6
CONTINUOUS
10
0.3710070472440945
20
1.2710070472440944
11
0.369300157480315
21
1.2735615354330709
0
LINE
8
BLACK
6
CONTINUOUS
10
0.369300157480315
20
1.2735615354330709
11
0.3687007874015748
21
1.2765748031496063
0
LINE
8
BLACK
6
CONTINUOUS
10
0.3687007874015748
20
1.2765748031496063
11
0.3687007874015748
21
1.2844488188976377
0
LINE
8
BLACK
6
CONTINUOUS
10
0.3687007874015748
20
1.2844488188976377
11
0.2816929133858267
21
1.2844488188976377
0
LINE
8
BLACK
6
CONTINUOUS
10
0.2816929133858267
20
1.2844488188976377
11
0.2816929133858267
21
1.2034448818897638
0
LINE
8
BLACK
6
CONTINUOUS
10
0.2816929133858267
20
1.2034448818897638
11
0.2816361811023622
21
1.2028688188976377
0
LINE
8
BLACK
6
CONTINUOUS
10
0.2816361811023622
20
1.2028688188976377
11
0.2811952755905512
21
1.2018044094488189
0
LINE
8
BLACK
6
CONTINUOUS
10
0.2811952755905512
20
1.2018044094488189
11
0.2808280708661417
21
1.2013569685039369
0
LINE
8
BLACK
6
CONTINUOUS
10
0.2808280708661417
20
1.2013569685039369
11
0.2688411811023622
21
1.1893700787401575
0
LINE
8
BLACK
6
CONTINUOUS
10
0.2688411811023622
20
1.1893700787401575
11
0.2730314960629921
21
1.1893700787401575
0
LINE
8
BLACK
6
CONTINUOUS
10
0.2730314960629921
20
1.1893700787401575
11
0.2752914566929134
21
1.1889205511811023
0
LINE
8
BLACK
6
CONTINUOUS
10
0.2752914566929134
20
1.1889205511811023
11
0.2772073228346457
21
1.1876403937007873
0
LINE
8
BLACK
6
CONTINUOUS
10
0.2772073228346457
20
1.1876403937007873
11
0.2784874803149606
21
1.1857245275590551
0
LINE
8
BLACK
6
CONTINUOUS
10
0.2784874803149606
20
1.1857245275590551
11
0.2789370078740158
21
1.1834645669291339
0
LINE
8
BLACK
6
CONTINUOUS
10
0.2789370078740158
20
1.1834645669291339
11
0.2789370078740158
21
1.1716535433070865
0
LINE
8
BLACK
6
CONTINUOUS
10
0.2789370078740158
20
1.1716535433070865
11
0.2784874803149606
21
1.1693935826771653
0
LINE
8
BLACK
6
CONTINUOUS
10
0.2784874803149606
20
1.1693935826771653
11
0.2772073228346457
21
1.1674777165354331
0
LINE
8
BLACK
6
CONTINUOUS
10
0.2772073228346457
20
1.1674777165354331
11
0.2752914566929134
21
1.1661975590551181
0
LINE
8
BLACK
6
CONTINUOUS
10
0.2752914566929134
20
1.1661975590551181
11
0.2730314960629921
21
1.1657480314960629
0
LINE
8
BLACK
6
CONTINUOUS
10
0.2730314960629921
20
1.1657480314960629
11
0.2326771653543307
21
1.1657480314960629
0
LINE
8
BLACK
6
CONTINUOUS
10
0.2326771653543307
20
1.1657480314960629
11
0.2304172047244094
21
1.1661975590551181
0
LINE
8
BLACK
6
CONTINUOUS
10
0.2304172047244094
20
1.1661975590551181
11
0.2285013385826772
21
1.1674777165354331
0
LINE
8
BLACK
6
CONTINUOUS
10
0.2285013385826772
20
1.1674777165354331
11
0.2272211811023622
21
1.1693935826771653
0
LINE
8
BLACK
6
CONTINUOUS
10
0.2272211811023622
20
1.1693935826771653
11
0.2267716535433071
21
1.1716535433070865
0
LINE
8
BLACK
6
CONTINUOUS
10
0.2267716535433071
20
1.1716535433070865
11
0.2267716535433071
21
1.1834645669291339
0
LINE
8
BLACK
6
CONTINUOUS
10
0.2267716535433071
20
1.1834645669291339
11
0.2272211811023622
21
1.1857245275590551
0
LINE
8
BLACK
6
CONTINUOUS
10
0.2272211811023622
20
1.1857245275590551
11
0.2285013385826772
21
1.1876403937007873
0
LINE
8
BLACK
6
CONTINUOUS
10
0.2285013385826772
20
1.1876403937007873
11
0.2304172047244094
21
1.1889205511811023
0
LINE
8
BLACK
6
CONTINUOUS
10
0.2304172047244094
20
1.1889205511811023
11
0.2326771653543307
21
1.1893700787401575
0
LINE
8
BLACK
6
CONTINUOUS
10
0.2326771653543307
20
1.1893700787401575
11
0.2604895275590551
21
1.1893700787401575
0
LINE
8
BLACK
6
CONTINUOUS
10
0.2604895275590551
20
1.1893700787401575
11
0.2757874015748031
21
1.2046679527559054
0
LINE
8
BLACK
6
CONTINUOUS
10
0.2757874015748031
20
1.2046679527559054
11
0.2757874015748031
21
1.286220472440945
0
LINE
8
BLACK
6
CONTINUOUS
10
0.2757874015748031
20
1.286220472440945
11
0.2757874015748031
21
1.3293307086614172
0
LINE
8
BLACK
6
CONTINUOUS
10
0.2757874015748031
20
1.3293307086614172
11
0.2728346456692913
21
1.3293307086614172
0
LINE
8
BLACK
6
CONTINUOUS
10
0.2728346456692913
20
1.3293307086614172
11
0.2705746850393701
21
1.3297802362204725
0
LINE
8
BLACK
6
CONTINUOUS
10
0.2705746850393701
20
1.3297802362204725
11
0.2686588188976378
21
1.3310603937007874
0
LINE
8
BLACK
6
CONTINUOUS
10
0.2686588188976378
20
1.3310603937007874
11
0.2673786614173228
21
1.3329762598425197
0
LINE
8
BLACK
6
CONTINUOUS
10
0.2673786614173228
20
1.3329762598425197
11
0.2669291338582677
21
1.3352362204724408
0
LINE
8
BLACK
6
CONTINUOUS
10
0.2669291338582677
20
1.3352362204724408
11
0.2669291338582677
21
1.381496062992126
0
LINE
8
BLACK
6
CONTINUOUS
10
0.2669291338582677
20
1.381496062992126
11
0.2673786614173228
21
1.3837560236220472
0
LINE
8
BLACK
6
CONTINUOUS
10
0.2673786614173228
20
1.3837560236220472
11
0.2686588188976378
21
1.3856718897637794
0
LINE
8
BLACK
6
CONTINUOUS
10
0.2686588188976378
20
1.3856718897637794
11
0.2705746850393701
21
1.3869520472440944
0
LINE
8
BLACK
6
CONTINUOUS
10
0.2705746850393701
20
1.3869520472440944
11
0.2728346456692913
21
1.3874015748031496
0
LINE
8
BLACK
6
CONTINUOUS
10
0.2728346456692913
20
1.3874015748031496
11
0.2846456692913386
21
1.3874015748031496
0
LINE
8
BLACK
6
CONTINUOUS
10
0.2846456692913386
20
1.3874015748031496
11
0.2869056299212598
21
1.3869520472440944
0
LINE
8
BLACK
6
CONTINUOUS
10
0.2484857086614173
20
1.5452667716535433
11
0.2510401968503937
21
1.5435598818897638
0
LINE
8
BLACK
6
CONTINUOUS
10
0.2510401968503937
20
1.5435598818897638
11
0.2527470866141732
21
1.5410053937007873
0
LINE
8
BLACK
6
CONTINUOUS
10
0.2527470866141732
20
1.5410053937007873
11
0.2533464566929134
21
1.5379921259842519
0
LINE
8
BLACK
6
CONTINUOUS
10
0.2533464566929134
20
1.5379921259842519
11
0.2533464566929134
21
1.5301181102362205
0
LINE
8
BLACK
6
CONTINUOUS
10
0.2533464566929134
20
1.5301181102362205
11
0.2789370078740158
21
1.5301181102362205
0
LINE
8
BLACK
6
CONTINUOUS
10
0.2789370078740158
20
1.5301181102362205
11
0.2789370078740158
21
1.5379921259842519
0
LINE
8
BLACK
6
CONTINUOUS
10
0.2789370078740158
20
1.5379921259842519
11
0.2795363779527559
21
1.5410053937007873
0
LINE
8
BLACK
6
CONTINUOUS
10
0.2795363779527559
20
1.5410053937007873
11
0.2812432677165354
21
1.5435598818897638
0
LINE
8
BLACK
6
CONTINUOUS
10
0.2812432677165354
20
1.5435598818897638
11
0.2837977559055118
21
1.5452667716535433
0
LINE
8
BLACK
6
CONTINUOUS
10
0.2837977559055118
20
1.5452667716535433
11
0.2868110236220472
21
1.5458661417322834
0
LINE
8
BLACK
6
CONTINUOUS
10
0.2868110236220472
20
1.5458661417322834
11
0.3025590551181102
21
1.5458661417322834
0
LINE
8
BLACK
6
CONTINUOUS
10
0.3025590551181102
20
1.5458661417322834
11
0.3055723228346456
21
1.5452667716535433
0
LINE
8
BLACK
6
CONTINUOUS
10
0.3055723228346456
20
1.5452667716535433
11
0.308126811023622
21
1.5435598818897638
0
LINE
8
BLACK
6
CONTINUOUS
10
0.308126811023622
20
1.5435598818897638
11
0.3098337007874016
21
1.5410053937007873
0
LINE
8
BLACK
6
CONTINUOUS
10
0.3098337007874016
20
1.5410053937007873
11
0.3104330708661417
21
1.5379921259842519
0
LINE
8
BLACK
6
CONTINUOUS
10
0.3104330708661417
20
1.5379921259842519
11
0.3104330708661417
21
1.5163385826771654
0
LINE
8
BLACK
6
CONTINUOUS
10
0.3104330708661417
20
1.5163385826771654
11
0.3098337007874016
21
1.5133253149606298
0
LINE
8
BLACK
6
CONTINUOUS
10
0.3098337007874016
20
1.5133253149606298
11
0.308126811023622
21
1.5107708267716535
0
LINE
8
BLACK
6
CONTINUOUS
10
0.308126811023622
20
1.5107708267716535
11
0.3055723228346456
21
1.509063937007874
0
LINE
8
BLACK
6
CONTINUOUS
10
0.3055723228346456
20
1.509063937007874
11
0.3025590551181102
21
1.5084645669291339
0
LINE
8
BLACK
6
CONTINUOUS
10
0.3025590551181102
20
1.5084645669291339
11
0.2868110236220472
21
1.5084645669291339
0
LINE
8
BLACK
6
CONTINUOUS
10
0.2868110236220472
20
1.5084645669291339
11
0.2837977559055118
21
1.509063937007874
0
LINE
8
BLACK
6
CONTINUOUS
10
0.2837977559055118
20
1.509063937007874
11
0.2812432677165354
21
1.5107708267716535
0
LINE
8
BLACK
6
CONTINUOUS
10
0.2812432677165354
20
1.5107708267716535
11
0.2795363779527559
21
1.5133253149606298
0
LINE
8
BLACK
6
CONTINUOUS
10
0.2795363779527559
20
1.5133253149606298
11
0.2789370078740158
21
1.5163385826771654
0
LINE
8
BLACK
6
CONTINUOUS
10
0.2789370078740158
20
1.5163385826771654
11
0.2789370078740158
21
1.5242125984251969
0
LINE
8
BLACK
6
CONTINUOUS
10
0.2789370078740158
20
1.5242125984251969
11
0.2533464566929134
21
1.5242125984251969
0
LINE
8
BLACK
6
CONTINUOUS
10
0.2533464566929134
20
1.5242125984251969
11
0.2533464566929134
21
1.5163385826771654
0
LINE
8
BLACK
6
CONTINUOUS
10
0.2533464566929134
20
1.5163385826771654
11
0.2527470866141732
21
1.5133253149606298
0
LINE
8
BLACK
6
CONTINUOUS
10
0.2527470866141732
20
1.5133253149606298
11
0.2510401968503937
21
1.5107708267716535
0
LINE
8
BLACK
6
CONTINUOUS
10
0.2510401968503937
20
1.5107708267716535
11
0.2484857086614173
21
1.509063937007874
0
LINE
8
BLACK
6
CONTINUOUS
10
0.2484857086614173
20
1.509063937007874
11
0.2454724409448819
21
1.5084645669291339
0
LINE
8
BLACK
6
CONTINUOUS
10
0.2454724409448819
20
1.5084645669291339
11
0.2405511811023622
21
1.5084645669291339
0
LINE
8
BLACK
6
CONTINUOUS
10
0.2405511811023622
20
1.5084645669291339
11
0.2405511811023622
21
1.4612204724409448
0
LINE
8
BLACK
6
CONTINUOUS
10
0.2405511811023622
20
1.4612204724409448
11
0.247244094488189
21
1.4612204724409448
0
LINE
8
BLACK
6
CONTINUOUS
10
0.247244094488189
20
1.4612204724409448
11
0.2495040551181102
21
1.4607709448818897
0
LINE
8
BLACK
6
CONTINUOUS
10
0.2495040551181102
20
1.4607709448818897
11
0.2514199212598425
21
1.4594907874015748
0
LINE
8
BLACK
6
CONTINUOUS
10
0.2514199212598425
20
1.4594907874015748
11
0.2527000787401575
21
1.4575749212598426
0
LINE
8
BLACK
6
CONTINUOUS
10
0.2527000787401575
20
1.4575749212598426
11
0.2531496062992126
21
1.4553149606299212
0
LINE
8
BLACK
6
CONTINUOUS
10
0.2531496062992126
20
1.4553149606299212
11
0.2531496062992126
21
1.4090551181102362
0
LINE
8
BLACK
6
CONTINUOUS
10
0.2531496062992126
20
1.4090551181102362
11
0.2527000787401575
21
1.406795157480315
0
LINE
8
BLACK
6
CONTINUOUS
10
0.2527000787401575
20
1.406795157480315
11
0.2514199212598425
21
1.4048792913385826
0
LINE
8
BLACK
6
CONTINUOUS
10
0.2514199212598425
20
1.4048792913385826
11
0.2495040551181102
21
1.4035991338582676
0
LINE
8
BLACK
6
CONTINUOUS
10
0.2495040551181102
20
1.4035991338582676
11
0.247244094488189
21
1.4031496062992126
0
LINE
8
BLACK
6
CONTINUOUS
10
0.247244094488189
20
1.4031496062992126
11
0.2354330708661417
21
1.4031496062992126
0
LINE
8
BLACK
6
CONTINUOUS
10
0.2354330708661417
20
1.4031496062992126
11
0.2331731102362205
21
1.4035991338582676
0
LINE
8
BLACK
6
CONTINUOUS
10
0.2331731102362205
20
1.4035991338582676
11
0.2312572440944882
21
1.4048792913385826
0
LINE
8
BLACK
6
CONTINUOUS
10
0.2312572440944882
20
1.4048792913385826
11
0.2299770866141732
21
1.406795157480315
0
LINE
8
BLACK
6
CONTINUOUS
10
0.2299770866141732
20
1.406795157480315
11
0.2295275590551181
21
1.4090551181102362
0
LINE
8
BLACK
6
CONTINUOUS
10
0.2295275590551181
20
1.4090551181102362
11
0.2295275590551181
21
1.4553149606299212
0
LINE
8
BLACK
6
CONTINUOUS
10
0.2295275590551181
20
1.4553149606299212
11
0.2299770866141732
21
1.4575749212598426
0
LINE
8
BLACK
6
CONTINUOUS
10
0.2299770866141732
20
1.4575749212598426
11
0.2312572440944882
21
1.4594907874015748
0
LINE
8
BLACK
6
CONTINUOUS
10
0.2312572440944882
20
1.4594907874015748
11
0.2331731102362205
21
1.4607709448818897
0
LINE
8
BLACK
6
CONTINUOUS
10
0.2331731102362205
20
1.4607709448818897
11
0.2346456692913386
21
1.4610638582677165
0
LINE
8
BLACK
6
CONTINUOUS
10
0.2346456692913386
20
1.4610638582677165
11
0.2346456692913386
21
1.5084645669291339
0
LINE
8
BLACK
6
CONTINUOUS
10
0.2346456692913386
20
1.5084645669291339
11
0.2297244094488189
21
1.5084645669291339
0
LINE
8
BLACK
6
CONTINUOUS
10
0.2297244094488189
20
1.5084645669291339
11
0.2267111417322835
21
1.509063937007874
0
LINE
8
BLACK
6
CONTINUOUS
10
0.2267111417322835
20
1.509063937007874
11
0.2241566535433071
21
1.5107708267716535
0
LINE
8
BLACK
6
CONTINUOUS
10
0.2241566535433071
20
1.5107708267716535
11
0.2224497637795275
21
1.5133253149606298
0
LINE
8
BLACK
6
CONTINUOUS
10
0.2224497637795275
20
1.5133253149606298
11
0.2218503937007874
21
1.5163385826771654
0
LINE
8
BLACK
6
CONTINUOUS
10
0.2218503937007874
20
1.5163385826771654
11
0.2218503937007874
21
1.5379921259842519
0
LINE
8
BLACK
6
CONTINUOUS
10
0.2218503937007874
20
1.5379921259842519
11
0.2224497637795275
21
1.5410053937007873
0
LINE
8
BLACK
6
CONTINUOUS
10
0.2224497637795275
20
1.5410053937007873
11
0.2241566535433071
21
1.5435598818897638
0
LINE
8
BLACK
6
CONTINUOUS
10
0.2241566535433071
20
1.5435598818897638
11
0.2267111417322835
21
1.5452667716535433
0
LINE
8
BLACK
6
CONTINUOUS
10
0.2267111417322835
20
1.5452667716535433
11
0.2297244094488189
21
1.5458661417322834
0
LINE
8
BLACK
6
CONTINUOUS
10
0.2297244094488189
20
1.5458661417322834
11
0.2454724409448819
21
1.5458661417322834
0
LINE
8
BLACK
6
CONTINUOUS
10
0.2454724409448819
20
1.5458661417322834
11
0.2484857086614173
21
1.5452667716535433
0
LINE
8
BLACK
6
CONTINUOUS
10
0.519763779527559
20
1.9983464566929134
11
0.4927165354330709
21
1.9983464566929134
0
LINE
8
BLACK
6
CONTINUOUS
10
0.4927165354330709
20
1.9983464566929134
11
0.4927165354330709
21
1.9583464566929134
0
LINE
8
BLACK
6
CONTINUOUS
10
0.4927165354330709
20
1.9583464566929134
11
0.519763779527559
21
1.9583464566929134
0
LINE
8
BLACK
6
CONTINUOUS
10
0.519763779527559
20
1.9583464566929134
11
0.519763779527559
21
1.8983464566929134
0
LINE
8
BLACK
6
CONTINUOUS
10
0.519763779527559
20
1.8983464566929134
11
0.4927165354330709
21
1.8983464566929134
0
LINE
8
BLACK
6
CONTINUOUS
10
0.4927165354330709
20
1.8983464566929134
11
0.4927165354330709
21
1.8701207086614173
0
LINE
8
BLACK
6
CONTINUOUS
10
0.4927165354330709
20
1.8701207086614173
11
0.5963792519685039
21
1.7664579921259842
0
LINE
8
BLACK
6
CONTINUOUS
10
0.5963792519685039
20
1.7664579921259842
11
0.5967464566929134
21
1.7660105511811024
0
LINE
8
BLACK
6
CONTINUOUS
10
0.5967464566929134
20
1.7660105511811024
11
0.5971873622047243
21
1.7649461417322834
0
LINE
8
BLACK
6
CONTINUOUS
10
0.5971873622047243
20
1.7649461417322834
11
0.5972440944881889
21
1.7643700787401575
0
LINE
8
BLACK
6
CONTINUOUS
10
0.5972440944881889
20
1.7643700787401575
11
0.5972440944881889
21
0.3807086614173228
0
LINE
8
BLACK
6
CONTINUOUS
10
0.5972440944881889
20
0.3807086614173228
11
0.5992125984251968
21
0.3807086614173228
0
LINE
8
BLACK
6
CONTINUOUS
10
0.5992125984251968
20
0.3807086614173228
11
0.5992125984251968
21
0.3570866141732283
0
LINE
8
BLACK
6
CONTINUOUS
10
0.5992125984251968
20
0.3570866141732283
11
0.5893700787401575
21
0.3570866141732283
0
LINE
8
BLACK
6
CONTINUOUS
10
0.5893700787401575
20
0.3570866141732283
11
0.5893700787401575
21
0.3807086614173228
0
LINE
8
BLACK
6
CONTINUOUS
10
0.5893700787401575
20
0.3807086614173228
11
0.5913385826771653
21
0.3807086614173228
0
LINE
8
BLACK
6
CONTINUOUS
10
0.5913385826771653
20
0.3807086614173228
11
0.5913385826771653
21
1.7631470078740157
0
LINE
8
BLACK
6
CONTINUOUS
10
0.5913385826771653
20
1.7631470078740157
11
0.4876758661417323
21
1.8668097244094488
0
LINE
8
BLACK
6
CONTINUOUS
10
0.4876758661417323
20
1.8668097244094488
11
0.4873086614173228
21
1.8672571653543306
0
LINE
8
BLACK
6
CONTINUOUS
10
0.4873086614173228
20
1.8672571653543306
11
0.4868677559055118
21
1.8683216141732284
0
LINE
8
BLACK
6
CONTINUOUS
10
0.4868677559055118
20
1.8683216141732284
11
0.4868110236220473
21
1.8688976377952755
0
LINE
8
BLACK
6
CONTINUOUS
10
0.4868110236220473
20
1.8688976377952755
11
0.4868110236220473
21
1.8983464566929134
0
LINE
8
BLACK
6
CONTINUOUS
10
0.4868110236220473
20
1.8983464566929134
11
0.459763779527559
21
1.8983464566929134
0
LINE
8
BLACK
6
CONTINUOUS
10
0.459763779527559
20
1.8983464566929134
11
0.459763779527559
21
1.9583464566929134
0
LINE
8
BLACK
6
CONTINUOUS
10
0.459763779527559
20
1.9583464566929134
11
0.4868110236220473
21
1.9583464566929134
0
LINE
8
BLACK
6
CONTINUOUS
10
0.4868110236220473
20
1.9583464566929134
11
0.4868110236220473
21
1.9983464566929134
0
LINE
8
BLACK
6
CONTINUOUS
10
0.4868110236220473
20
1.9983464566929134
11
0.459763779527559
21
1.9983464566929134
0
LINE
8
BLACK
6
CONTINUOUS
10
0.459763779527559
20
1.9983464566929134
11
0.459763779527559
21
2.0583464566929135
0
LINE
8
BLACK
6
CONTINUOUS
10
0.459763779527559
20
2.0583464566929135
11
0.519763779527559
21
2.0583464566929135
0
LINE
8
BLACK
6
CONTINUOUS
10
0.519763779527559
20
2.0583464566929135
11
0.519763779527559
21
1.9983464566929134
0
LINE
8
BLACK
6
CONTINUOUS
10
0.619763779527559
20
1.9983464566929134
11
0.5927165354330709
21
1.9983464566929134
0
LINE
8
BLACK
6
CONTINUOUS
10
0.5927165354330709
20
1.9983464566929134
11
0.5927165354330709
21
1.9583464566929134
0
LINE
8
BLACK
6
CONTINUOUS
10
0.5927165354330709
20
1.9583464566929134
11
0.619763779527559
21
1.9583464566929134
0
LINE
8
BLACK
6
CONTINUOUS
10
0.619763779527559
20
1.9583464566929134
11
0.619763779527559
21
1.8983464566929134
0
LINE
8
BLACK
6
CONTINUOUS
10
0.619763779527559
20
1.8983464566929134
11
0.5927165354330709
21
1.8983464566929134
0
LINE
8
BLACK
6
CONTINUOUS
10
0.5927165354330709
20
1.8983464566929134
11
0.5927165354330709
21
1.7961049606299213
0
LINE
8
BLACK
6
CONTINUOUS
10
0.5927165354330709
20
1.7961049606299213
11
0.6121272834645669
21
1.7766942125984251
0
LINE
8
BLACK
6
CONTINUOUS
10
0.6121272834645669
20
1.7766942125984251
11
0.6124944881889763
21
1.7762467716535433
0
LINE
8
BLACK
6
CONTINUOUS
10
0.6124944881889763
20
1.7762467716535433
11
0.6129353937007874
21
1.7751823622047245
0
LINE
8
BLACK
6
CONTINUOUS
10
0.6129353937007874
20
1.7751823622047245
11
0.6129921259842519
21
1.7746062992125984
0
LINE
8
BLACK
6
CONTINUOUS
10
0.6129921259842519
20
1.7746062992125984
11
0.6129921259842519
21
0.3807086614173228
0
LINE
8
BLACK
6
CONTINUOUS
10
0.6129921259842519
20
0.3807086614173228
11
0.6149606299212599
21
0.3807086614173228
0
LINE
8
BLACK
6
CONTINUOUS
10
0.6149606299212599
20
0.3807086614173228
11
0.6149606299212599
21
0.3570866141732283
0
LINE
8
BLACK
6
CONTINUOUS
10
0.6149606299212599
20
0.3570866141732283
11
0.6051181102362204
21
0.3570866141732283
0
LINE
8
BLACK
6
CONTINUOUS
10
0.6051181102362204
20
0.3570866141732283
11
0.6051181102362204
21
0.3807086614173228
0
LINE
8
BLACK
6
CONTINUOUS
10
0.6051181102362204
20
0.3807086614173228
11
0.6070866141732283
21
0.3807086614173228
0
LINE
8
BLACK
6
CONTINUOUS
10
0.6070866141732283
20
0.3807086614173228
11
0.6070866141732283
21
1.7733832283464566
0
LINE
8
BLACK
6
CONTINUOUS
10
0.6070866141732283
20
1.7733832283464566
11
0.5876758661417323
21
1.7927939763779528
0
LINE
8
BLACK
6
CONTINUOUS
10
0.5876758661417323
20
1.7927939763779528
11
0.5873086614173229
21
1.7932414173228346
0
LINE
8
BLACK
6
CONTINUOUS
10
0.5873086614173229
20
1.7932414173228346
11
0.5871123622047244
21
1.79371531496063
0
LINE
8
BLACK
6
CONTINUOUS
10
0.5871123622047244
20
1.79371531496063
11
0.5868677559055118
21
1.7943058267716534
0
LINE
8
BLACK
6
CONTINUOUS
10
0.5868677559055118
20
1.7943058267716534
11
0.5868110236220472
21
1.7948818897637795
0
LINE
8
BLACK
6
CONTINUOUS
10
0.5868110236220472
20
1.7948818897637795
11
0.5868110236220472
21
1.8983464566929134
0
LINE
8
BLACK
6
CONTINUOUS
10
0.5868110236220472
20
1.8983464566929134
11
0.5597637795275591
21
1.8983464566929134
0
LINE
8
BLACK
6
CONTINUOUS
10
0.5597637795275591
20
1.8983464566929134
11
0.5597637795275591
21
1.9583464566929134
0
LINE
8
BLACK
6
CONTINUOUS
10
0.5597637795275591
20
1.9583464566929134
11
0.5868110236220472
21
1.9583464566929134
0
LINE
8
BLACK
6
CONTINUOUS
10
0.5868110236220472
20
1.9583464566929134
11
0.5868110236220472
21
1.9983464566929134
0
LINE
8
BLACK
6
CONTINUOUS
10
0.5868110236220472
20
1.9983464566929134
11
0.5597637795275591
21
1.9983464566929134
0
LINE
8
BLACK
6
CONTINUOUS
10
0.5597637795275591
20
1.9983464566929134
11
0.5597637795275591
21
2.0583464566929135
0
LINE
8
BLACK
6
CONTINUOUS
10
0.5597637795275591
20
2.0583464566929135
11
0.619763779527559
21
2.0583464566929135
0
LINE
8
BLACK
6
CONTINUOUS
10
0.619763779527559
20
2.0583464566929135
11
0.619763779527559
21
1.9983464566929134
0
LINE
8
BLACK
6
CONTINUOUS
10
0.719763779527559
20
1.9983464566929134
11
0.6946850393700787
21
1.9983464566929134
0
LINE
8
BLACK
6
CONTINUOUS
10
0.6946850393700787
20
1.9983464566929134
11
0.6946850393700787
21
1.9583464566929134
0
LINE
8
BLACK
6
CONTINUOUS
10
0.6946850393700787
20
1.9583464566929134
11
0.719763779527559
21
1.9583464566929134
0
LINE
8
BLACK
6
CONTINUOUS
10
0.719763779527559
20
1.9583464566929134
11
0.719763779527559
21
1.8983464566929134
0
LINE
8
BLACK
6
CONTINUOUS
10
0.719763779527559
20
1.8983464566929134
11
0.6927165354330709
21
1.8983464566929134
0
LINE
8
BLACK
6
CONTINUOUS
10
0.6927165354330709
20
1.8983464566929134
11
0.6927165354330709
21
1.8783464566929133
0
LINE
8
BLACK
6
CONTINUOUS
10
0.6927165354330709
20
1.8783464566929133
11
0.6926598031496063
21
1.8777703937007875
0
LINE
8
BLACK
6
CONTINUOUS
10
0.6926598031496063
20
1.8777703937007875
11
0.6922979921259842
21
1.8768968897637794
0
LINE
8
BLACK
6
CONTINUOUS
10
0.6922979921259842
20
1.8768968897637794
11
0.6922188976377952
21
1.8767059842519684
0
LINE
8
BLACK
6
CONTINUOUS
10
0.6922188976377952
20
1.8767059842519684
11
0.6918516929133858
21
1.8762585433070866
0
LINE
8
BLACK
6
CONTINUOUS
10
0.6918516929133858
20
1.8762585433070866
11
0.628740157480315
21
1.8131470078740157
0
LINE
8
BLACK
6
CONTINUOUS
10
0.628740157480315
20
1.8131470078740157
11
0.628740157480315
21
0.3807086614173228
0
LINE
8
BLACK
6
CONTINUOUS
10
0.628740157480315
20
0.3807086614173228
11
0.6307086614173228
21
0.3807086614173228
0
LINE
8
BLACK
6
CONTINUOUS
10
0.6307086614173228
20
0.3807086614173228
11
0.6307086614173228
21
0.3570866141732283
0
LINE
8
BLACK
6
CONTINUOUS
10
0.6307086614173228
20
0.3570866141732283
11
0.6208661417322835
21
0.3570866141732283
0
LINE
8
BLACK
6
CONTINUOUS
10
0.6208661417322835
20
0.3570866141732283
11
0.6208661417322835
21
0.3807086614173228
0
LINE
8
BLACK
6
CONTINUOUS
10
0.6208661417322835
20
0.3807086614173228
11
0.6228346456692914
21
0.3807086614173228
0
LINE
8
BLACK
6
CONTINUOUS
10
0.6228346456692914
20
0.3807086614173228
11
0.6228346456692914
21
1.8143700787401575
0
LINE
8
BLACK
6
CONTINUOUS
10
0.6228346456692914
20
1.8143700787401575
11
0.6228913779527558
21
1.8149461417322834
0
LINE
8
BLACK
6
CONTINUOUS
10
0.6228913779527558
20
1.8149461417322834
11
0.6233322834645669
21
1.8160105511811022
0
LINE
8
BLACK
6
CONTINUOUS
10
0.6233322834645669
20
1.8160105511811022
11
0.6236994881889764
21
1.8164579921259842
0
LINE
8
BLACK
6
CONTINUOUS
10
0.6236994881889764
20
1.8164579921259842
11
0.6868110236220473
21
1.8795695275590552
0
LINE
8
BLACK
6
CONTINUOUS
10
0.6868110236220473
20
1.8795695275590552
11
0.6868110236220473
21
1.8983464566929134
0
LINE
8
BLACK
6
CONTINUOUS
10
0.6868110236220473
20
1.8983464566929134
11
0.659763779527559
21
1.8983464566929134
0
LINE
8
BLACK
6
CONTINUOUS
10
0.659763779527559
20
1.8983464566929134
11
0.659763779527559
21
1.9583464566929134
0
LINE
8
BLACK
6
CONTINUOUS
10
0.659763779527559
20
1.9583464566929134
11
0.6848425196850394
21
1.9583464566929134
0
LINE
8
BLACK
6
CONTINUOUS
10
0.6848425196850394
20
1.9583464566929134
11
0.6848425196850394
21
1.9983464566929134
0
LINE
8
BLACK
6
CONTINUOUS
10
0.6848425196850394
20
1.9983464566929134
11
0.659763779527559
21
1.9983464566929134
0
LINE
8
BLACK
6
CONTINUOUS
10
0.659763779527559
20
1.9983464566929134
11
0.659763779527559
21
2.0583464566929135
0
LINE
8
BLACK
6
CONTINUOUS
10
0.659763779527559
20
2.0583464566929135
11
0.719763779527559
21
2.0583464566929135
0
LINE
8
BLACK
6
CONTINUOUS
10
0.719763779527559
20
2.0583464566929135
11
0.719763779527559
21
1.9983464566929134
0
LINE
8
BLACK
6
CONTINUOUS
10
0.8197637795275591
20
1.9983464566929134
11
0.7946850393700787
21
1.9983464566929134
0
LINE
8
BLACK
6
CONTINUOUS
10
0.7946850393700787
20
1.9983464566929134
11
0.7946850393700787
21
1.9583464566929134
0
LINE
8
BLACK
6
CONTINUOUS
10
0.7946850393700787
20
1.9583464566929134
11
0.8197637795275591
21
1.9583464566929134
0
LINE
8
BLACK
6
CONTINUOUS
10
0.8197637795275591
20
1.9583464566929134
11
0.8197637795275591
21
1.8983464566929134
0
LINE
8
BLACK
6
CONTINUOUS
10
0.8197637795275591
20
1.8983464566929134
11
0.759763779527559
21
1.8983464566929134
0
LINE
8
BLACK
6
CONTINUOUS
10
0.759763779527559
20
1.8983464566929134
11
0.759763779527559
21
1.9185800787401575
0
LINE
8
BLACK
6
CONTINUOUS
10
0.759763779527559
20
1.9185800787401575
11
0.6446850393700787
21
1.803501338582677
0
LINE
8
BLACK
6
CONTINUOUS
10
0.6446850393700787
20
1.803501338582677
11
0.6446850393700787
21
0.3952755905511811
0
LINE
8
BLACK
6
CONTINUOUS
10
0.6446850393700787
20
0.3952755905511811
11
0.6446283070866141
21
0.3946995275590551
0
LINE
8
BLACK
6
CONTINUOUS
10
0.6446283070866141
20
0.3946995275590551
11
0.6444881889763779
21
0.3943612992125984
0
LINE
8
BLACK
6
CONTINUOUS
10
0.6444881889763779
20
0.3943612992125984
11
0.6444881889763779
21
0.3807086614173228
0
LINE
8
BLACK
6
CONTINUOUS
10
0.6444881889763779
20
0.3807086614173228
11
0.6464566929133858
21
0.3807086614173228
0
LINE
8
BLACK
6
CONTINUOUS
10
0.6464566929133858
20
0.3807086614173228
11
0.6464566929133858
21
0.3570866141732283
0
LINE
8
BLACK
6
CONTINUOUS
10
0.6464566929133858
20
0.3570866141732283
11
0.6366141732283465
21
0.3570866141732283
0
LINE
8
BLACK
6
CONTINUOUS
10
0.6366141732283465
20
0.3570866141732283
11
0.6366141732283465
21
0.3807086614173228
0
LINE
8
BLACK
6
CONTINUOUS
10
0.6366141732283465
20
0.3807086614173228
11
0.6385826771653543
21
0.3807086614173228
0
LINE
8
BLACK
6
CONTINUOUS
10
0.6385826771653543
20
0.3807086614173228
11
0.6385826771653543
21
0.3950787401574803
0
LINE
8
BLACK
6
CONTINUOUS
10
0.6385826771653543
20
0.3950787401574803
11
0.6386394094488189
21
0.3956548031496063
0
LINE
8
BLACK
6
CONTINUOUS
10
0.6386394094488189
20
0.3956548031496063
11
0.6387795275590551
21
0.3959930708661417
0
LINE
8
BLACK
6
CONTINUOUS
10
0.6387795275590551
20
0.3959930708661417
11
0.6387795275590551
21
1.8047244094488188
0
LINE
8
BLACK
6
CONTINUOUS
10
0.6387795275590551
20
1.8047244094488188
11
0.6388362598425197
21
1.8053004724409449
0
LINE
8
BLACK
6
CONTINUOUS
10
0.6388362598425197
20
1.8053004724409449
11
0.6392771653543307
21
1.8063648818897637
0
LINE
8
BLACK
6
CONTINUOUS
10
0.6392771653543307
20
1.8063648818897637
11
0.6396443700787401
21
1.8068123228346455
0
LINE
8
BLACK
6
CONTINUOUS
10
0.6396443700787401
20
1.8068123228346455
11
0.759763779527559
21
1.9269317322834645
0
LINE
8
BLACK
6
CONTINUOUS
10
0.759763779527559
20
1.9269317322834645
11
0.759763779527559
21
1.9583464566929134
0
LINE
8
BLACK
6
CONTINUOUS
10
0.759763779527559
20
1.9583464566929134
11
0.7848425196850394
21
1.9583464566929134
0
LINE
8
BLACK
6
CONTINUOUS
10
0.7848425196850394
20
1.9583464566929134
11
0.7848425196850394
21
1.9983464566929134
0
LINE
8
BLACK
6
CONTINUOUS
10
0.7848425196850394
20
1.9983464566929134
11
0.759763779527559
21
1.9983464566929134
0
LINE
8
BLACK
6
CONTINUOUS
10
0.759763779527559
20
1.9983464566929134
11
0.759763779527559
21
2.0583464566929135
0
LINE
8
BLACK
6
CONTINUOUS
10
0.759763779527559
20
2.0583464566929135
11
0.8197637795275591
21
2.0583464566929135
0
LINE
8
BLACK
6
CONTINUOUS
10
0.8197637795275591
20
2.0583464566929135
11
0.8197637795275591
21
1.9983464566929134
0
LINE
8
BLACK
6
CONTINUOUS
10
1.401281062992126
20
2.1661541338582677
11
1.4030824409448819
21
2.1640752362204725
0
LINE
8
BLACK
6
CONTINUOUS
10
1.4030824409448819
20
2.1640752362204725
11
1.403523622047244
21
2.162047244094488
0
LINE
8
BLACK
6
CONTINUOUS
10
1.403523622047244
20
2.162047244094488
11
1.403523622047244
21
-0.1840944881889764
0
LINE
8
BLACK
6
CONTINUOUS
10
1.403523622047244
20
-0.1840944881889764
11
1.402748622047244
21
-0.1867338188976378
0
LINE
8
BLACK
6
CONTINUOUS
10
1.402748622047244
20
-0.1867338188976378
11
1.4006697244094488
21
-0.1885351968503937
0
LINE
8
BLACK
6
CONTINUOUS
10
1.4006697244094488
20
-0.1885351968503937
11
1.3986417322834646
21
-0.1889763779527559
0
LINE
8
BLACK
6
CONTINUOUS
10
1.3986417322834646
20
-0.1889763779527559
11
-0.1845920472440945
21
-0.1889763779527559
0
LINE
8
BLACK
6
CONTINUOUS
10
-0.1845920472440945
20
-0.1889763779527559
11
-0.1857511417322835
21
-0.1886360236220472
0
LINE
8
BLACK
6
CONTINUOUS
10
-0.1857511417322835
20
-0.1886360236220472
11
-0.1869316929133858
21
-0.1883792125984252
0
LINE
8
BLACK
6
CONTINUOUS
10
-0.1869316929133858
20
-0.1883792125984252
11
-0.1871291732283465
21
-0.1882313779527559
0
LINE
8
BLACK
6
CONTINUOUS
10
-0.1871291732283465
20
-0.1882313779527559
11
-0.1872313779527559
21
-0.1882013779527559
0
LINE
8
BLACK
6
CONTINUOUS
10
-0.1872313779527559
20
-0.1882013779527559
11
-0.1880440551181102
21
-0.1875464960629921
0
LINE
8
BLACK
6
CONTINUOUS
10
-0.1880440551181102
20
-0.1875464960629921
11
-0.1881567322834646
21
-0.1874338188976378
0
LINE
8
BLACK
6
CONTINUOUS
10
-0.1881567322834646
20
-0.1874338188976378
11
-0.1894750393700787
21
-0.1850195275590551
0
LINE
8
BLACK
6
CONTINUOUS
10
-0.1894750393700787
20
-0.1850195275590551
11
-0.1895866141732283
21
-0.183981811023622
0
LINE
8
BLACK
6
CONTINUOUS
10
-0.1895866141732283
20
-0.183981811023622
11
-0.1895866141732283
21
0.0102364173228346
0
LINE
8
BLACK
6
CONTINUOUS
10
-0.1895866141732283
20
0.0102364173228346
11
-0.1895866141732283
21
0.9995622047244094
0
LINE
8
BLACK
6
CONTINUOUS
10
-0.1895866141732283
20
0.9995622047244094
11
-0.1895866141732283
21
1.0605638976377953
0
LINE
8
BLACK
6
CONTINUOUS
10
-0.1895866141732283
20
1.0605638976377953
11
-0.1895866141732283
21
1.5141109448818897
0
LINE
8
BLACK
6
CONTINUOUS
10
-0.1895866141732283
20
1.5141109448818897
11
-0.1895866141732283
21
1.5402194094488189
0
LINE
8
BLACK
6
CONTINUOUS
10
-0.1895866141732283
20
1.5402194094488189
11
-0.1895866141732283
21
2.162047244094488
0
LINE
8
BLACK
6
CONTINUOUS
10
-0.1895866141732283
20
2.162047244094488
11
-0.1888116141732283
21
2.1646865748031496
0
LINE
8
BLACK
6
CONTINUOUS
10
-0.1888116141732283
20
2.1646865748031496
11
-0.1867327165354331
21
2.1664879527559053
0
LINE
8
BLACK
6
CONTINUOUS
10
-0.1867327165354331
20
2.1664879527559053
11
-0.1847047244094488
21
2.1669291338582677
0
LINE
8
BLACK
6
CONTINUOUS
10
-0.1847047244094488
20
2.1669291338582677
11
1.3986417322834646
21
2.1669291338582677
0
LINE
8
BLACK
6
CONTINUOUS
10
1.3986417322834646
20
2.1669291338582677
11
1.401281062992126
21
2.1661541338582677
0
LINE
8
BLACK
6
CONTINUOUS
10
0.8226374803149606
20
0.0734451968503937
11
0.3743966929133858
21
0.0734451968503937
0
LINE
8
BLACK
6
CONTINUOUS
10
0.3743966929133858
20
0.0734451968503937
11
0.3650292519685039
21
0.0720333070866142
0
LINE
8
BLACK
6
CONTINUOUS
10
0.3650292519685039
20
0.0720333070866142
11
0.3650290157480315
21
0.0720332283464567
0
LINE
8
BLACK
6
CONTINUOUS
10
0.3650290157480315
20
0.0720332283464567
11
0.3559761023622047
21
0.0692407480314961
0
LINE
8
BLACK
6
CONTINUOUS
10
0.3559761023622047
20
0.0692407480314961
11
0.3474410236220473
21
0.0651305118110236
0
LINE
8
BLACK
6
CONTINUOUS
10
0.3474410236220473
20
0.0651305118110236
11
0.3474409842519685
21
0.0651304724409449
0
LINE
8
BLACK
6
CONTINUOUS
10
0.3474409842519685
20
0.0651304724409449
11
0.3396131496062992
21
0.0597935826771654
0
LINE
8
BLACK
6
CONTINUOUS
10
0.3396131496062992
20
0.0597935826771654
11
0.3326685826771654
21
0.05335
0
LINE
8
BLACK
6
CONTINUOUS
10
0.3326685826771654
20
0.05335
11
0.3267616929133858
21
0.0459429527559055
0
LINE
8
BLACK
6
CONTINUOUS
10
0.3267616929133858
20
0.0459429527559055
11
0.3220248425196851
21
0.0377385039370079
0
LINE
8
BLACK
6
CONTINUOUS
10
0.3220248425196851
20
0.0377385039370079
11
0.318563779527559
21
0.0289198818897638
0
LINE
8
BLACK
6
CONTINUOUS
10
0.318563779527559
20
0.0289198818897638
11
0.3185635433070866
21
0.0289191338582677
0
LINE
8
BLACK
6
CONTINUOUS
10
0.3185635433070866
20
0.0289191338582677
11
0.3164555511811024
21
0.0196833070866142
0
LINE
8
BLACK
6
CONTINUOUS
10
0.3164555511811024
20
0.0196833070866142
11
0.3164555118110236
21
0.0196831102362205
0
LINE
8
BLACK
6
CONTINUOUS
10
0.3164555118110236
20
0.0196831102362205
11
0.3157476377952756
21
0.0102364173228346
0
LINE
8
BLACK
6
CONTINUOUS
10
0.3157476377952756
20
0.0102364173228346
11
0.3157476377952756
21
0.010236062992126
0
LINE
8
BLACK
6
CONTINUOUS
10
0.3157476377952756
20
0.010236062992126
11
0.3164555118110236
21
0.0007893700787402
0
LINE
8
BLACK
6
CONTINUOUS
10
0.3164555118110236
20
0.0007893700787402
11
0.3164555511811024
21
0.0007891732283465
0
LINE
8
BLACK
6
CONTINUOUS
10
0.3164555511811024
20
0.0007891732283465
11
0.3185635433070866
21
-0.0084466535433071
0
LINE
8
BLACK
6
CONTINUOUS
10
0.3185635433070866
20
-0.0084466535433071
11
0.3185636220472441
21
-0.0084470078740157
0
LINE
8
BLACK
6
CONTINUOUS
10
0.3185636220472441
20
-0.0084470078740157
11
0.3185637007874016
21
-0.0084472047244094
0
LINE
8
BLACK
6
CONTINUOUS
10
0.3185637007874016
20
-0.0084472047244094
11
0.3220248425196851
21
-0.0172660236220472
0
LINE
8
BLACK
6
CONTINUOUS
10
0.3220248425196851
20
-0.0172660236220472
11
0.3267616929133858
21
-0.0254705118110236
0
LINE
8
BLACK
6
CONTINUOUS
10
0.3267616929133858
20
-0.0254705118110236
11
0.3315325196850394
21
-0.0314529527559055
0
LINE
8
BLACK
6
CONTINUOUS
10
0.3315325196850394
20
-0.0314529527559055
11
0.3326685826771654
21
-0.0328775196850394
0
LINE
8
BLACK
6
CONTINUOUS
10
0.3326685826771654
20
-0.0328775196850394
11
0.3354876377952756
21
-0.035493188976378
0
LINE
8
BLACK
6
CONTINUOUS
10
0.3354876377952756
20
-0.035493188976378
11
0.3396131889763779
21
-0.0393211417322835
0
LINE
8
BLACK
6
CONTINUOUS
10
0.3396131889763779
20
-0.0393211417322835
11
0.347440748031496
21
-0.044657874015748
0
LINE
8
BLACK
6
CONTINUOUS
10
0.347440748031496
20
-0.044657874015748
11
0.3474409448818898
21
-0.0446579527559055
0
LINE
8
BLACK
6
CONTINUOUS
10
0.3474409448818898
20
-0.0446579527559055
11
0.3474409842519685
21
-0.0446579921259843
0
LINE
8
BLACK
6
CONTINUOUS
10
0.3474409842519685
20
-0.0446579921259843
11
0.3474410236220473
21
-0.044658031496063
0
LINE
8
BLACK
6
CONTINUOUS
10
0.3474410236220473
20
-0.044658031496063
11
0.3501618897637795
21
-0.0459683070866142
0
LINE
8
BLACK
6
CONTINUOUS
10
0.3501618897637795
20
-0.0459683070866142
11
0.3559761023622047
21
-0.0487682677165354
0
LINE
8
BLACK
6
CONTINUOUS
10
0.3559761023622047
20
-0.0487682677165354
11
0.3559761417322835
21
-0.0487682677165354
0
LINE
8
BLACK
6
CONTINUOUS
10
0.3559761417322835
20
-0.0487682677165354
11
0.3559762598425197
21
-0.0487683464566929
0
LINE
8
BLACK
6
CONTINUOUS
10
0.3559762598425197
20
-0.0487683464566929
11
0.365029094488189
21
-0.0515607874015748
0
LINE
8
BLACK
6
CONTINUOUS
10
0.365029094488189
20
-0.0515607874015748
11
0.3650291338582677
21
-0.0515607874015748
0
LINE
8
BLACK
6
CONTINUOUS
10
0.3650291338582677
20
-0.0515607874015748
11
0.3650292519685039
21
-0.0515608267716535
0
LINE
8
BLACK
6
CONTINUOUS
10
0.3650292519685039
20
-0.0515608267716535
11
0.3743966929133858
21
-0.0529727165354331
0
LINE
8
BLACK
6
CONTINUOUS
10
0.3743966929133858
20
-0.0529727165354331
11
0.3743968897637795
21
-0.0529727165354331
0
LINE
8
BLACK
6
CONTINUOUS
10
0.3743968897637795
20
-0.0529727165354331
11
0.3743970078740158
21
-0.0529727559055118
0
LINE
8
BLACK
6
CONTINUOUS
10
0.3743970078740158
20
-0.0529727559055118
11
0.3789626377952756
21
-0.0529727559055118
0
LINE
8
BLACK
6
CONTINUOUS
10
0.3789626377952756
20
-0.0529727559055118
11
0.8225031496062992
21
-0.0529727559055118
0
LINE
8
BLACK
6
CONTINUOUS
10
0.8225031496062992
20
-0.0529727559055118
11
0.8226374803149606
21
-0.0529727559055118
0
LINE
8
BLACK
6
CONTINUOUS
10
0.8226374803149606
20
-0.0529727559055118
11
0.8273743700787402
21
-0.0529727952755905
0
LINE
8
BLACK
6
CONTINUOUS
10
0.8273743700787402
20
-0.0529727952755905
11
0.8299943700787401
21
-0.052577874015748
0
LINE
8
BLACK
6
CONTINUOUS
10
0.8299943700787401
20
-0.052577874015748
11
0.8367420866141733
21
-0.0515608661417323
0
LINE
8
BLACK
6
CONTINUOUS
10
0.8367420866141733
20
-0.0515608661417323
11
0.8367421259842519
21
-0.0515608267716535
0
LINE
8
BLACK
6
CONTINUOUS
10
0.8367421259842519
20
-0.0515608267716535
11
0.8367422834645669
21
-0.0515608267716535
0
LINE
8
BLACK
6
CONTINUOUS
10
0.8367422834645669
20
-0.0515608267716535
11
0.845795157480315
21
-0.0487684251968504
0
LINE
8
BLACK
6
CONTINUOUS
10
0.845795157480315
20
-0.0487684251968504
11
0.8543307086614172
21
-0.0446579527559055
0
LINE
8
BLACK
6
CONTINUOUS
10
0.8543307086614172
20
-0.0446579527559055
11
0.8621583070866141
21
-0.0393212204724409
0
LINE
8
BLACK
6
CONTINUOUS
10
0.8621583070866141
20
-0.0393212204724409
11
0.8691030708661417
21
-0.0328774803149606
0
LINE
8
BLACK
6
CONTINUOUS
10
0.8691030708661417
20
-0.0328774803149606
11
0.8750098818897638
21
-0.0254705905511811
0
LINE
8
BLACK
6
CONTINUOUS
10
0.8750098818897638
20
-0.0254705905511811
11
0.8797467716535433
21
-0.0172661023622047
0
LINE
8
BLACK
6
CONTINUOUS
10
0.8797467716535433
20
-0.0172661023622047
11
0.8832079133858267
21
-0.0084472440944882
0
LINE
8
BLACK
6
CONTINUOUS
10
0.8832079133858267
20
-0.0084472440944882
11
0.8853160236220472
21
0.0007889763779528
0
LINE
8
BLACK
6
CONTINUOUS
10
0.8853160236220472
20
0.0007889763779528
11
0.8860240157480315
21
0.0102362204724409
0
LINE
8
BLACK
6
CONTINUOUS
10
0.8860240157480315
20
0.0102362204724409
11
0.8853160236220472
21
0.0196834645669291
0
LINE
8
BLACK
6
CONTINUOUS
10
0.8853160236220472
20
0.0196834645669291
11
0.8832079133858267
21
0.0289196850393701
0
LINE
8
BLACK
6
CONTINUOUS
10
0.8832079133858267
20
0.0289196850393701
11
0.8797467716535433
21
0.0377385433070866
0
LINE
8
BLACK
6
CONTINUOUS
10
0.8797467716535433
20
0.0377385433070866
11
0.8750098818897638
21
0.045943031496063
0
LINE
8
BLACK
6
CONTINUOUS
10
0.8750098818897638
20
0.045943031496063
11
0.8691030708661417
21
0.0533499212598425
0
LINE
8
BLACK
6
CONTINUOUS
10
0.8691030708661417
20
0.0533499212598425
11
0.8621583070866141
21
0.0597936614173228
0
LINE
8
BLACK
6
CONTINUOUS
10
0.8621583070866141
20
0.0597936614173228
11
0.8543307086614172
21
0.0651303937007874
0
LINE
8
BLACK
6
CONTINUOUS
10
0.8543307086614172
20
0.0651303937007874
11
0.8543303937007873
21
0.0651305905511811
0
LINE
8
BLACK
6
CONTINUOUS
10
0.8543303937007873
20
0.0651305905511811
11
0.8457953543307086
21
0.0692407874015748
0
LINE
8
BLACK
6
CONTINUOUS
10
0.8457953543307086
20
0.0692407874015748
11
0.8457946062992125
21
0.069241062992126
0
LINE
8
BLACK
6
CONTINUOUS
10
0.8457946062992125
20
0.069241062992126
11
0.8367424803149606
21
0.0720332283464567
0
LINE
8
BLACK
6
CONTINUOUS
10
0.8367424803149606
20
0.0720332283464567
11
0.8367420866141733
21
0.0720333464566929
0
LINE
8
BLACK
6
CONTINUOUS
10
0.8367420866141733
20
0.0720333464566929
11
0.8273744881889764
21
0.0734452362204724
0
LINE
8
BLACK
6
CONTINUOUS
10
0.8273744881889764
20
0.0734452362204724
11
0.8273743700787402
21
0.0734452362204724
0
LINE
8
BLACK
6
CONTINUOUS
10
0.8273743700787402
20
0.0734452362204724
11
0.8226374803149606
21
0.0734451968503937
0
LINE
8
BLACK
6
CONTINUOUS
10
0.1152165354330709
20
0.9779968897637795
11
0.1156206299212598
21
0.9740418897637795
0
LINE
8
BLACK
6
CONTINUOUS
10
0.1156206299212598
20
0.9740418897637795
11
0.1177439763779528
21
0.967633937007874
0
LINE
8
BLACK
6
CONTINUOUS
10
0.1177439763779528
20
0.967633937007874
11
0.1177441732283465
21
0.9676335039370079
0
LINE
8
BLACK
6
CONTINUOUS
10
0.1177441732283465
20
0.9676335039370079
11
0.121287874015748
21
0.9618883464566929
0
LINE
8
BLACK
6
CONTINUOUS
10
0.121287874015748
20
0.9618883464566929
11
0.1212879921259842
21
0.961888188976378
0
LINE
8
BLACK
6
CONTINUOUS
10
0.1212879921259842
20
0.961888188976378
11
0.1260613779527559
21
0.9571148031496063
0
LINE
8
BLACK
6
CONTINUOUS
10
0.1260613779527559
20
0.9571148031496063
11
0.1260615354330709
21
0.95711468503937
0
LINE
8
BLACK
6
CONTINUOUS
10
0.1260615354330709
20
0.95711468503937
11
0.1318066929133858
21
0.9535709842519685
0
LINE
8
BLACK
6
CONTINUOUS
10
0.1318066929133858
20
0.9535709842519685
11
0.131806811023622
21
0.9535709448818898
0
LINE
8
BLACK
6
CONTINUOUS
10
0.131806811023622
20
0.9535709448818898
11
0.1318070472440945
21
0.9535707874015747
0
LINE
8
BLACK
6
CONTINUOUS
10
0.1318070472440945
20
0.9535707874015747
11
0.1382151181102362
21
0.9514474015748031
0
LINE
8
BLACK
6
CONTINUOUS
10
0.1382151181102362
20
0.9514474015748031
11
0.1421703937007874
21
0.9510433070866141
0
LINE
8
BLACK
6
CONTINUOUS
10
0.1421703937007874
20
0.9510433070866141
11
0.1421705905511811
21
0.9510433070866141
0
LINE
8
BLACK
6
CONTINUOUS
10
0.1421705905511811
20
0.9510433070866141
11
0.1657034251968504
21
0.9510433070866141
0
LINE
8
BLACK
6
CONTINUOUS
10
0.1657034251968504
20
0.9510433070866141
11
0.1657036220472441
21
0.9510433070866141
0
LINE
8
BLACK
6
CONTINUOUS
10
0.1657036220472441
20
0.9510433070866141
11
0.1696588976377953
21
0.9514474015748031
0
LINE
8
BLACK
6
CONTINUOUS
10
0.1696588976377953
20
0.9514474015748031
11
0.176066968503937
21
0.9535707874015747
0
LINE
8
BLACK
6
CONTINUOUS
10
0.176066968503937
20
0.9535707874015747
11
0.1818125984251968
21
0.9571147637795275
0
LINE
8
BLACK
6
CONTINUOUS
10
0.1818125984251968
20
0.9571147637795275
11
0.1865860236220472
21
0.961888188976378
0
LINE
8
BLACK
6
CONTINUOUS
10
0.1865860236220472
20
0.961888188976378
11
0.187572874015748
21
0.9634880708661417
0
LINE
8
BLACK
6
CONTINUOUS
10
0.187572874015748
20
0.9634880708661417
11
0.1896180708661417
21
0.9653276377952755
0
LINE
8
BLACK
6
CONTINUOUS
10
0.1896180708661417
20
0.9653276377952755
11
0.1917279133858268
21
0.9658070866141732
0
LINE
8
BLACK
6
CONTINUOUS
10
0.1917279133858268
20
0.9658070866141732
11
0.2260337007874016
21
0.9658070866141732
0
LINE
8
BLACK
6
CONTINUOUS
10
0.2260337007874016
20
0.9658070866141732
11
0.228673031496063
21
0.9650320866141732
0
LINE
8
BLACK
6
CONTINUOUS
10
0.228673031496063
20
0.9650320866141732
11
0.2296260236220472
21
0.9641641732283465
0
LINE
8
BLACK
6
CONTINUOUS
10
0.2296260236220472
20
0.9641641732283465
11
0.2296409448818898
21
0.9641790551181102
0
LINE
8
BLACK
6
CONTINUOUS
10
0.2296409448818898
20
0.9641790551181102
11
0.2346394094488189
21
0.9591805905511811
0
LINE
8
BLACK
6
CONTINUOUS
10
0.2346394094488189
20
0.9591805905511811
11
0.2346394881889764
21
0.9591805511811023
0
LINE
8
BLACK
6
CONTINUOUS
10
0.2346394881889764
20
0.9591805511811023
11
0.2346395669291338
21
0.9591804724409448
0
LINE
8
BLACK
6
CONTINUOUS
10
0.2346395669291338
20
0.9591804724409448
11
0.2404364960629921
21
0.9556761023622047
0
LINE
8
BLACK
6
CONTINUOUS
10
0.2404364960629921
20
0.9556761023622047
11
0.2469035826771654
21
0.953660905511811
0
LINE
8
BLACK
6
CONTINUOUS
10
0.2469035826771654
20
0.953660905511811
11
0.2497139763779528
21
0.9534055118110236
0
LINE
8
BLACK
6
CONTINUOUS
10
0.2497139763779528
20
0.9534055118110236
11
0.2699710236220472
21
0.9534055511811024
0
LINE
8
BLACK
6
CONTINUOUS
10
0.2699710236220472
20
0.9534055511811024
11
0.2699713385826771
21
0.9534055511811024
0
LINE
8
BLACK
6
CONTINUOUS
10
0.2699713385826771
20
0.9534055511811024
11
0.2727812992125984
21
0.9536608661417323
0
LINE
8
BLACK
6
CONTINUOUS
10
0.2727812992125984
20
0.9536608661417323
11
0.2727814173228346
21
0.953660905511811
0
LINE
8
BLACK
6
CONTINUOUS
10
0.2727814173228346
20
0.953660905511811
11
0.2727814566929134
21
0.953660905511811
0
LINE
8
BLACK
6
CONTINUOUS
10
0.2727814566929134
20
0.953660905511811
11
0.2792485433070866
21
0.9556761023622047
0
LINE
8
BLACK
6
CONTINUOUS
10
0.2792485433070866
20
0.9556761023622047
11
0.2850454724409449
21
0.9591804724409448
0
LINE
8
BLACK
6
CONTINUOUS
10
0.2850454724409449
20
0.9591804724409448
11
0.2850456299212598
21
0.9591806299212599
0
LINE
8
BLACK
6
CONTINUOUS
10
0.2850456299212598
20
0.9591806299212599
11
0.2888708267716535
21
0.9630057874015748
0
LINE
8
BLACK
6
CONTINUOUS
10
0.2888708267716535
20
0.9630057874015748
11
0.2912851181102362
21
0.964324094488189
0
LINE
8
BLACK
6
CONTINUOUS
10
0.2912851181102362
20
0.964324094488189
11
0.2940288976377953
21
0.964127874015748
0
LINE
8
BLACK
6
CONTINUOUS
10
0.2940288976377953
20
0.964127874015748
11
0.2957748425196851
21
0.9630057874015748
0
LINE
8
BLACK
6
CONTINUOUS
10
0.2957748425196851
20
0.9630057874015748
11
0.2996000393700787
21
0.9591805905511811
0
LINE
8
BLACK
6
CONTINUOUS
10
0.2996000393700787
20
0.9591805905511811
11
0.2996001181102362
21
0.9591805511811023
0
LINE
8
BLACK
6
CONTINUOUS
10
0.2996001181102362
20
0.9591805511811023
11
0.2996001968503937
21
0.9591804724409448
0
LINE
8
BLACK
6
CONTINUOUS
10
0.2996001968503937
20
0.9591804724409448
11
0.3053971259842519
21
0.9556761023622047
0
LINE
8
BLACK
6
CONTINUOUS
10
0.3053971259842519
20
0.9556761023622047
11
0.3118642125984252
21
0.953660905511811
0
LINE
8
BLACK
6
CONTINUOUS
10
0.3118642125984252
20
0.953660905511811
11
0.3146746062992126
21
0.9534055118110236
0
LINE
8
BLACK
6
CONTINUOUS
10
0.3146746062992126
20
0.9534055118110236
11
0.3349316535433071
21
0.9534055511811024
0
LINE
8
BLACK
6
CONTINUOUS
10
0.3349316535433071
20
0.9534055511811024
11
0.334931968503937
21
0.9534055511811024
0
LINE
8
BLACK
6
CONTINUOUS
10
0.334931968503937
20
0.9534055511811024
11
0.3377419291338583
21
0.9536608661417323
0
LINE
8
BLACK
6
CONTINUOUS
10
0.3377419291338583
20
0.9536608661417323
11
0.3377420472440945
21
0.953660905511811
0
LINE
8
BLACK
6
CONTINUOUS
10
0.3377420472440945
20
0.953660905511811
11
0.3377420866141732
21
0.953660905511811
0
LINE
8
BLACK
6
CONTINUOUS
10
0.3377420866141732
20
0.953660905511811
11
0.3442091732283464
21
0.9556761023622047
0
LINE
8
BLACK
6
CONTINUOUS
10
0.3442091732283464
20
0.9556761023622047
11
0.3500061023622047
21
0.9591804724409448
0
LINE
8
BLACK
6
CONTINUOUS
10
0.3500061023622047
20
0.9591804724409448
11
0.354795905511811
21
0.9639702755905512
0
LINE
8
BLACK
6
CONTINUOUS
10
0.354795905511811
20
0.9639702755905512
11
0.3562238976377953
21
0.9663324409448819
0
LINE
8
BLACK
6
CONTINUOUS
10
0.3562238976377953
20
0.9663324409448819
11
0.3565048818897638
21
0.9667972440944882
0
LINE
8
BLACK
6
CONTINUOUS
10
0.3565048818897638
20
0.9667972440944882
11
0.3585335433070866
21
0.9686549999999999
0
LINE
8
BLACK
6
CONTINUOUS
10
0.3585335433070866
20
0.9686549999999999
11
0.360682716535433
21
0.9691535433070866
0
LINE
8
BLACK
6
CONTINUOUS
10
0.360682716535433
20
0.9691535433070866
11
0.5102334645669291
21
0.9691535433070866
0
LINE
8
BLACK
6
CONTINUOUS
10
0.5102334645669291
20
0.9691535433070866
11
0.5128727952755905
21
0.9683785433070866
0
LINE
8
BLACK
6
CONTINUOUS
10
0.5128727952755905
20
0.9683785433070866
11
0.5144112598425197
21
0.9667972834645669
0
LINE
8
BLACK
6
CONTINUOUS
10
0.5144112598425197
20
0.9667972834645669
11
0.5146922047244095
21
0.9663325590551181
0
LINE
8
BLACK
6
CONTINUOUS
10
0.5146922047244095
20
0.9663325590551181
11
0.514692283464567
21
0.9663324409448819
0
LINE
8
BLACK
6
CONTINUOUS
10
0.514692283464567
20
0.9663324409448819
11
0.5194818897637795
21
0.9615428346456693
0
LINE
8
BLACK
6
CONTINUOUS
10
0.5194818897637795
20
0.9615428346456693
11
0.5194820472440945
21
0.961542716535433
0
LINE
8
BLACK
6
CONTINUOUS
10
0.5194820472440945
20
0.961542716535433
11
0.5194820866141732
21
0.9615426771653544
0
LINE
8
BLACK
6
CONTINUOUS
10
0.5194820866141732
20
0.9615426771653544
11
0.5238598818897637
21
0.9588962204724409
0
LINE
8
BLACK
6
CONTINUOUS
10
0.5238598818897637
20
0.9588962204724409
11
0.5257176377952756
21
0.9568676377952756
0
LINE
8
BLACK
6
CONTINUOUS
10
0.5257176377952756
20
0.9568676377952756
11
0.5257649212598425
21
0.9567683858267716
0
LINE
8
BLACK
6
CONTINUOUS
10
0.5257649212598425
20
0.9567683858267716
11
0.5259411417322835
21
0.9563875196850393
0
LINE
8
BLACK
6
CONTINUOUS
10
0.5259411417322835
20
0.9563875196850393
11
0.5262309055118111
21
0.9553061811023622
0
LINE
8
BLACK
6
CONTINUOUS
10
0.5262309055118111
20
0.9553061811023622
11
0.5271808267716536
21
0.953660905511811
0
LINE
8
BLACK
6
CONTINUOUS
10
0.5271808267716536
20
0.953660905511811
11
0.5272909842519685
21
0.9534701181102362
0
LINE
8
BLACK
6
CONTINUOUS
10
0.5272909842519685
20
0.9534701181102362
11
0.5272911417322834
21
0.9534697637795275
0
LINE
8
BLACK
6
CONTINUOUS
10
0.5272911417322834
20
0.9534697637795275
11
0.5292550787401574
21
0.9500680708661418
0
LINE
8
BLACK
6
CONTINUOUS
10
0.5292550787401574
20
0.9500680708661418
11
0.5292553149606299
21
0.9500677559055117
0
LINE
8
BLACK
6
CONTINUOUS
10
0.5292553149606299
20
0.9500677559055117
11
0.5381961023622047
21
0.941126968503937
0
LINE
8
BLACK
6
CONTINUOUS
10
0.5381961023622047
20
0.941126968503937
11
0.5395144094488189
21
0.9387126771653543
0
LINE
8
BLACK
6
CONTINUOUS
10
0.5395144094488189
20
0.9387126771653543
11
0.5396259842519685
21
0.9376749606299213
0
LINE
8
BLACK
6
CONTINUOUS
10
0.5396259842519685
20
0.9376749606299213
11
0.5396259842519685
21
0.4138998818897638
0
LINE
8
BLACK
6
CONTINUOUS
10
0.5396259842519685
20
0.4138998818897638
11
0.5388509842519685
21
0.4112605511811023
0
LINE
8
BLACK
6
CONTINUOUS
10
0.5388509842519685
20
0.4112605511811023
11
0.5381961023622047
21
0.410447874015748
0
LINE
8
BLACK
6
CONTINUOUS
10
0.5381961023622047
20
0.410447874015748
11
0.5299064566929134
21
0.4021582283464567
0
LINE
8
BLACK
6
CONTINUOUS
10
0.5299064566929134
20
0.4021582283464567
11
0.5274921653543307
21
0.4008399212598425
0
LINE
8
BLACK
6
CONTINUOUS
10
0.5274921653543307
20
0.4008399212598425
11
0.5264544488188976
21
0.4007283464566929
0
LINE
8
BLACK
6
CONTINUOUS
10
0.5264544488188976
20
0.4007283464566929
11
0.5244624015748032
21
0.4007283464566929
0
LINE
8
BLACK
6
CONTINUOUS
10
0.5244624015748032
20
0.4007283464566929
11
0.5220786220472441
21
0.4004720078740157
0
LINE
8
BLACK
6
CONTINUOUS
10
0.5220786220472441
20
0.4004720078740157
11
0.5220785433070866
21
0.4004720078740157
0
LINE
8
BLACK
6
CONTINUOUS
10
0.5220785433070866
20
0.4004720078740157
11
0.5166848425196851
21
0.3984601968503937
0
LINE
8
BLACK
6
CONTINUOUS
10
0.5166848425196851
20
0.3984601968503937
11
0.5120763385826772
21
0.3950102755905512
0
LINE
8
BLACK
6
CONTINUOUS
10
0.5120763385826772
20
0.3950102755905512
11
0.5086264173228346
21
0.3904017716535433
0
LINE
8
BLACK
6
CONTINUOUS
10
0.5086264173228346
20
0.3904017716535433
11
0.5066146062992126
21
0.3850080708661417
0
LINE
8
BLACK
6
CONTINUOUS
10
0.5066146062992126
20
0.3850080708661417
11
0.5066146062992126
21
0.3850079921259842
0
LINE
8
BLACK
6
CONTINUOUS
10
0.5066146062992126
20
0.3850079921259842
11
0.5063582677165355
21
0.3826242125984252
0
LINE
8
BLACK
6
CONTINUOUS
10
0.5063582677165355
20
0.3826242125984252
11
0.5063582677165355
21
0.3760826771653543
0
LINE
8
BLACK
6
CONTINUOUS
10
0.5063582677165355
20
0.3760826771653543
11
0.5055832677165354
21
0.3734433464566929
0
LINE
8
BLACK
6
CONTINUOUS
10
0.5055832677165354
20
0.3734433464566929
11
0.5035043700787402
21
0.371641968503937
0
LINE
8
BLACK
6
CONTINUOUS
10
0.5035043700787402
20
0.371641968503937
11
0.5014763779527559
21
0.3712007874015748
0
LINE
8
BLACK
6
CONTINUOUS
10
0.5014763779527559
20
0.3712007874015748
11
0.4969033464566929
21
0.3712007874015748
0
LINE
8
BLACK
6
CONTINUOUS
10
0.4969033464566929
20
0.3712007874015748
11
0.4945195669291338
21
0.3709444488188977
0
LINE
8
BLACK
6
CONTINUOUS
10
0.4945195669291338
20
0.3709444488188977
11
0.4945194881889763
21
0.3709444488188977
0
LINE
8
BLACK
6
CONTINUOUS
10
0.4945194881889763
20
0.3709444488188977
11
0.4891257874015748
21
0.3689326377952756
0
LINE
8
BLACK
6
CONTINUOUS
10
0.4891257874015748
20
0.3689326377952756
11
0.4845172834645669
21
0.3654827165354331
0
LINE
8
BLACK
6
CONTINUOUS
10
0.4845172834645669
20
0.3654827165354331
11
0.4810673622047244
21
0.3608742125984252
0
LINE
8
BLACK
6
CONTINUOUS
10
0.4810673622047244
20
0.3608742125984252
11
0.4790555511811023
21
0.3554805118110236
0
LINE
8
BLACK
6
CONTINUOUS
10
0.4790555511811023
20
0.3554805118110236
11
0.4790555511811023
21
0.3554804330708661
0
LINE
8
BLACK
6
CONTINUOUS
10
0.4790555511811023
20
0.3554804330708661
11
0.4787992125984252
21
0.3530966535433071
0
LINE
8
BLACK
6
CONTINUOUS
10
0.4787992125984252
20
0.3530966535433071
11
0.4787992125984252
21
0.2823364566929134
0
LINE
8
BLACK
6
CONTINUOUS
10
0.4787992125984252
20
0.2823364566929134
11
0.4790555511811023
21
0.2799526771653543
0
LINE
8
BLACK
6
CONTINUOUS
10
0.4790555511811023
20
0.2799526771653543
11
0.4790555511811023
21
0.2799525984251968
0
LINE
8
BLACK
6
CONTINUOUS
10
0.4790555511811023
20
0.2799525984251968
11
0.4810673622047244
21
0.2745588976377953
0
LINE
8
BLACK
6
CONTINUOUS
10
0.4810673622047244
20
0.2745588976377953
11
0.4845172834645669
21
0.2699503543307086
0
LINE
8
BLACK
6
CONTINUOUS
10
0.4845172834645669
20
0.2699503543307086
11
0.4891258267716535
21
0.2665004330708661
0
LINE
8
BLACK
6
CONTINUOUS
10
0.4891258267716535
20
0.2665004330708661
11
0.4945196456692914
21
0.2644886220472441
0
LINE
8
BLACK
6
CONTINUOUS
10
0.4945196456692914
20
0.2644886220472441
11
0.4955925196850394
21
0.2643733070866142
0
LINE
8
BLACK
6
CONTINUOUS
10
0.4955925196850394
20
0.2643733070866142
11
0.4969033464566929
21
0.2642323228346456
0
LINE
8
BLACK
6
CONTINUOUS
10
0.4969033464566929
20
0.2642323228346456
11
0.4969040157480315
21
0.2642322834645669
0
LINE
8
BLACK
6
CONTINUOUS
10
0.4969040157480315
20
0.2642322834645669
11
0.516481811023622
21
0.2642322834645669
0
LINE
8
BLACK
6
CONTINUOUS
10
0.516481811023622
20
0.2642322834645669
11
0.5164824409448818
21
0.2642323228346456
0
LINE
8
BLACK
6
CONTINUOUS
10
0.5164824409448818
20
0.2642323228346456
11
0.5175469291338582
21
0.2643468110236221
0
LINE
8
BLACK
6
CONTINUOUS
10
0.5175469291338582
20
0.2643468110236221
11
0.5188661811023622
21
0.2644886220472441
0
LINE
8
BLACK
6
CONTINUOUS
10
0.5188661811023622
20
0.2644886220472441
11
0.5242599999999999
21
0.2665004330708661
0
LINE
8
BLACK
6
CONTINUOUS
10
0.5242599999999999
20
0.2665004330708661
11
0.5288685433070865
21
0.2699503543307086
0
LINE
8
BLACK
6
CONTINUOUS
10
0.5288685433070865
20
0.2699503543307086
11
0.5323184645669291
21
0.2745588976377953
0
LINE
8
BLACK
6
CONTINUOUS
10
0.5323184645669291
20
0.2745588976377953
11
0.5343302755905511
21
0.2799527165354331
0
LINE
8
BLACK
6
CONTINUOUS
10
0.5343302755905511
20
0.2799527165354331
11
0.5344720866141732
21
0.281271968503937
0
LINE
8
BLACK
6
CONTINUOUS
10
0.5344720866141732
20
0.281271968503937
11
0.5345865748031496
21
0.2823364566929134
0
LINE
8
BLACK
6
CONTINUOUS
10
0.5345865748031496
20
0.2823364566929134
11
0.5345866141732283
21
0.282337125984252
0
LINE
8
BLACK
6
CONTINUOUS
10
0.5345866141732283
20
0.282337125984252
11
0.5345866141732283
21
0.3242614566929134
0
LINE
8
BLACK
6
CONTINUOUS
10
0.5345866141732283
20
0.3242614566929134
11
0.5353616141732284
21
0.3269007874015748
0
LINE
8
BLACK
6
CONTINUOUS
10
0.5353616141732284
20
0.3269007874015748
11
0.5374405118110236
21
0.3287021653543307
0
LINE
8
BLACK
6
CONTINUOUS
10
0.5374405118110236
20
0.3287021653543307
11
0.5401632677165354
21
0.3290936614173228
0
LINE
8
BLACK
6
CONTINUOUS
10
0.5401632677165354
20
0.3290936614173228
11
0.5426654724409449
21
0.3279509448818897
0
LINE
8
BLACK
6
CONTINUOUS
10
0.5426654724409449
20
0.3279509448818897
11
0.5436963779527559
21
0.3267023228346457
0
LINE
8
BLACK
6
CONTINUOUS
10
0.5436963779527559
20
0.3267023228346457
11
0.5444126377952756
21
0.3254616535433071
0
LINE
8
BLACK
6
CONTINUOUS
10
0.5444126377952756
20
0.3254616535433071
11
0.5444127165354331
21
0.3254615354330709
0
LINE
8
BLACK
6
CONTINUOUS
10
0.5444127165354331
20
0.3254615354330709
11
0.5444127559055117
21
0.3254614960629921
0
LINE
8
BLACK
6
CONTINUOUS
10
0.5444127559055117
20
0.3254614960629921
11
0.559516653543307
21
0.3103576377952756
0
LINE
8
BLACK
6
CONTINUOUS
10
0.559516653543307
20
0.3103576377952756
11
0.5647550393700788
21
0.3073332283464567
0
LINE
8
BLACK
6
CONTINUOUS
10
0.5647550393700788
20
0.3073332283464567
11
0.5705976771653544
21
0.3057677165354331
0
LINE
8
BLACK
6
CONTINUOUS
10
0.5705976771653544
20
0.3057677165354331
11
0.5705977559055118
21
0.3057677165354331
0
LINE
8
BLACK
6
CONTINUOUS
10
0.5705977559055118
20
0.3057677165354331
11
0.6624096456692913
21
0.3057677165354331
0
LINE
8
BLACK
6
CONTINUOUS
10
0.6624096456692913
20
0.3057677165354331
11
0.6624097244094488
21
0.3057677165354331
0
LINE
8
BLACK
6
CONTINUOUS
10
0.6624097244094488
20
0.3057677165354331
11
0.6635986614173228
21
0.3060862992125984
0
LINE
8
BLACK
6
CONTINUOUS
10
0.6635986614173228
20
0.3060862992125984
11
0.6663486220472441
21
0.306020905511811
0
LINE
8
BLACK
6
CONTINUOUS
10
0.6663486220472441
20
0.306020905511811
11
0.6686266929133858
21
0.304479094488189
0
LINE
8
BLACK
6
CONTINUOUS
10
0.6686266929133858
20
0.304479094488189
11
0.6697095669291339
21
0.3019504330708661
0
LINE
8
BLACK
6
CONTINUOUS
10
0.6697095669291339
20
0.3019504330708661
11
0.6697440944881889
21
0.3013707874015748
0
LINE
8
BLACK
6
CONTINUOUS
10
0.6697440944881889
20
0.3013707874015748
11
0.6697440944881889
21
0.2823364566929134
0
LINE
8
BLACK
6
CONTINUOUS
10
0.6697440944881889
20
0.2823364566929134
11
0.6700004330708661
21
0.2799526771653543
0
LINE
8
BLACK
6
CONTINUOUS
10
0.6700004330708661
20
0.2799526771653543
11
0.6700004330708661
21
0.2799525984251968
0
LINE
8
BLACK
6
CONTINUOUS
10
0.6700004330708661
20
0.2799525984251968
11
0.6720122440944881
21
0.2745588976377953
0
LINE
8
BLACK
6
CONTINUOUS
10
0.6720122440944881
20
0.2745588976377953
11
0.6754621653543307
21
0.2699503543307086
0
LINE
8
BLACK
6
CONTINUOUS
10
0.6754621653543307
20
0.2699503543307086
11
0.6800707086614173
21
0.2665004330708661
0
LINE
8
BLACK
6
CONTINUOUS
10
0.6800707086614173
20
0.2665004330708661
11
0.6854645275590551
21
0.2644886220472441
0
LINE
8
BLACK
6
CONTINUOUS
10
0.6854645275590551
20
0.2644886220472441
11
0.6865374015748031
21
0.2643733070866142
0
LINE
8
BLACK
6
CONTINUOUS
10
0.6865374015748031
20
0.2643733070866142
11
0.6878482283464566
21
0.2642323228346456
0
LINE
8
BLACK
6
CONTINUOUS
10
0.6878482283464566
20
0.2642323228346456
11
0.6878488976377952
21
0.2642322834645669
0
LINE
8
BLACK
6
CONTINUOUS
10
0.6878488976377952
20
0.2642322834645669
11
0.7074266929133858
21
0.2642322834645669
0
LINE
8
BLACK
6
CONTINUOUS
10
0.7074266929133858
20
0.2642322834645669
11
0.7074273228346456
21
0.2642323228346456
0
LINE
8
BLACK
6
CONTINUOUS
10
0.7074273228346456
20
0.2642323228346456
11
0.708491811023622
21
0.2643468110236221
0
LINE
8
BLACK
6
CONTINUOUS
10
0.708491811023622
20
0.2643468110236221
11
0.7098110629921259
21
0.2644886220472441
0
LINE
8
BLACK
6
CONTINUOUS
10
0.7098110629921259
20
0.2644886220472441
11
0.7152048818897637
21
0.2665004330708661
0
LINE
8
BLACK
6
CONTINUOUS
10
0.7152048818897637
20
0.2665004330708661
11
0.7198134251968504
21
0.2699503543307086
0
LINE
8
BLACK
6
CONTINUOUS
10
0.7198134251968504
20
0.2699503543307086
11
0.7232633464566929
21
0.2745588976377953
0
LINE
8
BLACK
6
CONTINUOUS
10
0.7232633464566929
20
0.2745588976377953
11
0.7252751574803149
21
0.2799527165354331
0
LINE
8
BLACK
6
CONTINUOUS
10
0.7252751574803149
20
0.2799527165354331
11
0.725416968503937
21
0.281271968503937
0
LINE
8
BLACK
6
CONTINUOUS
10
0.725416968503937
20
0.281271968503937
11
0.7255314566929134
21
0.2823364566929134
0
LINE
8
BLACK
6
CONTINUOUS
10
0.7255314566929134
20
0.2823364566929134
11
0.7255314960629921
21
0.282337125984252
0
LINE
8
BLACK
6
CONTINUOUS
10
0.7255314960629921
20
0.282337125984252
11
0.7255314960629921
21
0.3530959842519685
0
LINE
8
BLACK
6
CONTINUOUS
10
0.7255314960629921
20
0.3530959842519685
11
0.7255314566929134
21
0.3530966535433071
0
LINE
8
BLACK
6
CONTINUOUS
10
0.7255314566929134
20
0.3530966535433071
11
0.7253998818897638
21
0.3543200787401575
0
LINE
8
BLACK
6
CONTINUOUS
10
0.7253998818897638
20
0.3543200787401575
11
0.7252751574803149
21
0.3554803543307087
0
LINE
8
BLACK
6
CONTINUOUS
10
0.7252751574803149
20
0.3554803543307087
11
0.7232633464566929
21
0.3608741732283465
0
LINE
8
BLACK
6
CONTINUOUS
10
0.7232633464566929
20
0.3608741732283465
11
0.7198134251968504
21
0.3654827165354331
0
LINE
8
BLACK
6
CONTINUOUS
10
0.7198134251968504
20
0.3654827165354331
11
0.7152048818897637
21
0.3689326377952756
0
LINE
8
BLACK
6
CONTINUOUS
10
0.7152048818897637
20
0.3689326377952756
11
0.7098111417322834
21
0.3709444488188977
0
LINE
8
BLACK
6
CONTINUOUS
10
0.7098111417322834
20
0.3709444488188977
11
0.7074273228346456
21
0.3712007874015748
0
LINE
8
BLACK
6
CONTINUOUS
10
0.7074273228346456
20
0.3712007874015748
11
0.7074266929133858
21
0.3712007874015748
0
LINE
8
BLACK
6
CONTINUOUS
10
0.7074266929133858
20
0.3712007874015748
11
0.7028543307086614
21
0.3712007874015748
0
LINE
8
BLACK
6
CONTINUOUS
10
0.7028543307086614
20
0.3712007874015748
11
0.700215
21
0.3719757874015748
0
LINE
8
BLACK
6
CONTINUOUS
10
0.700215
20
0.3719757874015748
11
0.6984136220472441
21
0.3740546850393701
0
LINE
8
BLACK
6
CONTINUOUS
10
0.6984136220472441
20
0.3740546850393701
11
0.6979724409448819
21
0.3760826771653543
0
LINE
8
BLACK
6
CONTINUOUS
10
0.6979724409448819
20
0.3760826771653543
11
0.6979724409448819
21
0.3826235433070866
0
LINE
8
BLACK
6
CONTINUOUS
10
0.6979724409448819
20
0.3826235433070866
11
0.6979724015748031
21
0.3826242125984252
0
LINE
8
BLACK
6
CONTINUOUS
10
0.6979724015748031
20
0.3826242125984252
11
0.6977161023622047
21
0.3850079527559055
0
LINE
8
BLACK
6
CONTINUOUS
10
0.6977161023622047
20
0.3850079527559055
11
0.6963117322834645
21
0.388773188976378
0
LINE
8
BLACK
6
CONTINUOUS
10
0.6963117322834645
20
0.388773188976378
11
0.6962717322834645
21
0.3889948818897638
0
LINE
8
BLACK
6
CONTINUOUS
10
0.6962717322834645
20
0.3889948818897638
11
0.6962016929133859
21
0.3891038582677165
0
LINE
8
BLACK
6
CONTINUOUS
10
0.6962016929133859
20
0.3891038582677165
11
0.696003937007874
21
0.3904792519685039
0
LINE
8
BLACK
6
CONTINUOUS
10
0.696003937007874
20
0.3904792519685039
11
0.696003937007874
21
0.3977143307086614
0
LINE
8
BLACK
6
CONTINUOUS
10
0.696003937007874
20
0.3977143307086614
11
0.696778937007874
21
0.4003536614173228
0
LINE
8
BLACK
6
CONTINUOUS
10
0.696778937007874
20
0.4003536614173228
11
0.6974338188976378
21
0.4011663385826771
0
LINE
8
BLACK
6
CONTINUOUS
10
0.6974338188976378
20
0.4011663385826771
11
0.7101673622047244
21
0.4138998818897638
0
LINE
8
BLACK
6
CONTINUOUS
10
0.7101673622047244
20
0.4138998818897638
11
0.7436187401574803
21
0.4473512598425197
0
LINE
8
BLACK
6
CONTINUOUS
10
0.7436187401574803
20
0.4473512598425197
11
0.745130905511811
21
0.4499704724409448
0
LINE
8
BLACK
6
CONTINUOUS
10
0.745130905511811
20
0.4499704724409448
11
0.7466431102362204
21
0.4525896456692913
0
LINE
8
BLACK
6
CONTINUOUS
10
0.7466431102362204
20
0.4525896456692913
11
0.7482086614173228
21
0.4584323228346456
0
LINE
8
BLACK
6
CONTINUOUS
10
0.7482086614173228
20
0.4584323228346456
11
0.7482086614173228
21
0.5145991732283465
0
LINE
8
BLACK
6
CONTINUOUS
10
0.7482086614173228
20
0.5145991732283465
11
0.7466431102362204
21
0.5204418503937007
0
LINE
8
BLACK
6
CONTINUOUS
10
0.7466431102362204
20
0.5204418503937007
11
0.7448865748031496
21
0.5234842519685039
0
LINE
8
BLACK
6
CONTINUOUS
10
0.7448865748031496
20
0.5234842519685039
11
0.7436187401574803
21
0.5256802362204724
0
LINE
8
BLACK
6
CONTINUOUS
10
0.7436187401574803
20
0.5256802362204724
11
0.7358196456692914
21
0.5334793307086614
0
LINE
8
BLACK
6
CONTINUOUS
10
0.7358196456692914
20
0.5334793307086614
11
0.7345013385826772
21
0.5358936220472441
0
LINE
8
BLACK
6
CONTINUOUS
10
0.7345013385826772
20
0.5358936220472441
11
0.7343897637795276
21
0.5369313385826772
0
LINE
8
BLACK
6
CONTINUOUS
10
0.7343897637795276
20
0.5369313385826772
11
0.7343897637795276
21
0.5519238976377953
0
LINE
8
BLACK
6
CONTINUOUS
10
0.7343897637795276
20
0.5519238976377953
11
0.7343897244094488
21
0.5519244094488189
0
LINE
8
BLACK
6
CONTINUOUS
10
0.7343897244094488
20
0.5519244094488189
11
0.7339856692913386
21
0.5558793700787401
0
LINE
8
BLACK
6
CONTINUOUS
10
0.7339856692913386
20
0.5558793700787401
11
0.7318622834645669
21
0.5622874409448819
0
LINE
8
BLACK
6
CONTINUOUS
10
0.7318622834645669
20
0.5622874409448819
11
0.7318621259842519
21
0.5622876771653543
0
LINE
8
BLACK
6
CONTINUOUS
10
0.7318621259842519
20
0.5622876771653543
11
0.7318620866141732
21
0.5622877952755906
0
LINE
8
BLACK
6
CONTINUOUS
10
0.7318620866141732
20
0.5622877952755906
11
0.7283183858267717
21
0.5680329527559055
0
LINE
8
BLACK
6
CONTINUOUS
10
0.7283183858267717
20
0.5680329527559055
11
0.7283182677165354
21
0.5680331102362205
0
LINE
8
BLACK
6
CONTINUOUS
10
0.7283182677165354
20
0.5680331102362205
11
0.7235448818897637
21
0.5728064960629922
0
LINE
8
BLACK
6
CONTINUOUS
10
0.7235448818897637
20
0.5728064960629922
11
0.7235447244094488
21
0.5728066141732283
0
LINE
8
BLACK
6
CONTINUOUS
10
0.7235447244094488
20
0.5728066141732283
11
0.7177995669291338
21
0.5763503149606299
0
LINE
8
BLACK
6
CONTINUOUS
10
0.7177995669291338
20
0.5763503149606299
11
0.7177993307086614
21
0.5763504330708661
0
LINE
8
BLACK
6
CONTINUOUS
10
0.7177993307086614
20
0.5763504330708661
11
0.7177992519685039
21
0.5763504724409448
0
LINE
8
BLACK
6
CONTINUOUS
10
0.7177992519685039
20
0.5763504724409448
11
0.7113911811023622
21
0.5784738582677165
0
LINE
8
BLACK
6
CONTINUOUS
10
0.7113911811023622
20
0.5784738582677165
11
0.7074361811023622
21
0.5788779527559055
0
LINE
8
BLACK
6
CONTINUOUS
10
0.7074361811023622
20
0.5788779527559055
11
0.707435905511811
21
0.5788779527559055
0
LINE
8
BLACK
6
CONTINUOUS
10
0.707435905511811
20
0.5788779527559055
11
0.7006889763779527
21
0.5788779527559055
0
LINE
8
BLACK
6
CONTINUOUS
10
0.7006889763779527
20
0.5788779527559055
11
0.6980496456692913
21
0.5796529527559054
0
LINE
8
BLACK
6
CONTINUOUS
10
0.6980496456692913
20
0.5796529527559054
11
0.6962482677165354
21
0.5817318503937008
0
LINE
8
BLACK
6
CONTINUOUS
10
0.6962482677165354
20
0.5817318503937008
11
0.6958070866141732
21
0.583759842519685
0
LINE
8
BLACK
6
CONTINUOUS
10
0.6958070866141732
20
0.583759842519685
11
0.6958070866141732
21
1.3653797244094488
0
LINE
8
BLACK
6
CONTINUOUS
10
0.6958070866141732
20
1.3653797244094488
11
0.6965820866141732
21
1.3680190551181102
0
LINE
8
BLACK
6
CONTINUOUS
10
0.6965820866141732
20
1.3680190551181102
11
0.6986609842519685
21
1.3698204330708661
0
LINE
8
BLACK
6
CONTINUOUS
10
0.6986609842519685
20
1.3698204330708661
11
0.6997361811023622
21
1.3701677165354331
0
LINE
8
BLACK
6
CONTINUOUS
10
0.6997361811023622
20
1.3701677165354331
11
0.706496062992126
21
1.3715123228346457
0
LINE
8
BLACK
6
CONTINUOUS
10
0.706496062992126
20
1.3715123228346457
11
0.7130053543307087
21
1.3742085826771653
0
LINE
8
BLACK
6
CONTINUOUS
10
0.7130053543307087
20
1.3742085826771653
11
0.7188635826771653
21
1.3781229133858268
0
LINE
8
BLACK
6
CONTINUOUS
10
0.7188635826771653
20
1.3781229133858268
11
0.7238455905511811
21
1.3831049212598425
0
LINE
8
BLACK
6
CONTINUOUS
10
0.7238455905511811
20
1.3831049212598425
11
0.7277599212598425
21
1.3889631496062991
0
LINE
8
BLACK
6
CONTINUOUS
10
0.7277599212598425
20
1.3889631496062991
11
0.7304561811023622
21
1.3954724409448818
0
LINE
8
BLACK
6
CONTINUOUS
10
0.7304561811023622
20
1.3954724409448818
11
0.7318307086614173
21
1.402382716535433
0
LINE
8
BLACK
6
CONTINUOUS
10
0.7318307086614173
20
1.402382716535433
11
0.7318307086614173
21
1.409428307086614
0
LINE
8
BLACK
6
CONTINUOUS
10
0.7318307086614173
20
1.409428307086614
11
0.7304561811023622
21
1.4163385826771653
0
LINE
8
BLACK
6
CONTINUOUS
10
0.7304561811023622
20
1.4163385826771653
11
0.7277599212598425
21
1.422847874015748
0
LINE
8
BLACK
6
CONTINUOUS
10
0.7277599212598425
20
1.422847874015748
11
0.7277598425196851
21
1.4228479921259842
0
LINE
8
BLACK
6
CONTINUOUS
10
0.7277598425196851
20
1.4228479921259842
11
0.7277597637795276
21
1.4228481496062992
0
LINE
8
BLACK
6
CONTINUOUS
10
0.7277597637795276
20
1.4228481496062992
11
0.7238455905511811
21
1.4287061023622047
0
LINE
8
BLACK
6
CONTINUOUS
10
0.7238455905511811
20
1.4287061023622047
11
0.7238454724409449
21
1.4287062598425198
0
LINE
8
BLACK
6
CONTINUOUS
10
0.7238454724409449
20
1.4287062598425198
11
0.7188637007874016
21
1.4336880314960629
0
LINE
8
BLACK
6
CONTINUOUS
10
0.7188637007874016
20
1.4336880314960629
11
0.7188635433070866
21
1.4336881496062992
0
LINE
8
BLACK
6
CONTINUOUS
10
0.7188635433070866
20
1.4336881496062992
11
0.7130055905511811
21
1.4376023228346457
0
LINE
8
BLACK
6
CONTINUOUS
10
0.7130055905511811
20
1.4376023228346457
11
0.7130051968503937
21
1.4376025196850393
0
LINE
8
BLACK
6
CONTINUOUS
10
0.7130051968503937
20
1.4376025196850393
11
0.706496062992126
21
1.4402987007874015
0
LINE
8
BLACK
6
CONTINUOUS
10
0.706496062992126
20
1.4402987007874015
11
0.7064957480314961
21
1.440298779527559
0
LINE
8
BLACK
6
CONTINUOUS
10
0.7064957480314961
20
1.440298779527559
11
0.6997365748031495
21
1.4416432677165354
0
LINE
8
BLACK
6
CONTINUOUS
10
0.6997365748031495
20
1.4416432677165354
11
0.6972991338582677
21
1.4429182677165353
0
LINE
8
BLACK
6
CONTINUOUS
10
0.6972991338582677
20
1.4429182677165353
11
0.6959379527559055
21
1.445308622047244
0
LINE
8
BLACK
6
CONTINUOUS
10
0.6959379527559055
20
1.445308622047244
11
0.6958070866141732
21
1.446431338582677
0
LINE
8
BLACK
6
CONTINUOUS
10
0.6958070866141732
20
1.446431338582677
11
0.6958070866141732
21
1.7699584251968503
0
LINE
8
BLACK
6
CONTINUOUS
10
0.6958070866141732
20
1.7699584251968503
11
0.6965820866141732
21
1.7725977559055117
0
LINE
8
BLACK
6
CONTINUOUS
10
0.6965820866141732
20
1.7725977559055117
11
0.697236968503937
21
1.7734104330708662
0
LINE
8
BLACK
6
CONTINUOUS
10
0.697236968503937
20
1.7734104330708662
11
0.7663533464566928
21
1.8425268110236219
0
LINE
8
BLACK
6
CONTINUOUS
10
0.7663533464566928
20
1.8425268110236219
11
0.7687676377952756
21
1.8438451181102362
0
LINE
8
BLACK
6
CONTINUOUS
10
0.7687676377952756
20
1.8438451181102362
11
0.7698053543307086
21
1.8439566929133857
0
LINE
8
BLACK
6
CONTINUOUS
10
0.7698053543307086
20
1.8439566929133857
11
0.8392447244094488
21
1.8439566929133857
0
LINE
8
BLACK
6
CONTINUOUS
10
0.8392447244094488
20
1.8439566929133857
11
0.839244842519685
21
1.8439566929133857
0
LINE
8
BLACK
6
CONTINUOUS
10
0.839244842519685
20
1.8439566929133857
11
0.8450875196850394
21
1.8455222440944881
0
LINE
8
BLACK
6
CONTINUOUS
10
0.8450875196850394
20
1.8455222440944881
11
0.8477066929133859
21
1.8470344488188977
0
LINE
8
BLACK
6
CONTINUOUS
10
0.8477066929133859
20
1.8470344488188977
11
0.850325905511811
21
1.8485466141732283
0
LINE
8
BLACK
6
CONTINUOUS
10
0.850325905511811
20
1.8485466141732283
11
0.8786761811023622
21
1.8768968897637794
0
LINE
8
BLACK
6
CONTINUOUS
10
0.8786761811023622
20
1.8768968897637794
11
0.8810904724409448
21
1.8782151968503937
0
LINE
8
BLACK
6
CONTINUOUS
10
0.8810904724409448
20
1.8782151968503937
11
0.8821281889763779
21
1.8783267716535432
0
LINE
8
BLACK
6
CONTINUOUS
10
0.8821281889763779
20
1.8783267716535432
11
0.9216786614173228
21
1.8783267716535432
0
LINE
8
BLACK
6
CONTINUOUS
10
0.9216786614173228
20
1.8783267716535432
11
0.9216792913385826
21
1.878326811023622
0
LINE
8
BLACK
6
CONTINUOUS
10
0.9216792913385826
20
1.878326811023622
11
0.922743779527559
21
1.8784412992125983
0
LINE
8
BLACK
6
CONTINUOUS
10
0.922743779527559
20
1.8784412992125983
11
0.9240630314960629
21
1.8785831102362205
0
LINE
8
BLACK
6
CONTINUOUS
10
0.9240630314960629
20
1.8785831102362205
11
0.9242731102362205
21
1.8786614566929134
0
LINE
8
BLACK
6
CONTINUOUS
10
0.9242731102362205
20
1.8786614566929134
11
0.9252711023622047
21
1.8790337007874016
0
LINE
8
BLACK
6
CONTINUOUS
10
0.9252711023622047
20
1.8790337007874016
11
0.9294568503937007
21
1.8805949212598425
0
LINE
8
BLACK
6
CONTINUOUS
10
0.9294568503937007
20
1.8805949212598425
11
0.9340653937007873
21
1.884044842519685
0
LINE
8
BLACK
6
CONTINUOUS
10
0.9340653937007873
20
1.884044842519685
11
0.9375153149606299
21
1.8886533858267716
0
LINE
8
BLACK
6
CONTINUOUS
10
0.9375153149606299
20
1.8886533858267716
11
0.9395271259842519
21
1.8940472047244095
0
LINE
8
BLACK
6
CONTINUOUS
10
0.9395271259842519
20
1.8940472047244095
11
0.939668937007874
21
1.8953664566929134
0
LINE
8
BLACK
6
CONTINUOUS
10
0.939668937007874
20
1.8953664566929134
11
0.9397834251968503
21
1.8964309448818897
0
LINE
8
BLACK
6
CONTINUOUS
10
0.9397834251968503
20
1.8964309448818897
11
0.9397834645669291
21
1.8964316141732283
0
LINE
8
BLACK
6
CONTINUOUS
10
0.9397834645669291
20
1.8964316141732283
11
0.9397834645669291
21
1.960261338582677
0
LINE
8
BLACK
6
CONTINUOUS
10
0.9397834645669291
20
1.960261338582677
11
0.9397834251968503
21
1.9602620078740156
0
LINE
8
BLACK
6
CONTINUOUS
10
0.9397834251968503
20
1.9602620078740156
11
0.9396518503937008
21
1.9614854330708662
0
LINE
8
BLACK
6
CONTINUOUS
10
0.9396518503937008
20
1.9614854330708662
11
0.9395271259842519
21
1.9626457086614173
0
LINE
8
BLACK
6
CONTINUOUS
10
0.9395271259842519
20
1.9626457086614173
11
0.9375153149606299
21
1.968039527559055
0
LINE
8
BLACK
6
CONTINUOUS
10
0.9375153149606299
20
1.968039527559055
11
0.9340653937007873
21
1.9726480708661416
0
LINE
8
BLACK
6
CONTINUOUS
10
0.9340653937007873
20
1.9726480708661416
11
0.9316738582677165
21
1.9744383858267716
0
LINE
8
BLACK
6
CONTINUOUS
10
0.9316738582677165
20
1.9744383858267716
11
0.9300254330708662
21
1.976640433070866
0
LINE
8
BLACK
6
CONTINUOUS
10
0.9300254330708662
20
1.976640433070866
11
0.9298292125984252
21
1.9793842125984251
0
LINE
8
BLACK
6
CONTINUOUS
10
0.9298292125984252
20
1.9793842125984251
11
0.9311475196850394
21
1.9817985039370078
0
LINE
8
BLACK
6
CONTINUOUS
10
0.9311475196850394
20
1.9817985039370078
11
0.9316738582677165
21
1.9822545669291338
0
LINE
8
BLACK
6
CONTINUOUS
10
0.9316738582677165
20
1.9822545669291338
11
0.9340653937007873
21
1.984044842519685
0
LINE
8
BLACK
6
CONTINUOUS
10
0.9340653937007873
20
1.984044842519685
11
0.9375153149606299
21
1.9886533858267716
0
LINE
8
BLACK
6
CONTINUOUS
10
0.9375153149606299
20
1.9886533858267716
11
0.9395271259842519
21
1.9940472047244093
0
LINE
8
BLACK
6
CONTINUOUS
10
0.9395271259842519
20
1.9940472047244093
11
0.939668937007874
21
1.9953664566929132
0
LINE
8
BLACK
6
CONTINUOUS
10
0.939668937007874
20
1.9953664566929132
11
0.9397834251968503
21
1.9964309448818898
0
LINE
8
BLACK
6
CONTINUOUS
10
0.9397834251968503
20
1.9964309448818898
11
0.9397834645669291
21
1.9964316141732283
0
LINE
8
BLACK
6
CONTINUOUS
10
0.9397834645669291
20
1.9964316141732283
11
0.9397834645669291
21
2.0602613385826771
0
LINE
8
BLACK
6
CONTINUOUS
10
0.9397834645669291
20
2.0602613385826771
11
0.9397834251968503
21
2.0602620078740159
0
LINE
8
BLACK
6
CONTINUOUS
10
0.9397834251968503
20
2.0602620078740159
11
0.9396518503937008
21
2.0614854330708661
0
LINE
8
BLACK
6
CONTINUOUS
10
0.9396518503937008
20
2.0614854330708661
11
0.9395271259842519
21
2.0626457086614174
0
LINE
8
BLACK
6
CONTINUOUS
10
0.9395271259842519
20
2.0626457086614174
11
0.9375153149606299
21
2.0680395275590553
0
LINE
8
BLACK
6
CONTINUOUS
10
0.9375153149606299
20
2.0680395275590553
11
0.9340653937007873
21
2.0726480708661419
0
LINE
8
BLACK
6
CONTINUOUS
10
0.9340653937007873
20
2.0726480708661419
11
0.9294568503937007
21
2.0760979921259843
0
LINE
8
BLACK
6
CONTINUOUS
10
0.9294568503937007
20
2.0760979921259843
11
0.9240631102362205
21
2.0781098031496064
0
LINE
8
BLACK
6
CONTINUOUS
10
0.9240631102362205
20
2.0781098031496064
11
0.9216792913385826
21
2.0783661417322836
0
LINE
8
BLACK
6
CONTINUOUS
10
0.9216792913385826
20
2.0783661417322836
11
0.9216786614173228
21
2.0783661417322836
0
LINE
8
BLACK
6
CONTINUOUS
10
0.9216786614173228
20
2.0783661417322836
11
0.8578488976377953
21
2.0783661417322836
0
LINE
8
BLACK
6
CONTINUOUS
10
0.8578488976377953
20
2.0783661417322836
11
0.8578482283464567
21
2.0783661417322836
0
LINE
8
BLACK
6
CONTINUOUS
10
0.8578482283464567
20
2.0783661417322836
11
0.8554644488188976
21
2.0781098031496064
0
LINE
8
BLACK
6
CONTINUOUS
10
0.8554644488188976
20
2.0781098031496064
11
0.8554643700787401
21
2.0781098031496064
0
LINE
8
BLACK
6
CONTINUOUS
10
0.8554643700787401
20
2.0781098031496064
11
0.8500706692913386
21
2.0760979921259843
0
LINE
8
BLACK
6
CONTINUOUS
10
0.8500706692913386
20
2.0760979921259843
11
0.8454620472440945
21
2.0726479921259844
0
LINE
8
BLACK
6
CONTINUOUS
10
0.8454620472440945
20
2.0726479921259844
11
0.8436718897637795
21
2.0702566141732284
0
LINE
8
BLACK
6
CONTINUOUS
10
0.8436718897637795
20
2.0702566141732284
11
0.8414697637795275
21
2.0686081496062991
0
LINE
8
BLACK
6
CONTINUOUS
10
0.8414697637795275
20
2.0686081496062991
11
0.8387260236220472
21
2.0684119291338581
0
LINE
8
BLACK
6
CONTINUOUS
10
0.8387260236220472
20
2.0684119291338581
11
0.8375984251968503
21
2.0690276771653542
0
LINE
8
BLACK
6
CONTINUOUS
10
0.8375984251968503
20
2.0690276771653542
11
0.8375984251968503
21
1.9877409842519684
0
LINE
8
BLACK
6
CONTINUOUS
10
0.8375984251968503
20
1.9877409842519684
11
0.8380577559055118
21
1.9880848031496063
0
LINE
8
BLACK
6
CONTINUOUS
10
0.8380577559055118
20
1.9880848031496063
11
0.8408015354330709
21
1.9882810236220472
0
LINE
8
BLACK
6
CONTINUOUS
10
0.8408015354330709
20
1.9882810236220472
11
0.8432158267716535
21
1.9869627165354331
0
LINE
8
BLACK
6
CONTINUOUS
10
0.8432158267716535
20
1.9869627165354331
11
0.8436717716535432
21
1.9864365354330709
0
LINE
8
BLACK
6
CONTINUOUS
10
0.8436717716535432
20
1.9864365354330709
11
0.8454621653543307
21
1.984044842519685
0
LINE
8
BLACK
6
CONTINUOUS
10
0.8454621653543307
20
1.984044842519685
11
0.8454622047244095
21
1.984044842519685
0
LINE
8
BLACK
6
CONTINUOUS
10
0.8454622047244095
20
1.984044842519685
11
0.8454622440944882
21
1.9840447637795275
0
LINE
8
BLACK
6
CONTINUOUS
10
0.8454622440944882
20
1.9840447637795275
11
0.8478536220472441
21
1.9822545669291338
0
LINE
8
BLACK
6
CONTINUOUS
10
0.8478536220472441
20
1.9822545669291338
11
0.8495020866141733
21
1.9800524409448819
0
LINE
8
BLACK
6
CONTINUOUS
10
0.8495020866141733
20
1.9800524409448819
11
0.8496983070866142
21
1.9773087007874015
0
LINE
8
BLACK
6
CONTINUOUS
10
0.8496983070866142
20
1.9773087007874015
11
0.84838
21
1.9748944488188975
0
LINE
8
BLACK
6
CONTINUOUS
10
0.84838
20
1.9748944488188975
11
0.8481329527559055
21
1.9746474409448818
0
LINE
8
BLACK
6
CONTINUOUS
10
0.8481329527559055
20
1.9746474409448818
11
0.8454621653543307
21
1.9726480708661416
0
LINE
8
BLACK
6
CONTINUOUS
10
0.8454621653543307
20
1.9726480708661416
11
0.8434627952755905
21
1.9699772834645668
0
LINE
8
BLACK
6
CONTINUOUS
10
0.8434627952755905
20
1.9699772834645668
11
0.8432157874015748
21
1.9697302362204725
0
LINE
8
BLACK
6
CONTINUOUS
10
0.8432157874015748
20
1.9697302362204725
11
0.8423025984251968
21
1.9692316141732282
0
LINE
8
BLACK
6
CONTINUOUS
10
0.8423025984251968
20
1.9692316141732282
11
0.8414697637795275
21
1.9686081496062993
0
LINE
8
BLACK
6
CONTINUOUS
10
0.8414697637795275
20
1.9686081496062993
11
0.8411142519685039
21
1.9685827559055118
0
LINE
8
BLACK
6
CONTINUOUS
10
0.8411142519685039
20
1.9685827559055118
11
0.8408014960629921
21
1.9684119291338582
0
LINE
8
BLACK
6
CONTINUOUS
10
0.8408014960629921
20
1.9684119291338582
11
0.8397637401574803
21
1.9684861811023622
0
LINE
8
BLACK
6
CONTINUOUS
10
0.8397637401574803
20
1.9684861811023622
11
0.8387260236220472
21
1.9684119291338582
0
LINE
8
BLACK
6
CONTINUOUS
10
0.8387260236220472
20
1.9684119291338582
11
0.8384132283464567
21
1.9685827559055118
0
LINE
8
BLACK
6
CONTINUOUS
10
0.8384132283464567
20
1.9685827559055118
11
0.838057716535433
21
1.9686081496062993
0
LINE
8
BLACK
6
CONTINUOUS
10
0.838057716535433
20
1.9686081496062993
11
0.8375984251968503
21
1.9689520078740157
0
LINE
8
BLACK
6
CONTINUOUS
10
0.8375984251968503
20
1.9689520078740157
11
0.8375984251968503
21
1.891496062992126
0
LINE
8
BLACK
6
CONTINUOUS
10
0.8375984251968503
20
1.891496062992126
11
0.8375416929133858
21
1.8909200393700787
0
LINE
8
BLACK
6
CONTINUOUS
10
0.8375416929133858
20
1.8909200393700787
11
0.8371008267716535
21
1.8898555905511811
0
LINE
8
BLACK
6
CONTINUOUS
10
0.8371008267716535
20
1.8898555905511811
11
0.8367335826771654
21
1.8894081496062991
0
LINE
8
BLACK
6
CONTINUOUS
10
0.8367335826771654
20
1.8894081496062991
11
0.8327178346456693
21
1.8853924015748031
0
LINE
8
BLACK
6
CONTINUOUS
10
0.8327178346456693
20
1.8853924015748031
11
0.8322703937007874
21
1.8850251968503937
0
LINE
8
BLACK
6
CONTINUOUS
10
0.8322703937007874
20
1.8850251968503937
11
0.8312059842519685
21
1.8845842913385826
0
LINE
8
BLACK
6
CONTINUOUS
10
0.8312059842519685
20
1.8845842913385826
11
0.8306299212598425
21
1.884527559055118
0
LINE
8
BLACK
6
CONTINUOUS
10
0.8306299212598425
20
1.884527559055118
11
0.7516955118110236
21
1.884527559055118
0
LINE
8
BLACK
6
CONTINUOUS
10
0.7516955118110236
20
1.884527559055118
11
0.6602362204724409
21
1.7930682677165355
0
LINE
8
BLACK
6
CONTINUOUS
10
0.6602362204724409
20
1.7930682677165355
11
0.6602362204724409
21
0.4830708661417323
0
LINE
8
BLACK
6
CONTINUOUS
10
0.6602362204724409
20
0.4830708661417323
11
0.6769685039370078
21
0.4830708661417323
0
LINE
8
BLACK
6
CONTINUOUS
10
0.6769685039370078
20
0.4830708661417323
11
0.6769685039370078
21
0.4889763779527559
0
LINE
8
BLACK
6
CONTINUOUS
10
0.6769685039370078
20
0.4889763779527559
11
0.6776427952755906
21
0.4923662992125984
0
LINE
8
BLACK
6
CONTINUOUS
10
0.6776427952755906
20
0.4923662992125984
11
0.679563031496063
21
0.4952401181102362
0
LINE
8
BLACK
6
CONTINUOUS
10
0.679563031496063
20
0.4952401181102362
11
0.6824368503937007
21
0.4971603543307087
0
LINE
8
BLACK
6
CONTINUOUS
10
0.6824368503937007
20
0.4971603543307087
11
0.6858267716535433
21
0.4978346456692913
0
LINE
8
BLACK
6
CONTINUOUS
10
0.6858267716535433
20
0.4978346456692913
11
0.705511811023622
21
0.4978346456692913
0
LINE
8
BLACK
6
CONTINUOUS
10
0.705511811023622
20
0.4978346456692913
11
0.7089017322834645
21
0.4971603543307087
0
LINE
8
BLACK
6
CONTINUOUS
10
0.7089017322834645
20
0.4971603543307087
11
0.7117755511811024
21
0.4952401181102362
0
LINE
8
BLACK
6
CONTINUOUS
10
0.7117755511811024
20
0.4952401181102362
11
0.7136957874015748
21
0.4923662992125984
0
LINE
8
BLACK
6
CONTINUOUS
10
0.7136957874015748
20
0.4923662992125984
11
0.7143700787401575
21
0.4889763779527559
0
LINE
8
BLACK
6
CONTINUOUS
10
0.7143700787401575
20
0.4889763779527559
11
0.7143700787401575
21
0.471259842519685
0
LINE
8
BLACK
6
CONTINUOUS
10
0.7143700787401575
20
0.471259842519685
11
0.7136957874015748
21
0.4678699212598425
0
LINE
8
BLACK
6
CONTINUOUS
10
0.7136957874015748
20
0.4678699212598425
11
0.7117755511811024
21
0.4649961023622047
0
LINE
8
BLACK
6
CONTINUOUS
10
0.7117755511811024
20
0.4649961023622047
11
0.7089017322834645
21
0.4630758661417323
0
LINE
8
BLACK
6
CONTINUOUS
10
0.7089017322834645
20
0.4630758661417323
11
0.705511811023622
21
0.4624015748031496
0
LINE
8
BLACK
6
CONTINUOUS
10
0.705511811023622
20
0.4624015748031496
11
0.6858267716535433
21
0.4624015748031496
0
LINE
8
BLACK
6
CONTINUOUS
10
0.6858267716535433
20
0.4624015748031496
11
0.6824368503937007
21
0.4630758661417323
0
LINE
8
BLACK
6
CONTINUOUS
10
0.6824368503937007
20
0.4630758661417323
11
0.679563031496063
21
0.4649961023622047
0
LINE
8
BLACK
6
CONTINUOUS
10
0.679563031496063
20
0.4649961023622047
11
0.6776427952755906
21
0.4678699212598425
0
LINE
8
BLACK
6
CONTINUOUS
10
0.6776427952755906
20
0.4678699212598425
11
0.6769685039370078
21
0.471259842519685
0
LINE
8
BLACK
6
CONTINUOUS
10
0.6769685039370078
20
0.471259842519685
11
0.6769685039370078
21
0.4771653543307087
0
LINE
8
BLACK
6
CONTINUOUS
10
0.6769685039370078
20
0.4771653543307087
11
0.6602362204724409
21
0.4771653543307087
0
LINE
8
BLACK
6
CONTINUOUS
10
0.6602362204724409
20
0.4771653543307087
11
0.6602362204724409
21
0.4417322834645669
0
LINE
8
BLACK
6
CONTINUOUS
10
0.6602362204724409
20
0.4417322834645669
11
0.6602362204724409
21
0.3807086614173228
0
LINE
8
BLACK
6
CONTINUOUS
10
0.6602362204724409
20
0.3807086614173228
11
0.6622047244094488
21
0.3807086614173228
0
LINE
8
BLACK
6
CONTINUOUS
10
0.6622047244094488
20
0.3807086614173228
11
0.6622047244094488
21
0.3570866141732283
0
LINE
8
BLACK
6
CONTINUOUS
10
0.6622047244094488
20
0.3570866141732283
11
0.6602362204724409
21
0.3570866141732283
0
LINE
8
BLACK
6
CONTINUOUS
10
0.6602362204724409
20
0.3570866141732283
11
0.6602362204724409
21
0.3461811023622047
0
LINE
8
BLACK
6
CONTINUOUS
10
0.6602362204724409
20
0.3461811023622047
11
0.6601794881889763
21
0.3456050393700787
0
LINE
8
BLACK
6
CONTINUOUS
10
0.6601794881889763
20
0.3456050393700787
11
0.6599968503937008
21
0.3451641732283465
0
LINE
8
BLACK
6
CONTINUOUS
10
0.6599968503937008
20
0.3451641732283465
11
0.6597386220472441
21
0.3445406692913386
0
LINE
8
BLACK
6
CONTINUOUS
10
0.6597386220472441
20
0.3445406692913386
11
0.6593713779527559
21
0.3440931889763779
0
LINE
8
BLACK
6
CONTINUOUS
10
0.6593713779527559
20
0.3440931889763779
11
0.6561036614173228
21
0.3408254724409449
0
LINE
8
BLACK
6
CONTINUOUS
10
0.6561036614173228
20
0.3408254724409449
11
0.6556562204724409
21
0.3404582677165354
0
LINE
8
BLACK
6
CONTINUOUS
10
0.6556562204724409
20
0.3404582677165354
11
0.6545918110236221
21
0.3400173622047244
0
LINE
8
BLACK
6
CONTINUOUS
10
0.6545918110236221
20
0.3400173622047244
11
0.6540157480314961
21
0.3399606299212599
0
LINE
8
BLACK
6
CONTINUOUS
10
0.6540157480314961
20
0.3399606299212599
11
0.5822834645669291
21
0.3399606299212599
0
LINE
8
BLACK
6
CONTINUOUS
10
0.5822834645669291
20
0.3399606299212599
11
0.5817074015748032
21
0.3400173622047244
0
LINE
8
BLACK
6
CONTINUOUS
10
0.5817074015748032
20
0.3400173622047244
11
0.5806429921259842
21
0.3404582677165354
0
LINE
8
BLACK
6
CONTINUOUS
10
0.5806429921259842
20
0.3404582677165354
11
0.5801955511811023
21
0.3408254724409449
0
LINE
8
BLACK
6
CONTINUOUS
10
0.5801955511811023
20
0.3408254724409449
11
0.5764553937007874
21
0.3445656299212598
0
LINE
8
BLACK
6
CONTINUOUS
10
0.5764553937007874
20
0.3445656299212598
11
0.5760881889763779
21
0.3450130708661417
0
LINE
8
BLACK
6
CONTINUOUS
10
0.5760881889763779
20
0.3450130708661417
11
0.5759766535433071
21
0.3452823228346457
0
LINE
8
BLACK
6
CONTINUOUS
10
0.5759766535433071
20
0.3452823228346457
11
0.575647283464567
21
0.3460774803149606
0
LINE
8
BLACK
6
CONTINUOUS
10
0.575647283464567
20
0.3460774803149606
11
0.5755905511811024
21
0.3466535433070866
0
LINE
8
BLACK
6
CONTINUOUS
10
0.5755905511811024
20
0.3466535433070866
11
0.5755905511811024
21
0.3570866141732283
0
LINE
8
BLACK
6
CONTINUOUS
10
0.5755905511811024
20
0.3570866141732283
11
0.5736220472440945
21
0.3570866141732283
0
LINE
8
BLACK
6
CONTINUOUS
10
0.5736220472440945
20
0.3570866141732283
11
0.5736220472440945
21
0.3807086614173228
0
LINE
8
BLACK
6
CONTINUOUS
10
0.5736220472440945
20
0.3807086614173228
11
0.5755905511811024
21
0.3807086614173228
0
LINE
8
BLACK
6
CONTINUOUS
10
0.5755905511811024
20
0.3807086614173228
11
0.5755905511811024
21
1.7505485826771654
0
LINE
8
BLACK
6
CONTINUOUS
10
0.5755905511811024
20
1.7505485826771654
11
0.4392506692913385
21
1.886888464566929
0
LINE
8
BLACK
6
CONTINUOUS
10
0.4392506692913385
20
1.886888464566929
11
0.4388834645669291
21
1.8873359055118111
0
LINE
8
BLACK
6
CONTINUOUS
10
0.4388834645669291
20
1.8873359055118111
11
0.4384425590551181
21
1.8884003543307086
0
LINE
8
BLACK
6
CONTINUOUS
10
0.4384425590551181
20
1.8884003543307086
11
0.4383858267716536
21
1.888976377952756
0
LINE
8
BLACK
6
CONTINUOUS
10
0.4383858267716536
20
1.888976377952756
11
0.4383858267716536
21
1.9685847244094488
0
LINE
8
BLACK
6
CONTINUOUS
10
0.4383858267716536
20
1.9685847244094488
11
0.4380577165354331
21
1.9686081496062993
0
LINE
8
BLACK
6
CONTINUOUS
10
0.4380577165354331
20
1.9686081496062993
11
0.4372247637795276
21
1.9692317322834645
0
LINE
8
BLACK
6
CONTINUOUS
10
0.4372247637795276
20
1.9692317322834645
11
0.4363117322834645
21
1.969730275590551
0
LINE
8
BLACK
6
CONTINUOUS
10
0.4363117322834645
20
1.969730275590551
11
0.4358556692913386
21
1.9702566141732283
0
LINE
8
BLACK
6
CONTINUOUS
10
0.4358556692913386
20
1.9702566141732283
11
0.4340654724409449
21
1.9726479921259843
0
LINE
8
BLACK
6
CONTINUOUS
10
0.4340654724409449
20
1.9726479921259843
11
0.4340653937007874
21
1.972648031496063
0
LINE
8
BLACK
6
CONTINUOUS
10
0.4340653937007874
20
1.972648031496063
11
0.4340653937007874
21
1.9726480708661416
0
LINE
8
BLACK
6
CONTINUOUS
10
0.4340653937007874
20
1.9726480708661416
11
0.4316738582677165
21
1.9744383858267716
0
LINE
8
BLACK
6
CONTINUOUS
10
0.4316738582677165
20
1.9744383858267716
11
0.4300254330708662
21
1.976640433070866
0
LINE
8
BLACK
6
CONTINUOUS
10
0.4300254330708662
20
1.976640433070866
11
0.4298292125984252
21
1.9793842125984251
0
LINE
8
BLACK
6
CONTINUOUS
10
0.4298292125984252
20
1.9793842125984251
11
0.4311475196850393
21
1.9817985039370078
0
LINE
8
BLACK
6
CONTINUOUS
10
0.4311475196850393
20
1.9817985039370078
11
0.4316738582677165
21
1.9822545669291338
0
LINE
8
BLACK
6
CONTINUOUS
10
0.4316738582677165
20
1.9822545669291338
11
0.4340653937007874
21
1.984044842519685
0
LINE
8
BLACK
6
CONTINUOUS
10
0.4340653937007874
20
1.984044842519685
11
0.4358556692913386
21
1.9864363779527558
0
LINE
8
BLACK
6
CONTINUOUS
10
0.4358556692913386
20
1.9864363779527558
11
0.4380577559055118
21
1.9880848031496063
0
LINE
8
BLACK
6
CONTINUOUS
10
0.4380577559055118
20
1.9880848031496063
11
0.4383858267716536
21
1.9881082677165354
0
LINE
8
BLACK
6
CONTINUOUS
10
0.4383858267716536
20
1.9881082677165354
11
0.4383858267716536
21
2.0685977165354332
0
LINE
8
BLACK
6
CONTINUOUS
10
0.4383858267716536
20
2.0685977165354332
11
0.4363117322834645
21
2.0697302755905511
0
LINE
8
BLACK
6
CONTINUOUS
10
0.4363117322834645
20
2.0697302755905511
11
0.4358556692913386
21
2.0702566141732284
0
LINE
8
BLACK
6
CONTINUOUS
10
0.4358556692913386
20
2.0702566141732284
11
0.4340654724409449
21
2.0726479921259844
0
LINE
8
BLACK
6
CONTINUOUS
10
0.4340654724409449
20
2.0726479921259844
11
0.4340653937007874
21
2.0726480314960631
0
LINE
8
BLACK
6
CONTINUOUS
10
0.4340653937007874
20
2.0726480314960631
11
0.4340653937007874
21
2.0726480708661419
0
LINE
8
BLACK
6
CONTINUOUS
10
0.4340653937007874
20
2.0726480708661419
11
0.4294568503937008
21
2.0760979921259843
0
LINE
8
BLACK
6
CONTINUOUS
10
0.4294568503937008
20
2.0760979921259843
11
0.4240631102362205
21
2.0781098031496064
0
LINE
8
BLACK
6
CONTINUOUS
10
0.4240631102362205
20
2.0781098031496064
11
0.4216792913385827
21
2.0783661417322836
0
LINE
8
BLACK
6
CONTINUOUS
10
0.4216792913385827
20
2.0783661417322836
11
0.4216786614173228
21
2.0783661417322836
0
LINE
8
BLACK
6
CONTINUOUS
10
0.4216786614173228
20
2.0783661417322836
11
0.3578488976377953
21
2.0783661417322836
0
LINE
8
BLACK
6
CONTINUOUS
10
0.3578488976377953
20
2.0783661417322836
11
0.3578482283464567
21
2.0783661417322836
0
LINE
8
BLACK
6
CONTINUOUS
10
0.3578482283464567
20
2.0783661417322836
11
0.3554644488188976
21
2.0781098031496064
0
LINE
8
BLACK
6
CONTINUOUS
10
0.3554644488188976
20
2.0781098031496064
11
0.3554643700787402
21
2.0781098031496064
0
LINE
8
BLACK
6
CONTINUOUS
10
0.3554643700787402
20
2.0781098031496064
11
0.3500706692913386
21
2.0760979921259843
0
LINE
8
BLACK
6
CONTINUOUS
10
0.3500706692913386
20
2.0760979921259843
11
0.3496742519685039
21
2.075801220472441
0
LINE
8
BLACK
6
CONTINUOUS
10
0.3496742519685039
20
2.075801220472441
11
0.3454621653543307
21
2.0726480708661419
0
LINE
8
BLACK
6
CONTINUOUS
10
0.3454621653543307
20
2.0726480708661419
11
0.345462125984252
21
2.0726480314960631
0
LINE
8
BLACK
6
CONTINUOUS
10
0.345462125984252
20
2.0726480314960631
11
0.3454620866141732
21
2.0726479921259844
0
LINE
8
BLACK
6
CONTINUOUS
10
0.3454620866141732
20
2.0726479921259844
11
0.343462874015748
21
2.0699774015748029
0
LINE
8
BLACK
6
CONTINUOUS
10
0.343462874015748
20
2.0699774015748029
11
0.341260748031496
21
2.0683289370078741
0
LINE
8
BLACK
6
CONTINUOUS
10
0.341260748031496
20
2.0683289370078741
11
0.3385170078740157
21
2.0681327165354331
0
LINE
8
BLACK
6
CONTINUOUS
10
0.3385170078740157
20
2.0681327165354331
11
0.3361027165354331
21
2.0694510629921261
0
LINE
8
BLACK
6
CONTINUOUS
10
0.3361027165354331
20
2.0694510629921261
11
0.3356466141732283
21
2.0699774015748029
0
LINE
8
BLACK
6
CONTINUOUS
10
0.3356466141732283
20
2.0699774015748029
11
0.3338262204724409
21
2.0724090944881888
0
LINE
8
BLACK
6
CONTINUOUS
10
0.3338262204724409
20
2.0724090944881888
11
0.329295
21
2.075801220472441
0
LINE
8
BLACK
6
CONTINUOUS
10
0.329295
20
2.075801220472441
11
0.3292947244094488
21
2.075801377952756
0
LINE
8
BLACK
6
CONTINUOUS
10
0.3292947244094488
20
2.075801377952756
11
0.3239912992125984
21
2.0777794094488189
0
LINE
8
BLACK
6
CONTINUOUS
10
0.3239912992125984
20
2.0777794094488189
11
0.3239910236220472
21
2.0777794881889764
0
LINE
8
BLACK
6
CONTINUOUS
10
0.3239910236220472
20
2.0777794881889764
11
0.3216474015748031
21
2.0780314960629922
0
LINE
8
BLACK
6
CONTINUOUS
10
0.3216474015748031
20
2.0780314960629922
11
0.2996062992125984
21
2.0780314960629922
0
LINE
8
BLACK
6
CONTINUOUS
10
0.2996062992125984
20
2.0780314960629922
11
0.2996062992125984
21
2.0583464566929135
0
LINE
8
BLACK
6
CONTINUOUS
10
0.2996062992125984
20
2.0583464566929135
11
0.319763779527559
21
2.0583464566929135
0
LINE
8
BLACK
6
CONTINUOUS
10
0.319763779527559
20
2.0583464566929135
11
0.319763779527559
21
1.9983464566929134
0
LINE
8
BLACK
6
CONTINUOUS
10
0.319763779527559
20
1.9983464566929134
11
0.2996062992125984
21
1.9983464566929134
0
LINE
8
BLACK
6
CONTINUOUS
10
0.2996062992125984
20
1.9983464566929134
11
0.2996062992125984
21
1.9583464566929134
0
LINE
8
BLACK
6
CONTINUOUS
10
0.2996062992125984
20
1.9583464566929134
11
0.319763779527559
21
1.9583464566929134
0
LINE
8
BLACK
6
CONTINUOUS
10
0.319763779527559
20
1.9583464566929134
11
0.319763779527559
21
1.8983464566929134
0
LINE
8
BLACK
6
CONTINUOUS
10
0.319763779527559
20
1.8983464566929134
11
0.2996062992125984
21
1.8983464566929134
0
LINE
8
BLACK
6
CONTINUOUS
10
0.2996062992125984
20
1.8983464566929134
11
0.2996062992125984
21
1.8786614173228346
0
LINE
8
BLACK
6
CONTINUOUS
10
0.2996062992125984
20
1.8786614173228346
11
0.3216467716535433
21
1.8786614173228346
0
LINE
8
BLACK
6
CONTINUOUS
10
0.3216467716535433
20
1.8786614173228346
11
0.3216474015748031
21
1.8786614566929134
0
LINE
8
BLACK
6
CONTINUOUS
10
0.3216474015748031
20
1.8786614566929134
11
0.3239910236220472
21
1.878913464566929
0
LINE
8
BLACK
6
CONTINUOUS
10
0.3239910236220472
20
1.878913464566929
11
0.3239912992125984
21
1.8789135433070865
0
LINE
8
BLACK
6
CONTINUOUS
10
0.3239912992125984
20
1.8789135433070865
11
0.3292947244094488
21
1.8808915748031496
0
LINE
8
BLACK
6
CONTINUOUS
10
0.3292947244094488
20
1.8808915748031496
11
0.329295
21
1.8808917322834646
0
LINE
8
BLACK
6
CONTINUOUS
10
0.329295
20
1.8808917322834646
11
0.3338262598425197
21
1.8842838582677164
0
LINE
8
BLACK
6
CONTINUOUS
10
0.3338262598425197
20
1.8842838582677164
11
0.3338262992125984
21
1.8842838976377951
0
LINE
8
BLACK
6
CONTINUOUS
10
0.3338262992125984
20
1.8842838976377951
11
0.3356466141732283
21
1.8867155118110235
0
LINE
8
BLACK
6
CONTINUOUS
10
0.3356466141732283
20
1.8867155118110235
11
0.3378487007874016
21
1.8883640157480315
0
LINE
8
BLACK
6
CONTINUOUS
10
0.3378487007874016
20
1.8883640157480315
11
0.3405924803149606
21
1.8885602362204723
0
LINE
8
BLACK
6
CONTINUOUS
10
0.3405924803149606
20
1.8885602362204723
11
0.3430067716535433
21
1.8872419291338582
0
LINE
8
BLACK
6
CONTINUOUS
10
0.3430067716535433
20
1.8872419291338582
11
0.3434627559055118
21
1.886715748031496
0
LINE
8
BLACK
6
CONTINUOUS
10
0.3434627559055118
20
1.886715748031496
11
0.3454621653543307
21
1.884044842519685
0
LINE
8
BLACK
6
CONTINUOUS
10
0.3454621653543307
20
1.884044842519685
11
0.3500707086614173
21
1.8805949212598425
0
LINE
8
BLACK
6
CONTINUOUS
10
0.3500707086614173
20
1.8805949212598425
11
0.3542564566929134
21
1.8790337007874016
0
LINE
8
BLACK
6
CONTINUOUS
10
0.3542564566929134
20
1.8790337007874016
11
0.3552544488188976
21
1.8786614566929134
0
LINE
8
BLACK
6
CONTINUOUS
10
0.3552544488188976
20
1.8786614566929134
11
0.3554645275590551
21
1.8785831102362205
0
LINE
8
BLACK
6
CONTINUOUS
10
0.3554645275590551
20
1.8785831102362205
11
0.3565374015748031
21
1.8784677952755906
0
LINE
8
BLACK
6
CONTINUOUS
10
0.3565374015748031
20
1.8784677952755906
11
0.3578482283464567
21
1.878326811023622
0
LINE
8
BLACK
6
CONTINUOUS
10
0.3578482283464567
20
1.878326811023622
11
0.3578488976377953
21
1.8783267716535432
0
LINE
8
BLACK
6
CONTINUOUS
10
0.3578488976377953
20
1.8783267716535432
11
0.3930686614173228
21
1.8783267716535432
0
LINE
8
BLACK
6
CONTINUOUS
10
0.3930686614173228
20
1.8783267716535432
11
0.3957079921259842
21
1.8775517716535433
0
LINE
8
BLACK
6
CONTINUOUS
10
0.3957079921259842
20
1.8775517716535433
11
0.3965206692913386
21
1.8768968897637794
0
LINE
8
BLACK
6
CONTINUOUS
10
0.3965206692913386
20
1.8768968897637794
11
0.5389835039370079
21
1.7344340551181101
0
LINE
8
BLACK
6
CONTINUOUS
10
0.5389835039370079
20
1.7344340551181101
11
0.5403018110236221
21
1.7320197637795276
0
LINE
8
BLACK
6
CONTINUOUS
10
0.5403018110236221
20
1.7320197637795276
11
0.5404133858267717
21
1.7309820472440944
0
LINE
8
BLACK
6
CONTINUOUS
10
0.5404133858267717
20
1.7309820472440944
11
0.5404133858267717
21
1.55501968503937
0
LINE
8
BLACK
6
CONTINUOUS
10
0.5404133858267717
20
1.55501968503937
11
0.5396383858267716
21
1.5523803543307086
0
LINE
8
BLACK
6
CONTINUOUS
10
0.5396383858267716
20
1.5523803543307086
11
0.5375594881889764
21
1.5505789763779527
0
LINE
8
BLACK
6
CONTINUOUS
10
0.5375594881889764
20
1.5505789763779527
11
0.5355314960629921
21
1.5501377952755906
0
LINE
8
BLACK
6
CONTINUOUS
10
0.5355314960629921
20
1.5501377952755906
11
0.3955252362204724
21
1.5501377952755906
0
LINE
8
BLACK
6
CONTINUOUS
10
0.3955252362204724
20
1.5501377952755906
11
0.392885905511811
21
1.5509127952755906
0
LINE
8
BLACK
6
CONTINUOUS
10
0.392885905511811
20
1.5509127952755906
11
0.3913474015748031
21
1.5524940944881889
0
LINE
8
BLACK
6
CONTINUOUS
10
0.3913474015748031
20
1.5524940944881889
11
0.3896385039370079
21
1.5553209448818897
0
LINE
8
BLACK
6
CONTINUOUS
10
0.3896385039370079
20
1.5553209448818897
11
0.3896384645669291
21
1.5553209842519684
0
LINE
8
BLACK
6
CONTINUOUS
10
0.3896384645669291
20
1.5553209842519684
11
0.3896384251968504
21
1.5553210629921259
0
LINE
8
BLACK
6
CONTINUOUS
10
0.3896384251968504
20
1.5553210629921259
11
0.3848486220472441
21
1.5601108661417322
0
LINE
8
BLACK
6
CONTINUOUS
10
0.3848486220472441
20
1.5601108661417322
11
0.3790516929133858
21
1.5636152362204725
0
LINE
8
BLACK
6
CONTINUOUS
10
0.3790516929133858
20
1.5636152362204725
11
0.3725846062992126
21
1.5656304330708661
0
LINE
8
BLACK
6
CONTINUOUS
10
0.3725846062992126
20
1.5656304330708661
11
0.3725845275590551
21
1.5656304724409449
0
LINE
8
BLACK
6
CONTINUOUS
10
0.3725845275590551
20
1.5656304724409449
11
0.3725844488188976
21
1.5656304724409449
0
LINE
8
BLACK
6
CONTINUOUS
10
0.3725844488188976
20
1.5656304724409449
11
0.370616811023622
21
1.5658092913385826
0
LINE
8
BLACK
6
CONTINUOUS
10
0.370616811023622
20
1.5658092913385826
11
0.3697742125984252
21
1.5658858267716536
0
LINE
8
BLACK
6
CONTINUOUS
10
0.3697742125984252
20
1.5658858267716536
11
0.369774094488189
21
1.5658858267716536
0
LINE
8
BLACK
6
CONTINUOUS
10
0.369774094488189
20
1.5658858267716536
11
0.349516811023622
21
1.5658858267716536
0
LINE
8
BLACK
6
CONTINUOUS
10
0.349516811023622
20
1.5658858267716536
11
0.3467068503937008
21
1.5656305118110236
0
LINE
8
BLACK
6
CONTINUOUS
10
0.3467068503937008
20
1.5656305118110236
11
0.3467064566929134
21
1.5656303937007874
0
LINE
8
BLACK
6
CONTINUOUS
10
0.3467064566929134
20
1.5656303937007874
11
0.3402397637795275
21
1.5636153149606298
0
LINE
8
BLACK
6
CONTINUOUS
10
0.3402397637795275
20
1.5636153149606298
11
0.3344425590551181
21
1.5601107874015747
0
LINE
8
BLACK
6
CONTINUOUS
10
0.3344425590551181
20
1.5601107874015747
11
0.3344425196850394
21
1.560110748031496
0
LINE
8
BLACK
6
CONTINUOUS
10
0.3344425196850394
20
1.560110748031496
11
0.3306173622047244
21
1.5562855511811022
0
LINE
8
BLACK
6
CONTINUOUS
10
0.3306173622047244
20
1.5562855511811022
11
0.3282030708661417
21
1.5549672440944882
0
LINE
8
BLACK
6
CONTINUOUS
10
0.3282030708661417
20
1.5549672440944882
11
0.3254592913385826
21
1.555163464566929
0
LINE
8
BLACK
6
CONTINUOUS
10
0.3254592913385826
20
1.555163464566929
11
0.3237133464566929
21
1.5562855511811022
0
LINE
8
BLACK
6
CONTINUOUS
10
0.3237133464566929
20
1.5562855511811022
11
0.3198881102362205
21
1.5601107874015747
0
LINE
8
BLACK
6
CONTINUOUS
10
0.3198881102362205
20
1.5601107874015747
11
0.314091062992126
21
1.5636152362204725
0
LINE
8
BLACK
6
CONTINUOUS
10
0.314091062992126
20
1.5636152362204725
11
0.3140908267716535
21
1.5636153149606298
0
LINE
8
BLACK
6
CONTINUOUS
10
0.3140908267716535
20
1.5636153149606298
11
0.3076239763779527
21
1.5656304330708661
0
LINE
8
BLACK
6
CONTINUOUS
10
0.3076239763779527
20
1.5656304330708661
11
0.3076238976377953
21
1.5656304724409449
0
LINE
8
BLACK
6
CONTINUOUS
10
0.3076238976377953
20
1.5656304724409449
11
0.3076238188976378
21
1.5656304724409449
0
LINE
8
BLACK
6
CONTINUOUS
10
0.3076238188976378
20
1.5656304724409449
11
0.3056561811023622
21
1.5658092913385826
0
LINE
8
BLACK
6
CONTINUOUS
10
0.3056561811023622
20
1.5658092913385826
11
0.3048135826771654
21
1.5658858267716536
0
LINE
8
BLACK
6
CONTINUOUS
10
0.3048135826771654
20
1.5658858267716536
11
0.3048134645669291
21
1.5658858267716536
0
LINE
8
BLACK
6
CONTINUOUS
10
0.3048134645669291
20
1.5658858267716536
11
0.2845561811023622
21
1.5658858267716536
0
LINE
8
BLACK
6
CONTINUOUS
10
0.2845561811023622
20
1.5658858267716536
11
0.2817462204724409
21
1.5656305118110236
0
LINE
8
BLACK
6
CONTINUOUS
10
0.2817462204724409
20
1.5656305118110236
11
0.2817458267716536
21
1.5656303937007874
0
LINE
8
BLACK
6
CONTINUOUS
10
0.2817458267716536
20
1.5656303937007874
11
0.2752791338582677
21
1.5636153149606298
0
LINE
8
BLACK
6
CONTINUOUS
10
0.2752791338582677
20
1.5636153149606298
11
0.2694819291338583
21
1.5601107874015747
0
LINE
8
BLACK
6
CONTINUOUS
10
0.2694819291338583
20
1.5601107874015747
11
0.2692494488188976
21
1.5599286220472441
0
LINE
8
BLACK
6
CONTINUOUS
10
0.2692494488188976
20
1.5599286220472441
11
0.2691912992125984
21
1.5600028346456694
0
LINE
8
BLACK
6
CONTINUOUS
10
0.2691912992125984
20
1.5600028346456694
11
0.2671794488188977
21
1.5589042519685039
0
LINE
8
BLACK
6
CONTINUOUS
10
0.2671794488188977
20
1.5589042519685039
11
0.2644356692913386
21
1.5591004724409447
0
LINE
8
BLACK
6
CONTINUOUS
10
0.2644356692913386
20
1.5591004724409447
11
0.2630718503937008
21
1.5599769685039371
0
LINE
8
BLACK
6
CONTINUOUS
10
0.2630718503937008
20
1.5599769685039371
11
0.2630340157480315
21
1.5599286220472441
0
LINE
8
BLACK
6
CONTINUOUS
10
0.2630340157480315
20
1.5599286220472441
11
0.2628014960629921
21
1.5601107874015747
0
LINE
8
BLACK
6
CONTINUOUS
10
0.2628014960629921
20
1.5601107874015747
11
0.2570044488188976
21
1.5636152362204725
0
LINE
8
BLACK
6
CONTINUOUS
10
0.2570044488188976
20
1.5636152362204725
11
0.2570042125984252
21
1.5636153149606298
0
LINE
8
BLACK
6
CONTINUOUS
10
0.2570042125984252
20
1.5636153149606298
11
0.2505373622047244
21
1.5656304330708661
0
LINE
8
BLACK
6
CONTINUOUS
10
0.2505373622047244
20
1.5656304330708661
11
0.2505372834645669
21
1.5656304724409449
0
LINE
8
BLACK
6
CONTINUOUS
10
0.2505372834645669
20
1.5656304724409449
11
0.2505372047244094
21
1.5656304724409449
0
LINE
8
BLACK
6
CONTINUOUS
10
0.2505372047244094
20
1.5656304724409449
11
0.2485695669291338
21
1.5658092913385826
0
LINE
8
BLACK
6
CONTINUOUS
10
0.2485695669291338
20
1.5658092913385826
11
0.247726968503937
21
1.5658858267716536
0
LINE
8
BLACK
6
CONTINUOUS
10
0.247726968503937
20
1.5658858267716536
11
0.2477268503937008
21
1.5658858267716536
0
LINE
8
BLACK
6
CONTINUOUS
10
0.2477268503937008
20
1.5658858267716536
11
0.2274695669291339
21
1.5658858267716536
0
LINE
8
BLACK
6
CONTINUOUS
10
0.2274695669291339
20
1.5658858267716536
11
0.2246596062992126
21
1.5656305118110236
0
LINE
8
BLACK
6
CONTINUOUS
10
0.2246596062992126
20
1.5656305118110236
11
0.2246592125984252
21
1.5656303937007874
0
LINE
8
BLACK
6
CONTINUOUS
10
0.2246592125984252
20
1.5656303937007874
11
0.2181925196850394
21
1.5636153149606298
0
LINE
8
BLACK
6
CONTINUOUS
10
0.2181925196850394
20
1.5636153149606298
11
0.2123953149606299
21
1.5601107874015747
0
LINE
8
BLACK
6
CONTINUOUS
10
0.2123953149606299
20
1.5601107874015747
11
0.2123952755905512
21
1.560110748031496
0
LINE
8
BLACK
6
CONTINUOUS
10
0.2123952755905512
20
1.560110748031496
11
0.2083334645669291
21
1.5560488976377953
0
LINE
8
BLACK
6
CONTINUOUS
10
0.2083334645669291
20
1.5560488976377953
11
0.2059191732283465
21
1.554730590551181
0
LINE
8
BLACK
6
CONTINUOUS
10
0.2059191732283465
20
1.554730590551181
11
0.2031753937007874
21
1.5549268110236221
0
LINE
8
BLACK
6
CONTINUOUS
10
0.2031753937007874
20
1.5549268110236221
11
0.2014294488188976
21
1.5560488976377953
0
LINE
8
BLACK
6
CONTINUOUS
10
0.2014294488188976
20
1.5560488976377953
11
0.1976329527559055
21
1.5598453937007875
0
LINE
8
BLACK
6
CONTINUOUS
10
0.1976329527559055
20
1.5598453937007875
11
0.1919053149606299
21
1.563307874015748
0
LINE
8
BLACK
6
CONTINUOUS
10
0.1919053149606299
20
1.563307874015748
11
0.1919053543307087
21
1.563307874015748
0
LINE
8
BLACK
6
CONTINUOUS
10
0.1919053543307087
20
1.563307874015748
11
0.1855159448818898
21
1.5652988582677165
0
LINE
8
BLACK
6
CONTINUOUS
10
0.1855159448818898
20
1.5652988582677165
11
0.1855159842519685
21
1.5652988582677165
0
LINE
8
BLACK
6
CONTINUOUS
10
0.1855159842519685
20
1.5652988582677165
11
0.1827390551181102
21
1.5655511811023621
0
LINE
8
BLACK
6
CONTINUOUS
10
0.1827390551181102
20
1.5655511811023621
11
0.1824803149606299
21
1.5655511811023621
0
LINE
8
BLACK
6
CONTINUOUS
10
0.1824803149606299
20
1.5655511811023621
11
0.1824803149606299
21
1.5454746062992126
0
LINE
8
BLACK
6
CONTINUOUS
10
0.1824803149606299
20
1.5454746062992126
11
0.1835250787401575
21
1.5452667716535433
0
LINE
8
BLACK
6
CONTINUOUS
10
0.1835250787401575
20
1.5452667716535433
11
0.1860795669291339
21
1.5435598818897638
0
LINE
8
BLACK
6
CONTINUOUS
10
0.1860795669291339
20
1.5435598818897638
11
0.1877864566929134
21
1.5410053937007873
0
LINE
8
BLACK
6
CONTINUOUS
10
0.1877864566929134
20
1.5410053937007873
11
0.1883858267716536
21
1.5379921259842519
0
LINE
8
BLACK
6
CONTINUOUS
10
0.1883858267716536
20
1.5379921259842519
11
0.1883858267716536
21
1.5163385826771654
0
LINE
8
BLACK
6
CONTINUOUS
10
0.1883858267716536
20
1.5163385826771654
11
0.1877864566929134
21
1.5133253149606298
0
LINE
8
BLACK
6
CONTINUOUS
10
0.1877864566929134
20
1.5133253149606298
11
0.1860795669291339
21
1.5107708267716535
0
LINE
8
BLACK
6
CONTINUOUS
10
0.1860795669291339
20
1.5107708267716535
11
0.1835250787401575
21
1.509063937007874
0
LINE
8
BLACK
6
CONTINUOUS
10
0.1835250787401575
20
1.509063937007874
11
0.1824803149606299
21
1.5088561417322834
0
LINE
8
BLACK
6
CONTINUOUS
10
0.1824803149606299
20
1.5088561417322834
11
0.1824803149606299
21
1.4887795669291339
0
LINE
8
BLACK
6
CONTINUOUS
10
0.1824803149606299
20
1.4887795669291339
11
0.1827394094488189
21
1.4887795669291339
0
LINE
8
BLACK
6
CONTINUOUS
10
0.1827394094488189
20
1.4887795669291339
11
0.1855158267716535
21
1.4890318503937008
0
LINE
8
BLACK
6
CONTINUOUS
10
0.1855158267716535
20
1.4890318503937008
11
0.1855160236220472
21
1.4890318897637795
0
LINE
8
BLACK
6
CONTINUOUS
10
0.1855160236220472
20
1.4890318897637795
11
0.1919053543307087
21
1.4910229133858268
0
LINE
8
BLACK
6
CONTINUOUS
10
0.1919053543307087
20
1.4910229133858268
11
0.1976329527559055
21
1.4944853543307086
0
LINE
8
BLACK
6
CONTINUOUS
10
0.1976329527559055
20
1.4944853543307086
11
0.1976329921259843
21
1.4944853937007874
0
LINE
8
BLACK
6
CONTINUOUS
10
0.1976329921259843
20
1.4944853937007874
11
0.2014293700787401
21
1.498281811023622
0
LINE
8
BLACK
6
CONTINUOUS
10
0.2014293700787401
20
1.498281811023622
11
0.2017081496062992
21
1.4984340551181101
0
LINE
8
BLACK
6
CONTINUOUS
10
0.2017081496062992
20
1.4984340551181101
11
0.2018945669291339
21
1.4986914173228345
0
LINE
8
BLACK
6
CONTINUOUS
10
0.2018945669291339
20
1.4986914173228345
11
0.2028981102362205
21
1.4990838582677164
0
LINE
8
BLACK
6
CONTINUOUS
10
0.2028981102362205
20
1.4990838582677164
11
0.2038436614173228
21
1.4996001574803148
0
LINE
8
BLACK
6
CONTINUOUS
10
0.2038436614173228
20
1.4996001574803148
11
0.2041605511811024
21
1.4995775196850394
0
LINE
8
BLACK
6
CONTINUOUS
10
0.2041605511811024
20
1.4995775196850394
11
0.2044564566929134
21
1.4996931889763778
0
LINE
8
BLACK
6
CONTINUOUS
10
0.2044564566929134
20
1.4996931889763778
11
0.2055126771653543
21
1.4994808267716535
0
LINE
8
BLACK
6
CONTINUOUS
10
0.2055126771653543
20
1.4994808267716535
11
0.2065874015748032
21
1.499403937007874
0
LINE
8
BLACK
6
CONTINUOUS
10
0.2065874015748032
20
1.499403937007874
11
0.2069108661417323
21
1.4991996456692913
0
LINE
8
BLACK
6
CONTINUOUS
10
0.2069108661417323
20
1.4991996456692913
11
0.2071532283464567
21
1.4991509055118111
0
LINE
8
BLACK
6
CONTINUOUS
10
0.2071532283464567
20
1.4991509055118111
11
0.208148937007874
21
1.4984177165354331
0
LINE
8
BLACK
6
CONTINUOUS
10
0.208148937007874
20
1.4984177165354331
11
0.2082786220472441
21
1.4983358267716536
0
LINE
8
BLACK
6
CONTINUOUS
10
0.2082786220472441
20
1.4983358267716536
11
0.2083064960629921
21
1.4983088188976377
0
LINE
8
BLACK
6
CONTINUOUS
10
0.2083064960629921
20
1.4983088188976377
11
0.2123954724409449
21
1.4942198425196851
0
LINE
8
BLACK
6
CONTINUOUS
10
0.2123954724409449
20
1.4942198425196851
11
0.2127436220472441
21
1.49400937007874
0
LINE
8
BLACK
6
CONTINUOUS
10
0.2127436220472441
20
1.49400937007874
11
0.2131412992125984
21
1.4936240551181101
0
LINE
8
BLACK
6
CONTINUOUS
10
0.2131412992125984
20
1.4936240551181101
11
0.2135571653543307
21
1.4928901574803148
0
LINE
8
BLACK
6
CONTINUOUS
10
0.2135571653543307
20
1.4928901574803148
11
0.214126968503937
21
1.4922682283464566
0
LINE
8
BLACK
6
CONTINUOUS
10
0.214126968503937
20
1.4922682283464566
11
0.2142777165354331
21
1.491618622047244
0
LINE
8
BLACK
6
CONTINUOUS
10
0.2142777165354331
20
1.491618622047244
11
0.2144974803149606
21
1.4912308267716534
0
LINE
8
BLACK
6
CONTINUOUS
10
0.2144974803149606
20
1.4912308267716534
11
0.2144723622047244
21
1.49078
0
LINE
8
BLACK
6
CONTINUOUS
10
0.2144723622047244
20
1.49078
11
0.2146259842519685
21
1.4901180708661417
0
LINE
8
BLACK
6
CONTINUOUS
10
0.2146259842519685
20
1.4901180708661417
11
0.2146259842519685
21
1.4723971259842519
0
LINE
8
BLACK
6
CONTINUOUS
10
0.2146259842519685
20
1.4723971259842519
11
0.2139461417322835
21
1.4699120472440945
0
LINE
8
BLACK
6
CONTINUOUS
10
0.2139461417322835
20
1.4699120472440945
11
0.2114509842519685
21
1.4656929921259843
0
LINE
8
BLACK
6
CONTINUOUS
10
0.2114509842519685
20
1.4656929921259843
11
0.211450905511811
21
1.4656927952755905
0
LINE
8
BLACK
6
CONTINUOUS
10
0.211450905511811
20
1.4656927952755905
11
0.2096235433070866
21
1.4594029921259841
0
LINE
8
BLACK
6
CONTINUOUS
10
0.2096235433070866
20
1.4594029921259841
11
0.2096235039370079
21
1.4594027559055118
0
LINE
8
BLACK
6
CONTINUOUS
10
0.2096235039370079
20
1.4594027559055118
11
0.209507874015748
21
1.4579333858267716
0
LINE
8
BLACK
6
CONTINUOUS
10
0.209507874015748
20
1.4579333858267716
11
0.209507874015748
21
1.4064367322834646
0
LINE
8
BLACK
6
CONTINUOUS
10
0.209507874015748
20
1.4064367322834646
11
0.2096235039370079
21
1.4049673622047243
0
LINE
8
BLACK
6
CONTINUOUS
10
0.2096235039370079
20
1.4049673622047243
11
0.2096235433070866
21
1.404967125984252
0
LINE
8
BLACK
6
CONTINUOUS
10
0.2096235433070866
20
1.404967125984252
11
0.211450905511811
21
1.3986773228346456
0
LINE
8
BLACK
6
CONTINUOUS
10
0.211450905511811
20
1.3986773228346456
11
0.2114509842519685
21
1.3986771259842519
0
LINE
8
BLACK
6
CONTINUOUS
10
0.2114509842519685
20
1.3986771259842519
11
0.2147851968503937
21
1.393039251968504
0
LINE
8
BLACK
6
CONTINUOUS
10
0.2147851968503937
20
1.393039251968504
11
0.2147854724409449
21
1.3930388976377952
0
LINE
8
BLACK
6
CONTINUOUS
10
0.2147854724409449
20
1.3930388976377952
11
0.219416811023622
21
1.3884075590551181
0
LINE
8
BLACK
6
CONTINUOUS
10
0.219416811023622
20
1.3884075590551181
11
0.219416968503937
21
1.3884074409448819
0
LINE
8
BLACK
6
CONTINUOUS
10
0.219416968503937
20
1.3884074409448819
11
0.2194170472440945
21
1.3884073622047244
0
LINE
8
BLACK
6
CONTINUOUS
10
0.2194170472440945
20
1.3884073622047244
11
0.2250550787401575
21
1.3850730314960629
0
LINE
8
BLACK
6
CONTINUOUS
10
0.2250550787401575
20
1.3850730314960629
11
0.2267137795275591
21
1.3845911417322834
0
LINE
8
BLACK
6
CONTINUOUS
10
0.2267137795275591
20
1.3845911417322834
11
0.2313450393700787
21
1.3832456299212599
0
LINE
8
BLACK
6
CONTINUOUS
10
0.2313450393700787
20
1.3832456299212599
11
0.231345157480315
21
1.3832456299212599
0
LINE
8
BLACK
6
CONTINUOUS
10
0.231345157480315
20
1.3832456299212599
11
0.2313452362204724
21
1.3832455905511811
0
LINE
8
BLACK
6
CONTINUOUS
10
0.2313452362204724
20
1.3832455905511811
11
0.2328148818897638
21
1.3831299212598425
0
LINE
8
BLACK
6
CONTINUOUS
10
0.2328148818897638
20
1.3831299212598425
11
0.2420275590551181
21
1.3831299212598425
0
LINE
8
BLACK
6
CONTINUOUS
10
0.2420275590551181
20
1.3831299212598425
11
0.2446668897637795
21
1.3823549212598425
0
LINE
8
BLACK
6
CONTINUOUS
10
0.2446668897637795
20
1.3823549212598425
11
0.2464682677165354
21
1.3802760236220473
0
LINE
8
BLACK
6
CONTINUOUS
10
0.2464682677165354
20
1.3802760236220473
11
0.2469094488188976
21
1.378248031496063
0
LINE
8
BLACK
6
CONTINUOUS
10
0.2469094488188976
20
1.378248031496063
11
0.2469094488188976
21
1.3326178346456692
0
LINE
8
BLACK
6
CONTINUOUS
10
0.2469094488188976
20
1.3326178346456692
11
0.2470250787401575
21
1.3311484645669291
0
LINE
8
BLACK
6
CONTINUOUS
10
0.2470250787401575
20
1.3311484645669291
11
0.2470251181102362
21
1.3311482283464566
0
LINE
8
BLACK
6
CONTINUOUS
10
0.2470251181102362
20
1.3311482283464566
11
0.2488524803149606
21
1.3248584251968503
0
LINE
8
BLACK
6
CONTINUOUS
10
0.2488524803149606
20
1.3248584251968503
11
0.2488525590551181
21
1.3248582283464567
0
LINE
8
BLACK
6
CONTINUOUS
10
0.2488525590551181
20
1.3248582283464567
11
0.2521867716535433
21
1.3192203543307086
0
LINE
8
BLACK
6
CONTINUOUS
10
0.2521867716535433
20
1.3192203543307086
11
0.2521868503937008
21
1.3192202362204724
0
LINE
8
BLACK
6
CONTINUOUS
10
0.2521868503937008
20
1.3192202362204724
11
0.2521868897637795
21
1.3192201968503936
0
LINE
8
BLACK
6
CONTINUOUS
10
0.2521868897637795
20
1.3192201968503936
11
0.254337874015748
21
1.3170692125984251
0
LINE
8
BLACK
6
CONTINUOUS
10
0.254337874015748
20
1.3170692125984251
11
0.2556561417322835
21
1.3146549999999999
0
LINE
8
BLACK
6
CONTINUOUS
10
0.2556561417322835
20
1.3146549999999999
11
0.2557677165354331
21
1.3136172440944882
0
LINE
8
BLACK
6
CONTINUOUS
10
0.2557677165354331
20
1.3136172440944882
11
0.2557677165354331
21
1.2149825196850395
0
LINE
8
BLACK
6
CONTINUOUS
10
0.2557677165354331
20
1.2149825196850395
11
0.2554273622047244
21
1.213823464566929
0
LINE
8
BLACK
6
CONTINUOUS
10
0.2554273622047244
20
1.213823464566929
11
0.2551705511811024
21
1.212642874015748
0
LINE
8
BLACK
6
CONTINUOUS
10
0.2551705511811024
20
1.212642874015748
11
0.2550227165354331
21
1.2124454330708661
0
LINE
8
BLACK
6
CONTINUOUS
10
0.2550227165354331
20
1.2124454330708661
11
0.254992716535433
21
1.2123431889763778
0
LINE
8
BLACK
6
CONTINUOUS
10
0.254992716535433
20
1.2123431889763778
11
0.2543378346456693
21
1.2115305118110236
0
LINE
8
BLACK
6
CONTINUOUS
10
0.2543378346456693
20
1.2115305118110236
11
0.253626968503937
21
1.2108196456692912
0
LINE
8
BLACK
6
CONTINUOUS
10
0.253626968503937
20
1.2108196456692912
11
0.2512126771653543
21
1.2095013385826772
0
LINE
8
BLACK
6
CONTINUOUS
10
0.2512126771653543
20
1.2095013385826772
11
0.2501749606299212
21
1.2093897637795274
0
LINE
8
BLACK
6
CONTINUOUS
10
0.2501749606299212
20
1.2093897637795274
11
0.2300587401574803
21
1.2093897637795274
0
LINE
8
BLACK
6
CONTINUOUS
10
0.2300587401574803
20
1.2093897637795274
11
0.2285893700787401
21
1.2092741338582678
0
LINE
8
BLACK
6
CONTINUOUS
10
0.2285893700787401
20
1.2092741338582678
11
0.2285891338582677
21
1.209274094488189
0
LINE
8
BLACK
6
CONTINUOUS
10
0.2285891338582677
20
1.209274094488189
11
0.2222993307086614
21
1.2074467322834646
0
LINE
8
BLACK
6
CONTINUOUS
10
0.2222993307086614
20
1.2074467322834646
11
0.2222991338582677
21
1.207446653543307
0
LINE
8
BLACK
6
CONTINUOUS
10
0.2222991338582677
20
1.207446653543307
11
0.2166612598425197
21
1.2041124409448818
0
LINE
8
BLACK
6
CONTINUOUS
10
0.2166612598425197
20
1.2041124409448818
11
0.216660905511811
21
1.2041121653543307
0
LINE
8
BLACK
6
CONTINUOUS
10
0.216660905511811
20
1.2041121653543307
11
0.2120295669291339
21
1.1994808267716535
0
LINE
8
BLACK
6
CONTINUOUS
10
0.2120295669291339
20
1.1994808267716535
11
0.2120292913385827
21
1.1994804724409449
0
LINE
8
BLACK
6
CONTINUOUS
10
0.2120292913385827
20
1.1994804724409449
11
0.2086950787401575
21
1.1938425984251968
0
LINE
8
BLACK
6
CONTINUOUS
10
0.2086950787401575
20
1.1938425984251968
11
0.208695
21
1.193842401574803
0
LINE
8
BLACK
6
CONTINUOUS
10
0.208695
20
1.193842401574803
11
0.2068676377952756
21
1.1875525984251969
0
LINE
8
BLACK
6
CONTINUOUS
10
0.2068676377952756
20
1.1875525984251969
11
0.2068675984251968
21
1.1875523622047244
0
LINE
8
BLACK
6
CONTINUOUS
10
0.2068675984251968
20
1.1875523622047244
11
0.206751968503937
21
1.1860829921259841
0
LINE
8
BLACK
6
CONTINUOUS
10
0.206751968503937
20
1.1860829921259841
11
0.206751968503937
21
1.1690351574803148
0
LINE
8
BLACK
6
CONTINUOUS
10
0.206751968503937
20
1.1690351574803148
11
0.2068675984251968
21
1.1675657874015748
0
LINE
8
BLACK
6
CONTINUOUS
10
0.2068675984251968
20
1.1675657874015748
11
0.2068676377952756
21
1.1675655511811023
0
LINE
8
BLACK
6
CONTINUOUS
10
0.2068676377952756
20
1.1675655511811023
11
0.208695
21
1.1612757480314961
0
LINE
8
BLACK
6
CONTINUOUS
10
0.208695
20
1.1612757480314961
11
0.2086950393700787
21
1.1612756692913386
0
LINE
8
BLACK
6
CONTINUOUS
10
0.2086950393700787
20
1.1612756692913386
11
0.2086950787401575
21
1.1612755511811024
0
LINE
8
BLACK
6
CONTINUOUS
10
0.2086950787401575
20
1.1612755511811024
11
0.2088494488188976
21
1.1610145275590551
0
LINE
8
BLACK
6
CONTINUOUS
10
0.2088494488188976
20
1.1610145275590551
11
0.2095258267716535
21
1.1583482283464566
0
LINE
8
BLACK
6
CONTINUOUS
10
0.2095258267716535
20
1.1583482283464566
11
0.209032874015748
21
1.156629409448819
0
LINE
8
BLACK
6
CONTINUOUS
10
0.209032874015748
20
1.156629409448819
11
0.2091266141732283
21
1.1565888188976379
0
LINE
8
BLACK
6
CONTINUOUS
10
0.2091266141732283
20
1.1565888188976379
11
0.2090045669291339
21
1.1563068503937008
0
LINE
8
BLACK
6
CONTINUOUS
10
0.2090045669291339
20
1.1563068503937008
11
0.2072007874015748
21
1.1500982283464567
0
LINE
8
BLACK
6
CONTINUOUS
10
0.2072007874015748
20
1.1500982283464567
11
0.207200748031496
21
1.1500979921259842
0
LINE
8
BLACK
6
CONTINUOUS
10
0.207200748031496
20
1.1500979921259842
11
0.2071930708661417
21
1.1500000787401574
0
LINE
8
BLACK
6
CONTINUOUS
10
0.2071930708661417
20
1.1500000787401574
11
0.2071931102362205
21
1.1499999999999999
0
LINE
8
BLACK
6
CONTINUOUS
10
0.2071931102362205
20
1.1499999999999999
11
0.2170263385826772
21
1.1499999999999999
0
LINE
8
BLACK
6
CONTINUOUS
10
0.2170263385826772
20
1.1499999999999999
11
0.2195112992125984
21
1.1493202362204724
0
LINE
8
BLACK
6
CONTINUOUS
10
0.2195112992125984
20
1.1493202362204724
11
0.2222991732283464
21
1.1476714566929134
0
LINE
8
BLACK
6
CONTINUOUS
10
0.2222991732283464
20
1.1476714566929134
11
0.2222992519685039
21
1.1476714566929134
0
LINE
8
BLACK
6
CONTINUOUS
10
0.2222992519685039
20
1.1476714566929134
11
0.2222992913385827
21
1.1476714173228346
0
LINE
8
BLACK
6
CONTINUOUS
10
0.2222992913385827
20
1.1476714173228346
11
0.2268297637795275
21
1.1463551968503938
0
LINE
8
BLACK
6
CONTINUOUS
10
0.2268297637795275
20
1.1463551968503938
11
0.2272211811023622
21
1.1483229527559056
0
LINE
8
BLACK
6
CONTINUOUS
10
0.2272211811023622
20
1.1483229527559056
11
0.2285013385826772
21
1.1502388188976378
0
LINE
8
BLACK
6
CONTINUOUS
10
0.2285013385826772
20
1.1502388188976378
11
0.2304172047244094
21
1.1515189763779528
0
LINE
8
BLACK
6
CONTINUOUS
10
0.2304172047244094
20
1.1515189763779528
11
0.2326771653543307
21
1.1519685039370078
0
LINE
8
BLACK
6
CONTINUOUS
10
0.2326771653543307
20
1.1519685039370078
11
0.2730314960629921
21
1.1519685039370078
0
LINE
8
BLACK
6
CONTINUOUS
10
0.2730314960629921
20
1.1519685039370078
11
0.2752914566929134
21
1.1515189763779528
0
LINE
8
BLACK
6
CONTINUOUS
10
0.2752914566929134
20
1.1515189763779528
11
0.2772073228346457
21
1.1502388188976378
0
LINE
8
BLACK
6
CONTINUOUS
10
0.2772073228346457
20
1.1502388188976378
11
0.2784874803149606
21
1.1483229527559056
0
LINE
8
BLACK
6
CONTINUOUS
10
0.2784874803149606
20
1.1483229527559056
11
0.2788788582677165
21
1.1463552755905511
0
LINE
8
BLACK
6
CONTINUOUS
10
0.2788788582677165
20
1.1463552755905511
11
0.2834094881889764
21
1.1476714566929134
0
LINE
8
BLACK
6
CONTINUOUS
10
0.2834094881889764
20
1.1476714566929134
11
0.2861973228346457
21
1.1493202362204724
0
LINE
8
BLACK
6
CONTINUOUS
10
0.2861973228346457
20
1.1493202362204724
11
0.2886823228346457
21
1.1499999999999999
0
LINE
8
BLACK
6
CONTINUOUS
10
0.2886823228346457
20
1.1499999999999999
11
0.2985155511811023
21
1.1499999999999999
0
LINE
8
BLACK
6
CONTINUOUS
10
0.2985155511811023
20
1.1499999999999999
11
0.2992568503937008
21
1.1508019291338583
0
LINE
8
BLACK
6
CONTINUOUS
10
0.2992568503937008
20
1.1508019291338583
11
0.3016175590551181
21
1.1522139763779526
0
LINE
8
BLACK
6
CONTINUOUS
10
0.3016175590551181
20
1.1522139763779526
11
0.3043668897637795
21
1.1521255905511811
0
LINE
8
BLACK
6
CONTINUOUS
10
0.3043668897637795
20
1.1521255905511811
11
0.3059515748031496
21
1.1511506299212597
0
LINE
8
BLACK
6
CONTINUOUS
10
0.3059515748031496
20
1.1511506299212597
11
0.3059853149606299
21
1.1511940944881889
0
LINE
8
BLACK
6
CONTINUOUS
10
0.3059853149606299
20
1.1511940944881889
11
0.3062281889763779
21
1.1510057086614174
0
LINE
8
BLACK
6
CONTINUOUS
10
0.3062281889763779
20
1.1510057086614174
11
0.308234842519685
21
1.1498189763779527
0
LINE
8
BLACK
6
CONTINUOUS
10
0.308234842519685
20
1.1498189763779527
11
0.3118661023622047
21
1.1476714566929134
0
LINE
8
BLACK
6
CONTINUOUS
10
0.3118661023622047
20
1.1476714566929134
11
0.3118850787401575
21
1.1476659448818898
0
LINE
8
BLACK
6
CONTINUOUS
10
0.3118850787401575
20
1.1476659448818898
11
0.318156062992126
21
1.1458440551181102
0
LINE
8
BLACK
6
CONTINUOUS
10
0.318156062992126
20
1.1458440551181102
11
0.3181561811023622
21
1.1458440551181102
0
LINE
8
BLACK
6
CONTINUOUS
10
0.3181561811023622
20
1.1458440551181102
11
0.3181562598425197
21
1.1458440157480314
0
LINE
8
BLACK
6
CONTINUOUS
10
0.3181562598425197
20
1.1458440157480314
11
0.319625905511811
21
1.145728346456693
0
LINE
8
BLACK
6
CONTINUOUS
10
0.319625905511811
20
1.145728346456693
11
0.3196261417322834
21
1.145728346456693
0
LINE
8
BLACK
6
CONTINUOUS
10
0.3196261417322834
20
1.145728346456693
11
0.3652163779527559
21
1.145728346456693
0
LINE
8
BLACK
6
CONTINUOUS
10
0.3652163779527559
20
1.145728346456693
11
0.3652166141732283
21
1.145728346456693
0
LINE
8
BLACK
6
CONTINUOUS
10
0.3652166141732283
20
1.145728346456693
11
0.3666862598425197
21
1.1458440157480314
0
LINE
8
BLACK
6
CONTINUOUS
10
0.3666862598425197
20
1.1458440157480314
11
0.3666863385826771
21
1.1458440551181102
0
LINE
8
BLACK
6
CONTINUOUS
10
0.3666863385826771
20
1.1458440551181102
11
0.3666864173228346
21
1.1458440551181102
0
LINE
8
BLACK
6
CONTINUOUS
10
0.3666864173228346
20
1.1458440551181102
11
0.3683449606299212
21
1.1463259448818897
0
LINE
8
BLACK
6
CONTINUOUS
10
0.3683449606299212
20
1.1463259448818897
11
0.3729764173228347
21
1.1476714566929134
0
LINE
8
BLACK
6
CONTINUOUS
10
0.3729764173228347
20
1.1476714566929134
11
0.3786144488188976
21
1.1510057874015749
0
LINE
8
BLACK
6
CONTINUOUS
10
0.3786144488188976
20
1.1510057874015749
11
0.3808566535433071
21
1.1532480314960629
0
LINE
8
BLACK
6
CONTINUOUS
10
0.3808566535433071
20
1.1532480314960629
11
0.3832708661417323
21
1.1545662598425197
0
LINE
8
BLACK
6
CONTINUOUS
10
0.3832708661417323
20
1.1545662598425197
11
0.3860146456692913
21
1.1543700393700786
0
LINE
8
BLACK
6
CONTINUOUS
10
0.3860146456692913
20
1.1543700393700786
11
0.3882167716535433
21
1.1527215748031496
0
LINE
8
BLACK
6
CONTINUOUS
10
0.3882167716535433
20
1.1527215748031496
11
0.3883770866141732
21
1.1524860236220473
0
LINE
8
BLACK
6
CONTINUOUS
10
0.3883770866141732
20
1.1524860236220473
11
0.3884139763779528
21
1.1524393700787401
0
LINE
8
BLACK
6
CONTINUOUS
10
0.3884139763779528
20
1.1524393700787401
11
0.3931873622047244
21
1.1476659842519685
0
LINE
8
BLACK
6
CONTINUOUS
10
0.3931873622047244
20
1.1476659842519685
11
0.3931875196850393
21
1.1476658661417323
0
LINE
8
BLACK
6
CONTINUOUS
10
0.3931875196850393
20
1.1476658661417323
11
0.3989326771653543
21
1.1441221653543308
0
LINE
8
BLACK
6
CONTINUOUS
10
0.3989326771653543
20
1.1441221653543308
11
0.3989327952755906
21
1.144122125984252
0
LINE
8
BLACK
6
CONTINUOUS
10
0.3989327952755906
20
1.144122125984252
11
0.398933031496063
21
1.144121968503937
0
LINE
8
BLACK
6
CONTINUOUS
10
0.398933031496063
20
1.144121968503937
11
0.4043625590551181
21
1.1423228346456693
0
LINE
8
BLACK
6
CONTINUOUS
10
0.4043625590551181
20
1.1423228346456693
11
0.4357949212598425
21
1.1423228346456693
0
LINE
8
BLACK
6
CONTINUOUS
10
0.4357949212598425
20
1.1423228346456693
11
0.4412244488188976
21
1.144121968503937
0
LINE
8
BLACK
6
CONTINUOUS
10
0.4412244488188976
20
1.144121968503937
11
0.4469700787401575
21
1.1476659448818898
0
LINE
8
BLACK
6
CONTINUOUS
10
0.4469700787401575
20
1.1476659448818898
11
0.447375157480315
21
1.1480710236220473
0
LINE
8
BLACK
6
CONTINUOUS
10
0.447375157480315
20
1.1480710236220473
11
0.4497894488188977
21
1.1493893307086613
0
LINE
8
BLACK
6
CONTINUOUS
10
0.4497894488188977
20
1.1493893307086613
11
0.4525332283464567
21
1.1491931102362205
0
LINE
8
BLACK
6
CONTINUOUS
10
0.4525332283464567
20
1.1491931102362205
11
0.4542791732283464
21
1.1480710236220473
0
LINE
8
BLACK
6
CONTINUOUS
10
0.4542791732283464
20
1.1480710236220473
11
0.4544199606299212
21
1.1479302362204724
0
LINE
8
BLACK
6
CONTINUOUS
10
0.4544199606299212
20
1.1479302362204724
11
0.4544201181102362
21
1.1479301181102362
0
LINE
8
BLACK
6
CONTINUOUS
10
0.4544201181102362
20
1.1479301181102362
11
0.4600987007874016
21
1.1444274803149606
0
LINE
8
BLACK
6
CONTINUOUS
10
0.4600987007874016
20
1.1444274803149606
11
0.4600991338582677
21
1.144427283464567
0
LINE
8
BLACK
6
CONTINUOUS
10
0.4600991338582677
20
1.144427283464567
11
0.4664327952755906
21
1.1423285433070867
0
LINE
8
BLACK
6
CONTINUOUS
10
0.4664327952755906
20
1.1423285433070867
11
0.4664886614173228
21
1.1423228346456693
0
LINE
8
BLACK
6
CONTINUOUS
10
0.4664886614173228
20
1.1423228346456693
11
0.471259842519685
21
1.1423228346456693
0
LINE
8
BLACK
6
CONTINUOUS
10
0.471259842519685
20
1.1423228346456693
11
0.471259842519685
21
1.1618099606299213
0
LINE
8
BLACK
6
CONTINUOUS
10
0.471259842519685
20
1.1618099606299213
11
0.4688541732283464
21
1.1622884645669291
0
LINE
8
BLACK
6
CONTINUOUS
10
0.4688541732283464
20
1.1622884645669291
11
0.4659803543307087
21
1.1642087007874016
0
LINE
8
BLACK
6
CONTINUOUS
10
0.4659803543307087
20
1.1642087007874016
11
0.4640601181102362
21
1.1670825196850394
0
LINE
8
BLACK
6
CONTINUOUS
10
0.4640601181102362
20
1.1670825196850394
11
0.4633858267716535
21
1.1704724409448819
0
LINE
8
BLACK
6
CONTINUOUS
10
0.4633858267716535
20
1.1704724409448819
11
0.4633858267716535
21
1.1901574803149606
0
LINE
8
BLACK
6
CONTINUOUS
10
0.4633858267716535
20
1.1901574803149606
11
0.4640601181102362
21
1.1935474015748031
0
LINE
8
BLACK
6
CONTINUOUS
10
0.4640601181102362
20
1.1935474015748031
11
0.4659803543307087
21
1.1964212204724409
0
LINE
8
BLACK
6
CONTINUOUS
10
0.4659803543307087
20
1.1964212204724409
11
0.4688541732283464
21
1.1983414566929134
0
LINE
8
BLACK
6
CONTINUOUS
10
0.4688541732283464
20
1.1983414566929134
11
0.471259842519685
21
1.19882
0
LINE
8
BLACK
6
CONTINUOUS
10
0.471259842519685
20
1.19882
11
0.471259842519685
21
1.2187008267716535
0
LINE
8
BLACK
6
CONTINUOUS
10
0.471259842519685
20
1.2187008267716535
11
0.4703422440944882
21
1.2187007874015747
0
LINE
8
BLACK
6
CONTINUOUS
10
0.4703422440944882
20
1.2187007874015747
11
0.4703414960629921
21
1.218700748031496
0
LINE
8
BLACK
6
CONTINUOUS
10
0.4703414960629921
20
1.218700748031496
11
0.4664327559055118
21
1.2183014173228346
0
LINE
8
BLACK
6
CONTINUOUS
10
0.4664327559055118
20
1.2183014173228346
11
0.4600991338582677
21
1.2162026771653542
0
LINE
8
BLACK
6
CONTINUOUS
10
0.4600991338582677
20
1.2162026771653542
11
0.4600987007874016
21
1.2162024803149607
0
LINE
8
BLACK
6
CONTINUOUS
10
0.4600987007874016
20
1.2162024803149607
11
0.4544201181102362
21
1.2126998425196851
0
LINE
8
BLACK
6
CONTINUOUS
10
0.4544201181102362
20
1.2126998425196851
11
0.454419842519685
21
1.2126996456692913
0
LINE
8
BLACK
6
CONTINUOUS
10
0.454419842519685
20
1.2126996456692913
11
0.4542789763779527
21
1.2125587401574802
0
LINE
8
BLACK
6
CONTINUOUS
10
0.4542789763779527
20
1.2125587401574802
11
0.4518646062992126
21
1.2112405511811024
0
LINE
8
BLACK
6
CONTINUOUS
10
0.4518646062992126
20
1.2112405511811024
11
0.4491208661417323
21
1.211436968503937
0
LINE
8
BLACK
6
CONTINUOUS
10
0.4491208661417323
20
1.211436968503937
11
0.4479645669291338
21
1.2120564173228345
0
LINE
8
BLACK
6
CONTINUOUS
10
0.4479645669291338
20
1.2120564173228345
11
0.4476497244094488
21
1.2122843307086615
0
LINE
8
BLACK
6
CONTINUOUS
10
0.4476497244094488
20
1.2122843307086615
11
0.4469700787401575
21
1.2129639763779527
0
LINE
8
BLACK
6
CONTINUOUS
10
0.4469700787401575
20
1.2129639763779527
11
0.4452170078740157
21
1.2140453149606298
0
LINE
8
BLACK
6
CONTINUOUS
10
0.4452170078740157
20
1.2140453149606298
11
0.4450704724409449
21
1.214151377952756
0
LINE
8
BLACK
6
CONTINUOUS
10
0.4450704724409449
20
1.214151377952756
11
0.4443346456692913
21
1.2151021653543306
0
LINE
8
BLACK
6
CONTINUOUS
10
0.4443346456692913
20
1.2151021653543306
11
0.4435305905511811
21
1.2159961417322835
0
LINE
8
BLACK
6
CONTINUOUS
10
0.4435305905511811
20
1.2159961417322835
11
0.443483937007874
21
1.2162014173228346
0
LINE
8
BLACK
6
CONTINUOUS
10
0.443483937007874
20
1.2162014173228346
11
0.4433869291338582
21
1.2163267716535433
0
LINE
8
BLACK
6
CONTINUOUS
10
0.4433869291338582
20
1.2163267716535433
11
0.4433438582677166
21
1.2168177559055118
0
LINE
8
BLACK
6
CONTINUOUS
10
0.4433438582677166
20
1.2168177559055118
11
0.4430511811023622
21
1.2181059055118111
0
LINE
8
BLACK
6
CONTINUOUS
10
0.4430511811023622
20
1.2181059055118111
11
0.4430511811023622
21
1.2262576771653544
0
LINE
8
BLACK
6
CONTINUOUS
10
0.4430511811023622
20
1.2262576771653544
11
0.4438261811023622
21
1.2288970078740158
0
LINE
8
BLACK
6
CONTINUOUS
10
0.4438261811023622
20
1.2288970078740158
11
0.444480905511811
21
1.229709527559055
0
LINE
8
BLACK
6
CONTINUOUS
10
0.444480905511811
20
1.229709527559055
11
0.4634724803149606
21
1.2487011417322835
0
LINE
8
BLACK
6
CONTINUOUS
10
0.4634724803149606
20
1.2487011417322835
11
0.465471968503937
21
1.2499098818897638
0
LINE
8
BLACK
6
CONTINUOUS
10
0.465471968503937
20
1.2499098818897638
11
0.4688154724409448
21
1.2509516929133857
0
LINE
8
BLACK
6
CONTINUOUS
10
0.4688154724409448
20
1.2509516929133857
11
0.4746124015748031
21
1.254456062992126
0
LINE
8
BLACK
6
CONTINUOUS
10
0.4746124015748031
20
1.254456062992126
11
0.4794022047244094
21
1.2592458661417323
0
LINE
8
BLACK
6
CONTINUOUS
10
0.4794022047244094
20
1.2592458661417323
11
0.4829065748031496
21
1.2650427952755905
0
LINE
8
BLACK
6
CONTINUOUS
10
0.4829065748031496
20
1.2650427952755905
11
0.4849217716535433
21
1.2715098818897637
0
LINE
8
BLACK
6
CONTINUOUS
10
0.4849217716535433
20
1.2715098818897637
11
0.4851771653543307
21
1.2743202755905512
0
LINE
8
BLACK
6
CONTINUOUS
10
0.4851771653543307
20
1.2743202755905512
11
0.4851771259842519
21
1.3004828346456692
0
LINE
8
BLACK
6
CONTINUOUS
10
0.4851771259842519
20
1.3004828346456692
11
0.4851771259842519
21
1.3004831889763779
0
LINE
8
BLACK
6
CONTINUOUS
10
0.4851771259842519
20
1.3004831889763779
11
0.484921811023622
21
1.3032931496062992
0
LINE
8
BLACK
6
CONTINUOUS
10
0.484921811023622
20
1.3032931496062992
11
0.4849216929133858
21
1.3032935433070867
0
LINE
8
BLACK
6
CONTINUOUS
10
0.4849216929133858
20
1.3032935433070867
11
0.4829066141732283
21
1.3097602362204723
0
LINE
8
BLACK
6
CONTINUOUS
10
0.4829066141732283
20
1.3097602362204723
11
0.4829065748031496
21
1.3097602755905511
0
LINE
8
BLACK
6
CONTINUOUS
10
0.4829065748031496
20
1.3097602755905511
11
0.4829065748031496
21
1.3097603543307086
0
LINE
8
BLACK
6
CONTINUOUS
10
0.4829065748031496
20
1.3097603543307086
11
0.4794022047244094
21
1.3155572834645668
0
LINE
8
BLACK
6
CONTINUOUS
10
0.4794022047244094
20
1.3155572834645668
11
0.479402125984252
21
1.3155573622047243
0
LINE
8
BLACK
6
CONTINUOUS
10
0.479402125984252
20
1.3155573622047243
11
0.4794020866141732
21
1.3155574409448818
0
LINE
8
BLACK
6
CONTINUOUS
10
0.4794020866141732
20
1.3155574409448818
11
0.4746125196850394
21
1.3203470078740158
0
LINE
8
BLACK
6
CONTINUOUS
10
0.4746125196850394
20
1.3203470078740158
11
0.47438
21
1.3205291732283464
0
LINE
8
BLACK
6
CONTINUOUS
10
0.47438
20
1.3205291732283464
11
0.4744361023622047
21
1.3206008267716536
0
LINE
8
BLACK
6
CONTINUOUS
10
0.4744361023622047
20
1.3206008267716536
11
0.4728801968503937
21
1.3223001181102363
0
LINE
8
BLACK
6
CONTINUOUS
10
0.4728801968503937
20
1.3223001181102363
11
0.4723818897637795
21
1.3244488976377953
0
LINE
8
BLACK
6
CONTINUOUS
10
0.4723818897637795
20
1.3244488976377953
11
0.4723818897637795
21
1.3768631889763778
0
LINE
8
BLACK
6
CONTINUOUS
10
0.4723818897637795
20
1.3768631889763778
11
0.4731568897637795
21
1.3795025196850392
0
LINE
8
BLACK
6
CONTINUOUS
10
0.4731568897637795
20
1.3795025196850392
11
0.4738115748031496
21
1.3803150393700787
0
LINE
8
BLACK
6
CONTINUOUS
10
0.4738115748031496
20
1.3803150393700787
11
0.4769951968503937
21
1.3834986220472441
0
LINE
8
BLACK
6
CONTINUOUS
10
0.4769951968503937
20
1.3834986220472441
11
0.4809095275590551
21
1.3893568503937008
0
LINE
8
BLACK
6
CONTINUOUS
10
0.4809095275590551
20
1.3893568503937008
11
0.4836057874015748
21
1.3958661417322835
0
LINE
8
BLACK
6
CONTINUOUS
10
0.4836057874015748
20
1.3958661417322835
11
0.4849803149606299
21
1.4027764173228345
0
LINE
8
BLACK
6
CONTINUOUS
10
0.4849803149606299
20
1.4027764173228345
11
0.4849803149606299
21
1.4098220078740158
0
LINE
8
BLACK
6
CONTINUOUS
10
0.4849803149606299
20
1.4098220078740158
11
0.4836057874015748
21
1.4167322834645668
0
LINE
8
BLACK
6
CONTINUOUS
10
0.4836057874015748
20
1.4167322834645668
11
0.4809095275590551
21
1.4232415748031495
0
LINE
8
BLACK
6
CONTINUOUS
10
0.4809095275590551
20
1.4232415748031495
11
0.4809094488188976
21
1.4232416929133858
0
LINE
8
BLACK
6
CONTINUOUS
10
0.4809094488188976
20
1.4232416929133858
11
0.4809093700787401
21
1.4232418503937008
0
LINE
8
BLACK
6
CONTINUOUS
10
0.4809093700787401
20
1.4232418503937008
11
0.4769951968503937
21
1.4290998031496063
0
LINE
8
BLACK
6
CONTINUOUS
10
0.4769951968503937
20
1.4290998031496063
11
0.4769950787401575
21
1.4290999606299213
0
LINE
8
BLACK
6
CONTINUOUS
10
0.4769950787401575
20
1.4290999606299213
11
0.4720133070866142
21
1.4340817322834645
0
LINE
8
BLACK
6
CONTINUOUS
10
0.4720133070866142
20
1.4340817322834645
11
0.4720131496062992
21
1.4340818503937007
0
LINE
8
BLACK
6
CONTINUOUS
10
0.4720131496062992
20
1.4340818503937007
11
0.4661551968503937
21
1.4379960236220473
0
LINE
8
BLACK
6
CONTINUOUS
10
0.4661551968503937
20
1.4379960236220473
11
0.4661548031496063
21
1.437996220472441
0
LINE
8
BLACK
6
CONTINUOUS
10
0.4661548031496063
20
1.437996220472441
11
0.4596456692913386
21
1.440692401574803
0
LINE
8
BLACK
6
CONTINUOUS
10
0.4596456692913386
20
1.440692401574803
11
0.4596453543307086
21
1.4406924803149606
0
LINE
8
BLACK
6
CONTINUOUS
10
0.4596453543307086
20
1.4406924803149606
11
0.4527355511811024
21
1.4420669291338581
0
LINE
8
BLACK
6
CONTINUOUS
10
0.4527355511811024
20
1.4420669291338581
11
0.4527353937007874
21
1.4420669291338581
0
LINE
8
BLACK
6
CONTINUOUS
10
0.4527353937007874
20
1.4420669291338581
11
0.4456898031496063
21
1.4420669291338581
0
LINE
8
BLACK
6
CONTINUOUS
10
0.4456898031496063
20
1.4420669291338581
11
0.4456896062992126
21
1.4420669291338581
0
LINE
8
BLACK
6
CONTINUOUS
10
0.4456896062992126
20
1.4420669291338581
11
0.4387798031496063
21
1.4406924803149606
0
LINE
8
BLACK
6
CONTINUOUS
10
0.4387798031496063
20
1.4406924803149606
11
0.4387794881889764
21
1.440692401574803
0
LINE
8
BLACK
6
CONTINUOUS
10
0.4387794881889764
20
1.440692401574803
11
0.4322703543307087
21
1.437996220472441
0
LINE
8
BLACK
6
CONTINUOUS
10
0.4322703543307087
20
1.437996220472441
11
0.4322699606299212
21
1.4379960236220473
0
LINE
8
BLACK
6
CONTINUOUS
10
0.4322699606299212
20
1.4379960236220473
11
0.4264120078740157
21
1.4340818503937007
0
LINE
8
BLACK
6
CONTINUOUS
10
0.4264120078740157
20
1.4340818503937007
11
0.4264118503937008
21
1.4340817322834645
0
LINE
8
BLACK
6
CONTINUOUS
10
0.4264118503937008
20
1.4340817322834645
11
0.4214300787401575
21
1.4290999606299213
0
LINE
8
BLACK
6
CONTINUOUS
10
0.4214300787401575
20
1.4290999606299213
11
0.4214299606299213
21
1.4290998031496063
0
LINE
8
BLACK
6
CONTINUOUS
10
0.4214299606299213
20
1.4290998031496063
11
0.4175157874015748
21
1.4232418503937008
0
LINE
8
BLACK
6
CONTINUOUS
10
0.4175157874015748
20
1.4232418503937008
11
0.4175155905511811
21
1.4232414566929132
0
LINE
8
BLACK
6
CONTINUOUS
10
0.4175155905511811
20
1.4232414566929132
11
0.4148194094488189
21
1.4167323228346456
0
LINE
8
BLACK
6
CONTINUOUS
10
0.4148194094488189
20
1.4167323228346456
11
0.4148193307086614
21
1.4167320078740158
0
LINE
8
BLACK
6
CONTINUOUS
10
0.4148193307086614
20
1.4167320078740158
11
0.4134448818897637
21
1.4098222047244093
0
LINE
8
BLACK
6
CONTINUOUS
10
0.4134448818897637
20
1.4098222047244093
11
0.4134448818897637
21
1.4027762598425197
0
LINE
8
BLACK
6
CONTINUOUS
10
0.4134448818897637
20
1.4027762598425197
11
0.4148193307086614
21
1.3958664566929133
0
LINE
8
BLACK
6
CONTINUOUS
10
0.4148193307086614
20
1.3958664566929133
11
0.4148194094488189
21
1.3958661417322835
0
LINE
8
BLACK
6
CONTINUOUS
10
0.4148194094488189
20
1.3958661417322835
11
0.4175155905511811
21
1.3893570078740156
0
LINE
8
BLACK
6
CONTINUOUS
10
0.4175155905511811
20
1.3893570078740156
11
0.4175157874015748
21
1.3893566141732283
0
LINE
8
BLACK
6
CONTINUOUS
10
0.4175157874015748
20
1.3893566141732283
11
0.4214299606299213
21
1.3834986614173228
0
LINE
8
BLACK
6
CONTINUOUS
10
0.4214299606299213
20
1.3834986614173228
11
0.4214300787401575
21
1.3834985039370078
0
LINE
8
BLACK
6
CONTINUOUS
10
0.4214300787401575
20
1.3834985039370078
11
0.4250071259842519
21
1.3799214566929134
0
LINE
8
BLACK
6
CONTINUOUS
10
0.4250071259842519
20
1.3799214566929134
11
0.4263254330708661
21
1.3775071653543307
0
LINE
8
BLACK
6
CONTINUOUS
10
0.4263254330708661
20
1.3775071653543307
11
0.4264370078740157
21
1.3764694488188975
0
LINE
8
BLACK
6
CONTINUOUS
10
0.4264370078740157
20
1.3764694488188975
11
0.4264370078740157
21
1.3244488976377953
0
LINE
8
BLACK
6
CONTINUOUS
10
0.4264370078740157
20
1.3244488976377953
11
0.4256620078740158
21
1.3218095669291339
0
LINE
8
BLACK
6
CONTINUOUS
10
0.4256620078740158
20
1.3218095669291339
11
0.4249494488188976
21
1.320940157480315
0
LINE
8
BLACK
6
CONTINUOUS
10
0.4249494488188976
20
1.320940157480315
11
0.4245527559055118
21
1.3205564566929133
0
LINE
8
BLACK
6
CONTINUOUS
10
0.4245527559055118
20
1.3205564566929133
11
0.4242064960629921
21
1.3203470866141731
0
LINE
8
BLACK
6
CONTINUOUS
10
0.4242064960629921
20
1.3203470866141731
11
0.4203536220472441
21
1.3164942519685039
0
LINE
8
BLACK
6
CONTINUOUS
10
0.4203536220472441
20
1.3164942519685039
11
0.4203234645669292
21
1.3164650393700787
0
LINE
8
BLACK
6
CONTINUOUS
10
0.4203234645669292
20
1.3164650393700787
11
0.4191402362204724
21
1.3158442125984251
0
LINE
8
BLACK
6
CONTINUOUS
10
0.4191402362204724
20
1.3158442125984251
11
0.4179668503937008
21
1.315203464566929
0
LINE
8
BLACK
6
CONTINUOUS
10
0.4179668503937008
20
1.315203464566929
11
0.417924842519685
21
1.3152064960629921
0
LINE
8
BLACK
6
CONTINUOUS
10
0.417924842519685
20
1.3152064960629921
11
0.4178876377952756
21
1.3151869291338583
0
LINE
8
BLACK
6
CONTINUOUS
10
0.4178876377952756
20
1.3151869291338583
11
0.4165563779527559
21
1.3153043700787401
0
LINE
8
BLACK
6
CONTINUOUS
10
0.4165563779527559
20
1.3153043700787401
11
0.4152230708661417
21
1.3153996850393701
0
LINE
8
BLACK
6
CONTINUOUS
10
0.4152230708661417
20
1.3153996850393701
11
0.4151829527559055
21
1.3154254724409449
0
LINE
8
BLACK
6
CONTINUOUS
10
0.4151829527559055
20
1.3154254724409449
11
0.4151475196850394
21
1.3154285826771652
0
LINE
8
BLACK
6
CONTINUOUS
10
0.4151475196850394
20
1.3154285826771652
11
0.4149987007874016
21
1.3155438976377953
0
LINE
8
BLACK
6
CONTINUOUS
10
0.4149987007874016
20
1.3155438976377953
11
0.413477125984252
21
1.3165217716535433
0
LINE
8
BLACK
6
CONTINUOUS
10
0.413477125984252
20
1.3165217716535433
11
0.4096518897637795
21
1.3203470078740158
0
LINE
8
BLACK
6
CONTINUOUS
10
0.4096518897637795
20
1.3203470078740158
11
0.4092320078740158
21
1.3206008267716536
0
LINE
8
BLACK
6
CONTINUOUS
10
0.4092320078740158
20
1.3206008267716536
11
0.403854842519685
21
1.3238514566929134
0
LINE
8
BLACK
6
CONTINUOUS
10
0.403854842519685
20
1.3238514566929134
11
0.3973877559055118
21
1.325866653543307
0
LINE
8
BLACK
6
CONTINUOUS
10
0.3973877559055118
20
1.325866653543307
11
0.3973876771653543
21
1.3258666929133858
0
LINE
8
BLACK
6
CONTINUOUS
10
0.3973876771653543
20
1.3258666929133858
11
0.3973875984251968
21
1.3258666929133858
0
LINE
8
BLACK
6
CONTINUOUS
10
0.3973875984251968
20
1.3258666929133858
11
0.3954199606299212
21
1.3260455118110237
0
LINE
8
BLACK
6
CONTINUOUS
10
0.3954199606299212
20
1.3260455118110237
11
0.3945773622047244
21
1.3261220472440944
0
LINE
8
BLACK
6
CONTINUOUS
10
0.3945773622047244
20
1.3261220472440944
11
0.3945772440944882
21
1.3261220472440944
0
LINE
8
BLACK
6
CONTINUOUS
10
0.3945772440944882
20
1.3261220472440944
11
0.3743199606299212
21
1.3261220472440944
0
LINE
8
BLACK
6
CONTINUOUS
10
0.3743199606299212
20
1.3261220472440944
11
0.37151
21
1.3258667322834645
0
LINE
8
BLACK
6
CONTINUOUS
10
0.37151
20
1.3258667322834645
11
0.3715096062992126
21
1.3258666141732283
0
LINE
8
BLACK
6
CONTINUOUS
10
0.3715096062992126
20
1.3258666141732283
11
0.3650429133858268
21
1.3238515354330709
0
LINE
8
BLACK
6
CONTINUOUS
10
0.3650429133858268
20
1.3238515354330709
11
0.3592457874015748
21
1.3203470472440944
0
LINE
8
BLACK
6
CONTINUOUS
10
0.3592457874015748
20
1.3203470472440944
11
0.3544559448818898
21
1.3155571653543308
0
LINE
8
BLACK
6
CONTINUOUS
10
0.3544559448818898
20
1.3155571653543308
11
0.3527470866141732
21
1.31273031496063
0
LINE
8
BLACK
6
CONTINUOUS
10
0.3527470866141732
20
1.31273031496063
11
0.3507184251968504
21
1.310872559055118
0
LINE
8
BLACK
6
CONTINUOUS
10
0.3507184251968504
20
1.310872559055118
11
0.3485692519685039
21
1.3103740157480315
0
LINE
8
BLACK
6
CONTINUOUS
10
0.3485692519685039
20
1.3103740157480315
11
0.308233188976378
21
1.3103740157480315
0
LINE
8
BLACK
6
CONTINUOUS
10
0.308233188976378
20
1.3103740157480315
11
0.3055938582677165
21
1.3111490157480314
0
LINE
8
BLACK
6
CONTINUOUS
10
0.3055938582677165
20
1.3111490157480314
11
0.3037924803149606
21
1.3132279133858267
0
LINE
8
BLACK
6
CONTINUOUS
10
0.3037924803149606
20
1.3132279133858267
11
0.3034009842519685
21
1.3159506692913385
0
LINE
8
BLACK
6
CONTINUOUS
10
0.3034009842519685
20
1.3159506692913385
11
0.3045437007874016
21
1.318452874015748
0
LINE
8
BLACK
6
CONTINUOUS
10
0.3045437007874016
20
1.318452874015748
11
0.3047811811023622
21
1.3187079133858268
0
LINE
8
BLACK
6
CONTINUOUS
10
0.3047811811023622
20
1.3187079133858268
11
0.3052932283464567
21
1.3192200000000001
0
LINE
8
BLACK
6
CONTINUOUS
10
0.3052932283464567
20
1.3192200000000001
11
0.3052934251968504
21
1.3192201968503936
0
LINE
8
BLACK
6
CONTINUOUS
10
0.3052934251968504
20
1.3192201968503936
11
0.3086277559055118
21
1.3248582283464567
0
LINE
8
BLACK
6
CONTINUOUS
10
0.3086277559055118
20
1.3248582283464567
11
0.3104551968503937
21
1.3311483858267716
0
LINE
8
BLACK
6
CONTINUOUS
10
0.3104551968503937
20
1.3311483858267716
11
0.3105708661417323
21
1.3326180314960629
0
LINE
8
BLACK
6
CONTINUOUS
10
0.3105708661417323
20
1.3326180314960629
11
0.3105708661417323
21
1.3835710629921258
0
LINE
8
BLACK
6
CONTINUOUS
10
0.3105708661417323
20
1.3835710629921258
11
0.3105708661417323
21
1.3841142519685039
0
LINE
8
BLACK
6
CONTINUOUS
10
0.3105708661417323
20
1.3841142519685039
11
0.3104551968503937
21
1.3855838976377952
0
LINE
8
BLACK
6
CONTINUOUS
10
0.3104551968503937
20
1.3855838976377952
11
0.3096349212598425
21
1.3884072834645669
0
LINE
8
BLACK
6
CONTINUOUS
10
0.3096349212598425
20
1.3884072834645669
11
0.3086277952755905
21
1.3918738976377953
0
LINE
8
BLACK
6
CONTINUOUS
10
0.3086277952755905
20
1.3918738976377953
11
0.3086277559055118
21
1.3918740551181101
0
LINE
8
BLACK
6
CONTINUOUS
10
0.3086277559055118
20
1.3918740551181101
11
0.3085707086614173
21
1.3919705118110235
0
LINE
8
BLACK
6
CONTINUOUS
10
0.3085707086614173
20
1.3919705118110235
11
0.3069790551181102
21
1.3946619291338582
0
LINE
8
BLACK
6
CONTINUOUS
10
0.3069790551181102
20
1.3946619291338582
11
0.3062992125984252
21
1.397146968503937
0
LINE
8
BLACK
6
CONTINUOUS
10
0.3062992125984252
20
1.397146968503937
11
0.3062992125984252
21
1.4047197244094487
0
LINE
8
BLACK
6
CONTINUOUS
10
0.3062992125984252
20
1.4047197244094487
11
0.3060603937007874
21
1.4048792913385826
0
LINE
8
BLACK
6
CONTINUOUS
10
0.3060603937007874
20
1.4048792913385826
11
0.3047802362204725
21
1.406795157480315
0
LINE
8
BLACK
6
CONTINUOUS
10
0.3047802362204725
20
1.406795157480315
11
0.3043307086614173
21
1.4090551181102362
0
LINE
8
BLACK
6
CONTINUOUS
10
0.3043307086614173
20
1.4090551181102362
11
0.3043307086614173
21
1.4223425196850394
0
LINE
8
BLACK
6
CONTINUOUS
10
0.3043307086614173
20
1.4223425196850394
11
0.2846456692913386
21
1.4223425196850394
0
LINE
8
BLACK
6
CONTINUOUS
10
0.2846456692913386
20
1.4223425196850394
11
0.2846456692913386
21
1.4123031496062992
0
LINE
8
BLACK
6
CONTINUOUS
10
0.2846456692913386
20
1.4123031496062992
11
0.2845452362204725
21
1.411961220472441
0
LINE
8
BLACK
6
CONTINUOUS
10
0.2845452362204725
20
1.411961220472441
11
0.2845959842519685
21
1.4116083858267716
0
LINE
8
BLACK
6
CONTINUOUS
10
0.2845959842519685
20
1.4116083858267716
11
0.2841637401574803
21
1.4106619291338582
0
LINE
8
BLACK
6
CONTINUOUS
10
0.2841637401574803
20
1.4106619291338582
11
0.2838706692913386
21
1.4096638188976378
0
LINE
8
BLACK
6
CONTINUOUS
10
0.2838706692913386
20
1.4096638188976378
11
0.2836013385826772
21
1.4094304724409448
0
LINE
8
BLACK
6
CONTINUOUS
10
0.2836013385826772
20
1.4094304724409448
11
0.2834532677165355
21
1.4091061811023622
0
LINE
8
BLACK
6
CONTINUOUS
10
0.2834532677165355
20
1.4091061811023622
11
0.282577874015748
21
1.408543622047244
0
LINE
8
BLACK
6
CONTINUOUS
10
0.282577874015748
20
1.408543622047244
11
0.2817917716535433
21
1.4078624409448819
0
LINE
8
BLACK
6
CONTINUOUS
10
0.2817917716535433
20
1.4078624409448819
11
0.2813777952755905
21
1.4077724015748032
0
LINE
8
BLACK
6
CONTINUOUS
10
0.2813777952755905
20
1.4077724015748032
11
0.2811391732283465
21
1.4076190157480315
0
LINE
8
BLACK
6
CONTINUOUS
10
0.2811391732283465
20
1.4076190157480315
11
0.279763779527559
21
1.4074212598425198
0
LINE
8
BLACK
6
CONTINUOUS
10
0.279763779527559
20
1.4074212598425198
11
0.2780511811023622
21
1.4074212598425198
0
LINE
8
BLACK
6
CONTINUOUS
10
0.2780511811023622
20
1.4074212598425198
11
0.2754118503937008
21
1.4081962598425197
0
LINE
8
BLACK
6
CONTINUOUS
10
0.2754118503937008
20
1.4081962598425197
11
0.2736104724409449
21
1.410275157480315
0
LINE
8
BLACK
6
CONTINUOUS
10
0.2736104724409449
20
1.410275157480315
11
0.2731692913385827
21
1.4123031496062992
0
LINE
8
BLACK
6
CONTINUOUS
10
0.2731692913385827
20
1.4123031496062992
11
0.2731692913385827
21
1.4579329133858268
0
LINE
8
BLACK
6
CONTINUOUS
10
0.2731692913385827
20
1.4579329133858268
11
0.2731692913385827
21
1.4579331496062993
0
LINE
8
BLACK
6
CONTINUOUS
10
0.2731692913385827
20
1.4579331496062993
11
0.2730536220472441
21
1.4594027952755906
0
LINE
8
BLACK
6
CONTINUOUS
10
0.2730536220472441
20
1.4594027952755906
11
0.2712261811023622
21
1.4656929527559055
0
LINE
8
BLACK
6
CONTINUOUS
10
0.2712261811023622
20
1.4656929527559055
11
0.2678918503937008
21
1.4713309842519684
0
LINE
8
BLACK
6
CONTINUOUS
10
0.2678918503937008
20
1.4713309842519684
11
0.2678917716535433
21
1.4713310629921259
0
LINE
8
BLACK
6
CONTINUOUS
10
0.2678917716535433
20
1.4713310629921259
11
0.2678916535433071
21
1.4713312204724409
0
LINE
8
BLACK
6
CONTINUOUS
10
0.2678916535433071
20
1.4713312204724409
11
0.2632603149606299
21
1.475962559055118
0
LINE
8
BLACK
6
CONTINUOUS
10
0.2632603149606299
20
1.475962559055118
11
0.2632601574803149
21
1.4759626771653542
0
LINE
8
BLACK
6
CONTINUOUS
10
0.2632601574803149
20
1.4759626771653542
11
0.2632601181102362
21
1.475962716535433
0
LINE
8
BLACK
6
CONTINUOUS
10
0.2632601181102362
20
1.475962716535433
11
0.26326
21
1.4759627952755905
0
LINE
8
BLACK
6
CONTINUOUS
10
0.26326
20
1.4759627952755905
11
0.2632598818897638
21
1.475962874015748
0
LINE
8
BLACK
6
CONTINUOUS
10
0.2632598818897638
20
1.475962874015748
11
0.2629674803149606
21
1.4761358267716536
0
LINE
8
BLACK
6
CONTINUOUS
10
0.2629674803149606
20
1.4761358267716536
11
0.2626624015748031
21
1.4764625590551181
0
LINE
8
BLACK
6
CONTINUOUS
10
0.2626624015748031
20
1.4764625590551181
11
0.2622557874015748
21
1.4766482677165353
0
LINE
8
BLACK
6
CONTINUOUS
10
0.2622557874015748
20
1.4766482677165353
11
0.2617405511811023
21
1.4774499999999999
0
LINE
8
BLACK
6
CONTINUOUS
10
0.2617405511811023
20
1.4774499999999999
11
0.2610902755905512
21
1.4781464960629922
0
LINE
8
BLACK
6
CONTINUOUS
10
0.2610902755905512
20
1.4781464960629922
11
0.260971811023622
21
1.4786461811023621
0
LINE
8
BLACK
6
CONTINUOUS
10
0.260971811023622
20
1.4786461811023621
11
0.2607686220472441
21
1.4789623622047243
0
LINE
8
BLACK
6
CONTINUOUS
10
0.2607686220472441
20
1.4789623622047243
11
0.2605708661417323
21
1.4803377559055118
0
LINE
8
BLACK
6
CONTINUOUS
10
0.2605708661417323
20
1.4803377559055118
11
0.2605708661417323
21
1.4901180708661417
0
LINE
8
BLACK
6
CONTINUOUS
10
0.2605708661417323
20
1.4901180708661417
11
0.2613458661417323
21
1.4927574015748031
0
LINE
8
BLACK
6
CONTINUOUS
10
0.2613458661417323
20
1.4927574015748031
11
0.2626090157480315
21
1.4939861417322835
0
LINE
8
BLACK
6
CONTINUOUS
10
0.2626090157480315
20
1.4939861417322835
11
0.2625687401574803
21
1.494037559055118
0
LINE
8
BLACK
6
CONTINUOUS
10
0.2625687401574803
20
1.494037559055118
11
0.2630336220472441
21
1.4944018110236219
0
LINE
8
BLACK
6
CONTINUOUS
10
0.2630336220472441
20
1.4944018110236219
11
0.2630917716535433
21
1.4943275590551182
0
LINE
8
BLACK
6
CONTINUOUS
10
0.2630917716535433
20
1.4943275590551182
11
0.2632707086614173
21
1.4944253149606299
0
LINE
8
BLACK
6
CONTINUOUS
10
0.2632707086614173
20
1.4944253149606299
11
0.2634247637795276
21
1.494558779527559
0
LINE
8
BLACK
6
CONTINUOUS
10
0.2634247637795276
20
1.494558779527559
11
0.2635472834645669
21
1.4945764173228346
0
LINE
8
BLACK
6
CONTINUOUS
10
0.2635472834645669
20
1.4945764173228346
11
0.2651029921259843
21
1.4954262992125984
0
LINE
8
BLACK
6
CONTINUOUS
10
0.2651029921259843
20
1.4954262992125984
11
0.2678468110236221
21
1.4952306299212599
0
LINE
8
BLACK
6
CONTINUOUS
10
0.2678468110236221
20
1.4952306299212599
11
0.2692115354330709
21
1.4943537401574802
0
LINE
8
BLACK
6
CONTINUOUS
10
0.2692115354330709
20
1.4943537401574802
11
0.2692494488188976
21
1.4944020866141732
0
LINE
8
BLACK
6
CONTINUOUS
10
0.2692494488188976
20
1.4944020866141732
11
0.2694819291338583
21
1.4942199606299211
0
LINE
8
BLACK
6
CONTINUOUS
10
0.2694819291338583
20
1.4942199606299211
11
0.2694820078740157
21
1.4942199212598424
0
LINE
8
BLACK
6
CONTINUOUS
10
0.2694820078740157
20
1.4942199212598424
11
0.2694820866141732
21
1.4942198425196851
0
LINE
8
BLACK
6
CONTINUOUS
10
0.2694820866141732
20
1.4942198425196851
11
0.2752790157480315
21
1.4907154724409448
0
LINE
8
BLACK
6
CONTINUOUS
10
0.2752790157480315
20
1.4907154724409448
11
0.2817461023622047
21
1.4887002755905512
0
LINE
8
BLACK
6
CONTINUOUS
10
0.2817461023622047
20
1.4887002755905512
11
0.2845564960629921
21
1.4884448818897638
0
LINE
8
BLACK
6
CONTINUOUS
10
0.2845564960629921
20
1.4884448818897638
11
0.2982732677165355
21
1.4884449212598425
0
LINE
8
BLACK
6
CONTINUOUS
10
0.2982732677165355
20
1.4884449212598425
11
0.3009125590551181
21
1.4876699606299213
0
LINE
8
BLACK
6
CONTINUOUS
10
0.3009125590551181
20
1.4876699606299213
11
0.302713937007874
21
1.4855910629921258
0
LINE
8
BLACK
6
CONTINUOUS
10
0.302713937007874
20
1.4855910629921258
11
0.3031054330708661
21
1.4828682677165355
0
LINE
8
BLACK
6
CONTINUOUS
10
0.3031054330708661
20
1.4828682677165355
11
0.3019627165354331
21
1.4803661023622048
0
LINE
8
BLACK
6
CONTINUOUS
10
0.3019627165354331
20
1.4803661023622048
11
0.3002124015748032
21
1.4790827952755905
0
LINE
8
BLACK
6
CONTINUOUS
10
0.3002124015748032
20
1.4790827952755905
11
0.2999922834645669
21
1.478987559055118
0
LINE
8
BLACK
6
CONTINUOUS
10
0.2999922834645669
20
1.478987559055118
11
0.2944270472440945
21
1.4756962992125984
0
LINE
8
BLACK
6
CONTINUOUS
10
0.2944270472440945
20
1.4756962992125984
11
0.2944266929133858
21
1.4756960236220471
0
LINE
8
BLACK
6
CONTINUOUS
10
0.2944266929133858
20
1.4756960236220471
11
0.2898551574803149
21
1.4711244881889765
0
LINE
8
BLACK
6
CONTINUOUS
10
0.2898551574803149
20
1.4711244881889765
11
0.2898548818897638
21
1.4711241338582677
0
LINE
8
BLACK
6
CONTINUOUS
10
0.2898548818897638
20
1.4711241338582677
11
0.2865636614173228
21
1.4655589370078739
0
LINE
8
BLACK
6
CONTINUOUS
10
0.2865636614173228
20
1.4655589370078739
11
0.2865636220472441
21
1.4655588188976378
0
LINE
8
BLACK
6
CONTINUOUS
10
0.2865636220472441
20
1.4655588188976378
11
0.2847598425196851
21
1.4593502362204724
0
LINE
8
BLACK
6
CONTINUOUS
10
0.2847598425196851
20
1.4593502362204724
11
0.2847598031496063
21
1.4593499999999999
0
LINE
8
BLACK
6
CONTINUOUS
10
0.2847598031496063
20
1.4593499999999999
11
0.2846456692913386
21
1.4578996062992127
0
LINE
8
BLACK
6
CONTINUOUS
10
0.2846456692913386
20
1.4578996062992127
11
0.2846456692913386
21
1.4420275590551181
0
LINE
8
BLACK
6
CONTINUOUS
10
0.2846456692913386
20
1.4420275590551181
11
0.3043307086614173
21
1.4420275590551181
0
LINE
8
BLACK
6
CONTINUOUS
10
0.3043307086614173
20
1.4420275590551181
11
0.3043307086614173
21
1.4553149606299212
0
LINE
8
BLACK
6
CONTINUOUS
10
0.3043307086614173
20
1.4553149606299212
11
0.3047802362204725
21
1.4575749212598426
0
LINE
8
BLACK
6
CONTINUOUS
10
0.3047802362204725
20
1.4575749212598426
11
0.3060603937007874
21
1.4594907874015748
0
LINE
8
BLACK
6
CONTINUOUS
10
0.3060603937007874
20
1.4594907874015748
11
0.3062992125984252
21
1.4596503937007874
0
LINE
8
BLACK
6
CONTINUOUS
10
0.3062992125984252
20
1.4596503937007874
11
0.3062992125984252
21
1.4809068503937008
0
LINE
8
BLACK
6
CONTINUOUS
10
0.3062992125984252
20
1.4809068503937008
11
0.3050308661417323
21
1.4830262598425197
0
LINE
8
BLACK
6
CONTINUOUS
10
0.3050308661417323
20
1.4830262598425197
11
0.3051187007874016
21
1.4857756299212599
0
LINE
8
BLACK
6
CONTINUOUS
10
0.3051187007874016
20
1.4857756299212599
11
0.3066790157480315
21
1.4880410629921259
0
LINE
8
BLACK
6
CONTINUOUS
10
0.3066790157480315
20
1.4880410629921259
11
0.3083041732283465
21
1.4889122047244094
0
LINE
8
BLACK
6
CONTINUOUS
10
0.3083041732283465
20
1.4889122047244094
11
0.3140909448818898
21
1.4907154330708661
0
LINE
8
BLACK
6
CONTINUOUS
10
0.3140909448818898
20
1.4907154330708661
11
0.3140909448818898
21
1.4907154724409448
0
LINE
8
BLACK
6
CONTINUOUS
10
0.3140909448818898
20
1.4907154724409448
11
0.314091062992126
21
1.4907154724409448
0
LINE
8
BLACK
6
CONTINUOUS
10
0.314091062992126
20
1.4907154724409448
11
0.3198879921259842
21
1.4942198425196851
0
LINE
8
BLACK
6
CONTINUOUS
10
0.3198879921259842
20
1.4942198425196851
11
0.3210944488188976
21
1.4954262992125984
0
LINE
8
BLACK
6
CONTINUOUS
10
0.3210944488188976
20
1.4954262992125984
11
0.3237133464566929
21
1.4980451574803149
0
LINE
8
BLACK
6
CONTINUOUS
10
0.3237133464566929
20
1.4980451574803149
11
0.3261276377952756
21
1.4993634645669291
0
LINE
8
BLACK
6
CONTINUOUS
10
0.3261276377952756
20
1.4993634645669291
11
0.3288714173228346
21
1.4991672440944881
0
LINE
8
BLACK
6
CONTINUOUS
10
0.3288714173228346
20
1.4991672440944881
11
0.3306173622047244
21
1.4980451574803149
0
LINE
8
BLACK
6
CONTINUOUS
10
0.3306173622047244
20
1.4980451574803149
11
0.3344425590551181
21
1.4942199606299211
0
LINE
8
BLACK
6
CONTINUOUS
10
0.3344425590551181
20
1.4942199606299211
11
0.3344426377952756
21
1.4942199212598424
0
LINE
8
BLACK
6
CONTINUOUS
10
0.3344426377952756
20
1.4942199212598424
11
0.3344427165354331
21
1.4942198425196851
0
LINE
8
BLACK
6
CONTINUOUS
10
0.3344427165354331
20
1.4942198425196851
11
0.3402396456692913
21
1.4907154724409448
0
LINE
8
BLACK
6
CONTINUOUS
10
0.3402396456692913
20
1.4907154724409448
11
0.3467067322834645
21
1.4887002755905512
0
LINE
8
BLACK
6
CONTINUOUS
10
0.3467067322834645
20
1.4887002755905512
11
0.3495171259842519
21
1.4884448818897638
0
LINE
8
BLACK
6
CONTINUOUS
10
0.3495171259842519
20
1.4884448818897638
11
0.3697741732283464
21
1.4884449212598425
0
LINE
8
BLACK
6
CONTINUOUS
10
0.3697741732283464
20
1.4884449212598425
11
0.3697744881889763
21
1.4884449212598425
0
LINE
8
BLACK
6
CONTINUOUS
10
0.3697744881889763
20
1.4884449212598425
11
0.3725844488188976
21
1.4887002362204724
0
LINE
8
BLACK
6
CONTINUOUS
10
0.3725844488188976
20
1.4887002362204724
11
0.3725845669291338
21
1.4887002755905512
0
LINE
8
BLACK
6
CONTINUOUS
10
0.3725845669291338
20
1.4887002755905512
11
0.3725846062992126
21
1.4887002755905512
0
LINE
8
BLACK
6
CONTINUOUS
10
0.3725846062992126
20
1.4887002755905512
11
0.3790516929133858
21
1.4907154724409448
0
LINE
8
BLACK
6
CONTINUOUS
10
0.3790516929133858
20
1.4907154724409448
11
0.3848486220472441
21
1.4942198425196851
0
LINE
8
BLACK
6
CONTINUOUS
10
0.3848486220472441
20
1.4942198425196851
11
0.3896384251968504
21
1.4990096456692914
0
LINE
8
BLACK
6
CONTINUOUS
10
0.3896384251968504
20
1.4990096456692914
11
0.3913474015748031
21
1.5018366141732282
0
LINE
8
BLACK
6
CONTINUOUS
10
0.3913474015748031
20
1.5018366141732282
11
0.393376062992126
21
1.5036943700787402
0
LINE
8
BLACK
6
CONTINUOUS
10
0.393376062992126
20
1.5036943700787402
11
0.3955252362204724
21
1.5041929133858267
0
LINE
8
BLACK
6
CONTINUOUS
10
0.3955252362204724
20
1.5041929133858267
11
0.5355314960629921
21
1.5041929133858267
0
LINE
8
BLACK
6
CONTINUOUS
10
0.5355314960629921
20
1.5041929133858267
11
0.5381708267716535
21
1.5034179133858268
0
LINE
8
BLACK
6
CONTINUOUS
10
0.5381708267716535
20
1.5034179133858268
11
0.5399722047244094
21
1.5013390157480315
0
LINE
8
BLACK
6
CONTINUOUS
10
0.5399722047244094
20
1.5013390157480315
11
0.5404133858267717
21
1.4993110236220473
0
LINE
8
BLACK
6
CONTINUOUS
10
0.5404133858267717
20
1.4993110236220473
11
0.5404133858267717
21
1.1198053543307087
0
LINE
8
BLACK
6
CONTINUOUS
10
0.5404133858267717
20
1.1198053543307087
11
0.5396383858267716
21
1.1171660236220473
0
LINE
8
BLACK
6
CONTINUOUS
10
0.5396383858267716
20
1.1171660236220473
11
0.5389835039370079
21
1.1163533464566928
0
LINE
8
BLACK
6
CONTINUOUS
10
0.5389835039370079
20
1.1163533464566928
11
0.5292553543307087
21
1.1066252362204725
0
LINE
8
BLACK
6
CONTINUOUS
10
0.5292553543307087
20
1.1066252362204725
11
0.5292551968503937
21
1.106625
0
LINE
8
BLACK
6
CONTINUOUS
10
0.5292551968503937
20
1.106625
11
0.5277430708661417
21
1.104005905511811
0
LINE
8
BLACK
6
CONTINUOUS
10
0.5277430708661417
20
1.104005905511811
11
0.5262309448818897
21
1.1013868503937008
0
LINE
8
BLACK
6
CONTINUOUS
10
0.5262309448818897
20
1.1013868503937008
11
0.5262309055118111
21
1.101386811023622
0
LINE
8
BLACK
6
CONTINUOUS
10
0.5262309055118111
20
1.101386811023622
11
0.5254481102362205
21
1.0984653937007873
0
LINE
8
BLACK
6
CONTINUOUS
10
0.5254481102362205
20
1.0984653937007873
11
0.5246653543307086
21
1.0955440551181101
0
LINE
8
BLACK
6
CONTINUOUS
10
0.5246653543307086
20
1.0955440551181101
11
0.5246653543307086
21
1.0955439763779526
0
LINE
8
BLACK
6
CONTINUOUS
10
0.5246653543307086
20
1.0955439763779526
11
0.5246653543307086
21
1.0923756299212599
0
LINE
8
BLACK
6
CONTINUOUS
10
0.5246653543307086
20
1.0923756299212599
11
0.5238903543307086
21
1.0897362992125983
0
LINE
8
BLACK
6
CONTINUOUS
10
0.5238903543307086
20
1.0897362992125983
11
0.522309094488189
21
1.0881978346456693
0
LINE
8
BLACK
6
CONTINUOUS
10
0.522309094488189
20
1.0881978346456693
11
0.5194820472440945
21
1.0864888188976378
0
LINE
8
BLACK
6
CONTINUOUS
10
0.5194820472440945
20
1.0864888188976378
11
0.5194818897637795
21
1.0864887007874016
0
LINE
8
BLACK
6
CONTINUOUS
10
0.5194818897637795
20
1.0864887007874016
11
0.5146923622047244
21
1.0816991732283465
0
LINE
8
BLACK
6
CONTINUOUS
10
0.5146923622047244
20
1.0816991732283465
11
0.5111879133858268
21
1.0759021259842518
0
LINE
8
BLACK
6
CONTINUOUS
10
0.5111879133858268
20
1.0759021259842518
11
0.5091726771653543
21
1.0694348818897637
0
LINE
8
BLACK
6
CONTINUOUS
10
0.5091726771653543
20
1.0694348818897637
11
0.5089173228346456
21
1.0666245275590551
0
LINE
8
BLACK
6
CONTINUOUS
10
0.5089173228346456
20
1.0666245275590551
11
0.5089173228346456
21
1.0463672440944882
0
LINE
8
BLACK
6
CONTINUOUS
10
0.5089173228346456
20
1.0463672440944882
11
0.5091726377952756
21
1.043557283464567
0
LINE
8
BLACK
6
CONTINUOUS
10
0.5091726377952756
20
1.043557283464567
11
0.5091727559055118
21
1.0435568897637795
0
LINE
8
BLACK
6
CONTINUOUS
10
0.5091727559055118
20
1.0435568897637795
11
0.5111878346456693
21
1.0370901968503936
0
LINE
8
BLACK
6
CONTINUOUS
10
0.5111878346456693
20
1.0370901968503936
11
0.5146923622047244
21
1.0312929921259841
0
LINE
8
BLACK
6
CONTINUOUS
10
0.5146923622047244
20
1.0312929921259841
11
0.5185175984251968
21
1.0274677559055119
0
LINE
8
BLACK
6
CONTINUOUS
10
0.5185175984251968
20
1.0274677559055119
11
0.5186883464566929
21
1.0271550393700788
0
LINE
8
BLACK
6
CONTINUOUS
10
0.5186883464566929
20
1.0271550393700788
11
0.5189736220472441
21
1.0269414960629921
0
LINE
8
BLACK
6
CONTINUOUS
10
0.5189736220472441
20
1.0269414960629921
11
0.5193372834645669
21
1.0259666141732284
0
LINE
8
BLACK
6
CONTINUOUS
10
0.5193372834645669
20
1.0259666141732284
11
0.519835905511811
21
1.0250534645669291
0
LINE
8
BLACK
6
CONTINUOUS
10
0.519835905511811
20
1.0250534645669291
11
0.5198104724409449
21
1.0246981102362205
0
LINE
8
BLACK
6
CONTINUOUS
10
0.5198104724409449
20
1.0246981102362205
11
0.5199350393700787
21
1.0243642125984251
0
LINE
8
BLACK
6
CONTINUOUS
10
0.5199350393700787
20
1.0243642125984251
11
0.5197138976377953
21
1.0233474409448819
0
LINE
8
BLACK
6
CONTINUOUS
10
0.5197138976377953
20
1.0233474409448819
11
0.5196396850393701
21
1.02230968503937
0
LINE
8
BLACK
6
CONTINUOUS
10
0.5196396850393701
20
1.02230968503937
11
0.5194106692913386
21
1.0219533858267715
0
LINE
8
BLACK
6
CONTINUOUS
10
0.5194106692913386
20
1.0219533858267715
11
0.5193504330708661
21
1.0216762598425198
0
LINE
8
BLACK
6
CONTINUOUS
10
0.5193504330708661
20
1.0216762598425198
11
0.5185179133858268
21
1.0205641732283464
0
LINE
8
BLACK
6
CONTINUOUS
10
0.5185179133858268
20
1.0205641732283464
11
0.5185177559055117
21
1.0205638582677166
0
LINE
8
BLACK
6
CONTINUOUS
10
0.5185177559055117
20
1.0205638582677166
11
0.514692283464567
21
1.0167383858267716
0
LINE
8
BLACK
6
CONTINUOUS
10
0.514692283464567
20
1.0167383858267716
11
0.514691811023622
21
1.0167376377952755
0
LINE
8
BLACK
6
CONTINUOUS
10
0.514691811023622
20
1.0167376377952755
11
0.5144826377952756
21
1.0165284251968503
0
LINE
8
BLACK
6
CONTINUOUS
10
0.5144826377952756
20
1.0165284251968503
11
0.5135268897637795
21
1.0160065354330707
0
LINE
8
BLACK
6
CONTINUOUS
10
0.5135268897637795
20
1.0160065354330707
11
0.5126419291338583
21
1.0153720472440944
0
LINE
8
BLACK
6
CONTINUOUS
10
0.5126419291338583
20
1.0153720472440944
11
0.5122401181102362
21
1.0153038582677165
0
LINE
8
BLACK
6
CONTINUOUS
10
0.5122401181102362
20
1.0153038582677165
11
0.5120683858267716
21
1.0152100393700787
0
LINE
8
BLACK
6
CONTINUOUS
10
0.5120683858267716
20
1.0152100393700787
11
0.5118005511811023
21
1.0152292125984252
0
LINE
8
BLACK
6
CONTINUOUS
10
0.5118005511811023
20
1.0152292125984252
11
0.5110304724409449
21
1.0150984251968505
0
LINE
8
BLACK
6
CONTINUOUS
10
0.5110304724409449
20
1.0150984251968505
11
0.360682716535433
21
1.0150984251968505
0
LINE
8
BLACK
6
CONTINUOUS
10
0.360682716535433
20
1.0150984251968505
11
0.3580433858267716
21
1.0158734251968504
0
LINE
8
BLACK
6
CONTINUOUS
10
0.3580433858267716
20
1.0158734251968504
11
0.3565048818897638
21
1.0174547244094487
0
LINE
8
BLACK
6
CONTINUOUS
10
0.3565048818897638
20
1.0174547244094487
11
0.3547959842519685
21
1.0202815748031495
0
LINE
8
BLACK
6
CONTINUOUS
10
0.3547959842519685
20
1.0202815748031495
11
0.3547959448818898
21
1.0202816141732283
0
LINE
8
BLACK
6
CONTINUOUS
10
0.3547959448818898
20
1.0202816141732283
11
0.354795905511811
21
1.0202816929133858
0
LINE
8
BLACK
6
CONTINUOUS
10
0.354795905511811
20
1.0202816929133858
11
0.3500061023622047
21
1.0250714960629921
0
LINE
8
BLACK
6
CONTINUOUS
10
0.3500061023622047
20
1.0250714960629921
11
0.350006062992126
21
1.0250715354330708
0
LINE
8
BLACK
6
CONTINUOUS
10
0.350006062992126
20
1.0250715354330708
11
0.3500060236220472
21
1.0250715748031496
0
LINE
8
BLACK
6
CONTINUOUS
10
0.3500060236220472
20
1.0250715748031496
11
0.3497737007874016
21
1.0252535826771654
0
LINE
8
BLACK
6
CONTINUOUS
10
0.3497737007874016
20
1.0252535826771654
11
0.3498298031496063
21
1.0253252362204723
0
LINE
8
BLACK
6
CONTINUOUS
10
0.3498298031496063
20
1.0253252362204723
11
0.3482738976377953
21
1.027024527559055
0
LINE
8
BLACK
6
CONTINUOUS
10
0.3482738976377953
20
1.027024527559055
11
0.3477755905511811
21
1.0291733070866143
0
LINE
8
BLACK
6
CONTINUOUS
10
0.3477755905511811
20
1.0291733070866143
11
0.3477755905511811
21
1.0660433070866142
0
LINE
8
BLACK
6
CONTINUOUS
10
0.3477755905511811
20
1.0660433070866142
11
0.3485505905511811
21
1.0686826377952756
0
LINE
8
BLACK
6
CONTINUOUS
10
0.3485505905511811
20
1.0686826377952756
11
0.3506294881889764
21
1.0704840157480315
0
LINE
8
BLACK
6
CONTINUOUS
10
0.3506294881889764
20
1.0704840157480315
11
0.3526574803149606
21
1.0709251968503937
0
LINE
8
BLACK
6
CONTINUOUS
10
0.3526574803149606
20
1.0709251968503937
11
0.3652163779527559
21
1.0709251968503937
0
LINE
8
BLACK
6
CONTINUOUS
10
0.3652163779527559
20
1.0709251968503937
11
0.3652166141732283
21
1.0709251968503937
0
LINE
8
BLACK
6
CONTINUOUS
10
0.3652166141732283
20
1.0709251968503937
11
0.3666862598425197
21
1.0710408661417323
0
LINE
8
BLACK
6
CONTINUOUS
10
0.3666862598425197
20
1.0710408661417323
11
0.3666863385826771
21
1.0710409055118111
0
LINE
8
BLACK
6
CONTINUOUS
10
0.3666863385826771
20
1.0710409055118111
11
0.3666864173228346
21
1.0710409055118111
0
LINE
8
BLACK
6
CONTINUOUS
10
0.3666864173228346
20
1.0710409055118111
11
0.3689137007874015
21
1.0716879921259843
0
LINE
8
BLACK
6
CONTINUOUS
10
0.3689137007874015
20
1.0716879921259843
11
0.3729764173228347
21
1.0728683070866141
0
LINE
8
BLACK
6
CONTINUOUS
10
0.3729764173228347
20
1.0728683070866141
11
0.3786144488188976
21
1.0762026377952756
0
LINE
8
BLACK
6
CONTINUOUS
10
0.3786144488188976
20
1.0762026377952756
11
0.3832461811023622
21
1.0808343700787402
0
LINE
8
BLACK
6
CONTINUOUS
10
0.3832461811023622
20
1.0808343700787402
11
0.3865805118110236
21
1.0864724015748031
0
LINE
8
BLACK
6
CONTINUOUS
10
0.3865805118110236
20
1.0864724015748031
11
0.3884079527559055
21
1.092762559055118
0
LINE
8
BLACK
6
CONTINUOUS
10
0.3884079527559055
20
1.092762559055118
11
0.3885236220472441
21
1.0942322047244095
0
LINE
8
BLACK
6
CONTINUOUS
10
0.3885236220472441
20
1.0942322047244095
11
0.3885236220472441
21
1.1112796062992125
0
LINE
8
BLACK
6
CONTINUOUS
10
0.3885236220472441
20
1.1112796062992125
11
0.3884079527559055
21
1.1127492519685038
0
LINE
8
BLACK
6
CONTINUOUS
10
0.3884079527559055
20
1.1127492519685038
11
0.3865805118110236
21
1.119039409448819
0
LINE
8
BLACK
6
CONTINUOUS
10
0.3865805118110236
20
1.119039409448819
11
0.3832461811023622
21
1.1246774409448819
0
LINE
8
BLACK
6
CONTINUOUS
10
0.3832461811023622
20
1.1246774409448819
11
0.3832461023622047
21
1.1246775196850394
0
LINE
8
BLACK
6
CONTINUOUS
10
0.3832461023622047
20
1.1246775196850394
11
0.3832459842519685
21
1.1246776771653544
0
LINE
8
BLACK
6
CONTINUOUS
10
0.3832459842519685
20
1.1246776771653544
11
0.3786146456692913
21
1.1293090157480314
0
LINE
8
BLACK
6
CONTINUOUS
10
0.3786146456692913
20
1.1293090157480314
11
0.3786142913385827
21
1.1293092913385827
0
LINE
8
BLACK
6
CONTINUOUS
10
0.3786142913385827
20
1.1293092913385827
11
0.3729764173228347
21
1.1326435039370077
0
LINE
8
BLACK
6
CONTINUOUS
10
0.3729764173228347
20
1.1326435039370077
11
0.3729762204724409
21
1.1326435826771653
0
LINE
8
BLACK
6
CONTINUOUS
10
0.3729762204724409
20
1.1326435826771653
11
0.3666864173228346
21
1.1344709448818897
0
LINE
8
BLACK
6
CONTINUOUS
10
0.3666864173228346
20
1.1344709448818897
11
0.3666861811023622
21
1.1344709842519685
0
LINE
8
BLACK
6
CONTINUOUS
10
0.3666861811023622
20
1.1344709842519685
11
0.365216811023622
21
1.1345866141732284
0
LINE
8
BLACK
6
CONTINUOUS
10
0.365216811023622
20
1.1345866141732284
11
0.3652166141732283
21
1.1345866141732284
0
LINE
8
BLACK
6
CONTINUOUS
10
0.3652166141732283
20
1.1345866141732284
11
0.319625905511811
21
1.1345866141732284
0
LINE
8
BLACK
6
CONTINUOUS
10
0.319625905511811
20
1.1345866141732284
11
0.3196256692913386
21
1.1345866141732284
0
LINE
8
BLACK
6
CONTINUOUS
10
0.3196256692913386
20
1.1345866141732284
11
0.3181562992125984
21
1.1344709842519685
0
LINE
8
BLACK
6
CONTINUOUS
10
0.3181562992125984
20
1.1344709842519685
11
0.318156062992126
21
1.1344709448818897
0
LINE
8
BLACK
6
CONTINUOUS
10
0.318156062992126
20
1.1344709448818897
11
0.3118662598425197
21
1.1326435826771653
0
LINE
8
BLACK
6
CONTINUOUS
10
0.3118662598425197
20
1.1326435826771653
11
0.311866062992126
21
1.1326435039370077
0
LINE
8
BLACK
6
CONTINUOUS
10
0.311866062992126
20
1.1326435039370077
11
0.3062281889763779
21
1.1293092913385827
0
LINE
8
BLACK
6
CONTINUOUS
10
0.3062281889763779
20
1.1293092913385827
11
0.3059853149606299
21
1.1291208661417322
0
LINE
8
BLACK
6
CONTINUOUS
10
0.3059853149606299
20
1.1291208661417322
11
0.3059387401574803
21
1.1291809055118109
0
LINE
8
BLACK
6
CONTINUOUS
10
0.3059387401574803
20
1.1291809055118109
11
0.3038788188976378
21
1.1280564566929134
0
LINE
8
BLACK
6
CONTINUOUS
10
0.3038788188976378
20
1.1280564566929134
11
0.3011350787401575
21
1.1282530708661418
0
LINE
8
BLACK
6
CONTINUOUS
10
0.3011350787401575
20
1.1282530708661418
11
0.2992568897637795
21
1.1295130708661416
0
LINE
8
BLACK
6
CONTINUOUS
10
0.2992568897637795
20
1.1295130708661416
11
0.2985156299212599
21
1.1303149606299212
0
LINE
8
BLACK
6
CONTINUOUS
10
0.2985156299212599
20
1.1303149606299212
11
0.2886823228346457
21
1.1303149606299212
0
LINE
8
BLACK
6
CONTINUOUS
10
0.2886823228346457
20
1.1303149606299212
11
0.2861973228346457
21
1.1309947637795275
0
LINE
8
BLACK
6
CONTINUOUS
10
0.2861973228346457
20
1.1309947637795275
11
0.2834094881889764
21
1.1326435039370077
0
LINE
8
BLACK
6
CONTINUOUS
10
0.2834094881889764
20
1.1326435039370077
11
0.2834094094488189
21
1.1326435433070865
0
LINE
8
BLACK
6
CONTINUOUS
10
0.2834094094488189
20
1.1326435433070865
11
0.2834093307086614
21
1.1326435826771653
0
LINE
8
BLACK
6
CONTINUOUS
10
0.2834093307086614
20
1.1326435826771653
11
0.2788788582677165
21
1.1339598031496063
0
LINE
8
BLACK
6
CONTINUOUS
10
0.2788788582677165
20
1.1339598031496063
11
0.2784874803149606
21
1.1319920078740158
0
LINE
8
BLACK
6
CONTINUOUS
10
0.2784874803149606
20
1.1319920078740158
11
0.2772073228346457
21
1.1300761417322835
0
LINE
8
BLACK
6
CONTINUOUS
10
0.2772073228346457
20
1.1300761417322835
11
0.2752914566929134
21
1.1287959842519686
0
LINE
8
BLACK
6
CONTINUOUS
10
0.2752914566929134
20
1.1287959842519686
11
0.2730314960629921
21
1.1283464566929133
0
LINE
8
BLACK
6
CONTINUOUS
10
0.2730314960629921
20
1.1283464566929133
11
0.2326771653543307
21
1.1283464566929133
0
LINE
8
BLACK
6
CONTINUOUS
10
0.2326771653543307
20
1.1283464566929133
11
0.2304172047244094
21
1.1287959842519686
0
LINE
8
BLACK
6
CONTINUOUS
10
0.2304172047244094
20
1.1287959842519686
11
0.2285013385826772
21
1.1300761417322835
0
LINE
8
BLACK
6
CONTINUOUS
10
0.2285013385826772
20
1.1300761417322835
11
0.2272211811023622
21
1.1319920078740158
0
LINE
8
BLACK
6
CONTINUOUS
10
0.2272211811023622
20
1.1319920078740158
11
0.2268297637795275
21
1.1339598031496063
0
LINE
8
BLACK
6
CONTINUOUS
10
0.2268297637795275
20
1.1339598031496063
11
0.2222993307086614
21
1.1326435826771653
0
LINE
8
BLACK
6
CONTINUOUS
10
0.2222993307086614
20
1.1326435826771653
11
0.2222992913385827
21
1.1326435826771653
0
LINE
8
BLACK
6
CONTINUOUS
10
0.2222992913385827
20
1.1326435826771653
11
0.2222991732283464
21
1.1326435039370077
0
LINE
8
BLACK
6
CONTINUOUS
10
0.2222991732283464
20
1.1326435039370077
11
0.2195112992125984
21
1.1309947637795275
0
LINE
8
BLACK
6
CONTINUOUS
10
0.2195112992125984
20
1.1309947637795275
11
0.2170263385826772
21
1.1303149606299212
0
LINE
8
BLACK
6
CONTINUOUS
10
0.2170263385826772
20
1.1303149606299212
11
0.2071931102362205
21
1.1303149606299212
0
LINE
8
BLACK
6
CONTINUOUS
10
0.2071931102362205
20
1.1303149606299212
11
0.2071930708661417
21
1.1303149212598425
0
LINE
8
BLACK
6
CONTINUOUS
10
0.2071930708661417
20
1.1303149212598425
11
0.207200748031496
21
1.1302170866141732
0
LINE
8
BLACK
6
CONTINUOUS
10
0.207200748031496
20
1.1302170866141732
11
0.2090046850393701
21
1.1240078346456692
0
LINE
8
BLACK
6
CONTINUOUS
10
0.2090046850393701
20
1.1240078346456692
11
0.2091266141732283
21
1.1237261023622047
0
LINE
8
BLACK
6
CONTINUOUS
10
0.2091266141732283
20
1.1237261023622047
11
0.2090035826771653
21
1.123672874015748
0
LINE
8
BLACK
6
CONTINUOUS
10
0.2090035826771653
20
1.123672874015748
11
0.2095252362204724
21
1.1215881102362204
0
LINE
8
BLACK
6
CONTINUOUS
10
0.2095252362204724
20
1.1215881102362204
11
0.2088494488188976
21
1.1193005118110235
0
LINE
8
BLACK
6
CONTINUOUS
10
0.2088494488188976
20
1.1193005118110235
11
0.2086951181102362
21
1.1190394488188977
0
LINE
8
BLACK
6
CONTINUOUS
10
0.2086951181102362
20
1.1190394488188977
11
0.2086950393700787
21
1.1190393307086615
0
LINE
8
BLACK
6
CONTINUOUS
10
0.2086950393700787
20
1.1190393307086615
11
0.208695
21
1.119039251968504
0
LINE
8
BLACK
6
CONTINUOUS
10
0.208695
20
1.119039251968504
11
0.2068676377952756
21
1.1127494488188976
0
LINE
8
BLACK
6
CONTINUOUS
10
0.2068676377952756
20
1.1127494488188976
11
0.2068675984251968
21
1.1127492125984251
0
LINE
8
BLACK
6
CONTINUOUS
10
0.2068675984251968
20
1.1127492125984251
11
0.206751968503937
21
1.111279842519685
0
LINE
8
BLACK
6
CONTINUOUS
10
0.206751968503937
20
1.111279842519685
11
0.206751968503937
21
1.0942320078740158
0
LINE
8
BLACK
6
CONTINUOUS
10
0.206751968503937
20
1.0942320078740158
11
0.2068675984251968
21
1.0927626377952755
0
LINE
8
BLACK
6
CONTINUOUS
10
0.2068675984251968
20
1.0927626377952755
11
0.2068676377952756
21
1.0927624015748032
0
LINE
8
BLACK
6
CONTINUOUS
10
0.2068676377952756
20
1.0927624015748032
11
0.208695
21
1.0864725984251968
0
LINE
8
BLACK
6
CONTINUOUS
10
0.208695
20
1.0864725984251968
11
0.2086950787401575
21
1.0864724015748031
0
LINE
8
BLACK
6
CONTINUOUS
10
0.2086950787401575
20
1.0864724015748031
11
0.2120292913385827
21
1.0808345275590552
0
LINE
8
BLACK
6
CONTINUOUS
10
0.2120292913385827
20
1.0808345275590552
11
0.2120295669291339
21
1.0808341732283464
0
LINE
8
BLACK
6
CONTINUOUS
10
0.2120295669291339
20
1.0808341732283464
11
0.216660905511811
21
1.0762028346456693
0
LINE
8
BLACK
6
CONTINUOUS
10
0.216660905511811
20
1.0762028346456693
11
0.2166612598425197
21
1.0762025590551181
0
LINE
8
BLACK
6
CONTINUOUS
10
0.2166612598425197
20
1.0762025590551181
11
0.2171693307086614
21
1.0759020866141733
0
LINE
8
BLACK
6
CONTINUOUS
10
0.2171693307086614
20
1.0759020866141733
11
0.2222991732283464
21
1.0728683070866141
0
LINE
8
BLACK
6
CONTINUOUS
10
0.2222991732283464
20
1.0728683070866141
11
0.2263620078740158
21
1.0716879527559056
0
LINE
8
BLACK
6
CONTINUOUS
10
0.2263620078740158
20
1.0716879527559056
11
0.2286803149606299
21
1.0702074015748031
0
LINE
8
BLACK
6
CONTINUOUS
10
0.2286803149606299
20
1.0702074015748031
11
0.2298301968503937
21
1.0677085039370078
0
LINE
8
BLACK
6
CONTINUOUS
10
0.2298301968503937
20
1.0677085039370078
11
0.2298818897637795
21
1.0669999212598424
0
LINE
8
BLACK
6
CONTINUOUS
10
0.2298818897637795
20
1.0669999212598424
11
0.2298818897637795
21
1.0216957480314961
0
LINE
8
BLACK
6
CONTINUOUS
10
0.2298818897637795
20
1.0216957480314961
11
0.2297055118110236
21
1.0210597244094488
0
LINE
8
BLACK
6
CONTINUOUS
10
0.2297055118110236
20
1.0210597244094488
11
0.2297235826771654
21
1.0204625590551182
0
LINE
8
BLACK
6
CONTINUOUS
10
0.2297235826771654
20
1.0204625590551182
11
0.2291887795275591
21
1.0191961023622047
0
LINE
8
BLACK
6
CONTINUOUS
10
0.2291887795275591
20
1.0191961023622047
11
0.2291847637795276
21
1.0191817322834646
0
LINE
8
BLACK
6
CONTINUOUS
10
0.2291847637795276
20
1.0191817322834646
11
0.2263453937007874
21
1.0144847637795276
0
LINE
8
BLACK
6
CONTINUOUS
10
0.2263453937007874
20
1.0144847637795276
11
0.2263262598425197
21
1.014423464566929
0
LINE
8
BLACK
6
CONTINUOUS
10
0.2263262598425197
20
1.014423464566929
11
0.2261438976377953
21
1.0141198425196851
0
LINE
8
BLACK
6
CONTINUOUS
10
0.2261438976377953
20
1.0141198425196851
11
0.2253357874015748
21
1.0133757086614172
0
LINE
8
BLACK
6
CONTINUOUS
10
0.2253357874015748
20
1.0133757086614172
11
0.2246209448818898
21
1.0125414960629922
0
LINE
8
BLACK
6
CONTINUOUS
10
0.2246209448818898
20
1.0125414960629922
11
0.2243377952755906
21
1.0124566929133858
0
LINE
8
BLACK
6
CONTINUOUS
10
0.2243377952755906
20
1.0124566929133858
11
0.2241203937007874
21
1.0122564566929133
0
LINE
8
BLACK
6
CONTINUOUS
10
0.2241203937007874
20
1.0122564566929133
11
0.2230382283464567
21
1.0120673622047245
0
LINE
8
BLACK
6
CONTINUOUS
10
0.2230382283464567
20
1.0120673622047245
11
0.221985905511811
21
1.0117520472440944
0
LINE
8
BLACK
6
CONTINUOUS
10
0.221985905511811
20
1.0117520472440944
11
0.221959094488189
21
1.0117519685039369
0
LINE
8
BLACK
6
CONTINUOUS
10
0.221959094488189
20
1.0117519685039369
11
0.1917279133858268
21
1.0117519685039369
0
LINE
8
BLACK
6
CONTINUOUS
10
0.1917279133858268
20
1.0117519685039369
11
0.1890885826771654
21
1.0125269685039371
0
LINE
8
BLACK
6
CONTINUOUS
10
0.1890885826771654
20
1.0125269685039371
11
0.187572874015748
21
1.0140709842519684
0
LINE
8
BLACK
6
CONTINUOUS
10
0.187572874015748
20
1.0140709842519684
11
0.1865860236220472
21
1.0156708661417322
0
LINE
8
BLACK
6
CONTINUOUS
10
0.1865860236220472
20
1.0156708661417322
11
0.1865859448818898
21
1.0156709842519684
0
LINE
8
BLACK
6
CONTINUOUS
10
0.1865859448818898
20
1.0156709842519684
11
0.1861809448818898
21
1.0160759842519684
0
LINE
8
BLACK
6
CONTINUOUS
10
0.1861809448818898
20
1.0160759842519684
11
0.1848626377952756
21
1.0184902755905512
0
LINE
8
BLACK
6
CONTINUOUS
10
0.1848626377952756
20
1.0184902755905512
11
0.1850588582677165
21
1.0212340551181103
0
LINE
8
BLACK
6
CONTINUOUS
10
0.1850588582677165
20
1.0212340551181103
11
0.1861811417322835
21
1.0229801968503938
0
LINE
8
BLACK
6
CONTINUOUS
10
0.1861811417322835
20
1.0229801968503938
11
0.1863218110236221
21
1.0231209055118109
0
LINE
8
BLACK
6
CONTINUOUS
10
0.1863218110236221
20
1.0231209055118109
11
0.1863218503937008
21
1.0231209448818896
0
LINE
8
BLACK
6
CONTINUOUS
10
0.1863218503937008
20
1.0231209448818896
11
0.1898244881889764
21
1.0287995275590551
0
LINE
8
BLACK
6
CONTINUOUS
10
0.1898244881889764
20
1.0287995275590551
11
0.1898246850393701
21
1.0287999606299212
0
LINE
8
BLACK
6
CONTINUOUS
10
0.1898246850393701
20
1.0287999606299212
11
0.1919234251968504
21
1.035133622047244
0
LINE
8
BLACK
6
CONTINUOUS
10
0.1919234251968504
20
1.035133622047244
11
0.1923227952755905
21
1.039042440944882
0
LINE
8
BLACK
6
CONTINUOUS
10
0.1923227952755905
20
1.039042440944882
11
0.1923228346456693
21
1.0390429527559055
0
LINE
8
BLACK
6
CONTINUOUS
10
0.1923228346456693
20
1.0390429527559055
11
0.1923228346456693
21
1.0399606299212598
0
LINE
8
BLACK
6
CONTINUOUS
10
0.1923228346456693
20
1.0399606299212598
11
0.1724420078740158
21
1.0399606299212598
0
LINE
8
BLACK
6
CONTINUOUS
10
0.1724420078740158
20
1.0399606299212598
11
0.1719635039370079
21
1.0375549606299213
0
LINE
8
BLACK
6
CONTINUOUS
10
0.1719635039370079
20
1.0375549606299213
11
0.1700432677165354
21
1.0346811417322834
0
LINE
8
BLACK
6
CONTINUOUS
10
0.1700432677165354
20
1.0346811417322834
11
0.1671694488188976
21
1.032760905511811
0
LINE
8
BLACK
6
CONTINUOUS
10
0.1671694488188976
20
1.032760905511811
11
0.1637795275590551
21
1.0320866141732283
0
LINE
8
BLACK
6
CONTINUOUS
10
0.1637795275590551
20
1.0320866141732283
11
0.1440944881889764
21
1.0320866141732283
0
LINE
8
BLACK
6
CONTINUOUS
10
0.1440944881889764
20
1.0320866141732283
11
0.1407045669291339
21
1.032760905511811
0
LINE
8
BLACK
6
CONTINUOUS
10
0.1407045669291339
20
1.032760905511811
11
0.1378307480314961
21
1.0346811417322834
0
LINE
8
BLACK
6
CONTINUOUS
10
0.1378307480314961
20
1.0346811417322834
11
0.1359105118110236
21
1.0375549606299213
0
LINE
8
BLACK
6
CONTINUOUS
10
0.1359105118110236
20
1.0375549606299213
11
0.1354320078740157
21
1.0399606299212598
0
LINE
8
BLACK
6
CONTINUOUS
10
0.1354320078740157
20
1.0399606299212598
11
0.1155512204724409
21
1.0399606299212598
0
LINE
8
BLACK
6
CONTINUOUS
10
0.1155512204724409
20
1.0399606299212598
11
0.1155512204724409
21
1.039042440944882
0
LINE
8
BLACK
6
CONTINUOUS
10
0.1155512204724409
20
1.039042440944882
11
0.1159505511811024
21
1.0351335826771653
0
LINE
8
BLACK
6
CONTINUOUS
10
0.1159505511811024
20
1.0351335826771653
11
0.1180492913385827
21
1.0287999606299212
0
LINE
8
BLACK
6
CONTINUOUS
10
0.1180492913385827
20
1.0287999606299212
11
0.1180494881889764
21
1.0287995275590551
0
LINE
8
BLACK
6
CONTINUOUS
10
0.1180494881889764
20
1.0287995275590551
11
0.121552125984252
21
1.0231209448818896
0
LINE
8
BLACK
6
CONTINUOUS
10
0.121552125984252
20
1.0231209448818896
11
0.1215522440944882
21
1.0231207874015749
0
LINE
8
BLACK
6
CONTINUOUS
10
0.1215522440944882
20
1.0231207874015749
11
0.1216930708661417
21
1.0229799606299212
0
LINE
8
BLACK
6
CONTINUOUS
10
0.1216930708661417
20
1.0229799606299212
11
0.1230113779527559
21
1.0205656692913385
0
LINE
8
BLACK
6
CONTINUOUS
10
0.1230113779527559
20
1.0205656692913385
11
0.122815157480315
21
1.0178218897637794
0
LINE
8
BLACK
6
CONTINUOUS
10
0.122815157480315
20
1.0178218897637794
11
0.1216930708661417
21
1.0160759448818897
0
LINE
8
BLACK
6
CONTINUOUS
10
0.1216930708661417
20
1.0160759448818897
11
0.1212879921259842
21
1.0156709055118109
0
LINE
8
BLACK
6
CONTINUOUS
10
0.1212879921259842
20
1.0156709055118109
11
0.121287874015748
21
1.0156707480314959
0
LINE
8
BLACK
6
CONTINUOUS
10
0.121287874015748
20
1.0156707480314959
11
0.1177441732283465
21
1.009925590551181
0
LINE
8
BLACK
6
CONTINUOUS
10
0.1177441732283465
20
1.009925590551181
11
0.1177439763779528
21
1.009925157480315
0
LINE
8
BLACK
6
CONTINUOUS
10
0.1177439763779528
20
1.009925157480315
11
0.1156206299212598
21
1.0035172047244094
0
LINE
8
BLACK
6
CONTINUOUS
10
0.1156206299212598
20
1.0035172047244094
11
0.1152165354330709
21
0.9995622047244094
0
LINE
8
BLACK
6
CONTINUOUS
10
0.1152165354330709
20
0.9995622047244094
11
0.1152165354330709
21
0.9779968897637795
0
LINE
8
BLACK
6
CONTINUOUS
10
0.4554644488188976
20
2.0781098031496064
11
0.4554643700787401
21
2.0781098031496064
0
LINE
8
BLACK
6
CONTINUOUS
10
0.4554643700787401
20
2.0781098031496064
11
0.4500706692913386
21
2.0760979921259843
0
LINE
8
BLACK
6
CONTINUOUS
10
0.4500706692913386
20
2.0760979921259843
11
0.4454620472440945
21
2.0726479921259844
0
LINE
8
BLACK
6
CONTINUOUS
10
0.4454620472440945
20
2.0726479921259844
11
0.4442913385826772
21
2.0710841338582675
0
LINE
8
BLACK
6
CONTINUOUS
10
0.4442913385826772
20
2.0710841338582675
11
0.4442913385826772
21
1.9856088976377952
0
LINE
8
BLACK
6
CONTINUOUS
10
0.4442913385826772
20
1.9856088976377952
11
0.4454621653543307
21
1.984044842519685
0
LINE
8
BLACK
6
CONTINUOUS
10
0.4454621653543307
20
1.984044842519685
11
0.4454622047244094
21
1.984044842519685
0
LINE
8
BLACK
6
CONTINUOUS
10
0.4454622047244094
20
1.984044842519685
11
0.4454622440944882
21
1.9840447637795275
0
LINE
8
BLACK
6
CONTINUOUS
10
0.4454622440944882
20
1.9840447637795275
11
0.4478536220472441
21
1.9822545669291338
0
LINE
8
BLACK
6
CONTINUOUS
10
0.4478536220472441
20
1.9822545669291338
11
0.4495020866141732
21
1.9800524409448819
0
LINE
8
BLACK
6
CONTINUOUS
10
0.4495020866141732
20
1.9800524409448819
11
0.4496983070866142
21
1.9773087007874015
0
LINE
8
BLACK
6
CONTINUOUS
10
0.4496983070866142
20
1.9773087007874015
11
0.44838
21
1.9748944488188975
0
LINE
8
BLACK
6
CONTINUOUS
10
0.44838
20
1.9748944488188975
11
0.4481329527559055
21
1.9746474409448818
0
LINE
8
BLACK
6
CONTINUOUS
10
0.4481329527559055
20
1.9746474409448818
11
0.4454621653543307
21
1.9726480708661416
0
LINE
8
BLACK
6
CONTINUOUS
10
0.4454621653543307
20
1.9726480708661416
11
0.4442913385826772
21
1.9710840944881889
0
LINE
8
BLACK
6
CONTINUOUS
10
0.4442913385826772
20
1.9710840944881889
11
0.4442913385826772
21
1.8901994488188976
0
LINE
8
BLACK
6
CONTINUOUS
10
0.4442913385826772
20
1.8901994488188976
11
0.580631220472441
21
1.7538595669291339
0
LINE
8
BLACK
6
CONTINUOUS
10
0.580631220472441
20
1.7538595669291339
11
0.5809984251968504
21
1.7534121259842519
0
LINE
8
BLACK
6
CONTINUOUS
10
0.5809984251968504
20
1.7534121259842519
11
0.5814393307086614
21
1.7523477165354331
0
LINE
8
BLACK
6
CONTINUOUS
10
0.5814393307086614
20
1.7523477165354331
11
0.581496062992126
21
1.751771653543307
0
LINE
8
BLACK
6
CONTINUOUS
10
0.581496062992126
20
1.751771653543307
11
0.581496062992126
21
0.3807086614173228
0
LINE
8
BLACK
6
CONTINUOUS
10
0.581496062992126
20
0.3807086614173228
11
0.5834645669291338
21
0.3807086614173228
0
LINE
8
BLACK
6
CONTINUOUS
10
0.5834645669291338
20
0.3807086614173228
11
0.5834645669291338
21
0.3570866141732283
0
LINE
8
BLACK
6
CONTINUOUS
10
0.5834645669291338
20
0.3570866141732283
11
0.581496062992126
21
0.3570866141732283
0
LINE
8
BLACK
6
CONTINUOUS
10
0.581496062992126
20
0.3570866141732283
11
0.581496062992126
21
0.3478766141732283
0
LINE
8
BLACK
6
CONTINUOUS
10
0.581496062992126
20
0.3478766141732283
11
0.5835065354330708
21
0.3458661417322835
0
LINE
8
BLACK
6
CONTINUOUS
10
0.5835065354330708
20
0.3458661417322835
11
0.6527926771653543
21
0.3458661417322835
0
LINE
8
BLACK
6
CONTINUOUS
10
0.6527926771653543
20
0.3458661417322835
11
0.6543307086614173
21
0.3474041732283464
0
LINE
8
BLACK
6
CONTINUOUS
10
0.6543307086614173
20
0.3474041732283464
11
0.6543307086614173
21
0.3570866141732283
0
LINE
8
BLACK
6
CONTINUOUS
10
0.6543307086614173
20
0.3570866141732283
11
0.6523622047244094
21
0.3570866141732283
0
LINE
8
BLACK
6
CONTINUOUS
10
0.6523622047244094
20
0.3570866141732283
11
0.6523622047244094
21
0.3807086614173228
0
LINE
8
BLACK
6
CONTINUOUS
10
0.6523622047244094
20
0.3807086614173228
11
0.6543307086614173
21
0.3807086614173228
0
LINE
8
BLACK
6
CONTINUOUS
10
0.6543307086614173
20
0.3807086614173228
11
0.6543307086614173
21
0.4417322834645669
0
LINE
8
BLACK
6
CONTINUOUS
10
0.6543307086614173
20
0.4417322834645669
11
0.6543307086614173
21
0.4799212598425197
0
LINE
8
BLACK
6
CONTINUOUS
10
0.6543307086614173
20
0.4799212598425197
11
0.6543307086614173
21
1.7942913385826771
0
LINE
8
BLACK
6
CONTINUOUS
10
0.6543307086614173
20
1.7942913385826771
11
0.6543874409448819
21
1.7948674015748032
0
LINE
8
BLACK
6
CONTINUOUS
10
0.6543874409448819
20
1.7948674015748032
11
0.6548283464566929
21
1.795931811023622
0
LINE
8
BLACK
6
CONTINUOUS
10
0.6548283464566929
20
1.795931811023622
11
0.6551955511811024
21
1.7963792519685038
0
LINE
8
BLACK
6
CONTINUOUS
10
0.6551955511811024
20
1.7963792519685038
11
0.748384527559055
21
1.8895682283464565
0
LINE
8
BLACK
6
CONTINUOUS
10
0.748384527559055
20
1.8895682283464565
11
0.7488320078740157
21
1.8899354724409447
0
LINE
8
BLACK
6
CONTINUOUS
10
0.7488320078740157
20
1.8899354724409447
11
0.7494555118110237
21
1.8901937401574802
0
LINE
8
BLACK
6
CONTINUOUS
10
0.7494555118110237
20
1.8901937401574802
11
0.7498963779527559
21
1.8903763385826771
0
LINE
8
BLACK
6
CONTINUOUS
10
0.7498963779527559
20
1.8903763385826771
11
0.7504724409448819
21
1.8904330708661417
0
LINE
8
BLACK
6
CONTINUOUS
10
0.7504724409448819
20
1.8904330708661417
11
0.8294068503937008
21
1.8904330708661417
0
LINE
8
BLACK
6
CONTINUOUS
10
0.8294068503937008
20
1.8904330708661417
11
0.8316929133858267
21
1.8927191338582676
0
LINE
8
BLACK
6
CONTINUOUS
10
0.8316929133858267
20
1.8927191338582676
11
0.8316929133858267
21
1.9744241338582678
0
LINE
8
BLACK
6
CONTINUOUS
10
0.8316929133858267
20
1.9744241338582678
11
0.8316738582677166
21
1.9744383858267716
0
LINE
8
BLACK
6
CONTINUOUS
10
0.8316738582677166
20
1.9744383858267716
11
0.8300254330708661
21
1.976640433070866
0
LINE
8
BLACK
6
CONTINUOUS
10
0.8300254330708661
20
1.976640433070866
11
0.8298292125984251
21
1.9793842125984251
0
LINE
8
BLACK
6
CONTINUOUS
10
0.8298292125984251
20
1.9793842125984251
11
0.8311475196850393
21
1.9817985039370078
0
LINE
8
BLACK
6
CONTINUOUS
10
0.8311475196850393
20
1.9817985039370078
11
0.8316738582677166
21
1.9822545669291338
0
LINE
8
BLACK
6
CONTINUOUS
10
0.8316738582677166
20
1.9822545669291338
11
0.8316929133858267
21
1.9822688582677166
0
LINE
8
BLACK
6
CONTINUOUS
10
0.8316929133858267
20
1.9822688582677166
11
0.8316929133858267
21
2.0744240944881889
0
LINE
8
BLACK
6
CONTINUOUS
10
0.8316929133858267
20
2.0744240944881889
11
0.8294568503937008
21
2.0760979921259843
0
LINE
8
BLACK
6
CONTINUOUS
10
0.8294568503937008
20
2.0760979921259843
11
0.8240631102362205
21
2.0781098031496064
0
LINE
8
BLACK
6
CONTINUOUS
10
0.8240631102362205
20
2.0781098031496064
11
0.8216792913385826
21
2.0783661417322836
0
LINE
8
BLACK
6
CONTINUOUS
10
0.8216792913385826
20
2.0783661417322836
11
0.8216786614173228
21
2.0783661417322836
0
LINE
8
BLACK
6
CONTINUOUS
10
0.8216786614173228
20
2.0783661417322836
11
0.7578488976377953
21
2.0783661417322836
0
LINE
8
BLACK
6
CONTINUOUS
10
0.7578488976377953
20
2.0783661417322836
11
0.7578482283464567
21
2.0783661417322836
0
LINE
8
BLACK
6
CONTINUOUS
10
0.7578482283464567
20
2.0783661417322836
11
0.7554644488188976
21
2.0781098031496064
0
LINE
8
BLACK
6
CONTINUOUS
10
0.7554644488188976
20
2.0781098031496064
11
0.7554643700787401
21
2.0781098031496064
0
LINE
8
BLACK
6
CONTINUOUS
10
0.7554643700787401
20
2.0781098031496064
11
0.7500706692913386
21
2.0760979921259843
0
LINE
8
BLACK
6
CONTINUOUS
10
0.7500706692913386
20
2.0760979921259843
11
0.7454620472440945
21
2.0726479921259844
0
LINE
8
BLACK
6
CONTINUOUS
10
0.7454620472440945
20
2.0726479921259844
11
0.7436718897637795
21
2.0702566141732284
0
LINE
8
BLACK
6
CONTINUOUS
10
0.7436718897637795
20
2.0702566141732284
11
0.7414697637795276
21
2.0686081496062991
0
LINE
8
BLACK
6
CONTINUOUS
10
0.7414697637795276
20
2.0686081496062991
11
0.7387260236220472
21
2.0684119291338581
0
LINE
8
BLACK
6
CONTINUOUS
10
0.7387260236220472
20
2.0684119291338581
11
0.7363117322834646
21
2.0697302755905511
0
LINE
8
BLACK
6
CONTINUOUS
10
0.7363117322834646
20
2.0697302755905511
11
0.7358556692913386
21
2.0702566141732284
0
LINE
8
BLACK
6
CONTINUOUS
10
0.7358556692913386
20
2.0702566141732284
11
0.7340654724409449
21
2.0726479921259844
0
LINE
8
BLACK
6
CONTINUOUS
10
0.7340654724409449
20
2.0726479921259844
11
0.7340653937007874
21
2.0726480314960631
0
LINE
8
BLACK
6
CONTINUOUS
10
0.7340653937007874
20
2.0726480314960631
11
0.7340653937007874
21
2.0726480708661419
0
LINE
8
BLACK
6
CONTINUOUS
10
0.7340653937007874
20
2.0726480708661419
11
0.7294568503937008
21
2.0760979921259843
0
LINE
8
BLACK
6
CONTINUOUS
10
0.7294568503937008
20
2.0760979921259843
11
0.7240631102362205
21
2.0781098031496064
0
LINE
8
BLACK
6
CONTINUOUS
10
0.7240631102362205
20
2.0781098031496064
11
0.7216792913385827
21
2.0783661417322836
0
LINE
8
BLACK
6
CONTINUOUS
10
0.7216792913385827
20
2.0783661417322836
11
0.7216786614173228
21
2.0783661417322836
0
LINE
8
BLACK
6
CONTINUOUS
10
0.7216786614173228
20
2.0783661417322836
11
0.6578488976377953
21
2.0783661417322836
0
LINE
8
BLACK
6
CONTINUOUS
10
0.6578488976377953
20
2.0783661417322836
11
0.6578482283464567
21
2.0783661417322836
0
LINE
8
BLACK
6
CONTINUOUS
10
0.6578482283464567
20
2.0783661417322836
11
0.6554644488188976
21
2.0781098031496064
0
LINE
8
BLACK
6
CONTINUOUS
10
0.6554644488188976
20
2.0781098031496064
11
0.6554643700787401
21
2.0781098031496064
0
LINE
8
BLACK
6
CONTINUOUS
10
0.6554643700787401
20
2.0781098031496064
11
0.6500706692913386
21
2.0760979921259843
0
LINE
8
BLACK
6
CONTINUOUS
10
0.6500706692913386
20
2.0760979921259843
11
0.6454620472440945
21
2.0726479921259844
0
LINE
8
BLACK
6
CONTINUOUS
10
0.6454620472440945
20
2.0726479921259844
11
0.6436718897637795
21
2.0702566141732284
0
LINE
8
BLACK
6
CONTINUOUS
10
0.6436718897637795
20
2.0702566141732284
11
0.6414697637795276
21
2.0686081496062991
0
LINE
8
BLACK
6
CONTINUOUS
10
0.6414697637795276
20
2.0686081496062991
11
0.6387260236220472
21
2.0684119291338581
0
LINE
8
BLACK
6
CONTINUOUS
10
0.6387260236220472
20
2.0684119291338581
11
0.6363117322834646
21
2.0697302755905511
0
LINE
8
BLACK
6
CONTINUOUS
10
0.6363117322834646
20
2.0697302755905511
11
0.6358556692913385
21
2.0702566141732284
0
LINE
8
BLACK
6
CONTINUOUS
10
0.6358556692913385
20
2.0702566141732284
11
0.6340654724409449
21
2.0726479921259844
0
LINE
8
BLACK
6
CONTINUOUS
10
0.6340654724409449
20
2.0726479921259844
11
0.6340653937007874
21
2.0726480314960631
0
LINE
8
BLACK
6
CONTINUOUS
10
0.6340653937007874
20
2.0726480314960631
11
0.6340653937007874
21
2.0726480708661419
0
LINE
8
BLACK
6
CONTINUOUS
10
0.6340653937007874
20
2.0726480708661419
11
0.6294568503937008
21
2.0760979921259843
0
LINE
8
BLACK
6
CONTINUOUS
10
0.6294568503937008
20
2.0760979921259843
11
0.6240631102362204
21
2.0781098031496064
0
LINE
8
BLACK
6
CONTINUOUS
10
0.6240631102362204
20
2.0781098031496064
11
0.6216792913385827
21
2.0783661417322836
0
LINE
8
BLACK
6
CONTINUOUS
10
0.6216792913385827
20
2.0783661417322836
11
0.6216786614173229
21
2.0783661417322836
0
LINE
8
BLACK
6
CONTINUOUS
10
0.6216786614173229
20
2.0783661417322836
11
0.5578488976377952
21
2.0783661417322836
0
LINE
8
BLACK
6
CONTINUOUS
10
0.5578488976377952
20
2.0783661417322836
11
0.5578482283464566
21
2.0783661417322836
0
LINE
8
BLACK
6
CONTINUOUS
10
0.5578482283464566
20
2.0783661417322836
11
0.5554644488188977
21
2.0781098031496064
0
LINE
8
BLACK
6
CONTINUOUS
10
0.5554644488188977
20
2.0781098031496064
11
0.5554643700787402
21
2.0781098031496064
0
LINE
8
BLACK
6
CONTINUOUS
10
0.5554643700787402
20
2.0781098031496064
11
0.5500706692913385
21
2.0760979921259843
0
LINE
8
BLACK
6
CONTINUOUS
10
0.5500706692913385
20
2.0760979921259843
11
0.5454620472440945
21
2.0726479921259844
0
LINE
8
BLACK
6
CONTINUOUS
10
0.5454620472440945
20
2.0726479921259844
11
0.5436718897637796
21
2.0702566141732284
0
LINE
8
BLACK
6
CONTINUOUS
10
0.5436718897637796
20
2.0702566141732284
11
0.5414697637795276
21
2.0686081496062991
0
LINE
8
BLACK
6
CONTINUOUS
10
0.5414697637795276
20
2.0686081496062991
11
0.5387260236220472
21
2.0684119291338581
0
LINE
8
BLACK
6
CONTINUOUS
10
0.5387260236220472
20
2.0684119291338581
11
0.5363117322834645
21
2.0697302755905511
0
LINE
8
BLACK
6
CONTINUOUS
10
0.5363117322834645
20
2.0697302755905511
11
0.5358556692913385
21
2.0702566141732284
0
LINE
8
BLACK
6
CONTINUOUS
10
0.5358556692913385
20
2.0702566141732284
11
0.5340654724409448
21
2.0726479921259844
0
LINE
8
BLACK
6
CONTINUOUS
10
0.5340654724409448
20
2.0726479921259844
11
0.5340653937007874
21
2.0726480314960631
0
LINE
8
BLACK
6
CONTINUOUS
10
0.5340653937007874
20
2.0726480314960631
11
0.5340653937007874
21
2.0726480708661419
0
LINE
8
BLACK
6
CONTINUOUS
10
0.5340653937007874
20
2.0726480708661419
11
0.5294568503937008
21
2.0760979921259843
0
LINE
8
BLACK
6
CONTINUOUS
10
0.5294568503937008
20
2.0760979921259843
11
0.5240631102362204
21
2.0781098031496064
0
LINE
8
BLACK
6
CONTINUOUS
10
0.5240631102362204
20
2.0781098031496064
11
0.5216792913385827
21
2.0783661417322836
0
LINE
8
BLACK
6
CONTINUOUS
10
0.5216792913385827
20
2.0783661417322836
11
0.5216786614173228
21
2.0783661417322836
0
LINE
8
BLACK
6
CONTINUOUS
10
0.5216786614173228
20
2.0783661417322836
11
0.4578488976377952
21
2.0783661417322836
0
LINE
8
BLACK
6
CONTINUOUS
10
0.4578488976377952
20
2.0783661417322836
11
0.4578482283464567
21
2.0783661417322836
0
LINE
8
BLACK
6
CONTINUOUS
10
0.4578482283464567
20
2.0783661417322836
11
0.4554644488188976
21
2.0781098031496064
0
LINE
8
BLACK
6
CONTINUOUS
10
0.1637795275590551
20
1.06751968503937
11
0.1671694488188976
21
1.0668453937007873
0
LINE
8
BLACK
6
CONTINUOUS
10
0.1671694488188976
20
1.0668453937007873
11
0.1700432677165354
21
1.0649251574803149
0
LINE
8
BLACK
6
CONTINUOUS
10
0.1700432677165354
20
1.0649251574803149
11
0.1719635039370079
21
1.0620513385826771
0
LINE
8
BLACK
6
CONTINUOUS
10
0.1719635039370079
20
1.0620513385826771
11
0.1724420078740158
21
1.0596456692913385
0
LINE
8
BLACK
6
CONTINUOUS
10
0.1724420078740158
20
1.0596456692913385
11
0.1923227952755905
21
1.0596456692913385
0
LINE
8
BLACK
6
CONTINUOUS
10
0.1923227952755905
20
1.0596456692913385
11
0.1923227952755905
21
1.0605633070866141
0
LINE
8
BLACK
6
CONTINUOUS
10
0.1923227952755905
20
1.0605633070866141
11
0.1923227559055118
21
1.0605638976377953
0
LINE
8
BLACK
6
CONTINUOUS
10
0.1923227559055118
20
1.0605638976377953
11
0.1919234251968504
21
1.0644727559055118
0
LINE
8
BLACK
6
CONTINUOUS
10
0.1919234251968504
20
1.0644727559055118
11
0.1898246850393701
21
1.0708063779527559
0
LINE
8
BLACK
6
CONTINUOUS
10
0.1898246850393701
20
1.0708063779527559
11
0.1898244881889764
21
1.070806811023622
0
LINE
8
BLACK
6
CONTINUOUS
10
0.1898244881889764
20
1.070806811023622
11
0.1863218503937008
21
1.0764853937007874
0
LINE
8
BLACK
6
CONTINUOUS
10
0.1863218503937008
20
1.0764853937007874
11
0.1863217322834646
21
1.0764855511811022
0
LINE
8
BLACK
6
CONTINUOUS
10
0.1863217322834646
20
1.0764855511811022
11
0.1816036220472441
21
1.0812036614173228
0
LINE
8
BLACK
6
CONTINUOUS
10
0.1816036220472441
20
1.0812036614173228
11
0.1816034645669291
21
1.0812037795275591
0
LINE
8
BLACK
6
CONTINUOUS
10
0.1816034645669291
20
1.0812037795275591
11
0.1759248818897638
21
1.0847064173228347
0
LINE
8
BLACK
6
CONTINUOUS
10
0.1759248818897638
20
1.0847064173228347
11
0.1759244488188976
21
1.0847066141732282
0
LINE
8
BLACK
6
CONTINUOUS
10
0.1759244488188976
20
1.0847066141732282
11
0.1695907874015748
21
1.0868053543307086
0
LINE
8
BLACK
6
CONTINUOUS
10
0.1695907874015748
20
1.0868053543307086
11
0.165681968503937
21
1.0872047244094487
0
LINE
8
BLACK
6
CONTINUOUS
10
0.165681968503937
20
1.0872047244094487
11
0.1637795275590551
21
1.0872047244094487
0
LINE
8
BLACK
6
CONTINUOUS
10
0.1637795275590551
20
1.0872047244094487
11
0.1637795275590551
21
1.06751968503937
0
LINE
8
BLACK
6
CONTINUOUS
10
0.4981446062992126
20
1.1670825196850394
11
0.4962243700787402
21
1.1642087007874016
0
LINE
8
BLACK
6
CONTINUOUS
10
0.4962243700787402
20
1.1642087007874016
11
0.4933505511811023
21
1.1622884645669291
0
LINE
8
BLACK
6
CONTINUOUS
10
0.4933505511811023
20
1.1622884645669291
11
0.4909448818897638
21
1.1618099606299213
0
LINE
8
BLACK
6
CONTINUOUS
10
0.4909448818897638
20
1.1618099606299213
11
0.4909448818897638
21
1.1419291732283465
0
LINE
8
BLACK
6
CONTINUOUS
10
0.4909448818897638
20
1.1419291732283465
11
0.4918625196850394
21
1.1419291732283465
0
LINE
8
BLACK
6
CONTINUOUS
10
0.4918625196850394
20
1.1419291732283465
11
0.4918630708661417
21
1.1419292125984253
0
LINE
8
BLACK
6
CONTINUOUS
10
0.4918630708661417
20
1.1419292125984253
11
0.4957719291338583
21
1.1423285433070867
0
LINE
8
BLACK
6
CONTINUOUS
10
0.4957719291338583
20
1.1423285433070867
11
0.5021055511811023
21
1.144427283464567
0
LINE
8
BLACK
6
CONTINUOUS
10
0.5021055511811023
20
1.144427283464567
11
0.5021059842519685
21
1.1444274803149606
0
LINE
8
BLACK
6
CONTINUOUS
10
0.5021059842519685
20
1.1444274803149606
11
0.5077845669291339
21
1.1479301181102362
0
LINE
8
BLACK
6
CONTINUOUS
10
0.5077845669291339
20
1.1479301181102362
11
0.5077847244094488
21
1.1479302362204724
0
LINE
8
BLACK
6
CONTINUOUS
10
0.5077847244094488
20
1.1479302362204724
11
0.5125028346456693
21
1.1526483464566928
0
LINE
8
BLACK
6
CONTINUOUS
10
0.5125028346456693
20
1.1526483464566928
11
0.5125029527559055
21
1.1526485039370078
0
LINE
8
BLACK
6
CONTINUOUS
10
0.5125029527559055
20
1.1526485039370078
11
0.5160055905511811
21
1.1583270866141733
0
LINE
8
BLACK
6
CONTINUOUS
10
0.5160055905511811
20
1.1583270866141733
11
0.5160057874015748
21
1.1583275196850393
0
LINE
8
BLACK
6
CONTINUOUS
10
0.5160057874015748
20
1.1583275196850393
11
0.5181045275590551
21
1.1646611811023622
0
LINE
8
BLACK
6
CONTINUOUS
10
0.5181045275590551
20
1.1646611811023622
11
0.5185038976377953
21
1.1685699999999999
0
LINE
8
BLACK
6
CONTINUOUS
10
0.5185038976377953
20
1.1685699999999999
11
0.518503937007874
21
1.1685705118110237
0
LINE
8
BLACK
6
CONTINUOUS
10
0.518503937007874
20
1.1685705118110237
11
0.518503937007874
21
1.1704724409448819
0
LINE
8
BLACK
6
CONTINUOUS
10
0.518503937007874
20
1.1704724409448819
11
0.4988188976377952
21
1.1704724409448819
0
LINE
8
BLACK
6
CONTINUOUS
10
0.4988188976377952
20
1.1704724409448819
11
0.4981446062992126
21
1.1670825196850394
0
LINE
8
BLACK
6
CONTINUOUS
10
0.4909448818897638
20
1.19882
11
0.4933505511811023
21
1.1983414566929134
0
LINE
8
BLACK
6
CONTINUOUS
10
0.4933505511811023
20
1.1983414566929134
11
0.4962243700787402
21
1.1964212204724409
0
LINE
8
BLACK
6
CONTINUOUS
10
0.4962243700787402
20
1.1964212204724409
11
0.4981446062992126
21
1.1935474015748031
0
LINE
8
BLACK
6
CONTINUOUS
10
0.4981446062992126
20
1.1935474015748031
11
0.4988188976377952
21
1.1901574803149606
0
LINE
8
BLACK
6
CONTINUOUS
10
0.4988188976377952
20
1.1901574803149606
11
0.5185038976377953
21
1.1901574803149606
0
LINE
8
BLACK
6
CONTINUOUS
10
0.5185038976377953
20
1.1901574803149606
11
0.5185038976377953
21
1.1920593700787401
0
LINE
8
BLACK
6
CONTINUOUS
10
0.5185038976377953
20
1.1920593700787401
11
0.5185038582677165
21
1.1920599606299211
0
LINE
8
BLACK
6
CONTINUOUS
10
0.5185038582677165
20
1.1920599606299211
11
0.5181045275590551
21
1.1959688188976378
0
LINE
8
BLACK
6
CONTINUOUS
10
0.5181045275590551
20
1.1959688188976378
11
0.5160057874015748
21
1.2023024409448819
0
LINE
8
BLACK
6
CONTINUOUS
10
0.5160057874015748
20
1.2023024409448819
11
0.5160055905511811
21
1.202302874015748
0
LINE
8
BLACK
6
CONTINUOUS
10
0.5160055905511811
20
1.202302874015748
11
0.5125029527559055
21
1.2079814566929135
0
LINE
8
BLACK
6
CONTINUOUS
10
0.5125029527559055
20
1.2079814566929135
11
0.5125028346456693
21
1.2079816141732282
0
LINE
8
BLACK
6
CONTINUOUS
10
0.5125028346456693
20
1.2079816141732282
11
0.5077847244094488
21
1.2126997244094488
0
LINE
8
BLACK
6
CONTINUOUS
10
0.5077847244094488
20
1.2126997244094488
11
0.5077845669291339
21
1.2126998425196851
0
LINE
8
BLACK
6
CONTINUOUS
10
0.5077845669291339
20
1.2126998425196851
11
0.5021059842519685
21
1.2162024803149607
0
LINE
8
BLACK
6
CONTINUOUS
10
0.5021059842519685
20
1.2162024803149607
11
0.5021055511811023
21
1.2162026771653542
0
LINE
8
BLACK
6
CONTINUOUS
10
0.5021055511811023
20
1.2162026771653542
11
0.4957718897637795
21
1.2183014173228346
0
LINE
8
BLACK
6
CONTINUOUS
10
0.4957718897637795
20
1.2183014173228346
11
0.4918630708661417
21
1.2187007874015747
0
LINE
8
BLACK
6
CONTINUOUS
10
0.4918630708661417
20
1.2187007874015747
11
0.4909448818897638
21
1.2187007874015747
0
LINE
8
BLACK
6
CONTINUOUS
10
0.4909448818897638
20
1.2187007874015747
11
0.4909448818897638
21
1.19882
0
LINE
8
BLACK
6
CONTINUOUS
10
0.3259842519685039
20
1.4596503937007874
11
0.3262230708661417
21
1.4594907874015748
0
LINE
8
BLACK
6
CONTINUOUS
10
0.3262230708661417
20
1.4594907874015748
11
0.3275032283464567
21
1.4575749212598426
0
LINE
8
BLACK
6
CONTINUOUS
10
0.3275032283464567
20
1.4575749212598426
11
0.3279527559055118
21
1.4553149606299212
0
LINE
8
BLACK
6
CONTINUOUS
10
0.3279527559055118
20
1.4553149606299212
11
0.3279527559055118
21
1.4420275590551181
0
LINE
8
BLACK
6
CONTINUOUS
10
0.3279527559055118
20
1.4420275590551181
11
0.3476377952755905
21
1.4420275590551181
0
LINE
8
BLACK
6
CONTINUOUS
10
0.3476377952755905
20
1.4420275590551181
11
0.3476377952755905
21
1.4578990157480314
0
LINE
8
BLACK
6
CONTINUOUS
10
0.3476377952755905
20
1.4578990157480314
11
0.3476377559055118
21
1.4578996062992127
0
LINE
8
BLACK
6
CONTINUOUS
10
0.3476377559055118
20
1.4578996062992127
11
0.3475236220472441
21
1.4593499999999999
0
LINE
8
BLACK
6
CONTINUOUS
10
0.3475236220472441
20
1.4593499999999999
11
0.3475235826771653
21
1.4593502362204724
0
LINE
8
BLACK
6
CONTINUOUS
10
0.3475235826771653
20
1.4593502362204724
11
0.3457198031496063
21
1.4655588188976378
0
LINE
8
BLACK
6
CONTINUOUS
10
0.3457198031496063
20
1.4655588188976378
11
0.3457197637795276
21
1.4655589370078739
0
LINE
8
BLACK
6
CONTINUOUS
10
0.3457197637795276
20
1.4655589370078739
11
0.3424285433070866
21
1.4711241338582677
0
LINE
8
BLACK
6
CONTINUOUS
10
0.3424285433070866
20
1.4711241338582677
11
0.3424282677165355
21
1.4711244881889765
0
LINE
8
BLACK
6
CONTINUOUS
10
0.3424282677165355
20
1.4711244881889765
11
0.3378567322834646
21
1.4756960236220471
0
LINE
8
BLACK
6
CONTINUOUS
10
0.3378567322834646
20
1.4756960236220471
11
0.3378563779527559
21
1.4756962992125984
0
LINE
8
BLACK
6
CONTINUOUS
10
0.3378563779527559
20
1.4756962992125984
11
0.3322911811023622
21
1.4789875196850393
0
LINE
8
BLACK
6
CONTINUOUS
10
0.3322911811023622
20
1.4789875196850393
11
0.332291062992126
21
1.478987559055118
0
LINE
8
BLACK
6
CONTINUOUS
10
0.332291062992126
20
1.478987559055118
11
0.3260824409448819
21
1.4807913385826772
0
LINE
8
BLACK
6
CONTINUOUS
10
0.3260824409448819
20
1.4807913385826772
11
0.3260825590551181
21
1.4807913385826772
0
LINE
8
BLACK
6
CONTINUOUS
10
0.3260825590551181
20
1.4807913385826772
11
0.3259842519685039
21
1.480799094488189
0
LINE
8
BLACK
6
CONTINUOUS
10
0.3259842519685039
20
1.480799094488189
11
0.3259842519685039
21
1.4596503937007874
0
LINE
8
BLACK
6
CONTINUOUS
10
0.2400787401574803
20
1.918503937007874
11
0.2400787401574803
21
1.8964628346456693
0
LINE
8
BLACK
6
CONTINUOUS
10
0.2400787401574803
20
1.8964628346456693
11
0.2403307480314961
21
1.8941192125984252
0
LINE
8
BLACK
6
CONTINUOUS
10
0.2403307480314961
20
1.8941192125984252
11
0.2403308267716535
21
1.8941189370078739
0
LINE
8
BLACK
6
CONTINUOUS
10
0.2403308267716535
20
1.8941189370078739
11
0.2423088582677165
21
1.8888155118110235
0
LINE
8
BLACK
6
CONTINUOUS
10
0.2423088582677165
20
1.8888155118110235
11
0.2423090157480315
21
1.8888152362204724
0
LINE
8
BLACK
6
CONTINUOUS
10
0.2423090157480315
20
1.8888152362204724
11
0.2457011417322835
21
1.8842839763779526
0
LINE
8
BLACK
6
CONTINUOUS
10
0.2457011417322835
20
1.8842839763779526
11
0.2457012598425197
21
1.8842838582677164
0
LINE
8
BLACK
6
CONTINUOUS
10
0.2457012598425197
20
1.8842838582677164
11
0.2502325196850393
21
1.8808917322834646
0
LINE
8
BLACK
6
CONTINUOUS
10
0.2502325196850393
20
1.8808917322834646
11
0.2502327952755906
21
1.8808915748031496
0
LINE
8
BLACK
6
CONTINUOUS
10
0.2502327952755906
20
1.8808915748031496
11
0.255536220472441
21
1.8789135433070865
0
LINE
8
BLACK
6
CONTINUOUS
10
0.255536220472441
20
1.8789135433070865
11
0.2555364960629921
21
1.878913464566929
0
LINE
8
BLACK
6
CONTINUOUS
10
0.2555364960629921
20
1.878913464566929
11
0.2578801181102362
21
1.8786614566929134
0
LINE
8
BLACK
6
CONTINUOUS
10
0.2578801181102362
20
1.8786614566929134
11
0.2578807874015748
21
1.8786614173228346
0
LINE
8
BLACK
6
CONTINUOUS
10
0.2578807874015748
20
1.8786614173228346
11
0.2799212598425197
21
1.8786614173228346
0
LINE
8
BLACK
6
CONTINUOUS
10
0.2799212598425197
20
1.8786614173228346
11
0.2799212598425197
21
1.8983464566929134
0
LINE
8
BLACK
6
CONTINUOUS
10
0.2799212598425197
20
1.8983464566929134
11
0.259763779527559
21
1.8983464566929134
0
LINE
8
BLACK
6
CONTINUOUS
10
0.259763779527559
20
1.8983464566929134
11
0.259763779527559
21
1.918503937007874
0
LINE
8
BLACK
6
CONTINUOUS
10
0.259763779527559
20
1.918503937007874
11
0.2400787401574803
21
1.918503937007874
0
LINE
8
BLACK
6
CONTINUOUS
10
0.2400787401574803
20
2.0185039370078739
11
0.2400787401574803
21
1.9964628346456692
0
LINE
8
BLACK
6
CONTINUOUS
10
0.2400787401574803
20
1.9964628346456692
11
0.2403307480314961
21
1.9941192125984251
0
LINE
8
BLACK
6
CONTINUOUS
10
0.2403307480314961
20
1.9941192125984251
11
0.2403308267716535
21
1.994118937007874
0
LINE
8
BLACK
6
CONTINUOUS
10
0.2403308267716535
20
1.994118937007874
11
0.2423088582677165
21
1.9888155118110236
0
LINE
8
BLACK
6
CONTINUOUS
10
0.2423088582677165
20
1.9888155118110236
11
0.2423090157480315
21
1.9888152362204723
0
LINE
8
BLACK
6
CONTINUOUS
10
0.2423090157480315
20
1.9888152362204723
11
0.2457011417322835
21
1.9842839763779527
0
LINE
8
BLACK
6
CONTINUOUS
10
0.2457011417322835
20
1.9842839763779527
11
0.2484120472440945
21
1.9822545669291338
0
LINE
8
BLACK
6
CONTINUOUS
10
0.2484120472440945
20
1.9822545669291338
11
0.2500604724409449
21
1.9800524409448819
0
LINE
8
BLACK
6
CONTINUOUS
10
0.2500604724409449
20
1.9800524409448819
11
0.2502566929133858
21
1.9773087007874015
0
LINE
8
BLACK
6
CONTINUOUS
10
0.2502566929133858
20
1.9773087007874015
11
0.2489383464566929
21
1.9748944094488188
0
LINE
8
BLACK
6
CONTINUOUS
10
0.2489383464566929
20
1.9748944094488188
11
0.2484120472440945
21
1.9744383464566928
0
LINE
8
BLACK
6
CONTINUOUS
10
0.2484120472440945
20
1.9744383464566928
11
0.2457011417322835
21
1.9724089763779526
0
LINE
8
BLACK
6
CONTINUOUS
10
0.2457011417322835
20
1.9724089763779526
11
0.2423090157480315
21
1.9678777165354331
0
LINE
8
BLACK
6
CONTINUOUS
10
0.2423090157480315
20
1.9678777165354331
11
0.2423088582677165
21
1.9678774409448818
0
LINE
8
BLACK
6
CONTINUOUS
10
0.2423088582677165
20
1.9678774409448818
11
0.2403308267716535
21
1.9625740157480314
0
LINE
8
BLACK
6
CONTINUOUS
10
0.2403308267716535
20
1.9625740157480314
11
0.2403307480314961
21
1.9625737401574803
0
LINE
8
BLACK
6
CONTINUOUS
10
0.2403307480314961
20
1.9625737401574803
11
0.2400787401574803
21
1.9602301181102362
0
LINE
8
BLACK
6
CONTINUOUS
10
0.2400787401574803
20
1.9602301181102362
11
0.2400787401574803
21
1.9381889763779527
0
LINE
8
BLACK
6
CONTINUOUS
10
0.2400787401574803
20
1.9381889763779527
11
0.259763779527559
21
1.9381889763779527
0
LINE
8
BLACK
6
CONTINUOUS
10
0.259763779527559
20
1.9381889763779527
11
0.259763779527559
21
1.9583464566929134
0
LINE
8
BLACK
6
CONTINUOUS
10
0.259763779527559
20
1.9583464566929134
11
0.2799212598425197
21
1.9583464566929134
0
LINE
8
BLACK
6
CONTINUOUS
10
0.2799212598425197
20
1.9583464566929134
11
0.2799212598425197
21
1.9983464566929134
0
LINE
8
BLACK
6
CONTINUOUS
10
0.2799212598425197
20
1.9983464566929134
11
0.259763779527559
21
1.9983464566929134
0
LINE
8
BLACK
6
CONTINUOUS
10
0.259763779527559
20
1.9983464566929134
11
0.259763779527559
21
2.0185039370078739
0
LINE
8
BLACK
6
CONTINUOUS
10
0.259763779527559
20
2.0185039370078739
11
0.2400787401574803
21
2.0185039370078739
0
LINE
8
BLACK
6
CONTINUOUS
10
0.2555364960629921
20
2.0777794881889764
11
0.255536220472441
21
2.0777794094488189
0
LINE
8
BLACK
6
CONTINUOUS
10
0.255536220472441
20
2.0777794094488189
11
0.2502327952755906
21
2.075801377952756
0
LINE
8
BLACK
6
CONTINUOUS
10
0.2502327952755906
20
2.075801377952756
11
0.2502325196850393
21
2.075801220472441
0
LINE
8
BLACK
6
CONTINUOUS
10
0.2502325196850393
20
2.075801220472441
11
0.2457012598425197
21
2.0724090944881888
0
LINE
8
BLACK
6
CONTINUOUS
10
0.2457012598425197
20
2.0724090944881888
11
0.2457011417322835
21
2.0724089763779525
0
LINE
8
BLACK
6
CONTINUOUS
10
0.2457011417322835
20
2.0724089763779525
11
0.2423090157480315
21
2.067877716535433
0
LINE
8
BLACK
6
CONTINUOUS
10
0.2423090157480315
20
2.067877716535433
11
0.2423088582677165
21
2.0678774409448817
0
LINE
8
BLACK
6
CONTINUOUS
10
0.2423088582677165
20
2.0678774409448817
11
0.2403308267716535
21
2.0625740157480315
0
LINE
8
BLACK
6
CONTINUOUS
10
0.2403308267716535
20
2.0625740157480315
11
0.2403307480314961
21
2.0625737401574802
0
LINE
8
BLACK
6
CONTINUOUS
10
0.2403307480314961
20
2.0625737401574802
11
0.2400787401574803
21
2.060230118110236
0
LINE
8
BLACK
6
CONTINUOUS
10
0.2400787401574803
20
2.060230118110236
11
0.2400787401574803
21
2.0381889763779526
0
LINE
8
BLACK
6
CONTINUOUS
10
0.2400787401574803
20
2.0381889763779526
11
0.259763779527559
21
2.0381889763779526
0
LINE
8
BLACK
6
CONTINUOUS
10
0.259763779527559
20
2.0381889763779526
11
0.259763779527559
21
2.0583464566929135
0
LINE
8
BLACK
6
CONTINUOUS
10
0.259763779527559
20
2.0583464566929135
11
0.2799212598425197
21
2.0583464566929135
0
LINE
8
BLACK
6
CONTINUOUS
10
0.2799212598425197
20
2.0583464566929135
11
0.2799212598425197
21
2.0780314960629922
0
LINE
8
BLACK
6
CONTINUOUS
10
0.2799212598425197
20
2.0780314960629922
11
0.2578801181102362
21
2.0780314960629922
0
LINE
8
BLACK
6
CONTINUOUS
10
0.2578801181102362
20
2.0780314960629922
11
0.2555364960629921
21
2.0777794881889764
0
LINE
8
BLACK
6
CONTINUOUS
10
0.1155511811023622
20
1.0596456692913385
11
0.1354320078740157
21
1.0596456692913385
0
LINE
8
BLACK
6
CONTINUOUS
10
0.1354320078740157
20
1.0596456692913385
11
0.1359105118110236
21
1.0620513385826771
0
LINE
8
BLACK
6
CONTINUOUS
10
0.1359105118110236
20
1.0620513385826771
11
0.1378307480314961
21
1.0649251574803149
0
LINE
8
BLACK
6
CONTINUOUS
10
0.1378307480314961
20
1.0649251574803149
11
0.1407045669291339
21
1.0668453937007873
0
LINE
8
BLACK
6
CONTINUOUS
10
0.1407045669291339
20
1.0668453937007873
11
0.1440944881889764
21
1.06751968503937
0
LINE
8
BLACK
6
CONTINUOUS
10
0.1440944881889764
20
1.06751968503937
11
0.1440944881889764
21
1.0872047244094487
0
LINE
8
BLACK
6
CONTINUOUS
10
0.1440944881889764
20
1.0872047244094487
11
0.1440944488188976
21
1.0872047637795275
0
LINE
8
BLACK
6
CONTINUOUS
10
0.1440944488188976
20
1.0872047637795275
11
0.1421926377952756
21
1.0872047244094487
0
LINE
8
BLACK
6
CONTINUOUS
10
0.1421926377952756
20
1.0872047244094487
11
0.1421919291338583
21
1.08720468503937
0
LINE
8
BLACK
6
CONTINUOUS
10
0.1421919291338583
20
1.08720468503937
11
0.1382831496062992
21
1.0868053543307086
0
LINE
8
BLACK
6
CONTINUOUS
10
0.1382831496062992
20
1.0868053543307086
11
0.1319495275590551
21
1.0847066141732282
0
LINE
8
BLACK
6
CONTINUOUS
10
0.1319495275590551
20
1.0847066141732282
11
0.131949094488189
21
1.0847064173228347
0
LINE
8
BLACK
6
CONTINUOUS
10
0.131949094488189
20
1.0847064173228347
11
0.1262705118110236
21
1.0812037795275591
0
LINE
8
BLACK
6
CONTINUOUS
10
0.1262705118110236
20
1.0812037795275591
11
0.1262703543307087
21
1.0812036614173228
0
LINE
8
BLACK
6
CONTINUOUS
10
0.1262703543307087
20
1.0812036614173228
11
0.1215522440944882
21
1.0764855511811022
0
LINE
8
BLACK
6
CONTINUOUS
10
0.1215522440944882
20
1.0764855511811022
11
0.121552125984252
21
1.0764853937007874
0
LINE
8
BLACK
6
CONTINUOUS
10
0.121552125984252
20
1.0764853937007874
11
0.1180494881889764
21
1.070806811023622
0
LINE
8
BLACK
6
CONTINUOUS
10
0.1180494881889764
20
1.070806811023622
11
0.1180492913385827
21
1.0708063779527559
0
LINE
8
BLACK
6
CONTINUOUS
10
0.1180492913385827
20
1.0708063779527559
11
0.1159505511811024
21
1.0644727165354331
0
LINE
8
BLACK
6
CONTINUOUS
10
0.1159505511811024
20
1.0644727165354331
11
0.1155511811023622
21
1.0605638976377953
0
LINE
8
BLACK
6
CONTINUOUS
10
0.1155511811023622
20
1.0605638976377953
11
0.1155511811023622
21
1.0596456692913385
0
LINE
8
BLACK
6
CONTINUOUS
10
0.3259842913385826
20
1.3835710629921258
11
0.326082125984252
21
1.3835787401574804
0
LINE
8
BLACK
6
CONTINUOUS
10
0.326082125984252
20
1.3835787401574804
11
0.3322912598425197
21
1.3853826377952756
0
LINE
8
BLACK
6
CONTINUOUS
10
0.3322912598425197
20
1.3853826377952756
11
0.3378563779527559
21
1.3886738188976377
0
LINE
8
BLACK
6
CONTINUOUS
10
0.3378563779527559
20
1.3886738188976377
11
0.3378567322834646
21
1.388674094488189
0
LINE
8
BLACK
6
CONTINUOUS
10
0.3378567322834646
20
1.388674094488189
11
0.3424282677165355
21
1.3932456299212599
0
LINE
8
BLACK
6
CONTINUOUS
10
0.3424282677165355
20
1.3932456299212599
11
0.3424285433070866
21
1.3932459842519684
0
LINE
8
BLACK
6
CONTINUOUS
10
0.3424285433070866
20
1.3932459842519684
11
0.3457197637795276
21
1.3988111811023622
0
LINE
8
BLACK
6
CONTINUOUS
10
0.3457197637795276
20
1.3988111811023622
11
0.3457198031496063
21
1.3988112992125985
0
LINE
8
BLACK
6
CONTINUOUS
10
0.3457198031496063
20
1.3988112992125985
11
0.3475235826771653
21
1.4050198818897637
0
LINE
8
BLACK
6
CONTINUOUS
10
0.3475235826771653
20
1.4050198818897637
11
0.3475236220472441
21
1.4050201181102362
0
LINE
8
BLACK
6
CONTINUOUS
10
0.3475236220472441
20
1.4050201181102362
11
0.3476377559055118
21
1.4064705118110237
0
LINE
8
BLACK
6
CONTINUOUS
10
0.3476377559055118
20
1.4064705118110237
11
0.3476377952755905
21
1.4064711023622047
0
LINE
8
BLACK
6
CONTINUOUS
10
0.3476377952755905
20
1.4064711023622047
11
0.3476377952755905
21
1.4223425196850394
0
LINE
8
BLACK
6
CONTINUOUS
10
0.3476377952755905
20
1.4223425196850394
11
0.3279527559055118
21
1.4223425196850394
0
LINE
8
BLACK
6
CONTINUOUS
10
0.3279527559055118
20
1.4223425196850394
11
0.3279527559055118
21
1.4090551181102362
0
LINE
8
BLACK
6
CONTINUOUS
10
0.3279527559055118
20
1.4090551181102362
11
0.3275032283464567
21
1.406795157480315
0
LINE
8
BLACK
6
CONTINUOUS
10
0.3275032283464567
20
1.406795157480315
11
0.3262230708661417
21
1.4048792913385826
0
LINE
8
BLACK
6
CONTINUOUS
10
0.3262230708661417
20
1.4048792913385826
11
0.3259842519685039
21
1.4047197244094487
0
LINE
8
BLACK
6
CONTINUOUS
10
0.3259842519685039
20
1.4047197244094487
11
0.3259842519685039
21
1.3835710629921258
0
LINE
8
BLACK
6
CONTINUOUS
10
0.3259842519685039
20
1.3835710629921258
11
0.3259842913385826
21
1.3835710629921258
0
LINE
8
BLACK
6
CONTINUOUS
10
0.1374570078740157
20
1.5113345669291338
11
0.1374570472440945
21
1.5113343700787401
0
LINE
8
BLACK
6
CONTINUOUS
10
0.1374570472440945
20
1.5113343700787401
11
0.1394480708661417
21
1.5049450393700787
0
LINE
8
BLACK
6
CONTINUOUS
10
0.1394480708661417
20
1.5049450393700787
11
0.1429105118110236
21
1.499217440944882
0
LINE
8
BLACK
6
CONTINUOUS
10
0.1429105118110236
20
1.499217440944882
11
0.1476425984251968
21
1.4944853543307086
0
LINE
8
BLACK
6
CONTINUOUS
10
0.1476425984251968
20
1.4944853543307086
11
0.1533702362204724
21
1.4910228740157481
0
LINE
8
BLACK
6
CONTINUOUS
10
0.1533702362204724
20
1.4910228740157481
11
0.1533701968503937
21
1.4910228740157481
0
LINE
8
BLACK
6
CONTINUOUS
10
0.1533701968503937
20
1.4910228740157481
11
0.1597596062992126
21
1.4890318897637795
0
LINE
8
BLACK
6
CONTINUOUS
10
0.1597596062992126
20
1.4890318897637795
11
0.1597595669291338
21
1.4890318897637795
0
LINE
8
BLACK
6
CONTINUOUS
10
0.1597595669291338
20
1.4890318897637795
11
0.1625357480314961
21
1.4887796062992125
0
LINE
8
BLACK
6
CONTINUOUS
10
0.1625357480314961
20
1.4887796062992125
11
0.1625364566929134
21
1.4887795669291339
0
LINE
8
BLACK
6
CONTINUOUS
10
0.1625364566929134
20
1.4887795669291339
11
0.1627952362204724
21
1.4887796062992125
0
LINE
8
BLACK
6
CONTINUOUS
10
0.1627952362204724
20
1.4887796062992125
11
0.1627952755905512
21
1.4887796062992125
0
LINE
8
BLACK
6
CONTINUOUS
10
0.1627952755905512
20
1.4887796062992125
11
0.1627952755905512
21
1.5088561417322834
0
LINE
8
BLACK
6
CONTINUOUS
10
0.1627952755905512
20
1.5088561417322834
11
0.1617505118110236
21
1.509063937007874
0
LINE
8
BLACK
6
CONTINUOUS
10
0.1617505118110236
20
1.509063937007874
11
0.1591960236220472
21
1.5107708267716535
0
LINE
8
BLACK
6
CONTINUOUS
10
0.1591960236220472
20
1.5107708267716535
11
0.1574891338582677
21
1.5133253149606298
0
LINE
8
BLACK
6
CONTINUOUS
10
0.1574891338582677
20
1.5133253149606298
11
0.1568897637795276
21
1.5163385826771654
0
LINE
8
BLACK
6
CONTINUOUS
10
0.1568897637795276
20
1.5163385826771654
11
0.1568897637795276
21
1.5173228346456693
0
LINE
8
BLACK
6
CONTINUOUS
10
0.1568897637795276
20
1.5173228346456693
11
0.1372047637795276
21
1.5173228346456693
0
LINE
8
BLACK
6
CONTINUOUS
10
0.1372047637795276
20
1.5173228346456693
11
0.1372047637795276
21
1.5141109448818897
0
LINE
8
BLACK
6
CONTINUOUS
10
0.1372047637795276
20
1.5141109448818897
11
0.1374570078740157
21
1.5113345669291338
0
LINE
8
BLACK
6
CONTINUOUS
10
0.1372047244094488
20
1.537007874015748
11
0.1568897637795276
21
1.537007874015748
0
LINE
8
BLACK
6
CONTINUOUS
10
0.1568897637795276
20
1.537007874015748
11
0.1568897637795276
21
1.5379921259842519
0
LINE
8
BLACK
6
CONTINUOUS
10
0.1568897637795276
20
1.5379921259842519
11
0.1574891338582677
21
1.5410053937007873
0
LINE
8
BLACK
6
CONTINUOUS
10
0.1574891338582677
20
1.5410053937007873
11
0.1591960236220472
21
1.5435598818897638
0
LINE
8
BLACK
6
CONTINUOUS
10
0.1591960236220472
20
1.5435598818897638
11
0.1617505118110236
21
1.5452667716535433
0
LINE
8
BLACK
6
CONTINUOUS
10
0.1617505118110236
20
1.5452667716535433
11
0.1627952755905512
21
1.5454746062992126
0
LINE
8
BLACK
6
CONTINUOUS
10
0.1627952755905512
20
1.5454746062992126
11
0.1627952755905512
21
1.5655511811023621
0
LINE
8
BLACK
6
CONTINUOUS
10
0.1627952755905512
20
1.5655511811023621
11
0.1627952362204724
21
1.5655512204724409
0
LINE
8
BLACK
6
CONTINUOUS
10
0.1627952362204724
20
1.5655512204724409
11
0.1625368503937008
21
1.5655511811023621
0
LINE
8
BLACK
6
CONTINUOUS
10
0.1625368503937008
20
1.5655511811023621
11
0.1625361023622047
21
1.5655511417322834
0
LINE
8
BLACK
6
CONTINUOUS
10
0.1625361023622047
20
1.5655511417322834
11
0.1597597244094488
21
1.5652988976377953
0
LINE
8
BLACK
6
CONTINUOUS
10
0.1597597244094488
20
1.5652988976377953
11
0.1597595275590551
21
1.5652988582677165
0
LINE
8
BLACK
6
CONTINUOUS
10
0.1597595275590551
20
1.5652988582677165
11
0.1533701968503937
21
1.5633078346456692
0
LINE
8
BLACK
6
CONTINUOUS
10
0.1533701968503937
20
1.5633078346456692
11
0.1476425984251968
21
1.5598453937007875
0
LINE
8
BLACK
6
CONTINUOUS
10
0.1476425984251968
20
1.5598453937007875
11
0.1429105118110236
21
1.5551133070866141
0
LINE
8
BLACK
6
CONTINUOUS
10
0.1429105118110236
20
1.5551133070866141
11
0.139448031496063
21
1.5493856692913386
0
LINE
8
BLACK
6
CONTINUOUS
10
0.139448031496063
20
1.5493856692913386
11
0.1374570472440945
21
1.542996338582677
0
LINE
8
BLACK
6
CONTINUOUS
10
0.1374570472440945
20
1.542996338582677
11
0.1372047244094488
21
1.5402194094488189
0
LINE
8
BLACK
6
CONTINUOUS
10
0.1372047244094488
20
1.5402194094488189
11
0.1372047244094488
21
1.537007874015748
0
CIRCLE
8
BLACK
10
0.
20
1.9775590551181101
40
0.0068897637795276
0
CIRCLE
8
BLACK
10
1.2
20
0.0031496062992126
40
0.0068897637795276
0
CIRCLE
8
BLACK
10
0.
20
0.0031496062992126
40
0.0068897637795276
0
CIRCLE
8
BLACK
10
1.2
20
1.9775590551181101
40
0.0068897637795276
0
CIRCLE
8
BLACK
10
0.889763779527559
20
2.0283464566929132
40
0.0068897637795276
0
CIRCLE
8
BLACK
10
0.889763779527559
20
1.9283464566929134
40
0.0068897637795276
0
CIRCLE
8
BLACK
10
0.7897637795275591
20
2.0283464566929132
40
0.0068897637795276
0
CIRCLE
8
BLACK
10
0.7897637795275591
20
1.9283464566929134
40
0.0068897637795276
0
CIRCLE
8
BLACK
10
0.6897637795275591
20
2.0283464566929132
40
0.0068897637795276
0
CIRCLE
8
BLACK
10
0.6897637795275591
20
1.9283464566929134
40
0.0068897637795276
0
CIRCLE
8
BLACK
10
0.5897637795275591
20
2.0283464566929132
40
0.0068897637795276
0
CIRCLE
8
BLACK
10
0.5897637795275591
20
1.9283464566929134
40
0.0068897637795276
0
CIRCLE
8
BLACK
10
0.4897637795275591
20
2.0283464566929132
40
0.0068897637795276
0
CIRCLE
8
BLACK
10
0.4897637795275591
20
1.9283464566929134
40
0.0068897637795276
0
CIRCLE
8
BLACK
10
0.389763779527559
20
2.0283464566929132
40
0.0068897637795276
0
CIRCLE
8
BLACK
10
0.389763779527559
20
1.9283464566929134
40
0.0068897637795276
0
CIRCLE
8
BLACK
10
0.2897637795275591
20
2.0283464566929132
40
0.0068897637795276
0
CIRCLE
8
BLACK
10
0.2897637795275591
20
1.9283464566929134
40
0.0068897637795276
0
CIRCLE
8
BLACK
10
0.4492125984251968
20
1.4062992125984253
40
0.0078740157480315
0
CIRCLE
8
BLACK
10
0.6960629921259842
20
1.4059055118110235
40
0.0078740157480315
0
CIRCLE
8
WHITE
10
0.4492125984251968
20
1.4062992125984253
40
0.0068897637795276
0
CIRCLE
8
WHITE
10
0.6960629921259842
20
1.4059055118110235
40
0.0068897637795276
0
CIRCLE
8
WHITE
10
0.
20
1.9775590551181101
40
0.0068897637795276
0
CIRCLE
8
WHITE
10
1.2
20
0.0031496062992126
40
0.0068897637795276
0
CIRCLE
8
WHITE
10
0.
20
0.0031496062992126
40
0.0068897637795276
0
CIRCLE
8
WHITE
10
1.2
20
1.9775590551181101
40
0.0068897637795276
0
CIRCLE
8
WHITE
10
0.889763779527559
20
2.0283464566929132
40
0.0068897637795276
0
CIRCLE
8
WHITE
10
0.889763779527559
20
1.9283464566929134
40
0.0068897637795276
0
CIRCLE
8
WHITE
10
0.7897637795275591
20
2.0283464566929132
40
0.0068897637795276
0
CIRCLE
8
WHITE
10
0.7897637795275591
20
1.9283464566929134
40
0.0068897637795276
0
CIRCLE
8
WHITE
10
0.6897637795275591
20
2.0283464566929132
40
0.0068897637795276
0
CIRCLE
8
WHITE
10
0.6897637795275591
20
1.9283464566929134
40
0.0068897637795276
0
CIRCLE
8
WHITE
10
0.5897637795275591
20
2.0283464566929132
40
0.0068897637795276
0
CIRCLE
8
WHITE
10
0.5897637795275591
20
1.9283464566929134
40
0.0068897637795276
0
CIRCLE
8
WHITE
10
0.4897637795275591
20
2.0283464566929132
40
0.0068897637795276
0
CIRCLE
8
WHITE
10
0.4897637795275591
20
1.9283464566929134
40
0.0068897637795276
0
CIRCLE
8
WHITE
10
0.389763779527559
20
2.0283464566929132
40
0.0068897637795276
0
CIRCLE
8
WHITE
10
0.389763779527559
20
1.9283464566929134
40
0.0068897637795276
0
CIRCLE
8
WHITE
10
0.2897637795275591
20
2.0283464566929132
40
0.0068897637795276
0
CIRCLE
8
WHITE
10
0.2897637795275591
20
1.9283464566929134
40
0.0068897637795276
  0
ENDSEC
  0
EOF
