  0
SECTION
  2
HEADER
  9
$ANGBASE
  50
0.0
  9
$ANGDIR
  70
1
  9
$MEASUREMENT
  70
0
  0
ENDSEC
  0
SECTION
  2
TABLES
  0
TABLE
  2
LTYPE
  70
4
  0
LTYPE
  5
40F
  2
CONTINUOUS
  70
0
  3
Solid line
  72
65
  73
0
  40
0.0
  0
LTYPE
  5
410
  2
DASHDOT
 70
0
  3
Dash Dot ____ _ ____ _
 72
65
 73
4
 40
2.0
 49
1.25
 49
-0.25
 49
0.25
 49
-0.25
  0
LTYPE
  5
411
  2
DASHED
 70
0
  3
Dashed __ __ __ __ __
 72
65
 73
2
 40
0.75
 49
0.5
 49
-0.25
  0
LTYPE
  5
43B
  2
DOTTED
 70
0
  3
Dotted .  .  .  .
 72
65
 73
2
 40
0.2
 49
0.0
 49
-0.2
  0
ENDTAB
  0
TABLE
  2
STYLE
  70
4
  0
STYLE
  2
KICAD
  70
0
  40
0
  41
1
  42
1
  50
0
  71
0
  3
isocp.shx
  0
STYLE
  2
KICADB
  70
0
  40
0
  41
1
  42
1
  50
0
  71
0
  3
isocp.shx
  0
STYLE
  2
KICADI
  70
0
  40
0
  41
1
  42
1
  50
15
  71
0
  3
isocp.shx
  0
STYLE
  2
KICADBI
  70
0
  40
0
  41
1
  42
1
  50
15
  71
0
  3
isocp.shx
  0
ENDTAB
  0
TABLE
  2
LAYER
  70
1
  0
LAYER
  2
BLACK
  70
0
  62
7
  6
CONTINUOUS
  0
ENDTAB
  0
ENDSEC
  0
SECTION
  2
ENTITIES
0
LINE
8
BLACK
6
CONTINUOUS
10
0.6832483858267716
20
0.1351605905511811
11
0.6846675984251969
21
0.1345727165354331
0
LINE
8
BLACK
6
CONTINUOUS
10
0.6846675984251969
20
0.1345727165354331
11
0.6857538188976378
21
0.1334864960629921
0
LINE
8
BLACK
6
CONTINUOUS
10
0.6857538188976378
20
0.1334864960629921
11
0.6863416929133858
21
0.1320672834645669
0
LINE
8
BLACK
6
CONTINUOUS
10
0.6863416929133858
20
0.1320672834645669
11
0.6863416929133858
21
0.1305311417322835
0
LINE
8
BLACK
6
CONTINUOUS
10
0.6863416929133858
20
0.1305311417322835
11
0.6857538188976378
21
0.1291119291338583
0
LINE
8
BLACK
6
CONTINUOUS
10
0.6857538188976378
20
0.1291119291338583
11
0.6846675984251969
21
0.1280257086614173
0
LINE
8
BLACK
6
CONTINUOUS
10
0.6846675984251969
20
0.1280257086614173
11
0.6832483858267716
21
0.1274378346456693
0
LINE
8
BLACK
6
CONTINUOUS
10
0.6832483858267716
20
0.1274378346456693
11
0.6824803149606299
21
0.1273622047244095
0
LINE
8
BLACK
6
CONTINUOUS
10
0.6824803149606299
20
0.1273622047244095
11
0.525
21
0.1273622047244095
0
LINE
8
BLACK
6
CONTINUOUS
10
0.525
20
0.1273622047244095
11
0.5242319291338583
21
0.1274378346456693
0
LINE
8
BLACK
6
CONTINUOUS
10
0.5242319291338583
20
0.1274378346456693
11
0.522812716535433
21
0.1280257086614173
0
LINE
8
BLACK
6
CONTINUOUS
10
0.522812716535433
20
0.1280257086614173
11
0.5217264960629922
21
0.1291119291338583
0
LINE
8
BLACK
6
CONTINUOUS
10
0.5217264960629922
20
0.1291119291338583
11
0.521138622047244
21
0.1305311417322835
0
LINE
8
BLACK
6
CONTINUOUS
10
0.521138622047244
20
0.1305311417322835
11
0.521138622047244
21
0.1320672834645669
0
LINE
8
BLACK
6
CONTINUOUS
10
0.521138622047244
20
0.1320672834645669
11
0.5217264960629922
21
0.1334864960629921
0
LINE
8
BLACK
6
CONTINUOUS
10
0.5217264960629922
20
0.1334864960629921
11
0.522812716535433
21
0.1345727165354331
0
LINE
8
BLACK
6
CONTINUOUS
10
0.522812716535433
20
0.1345727165354331
11
0.5242319291338583
21
0.1351605905511811
0
LINE
8
BLACK
6
CONTINUOUS
10
0.5242319291338583
20
0.1351605905511811
11
0.525
21
0.1352362204724409
0
LINE
8
BLACK
6
CONTINUOUS
10
0.525
20
0.1352362204724409
11
0.6824803149606299
21
0.1352362204724409
0
LINE
8
BLACK
6
CONTINUOUS
10
0.6824803149606299
20
0.1352362204724409
11
0.6832483858267716
21
0.1351605905511811
0
LINE
8
BLACK
6
CONTINUOUS
10
0.5898513385826771
20
0.2189479921259843
11
0.5912308661417323
21
0.2175684645669291
0
LINE
8
BLACK
6
CONTINUOUS
10
0.5912308661417323
20
0.2175684645669291
11
0.5919774409448819
21
0.215766062992126
0
LINE
8
BLACK
6
CONTINUOUS
10
0.5919774409448819
20
0.215766062992126
11
0.5920735039370079
21
0.2147906299212598
0
LINE
8
BLACK
6
CONTINUOUS
10
0.5920735039370079
20
0.2147906299212598
11
0.5920735039370079
21
0.1790763385826772
0
LINE
8
BLACK
6
CONTINUOUS
10
0.5920735039370079
20
0.1790763385826772
11
0.5920248818897638
21
0.1785826771653543
0
LINE
8
BLACK
6
CONTINUOUS
10
0.5920248818897638
20
0.1785826771653543
11
0.5920342519685039
21
0.178450905511811
0
LINE
8
BLACK
6
CONTINUOUS
10
0.5920342519685039
20
0.178450905511811
11
0.5919948031496063
21
0.1782775984251969
0
LINE
8
BLACK
6
CONTINUOUS
10
0.5919948031496063
20
0.1782775984251969
11
0.5919774409448819
21
0.178100905511811
0
LINE
8
BLACK
6
CONTINUOUS
10
0.5919774409448819
20
0.178100905511811
11
0.5919269291338582
21
0.1779790157480315
0
LINE
8
BLACK
6
CONTINUOUS
10
0.5919269291338582
20
0.1779790157480315
11
0.5918169291338583
21
0.177495157480315
0
LINE
8
BLACK
6
CONTINUOUS
10
0.5918169291338583
20
0.177495157480315
11
0.5894359448818898
21
0.1703523228346457
0
LINE
8
BLACK
6
CONTINUOUS
10
0.5894359448818898
20
0.1703523228346457
11
0.5890363385826771
21
0.1694573622047244
0
LINE
8
BLACK
6
CONTINUOUS
10
0.5890363385826771
20
0.1694573622047244
11
0.5889186220472441
21
0.1693216535433071
0
LINE
8
BLACK
6
CONTINUOUS
10
0.5889186220472441
20
0.1693216535433071
11
0.5888498818897637
21
0.1691556692913386
0
LINE
8
BLACK
6
CONTINUOUS
10
0.5888498818897637
20
0.1691556692913386
11
0.5882280708661417
21
0.1683979921259842
0
LINE
8
BLACK
6
CONTINUOUS
10
0.5882280708661417
20
0.1683979921259842
11
0.5834661811023621
21
0.163636062992126
0
LINE
8
BLACK
6
CONTINUOUS
10
0.5834661811023621
20
0.163636062992126
11
0.5827085039370079
21
0.1630142519685039
0
LINE
8
BLACK
6
CONTINUOUS
10
0.5827085039370079
20
0.1630142519685039
11
0.5825425196850393
21
0.1629455118110236
0
LINE
8
BLACK
6
CONTINUOUS
10
0.5825425196850393
20
0.1629455118110236
11
0.5824067716535433
21
0.1628277559055118
0
LINE
8
BLACK
6
CONTINUOUS
10
0.5824067716535433
20
0.1628277559055118
11
0.5815117716535433
21
0.1624281496062992
0
LINE
8
BLACK
6
CONTINUOUS
10
0.5815117716535433
20
0.1624281496062992
11
0.5743688976377953
21
0.1600472047244094
0
LINE
8
BLACK
6
CONTINUOUS
10
0.5743688976377953
20
0.1600472047244094
11
0.5738851181102362
21
0.1599372047244094
0
LINE
8
BLACK
6
CONTINUOUS
10
0.5738851181102362
20
0.1599372047244094
11
0.5737631889763779
21
0.1598866929133858
0
LINE
8
BLACK
6
CONTINUOUS
10
0.5737631889763779
20
0.1598866929133858
11
0.5735864173228347
21
0.1598692913385827
0
LINE
8
BLACK
6
CONTINUOUS
10
0.5735864173228347
20
0.1598692913385827
11
0.5734131496062992
21
0.1598298818897638
0
LINE
8
BLACK
6
CONTINUOUS
10
0.5734131496062992
20
0.1598298818897638
11
0.5732813779527559
21
0.1598392519685039
0
LINE
8
BLACK
6
CONTINUOUS
10
0.5732813779527559
20
0.1598392519685039
11
0.5727877559055118
21
0.1597906299212598
0
LINE
8
BLACK
6
CONTINUOUS
10
0.5727877559055118
20
0.1597906299212598
11
0.5680258661417322
21
0.1597906299212598
0
LINE
8
BLACK
6
CONTINUOUS
10
0.5680258661417322
20
0.1597906299212598
11
0.5670504330708661
21
0.1598866929133858
0
LINE
8
BLACK
6
CONTINUOUS
10
0.5670504330708661
20
0.1598866929133858
11
0.565248031496063
21
0.1606332677165354
0
LINE
8
BLACK
6
CONTINUOUS
10
0.565248031496063
20
0.1606332677165354
11
0.5638685039370078
21
0.1620127952755905
0
LINE
8
BLACK
6
CONTINUOUS
10
0.5638685039370078
20
0.1620127952755905
11
0.5631219291338583
21
0.1638151968503937
0
LINE
8
BLACK
6
CONTINUOUS
10
0.5631219291338583
20
0.1638151968503937
11
0.5631219291338583
21
0.165766062992126
0
LINE
8
BLACK
6
CONTINUOUS
10
0.5631219291338583
20
0.165766062992126
11
0.5638685039370078
21
0.1675684645669291
0
LINE
8
BLACK
6
CONTINUOUS
10
0.5638685039370078
20
0.1675684645669291
11
0.565248031496063
21
0.1689479921259842
0
LINE
8
BLACK
6
CONTINUOUS
10
0.565248031496063
20
0.1689479921259842
11
0.5670504330708661
21
0.1696945669291338
0
LINE
8
BLACK
6
CONTINUOUS
10
0.5670504330708661
20
0.1696945669291338
11
0.5680258661417322
21
0.1697906299212598
0
LINE
8
BLACK
6
CONTINUOUS
10
0.5680258661417322
20
0.1697906299212598
11
0.5719763385826772
21
0.1697906299212598
0
LINE
8
BLACK
6
CONTINUOUS
10
0.5719763385826772
20
0.1697906299212598
11
0.5772297244094488
21
0.1715417716535433
0
LINE
8
BLACK
6
CONTINUOUS
10
0.5772297244094488
20
0.1715417716535433
11
0.5803223228346457
21
0.1746344094488189
0
LINE
8
BLACK
6
CONTINUOUS
10
0.5803223228346457
20
0.1746344094488189
11
0.5820735039370079
21
0.1798877952755905
0
LINE
8
BLACK
6
CONTINUOUS
10
0.5820735039370079
20
0.1798877952755905
11
0.5820735039370079
21
0.2147906299212598
0
LINE
8
BLACK
6
CONTINUOUS
10
0.5820735039370079
20
0.2147906299212598
11
0.5821695669291338
21
0.215766062992126
0
LINE
8
BLACK
6
CONTINUOUS
10
0.5821695669291338
20
0.215766062992126
11
0.5829161417322835
21
0.2175684645669291
0
LINE
8
BLACK
6
CONTINUOUS
10
0.5829161417322835
20
0.2175684645669291
11
0.5842956692913386
21
0.2189479921259843
0
LINE
8
BLACK
6
CONTINUOUS
10
0.5842956692913386
20
0.2189479921259843
11
0.5860980708661417
21
0.2196945669291339
0
LINE
8
BLACK
6
CONTINUOUS
10
0.5860980708661417
20
0.2196945669291339
11
0.588048937007874
21
0.2196945669291339
0
LINE
8
BLACK
6
CONTINUOUS
10
0.588048937007874
20
0.2196945669291339
11
0.5898513385826771
21
0.2189479921259843
0
LINE
8
BLACK
6
CONTINUOUS
10
0.6285251181102363
20
0.2196945669291339
11
0.6286911023622047
21
0.2196258267716535
0
LINE
8
BLACK
6
CONTINUOUS
10
0.6286911023622047
20
0.2196258267716535
11
0.6288703543307086
21
0.2196130708661417
0
LINE
8
BLACK
6
CONTINUOUS
10
0.6288703543307086
20
0.2196130708661417
11
0.629785748031496
21
0.2192627559055118
0
LINE
8
BLACK
6
CONTINUOUS
10
0.629785748031496
20
0.2192627559055118
11
0.6345476377952756
21
0.216881811023622
0
LINE
8
BLACK
6
CONTINUOUS
10
0.6345476377952756
20
0.216881811023622
11
0.6349674803149606
21
0.2166175196850394
0
LINE
8
BLACK
6
CONTINUOUS
10
0.6349674803149606
20
0.2166175196850394
11
0.6350894488188976
21
0.2165670078740158
0
LINE
8
BLACK
6
CONTINUOUS
10
0.6350894488188976
20
0.2165670078740158
11
0.6352266929133858
21
0.2164543700787402
0
LINE
8
BLACK
6
CONTINUOUS
10
0.6352266929133858
20
0.2164543700787402
11
0.635377125984252
21
0.2163596850393701
0
LINE
8
BLACK
6
CONTINUOUS
10
0.635377125984252
20
0.2163596850393701
11
0.635463622047244
21
0.2162599606299213
0
LINE
8
BLACK
6
CONTINUOUS
10
0.635463622047244
20
0.2162599606299213
11
0.635847125984252
21
0.2159452362204724
0
LINE
8
BLACK
6
CONTINUOUS
10
0.635847125984252
20
0.2159452362204724
11
0.6382280708661418
21
0.2135642913385827
0
LINE
8
BLACK
6
CONTINUOUS
10
0.6382280708661418
20
0.2135642913385827
11
0.6385427952755905
21
0.2131807874015748
0
LINE
8
BLACK
6
CONTINUOUS
10
0.6385427952755905
20
0.2131807874015748
11
0.6386424803149606
21
0.2130943307086614
0
LINE
8
BLACK
6
CONTINUOUS
10
0.6386424803149606
20
0.2130943307086614
11
0.6387370472440945
21
0.212944094488189
0
LINE
8
BLACK
6
CONTINUOUS
10
0.6387370472440945
20
0.212944094488189
11
0.6388498818897638
21
0.2128066141732284
0
LINE
8
BLACK
6
CONTINUOUS
10
0.6388498818897638
20
0.2128066141732284
11
0.6389004330708661
21
0.2126845669291338
0
LINE
8
BLACK
6
CONTINUOUS
10
0.6389004330708661
20
0.2126845669291338
11
0.6391646456692913
21
0.212264842519685
0
LINE
8
BLACK
6
CONTINUOUS
10
0.6391646456692913
20
0.212264842519685
11
0.6415456299212599
21
0.2075029527559055
0
LINE
8
BLACK
6
CONTINUOUS
10
0.6415456299212599
20
0.2075029527559055
11
0.6418959448818897
21
0.2065875196850394
0
LINE
8
BLACK
6
CONTINUOUS
10
0.6418959448818897
20
0.2065875196850394
11
0.6419086614173228
21
0.2064083070866142
0
LINE
8
BLACK
6
CONTINUOUS
10
0.6419086614173228
20
0.2064083070866142
11
0.6419774409448818
21
0.2062422834645669
0
LINE
8
BLACK
6
CONTINUOUS
10
0.6419774409448818
20
0.2062422834645669
11
0.6420735039370079
21
0.2052668503937008
0
LINE
8
BLACK
6
CONTINUOUS
10
0.6420735039370079
20
0.2052668503937008
11
0.6420735039370079
21
0.2005049212598425
0
LINE
8
BLACK
6
CONTINUOUS
10
0.6420735039370079
20
0.2005049212598425
11
0.6420248818897638
21
0.2000112598425197
0
LINE
8
BLACK
6
CONTINUOUS
10
0.6420248818897638
20
0.2000112598425197
11
0.6420342519685039
21
0.1998794881889764
0
LINE
8
BLACK
6
CONTINUOUS
10
0.6420342519685039
20
0.1998794881889764
11
0.6419948031496063
21
0.1997061811023622
0
LINE
8
BLACK
6
CONTINUOUS
10
0.6419948031496063
20
0.1997061811023622
11
0.6419774409448818
21
0.1995294881889764
0
LINE
8
BLACK
6
CONTINUOUS
10
0.6419774409448818
20
0.1995294881889764
11
0.6419269291338583
21
0.1994075984251968
0
LINE
8
BLACK
6
CONTINUOUS
10
0.6419269291338583
20
0.1994075984251968
11
0.6418169291338582
21
0.1989237401574803
0
LINE
8
BLACK
6
CONTINUOUS
10
0.6418169291338582
20
0.1989237401574803
11
0.6394359448818897
21
0.191780905511811
0
LINE
8
BLACK
6
CONTINUOUS
10
0.6394359448818897
20
0.191780905511811
11
0.6390363385826772
21
0.1908859448818898
0
LINE
8
BLACK
6
CONTINUOUS
10
0.6390363385826772
20
0.1908859448818898
11
0.6389185826771654
21
0.1907501968503937
0
LINE
8
BLACK
6
CONTINUOUS
10
0.6389185826771654
20
0.1907501968503937
11
0.638849842519685
21
0.1905842125984252
0
LINE
8
BLACK
6
CONTINUOUS
10
0.638849842519685
20
0.1905842125984252
11
0.638228031496063
21
0.1898265354330709
0
LINE
8
BLACK
6
CONTINUOUS
10
0.638228031496063
20
0.1898265354330709
11
0.6181921653543307
21
0.1697906299212598
0
LINE
8
BLACK
6
CONTINUOUS
10
0.6181921653543307
20
0.1697906299212598
11
0.6370735039370079
21
0.1697906299212598
0
LINE
8
BLACK
6
CONTINUOUS
10
0.6370735039370079
20
0.1697906299212598
11
0.638048937007874
21
0.1696945669291338
0
LINE
8
BLACK
6
CONTINUOUS
10
0.638048937007874
20
0.1696945669291338
11
0.6398513385826772
21
0.1689479921259842
0
LINE
8
BLACK
6
CONTINUOUS
10
0.6398513385826772
20
0.1689479921259842
11
0.6412308661417323
21
0.1675684645669291
0
LINE
8
BLACK
6
CONTINUOUS
10
0.6412308661417323
20
0.1675684645669291
11
0.6419774409448818
21
0.165766062992126
0
LINE
8
BLACK
6
CONTINUOUS
10
0.6419774409448818
20
0.165766062992126
11
0.6419774409448818
21
0.1638151968503937
0
LINE
8
BLACK
6
CONTINUOUS
10
0.6419774409448818
20
0.1638151968503937
11
0.6412308661417323
21
0.1620127952755905
0
LINE
8
BLACK
6
CONTINUOUS
10
0.6412308661417323
20
0.1620127952755905
11
0.6398513385826772
21
0.1606332677165354
0
LINE
8
BLACK
6
CONTINUOUS
10
0.6398513385826772
20
0.1606332677165354
11
0.638048937007874
21
0.1598866929133858
0
LINE
8
BLACK
6
CONTINUOUS
10
0.638048937007874
20
0.1598866929133858
11
0.6370735039370079
21
0.1597906299212598
0
LINE
8
BLACK
6
CONTINUOUS
10
0.6370735039370079
20
0.1597906299212598
11
0.6061211023622047
21
0.1597906299212598
0
LINE
8
BLACK
6
CONTINUOUS
10
0.6061211023622047
20
0.1597906299212598
11
0.6051456692913386
21
0.1598866929133858
0
LINE
8
BLACK
6
CONTINUOUS
10
0.6051456692913386
20
0.1598866929133858
11
0.6051456299212599
21
0.1598866929133858
0
LINE
8
BLACK
6
CONTINUOUS
10
0.6051456299212599
20
0.1598866929133858
11
0.6033432283464567
21
0.1606332677165354
0
LINE
8
BLACK
6
CONTINUOUS
10
0.6033432283464567
20
0.1606332677165354
11
0.6019637795275591
21
0.1620127559055118
0
LINE
8
BLACK
6
CONTINUOUS
10
0.6019637795275591
20
0.1620127559055118
11
0.6019637401574803
21
0.1620127952755905
0
LINE
8
BLACK
6
CONTINUOUS
10
0.6019637401574803
20
0.1620127952755905
11
0.6015264173228346
21
0.1630685826771653
0
LINE
8
BLACK
6
CONTINUOUS
10
0.6015264173228346
20
0.1630685826771653
11
0.6012171653543307
21
0.1638151574803149
0
LINE
8
BLACK
6
CONTINUOUS
10
0.6012171653543307
20
0.1638151574803149
11
0.6012171653543307
21
0.1657661023622047
0
LINE
8
BLACK
6
CONTINUOUS
10
0.6012171653543307
20
0.1657661023622047
11
0.6019637401574803
21
0.1675685039370079
0
LINE
8
BLACK
6
CONTINUOUS
10
0.6019637401574803
20
0.1675685039370079
11
0.6025855511811024
21
0.1683261417322835
0
LINE
8
BLACK
6
CONTINUOUS
10
0.6025855511811024
20
0.1683261417322835
11
0.6303223228346456
21
0.1960629921259842
0
LINE
8
BLACK
6
CONTINUOUS
10
0.6303223228346456
20
0.1960629921259842
11
0.6320735039370079
21
0.2013163779527559
0
LINE
8
BLACK
6
CONTINUOUS
10
0.6320735039370079
20
0.2013163779527559
11
0.6320735039370079
21
0.2040864960629921
0
LINE
8
BLACK
6
CONTINUOUS
10
0.6320735039370079
20
0.2040864960629921
11
0.6305832677165354
21
0.2070668897637795
0
LINE
8
BLACK
6
CONTINUOUS
10
0.6305832677165354
20
0.2070668897637795
11
0.6293496850393701
21
0.2083004724409449
0
LINE
8
BLACK
6
CONTINUOUS
10
0.6293496850393701
20
0.2083004724409449
11
0.6263693700787402
21
0.2097906299212598
0
LINE
8
BLACK
6
CONTINUOUS
10
0.6263693700787402
20
0.2097906299212598
11
0.6168252755905511
21
0.2097906299212598
0
LINE
8
BLACK
6
CONTINUOUS
10
0.6168252755905511
20
0.2097906299212598
11
0.6138448425196851
21
0.2083004724409449
0
LINE
8
BLACK
6
CONTINUOUS
10
0.6138448425196851
20
0.2083004724409449
11
0.6120375984251968
21
0.2064931889763779
0
LINE
8
BLACK
6
CONTINUOUS
10
0.6120375984251968
20
0.2064931889763779
11
0.6112799212598425
21
0.2058714173228346
0
LINE
8
BLACK
6
CONTINUOUS
10
0.6112799212598425
20
0.2058714173228346
11
0.6094775196850394
21
0.2051248031496063
0
LINE
8
BLACK
6
CONTINUOUS
10
0.6094775196850394
20
0.2051248031496063
11
0.6075265748031496
21
0.2051248031496063
0
LINE
8
BLACK
6
CONTINUOUS
10
0.6075265748031496
20
0.2051248031496063
11
0.6057241732283465
21
0.2058714173228346
0
LINE
8
BLACK
6
CONTINUOUS
10
0.6057241732283465
20
0.2058714173228346
11
0.6043447244094488
21
0.2072508661417323
0
LINE
8
BLACK
6
CONTINUOUS
10
0.6043447244094488
20
0.2072508661417323
11
0.6035981102362205
21
0.2090532677165354
0
LINE
8
BLACK
6
CONTINUOUS
10
0.6035981102362205
20
0.2090532677165354
11
0.6035981102362205
21
0.2110042125984252
0
LINE
8
BLACK
6
CONTINUOUS
10
0.6035981102362205
20
0.2110042125984252
11
0.6043447244094488
21
0.2128066141732284
0
LINE
8
BLACK
6
CONTINUOUS
10
0.6043447244094488
20
0.2128066141732284
11
0.6049664960629921
21
0.2135642913385827
0
LINE
8
BLACK
6
CONTINUOUS
10
0.6049664960629921
20
0.2135642913385827
11
0.6073474409448819
21
0.2159452362204724
0
LINE
8
BLACK
6
CONTINUOUS
10
0.6073474409448819
20
0.2159452362204724
11
0.6077309842519685
21
0.2162600393700787
0
LINE
8
BLACK
6
CONTINUOUS
10
0.6077309842519685
20
0.2162600393700787
11
0.6078174409448819
21
0.2163596850393701
0
LINE
8
BLACK
6
CONTINUOUS
10
0.6078174409448819
20
0.2163596850393701
11
0.6079676377952756
21
0.2164542519685039
0
LINE
8
BLACK
6
CONTINUOUS
10
0.6079676377952756
20
0.2164542519685039
11
0.6081051181102362
21
0.2165670472440945
0
LINE
8
BLACK
6
CONTINUOUS
10
0.6081051181102362
20
0.2165670472440945
11
0.6082272047244094
21
0.2166176377952756
0
LINE
8
BLACK
6
CONTINUOUS
10
0.6082272047244094
20
0.2166176377952756
11
0.6086469291338582
21
0.216881811023622
0
LINE
8
BLACK
6
CONTINUOUS
10
0.6086469291338582
20
0.216881811023622
11
0.6134088582677165
21
0.2192627559055118
0
LINE
8
BLACK
6
CONTINUOUS
10
0.6134088582677165
20
0.2192627559055118
11
0.6143242913385827
21
0.2196130708661417
0
LINE
8
BLACK
6
CONTINUOUS
10
0.6143242913385827
20
0.2196130708661417
11
0.6145034645669292
21
0.2196258267716535
0
LINE
8
BLACK
6
CONTINUOUS
10
0.6145034645669292
20
0.2196258267716535
11
0.6146694881889764
21
0.2196945669291339
0
LINE
8
BLACK
6
CONTINUOUS
10
0.6146694881889764
20
0.2196945669291339
11
0.6156449212598425
21
0.2197906299212598
0
LINE
8
BLACK
6
CONTINUOUS
10
0.6156449212598425
20
0.2197906299212598
11
0.62754968503937
21
0.2197906299212598
0
LINE
8
BLACK
6
CONTINUOUS
10
0.62754968503937
20
0.2197906299212598
11
0.6285251181102363
21
0.2196945669291339
0
LINE
8
BLACK
6
CONTINUOUS
10
0.8488275196850393
20
0.2623201968503937
11
0.8501059448818897
21
0.2610417716535433
0
LINE
8
BLACK
6
CONTINUOUS
10
0.8501059448818897
20
0.2610417716535433
11
0.8501059448818897
21
0.2592338188976378
0
LINE
8
BLACK
6
CONTINUOUS
10
0.8501059448818897
20
0.2592338188976378
11
0.8488275196850393
21
0.2579553937007874
0
LINE
8
BLACK
6
CONTINUOUS
10
0.8488275196850393
20
0.2579553937007874
11
0.8479235433070866
21
0.2577755905511811
0
LINE
8
BLACK
6
CONTINUOUS
10
0.8479235433070866
20
0.2577755905511811
11
0.829241811023622
21
0.2577755905511811
0
LINE
8
BLACK
6
CONTINUOUS
10
0.829241811023622
20
0.2577755905511811
11
0.8283378346456692
21
0.2579553937007874
0
LINE
8
BLACK
6
CONTINUOUS
10
0.8283378346456692
20
0.2579553937007874
11
0.8270594094488188
21
0.2592338188976378
0
LINE
8
BLACK
6
CONTINUOUS
10
0.8270594094488188
20
0.2592338188976378
11
0.8270594094488188
21
0.2610417716535433
0
LINE
8
BLACK
6
CONTINUOUS
10
0.8270594094488188
20
0.2610417716535433
11
0.8283378346456692
21
0.2623201968503937
0
LINE
8
BLACK
6
CONTINUOUS
10
0.8283378346456692
20
0.2623201968503937
11
0.829241811023622
21
0.2625
0
LINE
8
BLACK
6
CONTINUOUS
10
0.829241811023622
20
0.2625
11
0.8479235433070866
21
0.2625
0
LINE
8
BLACK
6
CONTINUOUS
10
0.8479235433070866
20
0.2625
11
0.8488275196850393
21
0.2623201968503937
0
LINE
8
BLACK
6
CONTINUOUS
10
0.5328740157480315
20
0.2661417322834645
11
0.5336273228346456
21
0.2659918897637795
0
LINE
8
BLACK
6
CONTINUOUS
10
0.5336273228346456
20
0.2659918897637795
11
0.5336983464566929
21
0.2659208661417323
0
LINE
8
BLACK
6
CONTINUOUS
10
0.5336983464566929
20
0.2659208661417323
11
0.5348425196850394
21
0.2656142913385827
0
LINE
8
BLACK
6
CONTINUOUS
10
0.5348425196850394
20
0.2656142913385827
11
0.5362835826771654
21
0.2641732283464567
0
LINE
8
BLACK
6
CONTINUOUS
10
0.5362835826771654
20
0.2641732283464567
11
0.5368110236220472
21
0.2622047244094488
0
LINE
8
BLACK
6
CONTINUOUS
10
0.5368110236220472
20
0.2622047244094488
11
0.5362835826771654
21
0.2602362204724409
0
LINE
8
BLACK
6
CONTINUOUS
10
0.5362835826771654
20
0.2602362204724409
11
0.5348425196850394
21
0.258795157480315
0
LINE
8
BLACK
6
CONTINUOUS
10
0.5348425196850394
20
0.258795157480315
11
0.5336983464566929
21
0.2584886220472441
0
LINE
8
BLACK
6
CONTINUOUS
10
0.5336983464566929
20
0.2584886220472441
11
0.5336273228346456
21
0.2584175590551181
0
LINE
8
BLACK
6
CONTINUOUS
10
0.5336273228346456
20
0.2584175590551181
11
0.5328740157480315
21
0.2582677165354331
0
LINE
8
BLACK
6
CONTINUOUS
10
0.5328740157480315
20
0.2582677165354331
11
0.5321207086614174
21
0.2584175590551181
0
LINE
8
BLACK
6
CONTINUOUS
10
0.5321207086614174
20
0.2584175590551181
11
0.5320496456692914
21
0.2584886220472441
0
LINE
8
BLACK
6
CONTINUOUS
10
0.5320496456692914
20
0.2584886220472441
11
0.5309055118110236
21
0.258795157480315
0
LINE
8
BLACK
6
CONTINUOUS
10
0.5309055118110236
20
0.258795157480315
11
0.5294644488188976
21
0.2602362204724409
0
LINE
8
BLACK
6
CONTINUOUS
10
0.5294644488188976
20
0.2602362204724409
11
0.5289370078740158
21
0.2622047244094488
0
LINE
8
BLACK
6
CONTINUOUS
10
0.5289370078740158
20
0.2622047244094488
11
0.5294644488188976
21
0.2641732283464567
0
LINE
8
BLACK
6
CONTINUOUS
10
0.5294644488188976
20
0.2641732283464567
11
0.5309055118110236
21
0.2656142913385827
0
LINE
8
BLACK
6
CONTINUOUS
10
0.5309055118110236
20
0.2656142913385827
11
0.5320496456692914
21
0.2659208661417323
0
LINE
8
BLACK
6
CONTINUOUS
10
0.5320496456692914
20
0.2659208661417323
11
0.5321207086614174
21
0.2659918897637795
0
LINE
8
BLACK
6
CONTINUOUS
10
0.5321207086614174
20
0.2659918897637795
11
0.5328740157480315
21
0.2661417322834645
0
LINE
8
BLACK
6
CONTINUOUS
10
0.9883283858267716
20
0.2647808267716535
11
0.989606811023622
21
0.2635024015748031
0
LINE
8
BLACK
6
CONTINUOUS
10
0.989606811023622
20
0.2635024015748031
11
0.989606811023622
21
0.2616944488188976
0
LINE
8
BLACK
6
CONTINUOUS
10
0.989606811023622
20
0.2616944488188976
11
0.9883283858267716
21
0.2604160236220472
0
LINE
8
BLACK
6
CONTINUOUS
10
0.9883283858267716
20
0.2604160236220472
11
0.9874244094488189
21
0.2602362204724409
0
LINE
8
BLACK
6
CONTINUOUS
10
0.9874244094488189
20
0.2602362204724409
11
0.9763551181102362
21
0.2602362204724409
0
LINE
8
BLACK
6
CONTINUOUS
10
0.9763551181102362
20
0.2602362204724409
11
0.9754511417322834
21
0.2604160236220472
0
LINE
8
BLACK
6
CONTINUOUS
10
0.9754511417322834
20
0.2604160236220472
11
0.974172716535433
21
0.2616944488188976
0
LINE
8
BLACK
6
CONTINUOUS
10
0.974172716535433
20
0.2616944488188976
11
0.974172716535433
21
0.2635024015748031
0
LINE
8
BLACK
6
CONTINUOUS
10
0.974172716535433
20
0.2635024015748031
11
0.9754511417322834
21
0.2647808267716535
0
LINE
8
BLACK
6
CONTINUOUS
10
0.9754511417322834
20
0.2647808267716535
11
0.9763551181102362
21
0.2649606299212598
0
LINE
8
BLACK
6
CONTINUOUS
10
0.9763551181102362
20
0.2649606299212598
11
0.9874244094488189
21
0.2649606299212598
0
LINE
8
BLACK
6
CONTINUOUS
10
0.9874244094488189
20
0.2649606299212598
11
0.9883283858267716
21
0.2647808267716535
0
LINE
8
BLACK
6
CONTINUOUS
10
0.8488275196850393
20
0.3034619291338583
11
0.8501059448818897
21
0.3021835039370079
0
LINE
8
BLACK
6
CONTINUOUS
10
0.8501059448818897
20
0.3021835039370079
11
0.8501059448818897
21
0.3003755511811024
0
LINE
8
BLACK
6
CONTINUOUS
10
0.8501059448818897
20
0.3003755511811024
11
0.8488275196850393
21
0.299097125984252
0
LINE
8
BLACK
6
CONTINUOUS
10
0.8488275196850393
20
0.299097125984252
11
0.8479235433070866
21
0.2989173228346457
0
LINE
8
BLACK
6
CONTINUOUS
10
0.8479235433070866
20
0.2989173228346457
11
0.829241811023622
21
0.2989173228346457
0
LINE
8
BLACK
6
CONTINUOUS
10
0.829241811023622
20
0.2989173228346457
11
0.8283378346456692
21
0.299097125984252
0
LINE
8
BLACK
6
CONTINUOUS
10
0.8283378346456692
20
0.299097125984252
11
0.8270594094488188
21
0.3003755511811024
0
LINE
8
BLACK
6
CONTINUOUS
10
0.8270594094488188
20
0.3003755511811024
11
0.8270594094488188
21
0.3021835039370079
0
LINE
8
BLACK
6
CONTINUOUS
10
0.8270594094488188
20
0.3021835039370079
11
0.8283378346456692
21
0.3034619291338583
0
LINE
8
BLACK
6
CONTINUOUS
10
0.8283378346456692
20
0.3034619291338583
11
0.829241811023622
21
0.3036417322834646
0
LINE
8
BLACK
6
CONTINUOUS
10
0.829241811023622
20
0.3036417322834646
11
0.8479235433070866
21
0.3036417322834646
0
LINE
8
BLACK
6
CONTINUOUS
10
0.8479235433070866
20
0.3036417322834646
11
0.8488275196850393
21
0.3034619291338583
0
LINE
8
BLACK
6
CONTINUOUS
10
0.9883283858267716
20
0.3049383070866142
11
0.989606811023622
21
0.3036598818897638
0
LINE
8
BLACK
6
CONTINUOUS
10
0.989606811023622
20
0.3036598818897638
11
0.989606811023622
21
0.3018519291338583
0
LINE
8
BLACK
6
CONTINUOUS
10
0.989606811023622
20
0.3018519291338583
11
0.9883283858267716
21
0.3005735039370079
0
LINE
8
BLACK
6
CONTINUOUS
10
0.9883283858267716
20
0.3005735039370079
11
0.9874244094488189
21
0.3003937007874016
0
LINE
8
BLACK
6
CONTINUOUS
10
0.9874244094488189
20
0.3003937007874016
11
0.9763551181102362
21
0.3003937007874016
0
LINE
8
BLACK
6
CONTINUOUS
10
0.9763551181102362
20
0.3003937007874016
11
0.9754511417322834
21
0.3005735039370079
0
LINE
8
BLACK
6
CONTINUOUS
10
0.9754511417322834
20
0.3005735039370079
11
0.974172716535433
21
0.3018519291338583
0
LINE
8
BLACK
6
CONTINUOUS
10
0.974172716535433
20
0.3018519291338583
11
0.974172716535433
21
0.3036598818897638
0
LINE
8
BLACK
6
CONTINUOUS
10
0.974172716535433
20
0.3036598818897638
11
0.9754511417322834
21
0.3049383070866142
0
LINE
8
BLACK
6
CONTINUOUS
10
0.9754511417322834
20
0.3049383070866142
11
0.9763551181102362
21
0.3051181102362205
0
LINE
8
BLACK
6
CONTINUOUS
10
0.9763551181102362
20
0.3051181102362205
11
0.9874244094488189
21
0.3051181102362205
0
LINE
8
BLACK
6
CONTINUOUS
10
0.9874244094488189
20
0.3051181102362205
11
0.9883283858267716
21
0.3049383070866142
0
LINE
8
BLACK
6
CONTINUOUS
10
0.86209468503937
20
0.3550685039370078
11
0.8623870866141732
21
0.3550685039370078
0
LINE
8
BLACK
6
CONTINUOUS
10
0.8623870866141732
20
0.3550685039370078
11
0.8626543307086614
21
0.3549577952755906
0
LINE
8
BLACK
6
CONTINUOUS
10
0.8626543307086614
20
0.3549577952755906
11
0.8629381496062992
21
0.3549016535433071
0
LINE
8
BLACK
6
CONTINUOUS
10
0.8629381496062992
20
0.3549016535433071
11
0.8631814173228346
21
0.3547394881889764
0
LINE
8
BLACK
6
CONTINUOUS
10
0.8631814173228346
20
0.3547394881889764
11
0.8634514960629921
21
0.3546275984251969
0
LINE
8
BLACK
6
CONTINUOUS
10
0.8634514960629921
20
0.3546275984251969
11
0.8636559448818898
21
0.3544231496062992
0
LINE
8
BLACK
6
CONTINUOUS
10
0.8636559448818898
20
0.3544231496062992
11
0.8638967716535433
21
0.3542625984251969
0
LINE
8
BLACK
6
CONTINUOUS
10
0.8638967716535433
20
0.3542625984251969
11
0.8640594881889764
21
0.3540196062992126
0
LINE
8
BLACK
6
CONTINUOUS
10
0.8640594881889764
20
0.3540196062992126
11
0.8642661417322834
21
0.3538129527559055
0
LINE
8
BLACK
6
CONTINUOUS
10
0.8642661417322834
20
0.3538129527559055
11
0.8643768110236221
21
0.3535457480314961
0
LINE
8
BLACK
6
CONTINUOUS
10
0.8643768110236221
20
0.3535457480314961
11
0.8645378346456692
21
0.3533053149606299
0
LINE
8
BLACK
6
CONTINUOUS
10
0.8645378346456692
20
0.3533053149606299
11
0.8645951574803149
21
0.3530186614173229
0
LINE
8
BLACK
6
CONTINUOUS
10
0.8645951574803149
20
0.3530186614173229
11
0.8647070472440944
21
0.3527485433070866
0
LINE
8
BLACK
6
CONTINUOUS
10
0.8647070472440944
20
0.3527485433070866
11
0.8647631496062992
21
0.3521786220472441
0
LINE
8
BLACK
6
CONTINUOUS
10
0.8647631496062992
20
0.3521786220472441
11
0.864763779527559
21
0.3521755905511811
0
LINE
8
BLACK
6
CONTINUOUS
10
0.864763779527559
20
0.3521755905511811
11
0.8647635433070866
21
0.3521745669291338
0
LINE
8
BLACK
6
CONTINUOUS
10
0.8647635433070866
20
0.3521745669291338
11
0.864763779527559
21
0.3521724803149606
0
LINE
8
BLACK
6
CONTINUOUS
10
0.864763779527559
20
0.3521724803149606
11
0.864763779527559
21
0.315755157480315
0
LINE
8
BLACK
6
CONTINUOUS
10
0.864763779527559
20
0.315755157480315
11
0.8730596062992125
21
0.315755157480315
0
LINE
8
BLACK
6
CONTINUOUS
10
0.8730596062992125
20
0.315755157480315
11
0.8736356692913385
21
0.3156984251968504
0
LINE
8
BLACK
6
CONTINUOUS
10
0.8736356692913385
20
0.3156984251968504
11
0.8747000787401574
21
0.3152575196850393
0
LINE
8
BLACK
6
CONTINUOUS
10
0.8747000787401574
20
0.3152575196850393
11
0.8755147244094488
21
0.314442874015748
0
LINE
8
BLACK
6
CONTINUOUS
10
0.8755147244094488
20
0.314442874015748
11
0.8759556299212599
21
0.3133784645669291
0
LINE
8
BLACK
6
CONTINUOUS
10
0.8759556299212599
20
0.3133784645669291
11
0.8759556299212599
21
0.3122263385826772
0
LINE
8
BLACK
6
CONTINUOUS
10
0.8759556299212599
20
0.3122263385826772
11
0.8755147244094488
21
0.3111619291338583
0
LINE
8
BLACK
6
CONTINUOUS
10
0.8755147244094488
20
0.3111619291338583
11
0.8747000787401574
21
0.3103472834645669
0
LINE
8
BLACK
6
CONTINUOUS
10
0.8747000787401574
20
0.3103472834645669
11
0.8736356692913385
21
0.3099063779527559
0
LINE
8
BLACK
6
CONTINUOUS
10
0.8736356692913385
20
0.3099063779527559
11
0.8730596062992125
21
0.3098496456692914
0
LINE
8
BLACK
6
CONTINUOUS
10
0.8730596062992125
20
0.3098496456692914
11
0.8505624409448819
21
0.3098496456692914
0
LINE
8
BLACK
6
CONTINUOUS
10
0.8505624409448819
20
0.3098496456692914
11
0.8499863779527559
21
0.3099063779527559
0
LINE
8
BLACK
6
CONTINUOUS
10
0.8499863779527559
20
0.3099063779527559
11
0.848921968503937
21
0.3103472834645669
0
LINE
8
BLACK
6
CONTINUOUS
10
0.848921968503937
20
0.3103472834645669
11
0.8481073228346456
21
0.3111619291338583
0
LINE
8
BLACK
6
CONTINUOUS
10
0.8481073228346456
20
0.3111619291338583
11
0.8476664173228347
21
0.3122263385826772
0
LINE
8
BLACK
6
CONTINUOUS
10
0.8476664173228347
20
0.3122263385826772
11
0.8476664173228347
21
0.3133784645669291
0
LINE
8
BLACK
6
CONTINUOUS
10
0.8476664173228347
20
0.3133784645669291
11
0.8481073228346456
21
0.314442874015748
0
LINE
8
BLACK
6
CONTINUOUS
10
0.8481073228346456
20
0.314442874015748
11
0.848921968503937
21
0.3152575196850393
0
LINE
8
BLACK
6
CONTINUOUS
10
0.848921968503937
20
0.3152575196850393
11
0.8499863779527559
21
0.3156984251968504
0
LINE
8
BLACK
6
CONTINUOUS
10
0.8499863779527559
20
0.3156984251968504
11
0.8505624409448819
21
0.315755157480315
0
LINE
8
BLACK
6
CONTINUOUS
10
0.8505624409448819
20
0.315755157480315
11
0.8588582677165354
21
0.315755157480315
0
LINE
8
BLACK
6
CONTINUOUS
10
0.8588582677165354
20
0.315755157480315
11
0.8588582677165354
21
0.3431691338582677
0
LINE
8
BLACK
6
CONTINUOUS
10
0.8588582677165354
20
0.3431691338582677
11
0.8563998818897638
21
0.340710748031496
0
LINE
8
BLACK
6
CONTINUOUS
10
0.8563998818897638
20
0.340710748031496
11
0.8561735039370079
21
0.340525
0
LINE
8
BLACK
6
CONTINUOUS
10
0.8561735039370079
20
0.340525
11
0.8561223622047244
21
0.3404659842519685
0
LINE
8
BLACK
6
CONTINUOUS
10
0.8561223622047244
20
0.3404659842519685
11
0.8560333858267717
21
0.3404100393700787
0
LINE
8
BLACK
6
CONTINUOUS
10
0.8560333858267717
20
0.3404100393700787
11
0.8559524409448819
21
0.3403435433070866
0
LINE
8
BLACK
6
CONTINUOUS
10
0.8559524409448819
20
0.3403435433070866
11
0.8558804724409449
21
0.3403137401574803
0
LINE
8
BLACK
6
CONTINUOUS
10
0.8558804724409449
20
0.3403137401574803
11
0.8556324803149606
21
0.3401576377952756
0
LINE
8
BLACK
6
CONTINUOUS
10
0.8556324803149606
20
0.3401576377952756
11
0.8518829527559055
21
0.338282874015748
0
LINE
8
BLACK
6
CONTINUOUS
10
0.8518829527559055
20
0.338282874015748
11
0.8513423228346456
21
0.3380759842519685
0
LINE
8
BLACK
6
CONTINUOUS
10
0.8513423228346456
20
0.3380759842519685
11
0.8501931102362205
21
0.3379943307086614
0
LINE
8
BLACK
6
CONTINUOUS
10
0.8501931102362205
20
0.3379943307086614
11
0.849100157480315
21
0.3383586614173228
0
LINE
8
BLACK
6
CONTINUOUS
10
0.849100157480315
20
0.3383586614173228
11
0.8482297637795275
21
0.3391135039370078
0
LINE
8
BLACK
6
CONTINUOUS
10
0.8482297637795275
20
0.3391135039370078
11
0.8477145275590551
21
0.3401440157480315
0
LINE
8
BLACK
6
CONTINUOUS
10
0.8477145275590551
20
0.3401440157480315
11
0.8476328740157481
21
0.3412932283464567
0
LINE
8
BLACK
6
CONTINUOUS
10
0.8476328740157481
20
0.3412932283464567
11
0.8479972047244094
21
0.3423861811023622
0
LINE
8
BLACK
6
CONTINUOUS
10
0.8479972047244094
20
0.3423861811023622
11
0.8487520472440945
21
0.3432565748031496
0
LINE
8
BLACK
6
CONTINUOUS
10
0.8487520472440945
20
0.3432565748031496
11
0.8492419291338582
21
0.3435649212598425
0
LINE
8
BLACK
6
CONTINUOUS
10
0.8492419291338582
20
0.3435649212598425
11
0.852562874015748
21
0.3452253937007874
0
LINE
8
BLACK
6
CONTINUOUS
10
0.852562874015748
20
0.3452253937007874
11
0.8557667716535433
21
0.3484292913385827
0
LINE
8
BLACK
6
CONTINUOUS
10
0.8557667716535433
20
0.3484292913385827
11
0.8593541732283464
21
0.3538103937007874
0
LINE
8
BLACK
6
CONTINUOUS
10
0.8593541732283464
20
0.3538103937007874
11
0.8593555118110237
21
0.3538120866141732
0
LINE
8
BLACK
6
CONTINUOUS
10
0.8593555118110237
20
0.3538120866141732
11
0.859355905511811
21
0.3538129527559055
0
LINE
8
BLACK
6
CONTINUOUS
10
0.859355905511811
20
0.3538129527559055
11
0.8593579133858268
21
0.353815
0
LINE
8
BLACK
6
CONTINUOUS
10
0.8593579133858268
20
0.353815
11
0.8597209448818898
21
0.3542582283464567
0
LINE
8
BLACK
6
CONTINUOUS
10
0.8597209448818898
20
0.3542582283464567
11
0.8599638188976377
21
0.354420905511811
0
LINE
8
BLACK
6
CONTINUOUS
10
0.8599638188976377
20
0.354420905511811
11
0.8601705511811023
21
0.3546275984251969
0
LINE
8
BLACK
6
CONTINUOUS
10
0.8601705511811023
20
0.3546275984251969
11
0.8604378346456693
21
0.3547383464566929
0
LINE
8
BLACK
6
CONTINUOUS
10
0.8604378346456693
20
0.3547383464566929
11
0.8606782283464567
21
0.3548992913385827
0
LINE
8
BLACK
6
CONTINUOUS
10
0.8606782283464567
20
0.3548992913385827
11
0.860964842519685
21
0.3549566535433071
0
LINE
8
BLACK
6
CONTINUOUS
10
0.860964842519685
20
0.3549566535433071
11
0.8612349606299212
21
0.3550685039370078
0
LINE
8
BLACK
6
CONTINUOUS
10
0.8612349606299212
20
0.3550685039370078
11
0.8615242519685039
21
0.3550685039370078
0
LINE
8
BLACK
6
CONTINUOUS
10
0.8615242519685039
20
0.3550685039370078
11
0.8618079133858267
21
0.3551252362204724
0
LINE
8
BLACK
6
CONTINUOUS
10
0.8618079133858267
20
0.3551252362204724
11
0.86209468503937
21
0.3550685039370078
0
LINE
8
BLACK
6
CONTINUOUS
10
0.8286412992125984
20
0.3550685039370078
11
0.8287392913385827
21
0.3550279133858268
0
LINE
8
BLACK
6
CONTINUOUS
10
0.8287392913385827
20
0.3550279133858268
11
0.8288451181102362
21
0.3550203937007874
0
LINE
8
BLACK
6
CONTINUOUS
10
0.8288451181102362
20
0.3550203937007874
11
0.829385748031496
21
0.3548135039370079
0
LINE
8
BLACK
6
CONTINUOUS
10
0.829385748031496
20
0.3548135039370079
11
0.8331352755905511
21
0.3529387401574803
0
LINE
8
BLACK
6
CONTINUOUS
10
0.8331352755905511
20
0.3529387401574803
11
0.8333832677165354
21
0.3527826771653543
0
LINE
8
BLACK
6
CONTINUOUS
10
0.8333832677165354
20
0.3527826771653543
11
0.8334552362204725
21
0.3527528346456693
0
LINE
8
BLACK
6
CONTINUOUS
10
0.8334552362204725
20
0.3527528346456693
11
0.8335361811023622
21
0.3526863779527559
0
LINE
8
BLACK
6
CONTINUOUS
10
0.8335361811023622
20
0.3526863779527559
11
0.833625157480315
21
0.3526303937007874
0
LINE
8
BLACK
6
CONTINUOUS
10
0.833625157480315
20
0.3526303937007874
11
0.8336762992125984
21
0.3525714173228346
0
LINE
8
BLACK
6
CONTINUOUS
10
0.8336762992125984
20
0.3525714173228346
11
0.8339026771653543
21
0.3523856299212598
0
LINE
8
BLACK
6
CONTINUOUS
10
0.8339026771653543
20
0.3523856299212598
11
0.8357774409448818
21
0.3505108661417323
0
LINE
8
BLACK
6
CONTINUOUS
10
0.8357774409448818
20
0.3505108661417323
11
0.8359631889763779
21
0.3502845275590551
0
LINE
8
BLACK
6
CONTINUOUS
10
0.8359631889763779
20
0.3502845275590551
11
0.8360222047244095
21
0.3502333464566929
0
LINE
8
BLACK
6
CONTINUOUS
10
0.8360222047244095
20
0.3502333464566929
11
0.8360781496062992
21
0.3501444094488189
0
LINE
8
BLACK
6
CONTINUOUS
10
0.8360781496062992
20
0.3501444094488189
11
0.8361446456692914
21
0.3500634251968504
0
LINE
8
BLACK
6
CONTINUOUS
10
0.8361446456692914
20
0.3500634251968504
11
0.8361744488188976
21
0.3499914960629921
0
LINE
8
BLACK
6
CONTINUOUS
10
0.8361744488188976
20
0.3499914960629921
11
0.8363305511811023
21
0.3497434645669291
0
LINE
8
BLACK
6
CONTINUOUS
10
0.8363305511811023
20
0.3497434645669291
11
0.8382053149606299
21
0.345993937007874
0
LINE
8
BLACK
6
CONTINUOUS
10
0.8382053149606299
20
0.345993937007874
11
0.8384122047244095
21
0.3454533464566929
0
LINE
8
BLACK
6
CONTINUOUS
10
0.8384122047244095
20
0.3454533464566929
11
0.8384197244094488
21
0.3453474803149606
0
LINE
8
BLACK
6
CONTINUOUS
10
0.8384197244094488
20
0.3453474803149606
11
0.8384603149606299
21
0.3452494881889764
0
LINE
8
BLACK
6
CONTINUOUS
10
0.8384603149606299
20
0.3452494881889764
11
0.8385170472440945
21
0.3446734251968504
0
LINE
8
BLACK
6
CONTINUOUS
10
0.8385170472440945
20
0.3446734251968504
11
0.8385170472440945
21
0.3390491338582677
0
LINE
8
BLACK
6
CONTINUOUS
10
0.8385170472440945
20
0.3390491338582677
11
0.8384603149606299
21
0.3384730708661417
0
LINE
8
BLACK
6
CONTINUOUS
10
0.8384603149606299
20
0.3384730708661417
11
0.8384197244094488
21
0.3383751181102362
0
LINE
8
BLACK
6
CONTINUOUS
10
0.8384197244094488
20
0.3383751181102362
11
0.8384122047244095
21
0.3382692125984252
0
LINE
8
BLACK
6
CONTINUOUS
10
0.8384122047244095
20
0.3382692125984252
11
0.8382053149606299
21
0.3377286220472441
0
LINE
8
BLACK
6
CONTINUOUS
10
0.8382053149606299
20
0.3377286220472441
11
0.8363305511811023
21
0.333979094488189
0
LINE
8
BLACK
6
CONTINUOUS
10
0.8363305511811023
20
0.333979094488189
11
0.8361744488188976
21
0.3337311023622047
0
LINE
8
BLACK
6
CONTINUOUS
10
0.8361744488188976
20
0.3337311023622047
11
0.8361446456692914
21
0.3336591338582677
0
LINE
8
BLACK
6
CONTINUOUS
10
0.8361446456692914
20
0.3336591338582677
11
0.8360781496062992
21
0.3335781889763779
0
LINE
8
BLACK
6
CONTINUOUS
10
0.8360781496062992
20
0.3335781889763779
11
0.8360222047244095
21
0.3334892125984252
0
LINE
8
BLACK
6
CONTINUOUS
10
0.8360222047244095
20
0.3334892125984252
11
0.8359631889763779
21
0.3334380708661417
0
LINE
8
BLACK
6
CONTINUOUS
10
0.8359631889763779
20
0.3334380708661417
11
0.8357774409448818
21
0.3332116929133858
0
LINE
8
BLACK
6
CONTINUOUS
10
0.8357774409448818
20
0.3332116929133858
11
0.8339026771653543
21
0.3313369291338583
0
LINE
8
BLACK
6
CONTINUOUS
10
0.8339026771653543
20
0.3313369291338583
11
0.8336762992125984
21
0.3311511811023622
0
LINE
8
BLACK
6
CONTINUOUS
10
0.8336762992125984
20
0.3311511811023622
11
0.833625157480315
21
0.3310921653543307
0
LINE
8
BLACK
6
CONTINUOUS
10
0.833625157480315
20
0.3310921653543307
11
0.8335361811023622
21
0.3310362204724409
0
LINE
8
BLACK
6
CONTINUOUS
10
0.8335361811023622
20
0.3310362204724409
11
0.8334552362204725
21
0.3309697244094488
0
LINE
8
BLACK
6
CONTINUOUS
10
0.8334552362204725
20
0.3309697244094488
11
0.8333832677165354
21
0.3309399212598425
0
LINE
8
BLACK
6
CONTINUOUS
10
0.8333832677165354
20
0.3309399212598425
11
0.8331352755905511
21
0.3307838188976378
0
LINE
8
BLACK
6
CONTINUOUS
10
0.8331352755905511
20
0.3307838188976378
11
0.829385748031496
21
0.3289090551181102
0
LINE
8
BLACK
6
CONTINUOUS
10
0.829385748031496
20
0.3289090551181102
11
0.8288451181102362
21
0.3287021653543307
0
LINE
8
BLACK
6
CONTINUOUS
10
0.8288451181102362
20
0.3287021653543307
11
0.8287392913385827
21
0.32869468503937
0
LINE
8
BLACK
6
CONTINUOUS
10
0.8287392913385827
20
0.32869468503937
11
0.8286412992125984
21
0.3286540551181102
0
LINE
8
BLACK
6
CONTINUOUS
10
0.8286412992125984
20
0.3286540551181102
11
0.8281091338582677
21
0.3286016535433071
0
LINE
8
BLACK
6
CONTINUOUS
10
0.8281091338582677
20
0.3286016535433071
11
0.8379833070866142
21
0.3144956692913386
0
LINE
8
BLACK
6
CONTINUOUS
10
0.8379833070866142
20
0.3144956692913386
11
0.8382671653543307
21
0.3139912204724409
0
LINE
8
BLACK
6
CONTINUOUS
10
0.8382671653543307
20
0.3139912204724409
11
0.8385163385826772
21
0.3128663779527559
0
LINE
8
BLACK
6
CONTINUOUS
10
0.8385163385826772
20
0.3128663779527559
11
0.8383161417322834
21
0.311731811023622
0
LINE
8
BLACK
6
CONTINUOUS
10
0.8383161417322834
20
0.311731811023622
11
0.8376969685039369
21
0.3107602362204724
0
LINE
8
BLACK
6
CONTINUOUS
10
0.8376969685039369
20
0.3107602362204724
11
0.8367531102362205
21
0.3100995275590551
0
LINE
8
BLACK
6
CONTINUOUS
10
0.8367531102362205
20
0.3100995275590551
11
0.8356282677165354
21
0.3098503149606299
0
LINE
8
BLACK
6
CONTINUOUS
10
0.8356282677165354
20
0.3098503149606299
11
0.8344937401574803
21
0.3100505511811024
0
LINE
8
BLACK
6
CONTINUOUS
10
0.8344937401574803
20
0.3100505511811024
11
0.8335221259842519
21
0.3106697244094488
0
LINE
8
BLACK
6
CONTINUOUS
10
0.8335221259842519
20
0.3106697244094488
11
0.8331453149606299
21
0.311109094488189
0
LINE
8
BLACK
6
CONTINUOUS
10
0.8331453149606299
20
0.311109094488189
11
0.8209035826771653
21
0.3285973228346457
0
LINE
8
BLACK
6
CONTINUOUS
10
0.8209035826771653
20
0.3285973228346457
11
0.8160198818897637
21
0.3285973228346457
0
LINE
8
BLACK
6
CONTINUOUS
10
0.8160198818897637
20
0.3285973228346457
11
0.8160198818897637
21
0.3128024015748032
0
LINE
8
BLACK
6
CONTINUOUS
10
0.8160198818897637
20
0.3128024015748032
11
0.8159631496062992
21
0.3122263385826772
0
LINE
8
BLACK
6
CONTINUOUS
10
0.8159631496062992
20
0.3122263385826772
11
0.8155222440944881
21
0.3111619291338583
0
LINE
8
BLACK
6
CONTINUOUS
10
0.8155222440944881
20
0.3111619291338583
11
0.8147075984251968
21
0.3103472834645669
0
LINE
8
BLACK
6
CONTINUOUS
10
0.8147075984251968
20
0.3103472834645669
11
0.8136431889763779
21
0.3099063779527559
0
LINE
8
BLACK
6
CONTINUOUS
10
0.8136431889763779
20
0.3099063779527559
11
0.8124910629921259
21
0.3099063779527559
0
LINE
8
BLACK
6
CONTINUOUS
10
0.8124910629921259
20
0.3099063779527559
11
0.8114266535433071
21
0.3103472834645669
0
LINE
8
BLACK
6
CONTINUOUS
10
0.8114266535433071
20
0.3103472834645669
11
0.8106120078740158
21
0.3111619291338583
0
LINE
8
BLACK
6
CONTINUOUS
10
0.8106120078740158
20
0.3111619291338583
11
0.8101711023622047
21
0.3122263385826772
0
LINE
8
BLACK
6
CONTINUOUS
10
0.8101711023622047
20
0.3122263385826772
11
0.8101143700787401
21
0.3128024015748032
0
LINE
8
BLACK
6
CONTINUOUS
10
0.8101143700787401
20
0.3128024015748032
11
0.8101143700787401
21
0.3521724803149606
0
LINE
8
BLACK
6
CONTINUOUS
10
0.8101143700787401
20
0.3521724803149606
11
0.8101711023622047
21
0.3527485433070866
0
LINE
8
BLACK
6
CONTINUOUS
10
0.8101711023622047
20
0.3527485433070866
11
0.8106120078740158
21
0.3538129527559055
0
LINE
8
BLACK
6
CONTINUOUS
10
0.8106120078740158
20
0.3538129527559055
11
0.8114266535433071
21
0.3546275984251969
0
LINE
8
BLACK
6
CONTINUOUS
10
0.8114266535433071
20
0.3546275984251969
11
0.8124910629921259
21
0.3550685039370078
0
LINE
8
BLACK
6
CONTINUOUS
10
0.8124910629921259
20
0.3550685039370078
11
0.8130671259842519
21
0.3551252362204724
0
LINE
8
BLACK
6
CONTINUOUS
10
0.8130671259842519
20
0.3551252362204724
11
0.8280652362204725
21
0.3551252362204724
0
LINE
8
BLACK
6
CONTINUOUS
10
0.8280652362204725
20
0.3551252362204724
11
0.8286412992125984
21
0.3550685039370078
0
LINE
8
BLACK
6
CONTINUOUS
10
0.8160198818897637
20
0.3345028346456693
11
0.827368188976378
21
0.3345028346456693
0
LINE
8
BLACK
6
CONTINUOUS
10
0.827368188976378
20
0.3345028346456693
11
0.8300656692913385
21
0.3358515748031496
0
LINE
8
BLACK
6
CONTINUOUS
10
0.8300656692913385
20
0.3358515748031496
11
0.8312627952755905
21
0.3370487007874016
0
LINE
8
BLACK
6
CONTINUOUS
10
0.8312627952755905
20
0.3370487007874016
11
0.8326115354330709
21
0.3397461811023622
0
LINE
8
BLACK
6
CONTINUOUS
10
0.8326115354330709
20
0.3397461811023622
11
0.8326115354330709
21
0.3439763779527559
0
LINE
8
BLACK
6
CONTINUOUS
10
0.8326115354330709
20
0.3439763779527559
11
0.8312627952755905
21
0.3466738582677165
0
LINE
8
BLACK
6
CONTINUOUS
10
0.8312627952755905
20
0.3466738582677165
11
0.8300656692913385
21
0.3478709842519685
0
LINE
8
BLACK
6
CONTINUOUS
10
0.8300656692913385
20
0.3478709842519685
11
0.827368188976378
21
0.3492197244094488
0
LINE
8
BLACK
6
CONTINUOUS
10
0.827368188976378
20
0.3492197244094488
11
0.8160198818897637
21
0.3492197244094488
0
LINE
8
BLACK
6
CONTINUOUS
10
0.8160198818897637
20
0.3492197244094488
11
0.8160198818897637
21
0.3345028346456693
0
LINE
8
BLACK
6
CONTINUOUS
10
0.9681205511811023
20
0.3633642519685039
11
0.9681983070866141
21
0.3633697637795276
0
LINE
8
BLACK
6
CONTINUOUS
10
0.9681983070866141
20
0.3633697637795276
11
0.9683005511811024
21
0.3633465354330709
0
LINE
8
BLACK
6
CONTINUOUS
10
0.9683005511811024
20
0.3633465354330709
11
0.9684050787401575
21
0.363336220472441
0
LINE
8
BLACK
6
CONTINUOUS
10
0.9684050787401575
20
0.363336220472441
11
0.9684771653543307
21
0.3633063779527559
0
LINE
8
BLACK
6
CONTINUOUS
10
0.9684771653543307
20
0.3633063779527559
11
0.9687627559055118
21
0.3632414173228347
0
LINE
8
BLACK
6
CONTINUOUS
10
0.9687627559055118
20
0.3632414173228347
11
0.9743870472440944
21
0.3613666535433071
0
LINE
8
BLACK
6
CONTINUOUS
10
0.9743870472440944
20
0.3613666535433071
11
0.974915590551181
21
0.3611306692913386
0
LINE
8
BLACK
6
CONTINUOUS
10
0.974915590551181
20
0.3611306692913386
11
0.9749957086614173
21
0.3610611811023622
0
LINE
8
BLACK
6
CONTINUOUS
10
0.9749957086614173
20
0.3610611811023622
11
0.975093779527559
21
0.3610205511811024
0
LINE
8
BLACK
6
CONTINUOUS
10
0.975093779527559
20
0.3610205511811024
11
0.975541220472441
21
0.3606533464566929
0
LINE
8
BLACK
6
CONTINUOUS
10
0.975541220472441
20
0.3606533464566929
11
0.9774159842519685
21
0.3587785826771653
0
LINE
8
BLACK
6
CONTINUOUS
10
0.9774159842519685
20
0.3587785826771653
11
0.9777831889763779
21
0.3583311417322835
0
LINE
8
BLACK
6
CONTINUOUS
10
0.9777831889763779
20
0.3583311417322835
11
0.9782240944881889
21
0.3572667322834646
0
LINE
8
BLACK
6
CONTINUOUS
10
0.9782240944881889
20
0.3572667322834646
11
0.9782240944881889
21
0.3561146456692914
0
LINE
8
BLACK
6
CONTINUOUS
10
0.9782240944881889
20
0.3561146456692914
11
0.9777831889763779
21
0.3550502362204724
0
LINE
8
BLACK
6
CONTINUOUS
10
0.9777831889763779
20
0.3550502362204724
11
0.9769685039370078
21
0.3542355511811023
0
LINE
8
BLACK
6
CONTINUOUS
10
0.9769685039370078
20
0.3542355511811023
11
0.9759040944881889
21
0.3537946456692913
0
LINE
8
BLACK
6
CONTINUOUS
10
0.9759040944881889
20
0.3537946456692913
11
0.9747520078740157
21
0.3537946456692913
0
LINE
8
BLACK
6
CONTINUOUS
10
0.9747520078740157
20
0.3537946456692913
11
0.9736875984251968
21
0.3542355511811023
0
LINE
8
BLACK
6
CONTINUOUS
10
0.9736875984251968
20
0.3542355511811023
11
0.9732401574803149
21
0.3546027559055118
0
LINE
8
BLACK
6
CONTINUOUS
10
0.9732401574803149
20
0.3546027559055118
11
0.9718582677165354
21
0.3559846456692913
0
LINE
8
BLACK
6
CONTINUOUS
10
0.9718582677165354
20
0.3559846456692913
11
0.9673498818897638
21
0.3574874409448819
0
LINE
8
BLACK
6
CONTINUOUS
10
0.9673498818897638
20
0.3574874409448819
11
0.9645586220472441
21
0.3574874409448819
0
LINE
8
BLACK
6
CONTINUOUS
10
0.9645586220472441
20
0.3574874409448819
11
0.9600502362204724
21
0.3559846456692913
0
LINE
8
BLACK
6
CONTINUOUS
10
0.9600502362204724
20
0.3559846456692913
11
0.9571324015748032
21
0.353066811023622
0
LINE
8
BLACK
6
CONTINUOUS
10
0.9571324015748032
20
0.353066811023622
11
0.9556168897637795
21
0.3500358267716535
0
LINE
8
BLACK
6
CONTINUOUS
10
0.9556168897637795
20
0.3500358267716535
11
0.9539088976377953
21
0.343203779527559
0
LINE
8
BLACK
6
CONTINUOUS
10
0.9539088976377953
20
0.343203779527559
11
0.9539088976377953
21
0.3383065748031496
0
LINE
8
BLACK
6
CONTINUOUS
10
0.9539088976377953
20
0.3383065748031496
11
0.9556168897637795
21
0.3314745275590551
0
LINE
8
BLACK
6
CONTINUOUS
10
0.9556168897637795
20
0.3314745275590551
11
0.9571324015748032
21
0.3284435433070866
0
LINE
8
BLACK
6
CONTINUOUS
10
0.9571324015748032
20
0.3284435433070866
11
0.9600502362204724
21
0.3255256692913386
0
LINE
8
BLACK
6
CONTINUOUS
10
0.9600502362204724
20
0.3255256692913386
11
0.9645586220472441
21
0.324022874015748
0
LINE
8
BLACK
6
CONTINUOUS
10
0.9645586220472441
20
0.324022874015748
11
0.9673498818897638
21
0.324022874015748
0
LINE
8
BLACK
6
CONTINUOUS
10
0.9673498818897638
20
0.324022874015748
11
0.9718582677165354
21
0.3255257086614173
0
LINE
8
BLACK
6
CONTINUOUS
10
0.9718582677165354
20
0.3255257086614173
11
0.9732401181102363
21
0.3269075590551181
0
LINE
8
BLACK
6
CONTINUOUS
10
0.9732401181102363
20
0.3269075590551181
11
0.9736875984251968
21
0.3272748031496063
0
LINE
8
BLACK
6
CONTINUOUS
10
0.9736875984251968
20
0.3272748031496063
11
0.9747520078740157
21
0.3277157086614173
0
LINE
8
BLACK
6
CONTINUOUS
10
0.9747520078740157
20
0.3277157086614173
11
0.9759040944881889
21
0.3277157086614173
0
LINE
8
BLACK
6
CONTINUOUS
10
0.9759040944881889
20
0.3277157086614173
11
0.9769685039370078
21
0.327274842519685
0
LINE
8
BLACK
6
CONTINUOUS
10
0.9769685039370078
20
0.327274842519685
11
0.9777831889763779
21
0.3264601574803149
0
LINE
8
BLACK
6
CONTINUOUS
10
0.9777831889763779
20
0.3264601574803149
11
0.9782240944881889
21
0.3253957480314961
0
LINE
8
BLACK
6
CONTINUOUS
10
0.9782240944881889
20
0.3253957480314961
11
0.9782240944881889
21
0.3242436614173228
0
LINE
8
BLACK
6
CONTINUOUS
10
0.9782240944881889
20
0.3242436614173228
11
0.9777832283464567
21
0.3231792519685039
0
LINE
8
BLACK
6
CONTINUOUS
10
0.9777832283464567
20
0.3231792519685039
11
0.9774159842519685
21
0.3227317716535433
0
LINE
8
BLACK
6
CONTINUOUS
10
0.9774159842519685
20
0.3227317716535433
11
0.9755412598425197
21
0.3208570078740157
0
LINE
8
BLACK
6
CONTINUOUS
10
0.9755412598425197
20
0.3208570078740157
11
0.975093779527559
21
0.3204897637795275
0
LINE
8
BLACK
6
CONTINUOUS
10
0.975093779527559
20
0.3204897637795275
11
0.9749957086614173
21
0.3204491732283464
0
LINE
8
BLACK
6
CONTINUOUS
10
0.9749957086614173
20
0.3204491732283464
11
0.974915590551181
21
0.3203796456692913
0
LINE
8
BLACK
6
CONTINUOUS
10
0.974915590551181
20
0.3203796456692913
11
0.9743870472440944
21
0.3201436614173228
0
LINE
8
BLACK
6
CONTINUOUS
10
0.9743870472440944
20
0.3201436614173228
11
0.9687627559055118
21
0.3182688976377953
0
LINE
8
BLACK
6
CONTINUOUS
10
0.9687627559055118
20
0.3182688976377953
11
0.9684771653543307
21
0.3182039763779527
0
LINE
8
BLACK
6
CONTINUOUS
10
0.9684771653543307
20
0.3182039763779527
11
0.9684050787401575
21
0.318174094488189
0
LINE
8
BLACK
6
CONTINUOUS
10
0.9684050787401575
20
0.318174094488189
11
0.9683005511811024
21
0.3181638188976378
0
LINE
8
BLACK
6
CONTINUOUS
10
0.9683005511811024
20
0.3181638188976378
11
0.9681983070866141
21
0.3181405511811023
0
LINE
8
BLACK
6
CONTINUOUS
10
0.9681983070866141
20
0.3181405511811023
11
0.9681205511811023
21
0.3181461023622047
0
LINE
8
BLACK
6
CONTINUOUS
10
0.9681205511811023
20
0.3181461023622047
11
0.9678290157480315
21
0.3181173622047244
0
LINE
8
BLACK
6
CONTINUOUS
10
0.9678290157480315
20
0.3181173622047244
11
0.9640794881889764
21
0.3181173622047244
0
LINE
8
BLACK
6
CONTINUOUS
10
0.9640794881889764
20
0.3181173622047244
11
0.9637878740157481
21
0.3181461023622047
0
LINE
8
BLACK
6
CONTINUOUS
10
0.9637878740157481
20
0.3181461023622047
11
0.963710157480315
21
0.3181405511811023
0
LINE
8
BLACK
6
CONTINUOUS
10
0.963710157480315
20
0.3181405511811023
11
0.963607874015748
21
0.3181638188976378
0
LINE
8
BLACK
6
CONTINUOUS
10
0.963607874015748
20
0.3181638188976378
11
0.9635034251968504
21
0.318174094488189
0
LINE
8
BLACK
6
CONTINUOUS
10
0.9635034251968504
20
0.318174094488189
11
0.9634313385826772
21
0.3182039763779527
0
LINE
8
BLACK
6
CONTINUOUS
10
0.9634313385826772
20
0.3182039763779527
11
0.9631457086614174
21
0.3182688976377953
0
LINE
8
BLACK
6
CONTINUOUS
10
0.9631457086614174
20
0.3182688976377953
11
0.9575214566929133
21
0.3201436614173228
0
LINE
8
BLACK
6
CONTINUOUS
10
0.9575214566929133
20
0.3201436614173228
11
0.9569928740157481
21
0.3203796456692913
0
LINE
8
BLACK
6
CONTINUOUS
10
0.9569928740157481
20
0.3203796456692913
11
0.9569127559055118
21
0.3204491338582677
0
LINE
8
BLACK
6
CONTINUOUS
10
0.9569127559055118
20
0.3204491338582677
11
0.9568147244094488
21
0.3204897244094488
0
LINE
8
BLACK
6
CONTINUOUS
10
0.9568147244094488
20
0.3204897244094488
11
0.9563672834645669
21
0.320856968503937
0
LINE
8
BLACK
6
CONTINUOUS
10
0.9563672834645669
20
0.320856968503937
11
0.9526177559055118
21
0.3246065354330709
0
LINE
8
BLACK
6
CONTINUOUS
10
0.9526177559055118
20
0.3246065354330709
11
0.952431968503937
21
0.3248329133858268
0
LINE
8
BLACK
6
CONTINUOUS
10
0.952431968503937
20
0.3248329133858268
11
0.9523729921259843
21
0.3248840551181102
0
LINE
8
BLACK
6
CONTINUOUS
10
0.9523729921259843
20
0.3248840551181102
11
0.9523170078740157
21
0.3249729921259842
0
LINE
8
BLACK
6
CONTINUOUS
10
0.9523170078740157
20
0.3249729921259842
11
0.9522505118110236
21
0.3250540157480315
0
LINE
8
BLACK
6
CONTINUOUS
10
0.9522505118110236
20
0.3250540157480315
11
0.9522206692913385
21
0.325126062992126
0
LINE
8
BLACK
6
CONTINUOUS
10
0.9522206692913385
20
0.325126062992126
11
0.9520646456692913
21
0.325373937007874
0
LINE
8
BLACK
6
CONTINUOUS
10
0.9520646456692913
20
0.325373937007874
11
0.9501898818897637
21
0.3291234645669291
0
LINE
8
BLACK
6
CONTINUOUS
10
0.9501898818897637
20
0.3291234645669291
11
0.9501737401574802
21
0.3291655905511811
0
LINE
8
BLACK
6
CONTINUOUS
10
0.9501737401574802
20
0.3291655905511811
11
0.950161062992126
21
0.3291827165354331
0
LINE
8
BLACK
6
CONTINUOUS
10
0.950161062992126
20
0.3291827165354331
11
0.9500746062992126
21
0.3294246850393701
0
LINE
8
BLACK
6
CONTINUOUS
10
0.9500746062992126
20
0.3294246850393701
11
0.9499829921259842
21
0.329664094488189
0
LINE
8
BLACK
6
CONTINUOUS
10
0.9499829921259842
20
0.329664094488189
11
0.9499814566929133
21
0.3296853543307087
0
LINE
8
BLACK
6
CONTINUOUS
10
0.9499814566929133
20
0.3296853543307087
11
0.9499662992125985
21
0.3297278346456693
0
LINE
8
BLACK
6
CONTINUOUS
10
0.9499662992125985
20
0.3297278346456693
11
0.9480915354330709
21
0.3372268897637795
0
LINE
8
BLACK
6
CONTINUOUS
10
0.9480915354330709
20
0.3372268897637795
11
0.9480767322834646
21
0.3373267716535433
0
LINE
8
BLACK
6
CONTINUOUS
10
0.9480767322834646
20
0.3373267716535433
11
0.9480601181102362
21
0.337366968503937
0
LINE
8
BLACK
6
CONTINUOUS
10
0.9480601181102362
20
0.337366968503937
11
0.9480387401574802
21
0.3375840157480315
0
LINE
8
BLACK
6
CONTINUOUS
10
0.9480387401574802
20
0.3375840157480315
11
0.9480068897637796
21
0.3377994881889764
0
LINE
8
BLACK
6
CONTINUOUS
10
0.9480068897637796
20
0.3377994881889764
11
0.9480132677165354
21
0.3378425196850394
0
LINE
8
BLACK
6
CONTINUOUS
10
0.9480132677165354
20
0.3378425196850394
11
0.9480033858267717
21
0.337943031496063
0
LINE
8
BLACK
6
CONTINUOUS
10
0.9480033858267717
20
0.337943031496063
11
0.9480033858267717
21
0.3435673228346456
0
LINE
8
BLACK
6
CONTINUOUS
10
0.9480033858267717
20
0.3435673228346456
11
0.9480132677165354
21
0.343667874015748
0
LINE
8
BLACK
6
CONTINUOUS
10
0.9480132677165354
20
0.343667874015748
11
0.9480068897637796
21
0.3437108661417323
0
LINE
8
BLACK
6
CONTINUOUS
10
0.9480068897637796
20
0.3437108661417323
11
0.9480387401574802
21
0.3439263779527559
0
LINE
8
BLACK
6
CONTINUOUS
10
0.9480387401574802
20
0.3439263779527559
11
0.9480601181102362
21
0.3441433858267716
0
LINE
8
BLACK
6
CONTINUOUS
10
0.9480601181102362
20
0.3441433858267716
11
0.9480767322834646
21
0.3441836220472441
0
LINE
8
BLACK
6
CONTINUOUS
10
0.9480767322834646
20
0.3441836220472441
11
0.9480915354330709
21
0.3442834645669291
0
LINE
8
BLACK
6
CONTINUOUS
10
0.9480915354330709
20
0.3442834645669291
11
0.9499662992125985
21
0.3517825196850394
0
LINE
8
BLACK
6
CONTINUOUS
10
0.9499662992125985
20
0.3517825196850394
11
0.9499814566929133
21
0.3518250393700788
0
LINE
8
BLACK
6
CONTINUOUS
10
0.9499814566929133
20
0.3518250393700788
11
0.9499829921259842
21
0.3518462598425197
0
LINE
8
BLACK
6
CONTINUOUS
10
0.9499829921259842
20
0.3518462598425197
11
0.9500746062992126
21
0.3520857086614173
0
LINE
8
BLACK
6
CONTINUOUS
10
0.9500746062992126
20
0.3520857086614173
11
0.950161062992126
21
0.3523276377952756
0
LINE
8
BLACK
6
CONTINUOUS
10
0.950161062992126
20
0.3523276377952756
11
0.9501737401574802
21
0.3523448031496063
0
LINE
8
BLACK
6
CONTINUOUS
10
0.9501737401574802
20
0.3523448031496063
11
0.9501898818897637
21
0.3523868897637795
0
LINE
8
BLACK
6
CONTINUOUS
10
0.9501898818897637
20
0.3523868897637795
11
0.9520646456692913
21
0.3561364173228346
0
LINE
8
BLACK
6
CONTINUOUS
10
0.9520646456692913
20
0.3561364173228346
11
0.9522207086614173
21
0.3563844488188976
0
LINE
8
BLACK
6
CONTINUOUS
10
0.9522207086614173
20
0.3563844488188976
11
0.9522505511811024
21
0.3564563779527559
0
LINE
8
BLACK
6
CONTINUOUS
10
0.9522505511811024
20
0.3564563779527559
11
0.9523170078740157
21
0.3565373622047244
0
LINE
8
BLACK
6
CONTINUOUS
10
0.9523170078740157
20
0.3565373622047244
11
0.9523729921259843
21
0.3566262992125984
0
LINE
8
BLACK
6
CONTINUOUS
10
0.9523729921259843
20
0.3566262992125984
11
0.952431968503937
21
0.3566774803149606
0
LINE
8
BLACK
6
CONTINUOUS
10
0.952431968503937
20
0.3566774803149606
11
0.9526177559055118
21
0.3569038188976378
0
LINE
8
BLACK
6
CONTINUOUS
10
0.9526177559055118
20
0.3569038188976378
11
0.9563672834645669
21
0.3606533464566929
0
LINE
8
BLACK
6
CONTINUOUS
10
0.9563672834645669
20
0.3606533464566929
11
0.9568147244094488
21
0.3610205905511811
0
LINE
8
BLACK
6
CONTINUOUS
10
0.9568147244094488
20
0.3610205905511811
11
0.9569127559055118
21
0.3610612204724409
0
LINE
8
BLACK
6
CONTINUOUS
10
0.9569127559055118
20
0.3610612204724409
11
0.9569928740157481
21
0.3611306692913386
0
LINE
8
BLACK
6
CONTINUOUS
10
0.9569928740157481
20
0.3611306692913386
11
0.9575214566929133
21
0.3613666535433071
0
LINE
8
BLACK
6
CONTINUOUS
10
0.9575214566929133
20
0.3613666535433071
11
0.9631457086614174
21
0.3632414173228347
0
LINE
8
BLACK
6
CONTINUOUS
10
0.9631457086614174
20
0.3632414173228347
11
0.9634313385826772
21
0.3633063779527559
0
LINE
8
BLACK
6
CONTINUOUS
10
0.9634313385826772
20
0.3633063779527559
11
0.9635034251968504
21
0.363336220472441
0
LINE
8
BLACK
6
CONTINUOUS
10
0.9635034251968504
20
0.363336220472441
11
0.963607874015748
21
0.3633465354330709
0
LINE
8
BLACK
6
CONTINUOUS
10
0.963607874015748
20
0.3633465354330709
11
0.963710157480315
21
0.3633697637795276
0
LINE
8
BLACK
6
CONTINUOUS
10
0.963710157480315
20
0.3633697637795276
11
0.9637878740157481
21
0.3633642519685039
0
LINE
8
BLACK
6
CONTINUOUS
10
0.9637878740157481
20
0.3633642519685039
11
0.9640794881889764
21
0.3633929527559055
0
LINE
8
BLACK
6
CONTINUOUS
10
0.9640794881889764
20
0.3633929527559055
11
0.9678290157480315
21
0.3633929527559055
0
LINE
8
BLACK
6
CONTINUOUS
10
0.9678290157480315
20
0.3633929527559055
11
0.9681205511811023
21
0.3633642519685039
0
LINE
8
BLACK
6
CONTINUOUS
10
1.0059003937007873
20
0.363336220472441
11
1.0059983858267716
21
0.3632956299212599
0
LINE
8
BLACK
6
CONTINUOUS
10
1.0059983858267716
20
0.3632956299212599
11
1.0061042125984252
21
0.3632881102362205
0
LINE
8
BLACK
6
CONTINUOUS
10
1.0061042125984252
20
0.3632881102362205
11
1.006644842519685
21
0.363081220472441
0
LINE
8
BLACK
6
CONTINUOUS
10
1.006644842519685
20
0.363081220472441
11
1.0103943700787401
21
0.3612064566929134
0
LINE
8
BLACK
6
CONTINUOUS
10
1.0103943700787401
20
0.3612064566929134
11
1.0106423622047245
21
0.3610503937007874
0
LINE
8
BLACK
6
CONTINUOUS
10
1.0106423622047245
20
0.3610503937007874
11
1.0107143307086615
21
0.3610205511811024
0
LINE
8
BLACK
6
CONTINUOUS
10
1.0107143307086615
20
0.3610205511811024
11
1.0107952755905512
21
0.360954094488189
0
LINE
8
BLACK
6
CONTINUOUS
10
1.0107952755905512
20
0.360954094488189
11
1.010884251968504
21
0.3608981102362205
0
LINE
8
BLACK
6
CONTINUOUS
10
1.010884251968504
20
0.3608981102362205
11
1.0109353937007874
21
0.3608391338582677
0
LINE
8
BLACK
6
CONTINUOUS
10
1.0109353937007874
20
0.3608391338582677
11
1.0111617716535433
21
0.3606533464566929
0
LINE
8
BLACK
6
CONTINUOUS
10
1.0111617716535433
20
0.3606533464566929
11
1.0130365354330708
21
0.3587785826771653
0
LINE
8
BLACK
6
CONTINUOUS
10
1.0130365354330708
20
0.3587785826771653
11
1.013222283464567
21
0.3585522440944882
0
LINE
8
BLACK
6
CONTINUOUS
10
1.013222283464567
20
0.3585522440944882
11
1.0132812992125984
21
0.358501062992126
0
LINE
8
BLACK
6
CONTINUOUS
10
1.0132812992125984
20
0.358501062992126
11
1.0133372440944881
21
0.358412125984252
0
LINE
8
BLACK
6
CONTINUOUS
10
1.0133372440944881
20
0.358412125984252
11
1.0134037401574802
21
0.3583311417322835
0
LINE
8
BLACK
6
CONTINUOUS
10
1.0134037401574802
20
0.3583311417322835
11
1.0134335433070867
21
0.3582592125984252
0
LINE
8
BLACK
6
CONTINUOUS
10
1.0134335433070867
20
0.3582592125984252
11
1.0135896456692912
21
0.3580111811023622
0
LINE
8
BLACK
6
CONTINUOUS
10
1.0135896456692912
20
0.3580111811023622
11
1.0154644094488188
21
0.3542616535433071
0
LINE
8
BLACK
6
CONTINUOUS
10
1.0154644094488188
20
0.3542616535433071
11
1.0156712992125985
21
0.353721062992126
0
LINE
8
BLACK
6
CONTINUOUS
10
1.0156712992125985
20
0.353721062992126
11
1.0156788188976378
21
0.3536151968503937
0
LINE
8
BLACK
6
CONTINUOUS
10
1.0156788188976378
20
0.3536151968503937
11
1.0157194094488189
21
0.3535172047244095
0
LINE
8
BLACK
6
CONTINUOUS
10
1.0157194094488189
20
0.3535172047244095
11
1.0157761417322835
21
0.3529411417322835
0
LINE
8
BLACK
6
CONTINUOUS
10
1.0157761417322835
20
0.3529411417322835
11
1.0157761417322835
21
0.3491916141732284
0
LINE
8
BLACK
6
CONTINUOUS
10
1.0157761417322835
20
0.3491916141732284
11
1.0157474015748031
21
0.3489000393700787
0
LINE
8
BLACK
6
CONTINUOUS
10
1.0157474015748031
20
0.3489000393700787
11
1.0157529527559055
21
0.3488222834645669
0
LINE
8
BLACK
6
CONTINUOUS
10
1.0157529527559055
20
0.3488222834645669
11
1.01572968503937
21
0.3487200393700787
0
LINE
8
BLACK
6
CONTINUOUS
10
1.01572968503937
20
0.3487200393700787
11
1.0157194094488189
21
0.3486155511811024
0
LINE
8
BLACK
6
CONTINUOUS
10
1.0157194094488189
20
0.3486155511811024
11
1.0156895275590552
21
0.3485435039370079
0
LINE
8
BLACK
6
CONTINUOUS
10
1.0156895275590552
20
0.3485435039370079
11
1.0156246062992125
21
0.3482578346456693
0
LINE
8
BLACK
6
CONTINUOUS
10
1.0156246062992125
20
0.3482578346456693
11
1.0137498425196849
21
0.3426335826771654
0
LINE
8
BLACK
6
CONTINUOUS
10
1.0137498425196849
20
0.3426335826771654
11
1.0135138582677166
21
0.342105
0
LINE
8
BLACK
6
CONTINUOUS
10
1.0135138582677166
20
0.342105
11
1.0134443700787401
21
0.3420249212598425
0
LINE
8
BLACK
6
CONTINUOUS
10
1.0134443700787401
20
0.3420249212598425
11
1.013403779527559
21
0.3419268503937008
0
LINE
8
BLACK
6
CONTINUOUS
10
1.013403779527559
20
0.3419268503937008
11
1.0130365354330708
21
0.3414794094488189
0
LINE
8
BLACK
6
CONTINUOUS
10
1.0130365354330708
20
0.3414794094488189
11
0.9955800393700787
21
0.324022874015748
0
LINE
8
BLACK
6
CONTINUOUS
10
0.9955800393700787
20
0.324022874015748
11
1.0128233858267717
21
0.324022874015748
0
LINE
8
BLACK
6
CONTINUOUS
10
1.0128233858267717
20
0.324022874015748
11
1.0133994488188975
21
0.3239661417322834
0
LINE
8
BLACK
6
CONTINUOUS
10
1.0133994488188975
20
0.3239661417322834
11
1.0144638582677166
21
0.3235252362204724
0
LINE
8
BLACK
6
CONTINUOUS
10
1.0144638582677166
20
0.3235252362204724
11
1.0152785039370078
21
0.3227105905511811
0
LINE
8
BLACK
6
CONTINUOUS
10
1.0152785039370078
20
0.3227105905511811
11
1.0157194094488189
21
0.3216461811023622
0
LINE
8
BLACK
6
CONTINUOUS
10
1.0157194094488189
20
0.3216461811023622
11
1.0157194094488189
21
0.3204940551181102
0
LINE
8
BLACK
6
CONTINUOUS
10
1.0157194094488189
20
0.3204940551181102
11
1.0152785039370078
21
0.3194296456692913
0
LINE
8
BLACK
6
CONTINUOUS
10
1.0152785039370078
20
0.3194296456692913
11
1.0144638582677166
21
0.318615
0
LINE
8
BLACK
6
CONTINUOUS
10
1.0144638582677166
20
0.318615
11
1.0133994488188975
21
0.318174094488189
0
LINE
8
BLACK
6
CONTINUOUS
10
1.0133994488188975
20
0.318174094488189
11
1.0128233858267717
21
0.3181173622047244
0
LINE
8
BLACK
6
CONTINUOUS
10
1.0128233858267717
20
0.3181173622047244
11
0.9884514566929133
21
0.3181173622047244
0
LINE
8
BLACK
6
CONTINUOUS
10
0.9884514566929133
20
0.3181173622047244
11
0.9878753937007874
21
0.318174094488189
0
LINE
8
BLACK
6
CONTINUOUS
10
0.9878753937007874
20
0.318174094488189
11
0.9868109842519684
21
0.318615
0
LINE
8
BLACK
6
CONTINUOUS
10
0.9868109842519684
20
0.318615
11
0.9859963385826771
21
0.3194296456692913
0
LINE
8
BLACK
6
CONTINUOUS
10
0.9859963385826771
20
0.3194296456692913
11
0.9855554330708661
21
0.3204940551181102
0
LINE
8
BLACK
6
CONTINUOUS
10
0.9855554330708661
20
0.3204940551181102
11
0.9855554330708661
21
0.3216461811023622
0
LINE
8
BLACK
6
CONTINUOUS
10
0.9855554330708661
20
0.3216461811023622
11
0.9859963385826771
21
0.3227105905511811
0
LINE
8
BLACK
6
CONTINUOUS
10
0.9859963385826771
20
0.3227105905511811
11
0.9863635433070866
21
0.323158031496063
0
LINE
8
BLACK
6
CONTINUOUS
10
0.9863635433070866
20
0.323158031496063
11
1.0083677952755905
21
0.3451623622047244
0
LINE
8
BLACK
6
CONTINUOUS
10
1.0083677952755905
20
0.3451623622047244
11
1.0098706299212599
21
0.3496707480314961
0
LINE
8
BLACK
6
CONTINUOUS
10
1.0098706299212599
20
0.3496707480314961
11
1.0098706299212599
21
0.3522440944881889
0
LINE
8
BLACK
6
CONTINUOUS
10
1.0098706299212599
20
0.3522440944881889
11
1.0085218897637795
21
0.3549415748031496
0
LINE
8
BLACK
6
CONTINUOUS
10
1.0085218897637795
20
0.3549415748031496
11
1.0073247637795275
21
0.3561387007874016
0
LINE
8
BLACK
6
CONTINUOUS
10
1.0073247637795275
20
0.3561387007874016
11
1.0046272834645669
21
0.3574874409448819
0
LINE
8
BLACK
6
CONTINUOUS
10
1.0046272834645669
20
0.3574874409448819
11
0.996647559055118
21
0.3574874409448819
0
LINE
8
BLACK
6
CONTINUOUS
10
0.996647559055118
20
0.3574874409448819
11
0.9939500787401575
21
0.3561387007874016
0
LINE
8
BLACK
6
CONTINUOUS
10
0.9939500787401575
20
0.3561387007874016
11
0.9924141338582677
21
0.3546027559055118
0
LINE
8
BLACK
6
CONTINUOUS
10
0.9924141338582677
20
0.3546027559055118
11
0.9919666929133858
21
0.3542355511811023
0
LINE
8
BLACK
6
CONTINUOUS
10
0.9919666929133858
20
0.3542355511811023
11
0.9909022440944881
21
0.3537946456692913
0
LINE
8
BLACK
6
CONTINUOUS
10
0.9909022440944881
20
0.3537946456692913
11
0.9897501968503937
21
0.3537946456692913
0
LINE
8
BLACK
6
CONTINUOUS
10
0.9897501968503937
20
0.3537946456692913
11
0.988685748031496
21
0.3542355511811023
0
LINE
8
BLACK
6
CONTINUOUS
10
0.988685748031496
20
0.3542355511811023
11
0.9878711023622047
21
0.3550501968503937
0
LINE
8
BLACK
6
CONTINUOUS
10
0.9878711023622047
20
0.3550501968503937
11
0.9874301968503937
21
0.3561146456692914
0
LINE
8
BLACK
6
CONTINUOUS
10
0.9874301968503937
20
0.3561146456692914
11
0.9874301968503937
21
0.3572666929133858
0
LINE
8
BLACK
6
CONTINUOUS
10
0.9874301968503937
20
0.3572666929133858
11
0.9878711023622047
21
0.3583311417322835
0
LINE
8
BLACK
6
CONTINUOUS
10
0.9878711023622047
20
0.3583311417322835
11
0.9882383070866142
21
0.3587785826771653
0
LINE
8
BLACK
6
CONTINUOUS
10
0.9882383070866142
20
0.3587785826771653
11
0.9901130708661418
21
0.3606533464566929
0
LINE
8
BLACK
6
CONTINUOUS
10
0.9901130708661418
20
0.3606533464566929
11
0.9903394094488189
21
0.3608391338582677
0
LINE
8
BLACK
6
CONTINUOUS
10
0.9903394094488189
20
0.3608391338582677
11
0.9903905905511811
21
0.3608981102362205
0
LINE
8
BLACK
6
CONTINUOUS
10
0.9903905905511811
20
0.3608981102362205
11
0.9904795275590551
21
0.360954094488189
0
LINE
8
BLACK
6
CONTINUOUS
10
0.9904795275590551
20
0.360954094488189
11
0.9905605118110236
21
0.3610205511811024
0
LINE
8
BLACK
6
CONTINUOUS
10
0.9905605118110236
20
0.3610205511811024
11
0.9906324409448819
21
0.3610503937007874
0
LINE
8
BLACK
6
CONTINUOUS
10
0.9906324409448819
20
0.3610503937007874
11
0.9908804724409449
21
0.3612064566929134
0
LINE
8
BLACK
6
CONTINUOUS
10
0.9908804724409449
20
0.3612064566929134
11
0.99463
21
0.363081220472441
0
LINE
8
BLACK
6
CONTINUOUS
10
0.99463
20
0.363081220472441
11
0.9951705905511811
21
0.3632881102362205
0
LINE
8
BLACK
6
CONTINUOUS
10
0.9951705905511811
20
0.3632881102362205
11
0.9952764566929133
21
0.3632956692913386
0
LINE
8
BLACK
6
CONTINUOUS
10
0.9952764566929133
20
0.3632956692913386
11
0.9953744488188976
21
0.363336220472441
0
LINE
8
BLACK
6
CONTINUOUS
10
0.9953744488188976
20
0.363336220472441
11
0.9959505118110236
21
0.3633929527559055
0
LINE
8
BLACK
6
CONTINUOUS
10
0.9959505118110236
20
0.3633929527559055
11
1.0053243307086615
21
0.3633929527559055
0
LINE
8
BLACK
6
CONTINUOUS
10
1.0053243307086615
20
0.3633929527559055
11
1.0059003937007873
21
0.363336220472441
0
LINE
8
BLACK
6
CONTINUOUS
10
0.4987614566929134
20
0.3490327952755906
11
0.5000398818897638
21
0.3477543700787402
0
LINE
8
BLACK
6
CONTINUOUS
10
0.5000398818897638
20
0.3477543700787402
11
0.5000398818897638
21
0.3459464173228347
0
LINE
8
BLACK
6
CONTINUOUS
10
0.5000398818897638
20
0.3459464173228347
11
0.4987614566929134
21
0.3446679921259843
0
LINE
8
BLACK
6
CONTINUOUS
10
0.4987614566929134
20
0.3446679921259843
11
0.4978574803149606
21
0.344488188976378
0
LINE
8
BLACK
6
CONTINUOUS
10
0.4978574803149606
20
0.344488188976378
11
0.4867881889763779
21
0.344488188976378
0
LINE
8
BLACK
6
CONTINUOUS
10
0.4867881889763779
20
0.344488188976378
11
0.4858842125984252
21
0.3446679921259843
0
LINE
8
BLACK
6
CONTINUOUS
10
0.4858842125984252
20
0.3446679921259843
11
0.4846057874015748
21
0.3459464173228347
0
LINE
8
BLACK
6
CONTINUOUS
10
0.4846057874015748
20
0.3459464173228347
11
0.4846057874015748
21
0.3477543700787402
0
LINE
8
BLACK
6
CONTINUOUS
10
0.4846057874015748
20
0.3477543700787402
11
0.4858842125984252
21
0.3490327952755906
0
LINE
8
BLACK
6
CONTINUOUS
10
0.4858842125984252
20
0.3490327952755906
11
0.4867881889763779
21
0.3492125984251969
0
LINE
8
BLACK
6
CONTINUOUS
10
0.4867881889763779
20
0.3492125984251969
11
0.4978574803149606
21
0.3492125984251969
0
LINE
8
BLACK
6
CONTINUOUS
10
0.4978574803149606
20
0.3492125984251969
11
0.4987614566929134
21
0.3490327952755906
0
LINE
8
BLACK
6
CONTINUOUS
10
0.8961728346456693
20
0.3802568503937008
11
0.8966938582677165
21
0.3797358267716535
0
LINE
8
BLACK
6
CONTINUOUS
10
0.8966938582677165
20
0.3797358267716535
11
0.9061426771653543
21
0.3667437007874016
0
LINE
8
BLACK
6
CONTINUOUS
10
0.9061426771653543
20
0.3667437007874016
11
0.9065655905511811
21
0.364985905511811
0
LINE
8
BLACK
6
CONTINUOUS
10
0.9065655905511811
20
0.364985905511811
11
0.905621653543307
21
0.363443937007874
0
LINE
8
BLACK
6
CONTINUOUS
10
0.905621653543307
20
0.363443937007874
11
0.9042322834645669
21
0.362992125984252
0
LINE
8
BLACK
6
CONTINUOUS
10
0.9042322834645669
20
0.362992125984252
11
0.8853346456692913
21
0.362992125984252
0
LINE
8
BLACK
6
CONTINUOUS
10
0.8853346456692913
20
0.362992125984252
11
0.8836643307086613
21
0.3636840157480315
0
LINE
8
BLACK
6
CONTINUOUS
10
0.8836643307086613
20
0.3636840157480315
11
0.8829724409448819
21
0.3653543307086614
0
LINE
8
BLACK
6
CONTINUOUS
10
0.8829724409448819
20
0.3653543307086614
11
0.8834242519685039
21
0.3667437007874016
0
LINE
8
BLACK
6
CONTINUOUS
10
0.8834242519685039
20
0.3667437007874016
11
0.8928730708661418
21
0.3797358267716535
0
LINE
8
BLACK
6
CONTINUOUS
10
0.8928730708661418
20
0.3797358267716535
11
0.8944150393700787
21
0.3806797637795276
0
LINE
8
BLACK
6
CONTINUOUS
10
0.8944150393700787
20
0.3806797637795276
11
0.8961728346456693
21
0.3802568503937008
0
LINE
8
BLACK
6
CONTINUOUS
10
0.8040524803149606
20
0.3792504330708661
11
0.8041539763779527
21
0.378740157480315
0
LINE
8
BLACK
6
CONTINUOUS
10
0.8041539763779527
20
0.378740157480315
11
0.8712397244094487
21
0.378740157480315
0
LINE
8
BLACK
6
CONTINUOUS
10
0.8712397244094487
20
0.378740157480315
11
0.8713412204724409
21
0.3792504330708661
0
LINE
8
BLACK
6
CONTINUOUS
10
0.8713412204724409
20
0.3792504330708661
11
0.8726196456692913
21
0.3805288582677165
0
LINE
8
BLACK
6
CONTINUOUS
10
0.8726196456692913
20
0.3805288582677165
11
0.8744275984251968
21
0.3805288582677165
0
LINE
8
BLACK
6
CONTINUOUS
10
0.8744275984251968
20
0.3805288582677165
11
0.8757060236220472
21
0.3792504330708661
0
LINE
8
BLACK
6
CONTINUOUS
10
0.8757060236220472
20
0.3792504330708661
11
0.8758858267716535
21
0.3783464566929134
0
LINE
8
BLACK
6
CONTINUOUS
10
0.8758858267716535
20
0.3783464566929134
11
0.8758858267716535
21
0.3763779527559055
0
LINE
8
BLACK
6
CONTINUOUS
10
0.8758858267716535
20
0.3763779527559055
11
0.8757060236220472
21
0.3754739763779528
0
LINE
8
BLACK
6
CONTINUOUS
10
0.8757060236220472
20
0.3754739763779528
11
0.8744275984251968
21
0.3741955511811024
0
LINE
8
BLACK
6
CONTINUOUS
10
0.8744275984251968
20
0.3741955511811024
11
0.8735236220472441
21
0.3740157480314961
0
LINE
8
BLACK
6
CONTINUOUS
10
0.8735236220472441
20
0.3740157480314961
11
0.8018700787401575
21
0.3740157480314961
0
LINE
8
BLACK
6
CONTINUOUS
10
0.8018700787401575
20
0.3740157480314961
11
0.8009661023622047
21
0.3741955511811024
0
LINE
8
BLACK
6
CONTINUOUS
10
0.8009661023622047
20
0.3741955511811024
11
0.7996876771653543
21
0.3754739763779528
0
LINE
8
BLACK
6
CONTINUOUS
10
0.7996876771653543
20
0.3754739763779528
11
0.799507874015748
21
0.3763779527559055
0
LINE
8
BLACK
6
CONTINUOUS
10
0.799507874015748
20
0.3763779527559055
11
0.799507874015748
21
0.3783464566929134
0
LINE
8
BLACK
6
CONTINUOUS
10
0.799507874015748
20
0.3783464566929134
11
0.7996876771653543
21
0.3792504330708661
0
LINE
8
BLACK
6
CONTINUOUS
10
0.7996876771653543
20
0.3792504330708661
11
0.8009661023622047
21
0.3805288582677165
0
LINE
8
BLACK
6
CONTINUOUS
10
0.8009661023622047
20
0.3805288582677165
11
0.8027740551181102
21
0.3805288582677165
0
LINE
8
BLACK
6
CONTINUOUS
10
0.8027740551181102
20
0.3805288582677165
11
0.8040524803149606
21
0.3792504330708661
0
LINE
8
BLACK
6
CONTINUOUS
10
0.4987614566929134
20
0.3891902755905512
11
0.5000398818897638
21
0.3879118503937008
0
LINE
8
BLACK
6
CONTINUOUS
10
0.5000398818897638
20
0.3879118503937008
11
0.5000398818897638
21
0.3861038976377953
0
LINE
8
BLACK
6
CONTINUOUS
10
0.5000398818897638
20
0.3861038976377953
11
0.4987614566929134
21
0.3848254724409449
0
LINE
8
BLACK
6
CONTINUOUS
10
0.4987614566929134
20
0.3848254724409449
11
0.4978574803149606
21
0.3846456692913386
0
LINE
8
BLACK
6
CONTINUOUS
10
0.4978574803149606
20
0.3846456692913386
11
0.4867881889763779
21
0.3846456692913386
0
LINE
8
BLACK
6
CONTINUOUS
10
0.4867881889763779
20
0.3846456692913386
11
0.4858842125984252
21
0.3848254724409449
0
LINE
8
BLACK
6
CONTINUOUS
10
0.4858842125984252
20
0.3848254724409449
11
0.4846057874015748
21
0.3861038976377953
0
LINE
8
BLACK
6
CONTINUOUS
10
0.4846057874015748
20
0.3861038976377953
11
0.4846057874015748
21
0.3879118503937008
0
LINE
8
BLACK
6
CONTINUOUS
10
0.4846057874015748
20
0.3879118503937008
11
0.4858842125984252
21
0.3891902755905512
0
LINE
8
BLACK
6
CONTINUOUS
10
0.4858842125984252
20
0.3891902755905512
11
0.4867881889763779
21
0.3893700787401575
0
LINE
8
BLACK
6
CONTINUOUS
10
0.4867881889763779
20
0.3893700787401575
11
0.4978574803149606
21
0.3893700787401575
0
LINE
8
BLACK
6
CONTINUOUS
10
0.4978574803149606
20
0.3893700787401575
11
0.4987614566929134
21
0.3891902755905512
0
LINE
8
BLACK
6
CONTINUOUS
10
0.4785536220472441
20
0.4476162204724409
11
0.4786313779527559
21
0.4476217322834646
0
LINE
8
BLACK
6
CONTINUOUS
10
0.4786313779527559
20
0.4476217322834646
11
0.4787336220472441
21
0.4475985039370078
0
LINE
8
BLACK
6
CONTINUOUS
10
0.4787336220472441
20
0.4475985039370078
11
0.4788381496062992
21
0.4475881889763779
0
LINE
8
BLACK
6
CONTINUOUS
10
0.4788381496062992
20
0.4475881889763779
11
0.4789102362204724
21
0.4475583464566929
0
LINE
8
BLACK
6
CONTINUOUS
10
0.4789102362204724
20
0.4475583464566929
11
0.4791958267716535
21
0.4474933858267716
0
LINE
8
BLACK
6
CONTINUOUS
10
0.4791958267716535
20
0.4474933858267716
11
0.4848201181102362
21
0.4456186220472441
0
LINE
8
BLACK
6
CONTINUOUS
10
0.4848201181102362
20
0.4456186220472441
11
0.4853486614173228
21
0.4453826377952756
0
LINE
8
BLACK
6
CONTINUOUS
10
0.4853486614173228
20
0.4453826377952756
11
0.485428779527559
21
0.4453131496062992
0
LINE
8
BLACK
6
CONTINUOUS
10
0.485428779527559
20
0.4453131496062992
11
0.4855268503937008
21
0.4452725196850393
0
LINE
8
BLACK
6
CONTINUOUS
10
0.4855268503937008
20
0.4452725196850393
11
0.4859742913385827
21
0.4449053149606299
0
LINE
8
BLACK
6
CONTINUOUS
10
0.4859742913385827
20
0.4449053149606299
11
0.4878490551181102
21
0.4430305511811024
0
LINE
8
BLACK
6
CONTINUOUS
10
0.4878490551181102
20
0.4430305511811024
11
0.4882162598425197
21
0.4425831102362205
0
LINE
8
BLACK
6
CONTINUOUS
10
0.4882162598425197
20
0.4425831102362205
11
0.4886571653543307
21
0.4415187007874016
0
LINE
8
BLACK
6
CONTINUOUS
10
0.4886571653543307
20
0.4415187007874016
11
0.4886571653543307
21
0.4403666141732283
0
LINE
8
BLACK
6
CONTINUOUS
10
0.4886571653543307
20
0.4403666141732283
11
0.4882162598425197
21
0.4393022047244095
0
LINE
8
BLACK
6
CONTINUOUS
10
0.4882162598425197
20
0.4393022047244095
11
0.4874015748031496
21
0.4384875196850394
0
LINE
8
BLACK
6
CONTINUOUS
10
0.4874015748031496
20
0.4384875196850394
11
0.4863371653543307
21
0.4380466141732283
0
LINE
8
BLACK
6
CONTINUOUS
10
0.4863371653543307
20
0.4380466141732283
11
0.4851850787401575
21
0.4380466141732283
0
LINE
8
BLACK
6
CONTINUOUS
10
0.4851850787401575
20
0.4380466141732283
11
0.4841206692913386
21
0.4384875196850394
0
LINE
8
BLACK
6
CONTINUOUS
10
0.4841206692913386
20
0.4384875196850394
11
0.4836732283464567
21
0.4388547244094488
0
LINE
8
BLACK
6
CONTINUOUS
10
0.4836732283464567
20
0.4388547244094488
11
0.4822913385826771
21
0.4402366141732283
0
LINE
8
BLACK
6
CONTINUOUS
10
0.4822913385826771
20
0.4402366141732283
11
0.4777829527559055
21
0.4417394094488189
0
LINE
8
BLACK
6
CONTINUOUS
10
0.4777829527559055
20
0.4417394094488189
11
0.4749916929133858
21
0.4417394094488189
0
LINE
8
BLACK
6
CONTINUOUS
10
0.4749916929133858
20
0.4417394094488189
11
0.4704833070866142
21
0.4402366141732283
0
LINE
8
BLACK
6
CONTINUOUS
10
0.4704833070866142
20
0.4402366141732283
11
0.4675654724409449
21
0.437318779527559
0
LINE
8
BLACK
6
CONTINUOUS
10
0.4675654724409449
20
0.437318779527559
11
0.4660499606299213
21
0.4342877952755905
0
LINE
8
BLACK
6
CONTINUOUS
10
0.4660499606299213
20
0.4342877952755905
11
0.464341968503937
21
0.4274557480314961
0
LINE
8
BLACK
6
CONTINUOUS
10
0.464341968503937
20
0.4274557480314961
11
0.464341968503937
21
0.4225585433070866
0
LINE
8
BLACK
6
CONTINUOUS
10
0.464341968503937
20
0.4225585433070866
11
0.4660499606299213
21
0.4157264960629921
0
LINE
8
BLACK
6
CONTINUOUS
10
0.4660499606299213
20
0.4157264960629921
11
0.4675654724409449
21
0.4126955118110236
0
LINE
8
BLACK
6
CONTINUOUS
10
0.4675654724409449
20
0.4126955118110236
11
0.4704833070866142
21
0.4097776377952756
0
LINE
8
BLACK
6
CONTINUOUS
10
0.4704833070866142
20
0.4097776377952756
11
0.4749916929133858
21
0.408274842519685
0
LINE
8
BLACK
6
CONTINUOUS
10
0.4749916929133858
20
0.408274842519685
11
0.4777829527559055
21
0.408274842519685
0
LINE
8
BLACK
6
CONTINUOUS
10
0.4777829527559055
20
0.408274842519685
11
0.4822913385826771
21
0.4097776771653543
0
LINE
8
BLACK
6
CONTINUOUS
10
0.4822913385826771
20
0.4097776771653543
11
0.483673188976378
21
0.4111595275590551
0
LINE
8
BLACK
6
CONTINUOUS
10
0.483673188976378
20
0.4111595275590551
11
0.4841206692913386
21
0.4115267716535433
0
LINE
8
BLACK
6
CONTINUOUS
10
0.4841206692913386
20
0.4115267716535433
11
0.4851850787401575
21
0.4119676771653543
0
LINE
8
BLACK
6
CONTINUOUS
10
0.4851850787401575
20
0.4119676771653543
11
0.4863371653543307
21
0.4119676771653543
0
LINE
8
BLACK
6
CONTINUOUS
10
0.4863371653543307
20
0.4119676771653543
11
0.4874015748031496
21
0.411526811023622
0
LINE
8
BLACK
6
CONTINUOUS
10
0.4874015748031496
20
0.411526811023622
11
0.4882162598425197
21
0.4107121259842519
0
LINE
8
BLACK
6
CONTINUOUS
10
0.4882162598425197
20
0.4107121259842519
11
0.4886571653543307
21
0.4096477165354331
0
LINE
8
BLACK
6
CONTINUOUS
10
0.4886571653543307
20
0.4096477165354331
11
0.4886571653543307
21
0.4084956299212598
0
LINE
8
BLACK
6
CONTINUOUS
10
0.4886571653543307
20
0.4084956299212598
11
0.4882162992125984
21
0.407431220472441
0
LINE
8
BLACK
6
CONTINUOUS
10
0.4882162992125984
20
0.407431220472441
11
0.4878490551181102
21
0.4069837401574803
0
LINE
8
BLACK
6
CONTINUOUS
10
0.4878490551181102
20
0.4069837401574803
11
0.4859743307086614
21
0.4051089763779527
0
LINE
8
BLACK
6
CONTINUOUS
10
0.4859743307086614
20
0.4051089763779527
11
0.4855268503937008
21
0.4047417322834646
0
LINE
8
BLACK
6
CONTINUOUS
10
0.4855268503937008
20
0.4047417322834646
11
0.485428779527559
21
0.4047011417322834
0
LINE
8
BLACK
6
CONTINUOUS
10
0.485428779527559
20
0.4047011417322834
11
0.4853486614173228
21
0.4046316141732283
0
LINE
8
BLACK
6
CONTINUOUS
10
0.4853486614173228
20
0.4046316141732283
11
0.4848201181102362
21
0.4043956299212598
0
LINE
8
BLACK
6
CONTINUOUS
10
0.4848201181102362
20
0.4043956299212598
11
0.4791958267716535
21
0.4025208661417323
0
LINE
8
BLACK
6
CONTINUOUS
10
0.4791958267716535
20
0.4025208661417323
11
0.4789102362204724
21
0.4024559448818897
0
LINE
8
BLACK
6
CONTINUOUS
10
0.4789102362204724
20
0.4024559448818897
11
0.4788381496062992
21
0.402426062992126
0
LINE
8
BLACK
6
CONTINUOUS
10
0.4788381496062992
20
0.402426062992126
11
0.4787336220472441
21
0.4024157874015748
0
LINE
8
BLACK
6
CONTINUOUS
10
0.4787336220472441
20
0.4024157874015748
11
0.4786313779527559
21
0.4023925196850394
0
LINE
8
BLACK
6
CONTINUOUS
10
0.4786313779527559
20
0.4023925196850394
11
0.4785536220472441
21
0.4023980708661417
0
LINE
8
BLACK
6
CONTINUOUS
10
0.4785536220472441
20
0.4023980708661417
11
0.4782620866141732
21
0.4023693307086614
0
LINE
8
BLACK
6
CONTINUOUS
10
0.4782620866141732
20
0.4023693307086614
11
0.4745125590551181
21
0.4023693307086614
0
LINE
8
BLACK
6
CONTINUOUS
10
0.4745125590551181
20
0.4023693307086614
11
0.4742209448818898
21
0.4023980708661417
0
LINE
8
BLACK
6
CONTINUOUS
10
0.4742209448818898
20
0.4023980708661417
11
0.4741432283464567
21
0.4023925196850394
0
LINE
8
BLACK
6
CONTINUOUS
10
0.4741432283464567
20
0.4023925196850394
11
0.4740409448818897
21
0.4024157874015748
0
LINE
8
BLACK
6
CONTINUOUS
10
0.4740409448818897
20
0.4024157874015748
11
0.4739364960629921
21
0.402426062992126
0
LINE
8
BLACK
6
CONTINUOUS
10
0.4739364960629921
20
0.402426062992126
11
0.4738644094488189
21
0.4024559448818897
0
LINE
8
BLACK
6
CONTINUOUS
10
0.4738644094488189
20
0.4024559448818897
11
0.4735787795275591
21
0.4025208661417323
0
LINE
8
BLACK
6
CONTINUOUS
10
0.4735787795275591
20
0.4025208661417323
11
0.4679545275590551
21
0.4043956299212598
0
LINE
8
BLACK
6
CONTINUOUS
10
0.4679545275590551
20
0.4043956299212598
11
0.4674259448818898
21
0.4046316141732283
0
LINE
8
BLACK
6
CONTINUOUS
10
0.4674259448818898
20
0.4046316141732283
11
0.4673458267716535
21
0.4047011023622047
0
LINE
8
BLACK
6
CONTINUOUS
10
0.4673458267716535
20
0.4047011023622047
11
0.4672477952755905
21
0.4047416929133858
0
LINE
8
BLACK
6
CONTINUOUS
10
0.4672477952755905
20
0.4047416929133858
11
0.4668003543307087
21
0.405108937007874
0
LINE
8
BLACK
6
CONTINUOUS
10
0.4668003543307087
20
0.405108937007874
11
0.4630508267716535
21
0.4088585039370078
0
LINE
8
BLACK
6
CONTINUOUS
10
0.4630508267716535
20
0.4088585039370078
11
0.4628650393700787
21
0.4090848818897638
0
LINE
8
BLACK
6
CONTINUOUS
10
0.4628650393700787
20
0.4090848818897638
11
0.462806062992126
21
0.4091360236220473
0
LINE
8
BLACK
6
CONTINUOUS
10
0.462806062992126
20
0.4091360236220473
11
0.4627500787401574
21
0.4092249606299213
0
LINE
8
BLACK
6
CONTINUOUS
10
0.4627500787401574
20
0.4092249606299213
11
0.4626835826771654
21
0.4093059842519685
0
LINE
8
BLACK
6
CONTINUOUS
10
0.4626835826771654
20
0.4093059842519685
11
0.4626537401574803
21
0.409378031496063
0
LINE
8
BLACK
6
CONTINUOUS
10
0.4626537401574803
20
0.409378031496063
11
0.462497716535433
21
0.409625905511811
0
LINE
8
BLACK
6
CONTINUOUS
10
0.462497716535433
20
0.409625905511811
11
0.4606229527559055
21
0.4133754330708661
0
LINE
8
BLACK
6
CONTINUOUS
10
0.4606229527559055
20
0.4133754330708661
11
0.4606068110236221
21
0.4134175590551181
0
LINE
8
BLACK
6
CONTINUOUS
10
0.4606068110236221
20
0.4134175590551181
11
0.4605941338582677
21
0.4134346850393701
0
LINE
8
BLACK
6
CONTINUOUS
10
0.4605941338582677
20
0.4134346850393701
11
0.4605076771653543
21
0.4136766535433071
0
LINE
8
BLACK
6
CONTINUOUS
10
0.4605076771653543
20
0.4136766535433071
11
0.460416062992126
21
0.413916062992126
0
LINE
8
BLACK
6
CONTINUOUS
10
0.460416062992126
20
0.413916062992126
11
0.4604145275590551
21
0.4139373228346457
0
LINE
8
BLACK
6
CONTINUOUS
10
0.4604145275590551
20
0.4139373228346457
11
0.4603993700787402
21
0.4139798031496063
0
LINE
8
BLACK
6
CONTINUOUS
10
0.4603993700787402
20
0.4139798031496063
11
0.4585246062992126
21
0.4214788582677165
0
LINE
8
BLACK
6
CONTINUOUS
10
0.4585246062992126
20
0.4214788582677165
11
0.4585098031496063
21
0.4215787401574803
0
LINE
8
BLACK
6
CONTINUOUS
10
0.4585098031496063
20
0.4215787401574803
11
0.4584931889763779
21
0.421618937007874
0
LINE
8
BLACK
6
CONTINUOUS
10
0.4584931889763779
20
0.421618937007874
11
0.4584718110236221
21
0.4218359842519685
0
LINE
8
BLACK
6
CONTINUOUS
10
0.4584718110236221
20
0.4218359842519685
11
0.4584399606299213
21
0.4220514566929134
0
LINE
8
BLACK
6
CONTINUOUS
10
0.4584399606299213
20
0.4220514566929134
11
0.4584463385826771
21
0.4220944881889764
0
LINE
8
BLACK
6
CONTINUOUS
10
0.4584463385826771
20
0.4220944881889764
11
0.4584364566929134
21
0.422195
0
LINE
8
BLACK
6
CONTINUOUS
10
0.4584364566929134
20
0.422195
11
0.4584364566929134
21
0.4278192913385827
0
LINE
8
BLACK
6
CONTINUOUS
10
0.4584364566929134
20
0.4278192913385827
11
0.4584463385826771
21
0.427919842519685
0
LINE
8
BLACK
6
CONTINUOUS
10
0.4584463385826771
20
0.427919842519685
11
0.4584399606299213
21
0.4279628346456693
0
LINE
8
BLACK
6
CONTINUOUS
10
0.4584399606299213
20
0.4279628346456693
11
0.4584718110236221
21
0.4281783464566929
0
LINE
8
BLACK
6
CONTINUOUS
10
0.4584718110236221
20
0.4281783464566929
11
0.4584931889763779
21
0.4283953543307086
0
LINE
8
BLACK
6
CONTINUOUS
10
0.4584931889763779
20
0.4283953543307086
11
0.4585098031496063
21
0.4284355905511811
0
LINE
8
BLACK
6
CONTINUOUS
10
0.4585098031496063
20
0.4284355905511811
11
0.4585246062992126
21
0.4285354330708661
0
LINE
8
BLACK
6
CONTINUOUS
10
0.4585246062992126
20
0.4285354330708661
11
0.4603993700787402
21
0.4360344881889764
0
LINE
8
BLACK
6
CONTINUOUS
10
0.4603993700787402
20
0.4360344881889764
11
0.4604145275590551
21
0.4360770078740158
0
LINE
8
BLACK
6
CONTINUOUS
10
0.4604145275590551
20
0.4360770078740158
11
0.460416062992126
21
0.4360982283464567
0
LINE
8
BLACK
6
CONTINUOUS
10
0.460416062992126
20
0.4360982283464567
11
0.4605076771653543
21
0.4363376771653543
0
LINE
8
BLACK
6
CONTINUOUS
10
0.4605076771653543
20
0.4363376771653543
11
0.4605941338582677
21
0.4365796062992126
0
LINE
8
BLACK
6
CONTINUOUS
10
0.4605941338582677
20
0.4365796062992126
11
0.4606068110236221
21
0.4365967716535433
0
LINE
8
BLACK
6
CONTINUOUS
10
0.4606068110236221
20
0.4365967716535433
11
0.4606229527559055
21
0.4366388582677165
0
LINE
8
BLACK
6
CONTINUOUS
10
0.4606229527559055
20
0.4366388582677165
11
0.462497716535433
21
0.4403883858267716
0
LINE
8
BLACK
6
CONTINUOUS
10
0.462497716535433
20
0.4403883858267716
11
0.462653779527559
21
0.4406364173228347
0
LINE
8
BLACK
6
CONTINUOUS
10
0.462653779527559
20
0.4406364173228347
11
0.4626836220472441
21
0.4407083464566929
0
LINE
8
BLACK
6
CONTINUOUS
10
0.4626836220472441
20
0.4407083464566929
11
0.4627500787401574
21
0.4407893307086614
0
LINE
8
BLACK
6
CONTINUOUS
10
0.4627500787401574
20
0.4407893307086614
11
0.462806062992126
21
0.4408782677165354
0
LINE
8
BLACK
6
CONTINUOUS
10
0.462806062992126
20
0.4408782677165354
11
0.4628650393700787
21
0.4409294488188976
0
LINE
8
BLACK
6
CONTINUOUS
10
0.4628650393700787
20
0.4409294488188976
11
0.4630508267716535
21
0.4411557874015748
0
LINE
8
BLACK
6
CONTINUOUS
10
0.4630508267716535
20
0.4411557874015748
11
0.4668003543307087
21
0.4449053149606299
0
LINE
8
BLACK
6
CONTINUOUS
10
0.4668003543307087
20
0.4449053149606299
11
0.4672477952755905
21
0.4452725590551181
0
LINE
8
BLACK
6
CONTINUOUS
10
0.4672477952755905
20
0.4452725590551181
11
0.4673458267716535
21
0.4453131889763779
0
LINE
8
BLACK
6
CONTINUOUS
10
0.4673458267716535
20
0.4453131889763779
11
0.4674259448818898
21
0.4453826377952756
0
LINE
8
BLACK
6
CONTINUOUS
10
0.4674259448818898
20
0.4453826377952756
11
0.4679545275590551
21
0.4456186220472441
0
LINE
8
BLACK
6
CONTINUOUS
10
0.4679545275590551
20
0.4456186220472441
11
0.4735787795275591
21
0.4474933858267716
0
LINE
8
BLACK
6
CONTINUOUS
10
0.4735787795275591
20
0.4474933858267716
11
0.4738644094488189
21
0.4475583464566929
0
LINE
8
BLACK
6
CONTINUOUS
10
0.4738644094488189
20
0.4475583464566929
11
0.4739364960629921
21
0.4475881889763779
0
LINE
8
BLACK
6
CONTINUOUS
10
0.4739364960629921
20
0.4475881889763779
11
0.4740409448818897
21
0.4475985039370078
0
LINE
8
BLACK
6
CONTINUOUS
10
0.4740409448818897
20
0.4475985039370078
11
0.4741432283464567
21
0.4476217322834646
0
LINE
8
BLACK
6
CONTINUOUS
10
0.4741432283464567
20
0.4476217322834646
11
0.4742209448818898
21
0.4476162204724409
0
LINE
8
BLACK
6
CONTINUOUS
10
0.4742209448818898
20
0.4476162204724409
11
0.4745125590551181
21
0.4476449212598425
0
LINE
8
BLACK
6
CONTINUOUS
10
0.4745125590551181
20
0.4476449212598425
11
0.4782620866141732
21
0.4476449212598425
0
LINE
8
BLACK
6
CONTINUOUS
10
0.4782620866141732
20
0.4476449212598425
11
0.4785536220472441
21
0.4476162204724409
0
LINE
8
BLACK
6
CONTINUOUS
10
0.5235611023622048
20
0.4476149212598425
11
0.5236385826771653
21
0.4476200787401575
0
LINE
8
BLACK
6
CONTINUOUS
10
0.5236385826771653
20
0.4476200787401575
11
0.5236919291338582
21
0.4476020472440945
0
LINE
8
BLACK
6
CONTINUOUS
10
0.5236919291338582
20
0.4476020472440945
11
0.5238325196850394
21
0.4475881889763779
0
LINE
8
BLACK
6
CONTINUOUS
10
0.5238325196850394
20
0.4475881889763779
11
0.5242757086614173
21
0.4474046062992126
0
LINE
8
BLACK
6
CONTINUOUS
10
0.5242757086614173
20
0.4474046062992126
11
0.5247299606299213
21
0.4472509842519685
0
LINE
8
BLACK
6
CONTINUOUS
10
0.5247299606299213
20
0.4472509842519685
11
0.5248049212598425
21
0.4471854330708661
0
LINE
8
BLACK
6
CONTINUOUS
10
0.5248049212598425
20
0.4471854330708661
11
0.5248969291338582
21
0.4471472834645669
0
LINE
8
BLACK
6
CONTINUOUS
10
0.5248969291338582
20
0.4471472834645669
11
0.525235905511811
21
0.4468083070866142
0
LINE
8
BLACK
6
CONTINUOUS
10
0.525235905511811
20
0.4468083070866142
11
0.5255970472440945
21
0.4464923228346457
0
LINE
8
BLACK
6
CONTINUOUS
10
0.5255970472440945
20
0.4464923228346457
11
0.5256412204724409
21
0.4464029921259842
0
LINE
8
BLACK
6
CONTINUOUS
10
0.5256412204724409
20
0.4464029921259842
11
0.5257115748031496
21
0.4463326377952756
0
LINE
8
BLACK
6
CONTINUOUS
10
0.5257115748031496
20
0.4463326377952756
11
0.5258950393700788
21
0.4458897244094488
0
LINE
8
BLACK
6
CONTINUOUS
10
0.5258950393700788
20
0.4458897244094488
11
0.5261077559055118
21
0.4454595669291339
0
LINE
8
BLACK
6
CONTINUOUS
10
0.5261077559055118
20
0.4454595669291339
11
0.5261143700787402
21
0.4453602362204724
0
LINE
8
BLACK
6
CONTINUOUS
10
0.5261143700787402
20
0.4453602362204724
11
0.5261524803149606
21
0.4452682283464567
0
LINE
8
BLACK
6
CONTINUOUS
10
0.5261524803149606
20
0.4452682283464567
11
0.5261524803149606
21
0.4447885433070866
0
LINE
8
BLACK
6
CONTINUOUS
10
0.5261524803149606
20
0.4447885433070866
11
0.5261843700787402
21
0.4443100393700787
0
LINE
8
BLACK
6
CONTINUOUS
10
0.5261843700787402
20
0.4443100393700787
11
0.5261524803149606
21
0.444215748031496
0
LINE
8
BLACK
6
CONTINUOUS
10
0.5261524803149606
20
0.444215748031496
11
0.5261524803149606
21
0.4441161023622047
0
LINE
8
BLACK
6
CONTINUOUS
10
0.5261524803149606
20
0.4441161023622047
11
0.5259688582677166
21
0.4436729133858268
0
LINE
8
BLACK
6
CONTINUOUS
10
0.5259688582677166
20
0.4436729133858268
11
0.5258152755905512
21
0.4432186614173228
0
LINE
8
BLACK
6
CONTINUOUS
10
0.5258152755905512
20
0.4432186614173228
11
0.5257331496062992
21
0.4431038188976378
0
LINE
8
BLACK
6
CONTINUOUS
10
0.5257331496062992
20
0.4431038188976378
11
0.5257115748031496
21
0.4430516929133858
0
LINE
8
BLACK
6
CONTINUOUS
10
0.5257115748031496
20
0.4430516929133858
11
0.5256566141732283
21
0.4429967716535433
0
LINE
8
BLACK
6
CONTINUOUS
10
0.5256566141732283
20
0.4429967716535433
11
0.525478622047244
21
0.4427477559055118
0
LINE
8
BLACK
6
CONTINUOUS
10
0.525478622047244
20
0.4427477559055118
11
0.5165457086614174
21
0.4325387401574803
0
LINE
8
BLACK
6
CONTINUOUS
10
0.5165457086614174
20
0.4325387401574803
11
0.5170779133858268
21
0.4323350787401575
0
LINE
8
BLACK
6
CONTINUOUS
10
0.5170779133858268
20
0.4323350787401575
11
0.5208274409448819
21
0.4304603149606299
0
LINE
8
BLACK
6
CONTINUOUS
10
0.5208274409448819
20
0.4304603149606299
11
0.5210754330708661
21
0.4303042519685039
0
LINE
8
BLACK
6
CONTINUOUS
10
0.5210754330708661
20
0.4303042519685039
11
0.5211474015748031
21
0.4302744094488189
0
LINE
8
BLACK
6
CONTINUOUS
10
0.5211474015748031
20
0.4302744094488189
11
0.5212283464566929
21
0.4302079527559055
0
LINE
8
BLACK
6
CONTINUOUS
10
0.5212283464566929
20
0.4302079527559055
11
0.5213173228346456
21
0.430151968503937
0
LINE
8
BLACK
6
CONTINUOUS
10
0.5213173228346456
20
0.430151968503937
11
0.5213684645669291
21
0.4300929921259842
0
LINE
8
BLACK
6
CONTINUOUS
10
0.5213684645669291
20
0.4300929921259842
11
0.521594842519685
21
0.4299072047244095
0
LINE
8
BLACK
6
CONTINUOUS
10
0.521594842519685
20
0.4299072047244095
11
0.5234696062992126
21
0.4280324409448819
0
LINE
8
BLACK
6
CONTINUOUS
10
0.5234696062992126
20
0.4280324409448819
11
0.5236553543307086
21
0.4278061023622047
0
LINE
8
BLACK
6
CONTINUOUS
10
0.5236553543307086
20
0.4278061023622047
11
0.5237143700787401
21
0.4277549212598425
0
LINE
8
BLACK
6
CONTINUOUS
10
0.5237143700787401
20
0.4277549212598425
11
0.5237703149606299
21
0.4276659842519685
0
LINE
8
BLACK
6
CONTINUOUS
10
0.5237703149606299
20
0.4276659842519685
11
0.523836811023622
21
0.427585
0
LINE
8
BLACK
6
CONTINUOUS
10
0.523836811023622
20
0.427585
11
0.5238666141732283
21
0.4275130708661417
0
LINE
8
BLACK
6
CONTINUOUS
10
0.5238666141732283
20
0.4275130708661417
11
0.5240227165354331
21
0.4272650393700787
0
LINE
8
BLACK
6
CONTINUOUS
10
0.5240227165354331
20
0.4272650393700787
11
0.5258974803149606
21
0.4235155118110236
0
LINE
8
BLACK
6
CONTINUOUS
10
0.5258974803149606
20
0.4235155118110236
11
0.5261043700787401
21
0.4229749212598425
0
LINE
8
BLACK
6
CONTINUOUS
10
0.5261043700787401
20
0.4229749212598425
11
0.5261118897637795
21
0.4228690551181102
0
LINE
8
BLACK
6
CONTINUOUS
10
0.5261118897637795
20
0.4228690551181102
11
0.5261524803149606
21
0.422771062992126
0
LINE
8
BLACK
6
CONTINUOUS
10
0.5261524803149606
20
0.422771062992126
11
0.5262092125984252
21
0.422195
0
LINE
8
BLACK
6
CONTINUOUS
10
0.5262092125984252
20
0.422195
11
0.5262092125984252
21
0.4128211811023622
0
LINE
8
BLACK
6
CONTINUOUS
10
0.5262092125984252
20
0.4128211811023622
11
0.5261524803149606
21
0.4122451181102362
0
LINE
8
BLACK
6
CONTINUOUS
10
0.5261524803149606
20
0.4122451181102362
11
0.5261118897637795
21
0.4121471653543307
0
LINE
8
BLACK
6
CONTINUOUS
10
0.5261118897637795
20
0.4121471653543307
11
0.5261043700787401
21
0.4120412598425197
0
LINE
8
BLACK
6
CONTINUOUS
10
0.5261043700787401
20
0.4120412598425197
11
0.5258974803149606
21
0.4115006692913385
0
LINE
8
BLACK
6
CONTINUOUS
10
0.5258974803149606
20
0.4115006692913385
11
0.5240227165354331
21
0.4077511417322834
0
LINE
8
BLACK
6
CONTINUOUS
10
0.5240227165354331
20
0.4077511417322834
11
0.5238666535433071
21
0.4075032677165354
0
LINE
8
BLACK
6
CONTINUOUS
10
0.5238666535433071
20
0.4075032677165354
11
0.5238368503937008
21
0.407431220472441
0
LINE
8
BLACK
6
CONTINUOUS
10
0.5238368503937008
20
0.407431220472441
11
0.5237703149606299
21
0.4073501968503937
0
LINE
8
BLACK
6
CONTINUOUS
10
0.5237703149606299
20
0.4073501968503937
11
0.5237143700787401
21
0.4072612598425197
0
LINE
8
BLACK
6
CONTINUOUS
10
0.5237143700787401
20
0.4072612598425197
11
0.5236553543307086
21
0.4072101181102362
0
LINE
8
BLACK
6
CONTINUOUS
10
0.5236553543307086
20
0.4072101181102362
11
0.5234696062992126
21
0.4069837401574803
0
LINE
8
BLACK
6
CONTINUOUS
10
0.5234696062992126
20
0.4069837401574803
11
0.5215948818897638
21
0.4051089763779527
0
LINE
8
BLACK
6
CONTINUOUS
10
0.5215948818897638
20
0.4051089763779527
11
0.5213685039370078
21
0.4049232283464567
0
LINE
8
BLACK
6
CONTINUOUS
10
0.5213685039370078
20
0.4049232283464567
11
0.5213173228346456
21
0.4048641732283464
0
LINE
8
BLACK
6
CONTINUOUS
10
0.5213173228346456
20
0.4048641732283464
11
0.5212283464566929
21
0.4048081889763779
0
LINE
8
BLACK
6
CONTINUOUS
10
0.5212283464566929
20
0.4048081889763779
11
0.5211474015748031
21
0.4047417322834646
0
LINE
8
BLACK
6
CONTINUOUS
10
0.5211474015748031
20
0.4047417322834646
11
0.5210754330708661
21
0.4047119291338583
0
LINE
8
BLACK
6
CONTINUOUS
10
0.5210754330708661
20
0.4047119291338583
11
0.5208274409448819
21
0.4045558267716535
0
LINE
8
BLACK
6
CONTINUOUS
10
0.5208274409448819
20
0.4045558267716535
11
0.5170779133858268
21
0.402681062992126
0
LINE
8
BLACK
6
CONTINUOUS
10
0.5170779133858268
20
0.402681062992126
11
0.516537283464567
21
0.4024741732283464
0
LINE
8
BLACK
6
CONTINUOUS
10
0.516537283464567
20
0.4024741732283464
11
0.5164314566929133
21
0.4024666929133858
0
LINE
8
BLACK
6
CONTINUOUS
10
0.5164314566929133
20
0.4024666929133858
11
0.5163334645669291
21
0.402426062992126
0
LINE
8
BLACK
6
CONTINUOUS
10
0.5163334645669291
20
0.402426062992126
11
0.5157574015748031
21
0.4023693307086614
0
LINE
8
BLACK
6
CONTINUOUS
10
0.5157574015748031
20
0.4023693307086614
11
0.5045088188976378
21
0.4023693307086614
0
LINE
8
BLACK
6
CONTINUOUS
10
0.5045088188976378
20
0.4023693307086614
11
0.5039327559055118
21
0.402426062992126
0
LINE
8
BLACK
6
CONTINUOUS
10
0.5039327559055118
20
0.402426062992126
11
0.5038347637795275
21
0.4024666535433071
0
LINE
8
BLACK
6
CONTINUOUS
10
0.5038347637795275
20
0.4024666535433071
11
0.5037288976377953
21
0.4024741732283464
0
LINE
8
BLACK
6
CONTINUOUS
10
0.5037288976377953
20
0.4024741732283464
11
0.5031883070866142
21
0.402681062992126
0
LINE
8
BLACK
6
CONTINUOUS
10
0.5031883070866142
20
0.402681062992126
11
0.4994387795275591
21
0.4045558267716535
0
LINE
8
BLACK
6
CONTINUOUS
10
0.4994387795275591
20
0.4045558267716535
11
0.499190748031496
21
0.4047119291338583
0
LINE
8
BLACK
6
CONTINUOUS
10
0.499190748031496
20
0.4047119291338583
11
0.4991188188976378
21
0.4047417322834646
0
LINE
8
BLACK
6
CONTINUOUS
10
0.4991188188976378
20
0.4047417322834646
11
0.4990378346456693
21
0.4048081889763779
0
LINE
8
BLACK
6
CONTINUOUS
10
0.4990378346456693
20
0.4048081889763779
11
0.4989488976377953
21
0.4048641732283464
0
LINE
8
BLACK
6
CONTINUOUS
10
0.4989488976377953
20
0.4048641732283464
11
0.4988976771653543
21
0.4049232283464567
0
LINE
8
BLACK
6
CONTINUOUS
10
0.4988976771653543
20
0.4049232283464567
11
0.4986713385826771
21
0.4051089763779527
0
LINE
8
BLACK
6
CONTINUOUS
10
0.4986713385826771
20
0.4051089763779527
11
0.4967965748031496
21
0.406983779527559
0
LINE
8
BLACK
6
CONTINUOUS
10
0.4967965748031496
20
0.406983779527559
11
0.4964293700787402
21
0.407431220472441
0
LINE
8
BLACK
6
CONTINUOUS
10
0.4964293700787402
20
0.407431220472441
11
0.4959885039370079
21
0.4084956299212598
0
LINE
8
BLACK
6
CONTINUOUS
10
0.4959885039370079
20
0.4084956299212598
11
0.4959885039370079
21
0.4096477165354331
0
LINE
8
BLACK
6
CONTINUOUS
10
0.4959885039370079
20
0.4096477165354331
11
0.4964294094488189
21
0.4107121259842519
0
LINE
8
BLACK
6
CONTINUOUS
10
0.4964294094488189
20
0.4107121259842519
11
0.497244094488189
21
0.411526811023622
0
LINE
8
BLACK
6
CONTINUOUS
10
0.497244094488189
20
0.411526811023622
11
0.4983085039370079
21
0.4119676771653543
0
LINE
8
BLACK
6
CONTINUOUS
10
0.4983085039370079
20
0.4119676771653543
11
0.4994605905511811
21
0.4119676771653543
0
LINE
8
BLACK
6
CONTINUOUS
10
0.4994605905511811
20
0.4119676771653543
11
0.500525
21
0.4115267716535433
0
LINE
8
BLACK
6
CONTINUOUS
10
0.500525
20
0.4115267716535433
11
0.5009724803149607
21
0.4111595275590551
0
LINE
8
BLACK
6
CONTINUOUS
10
0.5009724803149607
20
0.4111595275590551
11
0.5025083858267716
21
0.4096235826771654
0
LINE
8
BLACK
6
CONTINUOUS
10
0.5025083858267716
20
0.4096235826771654
11
0.5052058661417322
21
0.408274842519685
0
LINE
8
BLACK
6
CONTINUOUS
10
0.5052058661417322
20
0.408274842519685
11
0.5150603543307086
21
0.408274842519685
0
LINE
8
BLACK
6
CONTINUOUS
10
0.5150603543307086
20
0.408274842519685
11
0.5177577952755905
21
0.4096235826771654
0
LINE
8
BLACK
6
CONTINUOUS
10
0.5177577952755905
20
0.4096235826771654
11
0.5189549212598425
21
0.410820748031496
0
LINE
8
BLACK
6
CONTINUOUS
10
0.5189549212598425
20
0.410820748031496
11
0.5203037007874015
21
0.4135182283464567
0
LINE
8
BLACK
6
CONTINUOUS
10
0.5203037007874015
20
0.4135182283464567
11
0.5203037007874015
21
0.4214979527559055
0
LINE
8
BLACK
6
CONTINUOUS
10
0.5203037007874015
20
0.4214979527559055
11
0.5189549606299213
21
0.4241954330708662
0
LINE
8
BLACK
6
CONTINUOUS
10
0.5189549606299213
20
0.4241954330708662
11
0.5177578346456693
21
0.4253925590551181
0
LINE
8
BLACK
6
CONTINUOUS
10
0.5177578346456693
20
0.4253925590551181
11
0.5150603543307086
21
0.4267412992125984
0
LINE
8
BLACK
6
CONTINUOUS
10
0.5150603543307086
20
0.4267412992125984
11
0.5101331102362204
21
0.4267412992125984
0
LINE
8
BLACK
6
CONTINUOUS
10
0.5101331102362204
20
0.4267412992125984
11
0.5098284251968503
21
0.4267713385826771
0
LINE
8
BLACK
6
CONTINUOUS
10
0.5098284251968503
20
0.4267713385826771
11
0.5097509842519685
21
0.4267661417322834
0
LINE
8
BLACK
6
CONTINUOUS
10
0.5097509842519685
20
0.4267661417322834
11
0.5096975984251968
21
0.4267842125984252
0
LINE
8
BLACK
6
CONTINUOUS
10
0.5096975984251968
20
0.4267842125984252
11
0.5095570472440945
21
0.426798031496063
0
LINE
8
BLACK
6
CONTINUOUS
10
0.5095570472440945
20
0.426798031496063
11
0.5091138188976377
21
0.4269816535433071
0
LINE
8
BLACK
6
CONTINUOUS
10
0.5091138188976377
20
0.4269816535433071
11
0.5086596062992126
21
0.4271352362204724
0
LINE
8
BLACK
6
CONTINUOUS
10
0.5086596062992126
20
0.4271352362204724
11
0.5085846062992125
21
0.4272008267716536
0
LINE
8
BLACK
6
CONTINUOUS
10
0.5085846062992125
20
0.4272008267716536
11
0.5084926377952755
21
0.427238937007874
0
LINE
8
BLACK
6
CONTINUOUS
10
0.5084926377952755
20
0.427238937007874
11
0.5081536220472441
21
0.4275779527559055
0
LINE
8
BLACK
6
CONTINUOUS
10
0.5081536220472441
20
0.4275779527559055
11
0.5077925196850394
21
0.4278938976377953
0
LINE
8
BLACK
6
CONTINUOUS
10
0.5077925196850394
20
0.4278938976377953
11
0.5077483070866141
21
0.4279832677165354
0
LINE
8
BLACK
6
CONTINUOUS
10
0.5077483070866141
20
0.4279832677165354
11
0.5076779921259842
21
0.4280535826771654
0
LINE
8
BLACK
6
CONTINUOUS
10
0.5076779921259842
20
0.4280535826771654
11
0.5074944881889764
21
0.4284965354330709
0
LINE
8
BLACK
6
CONTINUOUS
10
0.5074944881889764
20
0.4284965354330709
11
0.507281811023622
21
0.4289266535433071
0
LINE
8
BLACK
6
CONTINUOUS
10
0.507281811023622
20
0.4289266535433071
11
0.5072751574803149
21
0.4290260236220472
0
LINE
8
BLACK
6
CONTINUOUS
10
0.5072751574803149
20
0.4290260236220472
11
0.5072370866141732
21
0.4291179921259842
0
LINE
8
BLACK
6
CONTINUOUS
10
0.5072370866141732
20
0.4291179921259842
11
0.5072370866141732
21
0.429597716535433
0
LINE
8
BLACK
6
CONTINUOUS
10
0.5072370866141732
20
0.429597716535433
11
0.5072051968503937
21
0.4300761811023622
0
LINE
8
BLACK
6
CONTINUOUS
10
0.5072051968503937
20
0.4300761811023622
11
0.5072370866141732
21
0.4301705118110236
0
LINE
8
BLACK
6
CONTINUOUS
10
0.5072370866141732
20
0.4301705118110236
11
0.5072370866141732
21
0.4302701181102362
0
LINE
8
BLACK
6
CONTINUOUS
10
0.5072370866141732
20
0.4302701181102362
11
0.5074206692913386
21
0.4307133464566929
0
LINE
8
BLACK
6
CONTINUOUS
10
0.5074206692913386
20
0.4307133464566929
11
0.5075742913385827
21
0.4311675590551181
0
LINE
8
BLACK
6
CONTINUOUS
10
0.5075742913385827
20
0.4311675590551181
11
0.5076563779527559
21
0.4312824409448819
0
LINE
8
BLACK
6
CONTINUOUS
10
0.5076563779527559
20
0.4312824409448819
11
0.5076779921259842
21
0.4313345275590551
0
LINE
8
BLACK
6
CONTINUOUS
10
0.5076779921259842
20
0.4313345275590551
11
0.5077329133858267
21
0.4313894881889764
0
LINE
8
BLACK
6
CONTINUOUS
10
0.5077329133858267
20
0.4313894881889764
11
0.5079109448818897
21
0.4316384645669291
0
LINE
8
BLACK
6
CONTINUOUS
10
0.5079109448818897
20
0.4316384645669291
11
0.5167492913385827
21
0.4417394094488189
0
LINE
8
BLACK
6
CONTINUOUS
10
0.5167492913385827
20
0.4417394094488189
11
0.4988845275590551
21
0.4417394094488189
0
LINE
8
BLACK
6
CONTINUOUS
10
0.4988845275590551
20
0.4417394094488189
11
0.4983084645669291
21
0.4417961417322834
0
LINE
8
BLACK
6
CONTINUOUS
10
0.4983084645669291
20
0.4417961417322834
11
0.4972440551181102
21
0.4422370472440945
0
LINE
8
BLACK
6
CONTINUOUS
10
0.4972440551181102
20
0.4422370472440945
11
0.4964294094488189
21
0.4430516929133858
0
LINE
8
BLACK
6
CONTINUOUS
10
0.4964294094488189
20
0.4430516929133858
11
0.4959885039370079
21
0.4441161023622047
0
LINE
8
BLACK
6
CONTINUOUS
10
0.4959885039370079
20
0.4441161023622047
11
0.4959885039370079
21
0.4452682283464567
0
LINE
8
BLACK
6
CONTINUOUS
10
0.4959885039370079
20
0.4452682283464567
11
0.4964294094488189
21
0.4463326377952756
0
LINE
8
BLACK
6
CONTINUOUS
10
0.4964294094488189
20
0.4463326377952756
11
0.4972440551181102
21
0.4471472834645669
0
LINE
8
BLACK
6
CONTINUOUS
10
0.4972440551181102
20
0.4471472834645669
11
0.4983084645669291
21
0.4475881889763779
0
LINE
8
BLACK
6
CONTINUOUS
10
0.4983084645669291
20
0.4475881889763779
11
0.4988845275590551
21
0.4476449212598425
0
LINE
8
BLACK
6
CONTINUOUS
10
0.4988845275590551
20
0.4476449212598425
11
0.5232564566929133
21
0.4476449212598425
0
LINE
8
BLACK
6
CONTINUOUS
10
0.5232564566929133
20
0.4476449212598425
11
0.5235611023622048
21
0.4476149212598425
0
LINE
8
BLACK
6
CONTINUOUS
10
1.0453851968503938
20
0.4384603543307086
11
1.0454831889763778
21
0.4384197637795276
0
LINE
8
BLACK
6
CONTINUOUS
10
1.0454831889763778
20
0.4384197637795276
11
1.0455890157480314
21
0.4384122440944882
0
LINE
8
BLACK
6
CONTINUOUS
10
1.0455890157480314
20
0.4384122440944882
11
1.0461296456692912
21
0.4382053543307087
0
LINE
8
BLACK
6
CONTINUOUS
10
1.0461296456692912
20
0.4382053543307087
11
1.0498791732283463
21
0.4363305905511811
0
LINE
8
BLACK
6
CONTINUOUS
10
1.0498791732283463
20
0.4363305905511811
11
1.0501271653543307
21
0.4361745275590551
0
LINE
8
BLACK
6
CONTINUOUS
10
1.0501271653543307
20
0.4361745275590551
11
1.0501991338582677
21
0.4361446850393701
0
LINE
8
BLACK
6
CONTINUOUS
10
1.0501991338582677
20
0.4361446850393701
11
1.0502800787401574
21
0.4360782283464567
0
LINE
8
BLACK
6
CONTINUOUS
10
1.0502800787401574
20
0.4360782283464567
11
1.0503690551181102
21
0.4360222440944882
0
LINE
8
BLACK
6
CONTINUOUS
10
1.0503690551181102
20
0.4360222440944882
11
1.0504201968503937
21
0.4359632677165354
0
LINE
8
BLACK
6
CONTINUOUS
10
1.0504201968503937
20
0.4359632677165354
11
1.0506465748031495
21
0.4357774803149606
0
LINE
8
BLACK
6
CONTINUOUS
10
1.0506465748031495
20
0.4357774803149606
11
1.052521338582677
21
0.4339027165354331
0
LINE
8
BLACK
6
CONTINUOUS
10
1.052521338582677
20
0.4339027165354331
11
1.0527070866141732
21
0.4336763779527559
0
LINE
8
BLACK
6
CONTINUOUS
10
1.0527070866141732
20
0.4336763779527559
11
1.0527661023622048
21
0.4336251968503937
0
LINE
8
BLACK
6
CONTINUOUS
10
1.0527661023622048
20
0.4336251968503937
11
1.0528220472440946
21
0.4335362598425197
0
LINE
8
BLACK
6
CONTINUOUS
10
1.0528220472440946
20
0.4335362598425197
11
1.0528885433070867
21
0.4334552755905512
0
LINE
8
BLACK
6
CONTINUOUS
10
1.0528885433070867
20
0.4334552755905512
11
1.0529183464566929
21
0.4333833464566929
0
LINE
8
BLACK
6
CONTINUOUS
10
1.0529183464566929
20
0.4333833464566929
11
1.0530744488188977
21
0.4331353149606299
0
LINE
8
BLACK
6
CONTINUOUS
10
1.0530744488188977
20
0.4331353149606299
11
1.0549492125984252
21
0.4293857874015748
0
LINE
8
BLACK
6
CONTINUOUS
10
1.0549492125984252
20
0.4293857874015748
11
1.0551561023622047
21
0.4288451968503937
0
LINE
8
BLACK
6
CONTINUOUS
10
1.0551561023622047
20
0.4288451968503937
11
1.055163622047244
21
0.4287393307086614
0
LINE
8
BLACK
6
CONTINUOUS
10
1.055163622047244
20
0.4287393307086614
11
1.0552042125984251
21
0.4286413385826772
0
LINE
8
BLACK
6
CONTINUOUS
10
1.0552042125984251
20
0.4286413385826772
11
1.0552566141732282
21
0.4281092125984252
0
LINE
8
BLACK
6
CONTINUOUS
10
1.0552566141732282
20
0.4281092125984252
11
1.0693625984251969
21
0.4379833464566929
0
LINE
8
BLACK
6
CONTINUOUS
10
1.0693625984251969
20
0.4379833464566929
11
1.0698670472440945
21
0.4382672047244094
0
LINE
8
BLACK
6
CONTINUOUS
10
1.0698670472440945
20
0.4382672047244094
11
1.0709918897637796
21
0.4385163779527559
0
LINE
8
BLACK
6
CONTINUOUS
10
1.0709918897637796
20
0.4385163779527559
11
1.0721264566929134
21
0.4383161811023622
0
LINE
8
BLACK
6
CONTINUOUS
10
1.0721264566929134
20
0.4383161811023622
11
1.073098031496063
21
0.4376970078740157
0
LINE
8
BLACK
6
CONTINUOUS
10
1.073098031496063
20
0.4376970078740157
11
1.0737587401574802
21
0.4367531496062992
0
LINE
8
BLACK
6
CONTINUOUS
10
1.0737587401574802
20
0.4367531496062992
11
1.0740079527559054
21
0.4356283070866142
0
LINE
8
BLACK
6
CONTINUOUS
10
1.0740079527559054
20
0.4356283070866142
11
1.0738077165354329
21
0.434493779527559
0
LINE
8
BLACK
6
CONTINUOUS
10
1.0738077165354329
20
0.434493779527559
11
1.0731885433070867
21
0.4335221653543307
0
LINE
8
BLACK
6
CONTINUOUS
10
1.0731885433070867
20
0.4335221653543307
11
1.0727491732283465
21
0.4331453543307087
0
LINE
8
BLACK
6
CONTINUOUS
10
1.0727491732283465
20
0.4331453543307087
11
1.0552609448818897
21
0.4209036220472441
0
LINE
8
BLACK
6
CONTINUOUS
10
1.0552609448818897
20
0.4209036220472441
11
1.0552609448818897
21
0.4160199212598425
0
LINE
8
BLACK
6
CONTINUOUS
10
1.0552609448818897
20
0.4160199212598425
11
1.0710558661417322
21
0.4160199212598425
0
LINE
8
BLACK
6
CONTINUOUS
10
1.0710558661417322
20
0.4160199212598425
11
1.0716319291338583
21
0.415963188976378
0
LINE
8
BLACK
6
CONTINUOUS
10
1.0716319291338583
20
0.415963188976378
11
1.0726963385826771
21
0.4155222834645669
0
LINE
8
BLACK
6
CONTINUOUS
10
1.0726963385826771
20
0.4155222834645669
11
1.0735109842519686
21
0.4147076377952756
0
LINE
8
BLACK
6
CONTINUOUS
10
1.0735109842519686
20
0.4147076377952756
11
1.0739518897637794
21
0.4136432283464567
0
LINE
8
BLACK
6
CONTINUOUS
10
1.0739518897637794
20
0.4136432283464567
11
1.0739518897637794
21
0.4124911023622047
0
LINE
8
BLACK
6
CONTINUOUS
10
1.0739518897637794
20
0.4124911023622047
11
1.0735109842519686
21
0.4114266929133858
0
LINE
8
BLACK
6
CONTINUOUS
10
1.0735109842519686
20
0.4114266929133858
11
1.0726963385826771
21
0.4106120472440945
0
LINE
8
BLACK
6
CONTINUOUS
10
1.0726963385826771
20
0.4106120472440945
11
1.0716319291338583
21
0.4101711417322835
0
LINE
8
BLACK
6
CONTINUOUS
10
1.0716319291338583
20
0.4101711417322835
11
1.0710558661417322
21
0.4101144094488189
0
LINE
8
BLACK
6
CONTINUOUS
10
1.0710558661417322
20
0.4101144094488189
11
1.0316857874015748
21
0.4101144094488189
0
LINE
8
BLACK
6
CONTINUOUS
10
1.0316857874015748
20
0.4101144094488189
11
1.0311097244094487
21
0.4101711417322835
0
LINE
8
BLACK
6
CONTINUOUS
10
1.0311097244094487
20
0.4101711417322835
11
1.0300453149606299
21
0.4106120472440945
0
LINE
8
BLACK
6
CONTINUOUS
10
1.0300453149606299
20
0.4106120472440945
11
1.0292306692913387
21
0.4114266929133858
0
LINE
8
BLACK
6
CONTINUOUS
10
1.0292306692913387
20
0.4114266929133858
11
1.0287897637795276
21
0.4124911023622047
0
LINE
8
BLACK
6
CONTINUOUS
10
1.0287897637795276
20
0.4124911023622047
11
1.028733031496063
21
0.4130671653543307
0
LINE
8
BLACK
6
CONTINUOUS
10
1.028733031496063
20
0.4130671653543307
11
1.028733031496063
21
0.4280652755905512
0
LINE
8
BLACK
6
CONTINUOUS
10
1.028733031496063
20
0.4280652755905512
11
1.0287897637795276
21
0.4286413385826772
0
LINE
8
BLACK
6
CONTINUOUS
10
1.0287897637795276
20
0.4286413385826772
11
1.0288303543307087
21
0.4287393700787401
0
LINE
8
BLACK
6
CONTINUOUS
10
1.0288303543307087
20
0.4287393700787401
11
1.028837874015748
21
0.4288451574803149
0
LINE
8
BLACK
6
CONTINUOUS
10
1.028837874015748
20
0.4288451574803149
11
1.0290447637795275
21
0.4293857874015748
0
LINE
8
BLACK
6
CONTINUOUS
10
1.0290447637795275
20
0.4293857874015748
11
1.030919527559055
21
0.4331353149606299
0
LINE
8
BLACK
6
CONTINUOUS
10
1.030919527559055
20
0.4331353149606299
11
1.031075590551181
21
0.4333833464566929
0
LINE
8
BLACK
6
CONTINUOUS
10
1.031075590551181
20
0.4333833464566929
11
1.0311054330708662
21
0.4334552755905512
0
LINE
8
BLACK
6
CONTINUOUS
10
1.0311054330708662
20
0.4334552755905512
11
1.0311718897637796
21
0.4335362598425197
0
LINE
8
BLACK
6
CONTINUOUS
10
1.0311718897637796
20
0.4335362598425197
11
1.0312278740157481
21
0.4336251968503937
0
LINE
8
BLACK
6
CONTINUOUS
10
1.0312278740157481
20
0.4336251968503937
11
1.0312868503937007
21
0.4336763779527559
0
LINE
8
BLACK
6
CONTINUOUS
10
1.0312868503937007
20
0.4336763779527559
11
1.0314726377952756
21
0.4339027165354331
0
LINE
8
BLACK
6
CONTINUOUS
10
1.0314726377952756
20
0.4339027165354331
11
1.0333474015748032
21
0.4357774803149606
0
LINE
8
BLACK
6
CONTINUOUS
10
1.0333474015748032
20
0.4357774803149606
11
1.0335737401574803
21
0.4359632677165354
0
LINE
8
BLACK
6
CONTINUOUS
10
1.0335737401574803
20
0.4359632677165354
11
1.0336249212598425
21
0.4360222440944882
0
LINE
8
BLACK
6
CONTINUOUS
10
1.0336249212598425
20
0.4360222440944882
11
1.0337138582677166
21
0.4360782283464567
0
LINE
8
BLACK
6
CONTINUOUS
10
1.0337138582677166
20
0.4360782283464567
11
1.033794842519685
21
0.4361446850393701
0
LINE
8
BLACK
6
CONTINUOUS
10
1.033794842519685
20
0.4361446850393701
11
1.0338667716535432
21
0.4361745275590551
0
LINE
8
BLACK
6
CONTINUOUS
10
1.0338667716535432
20
0.4361745275590551
11
1.0341148031496064
21
0.4363305905511811
0
LINE
8
BLACK
6
CONTINUOUS
10
1.0341148031496064
20
0.4363305905511811
11
1.0378643307086615
21
0.4382053543307087
0
LINE
8
BLACK
6
CONTINUOUS
10
1.0378643307086615
20
0.4382053543307087
11
1.0384049212598425
21
0.4384122440944882
0
LINE
8
BLACK
6
CONTINUOUS
10
1.0384049212598425
20
0.4384122440944882
11
1.0385107874015749
21
0.4384198031496063
0
LINE
8
BLACK
6
CONTINUOUS
10
1.0385107874015749
20
0.4384198031496063
11
1.0386087795275589
21
0.4384603543307086
0
LINE
8
BLACK
6
CONTINUOUS
10
1.0386087795275589
20
0.4384603543307086
11
1.039184842519685
21
0.4385170866141732
0
LINE
8
BLACK
6
CONTINUOUS
10
1.039184842519685
20
0.4385170866141732
11
1.0448091338582677
21
0.4385170866141732
0
LINE
8
BLACK
6
CONTINUOUS
10
1.0448091338582677
20
0.4385170866141732
11
1.0453851968503938
21
0.4384603543307086
0
LINE
8
BLACK
6
CONTINUOUS
10
1.037184409448819
20
0.4312628346456693
11
1.0359872834645669
21
0.4300657086614173
0
LINE
8
BLACK
6
CONTINUOUS
10
1.0359872834645669
20
0.4300657086614173
11
1.0346385433070866
21
0.4273682283464567
0
LINE
8
BLACK
6
CONTINUOUS
10
1.0346385433070866
20
0.4273682283464567
11
1.0346385433070866
21
0.4160199212598425
0
LINE
8
BLACK
6
CONTINUOUS
10
1.0346385433070866
20
0.4160199212598425
11
1.0493554330708661
21
0.4160199212598425
0
LINE
8
BLACK
6
CONTINUOUS
10
1.0493554330708661
20
0.4160199212598425
11
1.0493554330708661
21
0.4273682283464567
0
LINE
8
BLACK
6
CONTINUOUS
10
1.0493554330708661
20
0.4273682283464567
11
1.0480066929133858
21
0.4300657086614173
0
LINE
8
BLACK
6
CONTINUOUS
10
1.0480066929133858
20
0.4300657086614173
11
1.0468095669291337
21
0.4312628346456693
0
LINE
8
BLACK
6
CONTINUOUS
10
1.0468095669291337
20
0.4312628346456693
11
1.0441120866141731
21
0.4326115748031496
0
LINE
8
BLACK
6
CONTINUOUS
10
1.0441120866141731
20
0.4326115748031496
11
1.0398818897637796
21
0.4326115748031496
0
LINE
8
BLACK
6
CONTINUOUS
10
1.0398818897637796
20
0.4326115748031496
11
1.037184409448819
21
0.4312628346456693
0
LINE
8
BLACK
6
CONTINUOUS
10
0.8040524803149606
20
0.4540535826771653
11
0.8042322834645669
21
0.4531496062992126
0
LINE
8
BLACK
6
CONTINUOUS
10
0.8042322834645669
20
0.4531496062992126
11
0.8042322834645669
21
0.4224409448818898
0
LINE
8
BLACK
6
CONTINUOUS
10
0.8042322834645669
20
0.4224409448818898
11
0.8040524803149606
21
0.421536968503937
0
LINE
8
BLACK
6
CONTINUOUS
10
0.8040524803149606
20
0.421536968503937
11
0.8027740551181102
21
0.4202585433070866
0
LINE
8
BLACK
6
CONTINUOUS
10
0.8027740551181102
20
0.4202585433070866
11
0.8009661023622047
21
0.4202585433070866
0
LINE
8
BLACK
6
CONTINUOUS
10
0.8009661023622047
20
0.4202585433070866
11
0.7996876771653543
21
0.421536968503937
0
LINE
8
BLACK
6
CONTINUOUS
10
0.7996876771653543
20
0.421536968503937
11
0.799507874015748
21
0.4224409448818898
0
LINE
8
BLACK
6
CONTINUOUS
10
0.799507874015748
20
0.4224409448818898
11
0.799507874015748
21
0.4531496062992126
0
LINE
8
BLACK
6
CONTINUOUS
10
0.799507874015748
20
0.4531496062992126
11
0.7996876771653543
21
0.4540535826771653
0
LINE
8
BLACK
6
CONTINUOUS
10
0.7996876771653543
20
0.4540535826771653
11
0.8009661023622047
21
0.4553320078740157
0
LINE
8
BLACK
6
CONTINUOUS
10
0.8009661023622047
20
0.4553320078740157
11
0.8027740551181102
21
0.4553320078740157
0
LINE
8
BLACK
6
CONTINUOUS
10
0.8027740551181102
20
0.4553320078740157
11
0.8040524803149606
21
0.4540535826771653
0
LINE
8
BLACK
6
CONTINUOUS
10
0.9784619291338582
20
0.4523708267716535
11
0.9786417322834645
21
0.4514668503937008
0
LINE
8
BLACK
6
CONTINUOUS
10
0.9786417322834645
20
0.4514668503937008
11
0.9786417322834645
21
0.4327851181102362
0
LINE
8
BLACK
6
CONTINUOUS
10
0.9786417322834645
20
0.4327851181102362
11
0.9784619291338582
21
0.4318811417322835
0
LINE
8
BLACK
6
CONTINUOUS
10
0.9784619291338582
20
0.4318811417322835
11
0.9771835039370078
21
0.4306027165354331
0
LINE
8
BLACK
6
CONTINUOUS
10
0.9771835039370078
20
0.4306027165354331
11
0.9753755511811023
21
0.4306027165354331
0
LINE
8
BLACK
6
CONTINUOUS
10
0.9753755511811023
20
0.4306027165354331
11
0.9740971259842519
21
0.4318811417322835
0
LINE
8
BLACK
6
CONTINUOUS
10
0.9740971259842519
20
0.4318811417322835
11
0.9739173228346456
21
0.4327851181102362
0
LINE
8
BLACK
6
CONTINUOUS
10
0.9739173228346456
20
0.4327851181102362
11
0.9739173228346456
21
0.4514668503937008
0
LINE
8
BLACK
6
CONTINUOUS
10
0.9739173228346456
20
0.4514668503937008
11
0.9740971259842519
21
0.4523708267716535
0
LINE
8
BLACK
6
CONTINUOUS
10
0.9740971259842519
20
0.4523708267716535
11
0.9753755511811023
21
0.4536492519685039
0
LINE
8
BLACK
6
CONTINUOUS
10
0.9753755511811023
20
0.4536492519685039
11
0.9771835039370078
21
0.4536492519685039
0
LINE
8
BLACK
6
CONTINUOUS
10
0.9771835039370078
20
0.4536492519685039
11
0.9784619291338582
21
0.4523708267716535
0
LINE
8
BLACK
6
CONTINUOUS
10
1.0196036614173227
20
0.4523708267716535
11
1.019783464566929
21
0.4514668503937008
0
LINE
8
BLACK
6
CONTINUOUS
10
1.019783464566929
20
0.4514668503937008
11
1.019783464566929
21
0.4327851181102362
0
LINE
8
BLACK
6
CONTINUOUS
10
1.019783464566929
20
0.4327851181102362
11
1.0196036614173227
21
0.4318811417322835
0
LINE
8
BLACK
6
CONTINUOUS
10
1.0196036614173227
20
0.4318811417322835
11
1.0183252362204724
21
0.4306027165354331
0
LINE
8
BLACK
6
CONTINUOUS
10
1.0183252362204724
20
0.4306027165354331
11
1.0165172834645668
21
0.4306027165354331
0
LINE
8
BLACK
6
CONTINUOUS
10
1.0165172834645668
20
0.4306027165354331
11
1.0152388582677165
21
0.4318811417322835
0
LINE
8
BLACK
6
CONTINUOUS
10
1.0152388582677165
20
0.4318811417322835
11
1.0150590551181102
21
0.4327851181102362
0
LINE
8
BLACK
6
CONTINUOUS
10
1.0150590551181102
20
0.4327851181102362
11
1.0150590551181102
21
0.4514668503937008
0
LINE
8
BLACK
6
CONTINUOUS
10
1.0150590551181102
20
0.4514668503937008
11
1.0152388582677165
21
0.4523708267716535
0
LINE
8
BLACK
6
CONTINUOUS
10
1.0152388582677165
20
0.4523708267716535
11
1.0165172834645668
21
0.4536492519685039
0
LINE
8
BLACK
6
CONTINUOUS
10
1.0165172834645668
20
0.4536492519685039
11
1.0183252362204724
21
0.4536492519685039
0
LINE
8
BLACK
6
CONTINUOUS
10
1.0183252362204724
20
0.4536492519685039
11
1.0196036614173227
21
0.4523708267716535
0
LINE
8
BLACK
6
CONTINUOUS
10
1.0595729527559055
20
0.4773895275590551
11
1.0603875984251969
21
0.4765748818897638
0
LINE
8
BLACK
6
CONTINUOUS
10
1.0603875984251969
20
0.4765748818897638
11
1.0608285039370078
21
0.4755104724409449
0
LINE
8
BLACK
6
CONTINUOUS
10
1.0608285039370078
20
0.4755104724409449
11
1.0608852362204724
21
0.4749344094488189
0
LINE
8
BLACK
6
CONTINUOUS
10
1.0608852362204724
20
0.4749344094488189
11
1.0608852362204724
21
0.472262874015748
0
LINE
8
BLACK
6
CONTINUOUS
10
1.0608852362204724
20
0.472262874015748
11
1.0710558661417322
21
0.472262874015748
0
LINE
8
BLACK
6
CONTINUOUS
10
1.0710558661417322
20
0.472262874015748
11
1.0716319291338583
21
0.4722061417322835
0
LINE
8
BLACK
6
CONTINUOUS
10
1.0716319291338583
20
0.4722061417322835
11
1.0726963385826771
21
0.4717652362204725
0
LINE
8
BLACK
6
CONTINUOUS
10
1.0726963385826771
20
0.4717652362204725
11
1.0735109842519686
21
0.4709505905511811
0
LINE
8
BLACK
6
CONTINUOUS
10
1.0735109842519686
20
0.4709505905511811
11
1.0739518897637794
21
0.4698861811023622
0
LINE
8
BLACK
6
CONTINUOUS
10
1.0739518897637794
20
0.4698861811023622
11
1.0739518897637794
21
0.4687340551181102
0
LINE
8
BLACK
6
CONTINUOUS
10
1.0739518897637794
20
0.4687340551181102
11
1.0735109842519686
21
0.4676696456692913
0
LINE
8
BLACK
6
CONTINUOUS
10
1.0735109842519686
20
0.4676696456692913
11
1.0726963385826771
21
0.466855
0
LINE
8
BLACK
6
CONTINUOUS
10
1.0726963385826771
20
0.466855
11
1.0716319291338583
21
0.466414094488189
0
LINE
8
BLACK
6
CONTINUOUS
10
1.0716319291338583
20
0.466414094488189
11
1.0710558661417322
21
0.4663573622047244
0
LINE
8
BLACK
6
CONTINUOUS
10
1.0710558661417322
20
0.4663573622047244
11
1.0608852362204724
21
0.4663573622047244
0
LINE
8
BLACK
6
CONTINUOUS
10
1.0608852362204724
20
0.4663573622047244
11
1.0608852362204724
21
0.4505624803149606
0
LINE
8
BLACK
6
CONTINUOUS
10
1.0608852362204724
20
0.4505624803149606
11
1.060856496062992
21
0.4502709448818897
0
LINE
8
BLACK
6
CONTINUOUS
10
1.060856496062992
20
0.4502709448818897
11
1.0608620472440944
21
0.4501931889763779
0
LINE
8
BLACK
6
CONTINUOUS
10
1.0608620472440944
20
0.4501931889763779
11
1.0608433070866141
21
0.4501370866141732
0
LINE
8
BLACK
6
CONTINUOUS
10
1.0608433070866141
20
0.4501370866141732
11
1.0608285039370078
21
0.4499864173228346
0
LINE
8
BLACK
6
CONTINUOUS
10
1.0608285039370078
20
0.4499864173228346
11
1.0606473228346456
21
0.4495490551181102
0
LINE
8
BLACK
6
CONTINUOUS
10
1.0606473228346456
20
0.4495490551181102
11
1.060497716535433
21
0.4491001968503937
0
LINE
8
BLACK
6
CONTINUOUS
10
1.060497716535433
20
0.4491001968503937
11
1.060428188976378
21
0.4490200787401575
0
LINE
8
BLACK
6
CONTINUOUS
10
1.060428188976378
20
0.4490200787401575
11
1.0603875984251969
21
0.4489220078740158
0
LINE
8
BLACK
6
CONTINUOUS
10
1.0603875984251969
20
0.4489220078740158
11
1.0600528346456692
21
0.4485872834645669
0
LINE
8
BLACK
6
CONTINUOUS
10
1.0600528346456692
20
0.4485872834645669
11
1.0597428346456692
21
0.4482298031496063
0
LINE
8
BLACK
6
CONTINUOUS
10
1.0597428346456692
20
0.4482298031496063
11
1.0596479527559055
21
0.4481824015748032
0
LINE
8
BLACK
6
CONTINUOUS
10
1.0596479527559055
20
0.4481824015748032
11
1.0595729527559055
21
0.4481073622047244
0
LINE
8
BLACK
6
CONTINUOUS
10
1.0595729527559055
20
0.4481073622047244
11
1.0591354724409447
21
0.4479261811023622
0
LINE
8
BLACK
6
CONTINUOUS
10
1.0591354724409447
20
0.4479261811023622
11
1.0587123622047243
21
0.4477146062992126
0
LINE
8
BLACK
6
CONTINUOUS
10
1.0587123622047243
20
0.4477146062992126
11
1.0586066141732284
21
0.4477071259842519
0
LINE
8
BLACK
6
CONTINUOUS
10
1.0586066141732284
20
0.4477071259842519
11
1.0585085433070867
21
0.4476664566929134
0
LINE
8
BLACK
6
CONTINUOUS
10
1.0585085433070867
20
0.4476664566929134
11
1.0580350000000001
21
0.4476664566929134
0
LINE
8
BLACK
6
CONTINUOUS
10
1.0580350000000001
20
0.4476664566929134
11
1.0575631496062992
21
0.4476329133858268
0
LINE
8
BLACK
6
CONTINUOUS
10
1.0575631496062992
20
0.4476329133858268
11
1.0574156299212598
21
0.4476664566929134
0
LINE
8
BLACK
6
CONTINUOUS
10
1.0574156299212598
20
0.4476664566929134
11
1.0573564173228347
21
0.4476664566929134
0
LINE
8
BLACK
6
CONTINUOUS
10
1.0573564173228347
20
0.4476664566929134
11
1.0572843307086615
21
0.4476963385826772
0
LINE
8
BLACK
6
CONTINUOUS
10
1.0572843307086615
20
0.4476963385826772
11
1.0569987007874015
21
0.4477612598425197
0
LINE
8
BLACK
6
CONTINUOUS
10
1.0569987007874015
20
0.4477612598425197
11
1.028877283464567
21
0.4571350787401575
0
LINE
8
BLACK
6
CONTINUOUS
10
1.028877283464567
20
0.4571350787401575
11
1.0283487007874015
21
0.457371062992126
0
LINE
8
BLACK
6
CONTINUOUS
10
1.0283487007874015
20
0.457371062992126
11
1.0274783464566928
21
0.4581259448818897
0
LINE
8
BLACK
6
CONTINUOUS
10
1.0274783464566928
20
0.4581259448818897
11
1.0269631496062992
21
0.4591563779527559
0
LINE
8
BLACK
6
CONTINUOUS
10
1.0269631496062992
20
0.4591563779527559
11
1.0268814566929134
21
0.4603055905511811
0
LINE
8
BLACK
6
CONTINUOUS
10
1.0268814566929134
20
0.4603055905511811
11
1.0272457874015748
21
0.4613986220472441
0
LINE
8
BLACK
6
CONTINUOUS
10
1.0272457874015748
20
0.4613986220472441
11
1.0280006692913386
21
0.4622689763779527
0
LINE
8
BLACK
6
CONTINUOUS
10
1.0280006692913386
20
0.4622689763779527
11
1.0290311023622047
21
0.4627841732283465
0
LINE
8
BLACK
6
CONTINUOUS
10
1.0290311023622047
20
0.4627841732283465
11
1.0301803149606299
21
0.4628658661417323
0
LINE
8
BLACK
6
CONTINUOUS
10
1.0301803149606299
20
0.4628658661417323
11
1.0307447637795275
21
0.4627375196850393
0
LINE
8
BLACK
6
CONTINUOUS
10
1.0307447637795275
20
0.4627375196850393
11
1.0549797244094488
21
0.4546592125984252
0
LINE
8
BLACK
6
CONTINUOUS
10
1.0549797244094488
20
0.4546592125984252
11
1.0549797244094488
21
0.4663573622047244
0
LINE
8
BLACK
6
CONTINUOUS
10
1.0549797244094488
20
0.4663573622047244
11
1.0448091338582677
21
0.4663573622047244
0
LINE
8
BLACK
6
CONTINUOUS
10
1.0448091338582677
20
0.4663573622047244
11
1.0442330708661418
21
0.466414094488189
0
LINE
8
BLACK
6
CONTINUOUS
10
1.0442330708661418
20
0.466414094488189
11
1.0431686614173228
21
0.466855
0
LINE
8
BLACK
6
CONTINUOUS
10
1.0431686614173228
20
0.466855
11
1.0423540157480315
21
0.4676696456692913
0
LINE
8
BLACK
6
CONTINUOUS
10
1.0423540157480315
20
0.4676696456692913
11
1.0419131102362205
21
0.4687340551181102
0
LINE
8
BLACK
6
CONTINUOUS
10
1.0419131102362205
20
0.4687340551181102
11
1.0419131102362205
21
0.4698861811023622
0
LINE
8
BLACK
6
CONTINUOUS
10
1.0419131102362205
20
0.4698861811023622
11
1.0423540157480315
21
0.4709505905511811
0
LINE
8
BLACK
6
CONTINUOUS
10
1.0423540157480315
20
0.4709505905511811
11
1.0431686614173228
21
0.4717652362204725
0
LINE
8
BLACK
6
CONTINUOUS
10
1.0431686614173228
20
0.4717652362204725
11
1.0442330708661418
21
0.4722061417322835
0
LINE
8
BLACK
6
CONTINUOUS
10
1.0442330708661418
20
0.4722061417322835
11
1.0448091338582677
21
0.472262874015748
0
LINE
8
BLACK
6
CONTINUOUS
10
1.0448091338582677
20
0.472262874015748
11
1.0549797244094488
21
0.472262874015748
0
LINE
8
BLACK
6
CONTINUOUS
10
1.0549797244094488
20
0.472262874015748
11
1.0549797244094488
21
0.4749344094488189
0
LINE
8
BLACK
6
CONTINUOUS
10
1.0549797244094488
20
0.4749344094488189
11
1.0550364566929133
21
0.4755104724409449
0
LINE
8
BLACK
6
CONTINUOUS
10
1.0550364566929133
20
0.4755104724409449
11
1.0554773622047244
21
0.4765748818897638
0
LINE
8
BLACK
6
CONTINUOUS
10
1.0554773622047244
20
0.4765748818897638
11
1.0562920078740157
21
0.4773895275590551
0
LINE
8
BLACK
6
CONTINUOUS
10
1.0562920078740157
20
0.4773895275590551
11
1.0573564173228347
21
0.4778304330708661
0
LINE
8
BLACK
6
CONTINUOUS
10
1.0573564173228347
20
0.4778304330708661
11
1.0585085433070867
21
0.4778304330708661
0
LINE
8
BLACK
6
CONTINUOUS
10
1.0585085433070867
20
0.4778304330708661
11
1.0595729527559055
21
0.4773895275590551
0
LINE
8
BLACK
6
CONTINUOUS
10
0.7850496850393701
20
0.5224193700787402
11
0.7851274409448818
21
0.5224248818897638
0
LINE
8
BLACK
6
CONTINUOUS
10
0.7851274409448818
20
0.5224248818897638
11
0.7852296850393701
21
0.522401653543307
0
LINE
8
BLACK
6
CONTINUOUS
10
0.7852296850393701
20
0.522401653543307
11
0.7853342125984252
21
0.5223913385826772
0
LINE
8
BLACK
6
CONTINUOUS
10
0.7853342125984252
20
0.5223913385826772
11
0.7854062992125984
21
0.5223614960629921
0
LINE
8
BLACK
6
CONTINUOUS
10
0.7854062992125984
20
0.5223614960629921
11
0.7856918897637795
21
0.5222965354330709
0
LINE
8
BLACK
6
CONTINUOUS
10
0.7856918897637795
20
0.5222965354330709
11
0.7913161811023622
21
0.5204217716535433
0
LINE
8
BLACK
6
CONTINUOUS
10
0.7913161811023622
20
0.5204217716535433
11
0.7918447244094488
21
0.5201857874015748
0
LINE
8
BLACK
6
CONTINUOUS
10
0.7918447244094488
20
0.5201857874015748
11
0.791924842519685
21
0.5201162992125984
0
LINE
8
BLACK
6
CONTINUOUS
10
0.791924842519685
20
0.5201162992125984
11
0.7920229133858268
21
0.5200756692913385
0
LINE
8
BLACK
6
CONTINUOUS
10
0.7920229133858268
20
0.5200756692913385
11
0.7924703543307087
21
0.5197084645669291
0
LINE
8
BLACK
6
CONTINUOUS
10
0.7924703543307087
20
0.5197084645669291
11
0.7943451181102362
21
0.5178337007874015
0
LINE
8
BLACK
6
CONTINUOUS
10
0.7943451181102362
20
0.5178337007874015
11
0.7947123228346457
21
0.5173862598425196
0
LINE
8
BLACK
6
CONTINUOUS
10
0.7947123228346457
20
0.5173862598425196
11
0.7951532283464566
21
0.5163218503937008
0
LINE
8
BLACK
6
CONTINUOUS
10
0.7951532283464566
20
0.5163218503937008
11
0.7951532283464566
21
0.5151697637795275
0
LINE
8
BLACK
6
CONTINUOUS
10
0.7951532283464566
20
0.5151697637795275
11
0.7947123228346457
21
0.5141053543307087
0
LINE
8
BLACK
6
CONTINUOUS
10
0.7947123228346457
20
0.5141053543307087
11
0.7938976377952756
21
0.5132906692913386
0
LINE
8
BLACK
6
CONTINUOUS
10
0.7938976377952756
20
0.5132906692913386
11
0.7928332283464566
21
0.5128497637795275
0
LINE
8
BLACK
6
CONTINUOUS
10
0.7928332283464566
20
0.5128497637795275
11
0.7916811417322834
21
0.5128497637795275
0
LINE
8
BLACK
6
CONTINUOUS
10
0.7916811417322834
20
0.5128497637795275
11
0.7906167322834645
21
0.5132906692913386
0
LINE
8
BLACK
6
CONTINUOUS
10
0.7906167322834645
20
0.5132906692913386
11
0.7901692913385827
21
0.513657874015748
0
LINE
8
BLACK
6
CONTINUOUS
10
0.7901692913385827
20
0.513657874015748
11
0.7887874015748031
21
0.5150397637795275
0
LINE
8
BLACK
6
CONTINUOUS
10
0.7887874015748031
20
0.5150397637795275
11
0.7842790157480315
21
0.5165425590551181
0
LINE
8
BLACK
6
CONTINUOUS
10
0.7842790157480315
20
0.5165425590551181
11
0.7814877559055118
21
0.5165425590551181
0
LINE
8
BLACK
6
CONTINUOUS
10
0.7814877559055118
20
0.5165425590551181
11
0.7769793700787402
21
0.5150397637795275
0
LINE
8
BLACK
6
CONTINUOUS
10
0.7769793700787402
20
0.5150397637795275
11
0.7740615354330709
21
0.5121219291338582
0
LINE
8
BLACK
6
CONTINUOUS
10
0.7740615354330709
20
0.5121219291338582
11
0.7725460236220473
21
0.5090909448818898
0
LINE
8
BLACK
6
CONTINUOUS
10
0.7725460236220473
20
0.5090909448818898
11
0.770838031496063
21
0.5022588976377953
0
LINE
8
BLACK
6
CONTINUOUS
10
0.770838031496063
20
0.5022588976377953
11
0.770838031496063
21
0.4973616929133858
0
LINE
8
BLACK
6
CONTINUOUS
10
0.770838031496063
20
0.4973616929133858
11
0.7725460236220473
21
0.4905296456692913
0
LINE
8
BLACK
6
CONTINUOUS
10
0.7725460236220473
20
0.4905296456692913
11
0.7740615354330709
21
0.4874986614173228
0
LINE
8
BLACK
6
CONTINUOUS
10
0.7740615354330709
20
0.4874986614173228
11
0.7769793700787402
21
0.4845807874015748
0
LINE
8
BLACK
6
CONTINUOUS
10
0.7769793700787402
20
0.4845807874015748
11
0.7814877559055118
21
0.4830779921259842
0
LINE
8
BLACK
6
CONTINUOUS
10
0.7814877559055118
20
0.4830779921259842
11
0.7842790157480315
21
0.4830779921259842
0
LINE
8
BLACK
6
CONTINUOUS
10
0.7842790157480315
20
0.4830779921259842
11
0.7887874015748031
21
0.4845808267716535
0
LINE
8
BLACK
6
CONTINUOUS
10
0.7887874015748031
20
0.4845808267716535
11
0.790169251968504
21
0.4859626771653543
0
LINE
8
BLACK
6
CONTINUOUS
10
0.790169251968504
20
0.4859626771653543
11
0.7906167322834645
21
0.4863299212598425
0
LINE
8
BLACK
6
CONTINUOUS
10
0.7906167322834645
20
0.4863299212598425
11
0.7916811417322834
21
0.4867708267716535
0
LINE
8
BLACK
6
CONTINUOUS
10
0.7916811417322834
20
0.4867708267716535
11
0.7928332283464566
21
0.4867708267716535
0
LINE
8
BLACK
6
CONTINUOUS
10
0.7928332283464566
20
0.4867708267716535
11
0.7938976377952756
21
0.4863299606299212
0
LINE
8
BLACK
6
CONTINUOUS
10
0.7938976377952756
20
0.4863299606299212
11
0.7947123228346457
21
0.4855152755905512
0
LINE
8
BLACK
6
CONTINUOUS
10
0.7947123228346457
20
0.4855152755905512
11
0.7951532283464566
21
0.4844508661417323
0
LINE
8
BLACK
6
CONTINUOUS
10
0.7951532283464566
20
0.4844508661417323
11
0.7951532283464566
21
0.4832987795275591
0
LINE
8
BLACK
6
CONTINUOUS
10
0.7951532283464566
20
0.4832987795275591
11
0.7947123622047244
21
0.4822343700787401
0
LINE
8
BLACK
6
CONTINUOUS
10
0.7947123622047244
20
0.4822343700787401
11
0.7943451181102362
21
0.4817868897637795
0
LINE
8
BLACK
6
CONTINUOUS
10
0.7943451181102362
20
0.4817868897637795
11
0.7924703937007874
21
0.479912125984252
0
LINE
8
BLACK
6
CONTINUOUS
10
0.7924703937007874
20
0.479912125984252
11
0.7920229133858268
21
0.4795448818897637
0
LINE
8
BLACK
6
CONTINUOUS
10
0.7920229133858268
20
0.4795448818897637
11
0.791924842519685
21
0.4795042913385827
0
LINE
8
BLACK
6
CONTINUOUS
10
0.791924842519685
20
0.4795042913385827
11
0.7918447244094488
21
0.4794347637795275
0
LINE
8
BLACK
6
CONTINUOUS
10
0.7918447244094488
20
0.4794347637795275
11
0.7913161811023622
21
0.4791987795275591
0
LINE
8
BLACK
6
CONTINUOUS
10
0.7913161811023622
20
0.4791987795275591
11
0.7856918897637795
21
0.4773240157480315
0
LINE
8
BLACK
6
CONTINUOUS
10
0.7856918897637795
20
0.4773240157480315
11
0.7854062992125984
21
0.477259094488189
0
LINE
8
BLACK
6
CONTINUOUS
10
0.7854062992125984
20
0.477259094488189
11
0.7853342125984252
21
0.4772292125984252
0
LINE
8
BLACK
6
CONTINUOUS
10
0.7853342125984252
20
0.4772292125984252
11
0.7852296850393701
21
0.477218937007874
0
LINE
8
BLACK
6
CONTINUOUS
10
0.7852296850393701
20
0.477218937007874
11
0.7851274409448818
21
0.4771956692913386
0
LINE
8
BLACK
6
CONTINUOUS
10
0.7851274409448818
20
0.4771956692913386
11
0.7850496850393701
21
0.477201220472441
0
LINE
8
BLACK
6
CONTINUOUS
10
0.7850496850393701
20
0.477201220472441
11
0.7847581496062992
21
0.4771724803149606
0
LINE
8
BLACK
6
CONTINUOUS
10
0.7847581496062992
20
0.4771724803149606
11
0.7810086220472441
21
0.4771724803149606
0
LINE
8
BLACK
6
CONTINUOUS
10
0.7810086220472441
20
0.4771724803149606
11
0.7807170078740158
21
0.477201220472441
0
LINE
8
BLACK
6
CONTINUOUS
10
0.7807170078740158
20
0.477201220472441
11
0.7806392913385827
21
0.4771956692913386
0
LINE
8
BLACK
6
CONTINUOUS
10
0.7806392913385827
20
0.4771956692913386
11
0.7805370078740157
21
0.477218937007874
0
LINE
8
BLACK
6
CONTINUOUS
10
0.7805370078740157
20
0.477218937007874
11
0.7804325590551181
21
0.4772292125984252
0
LINE
8
BLACK
6
CONTINUOUS
10
0.7804325590551181
20
0.4772292125984252
11
0.7803604724409449
21
0.477259094488189
0
LINE
8
BLACK
6
CONTINUOUS
10
0.7803604724409449
20
0.477259094488189
11
0.7800748425196851
21
0.4773240157480315
0
LINE
8
BLACK
6
CONTINUOUS
10
0.7800748425196851
20
0.4773240157480315
11
0.774450590551181
21
0.4791987795275591
0
LINE
8
BLACK
6
CONTINUOUS
10
0.774450590551181
20
0.4791987795275591
11
0.7739220078740158
21
0.4794347637795275
0
LINE
8
BLACK
6
CONTINUOUS
10
0.7739220078740158
20
0.4794347637795275
11
0.7738418897637795
21
0.4795042519685039
0
LINE
8
BLACK
6
CONTINUOUS
10
0.7738418897637795
20
0.4795042519685039
11
0.7737438582677165
21
0.479544842519685
0
LINE
8
BLACK
6
CONTINUOUS
10
0.7737438582677165
20
0.479544842519685
11
0.7732964173228346
21
0.4799120866141732
0
LINE
8
BLACK
6
CONTINUOUS
10
0.7732964173228346
20
0.4799120866141732
11
0.7695468897637795
21
0.4836616535433071
0
LINE
8
BLACK
6
CONTINUOUS
10
0.7695468897637795
20
0.4836616535433071
11
0.7693611023622047
21
0.483888031496063
0
LINE
8
BLACK
6
CONTINUOUS
10
0.7693611023622047
20
0.483888031496063
11
0.769302125984252
21
0.4839391732283465
0
LINE
8
BLACK
6
CONTINUOUS
10
0.769302125984252
20
0.4839391732283465
11
0.7692461417322835
21
0.4840281102362204
0
LINE
8
BLACK
6
CONTINUOUS
10
0.7692461417322835
20
0.4840281102362204
11
0.7691796456692913
21
0.4841091338582677
0
LINE
8
BLACK
6
CONTINUOUS
10
0.7691796456692913
20
0.4841091338582677
11
0.7691498031496062
21
0.4841811811023622
0
LINE
8
BLACK
6
CONTINUOUS
10
0.7691498031496062
20
0.4841811811023622
11
0.768993779527559
21
0.4844290551181102
0
LINE
8
BLACK
6
CONTINUOUS
10
0.768993779527559
20
0.4844290551181102
11
0.7671190157480314
21
0.4881785826771654
0
LINE
8
BLACK
6
CONTINUOUS
10
0.7671190157480314
20
0.4881785826771654
11
0.7671028740157481
21
0.4882207086614173
0
LINE
8
BLACK
6
CONTINUOUS
10
0.7671028740157481
20
0.4882207086614173
11
0.7670901968503937
21
0.4882378346456693
0
LINE
8
BLACK
6
CONTINUOUS
10
0.7670901968503937
20
0.4882378346456693
11
0.7670037401574803
21
0.4884798031496063
0
LINE
8
BLACK
6
CONTINUOUS
10
0.7670037401574803
20
0.4884798031496063
11
0.766912125984252
21
0.4887192125984252
0
LINE
8
BLACK
6
CONTINUOUS
10
0.766912125984252
20
0.4887192125984252
11
0.766910590551181
21
0.4887404724409449
0
LINE
8
BLACK
6
CONTINUOUS
10
0.766910590551181
20
0.4887404724409449
11
0.7668954330708662
21
0.4887829527559055
0
LINE
8
BLACK
6
CONTINUOUS
10
0.7668954330708662
20
0.4887829527559055
11
0.7650206692913386
21
0.4962820078740157
0
LINE
8
BLACK
6
CONTINUOUS
10
0.7650206692913386
20
0.4962820078740157
11
0.7650058661417323
21
0.4963818897637795
0
LINE
8
BLACK
6
CONTINUOUS
10
0.7650058661417323
20
0.4963818897637795
11
0.7649892519685039
21
0.4964220866141732
0
LINE
8
BLACK
6
CONTINUOUS
10
0.7649892519685039
20
0.4964220866141732
11
0.7649678740157481
21
0.4966391338582677
0
LINE
8
BLACK
6
CONTINUOUS
10
0.7649678740157481
20
0.4966391338582677
11
0.7649360236220473
21
0.4968546062992126
0
LINE
8
BLACK
6
CONTINUOUS
10
0.7649360236220473
20
0.4968546062992126
11
0.7649424015748031
21
0.4968976377952756
0
LINE
8
BLACK
6
CONTINUOUS
10
0.7649424015748031
20
0.4968976377952756
11
0.7649325196850394
21
0.4969981496062992
0
LINE
8
BLACK
6
CONTINUOUS
10
0.7649325196850394
20
0.4969981496062992
11
0.7649325196850394
21
0.5026224409448818
0
LINE
8
BLACK
6
CONTINUOUS
10
0.7649325196850394
20
0.5026224409448818
11
0.7649424015748031
21
0.5027229921259843
0
LINE
8
BLACK
6
CONTINUOUS
10
0.7649424015748031
20
0.5027229921259843
11
0.7649360236220473
21
0.5027659842519685
0
LINE
8
BLACK
6
CONTINUOUS
10
0.7649360236220473
20
0.5027659842519685
11
0.7649678740157481
21
0.5029814960629921
0
LINE
8
BLACK
6
CONTINUOUS
10
0.7649678740157481
20
0.5029814960629921
11
0.7649892519685039
21
0.5031985039370078
0
LINE
8
BLACK
6
CONTINUOUS
10
0.7649892519685039
20
0.5031985039370078
11
0.7650058661417323
21
0.5032387401574803
0
LINE
8
BLACK
6
CONTINUOUS
10
0.7650058661417323
20
0.5032387401574803
11
0.7650206692913386
21
0.5033385826771654
0
LINE
8
BLACK
6
CONTINUOUS
10
0.7650206692913386
20
0.5033385826771654
11
0.7668954330708662
21
0.5108376377952756
0
LINE
8
BLACK
6
CONTINUOUS
10
0.7668954330708662
20
0.5108376377952756
11
0.766910590551181
21
0.5108801574803149
0
LINE
8
BLACK
6
CONTINUOUS
10
0.766910590551181
20
0.5108801574803149
11
0.766912125984252
21
0.5109013779527559
0
LINE
8
BLACK
6
CONTINUOUS
10
0.766912125984252
20
0.5109013779527559
11
0.7670037401574803
21
0.5111408267716535
0
LINE
8
BLACK
6
CONTINUOUS
10
0.7670037401574803
20
0.5111408267716535
11
0.7670901968503937
21
0.5113827559055119
0
LINE
8
BLACK
6
CONTINUOUS
10
0.7670901968503937
20
0.5113827559055119
11
0.7671028740157481
21
0.5113999212598425
0
LINE
8
BLACK
6
CONTINUOUS
10
0.7671028740157481
20
0.5113999212598425
11
0.7671190157480314
21
0.5114420078740157
0
LINE
8
BLACK
6
CONTINUOUS
10
0.7671190157480314
20
0.5114420078740157
11
0.768993779527559
21
0.5151915354330708
0
LINE
8
BLACK
6
CONTINUOUS
10
0.768993779527559
20
0.5151915354330708
11
0.769149842519685
21
0.5154395669291338
0
LINE
8
BLACK
6
CONTINUOUS
10
0.769149842519685
20
0.5154395669291338
11
0.7691796850393701
21
0.5155114960629921
0
LINE
8
BLACK
6
CONTINUOUS
10
0.7691796850393701
20
0.5155114960629921
11
0.7692461417322835
21
0.5155924803149606
0
LINE
8
BLACK
6
CONTINUOUS
10
0.7692461417322835
20
0.5155924803149606
11
0.769302125984252
21
0.5156814173228347
0
LINE
8
BLACK
6
CONTINUOUS
10
0.769302125984252
20
0.5156814173228347
11
0.7693611023622047
21
0.5157325984251968
0
LINE
8
BLACK
6
CONTINUOUS
10
0.7693611023622047
20
0.5157325984251968
11
0.7695468897637795
21
0.515958937007874
0
LINE
8
BLACK
6
CONTINUOUS
10
0.7695468897637795
20
0.515958937007874
11
0.7732964173228346
21
0.5197084645669291
0
LINE
8
BLACK
6
CONTINUOUS
10
0.7732964173228346
20
0.5197084645669291
11
0.7737438582677165
21
0.5200757086614173
0
LINE
8
BLACK
6
CONTINUOUS
10
0.7737438582677165
20
0.5200757086614173
11
0.7738418897637795
21
0.5201163385826771
0
LINE
8
BLACK
6
CONTINUOUS
10
0.7738418897637795
20
0.5201163385826771
11
0.7739220078740158
21
0.5201857874015748
0
LINE
8
BLACK
6
CONTINUOUS
10
0.7739220078740158
20
0.5201857874015748
11
0.774450590551181
21
0.5204217716535433
0
LINE
8
BLACK
6
CONTINUOUS
10
0.774450590551181
20
0.5204217716535433
11
0.7800748425196851
21
0.5222965354330709
0
LINE
8
BLACK
6
CONTINUOUS
10
0.7800748425196851
20
0.5222965354330709
11
0.7803604724409449
21
0.5223614960629921
0
LINE
8
BLACK
6
CONTINUOUS
10
0.7803604724409449
20
0.5223614960629921
11
0.7804325590551181
21
0.5223913385826772
0
LINE
8
BLACK
6
CONTINUOUS
10
0.7804325590551181
20
0.5223913385826772
11
0.7805370078740157
21
0.522401653543307
0
LINE
8
BLACK
6
CONTINUOUS
10
0.7805370078740157
20
0.522401653543307
11
0.7806392913385827
21
0.5224248818897638
0
LINE
8
BLACK
6
CONTINUOUS
10
0.7806392913385827
20
0.5224248818897638
11
0.7807170078740158
21
0.5224193700787402
0
LINE
8
BLACK
6
CONTINUOUS
10
0.7807170078740158
20
0.5224193700787402
11
0.7810086220472441
21
0.5224480708661418
0
LINE
8
BLACK
6
CONTINUOUS
10
0.7810086220472441
20
0.5224480708661418
11
0.7847581496062992
21
0.5224480708661418
0
LINE
8
BLACK
6
CONTINUOUS
10
0.7847581496062992
20
0.5224480708661418
11
0.7850496850393701
21
0.5224193700787402
0
LINE
8
BLACK
6
CONTINUOUS
10
0.8047150787401575
20
0.5522653937007874
11
0.8055297244094488
21
0.5514507480314961
0
LINE
8
BLACK
6
CONTINUOUS
10
0.8055297244094488
20
0.5514507480314961
11
0.8059706299212598
21
0.5503863385826772
0
LINE
8
BLACK
6
CONTINUOUS
10
0.8059706299212598
20
0.5503863385826772
11
0.8060273622047244
21
0.5498102755905512
0
LINE
8
BLACK
6
CONTINUOUS
10
0.8060273622047244
20
0.5498102755905512
11
0.8060273622047244
21
0.5356645275590551
0
LINE
8
BLACK
6
CONTINUOUS
10
0.8060273622047244
20
0.5356645275590551
11
0.8065359448818897
21
0.5351559448818898
0
LINE
8
BLACK
6
CONTINUOUS
10
0.8065359448818897
20
0.5351559448818898
11
0.8065359448818897
21
0.5333479921259843
0
LINE
8
BLACK
6
CONTINUOUS
10
0.8065359448818897
20
0.5333479921259843
11
0.8060273622047244
21
0.5328394094488189
0
LINE
8
BLACK
6
CONTINUOUS
10
0.8060273622047244
20
0.5328394094488189
11
0.8060273622047244
21
0.5186363385826771
0
LINE
8
BLACK
6
CONTINUOUS
10
0.8060273622047244
20
0.5186363385826771
11
0.8073761023622047
21
0.5159388582677166
0
LINE
8
BLACK
6
CONTINUOUS
10
0.8073761023622047
20
0.5159388582677166
11
0.8085732283464567
21
0.5147416929133858
0
LINE
8
BLACK
6
CONTINUOUS
10
0.8085732283464567
20
0.5147416929133858
11
0.8109166535433071
21
0.51357
0
LINE
8
BLACK
6
CONTINUOUS
10
0.8109166535433071
20
0.51357
11
0.8138279527559055
21
0.5223038188976378
0
LINE
8
BLACK
6
CONTINUOUS
10
0.8138279527559055
20
0.5223038188976378
11
0.814063937007874
21
0.5228323622047244
0
LINE
8
BLACK
6
CONTINUOUS
10
0.814063937007874
20
0.5228323622047244
11
0.8148188188976377
21
0.5237027165354331
0
LINE
8
BLACK
6
CONTINUOUS
10
0.8148188188976377
20
0.5237027165354331
11
0.8158492519685039
21
0.5242179527559055
0
LINE
8
BLACK
6
CONTINUOUS
10
0.8158492519685039
20
0.5242179527559055
11
0.8169984645669292
21
0.5242996456692913
0
LINE
8
BLACK
6
CONTINUOUS
10
0.8169984645669292
20
0.5242996456692913
11
0.8180914566929134
21
0.5239353149606299
0
LINE
8
BLACK
6
CONTINUOUS
10
0.8180914566929134
20
0.5239353149606299
11
0.8189618503937007
21
0.5231804330708661
0
LINE
8
BLACK
6
CONTINUOUS
10
0.8189618503937007
20
0.5231804330708661
11
0.8194770472440944
21
0.5221499606299213
0
LINE
8
BLACK
6
CONTINUOUS
10
0.8194770472440944
20
0.5221499606299213
11
0.8195587401574803
21
0.5210007480314961
0
LINE
8
BLACK
6
CONTINUOUS
10
0.8195587401574803
20
0.5210007480314961
11
0.8194303937007874
21
0.5204362992125984
0
LINE
8
BLACK
6
CONTINUOUS
10
0.8194303937007874
20
0.5204362992125984
11
0.8170825984251968
21
0.5133929527559055
0
LINE
8
BLACK
6
CONTINUOUS
10
0.8170825984251968
20
0.5133929527559055
11
0.8173756692913385
21
0.5133929527559055
0
LINE
8
BLACK
6
CONTINUOUS
10
0.8173756692913385
20
0.5133929527559055
11
0.8200731102362204
21
0.5147416929133858
0
LINE
8
BLACK
6
CONTINUOUS
10
0.8200731102362204
20
0.5147416929133858
11
0.8212702362204725
21
0.5159388582677166
0
LINE
8
BLACK
6
CONTINUOUS
10
0.8212702362204725
20
0.5159388582677166
11
0.8226190157480314
21
0.5186363385826771
0
LINE
8
BLACK
6
CONTINUOUS
10
0.8226190157480314
20
0.5186363385826771
11
0.8226190157480314
21
0.5498102755905512
0
LINE
8
BLACK
6
CONTINUOUS
10
0.8226190157480314
20
0.5498102755905512
11
0.822675748031496
21
0.5503863385826772
0
LINE
8
BLACK
6
CONTINUOUS
10
0.822675748031496
20
0.5503863385826772
11
0.8231166535433071
21
0.5514507480314961
0
LINE
8
BLACK
6
CONTINUOUS
10
0.8231166535433071
20
0.5514507480314961
11
0.8239312992125984
21
0.5522653937007874
0
LINE
8
BLACK
6
CONTINUOUS
10
0.8239312992125984
20
0.5522653937007874
11
0.8249957086614172
21
0.5527062992125984
0
LINE
8
BLACK
6
CONTINUOUS
10
0.8249957086614172
20
0.5527062992125984
11
0.8261478346456693
21
0.5527062992125984
0
LINE
8
BLACK
6
CONTINUOUS
10
0.8261478346456693
20
0.5527062992125984
11
0.8272122440944881
21
0.5522653937007874
0
LINE
8
BLACK
6
CONTINUOUS
10
0.8272122440944881
20
0.5522653937007874
11
0.8280268897637795
21
0.5514507480314961
0
LINE
8
BLACK
6
CONTINUOUS
10
0.8280268897637795
20
0.5514507480314961
11
0.8284677952755906
21
0.5503863385826772
0
LINE
8
BLACK
6
CONTINUOUS
10
0.8284677952755906
20
0.5503863385826772
11
0.8285245275590551
21
0.5498102755905512
0
LINE
8
BLACK
6
CONTINUOUS
10
0.8285245275590551
20
0.5498102755905512
11
0.8285245275590551
21
0.5179392913385826
0
LINE
8
BLACK
6
CONTINUOUS
10
0.8285245275590551
20
0.5179392913385826
11
0.8284677952755906
21
0.5173632283464566
0
LINE
8
BLACK
6
CONTINUOUS
10
0.8284677952755906
20
0.5173632283464566
11
0.8284272047244094
21
0.5172652755905511
0
LINE
8
BLACK
6
CONTINUOUS
10
0.8284272047244094
20
0.5172652755905511
11
0.82841968503937
21
0.5171593700787401
0
LINE
8
BLACK
6
CONTINUOUS
10
0.82841968503937
20
0.5171593700787401
11
0.8282127952755906
21
0.5166187795275591
0
LINE
8
BLACK
6
CONTINUOUS
10
0.8282127952755906
20
0.5166187795275591
11
0.826338031496063
21
0.512869251968504
0
LINE
8
BLACK
6
CONTINUOUS
10
0.826338031496063
20
0.512869251968504
11
0.826181968503937
21
0.5126213779527559
0
LINE
8
BLACK
6
CONTINUOUS
10
0.826181968503937
20
0.5126213779527559
11
0.8261521653543307
21
0.5125493307086614
0
LINE
8
BLACK
6
CONTINUOUS
10
0.8261521653543307
20
0.5125493307086614
11
0.8260856299212598
21
0.5124683070866142
0
LINE
8
BLACK
6
CONTINUOUS
10
0.8260856299212598
20
0.5124683070866142
11
0.82602968503937
21
0.5123793700787401
0
LINE
8
BLACK
6
CONTINUOUS
10
0.82602968503937
20
0.5123793700787401
11
0.8259706692913386
21
0.5123282283464566
0
LINE
8
BLACK
6
CONTINUOUS
10
0.8259706692913386
20
0.5123282283464566
11
0.8257849212598425
21
0.5121018503937008
0
LINE
8
BLACK
6
CONTINUOUS
10
0.8257849212598425
20
0.5121018503937008
11
0.8239101968503937
21
0.5102270866141733
0
LINE
8
BLACK
6
CONTINUOUS
10
0.8239101968503937
20
0.5102270866141733
11
0.8236838188976378
21
0.5100413385826772
0
LINE
8
BLACK
6
CONTINUOUS
10
0.8236838188976378
20
0.5100413385826772
11
0.8236326377952756
21
0.5099822834645669
0
LINE
8
BLACK
6
CONTINUOUS
10
0.8236326377952756
20
0.5099822834645669
11
0.8235436614173228
21
0.5099262992125985
0
LINE
8
BLACK
6
CONTINUOUS
10
0.8235436614173228
20
0.5099262992125985
11
0.823462716535433
21
0.5098598425196851
0
LINE
8
BLACK
6
CONTINUOUS
10
0.823462716535433
20
0.5098598425196851
11
0.823390748031496
21
0.5098300393700788
0
LINE
8
BLACK
6
CONTINUOUS
10
0.823390748031496
20
0.5098300393700788
11
0.8231427559055118
21
0.509673937007874
0
LINE
8
BLACK
6
CONTINUOUS
10
0.8231427559055118
20
0.509673937007874
11
0.8193932283464567
21
0.5077991732283464
0
LINE
8
BLACK
6
CONTINUOUS
10
0.8193932283464567
20
0.5077991732283464
11
0.8188525984251969
21
0.5075922834645669
0
LINE
8
BLACK
6
CONTINUOUS
10
0.8188525984251969
20
0.5075922834645669
11
0.8187467716535433
21
0.5075848031496063
0
LINE
8
BLACK
6
CONTINUOUS
10
0.8187467716535433
20
0.5075848031496063
11
0.818648779527559
21
0.5075441732283464
0
LINE
8
BLACK
6
CONTINUOUS
10
0.818648779527559
20
0.5075441732283464
11
0.818072716535433
21
0.5074874409448819
0
LINE
8
BLACK
6
CONTINUOUS
10
0.818072716535433
20
0.5074874409448819
11
0.8151140944881889
21
0.5074874409448819
0
LINE
8
BLACK
6
CONTINUOUS
10
0.8151140944881889
20
0.5074874409448819
11
0.8131432283464567
21
0.5015748031496063
0
LINE
8
BLACK
6
CONTINUOUS
10
0.8131432283464567
20
0.5015748031496063
11
0.8230502362204725
21
0.5015748031496063
0
LINE
8
BLACK
6
CONTINUOUS
10
0.8230502362204725
20
0.5015748031496063
11
0.8230502362204725
21
0.506371968503937
0
LINE
8
BLACK
6
CONTINUOUS
10
0.8230502362204725
20
0.506371968503937
11
0.8231069685039369
21
0.5069480314960629
0
LINE
8
BLACK
6
CONTINUOUS
10
0.8231069685039369
20
0.5069480314960629
11
0.823547874015748
21
0.5080124409448818
0
LINE
8
BLACK
6
CONTINUOUS
10
0.823547874015748
20
0.5080124409448818
11
0.8243625196850394
21
0.5088270866141732
0
LINE
8
BLACK
6
CONTINUOUS
10
0.8243625196850394
20
0.5088270866141732
11
0.8254269291338583
21
0.5092679921259843
0
LINE
8
BLACK
6
CONTINUOUS
10
0.8254269291338583
20
0.5092679921259843
11
0.8265790551181103
21
0.5092679921259843
0
LINE
8
BLACK
6
CONTINUOUS
10
0.8265790551181103
20
0.5092679921259843
11
0.8276434645669292
21
0.5088270866141732
0
LINE
8
BLACK
6
CONTINUOUS
10
0.8276434645669292
20
0.5088270866141732
11
0.8284581102362204
21
0.5080124409448818
0
LINE
8
BLACK
6
CONTINUOUS
10
0.8284581102362204
20
0.5080124409448818
11
0.8288990157480315
21
0.5069480314960629
0
LINE
8
BLACK
6
CONTINUOUS
10
0.8288990157480315
20
0.5069480314960629
11
0.8289557480314961
21
0.506371968503937
0
LINE
8
BLACK
6
CONTINUOUS
10
0.8289557480314961
20
0.506371968503937
11
0.8289557480314961
21
0.5015748031496063
0
LINE
8
BLACK
6
CONTINUOUS
10
0.8289557480314961
20
0.5015748031496063
11
0.8735236220472441
21
0.5015748031496063
0
LINE
8
BLACK
6
CONTINUOUS
10
0.8735236220472441
20
0.5015748031496063
11
0.8744275984251968
21
0.501395
0
LINE
8
BLACK
6
CONTINUOUS
10
0.8744275984251968
20
0.501395
11
0.8757060236220472
21
0.5001165748031496
0
LINE
8
BLACK
6
CONTINUOUS
10
0.8757060236220472
20
0.5001165748031496
11
0.8758858267716535
21
0.4992125984251968
0
LINE
8
BLACK
6
CONTINUOUS
10
0.8758858267716535
20
0.4992125984251968
11
0.8758858267716535
21
0.497244094488189
0
LINE
8
BLACK
6
CONTINUOUS
10
0.8758858267716535
20
0.497244094488189
11
0.8757060236220472
21
0.4963401181102362
0
LINE
8
BLACK
6
CONTINUOUS
10
0.8757060236220472
20
0.4963401181102362
11
0.8744275984251968
21
0.4950616929133858
0
LINE
8
BLACK
6
CONTINUOUS
10
0.8744275984251968
20
0.4950616929133858
11
0.8726196456692913
21
0.4950616929133858
0
LINE
8
BLACK
6
CONTINUOUS
10
0.8726196456692913
20
0.4950616929133858
11
0.8713412204724409
21
0.4963401181102362
0
LINE
8
BLACK
6
CONTINUOUS
10
0.8713412204724409
20
0.4963401181102362
11
0.8712397244094487
21
0.4968503937007874
0
LINE
8
BLACK
6
CONTINUOUS
10
0.8712397244094487
20
0.4968503937007874
11
0.8289557480314961
21
0.4968503937007874
0
LINE
8
BLACK
6
CONTINUOUS
10
0.8289557480314961
20
0.4968503937007874
11
0.8289557480314961
21
0.4962013779527559
0
LINE
8
BLACK
6
CONTINUOUS
10
0.8289557480314961
20
0.4962013779527559
11
0.8316272834645669
21
0.4962013779527559
0
LINE
8
BLACK
6
CONTINUOUS
10
0.8316272834645669
20
0.4962013779527559
11
0.8322033464566929
21
0.4961446456692913
0
LINE
8
BLACK
6
CONTINUOUS
10
0.8322033464566929
20
0.4961446456692913
11
0.8332677559055118
21
0.4957037401574803
0
LINE
8
BLACK
6
CONTINUOUS
10
0.8332677559055118
20
0.4957037401574803
11
0.8340824015748032
21
0.494889094488189
0
LINE
8
BLACK
6
CONTINUOUS
10
0.8340824015748032
20
0.494889094488189
11
0.8345233070866142
21
0.49382468503937
0
LINE
8
BLACK
6
CONTINUOUS
10
0.8345233070866142
20
0.49382468503937
11
0.8345233070866142
21
0.4926725590551181
0
LINE
8
BLACK
6
CONTINUOUS
10
0.8345233070866142
20
0.4926725590551181
11
0.8340824015748032
21
0.4916081496062992
0
LINE
8
BLACK
6
CONTINUOUS
10
0.8340824015748032
20
0.4916081496062992
11
0.8332677559055118
21
0.4907935039370079
0
LINE
8
BLACK
6
CONTINUOUS
10
0.8332677559055118
20
0.4907935039370079
11
0.8322033464566929
21
0.4903525984251969
0
LINE
8
BLACK
6
CONTINUOUS
10
0.8322033464566929
20
0.4903525984251969
11
0.8316272834645669
21
0.4902958661417323
0
LINE
8
BLACK
6
CONTINUOUS
10
0.8316272834645669
20
0.4902958661417323
11
0.8289557480314961
21
0.4902958661417323
0
LINE
8
BLACK
6
CONTINUOUS
10
0.8289557480314961
20
0.4902958661417323
11
0.8289557480314961
21
0.4801252362204724
0
LINE
8
BLACK
6
CONTINUOUS
10
0.8289557480314961
20
0.4801252362204724
11
0.8288990157480315
21
0.4795491732283464
0
LINE
8
BLACK
6
CONTINUOUS
10
0.8288990157480315
20
0.4795491732283464
11
0.8284581102362204
21
0.4784847637795275
0
LINE
8
BLACK
6
CONTINUOUS
10
0.8284581102362204
20
0.4784847637795275
11
0.8276434645669292
21
0.4776701181102362
0
LINE
8
BLACK
6
CONTINUOUS
10
0.8276434645669292
20
0.4776701181102362
11
0.8265790551181103
21
0.4772292125984252
0
LINE
8
BLACK
6
CONTINUOUS
10
0.8265790551181103
20
0.4772292125984252
11
0.8254269291338583
21
0.4772292125984252
0
LINE
8
BLACK
6
CONTINUOUS
10
0.8254269291338583
20
0.4772292125984252
11
0.8243625196850394
21
0.4776701181102362
0
LINE
8
BLACK
6
CONTINUOUS
10
0.8243625196850394
20
0.4776701181102362
11
0.823547874015748
21
0.4784847637795275
0
LINE
8
BLACK
6
CONTINUOUS
10
0.823547874015748
20
0.4784847637795275
11
0.8231069685039369
21
0.4795491732283464
0
LINE
8
BLACK
6
CONTINUOUS
10
0.8231069685039369
20
0.4795491732283464
11
0.8230502362204725
21
0.4801252362204724
0
LINE
8
BLACK
6
CONTINUOUS
10
0.8230502362204725
20
0.4801252362204724
11
0.8230502362204725
21
0.4902958661417323
0
LINE
8
BLACK
6
CONTINUOUS
10
0.8230502362204725
20
0.4902958661417323
11
0.8072553543307086
21
0.4902958661417323
0
LINE
8
BLACK
6
CONTINUOUS
10
0.8072553543307086
20
0.4902958661417323
11
0.806963779527559
21
0.4903246062992126
0
LINE
8
BLACK
6
CONTINUOUS
10
0.806963779527559
20
0.4903246062992126
11
0.806886062992126
21
0.4903190551181102
0
LINE
8
BLACK
6
CONTINUOUS
10
0.806886062992126
20
0.4903190551181102
11
0.8068299212598425
21
0.4903377952755905
0
LINE
8
BLACK
6
CONTINUOUS
10
0.8068299212598425
20
0.4903377952755905
11
0.8066792913385826
21
0.4903525984251969
0
LINE
8
BLACK
6
CONTINUOUS
10
0.8066792913385826
20
0.4903525984251969
11
0.806241968503937
21
0.4905337401574803
0
LINE
8
BLACK
6
CONTINUOUS
10
0.806241968503937
20
0.4905337401574803
11
0.805793031496063
21
0.4906833858267716
0
LINE
8
BLACK
6
CONTINUOUS
10
0.805793031496063
20
0.4906833858267716
11
0.8057128346456692
21
0.4907529527559055
0
LINE
8
BLACK
6
CONTINUOUS
10
0.8057128346456692
20
0.4907529527559055
11
0.8056148818897637
21
0.4907935039370079
0
LINE
8
BLACK
6
CONTINUOUS
10
0.8056148818897637
20
0.4907935039370079
11
0.8052802362204724
21
0.4911281496062992
0
LINE
8
BLACK
6
CONTINUOUS
10
0.8052802362204724
20
0.4911281496062992
11
0.8049226771653543
21
0.4914382677165354
0
LINE
8
BLACK
6
CONTINUOUS
10
0.8049226771653543
20
0.4914382677165354
11
0.8048752362204724
21
0.4915331496062992
0
LINE
8
BLACK
6
CONTINUOUS
10
0.8048752362204724
20
0.4915331496062992
11
0.8048002362204725
21
0.4916081496062992
0
LINE
8
BLACK
6
CONTINUOUS
10
0.8048002362204725
20
0.4916081496062992
11
0.8046190551181103
21
0.4920455118110236
0
LINE
8
BLACK
6
CONTINUOUS
10
0.8046190551181103
20
0.4920455118110236
11
0.8044074803149606
21
0.4924687007874016
0
LINE
8
BLACK
6
CONTINUOUS
10
0.8044074803149606
20
0.4924687007874016
11
0.8043999606299213
21
0.4925744881889764
0
LINE
8
BLACK
6
CONTINUOUS
10
0.8043999606299213
20
0.4925744881889764
11
0.8043593307086614
21
0.4926725590551181
0
LINE
8
BLACK
6
CONTINUOUS
10
0.8043593307086614
20
0.4926725590551181
11
0.8043593307086614
21
0.493146062992126
0
LINE
8
BLACK
6
CONTINUOUS
10
0.8043593307086614
20
0.493146062992126
11
0.8043257874015748
21
0.4936179133858268
0
LINE
8
BLACK
6
CONTINUOUS
10
0.8043257874015748
20
0.4936179133858268
11
0.8043593307086614
21
0.4937654330708661
0
LINE
8
BLACK
6
CONTINUOUS
10
0.8043593307086614
20
0.4937654330708661
11
0.8043593307086614
21
0.49382468503937
0
LINE
8
BLACK
6
CONTINUOUS
10
0.8043593307086614
20
0.49382468503937
11
0.8043891732283465
21
0.493896811023622
0
LINE
8
BLACK
6
CONTINUOUS
10
0.8043891732283465
20
0.493896811023622
11
0.8044541338582677
21
0.4941823622047244
0
LINE
8
BLACK
6
CONTINUOUS
10
0.8044541338582677
20
0.4941823622047244
11
0.8053434645669291
21
0.4968503937007874
0
LINE
8
BLACK
6
CONTINUOUS
10
0.8053434645669291
20
0.4968503937007874
11
0.8041539763779527
21
0.4968503937007874
0
LINE
8
BLACK
6
CONTINUOUS
10
0.8041539763779527
20
0.4968503937007874
11
0.8040524803149606
21
0.4963401181102362
0
LINE
8
BLACK
6
CONTINUOUS
10
0.8040524803149606
20
0.4963401181102362
11
0.8027740551181102
21
0.4950616929133858
0
LINE
8
BLACK
6
CONTINUOUS
10
0.8027740551181102
20
0.4950616929133858
11
0.8009661023622047
21
0.4950616929133858
0
LINE
8
BLACK
6
CONTINUOUS
10
0.8009661023622047
20
0.4950616929133858
11
0.7996876771653543
21
0.4963401181102362
0
LINE
8
BLACK
6
CONTINUOUS
10
0.7996876771653543
20
0.4963401181102362
11
0.799507874015748
21
0.497244094488189
0
LINE
8
BLACK
6
CONTINUOUS
10
0.799507874015748
20
0.497244094488189
11
0.799507874015748
21
0.4992125984251968
0
LINE
8
BLACK
6
CONTINUOUS
10
0.799507874015748
20
0.4992125984251968
11
0.7996876771653543
21
0.5001165748031496
0
LINE
8
BLACK
6
CONTINUOUS
10
0.7996876771653543
20
0.5001165748031496
11
0.8009661023622047
21
0.501395
0
LINE
8
BLACK
6
CONTINUOUS
10
0.8009661023622047
20
0.501395
11
0.8018700787401575
21
0.5015748031496063
0
LINE
8
BLACK
6
CONTINUOUS
10
0.8018700787401575
20
0.5015748031496063
11
0.8069182677165354
21
0.5015748031496063
0
LINE
8
BLACK
6
CONTINUOUS
10
0.8069182677165354
20
0.5015748031496063
11
0.8090301968503937
21
0.5079106692913385
0
LINE
8
BLACK
6
CONTINUOUS
10
0.8090301968503937
20
0.5079106692913385
11
0.8055036220472441
21
0.509673937007874
0
LINE
8
BLACK
6
CONTINUOUS
10
0.8055036220472441
20
0.509673937007874
11
0.8052555905511811
21
0.5098300393700788
0
LINE
8
BLACK
6
CONTINUOUS
10
0.8052555905511811
20
0.5098300393700788
11
0.8051836614173228
21
0.5098598425196851
0
LINE
8
BLACK
6
CONTINUOUS
10
0.8051836614173228
20
0.5098598425196851
11
0.8051026771653543
21
0.5099262992125985
0
LINE
8
BLACK
6
CONTINUOUS
10
0.8051026771653543
20
0.5099262992125985
11
0.8050137401574803
21
0.5099822834645669
0
LINE
8
BLACK
6
CONTINUOUS
10
0.8050137401574803
20
0.5099822834645669
11
0.8049625196850394
21
0.5100413385826772
0
LINE
8
BLACK
6
CONTINUOUS
10
0.8049625196850394
20
0.5100413385826772
11
0.8047361811023622
21
0.5102270866141733
0
LINE
8
BLACK
6
CONTINUOUS
10
0.8047361811023622
20
0.5102270866141733
11
0.8028614173228347
21
0.5121018897637795
0
LINE
8
BLACK
6
CONTINUOUS
10
0.8028614173228347
20
0.5121018897637795
11
0.8026756692913386
21
0.5123282283464566
0
LINE
8
BLACK
6
CONTINUOUS
10
0.8026756692913386
20
0.5123282283464566
11
0.8026166929133858
21
0.5123793700787401
0
LINE
8
BLACK
6
CONTINUOUS
10
0.8026166929133858
20
0.5123793700787401
11
0.8025607086614173
21
0.5124683070866142
0
LINE
8
BLACK
6
CONTINUOUS
10
0.8025607086614173
20
0.5124683070866142
11
0.8024942125984251
21
0.5125493307086614
0
LINE
8
BLACK
6
CONTINUOUS
10
0.8024942125984251
20
0.5125493307086614
11
0.8024643700787402
21
0.5126213779527559
0
LINE
8
BLACK
6
CONTINUOUS
10
0.8024643700787402
20
0.5126213779527559
11
0.8023083464566929
21
0.512869251968504
0
LINE
8
BLACK
6
CONTINUOUS
10
0.8023083464566929
20
0.512869251968504
11
0.8004335826771654
21
0.5166187795275591
0
LINE
8
BLACK
6
CONTINUOUS
10
0.8004335826771654
20
0.5166187795275591
11
0.8002266929133858
21
0.5171594094488189
0
LINE
8
BLACK
6
CONTINUOUS
10
0.8002266929133858
20
0.5171594094488189
11
0.8002191732283465
21
0.5172652362204724
0
LINE
8
BLACK
6
CONTINUOUS
10
0.8002191732283465
20
0.5172652362204724
11
0.8001785826771654
21
0.5173632283464566
0
LINE
8
BLACK
6
CONTINUOUS
10
0.8001785826771654
20
0.5173632283464566
11
0.8001218503937008
21
0.5179392913385826
0
LINE
8
BLACK
6
CONTINUOUS
10
0.8001218503937008
20
0.5179392913385826
11
0.8001218503937008
21
0.5318897637795276
0
LINE
8
BLACK
6
CONTINUOUS
10
0.8001218503937008
20
0.5318897637795276
11
0.7932842519685039
21
0.5318897637795276
0
LINE
8
BLACK
6
CONTINUOUS
10
0.7932842519685039
20
0.5318897637795276
11
0.7923802755905511
21
0.5320695669291339
0
LINE
8
BLACK
6
CONTINUOUS
10
0.7923802755905511
20
0.5320695669291339
11
0.7911018503937007
21
0.5333479921259843
0
LINE
8
BLACK
6
CONTINUOUS
10
0.7911018503937007
20
0.5333479921259843
11
0.7911018503937007
21
0.5351559448818898
0
LINE
8
BLACK
6
CONTINUOUS
10
0.7911018503937007
20
0.5351559448818898
11
0.7923802755905511
21
0.5364343700787402
0
LINE
8
BLACK
6
CONTINUOUS
10
0.7923802755905511
20
0.5364343700787402
11
0.7932842519685039
21
0.5366141732283465
0
LINE
8
BLACK
6
CONTINUOUS
10
0.7932842519685039
20
0.5366141732283465
11
0.8001218503937008
21
0.5366141732283465
0
LINE
8
BLACK
6
CONTINUOUS
10
0.8001218503937008
20
0.5366141732283465
11
0.8001218503937008
21
0.5498102755905512
0
LINE
8
BLACK
6
CONTINUOUS
10
0.8001218503937008
20
0.5498102755905512
11
0.8001785826771654
21
0.5503863385826772
0
LINE
8
BLACK
6
CONTINUOUS
10
0.8001785826771654
20
0.5503863385826772
11
0.8006194881889763
21
0.5514507480314961
0
LINE
8
BLACK
6
CONTINUOUS
10
0.8006194881889763
20
0.5514507480314961
11
0.8014341338582677
21
0.5522653937007874
0
LINE
8
BLACK
6
CONTINUOUS
10
0.8014341338582677
20
0.5522653937007874
11
0.8024985433070866
21
0.5527062992125984
0
LINE
8
BLACK
6
CONTINUOUS
10
0.8024985433070866
20
0.5527062992125984
11
0.8036506692913385
21
0.5527062992125984
0
LINE
8
BLACK
6
CONTINUOUS
10
0.8036506692913385
20
0.5527062992125984
11
0.8047150787401575
21
0.5522653937007874
0
LINE
8
BLACK
6
CONTINUOUS
10
0.8115684251968504
20
0.4968503937007874
11
0.8113520866141732
21
0.4962013779527559
0
LINE
8
BLACK
6
CONTINUOUS
10
0.8113520866141732
20
0.4962013779527559
11
0.8230502362204725
21
0.4962013779527559
0
LINE
8
BLACK
6
CONTINUOUS
10
0.8230502362204725
20
0.4962013779527559
11
0.8230502362204725
21
0.4968503937007874
0
LINE
8
BLACK
6
CONTINUOUS
10
0.8230502362204725
20
0.4968503937007874
11
0.8115684251968504
21
0.4968503937007874
0
LINE
8
BLACK
6
CONTINUOUS
10
0.8539769291338583
20
0.5527062992125984
11
0.8542693307086614
21
0.5527062992125984
0
LINE
8
BLACK
6
CONTINUOUS
10
0.8542693307086614
20
0.5527062992125984
11
0.8545365748031496
21
0.5525955905511811
0
LINE
8
BLACK
6
CONTINUOUS
10
0.8545365748031496
20
0.5525955905511811
11
0.8548203937007873
21
0.5525394488188976
0
LINE
8
BLACK
6
CONTINUOUS
10
0.8548203937007873
20
0.5525394488188976
11
0.8550636614173228
21
0.5523772834645669
0
LINE
8
BLACK
6
CONTINUOUS
10
0.8550636614173228
20
0.5523772834645669
11
0.8553337401574803
21
0.5522653937007874
0
LINE
8
BLACK
6
CONTINUOUS
10
0.8553337401574803
20
0.5522653937007874
11
0.8555381889763779
21
0.5520609448818897
0
LINE
8
BLACK
6
CONTINUOUS
10
0.8555381889763779
20
0.5520609448818897
11
0.8557790157480315
21
0.5519003937007874
0
LINE
8
BLACK
6
CONTINUOUS
10
0.8557790157480315
20
0.5519003937007874
11
0.8559417322834646
21
0.5516574015748031
0
LINE
8
BLACK
6
CONTINUOUS
10
0.8559417322834646
20
0.5516574015748031
11
0.8561483858267717
21
0.5514507480314961
0
LINE
8
BLACK
6
CONTINUOUS
10
0.8561483858267717
20
0.5514507480314961
11
0.8562590551181102
21
0.5511835433070866
0
LINE
8
BLACK
6
CONTINUOUS
10
0.8562590551181102
20
0.5511835433070866
11
0.8564200787401575
21
0.5509431102362204
0
LINE
8
BLACK
6
CONTINUOUS
10
0.8564200787401575
20
0.5509431102362204
11
0.8564774015748031
21
0.5506564566929134
0
LINE
8
BLACK
6
CONTINUOUS
10
0.8564774015748031
20
0.5506564566929134
11
0.8565892913385826
21
0.5503863385826772
0
LINE
8
BLACK
6
CONTINUOUS
10
0.8565892913385826
20
0.5503863385826772
11
0.8566453937007874
21
0.5498164173228346
0
LINE
8
BLACK
6
CONTINUOUS
10
0.8566453937007874
20
0.5498164173228346
11
0.8566460236220472
21
0.5498133858267716
0
LINE
8
BLACK
6
CONTINUOUS
10
0.8566460236220472
20
0.5498133858267716
11
0.8566457874015748
21
0.5498123622047244
0
LINE
8
BLACK
6
CONTINUOUS
10
0.8566457874015748
20
0.5498123622047244
11
0.8566460236220472
21
0.5498102755905512
0
LINE
8
BLACK
6
CONTINUOUS
10
0.8566460236220472
20
0.5498102755905512
11
0.8566460236220472
21
0.5133929527559055
0
LINE
8
BLACK
6
CONTINUOUS
10
0.8566460236220472
20
0.5133929527559055
11
0.8649418503937008
21
0.5133929527559055
0
LINE
8
BLACK
6
CONTINUOUS
10
0.8649418503937008
20
0.5133929527559055
11
0.8655179133858267
21
0.513336220472441
0
LINE
8
BLACK
6
CONTINUOUS
10
0.8655179133858267
20
0.513336220472441
11
0.8665823228346456
21
0.5128953149606299
0
LINE
8
BLACK
6
CONTINUOUS
10
0.8665823228346456
20
0.5128953149606299
11
0.867396968503937
21
0.5120806692913386
0
LINE
8
BLACK
6
CONTINUOUS
10
0.867396968503937
20
0.5120806692913386
11
0.867837874015748
21
0.5110162598425196
0
LINE
8
BLACK
6
CONTINUOUS
10
0.867837874015748
20
0.5110162598425196
11
0.867837874015748
21
0.5098641338582677
0
LINE
8
BLACK
6
CONTINUOUS
10
0.867837874015748
20
0.5098641338582677
11
0.867396968503937
21
0.5087997244094488
0
LINE
8
BLACK
6
CONTINUOUS
10
0.867396968503937
20
0.5087997244094488
11
0.8665823228346456
21
0.5079850787401574
0
LINE
8
BLACK
6
CONTINUOUS
10
0.8665823228346456
20
0.5079850787401574
11
0.8655179133858267
21
0.5075441732283464
0
LINE
8
BLACK
6
CONTINUOUS
10
0.8655179133858267
20
0.5075441732283464
11
0.8649418503937008
21
0.5074874409448819
0
LINE
8
BLACK
6
CONTINUOUS
10
0.8649418503937008
20
0.5074874409448819
11
0.8424446850393701
21
0.5074874409448819
0
LINE
8
BLACK
6
CONTINUOUS
10
0.8424446850393701
20
0.5074874409448819
11
0.8418686220472441
21
0.5075441732283464
0
LINE
8
BLACK
6
CONTINUOUS
10
0.8418686220472441
20
0.5075441732283464
11
0.8408042125984252
21
0.5079850787401574
0
LINE
8
BLACK
6
CONTINUOUS
10
0.8408042125984252
20
0.5079850787401574
11
0.8399895669291338
21
0.5087997244094488
0
LINE
8
BLACK
6
CONTINUOUS
10
0.8399895669291338
20
0.5087997244094488
11
0.8395486614173228
21
0.5098641338582677
0
LINE
8
BLACK
6
CONTINUOUS
10
0.8395486614173228
20
0.5098641338582677
11
0.8395486614173228
21
0.5110162598425196
0
LINE
8
BLACK
6
CONTINUOUS
10
0.8395486614173228
20
0.5110162598425196
11
0.8399895669291338
21
0.5120806692913386
0
LINE
8
BLACK
6
CONTINUOUS
10
0.8399895669291338
20
0.5120806692913386
11
0.8408042125984252
21
0.5128953149606299
0
LINE
8
BLACK
6
CONTINUOUS
10
0.8408042125984252
20
0.5128953149606299
11
0.8418686220472441
21
0.513336220472441
0
LINE
8
BLACK
6
CONTINUOUS
10
0.8418686220472441
20
0.513336220472441
11
0.8424446850393701
21
0.5133929527559055
0
LINE
8
BLACK
6
CONTINUOUS
10
0.8424446850393701
20
0.5133929527559055
11
0.8507405118110236
21
0.5133929527559055
0
LINE
8
BLACK
6
CONTINUOUS
10
0.8507405118110236
20
0.5133929527559055
11
0.8507405118110236
21
0.5408069291338583
0
LINE
8
BLACK
6
CONTINUOUS
10
0.8507405118110236
20
0.5408069291338583
11
0.8482821259842519
21
0.5383485433070866
0
LINE
8
BLACK
6
CONTINUOUS
10
0.8482821259842519
20
0.5383485433070866
11
0.8480557480314961
21
0.5381627952755905
0
LINE
8
BLACK
6
CONTINUOUS
10
0.8480557480314961
20
0.5381627952755905
11
0.8480046062992126
21
0.5381037795275591
0
LINE
8
BLACK
6
CONTINUOUS
10
0.8480046062992126
20
0.5381037795275591
11
0.8479156299212598
21
0.5380478346456693
0
LINE
8
BLACK
6
CONTINUOUS
10
0.8479156299212598
20
0.5380478346456693
11
0.8478346850393701
21
0.5379813385826772
0
LINE
8
BLACK
6
CONTINUOUS
10
0.8478346850393701
20
0.5379813385826772
11
0.847762716535433
21
0.5379515354330708
0
LINE
8
BLACK
6
CONTINUOUS
10
0.847762716535433
20
0.5379515354330708
11
0.8475147244094487
21
0.5377954330708661
0
LINE
8
BLACK
6
CONTINUOUS
10
0.8475147244094487
20
0.5377954330708661
11
0.8437651968503936
21
0.5359206692913385
0
LINE
8
BLACK
6
CONTINUOUS
10
0.8437651968503936
20
0.5359206692913385
11
0.8432245669291338
21
0.5357137795275591
0
LINE
8
BLACK
6
CONTINUOUS
10
0.8432245669291338
20
0.5357137795275591
11
0.8420753543307087
21
0.5356321259842519
0
LINE
8
BLACK
6
CONTINUOUS
10
0.8420753543307087
20
0.5356321259842519
11
0.8409824015748031
21
0.5359964566929134
0
LINE
8
BLACK
6
CONTINUOUS
10
0.8409824015748031
20
0.5359964566929134
11
0.8401120078740157
21
0.5367512992125985
0
LINE
8
BLACK
6
CONTINUOUS
10
0.8401120078740157
20
0.5367512992125985
11
0.8395967716535433
21
0.537781811023622
0
LINE
8
BLACK
6
CONTINUOUS
10
0.8395967716535433
20
0.537781811023622
11
0.8395151181102362
21
0.5389310236220473
0
LINE
8
BLACK
6
CONTINUOUS
10
0.8395151181102362
20
0.5389310236220473
11
0.8398794488188976
21
0.5400239763779527
0
LINE
8
BLACK
6
CONTINUOUS
10
0.8398794488188976
20
0.5400239763779527
11
0.8406342913385827
21
0.5408943700787402
0
LINE
8
BLACK
6
CONTINUOUS
10
0.8406342913385827
20
0.5408943700787402
11
0.8411241732283464
21
0.5412027165354331
0
LINE
8
BLACK
6
CONTINUOUS
10
0.8411241732283464
20
0.5412027165354331
11
0.8444451181102361
21
0.542863188976378
0
LINE
8
BLACK
6
CONTINUOUS
10
0.8444451181102361
20
0.542863188976378
11
0.8476490157480315
21
0.5460670866141732
0
LINE
8
BLACK
6
CONTINUOUS
10
0.8476490157480315
20
0.5460670866141732
11
0.8512364173228346
21
0.5514481889763779
0
LINE
8
BLACK
6
CONTINUOUS
10
0.8512364173228346
20
0.5514481889763779
11
0.8512377559055118
21
0.5514498818897637
0
LINE
8
BLACK
6
CONTINUOUS
10
0.8512377559055118
20
0.5514498818897637
11
0.8512381496062992
21
0.5514507480314961
0
LINE
8
BLACK
6
CONTINUOUS
10
0.8512381496062992
20
0.5514507480314961
11
0.8512401574803149
21
0.5514527952755905
0
LINE
8
BLACK
6
CONTINUOUS
10
0.8512401574803149
20
0.5514527952755905
11
0.8516031889763779
21
0.5518960236220473
0
LINE
8
BLACK
6
CONTINUOUS
10
0.8516031889763779
20
0.5518960236220473
11
0.851846062992126
21
0.5520587007874016
0
LINE
8
BLACK
6
CONTINUOUS
10
0.851846062992126
20
0.5520587007874016
11
0.8520527952755905
21
0.5522653937007874
0
LINE
8
BLACK
6
CONTINUOUS
10
0.8520527952755905
20
0.5522653937007874
11
0.8523200787401575
21
0.5523761417322834
0
LINE
8
BLACK
6
CONTINUOUS
10
0.8523200787401575
20
0.5523761417322834
11
0.8525604724409449
21
0.5525370866141732
0
LINE
8
BLACK
6
CONTINUOUS
10
0.8525604724409449
20
0.5525370866141732
11
0.8528470866141732
21
0.5525944488188976
0
LINE
8
BLACK
6
CONTINUOUS
10
0.8528470866141732
20
0.5525944488188976
11
0.8531172047244094
21
0.5527062992125984
0
LINE
8
BLACK
6
CONTINUOUS
10
0.8531172047244094
20
0.5527062992125984
11
0.8534064960629921
21
0.5527062992125984
0
LINE
8
BLACK
6
CONTINUOUS
10
0.8534064960629921
20
0.5527062992125984
11
0.853690157480315
21
0.552763031496063
0
LINE
8
BLACK
6
CONTINUOUS
10
0.853690157480315
20
0.552763031496063
11
0.8539769291338583
21
0.5527062992125984
0
LINE
8
BLACK
6
CONTINUOUS
10
0.9370542913385826
20
0.5719976377952756
11
0.9371522834645669
21
0.5719570472440945
0
LINE
8
BLACK
6
CONTINUOUS
10
0.9371522834645669
20
0.5719570472440945
11
0.9372581102362204
21
0.5719495275590551
0
LINE
8
BLACK
6
CONTINUOUS
10
0.9372581102362204
20
0.5719495275590551
11
0.9377987401574803
21
0.5717426377952756
0
LINE
8
BLACK
6
CONTINUOUS
10
0.9377987401574803
20
0.5717426377952756
11
0.9415482677165354
21
0.569867874015748
0
LINE
8
BLACK
6
CONTINUOUS
10
0.9415482677165354
20
0.569867874015748
11
0.9417962598425197
21
0.569711811023622
0
LINE
8
BLACK
6
CONTINUOUS
10
0.9417962598425197
20
0.569711811023622
11
0.9418682283464567
21
0.569681968503937
0
LINE
8
BLACK
6
CONTINUOUS
10
0.9418682283464567
20
0.569681968503937
11
0.9419491732283465
21
0.5696155118110237
0
LINE
8
BLACK
6
CONTINUOUS
10
0.9419491732283465
20
0.5696155118110237
11
0.9420381496062992
21
0.5695595275590551
0
LINE
8
BLACK
6
CONTINUOUS
10
0.9420381496062992
20
0.5695595275590551
11
0.9420892913385827
21
0.5695005511811023
0
LINE
8
BLACK
6
CONTINUOUS
10
0.9420892913385827
20
0.5695005511811023
11
0.9423156692913386
21
0.5693147637795275
0
LINE
8
BLACK
6
CONTINUOUS
10
0.9423156692913386
20
0.5693147637795275
11
0.9460651968503937
21
0.5655652362204724
0
LINE
8
BLACK
6
CONTINUOUS
10
0.9460651968503937
20
0.5655652362204724
11
0.9464324409448819
21
0.5651177952755906
0
LINE
8
BLACK
6
CONTINUOUS
10
0.9464324409448819
20
0.5651177952755906
11
0.9465164566929134
21
0.5649149212598426
0
LINE
8
BLACK
6
CONTINUOUS
10
0.9465164566929134
20
0.5649149212598426
11
0.9466471259842519
21
0.5647385826771654
0
LINE
8
BLACK
6
CONTINUOUS
10
0.9466471259842519
20
0.5647385826771654
11
0.9468418897637795
21
0.5641934645669291
0
LINE
8
BLACK
6
CONTINUOUS
10
0.9468418897637795
20
0.5641934645669291
11
0.948716653543307
21
0.5566944094488189
0
LINE
8
BLACK
6
CONTINUOUS
10
0.948716653543307
20
0.5566944094488189
11
0.9487314173228346
21
0.5565945669291339
0
LINE
8
BLACK
6
CONTINUOUS
10
0.9487314173228346
20
0.5565945669291339
11
0.9487480708661417
21
0.5565543307086614
0
LINE
8
BLACK
6
CONTINUOUS
10
0.9487480708661417
20
0.5565543307086614
11
0.9487694094488188
21
0.5563373228346457
0
LINE
8
BLACK
6
CONTINUOUS
10
0.9487694094488188
20
0.5563373228346457
11
0.9488012992125984
21
0.556121811023622
0
LINE
8
BLACK
6
CONTINUOUS
10
0.9488012992125984
20
0.556121811023622
11
0.9487948818897638
21
0.5560788188976378
0
LINE
8
BLACK
6
CONTINUOUS
10
0.9487948818897638
20
0.5560788188976378
11
0.9488048031496062
21
0.5559782677165355
0
LINE
8
BLACK
6
CONTINUOUS
10
0.9488048031496062
20
0.5559782677165355
11
0.9488048031496062
21
0.5428549212598425
0
LINE
8
BLACK
6
CONTINUOUS
10
0.9488048031496062
20
0.5428549212598425
11
0.9487948818897638
21
0.5427544094488189
0
LINE
8
BLACK
6
CONTINUOUS
10
0.9487948818897638
20
0.5427544094488189
11
0.9488012992125984
21
0.5427113779527559
0
LINE
8
BLACK
6
CONTINUOUS
10
0.9488012992125984
20
0.5427113779527559
11
0.9487694094488188
21
0.542495905511811
0
LINE
8
BLACK
6
CONTINUOUS
10
0.9487694094488188
20
0.542495905511811
11
0.9487480708661417
21
0.5422788582677165
0
LINE
8
BLACK
6
CONTINUOUS
10
0.9487480708661417
20
0.5422788582677165
11
0.9487314173228346
21
0.5422386614173228
0
LINE
8
BLACK
6
CONTINUOUS
10
0.9487314173228346
20
0.5422386614173228
11
0.948716653543307
21
0.5421387795275591
0
LINE
8
BLACK
6
CONTINUOUS
10
0.948716653543307
20
0.5421387795275591
11
0.9468418897637795
21
0.5346397244094488
0
LINE
8
BLACK
6
CONTINUOUS
10
0.9468418897637795
20
0.5346397244094488
11
0.9466471259842519
21
0.5340946062992126
0
LINE
8
BLACK
6
CONTINUOUS
10
0.9466471259842519
20
0.5340946062992126
11
0.9465164173228346
21
0.5339182677165354
0
LINE
8
BLACK
6
CONTINUOUS
10
0.9465164173228346
20
0.5339182677165354
11
0.9464324409448819
21
0.5337154330708661
0
LINE
8
BLACK
6
CONTINUOUS
10
0.9464324409448819
20
0.5337154330708661
11
0.9460652362204724
21
0.5332679921259842
0
LINE
8
BLACK
6
CONTINUOUS
10
0.9460652362204724
20
0.5332679921259842
11
0.9444035433070866
21
0.5316063385826771
0
LINE
8
BLACK
6
CONTINUOUS
10
0.9444035433070866
20
0.5316063385826771
11
0.9457263779527559
21
0.5302835039370078
0
LINE
8
BLACK
6
CONTINUOUS
10
0.9457263779527559
20
0.5302835039370078
11
0.9490473228346457
21
0.5286230314960629
0
LINE
8
BLACK
6
CONTINUOUS
10
0.9490473228346457
20
0.5286230314960629
11
0.9495372047244094
21
0.5283146850393701
0
LINE
8
BLACK
6
CONTINUOUS
10
0.9495372047244094
20
0.5283146850393701
11
0.9502920472440944
21
0.5274442913385826
0
LINE
8
BLACK
6
CONTINUOUS
10
0.9502920472440944
20
0.5274442913385826
11
0.9506563779527559
21
0.5263513385826771
0
LINE
8
BLACK
6
CONTINUOUS
10
0.9506563779527559
20
0.5263513385826771
11
0.9505747244094488
21
0.525202125984252
0
LINE
8
BLACK
6
CONTINUOUS
10
0.9505747244094488
20
0.525202125984252
11
0.9500594488188976
21
0.5241716141732283
0
LINE
8
BLACK
6
CONTINUOUS
10
0.9500594488188976
20
0.5241716141732283
11
0.949189094488189
21
0.5234167716535433
0
LINE
8
BLACK
6
CONTINUOUS
10
0.949189094488189
20
0.5234167716535433
11
0.9480961023622047
21
0.5230524409448819
0
LINE
8
BLACK
6
CONTINUOUS
10
0.9480961023622047
20
0.5230524409448819
11
0.9469468897637795
21
0.5231340944881889
0
LINE
8
BLACK
6
CONTINUOUS
10
0.9469468897637795
20
0.5231340944881889
11
0.9464062992125984
21
0.5233409842519685
0
LINE
8
BLACK
6
CONTINUOUS
10
0.9464062992125984
20
0.5233409842519685
11
0.9426567716535433
21
0.5252157480314961
0
LINE
8
BLACK
6
CONTINUOUS
10
0.9426567716535433
20
0.5252157480314961
11
0.942408937007874
21
0.5253717716535433
0
LINE
8
BLACK
6
CONTINUOUS
10
0.942408937007874
20
0.5253717716535433
11
0.942336811023622
21
0.5254016141732283
0
LINE
8
BLACK
6
CONTINUOUS
10
0.942336811023622
20
0.5254016141732283
11
0.9422556299212598
21
0.5254682283464567
0
LINE
8
BLACK
6
CONTINUOUS
10
0.9422556299212598
20
0.5254682283464567
11
0.9421668897637795
21
0.5255240944881889
0
LINE
8
BLACK
6
CONTINUOUS
10
0.9421668897637795
20
0.5255240944881889
11
0.942115748031496
21
0.525583031496063
0
LINE
8
BLACK
6
CONTINUOUS
10
0.942115748031496
20
0.525583031496063
11
0.9418893700787402
21
0.5257688582677166
0
LINE
8
BLACK
6
CONTINUOUS
10
0.9418893700787402
20
0.5257688582677166
11
0.9396447244094488
21
0.5280135039370079
0
LINE
8
BLACK
6
CONTINUOUS
10
0.9396447244094488
20
0.5280135039370079
11
0.9377987401574803
21
0.5270905118110236
0
LINE
8
BLACK
6
CONTINUOUS
10
0.9377987401574803
20
0.5270905118110236
11
0.9372581102362204
21
0.526883622047244
0
LINE
8
BLACK
6
CONTINUOUS
10
0.9372581102362204
20
0.526883622047244
11
0.9371522834645669
21
0.5268761417322835
0
LINE
8
BLACK
6
CONTINUOUS
10
0.9371522834645669
20
0.5268761417322835
11
0.9370542913385826
21
0.5268355118110236
0
LINE
8
BLACK
6
CONTINUOUS
10
0.9370542913385826
20
0.5268355118110236
11
0.9364782283464567
21
0.526778779527559
0
LINE
8
BLACK
6
CONTINUOUS
10
0.9364782283464567
20
0.526778779527559
11
0.9289791732283464
21
0.526778779527559
0
LINE
8
BLACK
6
CONTINUOUS
10
0.9289791732283464
20
0.526778779527559
11
0.9284031102362205
21
0.5268355118110236
0
LINE
8
BLACK
6
CONTINUOUS
10
0.9284031102362205
20
0.5268355118110236
11
0.9283051181102362
21
0.5268761023622047
0
LINE
8
BLACK
6
CONTINUOUS
10
0.9283051181102362
20
0.5268761023622047
11
0.9281992519685039
21
0.526883622047244
0
LINE
8
BLACK
6
CONTINUOUS
10
0.9281992519685039
20
0.526883622047244
11
0.9276586614173228
21
0.5270905118110236
0
LINE
8
BLACK
6
CONTINUOUS
10
0.9276586614173228
20
0.5270905118110236
11
0.9239091338582677
21
0.5289652755905512
0
LINE
8
BLACK
6
CONTINUOUS
10
0.9239091338582677
20
0.5289652755905512
11
0.9236612992125984
21
0.5291212992125984
0
LINE
8
BLACK
6
CONTINUOUS
10
0.9236612992125984
20
0.5291212992125984
11
0.9235891732283464
21
0.5291511417322835
0
LINE
8
BLACK
6
CONTINUOUS
10
0.9235891732283464
20
0.5291511417322835
11
0.9235079921259842
21
0.5292177559055118
0
LINE
8
BLACK
6
CONTINUOUS
10
0.9235079921259842
20
0.5292177559055118
11
0.9234192519685039
21
0.529273622047244
0
LINE
8
BLACK
6
CONTINUOUS
10
0.9234192519685039
20
0.529273622047244
11
0.9233681102362205
21
0.5293325590551181
0
LINE
8
BLACK
6
CONTINUOUS
10
0.9233681102362205
20
0.5293325590551181
11
0.9231417322834645
21
0.5295183858267717
0
LINE
8
BLACK
6
CONTINUOUS
10
0.9231417322834645
20
0.5295183858267717
11
0.9193922047244094
21
0.5332679527559055
0
LINE
8
BLACK
6
CONTINUOUS
10
0.9193922047244094
20
0.5332679527559055
11
0.9190249606299212
21
0.5337154330708661
0
LINE
8
BLACK
6
CONTINUOUS
10
0.9190249606299212
20
0.5337154330708661
11
0.9189409448818897
21
0.5339182677165354
0
LINE
8
BLACK
6
CONTINUOUS
10
0.9189409448818897
20
0.5339182677165354
11
0.9188102755905512
21
0.5340946062992126
0
LINE
8
BLACK
6
CONTINUOUS
10
0.9188102755905512
20
0.5340946062992126
11
0.9186155118110236
21
0.5346397244094488
0
LINE
8
BLACK
6
CONTINUOUS
10
0.9186155118110236
20
0.5346397244094488
11
0.9167407480314961
21
0.5421387795275591
0
LINE
8
BLACK
6
CONTINUOUS
10
0.9167407480314961
20
0.5421387795275591
11
0.9167259448818897
21
0.5422386614173228
0
LINE
8
BLACK
6
CONTINUOUS
10
0.9167259448818897
20
0.5422386614173228
11
0.9167093307086615
21
0.5422788582677165
0
LINE
8
BLACK
6
CONTINUOUS
10
0.9167093307086615
20
0.5422788582677165
11
0.9166879527559055
21
0.542495905511811
0
LINE
8
BLACK
6
CONTINUOUS
10
0.9166879527559055
20
0.542495905511811
11
0.9166561023622047
21
0.5427113779527559
0
LINE
8
BLACK
6
CONTINUOUS
10
0.9166561023622047
20
0.5427113779527559
11
0.9166624803149606
21
0.5427544094488189
0
LINE
8
BLACK
6
CONTINUOUS
10
0.9166624803149606
20
0.5427544094488189
11
0.9166525984251969
21
0.5428549212598425
0
LINE
8
BLACK
6
CONTINUOUS
10
0.9166525984251969
20
0.5428549212598425
11
0.9166525984251969
21
0.5559782677165355
0
LINE
8
BLACK
6
CONTINUOUS
10
0.9166525984251969
20
0.5559782677165355
11
0.9166624803149606
21
0.5560788188976378
0
LINE
8
BLACK
6
CONTINUOUS
10
0.9166624803149606
20
0.5560788188976378
11
0.9166561023622047
21
0.556121811023622
0
LINE
8
BLACK
6
CONTINUOUS
10
0.9166561023622047
20
0.556121811023622
11
0.9166879527559055
21
0.5563373228346457
0
LINE
8
BLACK
6
CONTINUOUS
10
0.9166879527559055
20
0.5563373228346457
11
0.9167093307086615
21
0.5565543307086614
0
LINE
8
BLACK
6
CONTINUOUS
10
0.9167093307086615
20
0.5565543307086614
11
0.9167259448818897
21
0.5565945669291339
0
LINE
8
BLACK
6
CONTINUOUS
10
0.9167259448818897
20
0.5565945669291339
11
0.9167407480314961
21
0.5566944094488189
0
LINE
8
BLACK
6
CONTINUOUS
10
0.9167407480314961
20
0.5566944094488189
11
0.9186155118110236
21
0.5641934645669291
0
LINE
8
BLACK
6
CONTINUOUS
10
0.9186155118110236
20
0.5641934645669291
11
0.9188102755905512
21
0.5647385826771654
0
LINE
8
BLACK
6
CONTINUOUS
10
0.9188102755905512
20
0.5647385826771654
11
0.9189409842519685
21
0.5649150393700787
0
LINE
8
BLACK
6
CONTINUOUS
10
0.9189409842519685
20
0.5649150393700787
11
0.919025
21
0.5651177952755906
0
LINE
8
BLACK
6
CONTINUOUS
10
0.919025
20
0.5651177952755906
11
0.9193922047244094
21
0.5655652362204724
0
LINE
8
BLACK
6
CONTINUOUS
10
0.9193922047244094
20
0.5655652362204724
11
0.9231417322834645
21
0.5693147637795275
0
LINE
8
BLACK
6
CONTINUOUS
10
0.9231417322834645
20
0.5693147637795275
11
0.9233681102362205
21
0.5695006299212598
0
LINE
8
BLACK
6
CONTINUOUS
10
0.9233681102362205
20
0.5695006299212598
11
0.9234192519685039
21
0.5695595275590551
0
LINE
8
BLACK
6
CONTINUOUS
10
0.9234192519685039
20
0.5695595275590551
11
0.9235079921259842
21
0.5696154330708662
0
LINE
8
BLACK
6
CONTINUOUS
10
0.9235079921259842
20
0.5696154330708662
11
0.9235891732283464
21
0.5696820078740157
0
LINE
8
BLACK
6
CONTINUOUS
10
0.9235891732283464
20
0.5696820078740157
11
0.9236612992125984
21
0.5697118897637795
0
LINE
8
BLACK
6
CONTINUOUS
10
0.9236612992125984
20
0.5697118897637795
11
0.9239091338582677
21
0.569867874015748
0
LINE
8
BLACK
6
CONTINUOUS
10
0.9239091338582677
20
0.569867874015748
11
0.9276586614173228
21
0.5717426377952756
0
LINE
8
BLACK
6
CONTINUOUS
10
0.9276586614173228
20
0.5717426377952756
11
0.9281992519685039
21
0.5719495275590551
0
LINE
8
BLACK
6
CONTINUOUS
10
0.9281992519685039
20
0.5719495275590551
11
0.9283051181102362
21
0.5719570866141732
0
LINE
8
BLACK
6
CONTINUOUS
10
0.9283051181102362
20
0.5719570866141732
11
0.9284031102362205
21
0.5719976377952756
0
LINE
8
BLACK
6
CONTINUOUS
10
0.9284031102362205
20
0.5719976377952756
11
0.9289791732283464
21
0.5720543700787402
0
LINE
8
BLACK
6
CONTINUOUS
10
0.9289791732283464
20
0.5720543700787402
11
0.9364782283464567
21
0.5720543700787402
0
LINE
8
BLACK
6
CONTINUOUS
10
0.9364782283464567
20
0.5720543700787402
11
0.9370542913385826
21
0.5719976377952756
0
LINE
8
BLACK
6
CONTINUOUS
10
0.9269787401574803
20
0.5648001181102362
11
0.9241463385826771
21
0.5619677559055118
0
LINE
8
BLACK
6
CONTINUOUS
10
0.9241463385826771
20
0.5619677559055118
11
0.9225581102362205
21
0.5556147244094488
0
LINE
8
BLACK
6
CONTINUOUS
10
0.9225581102362205
20
0.5556147244094488
11
0.9225581102362205
21
0.5432184645669291
0
LINE
8
BLACK
6
CONTINUOUS
10
0.9225581102362205
20
0.5432184645669291
11
0.9241463385826771
21
0.5368654724409448
0
LINE
8
BLACK
6
CONTINUOUS
10
0.9241463385826771
20
0.5368654724409448
11
0.9269787401574803
21
0.534033031496063
0
LINE
8
BLACK
6
CONTINUOUS
10
0.9269787401574803
20
0.534033031496063
11
0.9296762204724409
21
0.5326842913385826
0
LINE
8
BLACK
6
CONTINUOUS
10
0.9296762204724409
20
0.5326842913385826
11
0.9349739763779528
21
0.5326842913385826
0
LINE
8
BLACK
6
CONTINUOUS
10
0.9349739763779528
20
0.5326842913385826
11
0.9328543307086614
21
0.534803937007874
0
LINE
8
BLACK
6
CONTINUOUS
10
0.9328543307086614
20
0.534803937007874
11
0.9301568897637795
21
0.5361526377952756
0
LINE
8
BLACK
6
CONTINUOUS
10
0.9301568897637795
20
0.5361526377952756
11
0.9271044094488189
21
0.5361526377952756
0
LINE
8
BLACK
6
CONTINUOUS
10
0.9271044094488189
20
0.5361526377952756
11
0.9265283464566929
21
0.5362093700787401
0
LINE
8
BLACK
6
CONTINUOUS
10
0.9265283464566929
20
0.5362093700787401
11
0.925463937007874
21
0.5366502755905511
0
LINE
8
BLACK
6
CONTINUOUS
10
0.925463937007874
20
0.5366502755905511
11
0.9246492913385826
21
0.5374649212598425
0
LINE
8
BLACK
6
CONTINUOUS
10
0.9246492913385826
20
0.5374649212598425
11
0.9242083858267717
21
0.5385293307086614
0
LINE
8
BLACK
6
CONTINUOUS
10
0.9242083858267717
20
0.5385293307086614
11
0.9242083858267717
21
0.5396814566929133
0
LINE
8
BLACK
6
CONTINUOUS
10
0.9242083858267717
20
0.5396814566929133
11
0.9246492913385826
21
0.5407458661417323
0
LINE
8
BLACK
6
CONTINUOUS
10
0.9246492913385826
20
0.5407458661417323
11
0.925463937007874
21
0.5415605118110236
0
LINE
8
BLACK
6
CONTINUOUS
10
0.925463937007874
20
0.5415605118110236
11
0.9265283464566929
21
0.5420014173228347
0
LINE
8
BLACK
6
CONTINUOUS
10
0.9265283464566929
20
0.5420014173228347
11
0.9271044094488189
21
0.5420581496062992
0
LINE
8
BLACK
6
CONTINUOUS
10
0.9271044094488189
20
0.5420581496062992
11
0.930853937007874
21
0.5420581496062992
0
LINE
8
BLACK
6
CONTINUOUS
10
0.930853937007874
20
0.5420581496062992
11
0.93143
21
0.5420014173228347
0
LINE
8
BLACK
6
CONTINUOUS
10
0.93143
20
0.5420014173228347
11
0.9315279921259842
21
0.5419608267716536
0
LINE
8
BLACK
6
CONTINUOUS
10
0.9315279921259842
20
0.5419608267716536
11
0.9316338188976377
21
0.5419533070866142
0
LINE
8
BLACK
6
CONTINUOUS
10
0.9316338188976377
20
0.5419533070866142
11
0.9321744488188977
21
0.5417464173228347
0
LINE
8
BLACK
6
CONTINUOUS
10
0.9321744488188977
20
0.5417464173228347
11
0.9359239763779528
21
0.5398716535433071
0
LINE
8
BLACK
6
CONTINUOUS
10
0.9359239763779528
20
0.5398716535433071
11
0.936171968503937
21
0.5397155905511811
0
LINE
8
BLACK
6
CONTINUOUS
10
0.936171968503937
20
0.5397155905511811
11
0.936243937007874
21
0.539685748031496
0
LINE
8
BLACK
6
CONTINUOUS
10
0.936243937007874
20
0.539685748031496
11
0.9363248818897637
21
0.5396192913385827
0
LINE
8
BLACK
6
CONTINUOUS
10
0.9363248818897637
20
0.5396192913385827
11
0.9364138582677165
21
0.5395633070866142
0
LINE
8
BLACK
6
CONTINUOUS
10
0.9364138582677165
20
0.5395633070866142
11
0.936465
21
0.5395043307086614
0
LINE
8
BLACK
6
CONTINUOUS
10
0.936465
20
0.5395043307086614
11
0.9366913779527559
21
0.5393185433070866
0
LINE
8
BLACK
6
CONTINUOUS
10
0.9366913779527559
20
0.5393185433070866
11
0.940227716535433
21
0.5357821653543307
0
LINE
8
BLACK
6
CONTINUOUS
10
0.940227716535433
20
0.5357821653543307
11
0.9413110236220472
21
0.5368654724409448
0
LINE
8
BLACK
6
CONTINUOUS
10
0.9413110236220472
20
0.5368654724409448
11
0.9428992913385826
21
0.5432184645669291
0
LINE
8
BLACK
6
CONTINUOUS
10
0.9428992913385826
20
0.5432184645669291
11
0.9428992913385826
21
0.5556147244094488
0
LINE
8
BLACK
6
CONTINUOUS
10
0.9428992913385826
20
0.5556147244094488
11
0.9413110236220472
21
0.5619677559055118
0
LINE
8
BLACK
6
CONTINUOUS
10
0.9413110236220472
20
0.5619677559055118
11
0.9384786614173228
21
0.5648001181102362
0
LINE
8
BLACK
6
CONTINUOUS
10
0.9384786614173228
20
0.5648001181102362
11
0.9357811811023622
21
0.5661488582677165
0
LINE
8
BLACK
6
CONTINUOUS
10
0.9357811811023622
20
0.5661488582677165
11
0.9296762204724409
21
0.5661488582677165
0
LINE
8
BLACK
6
CONTINUOUS
10
0.9296762204724409
20
0.5661488582677165
11
0.9269787401574803
21
0.5648001181102362
0
LINE
8
BLACK
6
CONTINUOUS
10
0.9723824409448819
20
0.5719976377952756
11
0.9726748425196851
21
0.5719976377952756
0
LINE
8
BLACK
6
CONTINUOUS
10
0.9726748425196851
20
0.5719976377952756
11
0.9729420866141733
21
0.5718869291338583
0
LINE
8
BLACK
6
CONTINUOUS
10
0.9729420866141733
20
0.5718869291338583
11
0.973225905511811
21
0.5718307874015748
0
LINE
8
BLACK
6
CONTINUOUS
10
0.973225905511811
20
0.5718307874015748
11
0.9734691732283465
21
0.5716686220472441
0
LINE
8
BLACK
6
CONTINUOUS
10
0.9734691732283465
20
0.5716686220472441
11
0.9737392519685039
21
0.5715567322834646
0
LINE
8
BLACK
6
CONTINUOUS
10
0.9737392519685039
20
0.5715567322834646
11
0.9739437007874016
21
0.5713522834645669
0
LINE
8
BLACK
6
CONTINUOUS
10
0.9739437007874016
20
0.5713522834645669
11
0.974184527559055
21
0.5711917322834645
0
LINE
8
BLACK
6
CONTINUOUS
10
0.974184527559055
20
0.5711917322834645
11
0.9743472440944881
21
0.5709487401574803
0
LINE
8
BLACK
6
CONTINUOUS
10
0.9743472440944881
20
0.5709487401574803
11
0.9745538976377952
21
0.5707420866141732
0
LINE
8
BLACK
6
CONTINUOUS
10
0.9745538976377952
20
0.5707420866141732
11
0.9746645669291338
21
0.5704748818897638
0
LINE
8
BLACK
6
CONTINUOUS
10
0.9746645669291338
20
0.5704748818897638
11
0.9748255905511811
21
0.5702344488188976
0
LINE
8
BLACK
6
CONTINUOUS
10
0.9748255905511811
20
0.5702344488188976
11
0.9748829133858268
21
0.5699477952755906
0
LINE
8
BLACK
6
CONTINUOUS
10
0.9748829133858268
20
0.5699477952755906
11
0.9749948031496063
21
0.5696776771653543
0
LINE
8
BLACK
6
CONTINUOUS
10
0.9749948031496063
20
0.5696776771653543
11
0.975050905511811
21
0.5691077559055118
0
LINE
8
BLACK
6
CONTINUOUS
10
0.975050905511811
20
0.5691077559055118
11
0.9750515354330709
21
0.5691047244094488
0
LINE
8
BLACK
6
CONTINUOUS
10
0.9750515354330709
20
0.5691047244094488
11
0.9750512992125984
21
0.5691037007874016
0
LINE
8
BLACK
6
CONTINUOUS
10
0.9750512992125984
20
0.5691037007874016
11
0.9750515354330709
21
0.5691016141732284
0
LINE
8
BLACK
6
CONTINUOUS
10
0.9750515354330709
20
0.5691016141732284
11
0.9750515354330709
21
0.5326842913385826
0
LINE
8
BLACK
6
CONTINUOUS
10
0.9750515354330709
20
0.5326842913385826
11
0.9833473622047244
21
0.5326842913385826
0
LINE
8
BLACK
6
CONTINUOUS
10
0.9833473622047244
20
0.5326842913385826
11
0.9839234251968504
21
0.532627559055118
0
LINE
8
BLACK
6
CONTINUOUS
10
0.9839234251968504
20
0.532627559055118
11
0.9849878346456693
21
0.5321866535433071
0
LINE
8
BLACK
6
CONTINUOUS
10
0.9849878346456693
20
0.5321866535433071
11
0.9858024803149606
21
0.5313720078740157
0
LINE
8
BLACK
6
CONTINUOUS
10
0.9858024803149606
20
0.5313720078740157
11
0.9862433858267716
21
0.5303075984251968
0
LINE
8
BLACK
6
CONTINUOUS
10
0.9862433858267716
20
0.5303075984251968
11
0.9862433858267716
21
0.5291554724409449
0
LINE
8
BLACK
6
CONTINUOUS
10
0.9862433858267716
20
0.5291554724409449
11
0.9858024803149606
21
0.5280910629921259
0
LINE
8
BLACK
6
CONTINUOUS
10
0.9858024803149606
20
0.5280910629921259
11
0.9849878346456693
21
0.5272764173228346
0
LINE
8
BLACK
6
CONTINUOUS
10
0.9849878346456693
20
0.5272764173228346
11
0.9839234251968504
21
0.5268355118110236
0
LINE
8
BLACK
6
CONTINUOUS
10
0.9839234251968504
20
0.5268355118110236
11
0.9833473622047244
21
0.526778779527559
0
LINE
8
BLACK
6
CONTINUOUS
10
0.9833473622047244
20
0.526778779527559
11
0.9608501968503936
21
0.526778779527559
0
LINE
8
BLACK
6
CONTINUOUS
10
0.9608501968503936
20
0.526778779527559
11
0.9602741338582677
21
0.5268355118110236
0
LINE
8
BLACK
6
CONTINUOUS
10
0.9602741338582677
20
0.5268355118110236
11
0.9592097244094488
21
0.5272764173228346
0
LINE
8
BLACK
6
CONTINUOUS
10
0.9592097244094488
20
0.5272764173228346
11
0.9583950787401575
21
0.5280910629921259
0
LINE
8
BLACK
6
CONTINUOUS
10
0.9583950787401575
20
0.5280910629921259
11
0.9579541732283464
21
0.5291554724409449
0
LINE
8
BLACK
6
CONTINUOUS
10
0.9579541732283464
20
0.5291554724409449
11
0.9579541732283464
21
0.5303075984251968
0
LINE
8
BLACK
6
CONTINUOUS
10
0.9579541732283464
20
0.5303075984251968
11
0.9583950787401575
21
0.5313720078740157
0
LINE
8
BLACK
6
CONTINUOUS
10
0.9583950787401575
20
0.5313720078740157
11
0.9592097244094488
21
0.5321866535433071
0
LINE
8
BLACK
6
CONTINUOUS
10
0.9592097244094488
20
0.5321866535433071
11
0.9602741338582677
21
0.532627559055118
0
LINE
8
BLACK
6
CONTINUOUS
10
0.9602741338582677
20
0.532627559055118
11
0.9608501968503936
21
0.5326842913385826
0
LINE
8
BLACK
6
CONTINUOUS
10
0.9608501968503936
20
0.5326842913385826
11
0.9691460236220473
21
0.5326842913385826
0
LINE
8
BLACK
6
CONTINUOUS
10
0.9691460236220473
20
0.5326842913385826
11
0.9691460236220473
21
0.5600982677165354
0
LINE
8
BLACK
6
CONTINUOUS
10
0.9691460236220473
20
0.5600982677165354
11
0.9666876377952756
21
0.5576398818897638
0
LINE
8
BLACK
6
CONTINUOUS
10
0.9666876377952756
20
0.5576398818897638
11
0.9664612598425196
21
0.5574541338582677
0
LINE
8
BLACK
6
CONTINUOUS
10
0.9664612598425196
20
0.5574541338582677
11
0.9664101181102362
21
0.5573951181102362
0
LINE
8
BLACK
6
CONTINUOUS
10
0.9664101181102362
20
0.5573951181102362
11
0.9663211417322835
21
0.5573391732283465
0
LINE
8
BLACK
6
CONTINUOUS
10
0.9663211417322835
20
0.5573391732283465
11
0.9662401968503936
21
0.5572726771653543
0
LINE
8
BLACK
6
CONTINUOUS
10
0.9662401968503936
20
0.5572726771653543
11
0.9661682283464567
21
0.557242874015748
0
LINE
8
BLACK
6
CONTINUOUS
10
0.9661682283464567
20
0.557242874015748
11
0.9659202362204724
21
0.5570867716535433
0
LINE
8
BLACK
6
CONTINUOUS
10
0.9659202362204724
20
0.5570867716535433
11
0.9621707086614173
21
0.5552120078740157
0
LINE
8
BLACK
6
CONTINUOUS
10
0.9621707086614173
20
0.5552120078740157
11
0.9616300787401575
21
0.5550051181102362
0
LINE
8
BLACK
6
CONTINUOUS
10
0.9616300787401575
20
0.5550051181102362
11
0.9604808661417322
21
0.5549234645669291
0
LINE
8
BLACK
6
CONTINUOUS
10
0.9604808661417322
20
0.5549234645669291
11
0.9593879133858267
21
0.5552877952755906
0
LINE
8
BLACK
6
CONTINUOUS
10
0.9593879133858267
20
0.5552877952755906
11
0.9585175196850394
21
0.5560426377952756
0
LINE
8
BLACK
6
CONTINUOUS
10
0.9585175196850394
20
0.5560426377952756
11
0.958002283464567
21
0.5570731496062992
0
LINE
8
BLACK
6
CONTINUOUS
10
0.958002283464567
20
0.5570731496062992
11
0.9579206299212598
21
0.5582223622047244
0
LINE
8
BLACK
6
CONTINUOUS
10
0.9579206299212598
20
0.5582223622047244
11
0.9582849606299212
21
0.5593153149606299
0
LINE
8
BLACK
6
CONTINUOUS
10
0.9582849606299212
20
0.5593153149606299
11
0.9590398031496062
21
0.5601857086614173
0
LINE
8
BLACK
6
CONTINUOUS
10
0.9590398031496062
20
0.5601857086614173
11
0.9595296850393701
21
0.5604940551181102
0
LINE
8
BLACK
6
CONTINUOUS
10
0.9595296850393701
20
0.5604940551181102
11
0.9628506299212598
21
0.5621545275590552
0
LINE
8
BLACK
6
CONTINUOUS
10
0.9628506299212598
20
0.5621545275590552
11
0.9660545275590551
21
0.5653584251968504
0
LINE
8
BLACK
6
CONTINUOUS
10
0.9660545275590551
20
0.5653584251968504
11
0.9696419291338583
21
0.5707395275590551
0
LINE
8
BLACK
6
CONTINUOUS
10
0.9696419291338583
20
0.5707395275590551
11
0.9696432677165354
21
0.5707412204724409
0
LINE
8
BLACK
6
CONTINUOUS
10
0.9696432677165354
20
0.5707412204724409
11
0.9696436614173228
21
0.5707420866141732
0
LINE
8
BLACK
6
CONTINUOUS
10
0.9696436614173228
20
0.5707420866141732
11
0.9696456692913386
21
0.5707441338582677
0
LINE
8
BLACK
6
CONTINUOUS
10
0.9696456692913386
20
0.5707441338582677
11
0.9700087007874015
21
0.5711873622047244
0
LINE
8
BLACK
6
CONTINUOUS
10
0.9700087007874015
20
0.5711873622047244
11
0.9702515748031496
21
0.5713500393700788
0
LINE
8
BLACK
6
CONTINUOUS
10
0.9702515748031496
20
0.5713500393700788
11
0.9704583070866142
21
0.5715567322834646
0
LINE
8
BLACK
6
CONTINUOUS
10
0.9704583070866142
20
0.5715567322834646
11
0.9707255905511811
21
0.5716674803149606
0
LINE
8
BLACK
6
CONTINUOUS
10
0.9707255905511811
20
0.5716674803149606
11
0.9709659842519685
21
0.5718284251968504
0
LINE
8
BLACK
6
CONTINUOUS
10
0.9709659842519685
20
0.5718284251968504
11
0.9712525984251968
21
0.5718857874015748
0
LINE
8
BLACK
6
CONTINUOUS
10
0.9712525984251968
20
0.5718857874015748
11
0.9715227165354331
21
0.5719976377952756
0
LINE
8
BLACK
6
CONTINUOUS
10
0.9715227165354331
20
0.5719976377952756
11
0.9718120078740157
21
0.5719976377952756
0
LINE
8
BLACK
6
CONTINUOUS
10
0.9718120078740157
20
0.5719976377952756
11
0.9720956692913386
21
0.5720543700787402
0
LINE
8
BLACK
6
CONTINUOUS
10
0.9720956692913386
20
0.5720543700787402
11
0.9723824409448819
21
0.5719976377952756
0
LINE
8
BLACK
6
CONTINUOUS
10
0.8052575196850393
20
0.5765918503937008
11
0.8065359448818897
21
0.5753134251968504
0
LINE
8
BLACK
6
CONTINUOUS
10
0.8065359448818897
20
0.5753134251968504
11
0.8065359448818897
21
0.5735054724409449
0
LINE
8
BLACK
6
CONTINUOUS
10
0.8065359448818897
20
0.5735054724409449
11
0.8052575196850393
21
0.5722270472440945
0
LINE
8
BLACK
6
CONTINUOUS
10
0.8052575196850393
20
0.5722270472440945
11
0.8043535433070866
21
0.5720472440944881
0
LINE
8
BLACK
6
CONTINUOUS
10
0.8043535433070866
20
0.5720472440944881
11
0.7932842519685039
21
0.5720472440944881
0
LINE
8
BLACK
6
CONTINUOUS
10
0.7932842519685039
20
0.5720472440944881
11
0.7923802755905511
21
0.5722270472440945
0
LINE
8
BLACK
6
CONTINUOUS
10
0.7923802755905511
20
0.5722270472440945
11
0.7911018503937007
21
0.5735054724409449
0
LINE
8
BLACK
6
CONTINUOUS
10
0.7911018503937007
20
0.5735054724409449
11
0.7911018503937007
21
0.5753134251968504
0
LINE
8
BLACK
6
CONTINUOUS
10
0.7911018503937007
20
0.5753134251968504
11
0.7923802755905511
21
0.5765918503937008
0
LINE
8
BLACK
6
CONTINUOUS
10
0.7923802755905511
20
0.5765918503937008
11
0.7932842519685039
21
0.5767716535433071
0
LINE
8
BLACK
6
CONTINUOUS
10
0.7932842519685039
20
0.5767716535433071
11
0.8043535433070866
21
0.5767716535433071
0
LINE
8
BLACK
6
CONTINUOUS
10
0.8043535433070866
20
0.5767716535433071
11
0.8052575196850393
21
0.5765918503937008
0
LINE
8
BLACK
6
CONTINUOUS
10
0.9237375196850394
20
0.620982716535433
11
0.9239173228346457
21
0.6200787401574803
0
LINE
8
BLACK
6
CONTINUOUS
10
0.9239173228346457
20
0.6200787401574803
11
0.9239173228346457
21
0.5830708661417323
0
LINE
8
BLACK
6
CONTINUOUS
10
0.9239173228346457
20
0.5830708661417323
11
0.9791137401574803
21
0.5830708661417323
0
LINE
8
BLACK
6
CONTINUOUS
10
0.9791137401574803
20
0.5830708661417323
11
0.9792152362204725
21
0.5835811417322835
0
LINE
8
BLACK
6
CONTINUOUS
10
0.9792152362204725
20
0.5835811417322835
11
0.9804936614173229
21
0.5848595669291339
0
LINE
8
BLACK
6
CONTINUOUS
10
0.9804936614173229
20
0.5848595669291339
11
0.9823016141732284
21
0.5848595669291339
0
LINE
8
BLACK
6
CONTINUOUS
10
0.9823016141732284
20
0.5848595669291339
11
0.9835800393700788
21
0.5835811417322835
0
LINE
8
BLACK
6
CONTINUOUS
10
0.9835800393700788
20
0.5835811417322835
11
0.9837598425196851
21
0.5826771653543307
0
LINE
8
BLACK
6
CONTINUOUS
10
0.9837598425196851
20
0.5826771653543307
11
0.9837598425196851
21
0.5807086614173228
0
LINE
8
BLACK
6
CONTINUOUS
10
0.9837598425196851
20
0.5807086614173228
11
0.9835800393700788
21
0.5798046850393701
0
LINE
8
BLACK
6
CONTINUOUS
10
0.9835800393700788
20
0.5798046850393701
11
0.9823016141732284
21
0.5785262598425197
0
LINE
8
BLACK
6
CONTINUOUS
10
0.9823016141732284
20
0.5785262598425197
11
0.9813976377952756
21
0.5783464566929134
0
LINE
8
BLACK
6
CONTINUOUS
10
0.9813976377952756
20
0.5783464566929134
11
0.9215551181102362
21
0.5783464566929134
0
LINE
8
BLACK
6
CONTINUOUS
10
0.9215551181102362
20
0.5783464566929134
11
0.9206511417322835
21
0.5785262598425197
0
LINE
8
BLACK
6
CONTINUOUS
10
0.9206511417322835
20
0.5785262598425197
11
0.9193727165354331
21
0.5798046850393701
0
LINE
8
BLACK
6
CONTINUOUS
10
0.9193727165354331
20
0.5798046850393701
11
0.9191929133858268
21
0.5807086614173228
0
LINE
8
BLACK
6
CONTINUOUS
10
0.9191929133858268
20
0.5807086614173228
11
0.9191929133858268
21
0.6200787401574803
0
LINE
8
BLACK
6
CONTINUOUS
10
0.9191929133858268
20
0.6200787401574803
11
0.9193727165354331
21
0.620982716535433
0
LINE
8
BLACK
6
CONTINUOUS
10
0.9193727165354331
20
0.620982716535433
11
0.9206511417322835
21
0.6222611417322834
0
LINE
8
BLACK
6
CONTINUOUS
10
0.9206511417322835
20
0.6222611417322834
11
0.922459094488189
21
0.6222611417322834
0
LINE
8
BLACK
6
CONTINUOUS
10
0.922459094488189
20
0.6222611417322834
11
0.9237375196850394
21
0.620982716535433
0
LINE
8
BLACK
6
CONTINUOUS
10
0.8090637401574803
20
0.6249186220472441
11
0.8103421653543307
21
0.6236401968503937
0
LINE
8
BLACK
6
CONTINUOUS
10
0.8103421653543307
20
0.6236401968503937
11
0.8103421653543307
21
0.6218322440944882
0
LINE
8
BLACK
6
CONTINUOUS
10
0.8103421653543307
20
0.6218322440944882
11
0.8090637401574803
21
0.6205538188976378
0
LINE
8
BLACK
6
CONTINUOUS
10
0.8090637401574803
20
0.6205538188976378
11
0.8081597637795276
21
0.6203740157480315
0
LINE
8
BLACK
6
CONTINUOUS
10
0.8081597637795276
20
0.6203740157480315
11
0.789478031496063
21
0.6203740157480315
0
LINE
8
BLACK
6
CONTINUOUS
10
0.789478031496063
20
0.6203740157480315
11
0.7885740551181102
21
0.6205538188976378
0
LINE
8
BLACK
6
CONTINUOUS
10
0.7885740551181102
20
0.6205538188976378
11
0.7872956299212598
21
0.6218322440944882
0
LINE
8
BLACK
6
CONTINUOUS
10
0.7872956299212598
20
0.6218322440944882
11
0.7872956299212598
21
0.6236401968503937
0
LINE
8
BLACK
6
CONTINUOUS
10
0.7872956299212598
20
0.6236401968503937
11
0.7885740551181102
21
0.6249186220472441
0
LINE
8
BLACK
6
CONTINUOUS
10
0.7885740551181102
20
0.6249186220472441
11
0.789478031496063
21
0.6250984251968503
0
LINE
8
BLACK
6
CONTINUOUS
10
0.789478031496063
20
0.6250984251968503
11
0.8081597637795276
21
0.6250984251968503
0
LINE
8
BLACK
6
CONTINUOUS
10
0.8081597637795276
20
0.6250984251968503
11
0.8090637401574803
21
0.6249186220472441
0
LINE
8
BLACK
6
CONTINUOUS
10
0.9835800393700788
20
0.6583842913385827
11
0.9837598425196851
21
0.6574803149606299
0
LINE
8
BLACK
6
CONTINUOUS
10
0.9837598425196851
20
0.6574803149606299
11
0.9837598425196851
21
0.6267716535433071
0
LINE
8
BLACK
6
CONTINUOUS
10
0.9837598425196851
20
0.6267716535433071
11
0.9835800393700788
21
0.6258676771653543
0
LINE
8
BLACK
6
CONTINUOUS
10
0.9835800393700788
20
0.6258676771653543
11
0.9823016141732284
21
0.6245892519685039
0
LINE
8
BLACK
6
CONTINUOUS
10
0.9823016141732284
20
0.6245892519685039
11
0.9804936614173229
21
0.6245892519685039
0
LINE
8
BLACK
6
CONTINUOUS
10
0.9804936614173229
20
0.6245892519685039
11
0.9792152362204725
21
0.6258676771653543
0
LINE
8
BLACK
6
CONTINUOUS
10
0.9792152362204725
20
0.6258676771653543
11
0.9790354330708662
21
0.6267716535433071
0
LINE
8
BLACK
6
CONTINUOUS
10
0.9790354330708662
20
0.6267716535433071
11
0.9790354330708662
21
0.6574803149606299
0
LINE
8
BLACK
6
CONTINUOUS
10
0.9790354330708662
20
0.6574803149606299
11
0.9792152362204725
21
0.6583842913385827
0
LINE
8
BLACK
6
CONTINUOUS
10
0.9792152362204725
20
0.6583842913385827
11
0.9804936614173229
21
0.6596627165354331
0
LINE
8
BLACK
6
CONTINUOUS
10
0.9804936614173229
20
0.6596627165354331
11
0.9823016141732284
21
0.6596627165354331
0
LINE
8
BLACK
6
CONTINUOUS
10
0.9823016141732284
20
0.6596627165354331
11
0.9835800393700788
21
0.6583842913385827
0
LINE
8
BLACK
6
CONTINUOUS
10
1.0137766141732283
20
0.6418277952755905
11
1.0144685039370078
21
0.6401574803149607
0
LINE
8
BLACK
6
CONTINUOUS
10
1.0144685039370078
20
0.6401574803149607
11
1.0140166929133858
21
0.6387681102362205
0
LINE
8
BLACK
6
CONTINUOUS
10
1.0140166929133858
20
0.6387681102362205
11
1.004567874015748
21
0.6257759842519685
0
LINE
8
BLACK
6
CONTINUOUS
10
1.004567874015748
20
0.6257759842519685
11
1.0030259055118109
21
0.6248320472440945
0
LINE
8
BLACK
6
CONTINUOUS
10
1.0030259055118109
20
0.6248320472440945
11
1.0012681102362204
21
0.6252549606299213
0
LINE
8
BLACK
6
CONTINUOUS
10
1.0012681102362204
20
0.6252549606299213
11
1.0007470866141732
21
0.6257759842519685
0
LINE
8
BLACK
6
CONTINUOUS
10
1.0007470866141732
20
0.6257759842519685
11
0.9912982677165354
21
0.6387681102362205
0
LINE
8
BLACK
6
CONTINUOUS
10
0.9912982677165354
20
0.6387681102362205
11
0.9908753543307086
21
0.640525905511811
0
LINE
8
BLACK
6
CONTINUOUS
10
0.9908753543307086
20
0.640525905511811
11
0.9918192913385827
21
0.6420678740157481
0
LINE
8
BLACK
6
CONTINUOUS
10
0.9918192913385827
20
0.6420678740157481
11
0.9932086614173228
21
0.6425196850393701
0
LINE
8
BLACK
6
CONTINUOUS
10
0.9932086614173228
20
0.6425196850393701
11
1.0121062992125984
21
0.6425196850393701
0
LINE
8
BLACK
6
CONTINUOUS
10
1.0121062992125984
20
0.6425196850393701
11
1.0137766141732283
21
0.6418277952755905
0
LINE
8
BLACK
6
CONTINUOUS
10
0.8090637401574803
20
0.6660603543307086
11
0.8103421653543307
21
0.6647819291338583
0
LINE
8
BLACK
6
CONTINUOUS
10
0.8103421653543307
20
0.6647819291338583
11
0.8103421653543307
21
0.6629739763779527
0
LINE
8
BLACK
6
CONTINUOUS
10
0.8103421653543307
20
0.6629739763779527
11
0.8090637401574803
21
0.6616955511811023
0
LINE
8
BLACK
6
CONTINUOUS
10
0.8090637401574803
20
0.6616955511811023
11
0.8081597637795276
21
0.661515748031496
0
LINE
8
BLACK
6
CONTINUOUS
10
0.8081597637795276
20
0.661515748031496
11
0.789478031496063
21
0.661515748031496
0
LINE
8
BLACK
6
CONTINUOUS
10
0.789478031496063
20
0.661515748031496
11
0.7885740551181102
21
0.6616955511811023
0
LINE
8
BLACK
6
CONTINUOUS
10
0.7885740551181102
20
0.6616955511811023
11
0.7872956299212598
21
0.6629739763779527
0
LINE
8
BLACK
6
CONTINUOUS
10
0.7872956299212598
20
0.6629739763779527
11
0.7872956299212598
21
0.6647819291338583
0
LINE
8
BLACK
6
CONTINUOUS
10
0.7872956299212598
20
0.6647819291338583
11
0.7885740551181102
21
0.6660603543307086
0
LINE
8
BLACK
6
CONTINUOUS
10
0.7885740551181102
20
0.6660603543307086
11
0.789478031496063
21
0.666240157480315
0
LINE
8
BLACK
6
CONTINUOUS
10
0.789478031496063
20
0.666240157480315
11
0.8081597637795276
21
0.666240157480315
0
LINE
8
BLACK
6
CONTINUOUS
10
0.8081597637795276
20
0.666240157480315
11
0.8090637401574803
21
0.6660603543307086
0
LINE
8
BLACK
6
CONTINUOUS
10
0.9823016141732284
20
0.7057257086614173
11
0.9835800393700788
21
0.7044472834645669
0
LINE
8
BLACK
6
CONTINUOUS
10
0.9835800393700788
20
0.7044472834645669
11
0.9837598425196851
21
0.7035433070866142
0
LINE
8
BLACK
6
CONTINUOUS
10
0.9837598425196851
20
0.7035433070866142
11
0.9837598425196851
21
0.7015748031496063
0
LINE
8
BLACK
6
CONTINUOUS
10
0.9837598425196851
20
0.7015748031496063
11
0.9835800393700788
21
0.7006708267716535
0
LINE
8
BLACK
6
CONTINUOUS
10
0.9835800393700788
20
0.7006708267716535
11
0.9823016141732284
21
0.6993924015748031
0
LINE
8
BLACK
6
CONTINUOUS
10
0.9823016141732284
20
0.6993924015748031
11
0.9804936614173229
21
0.6993924015748031
0
LINE
8
BLACK
6
CONTINUOUS
10
0.9804936614173229
20
0.6993924015748031
11
0.9792152362204725
21
0.7006708267716535
0
LINE
8
BLACK
6
CONTINUOUS
10
0.9792152362204725
20
0.7006708267716535
11
0.9791137401574803
21
0.7011811023622047
0
LINE
8
BLACK
6
CONTINUOUS
10
0.9791137401574803
20
0.7011811023622047
11
0.9239173228346457
21
0.7011811023622047
0
LINE
8
BLACK
6
CONTINUOUS
10
0.9239173228346457
20
0.7011811023622047
11
0.9239173228346457
21
0.6641732283464566
0
LINE
8
BLACK
6
CONTINUOUS
10
0.9239173228346457
20
0.6641732283464566
11
0.9237375196850394
21
0.6632692519685039
0
LINE
8
BLACK
6
CONTINUOUS
10
0.9237375196850394
20
0.6632692519685039
11
0.922459094488189
21
0.6619908267716536
0
LINE
8
BLACK
6
CONTINUOUS
10
0.922459094488189
20
0.6619908267716536
11
0.9206511417322835
21
0.6619908267716536
0
LINE
8
BLACK
6
CONTINUOUS
10
0.9206511417322835
20
0.6619908267716536
11
0.9193727165354331
21
0.6632692519685039
0
LINE
8
BLACK
6
CONTINUOUS
10
0.9193727165354331
20
0.6632692519685039
11
0.9191929133858268
21
0.6641732283464566
0
LINE
8
BLACK
6
CONTINUOUS
10
0.9191929133858268
20
0.6641732283464566
11
0.9191929133858268
21
0.7035433070866142
0
LINE
8
BLACK
6
CONTINUOUS
10
0.9191929133858268
20
0.7035433070866142
11
0.9193727165354331
21
0.7044472834645669
0
LINE
8
BLACK
6
CONTINUOUS
10
0.9193727165354331
20
0.7044472834645669
11
0.9206511417322835
21
0.7057257086614173
0
LINE
8
BLACK
6
CONTINUOUS
10
0.9206511417322835
20
0.7057257086614173
11
0.9215551181102362
21
0.7059055118110236
0
LINE
8
BLACK
6
CONTINUOUS
10
0.9215551181102362
20
0.7059055118110236
11
0.9813976377952756
21
0.7059055118110236
0
LINE
8
BLACK
6
CONTINUOUS
10
0.9813976377952756
20
0.7059055118110236
11
0.9823016141732284
21
0.7057257086614173
0
LINE
8
BLACK
6
CONTINUOUS
10
0.8228295275590551
20
0.7239661417322835
11
0.8229275196850393
21
0.7239255511811024
0
LINE
8
BLACK
6
CONTINUOUS
10
0.8229275196850393
20
0.7239255511811024
11
0.8230333464566929
21
0.7239180314960629
0
LINE
8
BLACK
6
CONTINUOUS
10
0.8230333464566929
20
0.7239180314960629
11
0.8235739763779527
21
0.7237111417322835
0
LINE
8
BLACK
6
CONTINUOUS
10
0.8235739763779527
20
0.7237111417322835
11
0.8273235039370078
21
0.7218363779527559
0
LINE
8
BLACK
6
CONTINUOUS
10
0.8273235039370078
20
0.7218363779527559
11
0.8275714960629921
21
0.7216803149606299
0
LINE
8
BLACK
6
CONTINUOUS
10
0.8275714960629921
20
0.7216803149606299
11
0.8276434645669292
21
0.7216504724409448
0
LINE
8
BLACK
6
CONTINUOUS
10
0.8276434645669292
20
0.7216504724409448
11
0.8277244094488189
21
0.7215840157480314
0
LINE
8
BLACK
6
CONTINUOUS
10
0.8277244094488189
20
0.7215840157480314
11
0.8278133858267717
21
0.7215280314960629
0
LINE
8
BLACK
6
CONTINUOUS
10
0.8278133858267717
20
0.7215280314960629
11
0.8278645275590552
21
0.7214690551181102
0
LINE
8
BLACK
6
CONTINUOUS
10
0.8278645275590552
20
0.7214690551181102
11
0.828090905511811
21
0.7212832677165354
0
LINE
8
BLACK
6
CONTINUOUS
10
0.828090905511811
20
0.7212832677165354
11
0.8299656692913385
21
0.7194085039370078
0
LINE
8
BLACK
6
CONTINUOUS
10
0.8299656692913385
20
0.7194085039370078
11
0.8301514173228346
21
0.7191821653543307
0
LINE
8
BLACK
6
CONTINUOUS
10
0.8301514173228346
20
0.7191821653543307
11
0.8302104330708662
21
0.7191309842519685
0
LINE
8
BLACK
6
CONTINUOUS
10
0.8302104330708662
20
0.7191309842519685
11
0.8302663779527559
21
0.7190420472440945
0
LINE
8
BLACK
6
CONTINUOUS
10
0.8302663779527559
20
0.7190420472440945
11
0.8303328740157481
21
0.7189610629921259
0
LINE
8
BLACK
6
CONTINUOUS
10
0.8303328740157481
20
0.7189610629921259
11
0.8303626771653543
21
0.7188891338582677
0
LINE
8
BLACK
6
CONTINUOUS
10
0.8303626771653543
20
0.7188891338582677
11
0.830518779527559
21
0.7186411023622047
0
LINE
8
BLACK
6
CONTINUOUS
10
0.830518779527559
20
0.7186411023622047
11
0.8323935433070866
21
0.7148915748031496
0
LINE
8
BLACK
6
CONTINUOUS
10
0.8323935433070866
20
0.7148915748031496
11
0.8326004330708662
21
0.7143509842519685
0
LINE
8
BLACK
6
CONTINUOUS
10
0.8326004330708662
20
0.7143509842519685
11
0.8326079527559055
21
0.7142451181102362
0
LINE
8
BLACK
6
CONTINUOUS
10
0.8326079527559055
20
0.7142451181102362
11
0.8326485433070866
21
0.714147125984252
0
LINE
8
BLACK
6
CONTINUOUS
10
0.8326485433070866
20
0.714147125984252
11
0.8327052755905512
21
0.7135710629921259
0
LINE
8
BLACK
6
CONTINUOUS
10
0.8327052755905512
20
0.7135710629921259
11
0.8327052755905512
21
0.7098215354330708
0
LINE
8
BLACK
6
CONTINUOUS
10
0.8327052755905512
20
0.7098215354330708
11
0.8326765354330709
21
0.7095299606299212
0
LINE
8
BLACK
6
CONTINUOUS
10
0.8326765354330709
20
0.7095299606299212
11
0.8326820866141732
21
0.7094522047244094
0
LINE
8
BLACK
6
CONTINUOUS
10
0.8326820866141732
20
0.7094522047244094
11
0.8326588188976378
21
0.7093499606299213
0
LINE
8
BLACK
6
CONTINUOUS
10
0.8326588188976378
20
0.7093499606299213
11
0.8326485433070866
21
0.7092454724409448
0
LINE
8
BLACK
6
CONTINUOUS
10
0.8326485433070866
20
0.7092454724409448
11
0.8326186614173228
21
0.7091734251968503
0
LINE
8
BLACK
6
CONTINUOUS
10
0.8326186614173228
20
0.7091734251968503
11
0.8325537401574803
21
0.7088877559055118
0
LINE
8
BLACK
6
CONTINUOUS
10
0.8325537401574803
20
0.7088877559055118
11
0.8306789763779527
21
0.7032635039370079
0
LINE
8
BLACK
6
CONTINUOUS
10
0.8306789763779527
20
0.7032635039370079
11
0.8304429921259843
21
0.7027349212598425
0
LINE
8
BLACK
6
CONTINUOUS
10
0.8304429921259843
20
0.7027349212598425
11
0.8303735039370078
21
0.702654842519685
0
LINE
8
BLACK
6
CONTINUOUS
10
0.8303735039370078
20
0.702654842519685
11
0.8303329133858267
21
0.7025567716535432
0
LINE
8
BLACK
6
CONTINUOUS
10
0.8303329133858267
20
0.7025567716535432
11
0.8299656692913385
21
0.7021093307086614
0
LINE
8
BLACK
6
CONTINUOUS
10
0.8299656692913385
20
0.7021093307086614
11
0.8125091732283465
21
0.6846527952755905
0
LINE
8
BLACK
6
CONTINUOUS
10
0.8125091732283465
20
0.6846527952755905
11
0.8297525196850394
21
0.6846527952755905
0
LINE
8
BLACK
6
CONTINUOUS
10
0.8297525196850394
20
0.6846527952755905
11
0.8303285826771654
21
0.6845960629921259
0
LINE
8
BLACK
6
CONTINUOUS
10
0.8303285826771654
20
0.6845960629921259
11
0.8313929921259843
21
0.684155157480315
0
LINE
8
BLACK
6
CONTINUOUS
10
0.8313929921259843
20
0.684155157480315
11
0.8322076377952756
21
0.6833405118110236
0
LINE
8
BLACK
6
CONTINUOUS
10
0.8322076377952756
20
0.6833405118110236
11
0.8326485433070866
21
0.6822761023622047
0
LINE
8
BLACK
6
CONTINUOUS
10
0.8326485433070866
20
0.6822761023622047
11
0.8326485433070866
21
0.6811239763779527
0
LINE
8
BLACK
6
CONTINUOUS
10
0.8326485433070866
20
0.6811239763779527
11
0.8322076377952756
21
0.6800595669291338
0
LINE
8
BLACK
6
CONTINUOUS
10
0.8322076377952756
20
0.6800595669291338
11
0.8313929921259843
21
0.6792449212598425
0
LINE
8
BLACK
6
CONTINUOUS
10
0.8313929921259843
20
0.6792449212598425
11
0.8303285826771654
21
0.6788040157480315
0
LINE
8
BLACK
6
CONTINUOUS
10
0.8303285826771654
20
0.6788040157480315
11
0.8297525196850394
21
0.6787472834645669
0
LINE
8
BLACK
6
CONTINUOUS
10
0.8297525196850394
20
0.6787472834645669
11
0.8053805905511811
21
0.6787472834645669
0
LINE
8
BLACK
6
CONTINUOUS
10
0.8053805905511811
20
0.6787472834645669
11
0.8048045275590551
21
0.6788040157480315
0
LINE
8
BLACK
6
CONTINUOUS
10
0.8048045275590551
20
0.6788040157480315
11
0.8037401181102362
21
0.6792449212598425
0
LINE
8
BLACK
6
CONTINUOUS
10
0.8037401181102362
20
0.6792449212598425
11
0.8029254724409448
21
0.6800595669291338
0
LINE
8
BLACK
6
CONTINUOUS
10
0.8029254724409448
20
0.6800595669291338
11
0.8024845669291338
21
0.6811239763779527
0
LINE
8
BLACK
6
CONTINUOUS
10
0.8024845669291338
20
0.6811239763779527
11
0.8024845669291338
21
0.6822761023622047
0
LINE
8
BLACK
6
CONTINUOUS
10
0.8024845669291338
20
0.6822761023622047
11
0.8029254724409448
21
0.6833405118110236
0
LINE
8
BLACK
6
CONTINUOUS
10
0.8029254724409448
20
0.6833405118110236
11
0.8032926771653544
21
0.6837879527559055
0
LINE
8
BLACK
6
CONTINUOUS
10
0.8032926771653544
20
0.6837879527559055
11
0.8252969291338582
21
0.7057922834645669
0
LINE
8
BLACK
6
CONTINUOUS
10
0.8252969291338582
20
0.7057922834645669
11
0.8267997637795276
21
0.7103006692913386
0
LINE
8
BLACK
6
CONTINUOUS
10
0.8267997637795276
20
0.7103006692913386
11
0.8267997637795276
21
0.7128740157480314
0
LINE
8
BLACK
6
CONTINUOUS
10
0.8267997637795276
20
0.7128740157480314
11
0.8254510236220473
21
0.7155714960629921
0
LINE
8
BLACK
6
CONTINUOUS
10
0.8254510236220473
20
0.7155714960629921
11
0.8242538976377952
21
0.7167686220472441
0
LINE
8
BLACK
6
CONTINUOUS
10
0.8242538976377952
20
0.7167686220472441
11
0.8215564173228346
21
0.7181173622047244
0
LINE
8
BLACK
6
CONTINUOUS
10
0.8215564173228346
20
0.7181173622047244
11
0.8135766929133859
21
0.7181173622047244
0
LINE
8
BLACK
6
CONTINUOUS
10
0.8135766929133859
20
0.7181173622047244
11
0.8108792125984252
21
0.7167686220472441
0
LINE
8
BLACK
6
CONTINUOUS
10
0.8108792125984252
20
0.7167686220472441
11
0.8093432677165354
21
0.7152326771653543
0
LINE
8
BLACK
6
CONTINUOUS
10
0.8093432677165354
20
0.7152326771653543
11
0.8088958267716535
21
0.7148654724409449
0
LINE
8
BLACK
6
CONTINUOUS
10
0.8088958267716535
20
0.7148654724409449
11
0.8078313779527558
21
0.7144245669291338
0
LINE
8
BLACK
6
CONTINUOUS
10
0.8078313779527558
20
0.7144245669291338
11
0.8066793307086614
21
0.7144245669291338
0
LINE
8
BLACK
6
CONTINUOUS
10
0.8066793307086614
20
0.7144245669291338
11
0.8056148818897637
21
0.7148654724409449
0
LINE
8
BLACK
6
CONTINUOUS
10
0.8056148818897637
20
0.7148654724409449
11
0.8048002362204725
21
0.7156801181102362
0
LINE
8
BLACK
6
CONTINUOUS
10
0.8048002362204725
20
0.7156801181102362
11
0.8043593307086614
21
0.7167445669291338
0
LINE
8
BLACK
6
CONTINUOUS
10
0.8043593307086614
20
0.7167445669291338
11
0.8043593307086614
21
0.7178966141732284
0
LINE
8
BLACK
6
CONTINUOUS
10
0.8043593307086614
20
0.7178966141732284
11
0.8048002362204725
21
0.7189610629921259
0
LINE
8
BLACK
6
CONTINUOUS
10
0.8048002362204725
20
0.7189610629921259
11
0.8051674409448819
21
0.7194085039370078
0
LINE
8
BLACK
6
CONTINUOUS
10
0.8051674409448819
20
0.7194085039370078
11
0.8070422047244095
21
0.7212832677165354
0
LINE
8
BLACK
6
CONTINUOUS
10
0.8070422047244095
20
0.7212832677165354
11
0.8072685433070866
21
0.7214690551181102
0
LINE
8
BLACK
6
CONTINUOUS
10
0.8072685433070866
20
0.7214690551181102
11
0.8073197244094488
21
0.7215280314960629
0
LINE
8
BLACK
6
CONTINUOUS
10
0.8073197244094488
20
0.7215280314960629
11
0.8074086614173228
21
0.7215840157480314
0
LINE
8
BLACK
6
CONTINUOUS
10
0.8074086614173228
20
0.7215840157480314
11
0.8074896456692913
21
0.7216504724409448
0
LINE
8
BLACK
6
CONTINUOUS
10
0.8074896456692913
20
0.7216504724409448
11
0.8075615748031496
21
0.7216803149606299
0
LINE
8
BLACK
6
CONTINUOUS
10
0.8075615748031496
20
0.7216803149606299
11
0.8078096062992126
21
0.7218363779527559
0
LINE
8
BLACK
6
CONTINUOUS
10
0.8078096062992126
20
0.7218363779527559
11
0.8115591338582677
21
0.7237111417322835
0
LINE
8
BLACK
6
CONTINUOUS
10
0.8115591338582677
20
0.7237111417322835
11
0.8120997244094488
21
0.7239180314960629
0
LINE
8
BLACK
6
CONTINUOUS
10
0.8120997244094488
20
0.7239180314960629
11
0.8122055905511811
21
0.7239255905511811
0
LINE
8
BLACK
6
CONTINUOUS
10
0.8122055905511811
20
0.7239255905511811
11
0.8123035826771653
21
0.7239661417322835
0
LINE
8
BLACK
6
CONTINUOUS
10
0.8123035826771653
20
0.7239661417322835
11
0.8128796456692913
21
0.7240228740157481
0
LINE
8
BLACK
6
CONTINUOUS
10
0.8128796456692913
20
0.7240228740157481
11
0.8222534645669292
21
0.7240228740157481
0
LINE
8
BLACK
6
CONTINUOUS
10
0.8222534645669292
20
0.7240228740157481
11
0.8228295275590551
21
0.7239661417322835
0
LINE
8
BLACK
6
CONTINUOUS
10
0.7853342125984252
20
0.7239661417322835
11
0.7854322047244094
21
0.7239255511811024
0
LINE
8
BLACK
6
CONTINUOUS
10
0.7854322047244094
20
0.7239255511811024
11
0.7855380314960629
21
0.7239180314960629
0
LINE
8
BLACK
6
CONTINUOUS
10
0.7855380314960629
20
0.7239180314960629
11
0.7860786614173229
21
0.7237111417322835
0
LINE
8
BLACK
6
CONTINUOUS
10
0.7860786614173229
20
0.7237111417322835
11
0.789828188976378
21
0.7218363779527559
0
LINE
8
BLACK
6
CONTINUOUS
10
0.789828188976378
20
0.7218363779527559
11
0.7900761811023622
21
0.7216803149606299
0
LINE
8
BLACK
6
CONTINUOUS
10
0.7900761811023622
20
0.7216803149606299
11
0.7901481496062992
21
0.7216504724409448
0
LINE
8
BLACK
6
CONTINUOUS
10
0.7901481496062992
20
0.7216504724409448
11
0.790229094488189
21
0.7215840157480314
0
LINE
8
BLACK
6
CONTINUOUS
10
0.790229094488189
20
0.7215840157480314
11
0.7903180708661417
21
0.7215280314960629
0
LINE
8
BLACK
6
CONTINUOUS
10
0.7903180708661417
20
0.7215280314960629
11
0.7903692125984252
21
0.7214690551181102
0
LINE
8
BLACK
6
CONTINUOUS
10
0.7903692125984252
20
0.7214690551181102
11
0.7905955905511811
21
0.7212832677165354
0
LINE
8
BLACK
6
CONTINUOUS
10
0.7905955905511811
20
0.7212832677165354
11
0.7924703543307087
21
0.7194085039370078
0
LINE
8
BLACK
6
CONTINUOUS
10
0.7924703543307087
20
0.7194085039370078
11
0.7926561023622047
21
0.7191821653543307
0
LINE
8
BLACK
6
CONTINUOUS
10
0.7926561023622047
20
0.7191821653543307
11
0.7927151181102362
21
0.7191309842519685
0
LINE
8
BLACK
6
CONTINUOUS
10
0.7927151181102362
20
0.7191309842519685
11
0.792771062992126
21
0.7190420472440945
0
LINE
8
BLACK
6
CONTINUOUS
10
0.792771062992126
20
0.7190420472440945
11
0.7928375590551181
21
0.7189610629921259
0
LINE
8
BLACK
6
CONTINUOUS
10
0.7928375590551181
20
0.7189610629921259
11
0.7928673622047244
21
0.7188891338582677
0
LINE
8
BLACK
6
CONTINUOUS
10
0.7928673622047244
20
0.7188891338582677
11
0.7930234645669291
21
0.7186411023622047
0
LINE
8
BLACK
6
CONTINUOUS
10
0.7930234645669291
20
0.7186411023622047
11
0.7948982283464566
21
0.7148915748031496
0
LINE
8
BLACK
6
CONTINUOUS
10
0.7948982283464566
20
0.7148915748031496
11
0.7951051181102362
21
0.7143509842519685
0
LINE
8
BLACK
6
CONTINUOUS
10
0.7951051181102362
20
0.7143509842519685
11
0.7951126377952755
21
0.7142451181102362
0
LINE
8
BLACK
6
CONTINUOUS
10
0.7951126377952755
20
0.7142451181102362
11
0.7951532283464566
21
0.714147125984252
0
LINE
8
BLACK
6
CONTINUOUS
10
0.7951532283464566
20
0.714147125984252
11
0.7952099606299212
21
0.7135710629921259
0
LINE
8
BLACK
6
CONTINUOUS
10
0.7952099606299212
20
0.7135710629921259
11
0.7952099606299212
21
0.7079467716535432
0
LINE
8
BLACK
6
CONTINUOUS
10
0.7952099606299212
20
0.7079467716535432
11
0.7951532283464566
21
0.7073707086614173
0
LINE
8
BLACK
6
CONTINUOUS
10
0.7951532283464566
20
0.7073707086614173
11
0.7951126377952755
21
0.7072727559055118
0
LINE
8
BLACK
6
CONTINUOUS
10
0.7951126377952755
20
0.7072727559055118
11
0.7951051181102362
21
0.7071668503937008
0
LINE
8
BLACK
6
CONTINUOUS
10
0.7951051181102362
20
0.7071668503937008
11
0.7948982283464566
21
0.7066262598425197
0
LINE
8
BLACK
6
CONTINUOUS
10
0.7948982283464566
20
0.7066262598425197
11
0.7930234645669291
21
0.7028767322834646
0
LINE
8
BLACK
6
CONTINUOUS
10
0.7930234645669291
20
0.7028767322834646
11
0.7928673622047244
21
0.7026287401574803
0
LINE
8
BLACK
6
CONTINUOUS
10
0.7928673622047244
20
0.7026287401574803
11
0.7928375590551181
21
0.7025567716535432
0
LINE
8
BLACK
6
CONTINUOUS
10
0.7928375590551181
20
0.7025567716535432
11
0.792771062992126
21
0.7024758267716535
0
LINE
8
BLACK
6
CONTINUOUS
10
0.792771062992126
20
0.7024758267716535
11
0.7927151181102362
21
0.7023868503937007
0
LINE
8
BLACK
6
CONTINUOUS
10
0.7927151181102362
20
0.7023868503937007
11
0.7926561023622047
21
0.7023357086614173
0
LINE
8
BLACK
6
CONTINUOUS
10
0.7926561023622047
20
0.7023357086614173
11
0.7924703543307087
21
0.7021093307086614
0
LINE
8
BLACK
6
CONTINUOUS
10
0.7924703543307087
20
0.7021093307086614
11
0.7905955905511811
21
0.7002345669291339
0
LINE
8
BLACK
6
CONTINUOUS
10
0.7905955905511811
20
0.7002345669291339
11
0.7903692125984252
21
0.7000488188976378
0
LINE
8
BLACK
6
CONTINUOUS
10
0.7903692125984252
20
0.7000488188976378
11
0.7903180708661417
21
0.6999898031496062
0
LINE
8
BLACK
6
CONTINUOUS
10
0.7903180708661417
20
0.6999898031496062
11
0.790229094488189
21
0.6999338582677165
0
LINE
8
BLACK
6
CONTINUOUS
10
0.790229094488189
20
0.6999338582677165
11
0.7901481496062992
21
0.6998673622047243
0
LINE
8
BLACK
6
CONTINUOUS
10
0.7901481496062992
20
0.6998673622047243
11
0.7900761811023622
21
0.6998375590551181
0
LINE
8
BLACK
6
CONTINUOUS
10
0.7900761811023622
20
0.6998375590551181
11
0.789828188976378
21
0.6996814566929134
0
LINE
8
BLACK
6
CONTINUOUS
10
0.789828188976378
20
0.6996814566929134
11
0.7860786614173229
21
0.6978066929133858
0
LINE
8
BLACK
6
CONTINUOUS
10
0.7860786614173229
20
0.6978066929133858
11
0.7855380314960629
21
0.6975998031496062
0
LINE
8
BLACK
6
CONTINUOUS
10
0.7855380314960629
20
0.6975998031496062
11
0.7854322047244094
21
0.6975923228346457
0
LINE
8
BLACK
6
CONTINUOUS
10
0.7854322047244094
20
0.6975923228346457
11
0.7853342125984252
21
0.6975516929133858
0
LINE
8
BLACK
6
CONTINUOUS
10
0.7853342125984252
20
0.6975516929133858
11
0.7848020472440945
21
0.6974992913385827
0
LINE
8
BLACK
6
CONTINUOUS
10
0.7848020472440945
20
0.6974992913385827
11
0.7946762204724409
21
0.6833933070866142
0
LINE
8
BLACK
6
CONTINUOUS
10
0.7946762204724409
20
0.6833933070866142
11
0.7949600787401575
21
0.6828888582677165
0
LINE
8
BLACK
6
CONTINUOUS
10
0.7949600787401575
20
0.6828888582677165
11
0.7952092519685039
21
0.6817640157480315
0
LINE
8
BLACK
6
CONTINUOUS
10
0.7952092519685039
20
0.6817640157480315
11
0.7950090551181103
21
0.6806294488188976
0
LINE
8
BLACK
6
CONTINUOUS
10
0.7950090551181103
20
0.6806294488188976
11
0.7943898818897638
21
0.6796578740157481
0
LINE
8
BLACK
6
CONTINUOUS
10
0.7943898818897638
20
0.6796578740157481
11
0.7934460236220472
21
0.6789971653543307
0
LINE
8
BLACK
6
CONTINUOUS
10
0.7934460236220472
20
0.6789971653543307
11
0.7923211811023622
21
0.6787479527559055
0
LINE
8
BLACK
6
CONTINUOUS
10
0.7923211811023622
20
0.6787479527559055
11
0.7911866535433071
21
0.678948188976378
0
LINE
8
BLACK
6
CONTINUOUS
10
0.7911866535433071
20
0.678948188976378
11
0.7902150393700788
21
0.6795673622047244
0
LINE
8
BLACK
6
CONTINUOUS
10
0.7902150393700788
20
0.6795673622047244
11
0.7898382283464567
21
0.6800067322834645
0
LINE
8
BLACK
6
CONTINUOUS
10
0.7898382283464567
20
0.6800067322834645
11
0.7775964960629921
21
0.6974949606299212
0
LINE
8
BLACK
6
CONTINUOUS
10
0.7775964960629921
20
0.6974949606299212
11
0.7727127952755906
21
0.6974949606299212
0
LINE
8
BLACK
6
CONTINUOUS
10
0.7727127952755906
20
0.6974949606299212
11
0.7727127952755906
21
0.6817000393700787
0
LINE
8
BLACK
6
CONTINUOUS
10
0.7727127952755906
20
0.6817000393700787
11
0.772656062992126
21
0.6811239763779527
0
LINE
8
BLACK
6
CONTINUOUS
10
0.772656062992126
20
0.6811239763779527
11
0.772215157480315
21
0.6800595669291338
0
LINE
8
BLACK
6
CONTINUOUS
10
0.772215157480315
20
0.6800595669291338
11
0.7714005118110236
21
0.6792449212598425
0
LINE
8
BLACK
6
CONTINUOUS
10
0.7714005118110236
20
0.6792449212598425
11
0.7703361023622047
21
0.6788040157480315
0
LINE
8
BLACK
6
CONTINUOUS
10
0.7703361023622047
20
0.6788040157480315
11
0.7691839763779528
21
0.6788040157480315
0
LINE
8
BLACK
6
CONTINUOUS
10
0.7691839763779528
20
0.6788040157480315
11
0.7681195669291339
21
0.6792449212598425
0
LINE
8
BLACK
6
CONTINUOUS
10
0.7681195669291339
20
0.6792449212598425
11
0.7673049212598425
21
0.6800595669291338
0
LINE
8
BLACK
6
CONTINUOUS
10
0.7673049212598425
20
0.6800595669291338
11
0.7668640157480314
21
0.6811239763779527
0
LINE
8
BLACK
6
CONTINUOUS
10
0.7668640157480314
20
0.6811239763779527
11
0.7668072834645669
21
0.6817000393700787
0
LINE
8
BLACK
6
CONTINUOUS
10
0.7668072834645669
20
0.6817000393700787
11
0.7668072834645669
21
0.7210701181102362
0
LINE
8
BLACK
6
CONTINUOUS
10
0.7668072834645669
20
0.7210701181102362
11
0.7668640157480314
21
0.7216461811023622
0
LINE
8
BLACK
6
CONTINUOUS
10
0.7668640157480314
20
0.7216461811023622
11
0.7673049212598425
21
0.722710590551181
0
LINE
8
BLACK
6
CONTINUOUS
10
0.7673049212598425
20
0.722710590551181
11
0.7681195669291339
21
0.7235252362204724
0
LINE
8
BLACK
6
CONTINUOUS
10
0.7681195669291339
20
0.7235252362204724
11
0.7691839763779528
21
0.7239661417322835
0
LINE
8
BLACK
6
CONTINUOUS
10
0.7691839763779528
20
0.7239661417322835
11
0.7697600393700788
21
0.7240228740157481
0
LINE
8
BLACK
6
CONTINUOUS
10
0.7697600393700788
20
0.7240228740157481
11
0.7847581496062992
21
0.7240228740157481
0
LINE
8
BLACK
6
CONTINUOUS
10
0.7847581496062992
20
0.7240228740157481
11
0.7853342125984252
21
0.7239661417322835
0
LINE
8
BLACK
6
CONTINUOUS
10
0.7727127952755906
20
0.7034004724409448
11
0.7840611023622047
21
0.7034004724409448
0
LINE
8
BLACK
6
CONTINUOUS
10
0.7840611023622047
20
0.7034004724409448
11
0.7867585826771654
21
0.7047492125984252
0
LINE
8
BLACK
6
CONTINUOUS
10
0.7867585826771654
20
0.7047492125984252
11
0.7879557086614173
21
0.7059463385826772
0
LINE
8
BLACK
6
CONTINUOUS
10
0.7879557086614173
20
0.7059463385826772
11
0.7893044488188976
21
0.7086438188976378
0
LINE
8
BLACK
6
CONTINUOUS
10
0.7893044488188976
20
0.7086438188976378
11
0.7893044488188976
21
0.7128740157480314
0
LINE
8
BLACK
6
CONTINUOUS
10
0.7893044488188976
20
0.7128740157480314
11
0.7879557086614173
21
0.7155714960629921
0
LINE
8
BLACK
6
CONTINUOUS
10
0.7879557086614173
20
0.7155714960629921
11
0.7867585826771654
21
0.7167686220472441
0
LINE
8
BLACK
6
CONTINUOUS
10
0.7867585826771654
20
0.7167686220472441
11
0.7840611023622047
21
0.7181173622047244
0
LINE
8
BLACK
6
CONTINUOUS
10
0.7840611023622047
20
0.7181173622047244
11
0.7727127952755906
21
0.7181173622047244
0
LINE
8
BLACK
6
CONTINUOUS
10
0.7727127952755906
20
0.7181173622047244
11
0.7727127952755906
21
0.7034004724409448
0
LINE
8
BLACK
6
CONTINUOUS
10
0.9637881496062992
20
0.7792493307086614
11
0.9650665748031496
21
0.777970905511811
0
LINE
8
BLACK
6
CONTINUOUS
10
0.9650665748031496
20
0.777970905511811
11
0.9650665748031496
21
0.7761629527559055
0
LINE
8
BLACK
6
CONTINUOUS
10
0.9650665748031496
20
0.7761629527559055
11
0.9637881496062992
21
0.7748845275590551
0
LINE
8
BLACK
6
CONTINUOUS
10
0.9637881496062992
20
0.7748845275590551
11
0.9628841732283464
21
0.7747047244094488
0
LINE
8
BLACK
6
CONTINUOUS
10
0.9628841732283464
20
0.7747047244094488
11
0.9442024409448818
21
0.7747047244094488
0
LINE
8
BLACK
6
CONTINUOUS
10
0.9442024409448818
20
0.7747047244094488
11
0.9432984645669291
21
0.7748845275590551
0
LINE
8
BLACK
6
CONTINUOUS
10
0.9432984645669291
20
0.7748845275590551
11
0.9420200393700787
21
0.7761629527559055
0
LINE
8
BLACK
6
CONTINUOUS
10
0.9420200393700787
20
0.7761629527559055
11
0.9420200393700787
21
0.777970905511811
0
LINE
8
BLACK
6
CONTINUOUS
10
0.9420200393700787
20
0.777970905511811
11
0.9432984645669291
21
0.7792493307086614
0
LINE
8
BLACK
6
CONTINUOUS
10
0.9432984645669291
20
0.7792493307086614
11
0.9442024409448818
21
0.7794291338582677
0
LINE
8
BLACK
6
CONTINUOUS
10
0.9442024409448818
20
0.7794291338582677
11
0.9628841732283464
21
0.7794291338582677
0
LINE
8
BLACK
6
CONTINUOUS
10
0.9628841732283464
20
0.7794291338582677
11
0.9637881496062992
21
0.7792493307086614
0
LINE
8
BLACK
6
CONTINUOUS
10
0.9637881496062992
20
0.8203910629921259
11
0.9650665748031496
21
0.8191126377952755
0
LINE
8
BLACK
6
CONTINUOUS
10
0.9650665748031496
20
0.8191126377952755
11
0.9650665748031496
21
0.81730468503937
0
LINE
8
BLACK
6
CONTINUOUS
10
0.9650665748031496
20
0.81730468503937
11
0.9637881496062992
21
0.8160262598425196
0
LINE
8
BLACK
6
CONTINUOUS
10
0.9637881496062992
20
0.8160262598425196
11
0.9628841732283464
21
0.8158464566929133
0
LINE
8
BLACK
6
CONTINUOUS
10
0.9628841732283464
20
0.8158464566929133
11
0.9442024409448818
21
0.8158464566929133
0
LINE
8
BLACK
6
CONTINUOUS
10
0.9442024409448818
20
0.8158464566929133
11
0.9432984645669291
21
0.8160262598425196
0
LINE
8
BLACK
6
CONTINUOUS
10
0.9432984645669291
20
0.8160262598425196
11
0.9420200393700787
21
0.81730468503937
0
LINE
8
BLACK
6
CONTINUOUS
10
0.9420200393700787
20
0.81730468503937
11
0.9420200393700787
21
0.8191126377952755
0
LINE
8
BLACK
6
CONTINUOUS
10
0.9420200393700787
20
0.8191126377952755
11
0.9432984645669291
21
0.8203910629921259
0
LINE
8
BLACK
6
CONTINUOUS
10
0.9432984645669291
20
0.8203910629921259
11
0.9442024409448818
21
0.8205708661417322
0
LINE
8
BLACK
6
CONTINUOUS
10
0.9442024409448818
20
0.8205708661417322
11
0.9628841732283464
21
0.8205708661417322
0
LINE
8
BLACK
6
CONTINUOUS
10
0.9628841732283464
20
0.8205708661417322
11
0.9637881496062992
21
0.8203910629921259
0
LINE
8
BLACK
6
CONTINUOUS
10
0.9847815748031495
20
0.8783235826771654
11
0.9848590551181102
21
0.8783287401574803
0
LINE
8
BLACK
6
CONTINUOUS
10
0.9848590551181102
20
0.8783287401574803
11
0.9849124015748031
21
0.8783107086614172
0
LINE
8
BLACK
6
CONTINUOUS
10
0.9849124015748031
20
0.8783107086614172
11
0.9850529921259842
21
0.8782968503937008
0
LINE
8
BLACK
6
CONTINUOUS
10
0.9850529921259842
20
0.8782968503937008
11
0.9854961811023621
21
0.8781132677165354
0
LINE
8
BLACK
6
CONTINUOUS
10
0.9854961811023621
20
0.8781132677165354
11
0.9859504330708662
21
0.8779596456692913
0
LINE
8
BLACK
6
CONTINUOUS
10
0.9859504330708662
20
0.8779596456692913
11
0.9860253937007873
21
0.877894094488189
0
LINE
8
BLACK
6
CONTINUOUS
10
0.9860253937007873
20
0.877894094488189
11
0.9861174015748031
21
0.8778559448818898
0
LINE
8
BLACK
6
CONTINUOUS
10
0.9861174015748031
20
0.8778559448818898
11
0.9864563779527559
21
0.877516968503937
0
LINE
8
BLACK
6
CONTINUOUS
10
0.9864563779527559
20
0.877516968503937
11
0.9868175196850394
21
0.8772009842519685
0
LINE
8
BLACK
6
CONTINUOUS
10
0.9868175196850394
20
0.8772009842519685
11
0.9868616929133858
21
0.8771116535433071
0
LINE
8
BLACK
6
CONTINUOUS
10
0.9868616929133858
20
0.8771116535433071
11
0.9869320472440944
21
0.8770412992125984
0
LINE
8
BLACK
6
CONTINUOUS
10
0.9869320472440944
20
0.8770412992125984
11
0.9871155118110236
21
0.8765983858267716
0
LINE
8
BLACK
6
CONTINUOUS
10
0.9871155118110236
20
0.8765983858267716
11
0.9873282283464566
21
0.8761682283464567
0
LINE
8
BLACK
6
CONTINUOUS
10
0.9873282283464566
20
0.8761682283464567
11
0.9873348425196851
21
0.8760688976377953
0
LINE
8
BLACK
6
CONTINUOUS
10
0.9873348425196851
20
0.8760688976377953
11
0.9873729527559055
21
0.8759768897637795
0
LINE
8
BLACK
6
CONTINUOUS
10
0.9873729527559055
20
0.8759768897637795
11
0.9873729527559055
21
0.8754972047244094
0
LINE
8
BLACK
6
CONTINUOUS
10
0.9873729527559055
20
0.8754972047244094
11
0.987404842519685
21
0.8750187007874015
0
LINE
8
BLACK
6
CONTINUOUS
10
0.987404842519685
20
0.8750187007874015
11
0.9873729527559055
21
0.8749244094488189
0
LINE
8
BLACK
6
CONTINUOUS
10
0.9873729527559055
20
0.8749244094488189
11
0.9873729527559055
21
0.8748247637795276
0
LINE
8
BLACK
6
CONTINUOUS
10
0.9873729527559055
20
0.8748247637795276
11
0.9871893307086614
21
0.8743815748031496
0
LINE
8
BLACK
6
CONTINUOUS
10
0.9871893307086614
20
0.8743815748031496
11
0.9870357480314961
21
0.8739273228346457
0
LINE
8
BLACK
6
CONTINUOUS
10
0.9870357480314961
20
0.8739273228346457
11
0.986953622047244
21
0.8738124803149606
0
LINE
8
BLACK
6
CONTINUOUS
10
0.986953622047244
20
0.8738124803149606
11
0.9869320472440944
21
0.8737603543307086
0
LINE
8
BLACK
6
CONTINUOUS
10
0.9869320472440944
20
0.8737603543307086
11
0.9868770866141732
21
0.8737054330708661
0
LINE
8
BLACK
6
CONTINUOUS
10
0.9868770866141732
20
0.8737054330708661
11
0.9866990944881889
21
0.8734564173228346
0
LINE
8
BLACK
6
CONTINUOUS
10
0.9866990944881889
20
0.8734564173228346
11
0.9777661811023621
21
0.8632474015748032
0
LINE
8
BLACK
6
CONTINUOUS
10
0.9777661811023621
20
0.8632474015748032
11
0.9782983858267716
21
0.8630437401574803
0
LINE
8
BLACK
6
CONTINUOUS
10
0.9782983858267716
20
0.8630437401574803
11
0.9820479133858268
21
0.8611689763779528
0
LINE
8
BLACK
6
CONTINUOUS
10
0.9820479133858268
20
0.8611689763779528
11
0.982295905511811
21
0.8610129133858268
0
LINE
8
BLACK
6
CONTINUOUS
10
0.982295905511811
20
0.8610129133858268
11
0.982367874015748
21
0.8609830708661417
0
LINE
8
BLACK
6
CONTINUOUS
10
0.982367874015748
20
0.8609830708661417
11
0.9824488188976378
21
0.8609166141732283
0
LINE
8
BLACK
6
CONTINUOUS
10
0.9824488188976378
20
0.8609166141732283
11
0.9825377952755905
21
0.8608606299212598
0
LINE
8
BLACK
6
CONTINUOUS
10
0.9825377952755905
20
0.8608606299212598
11
0.982588937007874
21
0.8608016535433071
0
LINE
8
BLACK
6
CONTINUOUS
10
0.982588937007874
20
0.8608016535433071
11
0.9828153149606299
21
0.8606158661417322
0
LINE
8
BLACK
6
CONTINUOUS
10
0.9828153149606299
20
0.8606158661417322
11
0.9846900787401575
21
0.8587411023622047
0
LINE
8
BLACK
6
CONTINUOUS
10
0.9846900787401575
20
0.8587411023622047
11
0.9848758267716535
21
0.8585147637795275
0
LINE
8
BLACK
6
CONTINUOUS
10
0.9848758267716535
20
0.8585147637795275
11
0.984934842519685
21
0.8584635826771654
0
LINE
8
BLACK
6
CONTINUOUS
10
0.984934842519685
20
0.8584635826771654
11
0.9849907874015748
21
0.8583746456692913
0
LINE
8
BLACK
6
CONTINUOUS
10
0.9849907874015748
20
0.8583746456692913
11
0.9850572834645669
21
0.8582936614173228
0
LINE
8
BLACK
6
CONTINUOUS
10
0.9850572834645669
20
0.8582936614173228
11
0.9850870866141732
21
0.8582217322834645
0
LINE
8
BLACK
6
CONTINUOUS
10
0.9850870866141732
20
0.8582217322834645
11
0.985243188976378
21
0.8579737007874015
0
LINE
8
BLACK
6
CONTINUOUS
10
0.985243188976378
20
0.8579737007874015
11
0.9871179527559055
21
0.8542241732283464
0
LINE
8
BLACK
6
CONTINUOUS
10
0.9871179527559055
20
0.8542241732283464
11
0.987324842519685
21
0.8536835826771654
0
LINE
8
BLACK
6
CONTINUOUS
10
0.987324842519685
20
0.8536835826771654
11
0.9873323622047244
21
0.853577716535433
0
LINE
8
BLACK
6
CONTINUOUS
10
0.9873323622047244
20
0.853577716535433
11
0.9873729527559055
21
0.8534797244094487
0
LINE
8
BLACK
6
CONTINUOUS
10
0.9873729527559055
20
0.8534797244094487
11
0.98742968503937
21
0.8529036614173228
0
LINE
8
BLACK
6
CONTINUOUS
10
0.98742968503937
20
0.8529036614173228
11
0.98742968503937
21
0.843529842519685
0
LINE
8
BLACK
6
CONTINUOUS
10
0.98742968503937
20
0.843529842519685
11
0.9873729527559055
21
0.842953779527559
0
LINE
8
BLACK
6
CONTINUOUS
10
0.9873729527559055
20
0.842953779527559
11
0.9873323622047244
21
0.8428558267716535
0
LINE
8
BLACK
6
CONTINUOUS
10
0.9873323622047244
20
0.8428558267716535
11
0.987324842519685
21
0.8427499212598425
0
LINE
8
BLACK
6
CONTINUOUS
10
0.987324842519685
20
0.8427499212598425
11
0.9871179527559055
21
0.8422093307086614
0
LINE
8
BLACK
6
CONTINUOUS
10
0.9871179527559055
20
0.8422093307086614
11
0.985243188976378
21
0.8384598031496063
0
LINE
8
BLACK
6
CONTINUOUS
10
0.985243188976378
20
0.8384598031496063
11
0.985087125984252
21
0.8382119291338582
0
LINE
8
BLACK
6
CONTINUOUS
10
0.985087125984252
20
0.8382119291338582
11
0.9850573228346456
21
0.8381398818897637
0
LINE
8
BLACK
6
CONTINUOUS
10
0.9850573228346456
20
0.8381398818897637
11
0.9849907874015748
21
0.8380588582677165
0
LINE
8
BLACK
6
CONTINUOUS
10
0.9849907874015748
20
0.8380588582677165
11
0.984934842519685
21
0.8379699212598425
0
LINE
8
BLACK
6
CONTINUOUS
10
0.984934842519685
20
0.8379699212598425
11
0.9848758267716535
21
0.837918779527559
0
LINE
8
BLACK
6
CONTINUOUS
10
0.9848758267716535
20
0.837918779527559
11
0.9846900787401575
21
0.8376924015748032
0
LINE
8
BLACK
6
CONTINUOUS
10
0.9846900787401575
20
0.8376924015748032
11
0.9828153543307087
21
0.8358176377952756
0
LINE
8
BLACK
6
CONTINUOUS
10
0.9828153543307087
20
0.8358176377952756
11
0.9825889763779527
21
0.8356318897637796
0
LINE
8
BLACK
6
CONTINUOUS
10
0.9825889763779527
20
0.8356318897637796
11
0.9825377952755905
21
0.8355728346456692
0
LINE
8
BLACK
6
CONTINUOUS
10
0.9825377952755905
20
0.8355728346456692
11
0.9824488188976378
21
0.8355168503937007
0
LINE
8
BLACK
6
CONTINUOUS
10
0.9824488188976378
20
0.8355168503937007
11
0.982367874015748
21
0.8354503937007873
0
LINE
8
BLACK
6
CONTINUOUS
10
0.982367874015748
20
0.8354503937007873
11
0.982295905511811
21
0.8354205905511811
0
LINE
8
BLACK
6
CONTINUOUS
10
0.982295905511811
20
0.8354205905511811
11
0.9820479133858268
21
0.8352644881889764
0
LINE
8
BLACK
6
CONTINUOUS
10
0.9820479133858268
20
0.8352644881889764
11
0.9782983858267716
21
0.8333897244094488
0
LINE
8
BLACK
6
CONTINUOUS
10
0.9782983858267716
20
0.8333897244094488
11
0.9777577559055118
21
0.8331828346456692
0
LINE
8
BLACK
6
CONTINUOUS
10
0.9777577559055118
20
0.8331828346456692
11
0.9776519291338582
21
0.8331753543307087
0
LINE
8
BLACK
6
CONTINUOUS
10
0.9776519291338582
20
0.8331753543307087
11
0.977553937007874
21
0.8331347244094488
0
LINE
8
BLACK
6
CONTINUOUS
10
0.977553937007874
20
0.8331347244094488
11
0.976977874015748
21
0.8330779921259842
0
LINE
8
BLACK
6
CONTINUOUS
10
0.976977874015748
20
0.8330779921259842
11
0.9657292913385827
21
0.8330779921259842
0
LINE
8
BLACK
6
CONTINUOUS
10
0.9657292913385827
20
0.8330779921259842
11
0.9651532283464567
21
0.8331347244094488
0
LINE
8
BLACK
6
CONTINUOUS
10
0.9651532283464567
20
0.8331347244094488
11
0.9650552362204724
21
0.8331753149606299
0
LINE
8
BLACK
6
CONTINUOUS
10
0.9650552362204724
20
0.8331753149606299
11
0.9649493700787402
21
0.8331828346456692
0
LINE
8
BLACK
6
CONTINUOUS
10
0.9649493700787402
20
0.8331828346456692
11
0.964408779527559
21
0.8333897244094488
0
LINE
8
BLACK
6
CONTINUOUS
10
0.964408779527559
20
0.8333897244094488
11
0.9606592519685039
21
0.8352644881889764
0
LINE
8
BLACK
6
CONTINUOUS
10
0.9606592519685039
20
0.8352644881889764
11
0.9604112204724409
21
0.8354205905511811
0
LINE
8
BLACK
6
CONTINUOUS
10
0.9604112204724409
20
0.8354205905511811
11
0.9603392913385826
21
0.8354503937007873
0
LINE
8
BLACK
6
CONTINUOUS
10
0.9603392913385826
20
0.8354503937007873
11
0.9602583070866142
21
0.8355168503937007
0
LINE
8
BLACK
6
CONTINUOUS
10
0.9602583070866142
20
0.8355168503937007
11
0.9601693700787401
21
0.8355728346456692
0
LINE
8
BLACK
6
CONTINUOUS
10
0.9601693700787401
20
0.8355728346456692
11
0.9601181496062992
21
0.8356318897637796
0
LINE
8
BLACK
6
CONTINUOUS
10
0.9601181496062992
20
0.8356318897637796
11
0.959891811023622
21
0.8358176377952756
0
LINE
8
BLACK
6
CONTINUOUS
10
0.959891811023622
20
0.8358176377952756
11
0.9580170472440944
21
0.8376924409448818
0
LINE
8
BLACK
6
CONTINUOUS
10
0.9580170472440944
20
0.8376924409448818
11
0.957649842519685
21
0.8381398818897637
0
LINE
8
BLACK
6
CONTINUOUS
10
0.957649842519685
20
0.8381398818897637
11
0.9572089763779528
21
0.8392042913385827
0
LINE
8
BLACK
6
CONTINUOUS
10
0.9572089763779528
20
0.8392042913385827
11
0.9572089763779528
21
0.8403563779527559
0
LINE
8
BLACK
6
CONTINUOUS
10
0.9572089763779528
20
0.8403563779527559
11
0.9576498818897637
21
0.8414207874015748
0
LINE
8
BLACK
6
CONTINUOUS
10
0.9576498818897637
20
0.8414207874015748
11
0.9584645669291338
21
0.8422354724409449
0
LINE
8
BLACK
6
CONTINUOUS
10
0.9584645669291338
20
0.8422354724409449
11
0.9595289763779528
21
0.8426763385826771
0
LINE
8
BLACK
6
CONTINUOUS
10
0.9595289763779528
20
0.8426763385826771
11
0.960681062992126
21
0.8426763385826771
0
LINE
8
BLACK
6
CONTINUOUS
10
0.960681062992126
20
0.8426763385826771
11
0.9617454724409449
21
0.8422354330708661
0
LINE
8
BLACK
6
CONTINUOUS
10
0.9617454724409449
20
0.8422354330708661
11
0.9621929527559054
21
0.8418681889763779
0
LINE
8
BLACK
6
CONTINUOUS
10
0.9621929527559054
20
0.8418681889763779
11
0.9637288582677165
21
0.8403322440944881
0
LINE
8
BLACK
6
CONTINUOUS
10
0.9637288582677165
20
0.8403322440944881
11
0.9664263385826771
21
0.8389835039370078
0
LINE
8
BLACK
6
CONTINUOUS
10
0.9664263385826771
20
0.8389835039370078
11
0.9762808267716535
21
0.8389835039370078
0
LINE
8
BLACK
6
CONTINUOUS
10
0.9762808267716535
20
0.8389835039370078
11
0.9789782677165354
21
0.8403322440944881
0
LINE
8
BLACK
6
CONTINUOUS
10
0.9789782677165354
20
0.8403322440944881
11
0.9801753937007874
21
0.8415294094488189
0
LINE
8
BLACK
6
CONTINUOUS
10
0.9801753937007874
20
0.8415294094488189
11
0.9815241732283464
21
0.8442268897637795
0
LINE
8
BLACK
6
CONTINUOUS
10
0.9815241732283464
20
0.8442268897637795
11
0.9815241732283464
21
0.8522066141732283
0
LINE
8
BLACK
6
CONTINUOUS
10
0.9815241732283464
20
0.8522066141732283
11
0.9801754330708661
21
0.8549040944881889
0
LINE
8
BLACK
6
CONTINUOUS
10
0.9801754330708661
20
0.8549040944881889
11
0.9789783070866142
21
0.856101220472441
0
LINE
8
BLACK
6
CONTINUOUS
10
0.9789783070866142
20
0.856101220472441
11
0.9762808267716535
21
0.8574499606299213
0
LINE
8
BLACK
6
CONTINUOUS
10
0.9762808267716535
20
0.8574499606299213
11
0.9713535826771653
21
0.8574499606299213
0
LINE
8
BLACK
6
CONTINUOUS
10
0.9713535826771653
20
0.8574499606299213
11
0.9710488976377952
21
0.85748
0
LINE
8
BLACK
6
CONTINUOUS
10
0.9710488976377952
20
0.85748
11
0.9709714566929134
21
0.8574748031496063
0
LINE
8
BLACK
6
CONTINUOUS
10
0.9709714566929134
20
0.8574748031496063
11
0.9709180708661417
21
0.857492874015748
0
LINE
8
BLACK
6
CONTINUOUS
10
0.9709180708661417
20
0.857492874015748
11
0.9707775196850393
21
0.8575066929133858
0
LINE
8
BLACK
6
CONTINUOUS
10
0.9707775196850393
20
0.8575066929133858
11
0.9703342913385826
21
0.8576903149606299
0
LINE
8
BLACK
6
CONTINUOUS
10
0.9703342913385826
20
0.8576903149606299
11
0.9698800787401575
21
0.8578438976377952
0
LINE
8
BLACK
6
CONTINUOUS
10
0.9698800787401575
20
0.8578438976377952
11
0.9698050787401574
21
0.8579094881889764
0
LINE
8
BLACK
6
CONTINUOUS
10
0.9698050787401574
20
0.8579094881889764
11
0.9697131102362204
21
0.8579475984251969
0
LINE
8
BLACK
6
CONTINUOUS
10
0.9697131102362204
20
0.8579475984251969
11
0.969374094488189
21
0.8582866141732284
0
LINE
8
BLACK
6
CONTINUOUS
10
0.969374094488189
20
0.8582866141732284
11
0.9690129921259842
21
0.8586025590551181
0
LINE
8
BLACK
6
CONTINUOUS
10
0.9690129921259842
20
0.8586025590551181
11
0.968968779527559
21
0.8586919291338583
0
LINE
8
BLACK
6
CONTINUOUS
10
0.968968779527559
20
0.8586919291338583
11
0.9688984645669291
21
0.8587622440944882
0
LINE
8
BLACK
6
CONTINUOUS
10
0.9688984645669291
20
0.8587622440944882
11
0.9687149606299212
21
0.8592051968503936
0
LINE
8
BLACK
6
CONTINUOUS
10
0.9687149606299212
20
0.8592051968503936
11
0.9685022834645669
21
0.8596353149606299
0
LINE
8
BLACK
6
CONTINUOUS
10
0.9685022834645669
20
0.8596353149606299
11
0.9684956299212598
21
0.85973468503937
0
LINE
8
BLACK
6
CONTINUOUS
10
0.9684956299212598
20
0.85973468503937
11
0.9684575590551181
21
0.8598266535433071
0
LINE
8
BLACK
6
CONTINUOUS
10
0.9684575590551181
20
0.8598266535433071
11
0.9684575590551181
21
0.8603063779527559
0
LINE
8
BLACK
6
CONTINUOUS
10
0.9684575590551181
20
0.8603063779527559
11
0.9684256692913386
21
0.860784842519685
0
LINE
8
BLACK
6
CONTINUOUS
10
0.9684256692913386
20
0.860784842519685
11
0.9684575590551181
21
0.8608791732283464
0
LINE
8
BLACK
6
CONTINUOUS
10
0.9684575590551181
20
0.8608791732283464
11
0.9684575590551181
21
0.8609787795275591
0
LINE
8
BLACK
6
CONTINUOUS
10
0.9684575590551181
20
0.8609787795275591
11
0.9686411417322834
21
0.8614220078740157
0
LINE
8
BLACK
6
CONTINUOUS
10
0.9686411417322834
20
0.8614220078740157
11
0.9687947637795276
21
0.8618762204724409
0
LINE
8
BLACK
6
CONTINUOUS
10
0.9687947637795276
20
0.8618762204724409
11
0.9688768503937008
21
0.8619911023622047
0
LINE
8
BLACK
6
CONTINUOUS
10
0.9688768503937008
20
0.8619911023622047
11
0.9688984645669291
21
0.8620431889763779
0
LINE
8
BLACK
6
CONTINUOUS
10
0.9688984645669291
20
0.8620431889763779
11
0.9689533858267716
21
0.8620981496062992
0
LINE
8
BLACK
6
CONTINUOUS
10
0.9689533858267716
20
0.8620981496062992
11
0.9691314173228346
21
0.8623471259842519
0
LINE
8
BLACK
6
CONTINUOUS
10
0.9691314173228346
20
0.8623471259842519
11
0.9779697637795275
21
0.8724480708661417
0
LINE
8
BLACK
6
CONTINUOUS
10
0.9779697637795275
20
0.8724480708661417
11
0.960105
21
0.8724480708661417
0
LINE
8
BLACK
6
CONTINUOUS
10
0.960105
20
0.8724480708661417
11
0.959528937007874
21
0.8725048031496063
0
LINE
8
BLACK
6
CONTINUOUS
10
0.959528937007874
20
0.8725048031496063
11
0.9584645275590551
21
0.8729457086614173
0
LINE
8
BLACK
6
CONTINUOUS
10
0.9584645275590551
20
0.8729457086614173
11
0.9576498818897637
21
0.8737603543307086
0
LINE
8
BLACK
6
CONTINUOUS
10
0.9576498818897637
20
0.8737603543307086
11
0.9572089763779528
21
0.8748247637795276
0
LINE
8
BLACK
6
CONTINUOUS
10
0.9572089763779528
20
0.8748247637795276
11
0.9572089763779528
21
0.8759768897637795
0
LINE
8
BLACK
6
CONTINUOUS
10
0.9572089763779528
20
0.8759768897637795
11
0.9576498818897637
21
0.8770412992125984
0
LINE
8
BLACK
6
CONTINUOUS
10
0.9576498818897637
20
0.8770412992125984
11
0.9584645275590551
21
0.8778559448818898
0
LINE
8
BLACK
6
CONTINUOUS
10
0.9584645275590551
20
0.8778559448818898
11
0.959528937007874
21
0.8782968503937008
0
LINE
8
BLACK
6
CONTINUOUS
10
0.959528937007874
20
0.8782968503937008
11
0.960105
21
0.8783535826771653
0
LINE
8
BLACK
6
CONTINUOUS
10
0.960105
20
0.8783535826771653
11
0.9844769291338582
21
0.8783535826771653
0
LINE
8
BLACK
6
CONTINUOUS
10
0.9844769291338582
20
0.8783535826771653
11
0.9847815748031495
21
0.8783235826771654
0
LINE
8
BLACK
6
CONTINUOUS
10
0.9400586220472441
20
0.8782968503937008
11
0.9401566141732284
21
0.8782562598425196
0
LINE
8
BLACK
6
CONTINUOUS
10
0.9401566141732284
20
0.8782562598425196
11
0.9402624409448819
21
0.8782487401574803
0
LINE
8
BLACK
6
CONTINUOUS
10
0.9402624409448819
20
0.8782487401574803
11
0.9408030708661417
21
0.8780418503937008
0
LINE
8
BLACK
6
CONTINUOUS
10
0.9408030708661417
20
0.8780418503937008
11
0.9445525984251968
21
0.8761670866141732
0
LINE
8
BLACK
6
CONTINUOUS
10
0.9445525984251968
20
0.8761670866141732
11
0.944800590551181
21
0.8760110236220472
0
LINE
8
BLACK
6
CONTINUOUS
10
0.944800590551181
20
0.8760110236220472
11
0.9448725590551181
21
0.8759811811023622
0
LINE
8
BLACK
6
CONTINUOUS
10
0.9448725590551181
20
0.8759811811023622
11
0.9449535039370078
21
0.8759147244094488
0
LINE
8
BLACK
6
CONTINUOUS
10
0.9449535039370078
20
0.8759147244094488
11
0.9450424803149606
21
0.8758587401574803
0
LINE
8
BLACK
6
CONTINUOUS
10
0.9450424803149606
20
0.8758587401574803
11
0.9450936220472441
21
0.8757997637795275
0
LINE
8
BLACK
6
CONTINUOUS
10
0.9450936220472441
20
0.8757997637795275
11
0.9453199999999999
21
0.8756139763779527
0
LINE
8
BLACK
6
CONTINUOUS
10
0.9453199999999999
20
0.8756139763779527
11
0.9471947637795275
21
0.8737392125984251
0
LINE
8
BLACK
6
CONTINUOUS
10
0.9471947637795275
20
0.8737392125984251
11
0.9473805118110236
21
0.8735128740157481
0
LINE
8
BLACK
6
CONTINUOUS
10
0.9473805118110236
20
0.8735128740157481
11
0.9474395275590551
21
0.8734616929133858
0
LINE
8
BLACK
6
CONTINUOUS
10
0.9474395275590551
20
0.8734616929133858
11
0.9474954724409449
21
0.8733727559055118
0
LINE
8
BLACK
6
CONTINUOUS
10
0.9474954724409449
20
0.8733727559055118
11
0.947561968503937
21
0.8732917716535433
0
LINE
8
BLACK
6
CONTINUOUS
10
0.947561968503937
20
0.8732917716535433
11
0.9475917716535432
21
0.873219842519685
0
LINE
8
BLACK
6
CONTINUOUS
10
0.9475917716535432
20
0.873219842519685
11
0.947747874015748
21
0.872971811023622
0
LINE
8
BLACK
6
CONTINUOUS
10
0.947747874015748
20
0.872971811023622
11
0.9496226377952756
21
0.8692222834645669
0
LINE
8
BLACK
6
CONTINUOUS
10
0.9496226377952756
20
0.8692222834645669
11
0.9498295275590551
21
0.8686816929133858
0
LINE
8
BLACK
6
CONTINUOUS
10
0.9498295275590551
20
0.8686816929133858
11
0.9498370472440945
21
0.8685758267716536
0
LINE
8
BLACK
6
CONTINUOUS
10
0.9498370472440945
20
0.8685758267716536
11
0.9498776377952756
21
0.8684778346456693
0
LINE
8
BLACK
6
CONTINUOUS
10
0.9498776377952756
20
0.8684778346456693
11
0.9499343700787402
21
0.8679017716535433
0
LINE
8
BLACK
6
CONTINUOUS
10
0.9499343700787402
20
0.8679017716535433
11
0.9499343700787402
21
0.8622774803149607
0
LINE
8
BLACK
6
CONTINUOUS
10
0.9499343700787402
20
0.8622774803149607
11
0.9498776377952756
21
0.8617014173228347
0
LINE
8
BLACK
6
CONTINUOUS
10
0.9498776377952756
20
0.8617014173228347
11
0.9498370472440945
21
0.8616034645669292
0
LINE
8
BLACK
6
CONTINUOUS
10
0.9498370472440945
20
0.8616034645669292
11
0.9498295275590551
21
0.861497559055118
0
LINE
8
BLACK
6
CONTINUOUS
10
0.9498295275590551
20
0.861497559055118
11
0.9496226377952756
21
0.860956968503937
0
LINE
8
BLACK
6
CONTINUOUS
10
0.9496226377952756
20
0.860956968503937
11
0.947747874015748
21
0.8572074409448819
0
LINE
8
BLACK
6
CONTINUOUS
10
0.947747874015748
20
0.8572074409448819
11
0.9475917716535432
21
0.8569594488188976
0
LINE
8
BLACK
6
CONTINUOUS
10
0.9475917716535432
20
0.8569594488188976
11
0.947561968503937
21
0.8568874803149606
0
LINE
8
BLACK
6
CONTINUOUS
10
0.947561968503937
20
0.8568874803149606
11
0.9474954724409449
21
0.8568065354330708
0
LINE
8
BLACK
6
CONTINUOUS
10
0.9474954724409449
20
0.8568065354330708
11
0.9474395275590551
21
0.856717559055118
0
LINE
8
BLACK
6
CONTINUOUS
10
0.9474395275590551
20
0.856717559055118
11
0.9473805118110236
21
0.8566664173228347
0
LINE
8
BLACK
6
CONTINUOUS
10
0.9473805118110236
20
0.8566664173228347
11
0.9471947637795275
21
0.8564400393700787
0
LINE
8
BLACK
6
CONTINUOUS
10
0.9471947637795275
20
0.8564400393700787
11
0.9453199999999999
21
0.8545652755905512
0
LINE
8
BLACK
6
CONTINUOUS
10
0.9453199999999999
20
0.8545652755905512
11
0.9450936220472441
21
0.8543795275590551
0
LINE
8
BLACK
6
CONTINUOUS
10
0.9450936220472441
20
0.8543795275590551
11
0.9450424803149606
21
0.8543205118110236
0
LINE
8
BLACK
6
CONTINUOUS
10
0.9450424803149606
20
0.8543205118110236
11
0.9449535039370078
21
0.8542645669291339
0
LINE
8
BLACK
6
CONTINUOUS
10
0.9449535039370078
20
0.8542645669291339
11
0.9448725590551181
21
0.8541980708661417
0
LINE
8
BLACK
6
CONTINUOUS
10
0.9448725590551181
20
0.8541980708661417
11
0.944800590551181
21
0.8541682677165354
0
LINE
8
BLACK
6
CONTINUOUS
10
0.944800590551181
20
0.8541682677165354
11
0.9445525984251968
21
0.8540121653543307
0
LINE
8
BLACK
6
CONTINUOUS
10
0.9445525984251968
20
0.8540121653543307
11
0.9408030708661417
21
0.8521374015748031
0
LINE
8
BLACK
6
CONTINUOUS
10
0.9408030708661417
20
0.8521374015748031
11
0.9402624409448819
21
0.8519305118110236
0
LINE
8
BLACK
6
CONTINUOUS
10
0.9402624409448819
20
0.8519305118110236
11
0.9401566141732284
21
0.851923031496063
0
LINE
8
BLACK
6
CONTINUOUS
10
0.9401566141732284
20
0.851923031496063
11
0.9400586220472441
21
0.8518824015748031
0
LINE
8
BLACK
6
CONTINUOUS
10
0.9400586220472441
20
0.8518824015748031
11
0.9395264566929133
21
0.85183
0
LINE
8
BLACK
6
CONTINUOUS
10
0.9395264566929133
20
0.85183
11
0.9494006299212598
21
0.8377240157480315
0
LINE
8
BLACK
6
CONTINUOUS
10
0.9494006299212598
20
0.8377240157480315
11
0.9496844881889763
21
0.8372195669291338
0
LINE
8
BLACK
6
CONTINUOUS
10
0.9496844881889763
20
0.8372195669291338
11
0.9499336614173228
21
0.8360947244094488
0
LINE
8
BLACK
6
CONTINUOUS
10
0.9499336614173228
20
0.8360947244094488
11
0.9497334645669291
21
0.8349601574803149
0
LINE
8
BLACK
6
CONTINUOUS
10
0.9497334645669291
20
0.8349601574803149
11
0.9491142913385826
21
0.8339885826771654
0
LINE
8
BLACK
6
CONTINUOUS
10
0.9491142913385826
20
0.8339885826771654
11
0.9481704330708661
21
0.833327874015748
0
LINE
8
BLACK
6
CONTINUOUS
10
0.9481704330708661
20
0.833327874015748
11
0.9470455905511811
21
0.8330786614173228
0
LINE
8
BLACK
6
CONTINUOUS
10
0.9470455905511811
20
0.8330786614173228
11
0.945911062992126
21
0.8332788976377953
0
LINE
8
BLACK
6
CONTINUOUS
10
0.945911062992126
20
0.8332788976377953
11
0.9449394488188976
21
0.8338980708661418
0
LINE
8
BLACK
6
CONTINUOUS
10
0.9449394488188976
20
0.8338980708661418
11
0.9445626377952756
21
0.8343374409448818
0
LINE
8
BLACK
6
CONTINUOUS
10
0.9445626377952756
20
0.8343374409448818
11
0.932320905511811
21
0.8518256692913385
0
LINE
8
BLACK
6
CONTINUOUS
10
0.932320905511811
20
0.8518256692913385
11
0.9274372047244094
21
0.8518256692913385
0
LINE
8
BLACK
6
CONTINUOUS
10
0.9274372047244094
20
0.8518256692913385
11
0.9274372047244094
21
0.836030748031496
0
LINE
8
BLACK
6
CONTINUOUS
10
0.9274372047244094
20
0.836030748031496
11
0.9273804724409449
21
0.83545468503937
0
LINE
8
BLACK
6
CONTINUOUS
10
0.9273804724409449
20
0.83545468503937
11
0.9269395669291338
21
0.8343902755905511
0
LINE
8
BLACK
6
CONTINUOUS
10
0.9269395669291338
20
0.8343902755905511
11
0.9261249212598425
21
0.8335756299212598
0
LINE
8
BLACK
6
CONTINUOUS
10
0.9261249212598425
20
0.8335756299212598
11
0.9250605118110236
21
0.8331347244094488
0
LINE
8
BLACK
6
CONTINUOUS
10
0.9250605118110236
20
0.8331347244094488
11
0.9239083858267716
21
0.8331347244094488
0
LINE
8
BLACK
6
CONTINUOUS
10
0.9239083858267716
20
0.8331347244094488
11
0.9228439763779527
21
0.8335756299212598
0
LINE
8
BLACK
6
CONTINUOUS
10
0.9228439763779527
20
0.8335756299212598
11
0.9220293307086614
21
0.8343902755905511
0
LINE
8
BLACK
6
CONTINUOUS
10
0.9220293307086614
20
0.8343902755905511
11
0.9215884251968504
21
0.83545468503937
0
LINE
8
BLACK
6
CONTINUOUS
10
0.9215884251968504
20
0.83545468503937
11
0.9215316929133858
21
0.836030748031496
0
LINE
8
BLACK
6
CONTINUOUS
10
0.9215316929133858
20
0.836030748031496
11
0.9215316929133858
21
0.8754008267716535
0
LINE
8
BLACK
6
CONTINUOUS
10
0.9215316929133858
20
0.8754008267716535
11
0.9215884251968504
21
0.8759768897637795
0
LINE
8
BLACK
6
CONTINUOUS
10
0.9215884251968504
20
0.8759768897637795
11
0.9220293307086614
21
0.8770412992125984
0
LINE
8
BLACK
6
CONTINUOUS
10
0.9220293307086614
20
0.8770412992125984
11
0.9228439763779527
21
0.8778559448818898
0
LINE
8
BLACK
6
CONTINUOUS
10
0.9228439763779527
20
0.8778559448818898
11
0.9239083858267716
21
0.8782968503937008
0
LINE
8
BLACK
6
CONTINUOUS
10
0.9239083858267716
20
0.8782968503937008
11
0.9244844488188976
21
0.8783535826771653
0
LINE
8
BLACK
6
CONTINUOUS
10
0.9244844488188976
20
0.8783535826771653
11
0.9394825590551181
21
0.8783535826771653
0
LINE
8
BLACK
6
CONTINUOUS
10
0.9394825590551181
20
0.8783535826771653
11
0.9400586220472441
21
0.8782968503937008
0
LINE
8
BLACK
6
CONTINUOUS
10
0.9274372047244094
20
0.8577311811023622
11
0.9387855118110237
21
0.8577311811023622
0
LINE
8
BLACK
6
CONTINUOUS
10
0.9387855118110237
20
0.8577311811023622
11
0.9414829921259842
21
0.8590799212598424
0
LINE
8
BLACK
6
CONTINUOUS
10
0.9414829921259842
20
0.8590799212598424
11
0.9426801181102362
21
0.8602770472440945
0
LINE
8
BLACK
6
CONTINUOUS
10
0.9426801181102362
20
0.8602770472440945
11
0.9440288582677165
21
0.8629745275590551
0
LINE
8
BLACK
6
CONTINUOUS
10
0.9440288582677165
20
0.8629745275590551
11
0.9440288582677165
21
0.8672047244094488
0
LINE
8
BLACK
6
CONTINUOUS
10
0.9440288582677165
20
0.8672047244094488
11
0.9426801181102362
21
0.8699022047244094
0
LINE
8
BLACK
6
CONTINUOUS
10
0.9426801181102362
20
0.8699022047244094
11
0.9414829921259842
21
0.8710993307086614
0
LINE
8
BLACK
6
CONTINUOUS
10
0.9414829921259842
20
0.8710993307086614
11
0.9387855118110237
21
0.8724480708661417
0
LINE
8
BLACK
6
CONTINUOUS
10
0.9387855118110237
20
0.8724480708661417
11
0.9274372047244094
21
0.8724480708661417
0
LINE
8
BLACK
6
CONTINUOUS
10
0.9274372047244094
20
0.8724480708661417
11
0.9274372047244094
21
0.8577311811023622
0
LINE
8
BLACK
6
CONTINUOUS
10
1.0001953543307087
20
1.0110793307086614
11
1.0002731102362203
21
1.011084842519685
0
LINE
8
BLACK
6
CONTINUOUS
10
1.0002731102362203
20
1.011084842519685
11
1.0003753543307086
21
1.0110616141732283
0
LINE
8
BLACK
6
CONTINUOUS
10
1.0003753543307086
20
1.0110616141732283
11
1.0004798818897638
21
1.0110512992125984
0
LINE
8
BLACK
6
CONTINUOUS
10
1.0004798818897638
20
1.0110512992125984
11
1.000551968503937
21
1.0110214566929134
0
LINE
8
BLACK
6
CONTINUOUS
10
1.000551968503937
20
1.0110214566929134
11
1.0008375590551182
21
1.0109564960629922
0
LINE
8
BLACK
6
CONTINUOUS
10
1.0008375590551182
20
1.0109564960629922
11
1.0092739763779528
21
1.0081443307086615
0
LINE
8
BLACK
6
CONTINUOUS
10
1.0092739763779528
20
1.0081443307086615
11
1.0098025196850393
21
1.0079083464566929
0
LINE
8
BLACK
6
CONTINUOUS
10
1.0098025196850393
20
1.0079083464566929
11
1.0098825984251969
21
1.0078388976377952
0
LINE
8
BLACK
6
CONTINUOUS
10
1.0098825984251969
20
1.0078388976377952
11
1.0099806692913385
21
1.0077982677165354
0
LINE
8
BLACK
6
CONTINUOUS
10
1.0099806692913385
20
1.0077982677165354
11
1.0104281496062992
21
1.0074310236220472
0
LINE
8
BLACK
6
CONTINUOUS
10
1.0104281496062992
20
1.0074310236220472
11
1.0160524803149606
21
1.0018067322834645
0
LINE
8
BLACK
6
CONTINUOUS
10
1.0160524803149606
20
1.0018067322834645
11
1.0164196850393701
21
1.0013592913385827
0
LINE
8
BLACK
6
CONTINUOUS
10
1.0164196850393701
20
1.0013592913385827
11
1.0164602755905512
21
1.0012612598425197
0
LINE
8
BLACK
6
CONTINUOUS
10
1.0164602755905512
20
1.0012612598425197
11
1.0165298031496062
21
1.0011811023622048
0
LINE
8
BLACK
6
CONTINUOUS
10
1.0165298031496062
20
1.0011811023622048
11
1.0167657874015747
21
1.0006525590551181
0
LINE
8
BLACK
6
CONTINUOUS
10
1.0167657874015747
20
1.0006525590551181
11
1.0195779133858267
21
0.9922161023622047
0
LINE
8
BLACK
6
CONTINUOUS
10
1.0195779133858267
20
0.9922161023622047
11
1.0196428346456692
21
0.9919305511811023
0
LINE
8
BLACK
6
CONTINUOUS
10
1.0196428346456692
20
0.9919305511811023
11
1.0196727165354331
21
0.9918584251968504
0
LINE
8
BLACK
6
CONTINUOUS
10
1.0196727165354331
20
0.9918584251968504
11
1.0196829921259842
21
0.991753937007874
0
LINE
8
BLACK
6
CONTINUOUS
10
1.0196829921259842
20
0.991753937007874
11
1.0197062598425197
21
0.9916516535433071
0
LINE
8
BLACK
6
CONTINUOUS
10
1.0197062598425197
20
0.9916516535433071
11
1.0197007086614174
21
0.991573937007874
0
LINE
8
BLACK
6
CONTINUOUS
10
1.0197007086614174
20
0.991573937007874
11
1.0197294488188977
21
0.9912823622047244
0
LINE
8
BLACK
6
CONTINUOUS
10
1.0197294488188977
20
0.9912823622047244
11
1.0197294488188977
21
0.9856580708661417
0
LINE
8
BLACK
6
CONTINUOUS
10
1.0197294488188977
20
0.9856580708661417
11
1.0196727165354331
21
0.9850820078740157
0
LINE
8
BLACK
6
CONTINUOUS
10
1.0196727165354331
20
0.9850820078740157
11
1.019231811023622
21
0.9840175984251969
0
LINE
8
BLACK
6
CONTINUOUS
10
1.019231811023622
20
0.9840175984251969
11
1.0184171653543306
21
0.9832029527559055
0
LINE
8
BLACK
6
CONTINUOUS
10
1.0184171653543306
20
0.9832029527559055
11
1.0173527559055118
21
0.9827620472440944
0
LINE
8
BLACK
6
CONTINUOUS
10
1.0173527559055118
20
0.9827620472440944
11
1.0162006299212598
21
0.9827620472440944
0
LINE
8
BLACK
6
CONTINUOUS
10
1.0162006299212598
20
0.9827620472440944
11
1.015136220472441
21
0.9832029527559055
0
LINE
8
BLACK
6
CONTINUOUS
10
1.015136220472441
20
0.9832029527559055
11
1.0143215748031496
21
0.9840175984251969
0
LINE
8
BLACK
6
CONTINUOUS
10
1.0143215748031496
20
0.9840175984251969
11
1.0138806692913385
21
0.9850820078740157
0
LINE
8
BLACK
6
CONTINUOUS
10
1.0138806692913385
20
0.9850820078740157
11
1.0138239370078741
21
0.9856580708661417
0
LINE
8
BLACK
6
CONTINUOUS
10
1.0138239370078741
20
0.9856580708661417
11
1.0138239370078741
21
0.9908032677165354
0
LINE
8
BLACK
6
CONTINUOUS
10
1.0138239370078741
20
0.9908032677165354
11
1.0113837401574803
21
0.998123779527559
0
LINE
8
BLACK
6
CONTINUOUS
10
1.0113837401574803
20
0.998123779527559
11
1.0067451968503938
21
1.0027623228346456
0
LINE
8
BLACK
6
CONTINUOUS
10
1.0067451968503938
20
1.0027623228346456
11
0.9994246850393701
21
1.0052025196850394
0
LINE
8
BLACK
6
CONTINUOUS
10
0.9994246850393701
20
1.0052025196850394
11
0.9577215748031496
21
1.0052025196850394
0
LINE
8
BLACK
6
CONTINUOUS
10
0.9577215748031496
20
1.0052025196850394
11
0.9571455118110236
21
1.005259251968504
0
LINE
8
BLACK
6
CONTINUOUS
10
0.9571455118110236
20
1.005259251968504
11
0.9560811023622047
21
1.0057001574803148
0
LINE
8
BLACK
6
CONTINUOUS
10
0.9560811023622047
20
1.0057001574803148
11
0.9552664566929133
21
1.0065148031496063
0
LINE
8
BLACK
6
CONTINUOUS
10
0.9552664566929133
20
1.0065148031496063
11
0.9548255511811023
21
1.0075792125984251
0
LINE
8
BLACK
6
CONTINUOUS
10
0.9548255511811023
20
1.0075792125984251
11
0.9548255511811023
21
1.0087313385826771
0
LINE
8
BLACK
6
CONTINUOUS
10
0.9548255511811023
20
1.0087313385826771
11
0.9552664566929133
21
1.0097957480314961
0
LINE
8
BLACK
6
CONTINUOUS
10
0.9552664566929133
20
1.0097957480314961
11
0.9560811023622047
21
1.0106103937007873
0
LINE
8
BLACK
6
CONTINUOUS
10
0.9560811023622047
20
1.0106103937007873
11
0.9571455118110236
21
1.0110512992125984
0
LINE
8
BLACK
6
CONTINUOUS
10
0.9571455118110236
20
1.0110512992125984
11
0.9577215748031496
21
1.011108031496063
0
LINE
8
BLACK
6
CONTINUOUS
10
0.9577215748031496
20
1.011108031496063
11
0.9999038188976378
21
1.011108031496063
0
LINE
8
BLACK
6
CONTINUOUS
10
0.9999038188976378
20
1.011108031496063
11
1.0001953543307087
21
1.0110793307086614
0
LINE
8
BLACK
6
CONTINUOUS
10
1.0061041732283464
20
1.0729185433070867
11
1.0062021653543307
21
1.0728779527559056
0
LINE
8
BLACK
6
CONTINUOUS
10
1.0062021653543307
20
1.0728779527559056
11
1.0063079921259843
21
1.072870433070866
0
LINE
8
BLACK
6
CONTINUOUS
10
1.0063079921259843
20
1.072870433070866
11
1.0068486220472441
21
1.0726635433070866
0
LINE
8
BLACK
6
CONTINUOUS
10
1.0068486220472441
20
1.0726635433070866
11
1.0124729133858268
21
1.0698514173228346
0
LINE
8
BLACK
6
CONTINUOUS
10
1.0124729133858268
20
1.0698514173228346
11
1.0127209055118109
21
1.0696953543307086
0
LINE
8
BLACK
6
CONTINUOUS
10
1.0127209055118109
20
1.0696953543307086
11
1.0127928740157479
21
1.0696655118110237
0
LINE
8
BLACK
6
CONTINUOUS
10
1.0127928740157479
20
1.0696655118110237
11
1.0128738188976378
21
1.0695990551181103
0
LINE
8
BLACK
6
CONTINUOUS
10
1.0128738188976378
20
1.0695990551181103
11
1.0129627952755906
21
1.0695430708661418
0
LINE
8
BLACK
6
CONTINUOUS
10
1.0129627952755906
20
1.0695430708661418
11
1.0130139370078739
21
1.0694840944881889
0
LINE
8
BLACK
6
CONTINUOUS
10
1.0130139370078739
20
1.0694840944881889
11
1.0132403149606299
21
1.0692983070866142
0
LINE
8
BLACK
6
CONTINUOUS
10
1.0132403149606299
20
1.0692983070866142
11
1.0160524803149606
21
1.0664861417322835
0
LINE
8
BLACK
6
CONTINUOUS
10
1.0160524803149606
20
1.0664861417322835
11
1.0162383070866141
21
1.0662597637795275
0
LINE
8
BLACK
6
CONTINUOUS
10
1.0162383070866141
20
1.0662597637795275
11
1.0162972440944882
21
1.066208622047244
0
LINE
8
BLACK
6
CONTINUOUS
10
1.0162972440944882
20
1.066208622047244
11
1.0163531102362204
21
1.0661198818897637
0
LINE
8
BLACK
6
CONTINUOUS
10
1.0163531102362204
20
1.0661198818897637
11
1.0164197244094488
21
1.0660387007874015
0
LINE
8
BLACK
6
CONTINUOUS
10
1.0164197244094488
20
1.0660387007874015
11
1.0164495669291338
21
1.0659665748031495
0
LINE
8
BLACK
6
CONTINUOUS
10
1.0164495669291338
20
1.0659665748031495
11
1.016605590551181
21
1.0657187401574804
0
LINE
8
BLACK
6
CONTINUOUS
10
1.016605590551181
20
1.0657187401574804
11
1.019417716535433
21
1.0600944488188977
0
LINE
8
BLACK
6
CONTINUOUS
10
1.019417716535433
20
1.0600944488188977
11
1.0196246062992125
21
1.0595538188976377
0
LINE
8
BLACK
6
CONTINUOUS
10
1.0196246062992125
20
1.0595538188976377
11
1.0196320866141733
21
1.059448031496063
0
LINE
8
BLACK
6
CONTINUOUS
10
1.0196320866141733
20
1.059448031496063
11
1.0196727165354331
21
1.05935
0
LINE
8
BLACK
6
CONTINUOUS
10
1.0196727165354331
20
1.05935
11
1.0197294488188977
21
1.0587739370078739
0
LINE
8
BLACK
6
CONTINUOUS
10
1.0197294488188977
20
1.0587739370078739
11
1.0197294488188977
21
1.0475253543307086
0
LINE
8
BLACK
6
CONTINUOUS
10
1.0197294488188977
20
1.0475253543307086
11
1.0196727165354331
21
1.0469492913385827
0
LINE
8
BLACK
6
CONTINUOUS
10
1.0196727165354331
20
1.0469492913385827
11
1.0196320866141733
21
1.0468512992125985
0
LINE
8
BLACK
6
CONTINUOUS
10
1.0196320866141733
20
1.0468512992125985
11
1.0196246062992125
21
1.0467454724409448
0
LINE
8
BLACK
6
CONTINUOUS
10
1.0196246062992125
20
1.0467454724409448
11
1.019417716535433
21
1.0462048818897638
0
LINE
8
BLACK
6
CONTINUOUS
10
1.019417716535433
20
1.0462048818897638
11
1.016605590551181
21
1.0405805118110236
0
LINE
8
BLACK
6
CONTINUOUS
10
1.016605590551181
20
1.0405805118110236
11
1.0164494881889763
21
1.0403325196850393
0
LINE
8
BLACK
6
CONTINUOUS
10
1.0164494881889763
20
1.0403325196850393
11
1.0164196850393701
21
1.0402605511811023
0
LINE
8
BLACK
6
CONTINUOUS
10
1.0164196850393701
20
1.0402605511811023
11
1.0163531889763779
21
1.0401796062992126
0
LINE
8
BLACK
6
CONTINUOUS
10
1.0163531889763779
20
1.0401796062992126
11
1.0162972440944882
21
1.0400906299212598
0
LINE
8
BLACK
6
CONTINUOUS
10
1.0162972440944882
20
1.0400906299212598
11
1.0162382283464566
21
1.0400394881889763
0
LINE
8
BLACK
6
CONTINUOUS
10
1.0162382283464566
20
1.0400394881889763
11
1.0160524803149606
21
1.0398131102362205
0
LINE
8
BLACK
6
CONTINUOUS
10
1.0160524803149606
20
1.0398131102362205
11
1.0132403149606299
21
1.0370009842519685
0
LINE
8
BLACK
6
CONTINUOUS
10
1.0132403149606299
20
1.0370009842519685
11
1.0130139370078739
21
1.0368152362204723
0
LINE
8
BLACK
6
CONTINUOUS
10
1.0130139370078739
20
1.0368152362204723
11
1.0129627952755906
21
1.036756220472441
0
LINE
8
BLACK
6
CONTINUOUS
10
1.0129627952755906
20
1.036756220472441
11
1.0128738582677166
21
1.0367002755905512
0
LINE
8
BLACK
6
CONTINUOUS
10
1.0128738582677166
20
1.0367002755905512
11
1.0127928346456692
21
1.0366337401574803
0
LINE
8
BLACK
6
CONTINUOUS
10
1.0127928346456692
20
1.0366337401574803
11
1.0127207874015747
21
1.0366039370078739
0
LINE
8
BLACK
6
CONTINUOUS
10
1.0127207874015747
20
1.0366039370078739
11
1.0124729133858268
21
1.0364478740157481
0
LINE
8
BLACK
6
CONTINUOUS
10
1.0124729133858268
20
1.0364478740157481
11
1.0068486220472441
21
1.0336357086614174
0
LINE
8
BLACK
6
CONTINUOUS
10
1.0068486220472441
20
1.0336357086614174
11
1.0063080314960631
21
1.0334288188976377
0
LINE
8
BLACK
6
CONTINUOUS
10
1.0063080314960631
20
1.0334288188976377
11
1.006202125984252
21
1.0334212992125984
0
LINE
8
BLACK
6
CONTINUOUS
10
1.006202125984252
20
1.0334212992125984
11
1.0061041732283464
21
1.0333807086614173
0
LINE
8
BLACK
6
CONTINUOUS
10
1.0061041732283464
20
1.0333807086614173
11
1.0055281102362204
21
1.0333239763779527
0
LINE
8
BLACK
6
CONTINUOUS
10
1.0055281102362204
20
1.0333239763779527
11
0.9577215748031496
21
1.0333239763779527
0
LINE
8
BLACK
6
CONTINUOUS
10
0.9577215748031496
20
1.0333239763779527
11
0.9571455118110236
21
1.0333807086614173
0
LINE
8
BLACK
6
CONTINUOUS
10
0.9571455118110236
20
1.0333807086614173
11
0.9560811023622047
21
1.0338216141732284
0
LINE
8
BLACK
6
CONTINUOUS
10
0.9560811023622047
20
1.0338216141732284
11
0.9552664566929133
21
1.0346362598425196
0
LINE
8
BLACK
6
CONTINUOUS
10
0.9552664566929133
20
1.0346362598425196
11
0.9548255511811023
21
1.0357006692913386
0
LINE
8
BLACK
6
CONTINUOUS
10
0.9548255511811023
20
1.0357006692913386
11
0.9548255511811023
21
1.0368527952755906
0
LINE
8
BLACK
6
CONTINUOUS
10
0.9548255511811023
20
1.0368527952755906
11
0.9552664566929133
21
1.0379172047244094
0
LINE
8
BLACK
6
CONTINUOUS
10
0.9552664566929133
20
1.0379172047244094
11
0.9560811023622047
21
1.0387318503937009
0
LINE
8
BLACK
6
CONTINUOUS
10
0.9560811023622047
20
1.0387318503937009
11
0.9571455118110236
21
1.0391727559055117
0
LINE
8
BLACK
6
CONTINUOUS
10
0.9571455118110236
20
1.0391727559055117
11
0.9577215748031496
21
1.0392294881889763
0
LINE
8
BLACK
6
CONTINUOUS
10
0.9577215748031496
20
1.0392294881889763
11
1.004831062992126
21
1.0392294881889763
0
LINE
8
BLACK
6
CONTINUOUS
10
1.004831062992126
20
1.0392294881889763
11
1.0094033070866142
21
1.0415156692913385
0
LINE
8
BLACK
6
CONTINUOUS
10
1.0094033070866142
20
1.0415156692913385
11
1.0115377952755906
21
1.043650157480315
0
LINE
8
BLACK
6
CONTINUOUS
10
1.0115377952755906
20
1.043650157480315
11
1.0138239370078741
21
1.0482224015748032
0
LINE
8
BLACK
6
CONTINUOUS
10
1.0138239370078741
20
1.0482224015748032
11
1.0138239370078741
21
1.0580769291338583
0
LINE
8
BLACK
6
CONTINUOUS
10
1.0138239370078741
20
1.0580769291338583
11
1.0115377952755906
21
1.0626491732283465
0
LINE
8
BLACK
6
CONTINUOUS
10
1.0115377952755906
20
1.0626491732283465
11
1.0094033070866142
21
1.0647836614173227
0
LINE
8
BLACK
6
CONTINUOUS
10
1.0094033070866142
20
1.0647836614173227
11
1.004831062992126
21
1.0670697637795274
0
LINE
8
BLACK
6
CONTINUOUS
10
1.004831062992126
20
1.0670697637795274
11
0.9577215748031496
21
1.0670697637795274
0
LINE
8
BLACK
6
CONTINUOUS
10
0.9577215748031496
20
1.0670697637795274
11
0.9571455118110236
21
1.067126496062992
0
LINE
8
BLACK
6
CONTINUOUS
10
0.9571455118110236
20
1.067126496062992
11
0.9560811023622047
21
1.0675674015748031
0
LINE
8
BLACK
6
CONTINUOUS
10
0.9560811023622047
20
1.0675674015748031
11
0.9552664566929133
21
1.0683820472440944
0
LINE
8
BLACK
6
CONTINUOUS
10
0.9552664566929133
20
1.0683820472440944
11
0.9548255511811023
21
1.0694464566929134
0
LINE
8
BLACK
6
CONTINUOUS
10
0.9548255511811023
20
1.0694464566929134
11
0.9548255511811023
21
1.0705985826771653
0
LINE
8
BLACK
6
CONTINUOUS
10
0.9548255511811023
20
1.0705985826771653
11
0.9552664566929133
21
1.0716629921259841
0
LINE
8
BLACK
6
CONTINUOUS
10
0.9552664566929133
20
1.0716629921259841
11
0.9560811023622047
21
1.0724776377952756
0
LINE
8
BLACK
6
CONTINUOUS
10
0.9560811023622047
20
1.0724776377952756
11
0.9571455118110236
21
1.0729185433070867
0
LINE
8
BLACK
6
CONTINUOUS
10
0.9571455118110236
20
1.0729185433070867
11
0.9577215748031496
21
1.0729752755905511
0
LINE
8
BLACK
6
CONTINUOUS
10
0.9577215748031496
20
1.0729752755905511
11
1.0055281102362204
21
1.0729752755905511
0
LINE
8
BLACK
6
CONTINUOUS
10
1.0055281102362204
20
1.0729752755905511
11
1.0061041732283464
21
1.0729185433070867
0
LINE
8
BLACK
6
CONTINUOUS
10
0.2996774015748032
20
1.0917883858267716
11
0.2997523228346456
21
1.0914117322834644
0
LINE
8
BLACK
6
CONTINUOUS
10
0.2997523228346456
20
1.0914117322834644
11
0.2997523228346456
21
1.0801631496062991
0
LINE
8
BLACK
6
CONTINUOUS
10
0.2997523228346456
20
1.0801631496062991
11
0.2996774015748032
21
1.0797864960629922
0
LINE
8
BLACK
6
CONTINUOUS
10
0.2996774015748032
20
1.0797864960629922
11
0.2991447244094488
21
1.0792538188976377
0
LINE
8
BLACK
6
CONTINUOUS
10
0.2991447244094488
20
1.0792538188976377
11
0.2983914173228346
21
1.0792538188976377
0
LINE
8
BLACK
6
CONTINUOUS
10
0.2983914173228346
20
1.0792538188976377
11
0.2978587401574803
21
1.0797864960629922
0
LINE
8
BLACK
6
CONTINUOUS
10
0.2978587401574803
20
1.0797864960629922
11
0.2977838188976378
21
1.0801631496062991
0
LINE
8
BLACK
6
CONTINUOUS
10
0.2977838188976378
20
1.0801631496062991
11
0.2977838188976378
21
1.0848031889763778
0
LINE
8
BLACK
6
CONTINUOUS
10
0.2977838188976378
20
1.0848031889763778
11
0.2823338188976378
21
1.0848031889763778
0
LINE
8
BLACK
6
CONTINUOUS
10
0.2823338188976378
20
1.0848031889763778
11
0.2824411811023622
21
1.0847316141732284
0
LINE
8
BLACK
6
CONTINUOUS
10
0.2824411811023622
20
1.0847316141732284
11
0.2825100787401575
21
1.0846628346456693
0
LINE
8
BLACK
6
CONTINUOUS
10
0.2825100787401575
20
1.0846628346456693
11
0.2825911811023622
21
1.0846086614173227
0
LINE
8
BLACK
6
CONTINUOUS
10
0.2825911811023622
20
1.0846086614173227
11
0.284465905511811
21
1.0827338976377952
0
LINE
8
BLACK
6
CONTINUOUS
10
0.284465905511811
20
1.0827338976377952
11
0.2845535039370078
21
1.0826027952755906
0
LINE
8
BLACK
6
CONTINUOUS
10
0.2845535039370078
20
1.0826027952755906
11
0.2846503149606299
21
1.0824780708661417
0
LINE
8
BLACK
6
CONTINUOUS
10
0.2846503149606299
20
1.0824780708661417
11
0.2855876771653543
21
1.0806033464566929
0
LINE
8
BLACK
6
CONTINUOUS
10
0.2855876771653543
20
1.0806033464566929
11
0.285689094488189
21
1.0802329133858268
0
LINE
8
BLACK
6
CONTINUOUS
10
0.285689094488189
20
1.0802329133858268
11
0.2854508661417323
21
1.0795182677165354
0
LINE
8
BLACK
6
CONTINUOUS
10
0.2854508661417323
20
1.0795182677165354
11
0.2847770866141732
21
1.0791813779527559
0
LINE
8
BLACK
6
CONTINUOUS
10
0.2847770866141732
20
1.0791813779527559
11
0.2840624409448819
21
1.0794196062992125
0
LINE
8
BLACK
6
CONTINUOUS
10
0.2840624409448819
20
1.0794196062992125
11
0.283826968503937
21
1.0797229921259843
0
LINE
8
BLACK
6
CONTINUOUS
10
0.283826968503937
20
1.0797229921259843
11
0.2829609842519685
21
1.0814549212598425
0
LINE
8
BLACK
6
CONTINUOUS
10
0.2829609842519685
20
1.0814549212598425
11
0.2812679921259842
21
1.0831479133858268
0
LINE
8
BLACK
6
CONTINUOUS
10
0.2812679921259842
20
1.0831479133858268
11
0.2785370866141732
21
1.0849685039370078
0
LINE
8
BLACK
6
CONTINUOUS
10
0.2785370866141732
20
1.0849685039370078
11
0.2782652362204724
21
1.0852397637795275
0
LINE
8
BLACK
6
CONTINUOUS
10
0.2782652362204724
20
1.0852397637795275
11
0.2782453543307086
21
1.0853391338582676
0
LINE
8
BLACK
6
CONTINUOUS
10
0.2782453543307086
20
1.0853391338582676
11
0.2781737007874016
21
1.0854107874015748
0
LINE
8
BLACK
6
CONTINUOUS
10
0.2781737007874016
20
1.0854107874015748
11
0.2781737007874016
21
1.0856974015748031
0
LINE
8
BLACK
6
CONTINUOUS
10
0.2781737007874016
20
1.0856974015748031
11
0.2781174803149606
21
1.085978464566929
0
LINE
8
BLACK
6
CONTINUOUS
10
0.2781174803149606
20
1.085978464566929
11
0.2781737007874016
21
1.0860627952755906
0
LINE
8
BLACK
6
CONTINUOUS
10
0.2781737007874016
20
1.0860627952755906
11
0.2781737007874016
21
1.086164094488189
0
LINE
8
BLACK
6
CONTINUOUS
10
0.2781737007874016
20
1.086164094488189
11
0.2783763385826772
21
1.0863667716535432
0
LINE
8
BLACK
6
CONTINUOUS
10
0.2783763385826772
20
1.0863667716535432
11
0.2785353543307086
21
1.0866052362204723
0
LINE
8
BLACK
6
CONTINUOUS
10
0.2785353543307086
20
1.0866052362204723
11
0.2786346850393701
21
1.0866251181102362
0
LINE
8
BLACK
6
CONTINUOUS
10
0.2786346850393701
20
1.0866251181102362
11
0.2787063779527559
21
1.0866967716535434
0
LINE
8
BLACK
6
CONTINUOUS
10
0.2787063779527559
20
1.0866967716535434
11
0.279083031496063
21
1.0867716929133857
0
LINE
8
BLACK
6
CONTINUOUS
10
0.279083031496063
20
1.0867716929133857
11
0.2977838188976378
21
1.0867716929133857
0
LINE
8
BLACK
6
CONTINUOUS
10
0.2977838188976378
20
1.0867716929133857
11
0.2977838188976378
21
1.0914117322834644
0
LINE
8
BLACK
6
CONTINUOUS
10
0.2977838188976378
20
1.0914117322834644
11
0.2978587401574803
21
1.0917883858267716
0
LINE
8
BLACK
6
CONTINUOUS
10
0.2978587401574803
20
1.0917883858267716
11
0.2983914173228346
21
1.0923210629921261
0
LINE
8
BLACK
6
CONTINUOUS
10
0.2983914173228346
20
1.0923210629921261
11
0.2991447244094488
21
1.0923210629921261
0
LINE
8
BLACK
6
CONTINUOUS
10
0.2991447244094488
20
1.0923210629921261
11
0.2996774015748032
21
1.0917883858267716
0
LINE
8
BLACK
6
CONTINUOUS
10
1.0173527559055118
20
1.1404101181102362
11
1.0184171653543306
21
1.1399692125984251
0
LINE
8
BLACK
6
CONTINUOUS
10
1.0184171653543306
20
1.1399692125984251
11
1.019231811023622
21
1.1391545669291339
0
LINE
8
BLACK
6
CONTINUOUS
10
1.019231811023622
20
1.1391545669291339
11
1.0196727165354331
21
1.1380901574803148
0
LINE
8
BLACK
6
CONTINUOUS
10
1.0196727165354331
20
1.1380901574803148
11
1.0196727165354331
21
1.1369380314960629
0
LINE
8
BLACK
6
CONTINUOUS
10
1.0196727165354331
20
1.1369380314960629
11
1.019231811023622
21
1.1358736220472441
0
LINE
8
BLACK
6
CONTINUOUS
10
1.019231811023622
20
1.1358736220472441
11
1.0184171653543306
21
1.1350589763779528
0
LINE
8
BLACK
6
CONTINUOUS
10
1.0184171653543306
20
1.1350589763779528
11
1.0173527559055118
21
1.1346180708661417
0
LINE
8
BLACK
6
CONTINUOUS
10
1.0173527559055118
20
1.1346180708661417
11
1.0167766929133859
21
1.1345613385826772
0
LINE
8
BLACK
6
CONTINUOUS
10
1.0167766929133859
20
1.1345613385826772
11
0.9710313385826771
21
1.1345613385826772
0
LINE
8
BLACK
6
CONTINUOUS
10
0.9710313385826771
20
1.1345613385826772
11
1.0011525196850393
21
1.1205048031496063
0
LINE
8
BLACK
6
CONTINUOUS
10
1.0011525196850393
20
1.1205048031496063
11
1.0013634645669292
21
1.1203798425196849
0
LINE
8
BLACK
6
CONTINUOUS
10
1.0013634645669292
20
1.1203798425196849
11
1.0014348818897638
21
1.1203538582677166
0
LINE
8
BLACK
6
CONTINUOUS
10
1.0014348818897638
20
1.1203538582677166
11
1.0014853543307087
21
1.1203076377952756
0
LINE
8
BLACK
6
CONTINUOUS
10
1.0014853543307087
20
1.1203076377952756
11
1.0016505511811022
21
1.1202097637795276
0
LINE
8
BLACK
6
CONTINUOUS
10
1.0016505511811022
20
1.1202097637795276
11
1.0019535826771653
21
1.1198788582677166
0
LINE
8
BLACK
6
CONTINUOUS
10
1.0019535826771653
20
1.1198788582677166
11
1.0022845669291338
21
1.1195757480314961
0
LINE
8
BLACK
6
CONTINUOUS
10
1.0022845669291338
20
1.1195757480314961
11
1.0023400393700788
21
1.1194568503937008
0
LINE
8
BLACK
6
CONTINUOUS
10
1.0023400393700788
20
1.1194568503937008
11
1.002428622047244
21
1.1193601181102362
0
LINE
8
BLACK
6
CONTINUOUS
10
1.002428622047244
20
1.1193601181102362
11
1.0025819291338582
21
1.1189385039370079
0
LINE
8
BLACK
6
CONTINUOUS
10
1.0025819291338582
20
1.1189385039370079
11
1.0027717716535434
21
1.1185317322834645
0
LINE
8
BLACK
6
CONTINUOUS
10
1.0027717716535434
20
1.1185317322834645
11
1.0027775196850393
21
1.1184007086614174
0
LINE
8
BLACK
6
CONTINUOUS
10
1.0027775196850393
20
1.1184007086614174
11
1.0028223622047243
21
1.1182774015748032
0
LINE
8
BLACK
6
CONTINUOUS
10
1.0028223622047243
20
1.1182774015748032
11
1.0028026377952757
21
1.1178290551181103
0
LINE
8
BLACK
6
CONTINUOUS
10
1.0028026377952757
20
1.1178290551181103
11
1.0028223622047243
21
1.1173807086614174
0
LINE
8
BLACK
6
CONTINUOUS
10
1.0028223622047243
20
1.1173807086614174
11
1.0027775196850393
21
1.1172574409448819
0
LINE
8
BLACK
6
CONTINUOUS
10
1.0027775196850393
20
1.1172574409448819
11
1.0027717716535434
21
1.1171263779527558
0
LINE
8
BLACK
6
CONTINUOUS
10
1.0027717716535434
20
1.1171263779527558
11
1.0025819291338582
21
1.1167196456692914
0
LINE
8
BLACK
6
CONTINUOUS
10
1.0025819291338582
20
1.1167196456692914
11
1.002428622047244
21
1.1162979921259841
0
LINE
8
BLACK
6
CONTINUOUS
10
1.002428622047244
20
1.1162979921259841
11
1.0023400393700788
21
1.1162012992125985
0
LINE
8
BLACK
6
CONTINUOUS
10
1.0023400393700788
20
1.1162012992125985
11
1.0022845669291338
21
1.1160823622047245
0
LINE
8
BLACK
6
CONTINUOUS
10
1.0022845669291338
20
1.1160823622047245
11
1.0019535826771653
21
1.1157792913385827
0
LINE
8
BLACK
6
CONTINUOUS
10
1.0019535826771653
20
1.1157792913385827
11
1.0016505511811022
21
1.1154483464566929
0
LINE
8
BLACK
6
CONTINUOUS
10
1.0016505511811022
20
1.1154483464566929
11
1.0014853543307087
21
1.1153505118110236
0
LINE
8
BLACK
6
CONTINUOUS
10
1.0014853543307087
20
1.1153505118110236
11
1.0014348818897638
21
1.1153042519685039
0
LINE
8
BLACK
6
CONTINUOUS
10
1.0014348818897638
20
1.1153042519685039
11
1.0013634645669292
21
1.1152783070866141
0
LINE
8
BLACK
6
CONTINUOUS
10
1.0013634645669292
20
1.1152783070866141
11
1.0011525196850393
21
1.1151533070866142
0
LINE
8
BLACK
6
CONTINUOUS
10
1.0011525196850393
20
1.1151533070866142
11
0.9710313385826771
21
1.1010967716535434
0
LINE
8
BLACK
6
CONTINUOUS
10
0.9710313385826771
20
1.1010967716535434
11
1.0167766929133859
21
1.1010967716535434
0
LINE
8
BLACK
6
CONTINUOUS
10
1.0167766929133859
20
1.1010967716535434
11
1.0173527559055118
21
1.1010400393700788
0
LINE
8
BLACK
6
CONTINUOUS
10
1.0173527559055118
20
1.1010400393700788
11
1.0184171653543306
21
1.1005991338582677
0
LINE
8
BLACK
6
CONTINUOUS
10
1.0184171653543306
20
1.1005991338582677
11
1.019231811023622
21
1.0997844881889765
0
LINE
8
BLACK
6
CONTINUOUS
10
1.019231811023622
20
1.0997844881889765
11
1.0196727165354331
21
1.0987200787401574
0
LINE
8
BLACK
6
CONTINUOUS
10
1.0196727165354331
20
1.0987200787401574
11
1.0196727165354331
21
1.0975679527559055
0
LINE
8
BLACK
6
CONTINUOUS
10
1.0196727165354331
20
1.0975679527559055
11
1.019231811023622
21
1.0965035433070867
0
LINE
8
BLACK
6
CONTINUOUS
10
1.019231811023622
20
1.0965035433070867
11
1.0184171653543306
21
1.0956888976377952
0
LINE
8
BLACK
6
CONTINUOUS
10
1.0184171653543306
20
1.0956888976377952
11
1.0173527559055118
21
1.0952479921259843
0
LINE
8
BLACK
6
CONTINUOUS
10
1.0173527559055118
20
1.0952479921259843
11
1.0167766929133859
21
1.0951912598425197
0
LINE
8
BLACK
6
CONTINUOUS
10
1.0167766929133859
20
1.0951912598425197
11
0.9577215748031496
21
1.0951912598425197
0
LINE
8
BLACK
6
CONTINUOUS
10
0.9577215748031496
20
1.0951912598425197
11
0.9573427559055118
21
1.0952285826771653
0
LINE
8
BLACK
6
CONTINUOUS
10
0.9573427559055118
20
1.0952285826771653
11
0.9572732283464567
21
1.0952255118110237
0
LINE
8
BLACK
6
CONTINUOUS
10
0.9572732283464567
20
1.0952255118110237
11
0.9572358661417323
21
1.0952390944881889
0
LINE
8
BLACK
6
CONTINUOUS
10
0.9572358661417323
20
1.0952390944881889
11
0.9571455118110236
21
1.0952479921259843
0
LINE
8
BLACK
6
CONTINUOUS
10
0.9571455118110236
20
1.0952479921259843
11
0.9566720078740157
21
1.0954441338582677
0
LINE
8
BLACK
6
CONTINUOUS
10
0.9566720078740157
20
1.0954441338582677
11
0.9561905118110235
21
1.0956192125984252
0
LINE
8
BLACK
6
CONTINUOUS
10
0.9561905118110235
20
1.0956192125984252
11
0.9561419291338582
21
1.0956637007874015
0
LINE
8
BLACK
6
CONTINUOUS
10
0.9561419291338582
20
1.0956637007874015
11
0.9560811023622047
21
1.0956888976377952
0
LINE
8
BLACK
6
CONTINUOUS
10
0.9560811023622047
20
1.0956888976377952
11
0.9557186614173229
21
1.0960513385826771
0
LINE
8
BLACK
6
CONTINUOUS
10
0.9557186614173229
20
1.0960513385826771
11
0.9553408661417323
21
1.0963973228346457
0
LINE
8
BLACK
6
CONTINUOUS
10
0.9553408661417323
20
1.0963973228346457
11
0.9553129921259842
21
1.0964570078740157
0
LINE
8
BLACK
6
CONTINUOUS
10
0.9553129921259842
20
1.0964570078740157
11
0.9552664566929133
21
1.0965035433070867
0
LINE
8
BLACK
6
CONTINUOUS
10
0.9552664566929133
20
1.0965035433070867
11
0.9550703937007874
21
1.0969768503937007
0
LINE
8
BLACK
6
CONTINUOUS
10
0.9550703937007874
20
1.0969768503937007
11
0.9548536220472441
21
1.0974413385826771
0
LINE
8
BLACK
6
CONTINUOUS
10
0.9548536220472441
20
1.0974413385826771
11
0.9548507086614173
21
1.0975071653543307
0
LINE
8
BLACK
6
CONTINUOUS
10
0.9548507086614173
20
1.0975071653543307
11
0.9548255511811023
21
1.0975679527559055
0
LINE
8
BLACK
6
CONTINUOUS
10
0.9548255511811023
20
1.0975679527559055
11
0.9548255511811023
21
1.0980805118110235
0
LINE
8
BLACK
6
CONTINUOUS
10
0.9548255511811023
20
1.0980805118110235
11
0.9548030708661417
21
1.0985923622047244
0
LINE
8
BLACK
6
CONTINUOUS
10
0.9548030708661417
20
1.0985923622047244
11
0.9548255511811023
21
1.0986542125984251
0
LINE
8
BLACK
6
CONTINUOUS
10
0.9548255511811023
20
1.0986542125984251
11
0.9548255511811023
21
1.0987200787401574
0
LINE
8
BLACK
6
CONTINUOUS
10
0.9548255511811023
20
1.0987200787401574
11
0.955021653543307
21
1.0991935826771653
0
LINE
8
BLACK
6
CONTINUOUS
10
0.955021653543307
20
1.0991935826771653
11
0.9551967716535433
21
1.0996750787401575
0
LINE
8
BLACK
6
CONTINUOUS
10
0.9551967716535433
20
1.0996750787401575
11
0.955241220472441
21
1.0997236614173229
0
LINE
8
BLACK
6
CONTINUOUS
10
0.955241220472441
20
1.0997236614173229
11
0.9552664566929133
21
1.0997844881889765
0
LINE
8
BLACK
6
CONTINUOUS
10
0.9552664566929133
20
1.0997844881889765
11
0.9556288582677165
21
1.1001469291338581
0
LINE
8
BLACK
6
CONTINUOUS
10
0.9556288582677165
20
1.1001469291338581
11
0.9559748818897638
21
1.1005247244094487
0
LINE
8
BLACK
6
CONTINUOUS
10
0.9559748818897638
20
1.1005247244094487
11
0.9560529133858268
21
1.1005709842519684
0
LINE
8
BLACK
6
CONTINUOUS
10
0.9560529133858268
20
1.1005709842519684
11
0.9560811023622047
21
1.1005991338582677
0
LINE
8
BLACK
6
CONTINUOUS
10
0.9560811023622047
20
1.1005991338582677
11
0.9561455118110236
21
1.1006258661417323
0
LINE
8
BLACK
6
CONTINUOUS
10
0.9561455118110236
20
1.1006258661417323
11
0.9564729133858267
21
1.1008197637795276
0
LINE
8
BLACK
6
CONTINUOUS
10
0.9564729133858267
20
1.1008197637795276
11
0.9929213779527559
21
1.1178290551181103
0
LINE
8
BLACK
6
CONTINUOUS
10
0.9929213779527559
20
1.1178290551181103
11
0.9564729133858267
21
1.1348383464566929
0
LINE
8
BLACK
6
CONTINUOUS
10
0.9564729133858267
20
1.1348383464566929
11
0.9561455118110236
21
1.135032283464567
0
LINE
8
BLACK
6
CONTINUOUS
10
0.9561455118110236
20
1.135032283464567
11
0.9560811023622047
21
1.1350589763779528
0
LINE
8
BLACK
6
CONTINUOUS
10
0.9560811023622047
20
1.1350589763779528
11
0.9560529133858268
21
1.1350871653543306
0
LINE
8
BLACK
6
CONTINUOUS
10
0.9560529133858268
20
1.1350871653543306
11
0.9559748818897638
21
1.1351333858267716
0
LINE
8
BLACK
6
CONTINUOUS
10
0.9559748818897638
20
1.1351333858267716
11
0.9556288582677165
21
1.1355112204724409
0
LINE
8
BLACK
6
CONTINUOUS
10
0.9556288582677165
20
1.1355112204724409
11
0.9552664566929133
21
1.1358736220472441
0
LINE
8
BLACK
6
CONTINUOUS
10
0.9552664566929133
20
1.1358736220472441
11
0.955241220472441
21
1.1359344881889764
0
LINE
8
BLACK
6
CONTINUOUS
10
0.955241220472441
20
1.1359344881889764
11
0.9551967716535433
21
1.1359830314960631
0
LINE
8
BLACK
6
CONTINUOUS
10
0.9551967716535433
20
1.1359830314960631
11
0.955021653543307
21
1.1364645669291338
0
LINE
8
BLACK
6
CONTINUOUS
10
0.955021653543307
20
1.1364645669291338
11
0.9548255511811023
21
1.1369380314960629
0
LINE
8
BLACK
6
CONTINUOUS
10
0.9548255511811023
20
1.1369380314960629
11
0.9548255511811023
21
1.1370039370078739
0
LINE
8
BLACK
6
CONTINUOUS
10
0.9548255511811023
20
1.1370039370078739
11
0.9548030708661417
21
1.1370657480314961
0
LINE
8
BLACK
6
CONTINUOUS
10
0.9548030708661417
20
1.1370657480314961
11
0.9548255511811023
21
1.1375776377952755
0
LINE
8
BLACK
6
CONTINUOUS
10
0.9548255511811023
20
1.1375776377952755
11
0.9548255511811023
21
1.1380901574803148
0
LINE
8
BLACK
6
CONTINUOUS
10
0.9548255511811023
20
1.1380901574803148
11
0.9548507086614173
21
1.1381509842519684
0
LINE
8
BLACK
6
CONTINUOUS
10
0.9548507086614173
20
1.1381509842519684
11
0.9548536220472441
21
1.1382167716535432
0
LINE
8
BLACK
6
CONTINUOUS
10
0.9548536220472441
20
1.1382167716535432
11
0.9550703937007874
21
1.1386812992125983
0
LINE
8
BLACK
6
CONTINUOUS
10
0.9550703937007874
20
1.1386812992125983
11
0.9552664566929133
21
1.1391545669291339
0
LINE
8
BLACK
6
CONTINUOUS
10
0.9552664566929133
20
1.1391545669291339
11
0.9553129921259842
21
1.1392011417322834
0
LINE
8
BLACK
6
CONTINUOUS
10
0.9553129921259842
20
1.1392011417322834
11
0.9553408661417323
21
1.1392607874015748
0
LINE
8
BLACK
6
CONTINUOUS
10
0.9553408661417323
20
1.1392607874015748
11
0.9557186614173229
21
1.1396068110236219
0
LINE
8
BLACK
6
CONTINUOUS
10
0.9557186614173229
20
1.1396068110236219
11
0.9560811023622047
21
1.1399692125984251
0
LINE
8
BLACK
6
CONTINUOUS
10
0.9560811023622047
20
1.1399692125984251
11
0.9561419291338582
21
1.1399944488188976
0
LINE
8
BLACK
6
CONTINUOUS
10
0.9561419291338582
20
1.1399944488188976
11
0.9561905118110235
21
1.1400388976377953
0
LINE
8
BLACK
6
CONTINUOUS
10
0.9561905118110235
20
1.1400388976377953
11
0.9566720078740157
21
1.1402140157480314
0
LINE
8
BLACK
6
CONTINUOUS
10
0.9566720078740157
20
1.1402140157480314
11
0.9571455118110236
21
1.1404101181102362
0
LINE
8
BLACK
6
CONTINUOUS
10
0.9571455118110236
20
1.1404101181102362
11
0.9572358661417323
21
1.1404190551181101
0
LINE
8
BLACK
6
CONTINUOUS
10
0.9572358661417323
20
1.1404190551181101
11
0.9572732283464567
21
1.1404325984251968
0
LINE
8
BLACK
6
CONTINUOUS
10
0.9572732283464567
20
1.1404325984251968
11
0.9573427559055118
21
1.1404295669291338
0
LINE
8
BLACK
6
CONTINUOUS
10
0.9573427559055118
20
1.1404295669291338
11
0.9577215748031496
21
1.1404668503937008
0
LINE
8
BLACK
6
CONTINUOUS
10
0.9577215748031496
20
1.1404668503937008
11
1.0167766929133859
21
1.1404668503937008
0
LINE
8
BLACK
6
CONTINUOUS
10
1.0167766929133859
20
1.1404668503937008
11
1.0173527559055118
21
1.1404101181102362
0
LINE
8
BLACK
6
CONTINUOUS
10
0.319763779527559
20
1.1207874015748032
11
0.259763779527559
21
1.1207874015748032
0
LINE
8
BLACK
6
CONTINUOUS
10
0.259763779527559
20
1.1207874015748032
11
0.259763779527559
21
1.1807874015748032
0
LINE
8
BLACK
6
CONTINUOUS
10
0.259763779527559
20
1.1807874015748032
11
0.319763779527559
21
1.1807874015748032
0
LINE
8
BLACK
6
CONTINUOUS
10
0.319763779527559
20
1.1807874015748032
11
0.319763779527559
21
1.1207874015748032
0
LINE
8
BLACK
6
CONTINUOUS
10
0.4197637795275591
20
1.1207874015748032
11
0.3597637795275591
21
1.1207874015748032
0
LINE
8
BLACK
6
CONTINUOUS
10
0.3597637795275591
20
1.1207874015748032
11
0.3597637795275591
21
1.1807874015748032
0
LINE
8
BLACK
6
CONTINUOUS
10
0.3597637795275591
20
1.1807874015748032
11
0.4197637795275591
21
1.1807874015748032
0
LINE
8
BLACK
6
CONTINUOUS
10
0.4197637795275591
20
1.1807874015748032
11
0.4197637795275591
21
1.1207874015748032
0
LINE
8
BLACK
6
CONTINUOUS
10
0.519763779527559
20
1.1207874015748032
11
0.459763779527559
21
1.1207874015748032
0
LINE
8
BLACK
6
CONTINUOUS
10
0.459763779527559
20
1.1207874015748032
11
0.459763779527559
21
1.1807874015748032
0
LINE
8
BLACK
6
CONTINUOUS
10
0.459763779527559
20
1.1807874015748032
11
0.519763779527559
21
1.1807874015748032
0
LINE
8
BLACK
6
CONTINUOUS
10
0.519763779527559
20
1.1807874015748032
11
0.519763779527559
21
1.1207874015748032
0
LINE
8
BLACK
6
CONTINUOUS
10
0.619763779527559
20
1.1207874015748032
11
0.5597637795275591
21
1.1207874015748032
0
LINE
8
BLACK
6
CONTINUOUS
10
0.5597637795275591
20
1.1207874015748032
11
0.5597637795275591
21
1.1807874015748032
0
LINE
8
BLACK
6
CONTINUOUS
10
0.5597637795275591
20
1.1807874015748032
11
0.619763779527559
21
1.1807874015748032
0
LINE
8
BLACK
6
CONTINUOUS
10
0.619763779527559
20
1.1807874015748032
11
0.619763779527559
21
1.1207874015748032
0
LINE
8
BLACK
6
CONTINUOUS
10
0.719763779527559
20
1.1207874015748032
11
0.659763779527559
21
1.1207874015748032
0
LINE
8
BLACK
6
CONTINUOUS
10
0.659763779527559
20
1.1207874015748032
11
0.659763779527559
21
1.1807874015748032
0
LINE
8
BLACK
6
CONTINUOUS
10
0.659763779527559
20
1.1807874015748032
11
0.719763779527559
21
1.1807874015748032
0
LINE
8
BLACK
6
CONTINUOUS
10
0.719763779527559
20
1.1807874015748032
11
0.719763779527559
21
1.1207874015748032
0
LINE
8
BLACK
6
CONTINUOUS
10
0.8197637795275591
20
1.1207874015748032
11
0.759763779527559
21
1.1207874015748032
0
LINE
8
BLACK
6
CONTINUOUS
10
0.759763779527559
20
1.1207874015748032
11
0.759763779527559
21
1.1807874015748032
0
LINE
8
BLACK
6
CONTINUOUS
10
0.759763779527559
20
1.1807874015748032
11
0.8197637795275591
21
1.1807874015748032
0
LINE
8
BLACK
6
CONTINUOUS
10
0.8197637795275591
20
1.1807874015748032
11
0.8197637795275591
21
1.1207874015748032
0
LINE
8
BLACK
6
CONTINUOUS
10
0.9197637795275591
20
1.1207874015748032
11
0.859763779527559
21
1.1207874015748032
0
LINE
8
BLACK
6
CONTINUOUS
10
0.859763779527559
20
1.1207874015748032
11
0.859763779527559
21
1.1807874015748032
0
LINE
8
BLACK
6
CONTINUOUS
10
0.859763779527559
20
1.1807874015748032
11
0.9197637795275591
21
1.1807874015748032
0
LINE
8
BLACK
6
CONTINUOUS
10
0.9197637795275591
20
1.1807874015748032
11
0.9197637795275591
21
1.1207874015748032
0
LINE
8
BLACK
6
CONTINUOUS
10
0.319763779527559
20
1.220787401574803
11
0.259763779527559
21
1.220787401574803
0
LINE
8
BLACK
6
CONTINUOUS
10
0.259763779527559
20
1.220787401574803
11
0.259763779527559
21
1.2807874015748031
0
LINE
8
BLACK
6
CONTINUOUS
10
0.259763779527559
20
1.2807874015748031
11
0.319763779527559
21
1.2807874015748031
0
LINE
8
BLACK
6
CONTINUOUS
10
0.319763779527559
20
1.2807874015748031
11
0.319763779527559
21
1.220787401574803
0
LINE
8
BLACK
6
CONTINUOUS
10
0.4197637795275591
20
1.220787401574803
11
0.3597637795275591
21
1.220787401574803
0
LINE
8
BLACK
6
CONTINUOUS
10
0.3597637795275591
20
1.220787401574803
11
0.3597637795275591
21
1.2807874015748031
0
LINE
8
BLACK
6
CONTINUOUS
10
0.3597637795275591
20
1.2807874015748031
11
0.4197637795275591
21
1.2807874015748031
0
LINE
8
BLACK
6
CONTINUOUS
10
0.4197637795275591
20
1.2807874015748031
11
0.4197637795275591
21
1.220787401574803
0
LINE
8
BLACK
6
CONTINUOUS
10
0.519763779527559
20
1.220787401574803
11
0.459763779527559
21
1.220787401574803
0
LINE
8
BLACK
6
CONTINUOUS
10
0.459763779527559
20
1.220787401574803
11
0.459763779527559
21
1.2807874015748031
0
LINE
8
BLACK
6
CONTINUOUS
10
0.459763779527559
20
1.2807874015748031
11
0.519763779527559
21
1.2807874015748031
0
LINE
8
BLACK
6
CONTINUOUS
10
0.519763779527559
20
1.2807874015748031
11
0.519763779527559
21
1.220787401574803
0
LINE
8
BLACK
6
CONTINUOUS
10
0.619763779527559
20
1.220787401574803
11
0.5597637795275591
21
1.220787401574803
0
LINE
8
BLACK
6
CONTINUOUS
10
0.5597637795275591
20
1.220787401574803
11
0.5597637795275591
21
1.2807874015748031
0
LINE
8
BLACK
6
CONTINUOUS
10
0.5597637795275591
20
1.2807874015748031
11
0.619763779527559
21
1.2807874015748031
0
LINE
8
BLACK
6
CONTINUOUS
10
0.619763779527559
20
1.2807874015748031
11
0.619763779527559
21
1.220787401574803
0
LINE
8
BLACK
6
CONTINUOUS
10
0.719763779527559
20
1.220787401574803
11
0.659763779527559
21
1.220787401574803
0
LINE
8
BLACK
6
CONTINUOUS
10
0.659763779527559
20
1.220787401574803
11
0.659763779527559
21
1.2807874015748031
0
LINE
8
BLACK
6
CONTINUOUS
10
0.659763779527559
20
1.2807874015748031
11
0.719763779527559
21
1.2807874015748031
0
LINE
8
BLACK
6
CONTINUOUS
10
0.719763779527559
20
1.2807874015748031
11
0.719763779527559
21
1.220787401574803
0
LINE
8
BLACK
6
CONTINUOUS
10
0.8197637795275591
20
1.220787401574803
11
0.759763779527559
21
1.220787401574803
0
LINE
8
BLACK
6
CONTINUOUS
10
0.759763779527559
20
1.220787401574803
11
0.759763779527559
21
1.2807874015748031
0
LINE
8
BLACK
6
CONTINUOUS
10
0.759763779527559
20
1.2807874015748031
11
0.8197637795275591
21
1.2807874015748031
0
LINE
8
BLACK
6
CONTINUOUS
10
0.8197637795275591
20
1.2807874015748031
11
0.8197637795275591
21
1.220787401574803
0
LINE
8
BLACK
6
CONTINUOUS
10
0.9197637795275591
20
1.220787401574803
11
0.859763779527559
21
1.220787401574803
0
LINE
8
BLACK
6
CONTINUOUS
10
0.859763779527559
20
1.220787401574803
11
0.859763779527559
21
1.2807874015748031
0
LINE
8
BLACK
6
CONTINUOUS
10
0.859763779527559
20
1.2807874015748031
11
0.9197637795275591
21
1.2807874015748031
0
LINE
8
BLACK
6
CONTINUOUS
10
0.9197637795275591
20
1.2807874015748031
11
0.9197637795275591
21
1.220787401574803
0
LINE
8
BLACK
6
CONTINUOUS
10
0.9403398425196851
20
1.3036834251968503
11
0.941404251968504
21
1.3032425196850392
0
LINE
8
BLACK
6
CONTINUOUS
10
0.941404251968504
20
1.3032425196850392
11
0.9422188976377952
21
1.302427874015748
0
LINE
8
BLACK
6
CONTINUOUS
10
0.9422188976377952
20
1.302427874015748
11
0.9426598031496063
21
1.3013634645669292
0
LINE
8
BLACK
6
CONTINUOUS
10
0.9426598031496063
20
1.3013634645669292
11
0.9427165354330709
21
1.3007874015748031
0
LINE
8
BLACK
6
CONTINUOUS
10
0.9427165354330709
20
1.3007874015748031
11
0.9427165354330709
21
1.1007874015748031
0
LINE
8
BLACK
6
CONTINUOUS
10
0.9427165354330709
20
1.1007874015748031
11
0.9426598031496063
21
1.1002113385826771
0
LINE
8
BLACK
6
CONTINUOUS
10
0.9426598031496063
20
1.1002113385826771
11
0.9422188976377952
21
1.0991469291338583
0
LINE
8
BLACK
6
CONTINUOUS
10
0.9422188976377952
20
1.0991469291338583
11
0.941404251968504
21
1.0983322834645668
0
LINE
8
BLACK
6
CONTINUOUS
10
0.941404251968504
20
1.0983322834645668
11
0.9403398425196851
21
1.0978913779527559
0
LINE
8
BLACK
6
CONTINUOUS
10
0.9403398425196851
20
1.0978913779527559
11
0.9397637795275591
21
1.0978346456692913
0
LINE
8
BLACK
6
CONTINUOUS
10
0.9397637795275591
20
1.0978346456692913
11
0.2397637795275591
21
1.0978346456692913
0
LINE
8
BLACK
6
CONTINUOUS
10
0.2397637795275591
20
1.0978346456692913
11
0.2391877165354331
21
1.0978913779527559
0
LINE
8
BLACK
6
CONTINUOUS
10
0.2391877165354331
20
1.0978913779527559
11
0.2381233070866142
21
1.0983322834645668
0
LINE
8
BLACK
6
CONTINUOUS
10
0.2381233070866142
20
1.0983322834645668
11
0.2373086614173228
21
1.0991469291338583
0
LINE
8
BLACK
6
CONTINUOUS
10
0.2373086614173228
20
1.0991469291338583
11
0.2368677559055118
21
1.1002113385826771
0
LINE
8
BLACK
6
CONTINUOUS
10
0.2368677559055118
20
1.1002113385826771
11
0.2368110236220472
21
1.1007874015748031
0
LINE
8
BLACK
6
CONTINUOUS
10
0.2368110236220472
20
1.1007874015748031
11
0.2368110236220472
21
1.3007874015748031
0
LINE
8
BLACK
6
CONTINUOUS
10
0.2368110236220472
20
1.3007874015748031
11
0.2368677559055118
21
1.3013634645669292
0
LINE
8
BLACK
6
CONTINUOUS
10
0.2368677559055118
20
1.3013634645669292
11
0.2373086614173228
21
1.302427874015748
0
LINE
8
BLACK
6
CONTINUOUS
10
0.2373086614173228
20
1.302427874015748
11
0.2381233070866142
21
1.3032425196850392
0
LINE
8
BLACK
6
CONTINUOUS
10
0.2381233070866142
20
1.3032425196850392
11
0.2391877165354331
21
1.3036834251968503
0
LINE
8
BLACK
6
CONTINUOUS
10
0.2391877165354331
20
1.3036834251968503
11
0.2397637795275591
21
1.3037401574803149
0
LINE
8
BLACK
6
CONTINUOUS
10
0.2397637795275591
20
1.3037401574803149
11
0.9397637795275591
21
1.3037401574803149
0
LINE
8
BLACK
6
CONTINUOUS
10
0.9397637795275591
20
1.3037401574803149
11
0.9403398425196851
21
1.3036834251968503
0
LINE
8
BLACK
6
CONTINUOUS
10
0.2427165354330709
20
1.2978346456692913
11
0.2427165354330709
21
1.103740157480315
0
LINE
8
BLACK
6
CONTINUOUS
10
0.2427165354330709
20
1.103740157480315
11
0.9368110236220473
21
1.103740157480315
0
LINE
8
BLACK
6
CONTINUOUS
10
0.9368110236220473
20
1.103740157480315
11
0.9368110236220473
21
1.2978346456692913
0
LINE
8
BLACK
6
CONTINUOUS
10
0.9368110236220473
20
1.2978346456692913
11
0.2427165354330709
21
1.2978346456692913
0
LINE
8
BLACK
6
CONTINUOUS
10
0.9779826771653544
20
1.2022774015748032
11
0.9780806692913385
21
1.2022368110236221
0
LINE
8
BLACK
6
CONTINUOUS
10
0.9780806692913385
20
1.2022368110236221
11
0.9781864960629921
21
1.2022292913385826
0
LINE
8
BLACK
6
CONTINUOUS
10
0.9781864960629921
20
1.2022292913385826
11
0.9787271259842519
21
1.2020224015748031
0
LINE
8
BLACK
6
CONTINUOUS
10
0.9787271259842519
20
1.2020224015748031
11
0.9843514173228346
21
1.1992102755905512
0
LINE
8
BLACK
6
CONTINUOUS
10
0.9843514173228346
20
1.1992102755905512
11
0.9845994094488189
21
1.1990542125984252
0
LINE
8
BLACK
6
CONTINUOUS
10
0.9845994094488189
20
1.1990542125984252
11
0.9846713779527558
21
1.1990243700787402
0
LINE
8
BLACK
6
CONTINUOUS
10
0.9846713779527558
20
1.1990243700787402
11
0.9847523228346456
21
1.1989579133858268
0
LINE
8
BLACK
6
CONTINUOUS
10
0.9847523228346456
20
1.1989579133858268
11
0.9848412992125984
21
1.1989019291338583
0
LINE
8
BLACK
6
CONTINUOUS
10
0.9848412992125984
20
1.1989019291338583
11
0.9848924409448818
21
1.1988429527559055
0
LINE
8
BLACK
6
CONTINUOUS
10
0.9848924409448818
20
1.1988429527559055
11
0.9851188188976377
21
1.1986571653543308
0
LINE
8
BLACK
6
CONTINUOUS
10
0.9851188188976377
20
1.1986571653543308
11
0.9879309842519685
21
1.195845
0
LINE
8
BLACK
6
CONTINUOUS
10
0.9879309842519685
20
1.195845
11
0.988116811023622
21
1.195618622047244
0
LINE
8
BLACK
6
CONTINUOUS
10
0.988116811023622
20
1.195618622047244
11
0.988175748031496
21
1.1955674803149605
0
LINE
8
BLACK
6
CONTINUOUS
10
0.988175748031496
20
1.1955674803149605
11
0.9882316141732284
21
1.1954787401574802
0
LINE
8
BLACK
6
CONTINUOUS
10
0.9882316141732284
20
1.1954787401574802
11
0.9882982283464566
21
1.195397559055118
0
LINE
8
BLACK
6
CONTINUOUS
10
0.9882982283464566
20
1.195397559055118
11
0.9883280708661417
21
1.195325433070866
0
LINE
8
BLACK
6
CONTINUOUS
10
0.9883280708661417
20
1.195325433070866
11
0.988484094488189
21
1.1950775984251969
0
LINE
8
BLACK
6
CONTINUOUS
10
0.988484094488189
20
1.1950775984251969
11
0.9912962204724409
21
1.1894533070866142
0
LINE
8
BLACK
6
CONTINUOUS
10
0.9912962204724409
20
1.1894533070866142
11
0.9915031102362204
21
1.1889126771653542
0
LINE
8
BLACK
6
CONTINUOUS
10
0.9915031102362204
20
1.1889126771653542
11
0.9915105905511811
21
1.1888068897637796
0
LINE
8
BLACK
6
CONTINUOUS
10
0.9915105905511811
20
1.1888068897637796
11
0.9915512204724409
21
1.1887088582677166
0
LINE
8
BLACK
6
CONTINUOUS
10
0.9915512204724409
20
1.1887088582677166
11
0.9916079527559055
21
1.1881327952755905
0
LINE
8
BLACK
6
CONTINUOUS
10
0.9916079527559055
20
1.1881327952755905
11
0.9916079527559055
21
1.1685883464566929
0
LINE
8
BLACK
6
CONTINUOUS
10
0.9916079527559055
20
1.1685883464566929
11
1.0167766929133859
21
1.1685883464566929
0
LINE
8
BLACK
6
CONTINUOUS
10
1.0167766929133859
20
1.1685883464566929
11
1.0173527559055118
21
1.1685316141732283
0
LINE
8
BLACK
6
CONTINUOUS
10
1.0173527559055118
20
1.1685316141732283
11
1.0184171653543306
21
1.1680907086614174
0
LINE
8
BLACK
6
CONTINUOUS
10
1.0184171653543306
20
1.1680907086614174
11
1.019231811023622
21
1.1672760629921259
0
LINE
8
BLACK
6
CONTINUOUS
10
1.019231811023622
20
1.1672760629921259
11
1.0196727165354331
21
1.1662116535433071
0
LINE
8
BLACK
6
CONTINUOUS
10
1.0196727165354331
20
1.1662116535433071
11
1.0196727165354331
21
1.1650595275590552
0
LINE
8
BLACK
6
CONTINUOUS
10
1.0196727165354331
20
1.1650595275590552
11
1.019231811023622
21
1.1639951181102361
0
LINE
8
BLACK
6
CONTINUOUS
10
1.019231811023622
20
1.1639951181102361
11
1.0184171653543306
21
1.1631804724409449
0
LINE
8
BLACK
6
CONTINUOUS
10
1.0184171653543306
20
1.1631804724409449
11
1.0173527559055118
21
1.1627395669291338
0
LINE
8
BLACK
6
CONTINUOUS
10
1.0173527559055118
20
1.1627395669291338
11
1.0167766929133859
21
1.1626828346456692
0
LINE
8
BLACK
6
CONTINUOUS
10
1.0167766929133859
20
1.1626828346456692
11
0.9577215748031496
21
1.1626828346456692
0
LINE
8
BLACK
6
CONTINUOUS
10
0.9577215748031496
20
1.1626828346456692
11
0.9571455118110236
21
1.1627395669291338
0
LINE
8
BLACK
6
CONTINUOUS
10
0.9571455118110236
20
1.1627395669291338
11
0.9560811023622047
21
1.1631804724409449
0
LINE
8
BLACK
6
CONTINUOUS
10
0.9560811023622047
20
1.1631804724409449
11
0.9552664566929133
21
1.1639951181102361
0
LINE
8
BLACK
6
CONTINUOUS
10
0.9552664566929133
20
1.1639951181102361
11
0.9548255511811023
21
1.1650595275590552
0
LINE
8
BLACK
6
CONTINUOUS
10
0.9548255511811023
20
1.1650595275590552
11
0.9547688188976378
21
1.165635590551181
0
LINE
8
BLACK
6
CONTINUOUS
10
0.9547688188976378
20
1.165635590551181
11
0.9547688188976378
21
1.1881327952755905
0
LINE
8
BLACK
6
CONTINUOUS
10
0.9547688188976378
20
1.1881327952755905
11
0.9548255511811023
21
1.1887088582677166
0
LINE
8
BLACK
6
CONTINUOUS
10
0.9548255511811023
20
1.1887088582677166
11
0.9548661023622047
21
1.1888068503937008
0
LINE
8
BLACK
6
CONTINUOUS
10
0.9548661023622047
20
1.1888068503937008
11
0.9548736614173228
21
1.188912716535433
0
LINE
8
BLACK
6
CONTINUOUS
10
0.9548736614173228
20
1.188912716535433
11
0.9550805511811024
21
1.1894533070866142
0
LINE
8
BLACK
6
CONTINUOUS
10
0.9550805511811024
20
1.1894533070866142
11
0.9578927165354331
21
1.1950775984251969
0
LINE
8
BLACK
6
CONTINUOUS
10
0.9578927165354331
20
1.1950775984251969
11
0.9580487401574803
21
1.1953255118110235
0
LINE
8
BLACK
6
CONTINUOUS
10
0.9580487401574803
20
1.1953255118110235
11
0.9580785826771653
21
1.1953975196850393
0
LINE
8
BLACK
6
CONTINUOUS
10
0.9580785826771653
20
1.1953975196850393
11
0.9581450787401574
21
1.1954785826771652
0
LINE
8
BLACK
6
CONTINUOUS
10
0.9581450787401574
20
1.1954785826771652
11
0.9582010629921259
21
1.1955674803149605
0
LINE
8
BLACK
6
CONTINUOUS
10
0.9582010629921259
20
1.1955674803149605
11
0.9582600393700788
21
1.1956186614173228
0
LINE
8
BLACK
6
CONTINUOUS
10
0.9582600393700788
20
1.1956186614173228
11
0.9584458267716536
21
1.195845
0
LINE
8
BLACK
6
CONTINUOUS
10
0.9584458267716536
20
1.195845
11
0.9612579527559055
21
1.1986571653543308
0
LINE
8
BLACK
6
CONTINUOUS
10
0.9612579527559055
20
1.1986571653543308
11
0.9614842913385827
21
1.1988429527559055
0
LINE
8
BLACK
6
CONTINUOUS
10
0.9614842913385827
20
1.1988429527559055
11
0.9615354724409448
21
1.1989019291338583
0
LINE
8
BLACK
6
CONTINUOUS
10
0.9615354724409448
20
1.1989019291338583
11
0.9616244094488189
21
1.1989579133858268
0
LINE
8
BLACK
6
CONTINUOUS
10
0.9616244094488189
20
1.1989579133858268
11
0.9617053937007873
21
1.1990243700787402
0
LINE
8
BLACK
6
CONTINUOUS
10
0.9617053937007873
20
1.1990243700787402
11
0.9617773228346457
21
1.1990542125984252
0
LINE
8
BLACK
6
CONTINUOUS
10
0.9617773228346457
20
1.1990542125984252
11
0.9620253543307087
21
1.1992102755905512
0
LINE
8
BLACK
6
CONTINUOUS
10
0.9620253543307087
20
1.1992102755905512
11
0.9676496456692913
21
1.2020224015748031
0
LINE
8
BLACK
6
CONTINUOUS
10
0.9676496456692913
20
1.2020224015748031
11
0.9681902755905512
21
1.2022292913385826
0
LINE
8
BLACK
6
CONTINUOUS
10
0.9681902755905512
20
1.2022292913385826
11
0.968296062992126
21
1.2022368110236221
0
LINE
8
BLACK
6
CONTINUOUS
10
0.968296062992126
20
1.2022368110236221
11
0.9683940944881889
21
1.2022774015748032
0
LINE
8
BLACK
6
CONTINUOUS
10
0.9683940944881889
20
1.2022774015748032
11
0.9689701574803149
21
1.2023341338582676
0
LINE
8
BLACK
6
CONTINUOUS
10
0.9689701574803149
20
1.2023341338582676
11
0.9774066141732283
21
1.2023341338582676
0
LINE
8
BLACK
6
CONTINUOUS
10
0.9774066141732283
20
1.2023341338582676
11
0.9779826771653544
21
1.2022774015748032
0
LINE
8
BLACK
6
CONTINUOUS
10
0.9650949606299213
20
1.194142559055118
11
0.9629604724409448
21
1.192008031496063
0
LINE
8
BLACK
6
CONTINUOUS
10
0.9629604724409448
20
1.192008031496063
11
0.9606743307086614
21
1.1874357480314961
0
LINE
8
BLACK
6
CONTINUOUS
10
0.9606743307086614
20
1.1874357480314961
11
0.9606743307086614
21
1.1685883464566929
0
LINE
8
BLACK
6
CONTINUOUS
10
0.9606743307086614
20
1.1685883464566929
11
0.9857024409448819
21
1.1685883464566929
0
LINE
8
BLACK
6
CONTINUOUS
10
0.9857024409448819
20
1.1685883464566929
11
0.9857024409448819
21
1.1874357874015748
0
LINE
8
BLACK
6
CONTINUOUS
10
0.9857024409448819
20
1.1874357874015748
11
0.9834162992125984
21
1.192008031496063
0
LINE
8
BLACK
6
CONTINUOUS
10
0.9834162992125984
20
1.192008031496063
11
0.981281811023622
21
1.1941425196850393
0
LINE
8
BLACK
6
CONTINUOUS
10
0.981281811023622
20
1.1941425196850393
11
0.9767095669291338
21
1.196428622047244
0
LINE
8
BLACK
6
CONTINUOUS
10
0.9767095669291338
20
1.196428622047244
11
0.9696672047244095
21
1.196428622047244
0
LINE
8
BLACK
6
CONTINUOUS
10
0.9696672047244095
20
1.196428622047244
11
0.9650949606299213
21
1.194142559055118
0
LINE
8
BLACK
6
CONTINUOUS
10
1.0240414566929135
20
1.2580794881889763
11
1.0248561023622047
21
1.2572648425196851
0
LINE
8
BLACK
6
CONTINUOUS
10
1.0248561023622047
20
1.2572648425196851
11
1.0252970078740158
21
1.256200433070866
0
LINE
8
BLACK
6
CONTINUOUS
10
1.0252970078740158
20
1.256200433070866
11
1.0253537401574804
21
1.2556243700787402
0
LINE
8
BLACK
6
CONTINUOUS
10
1.0253537401574804
20
1.2556243700787402
11
1.0253537401574804
21
1.2106299606299213
0
LINE
8
BLACK
6
CONTINUOUS
10
1.0253537401574804
20
1.2106299606299213
11
1.0252970078740158
21
1.2100538976377953
0
LINE
8
BLACK
6
CONTINUOUS
10
1.0252970078740158
20
1.2100538976377953
11
1.0248561023622047
21
1.2089894881889764
0
LINE
8
BLACK
6
CONTINUOUS
10
1.0248561023622047
20
1.2089894881889764
11
1.0240414566929135
21
1.208174842519685
0
LINE
8
BLACK
6
CONTINUOUS
10
1.0240414566929135
20
1.208174842519685
11
1.0229770472440944
21
1.2077339370078739
0
LINE
8
BLACK
6
CONTINUOUS
10
1.0229770472440944
20
1.2077339370078739
11
1.0218249212598425
21
1.2077339370078739
0
LINE
8
BLACK
6
CONTINUOUS
10
1.0218249212598425
20
1.2077339370078739
11
1.0207605118110237
21
1.208174842519685
0
LINE
8
BLACK
6
CONTINUOUS
10
1.0207605118110237
20
1.208174842519685
11
1.0199458661417322
21
1.2089894881889764
0
LINE
8
BLACK
6
CONTINUOUS
10
1.0199458661417322
20
1.2089894881889764
11
1.0195049606299211
21
1.2100538976377953
0
LINE
8
BLACK
6
CONTINUOUS
10
1.0195049606299211
20
1.2100538976377953
11
1.0194482283464568
21
1.2106299606299213
0
LINE
8
BLACK
6
CONTINUOUS
10
1.0194482283464568
20
1.2106299606299213
11
1.0194482283464568
21
1.2556243700787402
0
LINE
8
BLACK
6
CONTINUOUS
10
1.0194482283464568
20
1.2556243700787402
11
1.0195049606299211
21
1.256200433070866
0
LINE
8
BLACK
6
CONTINUOUS
10
1.0195049606299211
20
1.256200433070866
11
1.0199458661417322
21
1.2572648425196851
0
LINE
8
BLACK
6
CONTINUOUS
10
1.0199458661417322
20
1.2572648425196851
11
1.0207605118110237
21
1.2580794881889763
0
LINE
8
BLACK
6
CONTINUOUS
10
1.0207605118110237
20
1.2580794881889763
11
1.0218249212598425
21
1.2585203937007874
0
LINE
8
BLACK
6
CONTINUOUS
10
1.0218249212598425
20
1.2585203937007874
11
1.0229770472440944
21
1.2585203937007874
0
LINE
8
BLACK
6
CONTINUOUS
10
1.0229770472440944
20
1.2585203937007874
11
1.0240414566929135
21
1.2580794881889763
0
LINE
8
BLACK
6
CONTINUOUS
10
0.9577391338582677
20
1.3063268897637794
11
0.9582976377952755
21
1.3063268897637794
0
LINE
8
BLACK
6
CONTINUOUS
10
0.9582976377952755
20
1.3063268897637794
11
0.9583145669291339
21
1.3063198818897637
0
LINE
8
BLACK
6
CONTINUOUS
10
0.9583145669291339
20
1.3063198818897637
11
0.958332874015748
21
1.3063196456692914
0
LINE
8
BLACK
6
CONTINUOUS
10
0.958332874015748
20
1.3063196456692914
11
0.9588847244094488
21
1.3061448818897639
0
LINE
8
BLACK
6
CONTINUOUS
10
0.9588847244094488
20
1.3061448818897639
11
1.0179398425196851
21
1.2808355511811023
0
LINE
8
BLACK
6
CONTINUOUS
10
1.0179398425196851
20
1.2808355511811023
11
1.018446968503937
21
1.280556496062992
0
LINE
8
BLACK
6
CONTINUOUS
10
1.018446968503937
20
1.280556496062992
11
1.0192516141732284
21
1.2797319291338582
0
LINE
8
BLACK
6
CONTINUOUS
10
1.0192516141732284
20
1.2797319291338582
11
1.0196794881889764
21
1.2786622440944881
0
LINE
8
BLACK
6
CONTINUOUS
10
1.0196794881889764
20
1.2786622440944881
11
1.0196654724409449
21
1.2775102362204724
0
LINE
8
BLACK
6
CONTINUOUS
10
1.0196654724409449
20
1.2775102362204724
11
1.0192116141732284
21
1.2764512598425197
0
LINE
8
BLACK
6
CONTINUOUS
10
1.0192116141732284
20
1.2764512598425197
11
1.0183870866141731
21
1.2756465748031496
0
LINE
8
BLACK
6
CONTINUOUS
10
1.0183870866141731
20
1.2756465748031496
11
1.0173174015748032
21
1.2752187007874016
0
LINE
8
BLACK
6
CONTINUOUS
10
1.0173174015748032
20
1.2752187007874016
11
1.0161653543307085
21
1.2752327559055119
0
LINE
8
BLACK
6
CONTINUOUS
10
1.0161653543307085
20
1.2752327559055119
11
1.0156135433070865
21
1.2754075196850394
0
LINE
8
BLACK
6
CONTINUOUS
10
1.0156135433070865
20
1.2754075196850394
11
0.9606743307086614
21
1.2989529133858266
0
LINE
8
BLACK
6
CONTINUOUS
10
0.9606743307086614
20
1.2989529133858266
11
0.9606743307086614
21
1.2640607874015748
0
LINE
8
BLACK
6
CONTINUOUS
10
0.9606743307086614
20
1.2640607874015748
11
0.9606175984251968
21
1.2634847244094487
0
LINE
8
BLACK
6
CONTINUOUS
10
0.9606175984251968
20
1.2634847244094487
11
0.9601766929133858
21
1.2624203149606299
0
LINE
8
BLACK
6
CONTINUOUS
10
0.9601766929133858
20
1.2624203149606299
11
0.9593620472440945
21
1.2616056692913387
0
LINE
8
BLACK
6
CONTINUOUS
10
0.9593620472440945
20
1.2616056692913387
11
0.9582976377952755
21
1.2611647637795276
0
LINE
8
BLACK
6
CONTINUOUS
10
0.9582976377952755
20
1.2611647637795276
11
0.9571455118110236
21
1.2611647637795276
0
LINE
8
BLACK
6
CONTINUOUS
10
0.9571455118110236
20
1.2611647637795276
11
0.9560811023622047
21
1.2616056692913387
0
LINE
8
BLACK
6
CONTINUOUS
10
0.9560811023622047
20
1.2616056692913387
11
0.9552664566929133
21
1.2624203149606299
0
LINE
8
BLACK
6
CONTINUOUS
10
0.9552664566929133
20
1.2624203149606299
11
0.9548255511811023
21
1.2634847244094487
0
LINE
8
BLACK
6
CONTINUOUS
10
0.9548255511811023
20
1.2634847244094487
11
0.9547688188976378
21
1.2640607874015748
0
LINE
8
BLACK
6
CONTINUOUS
10
0.9547688188976378
20
1.2640607874015748
11
0.9547688188976378
21
1.3034308661417322
0
LINE
8
BLACK
6
CONTINUOUS
10
0.9547688188976378
20
1.3034308661417322
11
0.9548255511811023
21
1.3040069291338583
0
LINE
8
BLACK
6
CONTINUOUS
10
0.9548255511811023
20
1.3040069291338583
11
0.9548325590551181
21
1.3040238976377951
0
LINE
8
BLACK
6
CONTINUOUS
10
0.9548325590551181
20
1.3040238976377951
11
0.9548327952755905
21
1.3040421653543306
0
LINE
8
BLACK
6
CONTINUOUS
10
0.9548327952755905
20
1.3040421653543306
11
0.9550527952755905
21
1.304555590551181
0
LINE
8
BLACK
6
CONTINUOUS
10
0.9550527952755905
20
1.304555590551181
11
0.9552664566929133
21
1.3050713385826771
0
LINE
8
BLACK
6
CONTINUOUS
10
0.9552664566929133
20
1.3050713385826771
11
0.9552793700787401
21
1.3050842913385827
0
LINE
8
BLACK
6
CONTINUOUS
10
0.9552793700787401
20
1.3050842913385827
11
0.9552866141732284
21
1.3051011417322835
0
LINE
8
BLACK
6
CONTINUOUS
10
0.9552866141732284
20
1.3051011417322835
11
0.9556866141732283
21
1.3054915354330707
0
LINE
8
BLACK
6
CONTINUOUS
10
0.9556866141732283
20
1.3054915354330707
11
0.9560811023622047
21
1.3058859842519686
0
LINE
8
BLACK
6
CONTINUOUS
10
0.9560811023622047
20
1.3058859842519686
11
0.956098031496063
21
1.3058930314960631
0
LINE
8
BLACK
6
CONTINUOUS
10
0.956098031496063
20
1.3058930314960631
11
0.9561111811023622
21
1.3059058267716535
0
LINE
8
BLACK
6
CONTINUOUS
10
0.9561111811023622
20
1.3059058267716535
11
0.956630157480315
21
1.306113464566929
0
LINE
8
BLACK
6
CONTINUOUS
10
0.956630157480315
20
1.306113464566929
11
0.9571455118110236
21
1.3063268897637794
0
LINE
8
BLACK
6
CONTINUOUS
10
0.9571455118110236
20
1.3063268897637794
11
0.9571638582677165
21
1.3063268897637794
0
LINE
8
BLACK
6
CONTINUOUS
10
0.9571638582677165
20
1.3063268897637794
11
0.9571808661417323
21
1.3063337007874016
0
LINE
8
BLACK
6
CONTINUOUS
10
0.9571808661417323
20
1.3063337007874016
11
0.9577391338582677
21
1.3063268897637794
0
LINE
8
BLACK
6
CONTINUOUS
10
1.0179095275590551
20
1.3624006299212599
11
1.0188668110236221
21
1.3617595669291338
0
LINE
8
BLACK
6
CONTINUOUS
10
1.0188668110236221
20
1.3617595669291338
11
1.0195058661417322
21
1.3608009448818896
0
LINE
8
BLACK
6
CONTINUOUS
10
1.0195058661417322
20
1.3608009448818896
11
1.0197294488188977
21
1.3596707086614173
0
LINE
8
BLACK
6
CONTINUOUS
10
1.0197294488188977
20
1.3596707086614173
11
1.0195035039370079
21
1.3585410236220472
0
LINE
8
BLACK
6
CONTINUOUS
10
1.0195035039370079
20
1.3585410236220472
11
1.0188624409448819
21
1.3575837401574802
0
LINE
8
BLACK
6
CONTINUOUS
10
1.0188624409448819
20
1.3575837401574802
11
1.0184146062992125
21
1.357216968503937
0
LINE
8
BLACK
6
CONTINUOUS
10
1.0184146062992125
20
1.357216968503937
11
0.9925723228346457
21
1.3399887795275591
0
LINE
8
BLACK
6
CONTINUOUS
10
0.9925723228346457
20
1.3399887795275591
11
1.0184146062992125
21
1.322760590551181
0
LINE
8
BLACK
6
CONTINUOUS
10
1.0184146062992125
20
1.322760590551181
11
1.0188624409448819
21
1.3223938188976379
0
LINE
8
BLACK
6
CONTINUOUS
10
1.0188624409448819
20
1.3223938188976379
11
1.0195035039370079
21
1.3214365354330708
0
LINE
8
BLACK
6
CONTINUOUS
10
1.0195035039370079
20
1.3214365354330708
11
1.0197294488188977
21
1.3203068503937008
0
LINE
8
BLACK
6
CONTINUOUS
10
1.0197294488188977
20
1.3203068503937008
11
1.0195058661417322
21
1.3191766141732284
0
LINE
8
BLACK
6
CONTINUOUS
10
1.0195058661417322
20
1.3191766141732284
11
1.0188668110236221
21
1.3182179921259842
0
LINE
8
BLACK
6
CONTINUOUS
10
1.0188668110236221
20
1.3182179921259842
11
1.0179095275590551
21
1.3175769291338582
0
LINE
8
BLACK
6
CONTINUOUS
10
1.0179095275590551
20
1.3175769291338582
11
1.0167798031496063
21
1.3173509842519684
0
LINE
8
BLACK
6
CONTINUOUS
10
1.0167798031496063
20
1.3173509842519684
11
1.0156496062992126
21
1.3175745669291339
0
LINE
8
BLACK
6
CONTINUOUS
10
1.0156496062992126
20
1.3175745669291339
11
1.0151388188976378
21
1.3178468897637794
0
LINE
8
BLACK
6
CONTINUOUS
10
1.0151388188976378
20
1.3178468897637794
11
0.9872491338582677
21
1.3364400000000001
0
LINE
8
BLACK
6
CONTINUOUS
10
0.9872491338582677
20
1.3364400000000001
11
0.9593594881889763
21
1.3178468897637794
0
LINE
8
BLACK
6
CONTINUOUS
10
0.9593594881889763
20
1.3178468897637794
11
0.9588487007874016
21
1.3175745669291339
0
LINE
8
BLACK
6
CONTINUOUS
10
0.9588487007874016
20
1.3175745669291339
11
0.9577184645669291
21
1.3173509842519684
0
LINE
8
BLACK
6
CONTINUOUS
10
0.9577184645669291
20
1.3173509842519684
11
0.9565887795275591
21
1.3175769291338582
0
LINE
8
BLACK
6
CONTINUOUS
10
0.9565887795275591
20
1.3175769291338582
11
0.9556314960629921
21
1.3182179921259842
0
LINE
8
BLACK
6
CONTINUOUS
10
0.9556314960629921
20
1.3182179921259842
11
0.9549924015748031
21
1.3191766141732284
0
LINE
8
BLACK
6
CONTINUOUS
10
0.9549924015748031
20
1.3191766141732284
11
0.9547688188976378
21
1.3203068503937008
0
LINE
8
BLACK
6
CONTINUOUS
10
0.9547688188976378
20
1.3203068503937008
11
0.9549947637795275
21
1.3214365354330708
0
LINE
8
BLACK
6
CONTINUOUS
10
0.9549947637795275
20
1.3214365354330708
11
0.9556358267716535
21
1.3223938188976379
0
LINE
8
BLACK
6
CONTINUOUS
10
0.9556358267716535
20
1.3223938188976379
11
0.9560836614173228
21
1.322760590551181
0
LINE
8
BLACK
6
CONTINUOUS
10
0.9560836614173228
20
1.322760590551181
11
0.9819259448818898
21
1.3399887795275591
0
LINE
8
BLACK
6
CONTINUOUS
10
0.9819259448818898
20
1.3399887795275591
11
0.9560836614173228
21
1.357216968503937
0
LINE
8
BLACK
6
CONTINUOUS
10
0.9560836614173228
20
1.357216968503937
11
0.9556358267716535
21
1.3575837401574802
0
LINE
8
BLACK
6
CONTINUOUS
10
0.9556358267716535
20
1.3575837401574802
11
0.9549947637795275
21
1.3585410236220472
0
LINE
8
BLACK
6
CONTINUOUS
10
0.9549947637795275
20
1.3585410236220472
11
0.9547688188976378
21
1.3596707086614173
0
LINE
8
BLACK
6
CONTINUOUS
10
0.9547688188976378
20
1.3596707086614173
11
0.9549924015748031
21
1.3608009448818896
0
LINE
8
BLACK
6
CONTINUOUS
10
0.9549924015748031
20
1.3608009448818896
11
0.9556314960629921
21
1.3617595669291338
0
LINE
8
BLACK
6
CONTINUOUS
10
0.9556314960629921
20
1.3617595669291338
11
0.9565887795275591
21
1.3624006299212599
0
LINE
8
BLACK
6
CONTINUOUS
10
0.9565887795275591
20
1.3624006299212599
11
0.9577184645669291
21
1.3626265748031496
0
LINE
8
BLACK
6
CONTINUOUS
10
0.9577184645669291
20
1.3626265748031496
11
0.9588487007874016
21
1.3624029921259841
0
LINE
8
BLACK
6
CONTINUOUS
10
0.9588487007874016
20
1.3624029921259841
11
0.9593594881889763
21
1.3621306692913386
0
LINE
8
BLACK
6
CONTINUOUS
10
0.9593594881889763
20
1.3621306692913386
11
0.9872491338582677
21
1.3435375984251967
0
LINE
8
BLACK
6
CONTINUOUS
10
0.9872491338582677
20
1.3435375984251967
11
1.0151388188976378
21
1.3621306692913386
0
LINE
8
BLACK
6
CONTINUOUS
10
1.0151388188976378
20
1.3621306692913386
11
1.0156496062992126
21
1.3624029921259841
0
LINE
8
BLACK
6
CONTINUOUS
10
1.0156496062992126
20
1.3624029921259841
11
1.0167798031496063
21
1.3626265748031496
0
LINE
8
BLACK
6
CONTINUOUS
10
1.0167798031496063
20
1.3626265748031496
11
1.0179095275590551
21
1.3624006299212599
0
LINE
8
BLACK
6
CONTINUOUS
10
0.9748860236220472
20
1.4160287007874015
11
0.9749637795275591
21
1.4160342125984251
0
LINE
8
BLACK
6
CONTINUOUS
10
0.9749637795275591
20
1.4160342125984251
11
0.9750660236220472
21
1.4160109842519684
0
LINE
8
BLACK
6
CONTINUOUS
10
0.9750660236220472
20
1.4160109842519684
11
0.9751705511811023
21
1.4160006692913385
0
LINE
8
BLACK
6
CONTINUOUS
10
0.9751705511811023
20
1.4160006692913385
11
0.9752426377952755
21
1.4159708267716535
0
LINE
8
BLACK
6
CONTINUOUS
10
0.9752426377952755
20
1.4159708267716535
11
0.9755282283464567
21
1.4159058661417323
0
LINE
8
BLACK
6
CONTINUOUS
10
0.9755282283464567
20
1.4159058661417323
11
0.9839646456692913
21
1.4130937007874016
0
LINE
8
BLACK
6
CONTINUOUS
10
0.9839646456692913
20
1.4130937007874016
11
0.9844931889763779
21
1.412857716535433
0
LINE
8
BLACK
6
CONTINUOUS
10
0.9844931889763779
20
1.412857716535433
11
0.9845733070866142
21
1.4127882283464566
0
LINE
8
BLACK
6
CONTINUOUS
10
0.9845733070866142
20
1.4127882283464566
11
0.9846713779527558
21
1.4127475984251969
0
LINE
8
BLACK
6
CONTINUOUS
10
0.9846713779527558
20
1.4127475984251969
11
0.9851188188976377
21
1.4123803937007873
0
LINE
8
BLACK
6
CONTINUOUS
10
0.9851188188976377
20
1.4123803937007873
11
1.0138239370078741
21
1.3836752755905513
0
LINE
8
BLACK
6
CONTINUOUS
10
1.0138239370078741
20
1.3836752755905513
11
1.0138239370078741
21
1.4131046456692913
0
LINE
8
BLACK
6
CONTINUOUS
10
1.0138239370078741
20
1.4131046456692913
11
1.0138806692913385
21
1.4136807086614174
0
LINE
8
BLACK
6
CONTINUOUS
10
1.0138806692913385
20
1.4136807086614174
11
1.0143215748031496
21
1.4147451181102362
0
LINE
8
BLACK
6
CONTINUOUS
10
1.0143215748031496
20
1.4147451181102362
11
1.015136220472441
21
1.4155597637795276
0
LINE
8
BLACK
6
CONTINUOUS
10
1.015136220472441
20
1.4155597637795276
11
1.0162006299212598
21
1.4160006692913385
0
LINE
8
BLACK
6
CONTINUOUS
10
1.0162006299212598
20
1.4160006692913385
11
1.0173527559055118
21
1.4160006692913385
0
LINE
8
BLACK
6
CONTINUOUS
10
1.0173527559055118
20
1.4160006692913385
11
1.0184171653543306
21
1.4155597637795276
0
LINE
8
BLACK
6
CONTINUOUS
10
1.0184171653543306
20
1.4155597637795276
11
1.019231811023622
21
1.4147451181102362
0
LINE
8
BLACK
6
CONTINUOUS
10
1.019231811023622
20
1.4147451181102362
11
1.0196727165354331
21
1.4136807086614174
0
LINE
8
BLACK
6
CONTINUOUS
10
1.0196727165354331
20
1.4136807086614174
11
1.0197294488188977
21
1.4131046456692913
0
LINE
8
BLACK
6
CONTINUOUS
10
1.0197294488188977
20
1.4131046456692913
11
1.0197294488188977
21
1.3765466929133858
0
LINE
8
BLACK
6
CONTINUOUS
10
1.0197294488188977
20
1.3765466929133858
11
1.0196727165354331
21
1.3759706299212597
0
LINE
8
BLACK
6
CONTINUOUS
10
1.0196727165354331
20
1.3759706299212597
11
1.019231811023622
21
1.3749062204724409
0
LINE
8
BLACK
6
CONTINUOUS
10
1.019231811023622
20
1.3749062204724409
11
1.0184171653543306
21
1.3740915748031495
0
LINE
8
BLACK
6
CONTINUOUS
10
1.0184171653543306
20
1.3740915748031495
11
1.0173527559055118
21
1.3736506692913386
0
LINE
8
BLACK
6
CONTINUOUS
10
1.0173527559055118
20
1.3736506692913386
11
1.0162006299212598
21
1.3736506692913386
0
LINE
8
BLACK
6
CONTINUOUS
10
1.0162006299212598
20
1.3736506692913386
11
1.015136220472441
21
1.3740915748031495
0
LINE
8
BLACK
6
CONTINUOUS
10
1.015136220472441
20
1.3740915748031495
11
1.014688779527559
21
1.3744587795275591
0
LINE
8
BLACK
6
CONTINUOUS
10
1.014688779527559
20
1.3744587795275591
11
0.9814358661417323
21
1.4077116929133857
0
LINE
8
BLACK
6
CONTINUOUS
10
0.9814358661417323
20
1.4077116929133857
11
0.9741153543307086
21
1.4101518897637795
0
LINE
8
BLACK
6
CONTINUOUS
10
0.9741153543307086
20
1.4101518897637795
11
0.9696672047244095
21
1.4101518897637795
0
LINE
8
BLACK
6
CONTINUOUS
10
0.9696672047244095
20
1.4101518897637795
11
0.9650949606299213
21
1.4078657874015748
0
LINE
8
BLACK
6
CONTINUOUS
10
0.9650949606299213
20
1.4078657874015748
11
0.9629604724409448
21
1.4057312598425196
0
LINE
8
BLACK
6
CONTINUOUS
10
0.9629604724409448
20
1.4057312598425196
11
0.9606743307086614
21
1.4011589763779526
0
LINE
8
BLACK
6
CONTINUOUS
10
0.9606743307086614
20
1.4011589763779526
11
0.9606743307086614
21
1.3884923622047243
0
LINE
8
BLACK
6
CONTINUOUS
10
0.9606743307086614
20
1.3884923622047243
11
0.9629604330708661
21
1.3839201181102363
0
LINE
8
BLACK
6
CONTINUOUS
10
0.9629604330708661
20
1.3839201181102363
11
0.965433779527559
21
1.3814467716535432
0
LINE
8
BLACK
6
CONTINUOUS
10
0.965433779527559
20
1.3814467716535432
11
0.9658009842519685
21
1.3809993307086614
0
LINE
8
BLACK
6
CONTINUOUS
10
0.9658009842519685
20
1.3809993307086614
11
0.9662418897637796
21
1.3799349212598424
0
LINE
8
BLACK
6
CONTINUOUS
10
0.9662418897637796
20
1.3799349212598424
11
0.9662418897637796
21
1.3787828346456692
0
LINE
8
BLACK
6
CONTINUOUS
10
0.9662418897637796
20
1.3787828346456692
11
0.9658009842519685
21
1.3777184251968504
0
LINE
8
BLACK
6
CONTINUOUS
10
0.9658009842519685
20
1.3777184251968504
11
0.9649862992125984
21
1.3769037401574802
0
LINE
8
BLACK
6
CONTINUOUS
10
0.9649862992125984
20
1.3769037401574802
11
0.9639218897637795
21
1.3764628346456693
0
LINE
8
BLACK
6
CONTINUOUS
10
0.9639218897637795
20
1.3764628346456693
11
0.9627698031496063
21
1.3764628346456693
0
LINE
8
BLACK
6
CONTINUOUS
10
0.9627698031496063
20
1.3764628346456693
11
0.9617053937007873
21
1.3769037401574802
0
LINE
8
BLACK
6
CONTINUOUS
10
0.9617053937007873
20
1.3769037401574802
11
0.9612579527559055
21
1.3772709448818898
0
LINE
8
BLACK
6
CONTINUOUS
10
0.9612579527559055
20
1.3772709448818898
11
0.9584458267716536
21
1.3800830708661418
0
LINE
8
BLACK
6
CONTINUOUS
10
0.9584458267716536
20
1.3800830708661418
11
0.9582600393700788
21
1.3803094488188976
0
LINE
8
BLACK
6
CONTINUOUS
10
0.9582600393700788
20
1.3803094488188976
11
0.9582010629921259
21
1.3803605905511811
0
LINE
8
BLACK
6
CONTINUOUS
10
0.9582010629921259
20
1.3803605905511811
11
0.9581450787401574
21
1.3804495669291339
0
LINE
8
BLACK
6
CONTINUOUS
10
0.9581450787401574
20
1.3804495669291339
11
0.958078622047244
21
1.3805305118110236
0
LINE
8
BLACK
6
CONTINUOUS
10
0.958078622047244
20
1.3805305118110236
11
0.9580487795275591
21
1.3806024803149606
0
LINE
8
BLACK
6
CONTINUOUS
10
0.9580487795275591
20
1.3806024803149606
11
0.9578927165354331
21
1.3808504724409449
0
LINE
8
BLACK
6
CONTINUOUS
10
0.9578927165354331
20
1.3808504724409449
11
0.9550805511811024
21
1.3864747637795276
0
LINE
8
BLACK
6
CONTINUOUS
10
0.9550805511811024
20
1.3864747637795276
11
0.9548736614173228
21
1.3870153543307087
0
LINE
8
BLACK
6
CONTINUOUS
10
0.9548736614173228
20
1.3870153543307087
11
0.9548661023622047
21
1.3871212598425195
0
LINE
8
BLACK
6
CONTINUOUS
10
0.9548661023622047
20
1.3871212598425195
11
0.9548255511811023
21
1.3872192125984251
0
LINE
8
BLACK
6
CONTINUOUS
10
0.9548255511811023
20
1.3872192125984251
11
0.9547688188976378
21
1.3877952755905512
0
LINE
8
BLACK
6
CONTINUOUS
10
0.9547688188976378
20
1.3877952755905512
11
0.9547688188976378
21
1.4018560236220472
0
LINE
8
BLACK
6
CONTINUOUS
10
0.9547688188976378
20
1.4018560236220472
11
0.9548255511811023
21
1.4024320866141733
0
LINE
8
BLACK
6
CONTINUOUS
10
0.9548255511811023
20
1.4024320866141733
11
0.9548661023622047
21
1.4025300787401573
0
LINE
8
BLACK
6
CONTINUOUS
10
0.9548661023622047
20
1.4025300787401573
11
0.9548736614173228
21
1.4026359448818897
0
LINE
8
BLACK
6
CONTINUOUS
10
0.9548736614173228
20
1.4026359448818897
11
0.9550805511811024
21
1.4031765354330707
0
LINE
8
BLACK
6
CONTINUOUS
10
0.9550805511811024
20
1.4031765354330707
11
0.9578927165354331
21
1.4088008267716534
0
LINE
8
BLACK
6
CONTINUOUS
10
0.9578927165354331
20
1.4088008267716534
11
0.9580487401574803
21
1.4090487401574803
0
LINE
8
BLACK
6
CONTINUOUS
10
0.9580487401574803
20
1.4090487401574803
11
0.9580785826771653
21
1.409120748031496
0
LINE
8
BLACK
6
CONTINUOUS
10
0.9580785826771653
20
1.409120748031496
11
0.9581450787401574
21
1.409201811023622
0
LINE
8
BLACK
6
CONTINUOUS
10
0.9581450787401574
20
1.409201811023622
11
0.9582010629921259
21
1.4092907086614173
0
LINE
8
BLACK
6
CONTINUOUS
10
0.9582010629921259
20
1.4092907086614173
11
0.9582600393700788
21
1.4093418897637795
0
LINE
8
BLACK
6
CONTINUOUS
10
0.9582600393700788
20
1.4093418897637795
11
0.9584458267716536
21
1.4095682283464566
0
LINE
8
BLACK
6
CONTINUOUS
10
0.9584458267716536
20
1.4095682283464566
11
0.9612579527559055
21
1.4123803937007873
0
LINE
8
BLACK
6
CONTINUOUS
10
0.9612579527559055
20
1.4123803937007873
11
0.9614844094488189
21
1.4125662598425197
0
LINE
8
BLACK
6
CONTINUOUS
10
0.9614844094488189
20
1.4125662598425197
11
0.9615354724409448
21
1.4126251181102363
0
LINE
8
BLACK
6
CONTINUOUS
10
0.9615354724409448
20
1.4126251181102363
11
0.9616242125984251
21
1.4126810236220473
0
LINE
8
BLACK
6
CONTINUOUS
10
0.9616242125984251
20
1.4126810236220473
11
0.9617053937007873
21
1.4127475984251969
0
LINE
8
BLACK
6
CONTINUOUS
10
0.9617053937007873
20
1.4127475984251969
11
0.9617774409448818
21
1.4127774803149606
0
LINE
8
BLACK
6
CONTINUOUS
10
0.9617774409448818
20
1.4127774803149606
11
0.9620253543307087
21
1.4129335039370079
0
LINE
8
BLACK
6
CONTINUOUS
10
0.9620253543307087
20
1.4129335039370079
11
0.9676496456692913
21
1.4157456692913386
0
LINE
8
BLACK
6
CONTINUOUS
10
0.9676496456692913
20
1.4157456692913386
11
0.9681902362204724
21
1.4159525590551181
0
LINE
8
BLACK
6
CONTINUOUS
10
0.9681902362204724
20
1.4159525590551181
11
0.9682961023622046
21
1.4159601181102361
0
LINE
8
BLACK
6
CONTINUOUS
10
0.9682961023622046
20
1.4159601181102361
11
0.9683940944881889
21
1.4160006692913385
0
LINE
8
BLACK
6
CONTINUOUS
10
0.9683940944881889
20
1.4160006692913385
11
0.9689701574803149
21
1.4160574015748031
0
LINE
8
BLACK
6
CONTINUOUS
10
0.9689701574803149
20
1.4160574015748031
11
0.9745944881889763
21
1.4160574015748031
0
LINE
8
BLACK
6
CONTINUOUS
10
0.9745944881889763
20
1.4160574015748031
11
0.9748860236220472
21
1.4160287007874015
0
CIRCLE
8
BLACK
10
0.
20
1.2
40
0.0068897637795276
0
CIRCLE
8
BLACK
10
1.2
20
0.
40
0.0068897637795276
0
CIRCLE
8
BLACK
10
0.
20
0.
40
0.0068897637795276
0
CIRCLE
8
BLACK
10
1.2
20
1.2
40
0.0068897637795276
0
CIRCLE
8
BLACK
10
0.2897637795275591
20
1.1507874015748032
40
0.0068897637795276
0
CIRCLE
8
BLACK
10
0.2897637795275591
20
1.2507874015748031
40
0.0068897637795276
0
CIRCLE
8
BLACK
10
0.389763779527559
20
1.1507874015748032
40
0.0068897637795276
0
CIRCLE
8
BLACK
10
0.389763779527559
20
1.2507874015748031
40
0.0068897637795276
0
CIRCLE
8
BLACK
10
0.4897637795275591
20
1.1507874015748032
40
0.0068897637795276
0
CIRCLE
8
BLACK
10
0.4897637795275591
20
1.2507874015748031
40
0.0068897637795276
0
CIRCLE
8
BLACK
10
0.5897637795275591
20
1.1507874015748032
40
0.0068897637795276
0
CIRCLE
8
BLACK
10
0.5897637795275591
20
1.2507874015748031
40
0.0068897637795276
0
CIRCLE
8
BLACK
10
0.6897637795275591
20
1.1507874015748032
40
0.0068897637795276
0
CIRCLE
8
BLACK
10
0.6897637795275591
20
1.2507874015748031
40
0.0068897637795276
0
CIRCLE
8
BLACK
10
0.7897637795275591
20
1.1507874015748032
40
0.0068897637795276
0
CIRCLE
8
BLACK
10
0.7897637795275591
20
1.2507874015748031
40
0.0068897637795276
0
CIRCLE
8
BLACK
10
0.889763779527559
20
1.1507874015748032
40
0.0068897637795276
0
CIRCLE
8
BLACK
10
0.889763779527559
20
1.2507874015748031
40
0.0068897637795276
0
CIRCLE
8
BLACK
10
0.
20
1.2
40
0.0068897637795276
0
CIRCLE
8
BLACK
10
1.2
20
0.
40
0.0068897637795276
0
CIRCLE
8
BLACK
10
0.
20
0.
40
0.0068897637795276
0
CIRCLE
8
BLACK
10
1.2
20
1.2
40
0.0068897637795276
0
CIRCLE
8
WHITE
10
0.2897637795275591
20
1.1507874015748032
40
0.0068897637795276
0
CIRCLE
8
WHITE
10
0.2897637795275591
20
1.2507874015748031
40
0.0068897637795276
0
CIRCLE
8
WHITE
10
0.389763779527559
20
1.1507874015748032
40
0.0068897637795276
0
CIRCLE
8
WHITE
10
0.389763779527559
20
1.2507874015748031
40
0.0068897637795276
0
CIRCLE
8
WHITE
10
0.4897637795275591
20
1.1507874015748032
40
0.0068897637795276
0
CIRCLE
8
WHITE
10
0.4897637795275591
20
1.2507874015748031
40
0.0068897637795276
0
CIRCLE
8
WHITE
10
0.5897637795275591
20
1.1507874015748032
40
0.0068897637795276
0
CIRCLE
8
WHITE
10
0.5897637795275591
20
1.2507874015748031
40
0.0068897637795276
0
CIRCLE
8
WHITE
10
0.6897637795275591
20
1.1507874015748032
40
0.0068897637795276
0
CIRCLE
8
WHITE
10
0.6897637795275591
20
1.2507874015748031
40
0.0068897637795276
0
CIRCLE
8
WHITE
10
0.7897637795275591
20
1.1507874015748032
40
0.0068897637795276
0
CIRCLE
8
WHITE
10
0.7897637795275591
20
1.2507874015748031
40
0.0068897637795276
0
CIRCLE
8
WHITE
10
0.889763779527559
20
1.1507874015748032
40
0.0068897637795276
0
CIRCLE
8
WHITE
10
0.889763779527559
20
1.2507874015748031
40
0.0068897637795276
  0
ENDSEC
  0
EOF
