  0
SECTION
  2
HEADER
  9
$ANGBASE
  50
0.0
  9
$ANGDIR
  70
1
  9
$MEASUREMENT
  70
0
  0
ENDSEC
  0
SECTION
  2
TABLES
  0
TABLE
  2
LTYPE
  70
4
  0
LTYPE
  5
40F
  2
CONTINUOUS
  70
0
  3
Solid line
  72
65
  73
0
  40
0.0
  0
LTYPE
  5
410
  2
DASHDOT
 70
0
  3
Dash Dot ____ _ ____ _
 72
65
 73
4
 40
2.0
 49
1.25
 49
-0.25
 49
0.25
 49
-0.25
  0
LTYPE
  5
411
  2
DASHED
 70
0
  3
Dashed __ __ __ __ __
 72
65
 73
2
 40
0.75
 49
0.5
 49
-0.25
  0
LTYPE
  5
43B
  2
DOTTED
 70
0
  3
Dotted .  .  .  .
 72
65
 73
2
 40
0.2
 49
0.0
 49
-0.2
  0
ENDTAB
  0
TABLE
  2
STYLE
  70
4
  0
STYLE
  2
KICAD
  70
0
  40
0
  41
1
  42
1
  50
0
  71
0
  3
isocp.shx
  0
STYLE
  2
KICADB
  70
0
  40
0
  41
1
  42
1
  50
0
  71
0
  3
isocp.shx
  0
STYLE
  2
KICADI
  70
0
  40
0
  41
1
  42
1
  50
15
  71
0
  3
isocp.shx
  0
STYLE
  2
KICADBI
  70
0
  40
0
  41
1
  42
1
  50
15
  71
0
  3
isocp.shx
  0
ENDTAB
  0
TABLE
  2
LAYER
  70
1
  0
LAYER
  2
BLACK
  70
0
  62
7
  6
CONTINUOUS
  0
ENDTAB
  0
ENDSEC
  0
SECTION
  2
ENTITIES
0
LINE
8
BLACK
6
CONTINUOUS
10
0.5912359842519684
20
0.2602457480314961
11
0.591401968503937
21
0.2601770078740158
0
LINE
8
BLACK
6
CONTINUOUS
10
0.591401968503937
20
0.2601770078740158
11
0.5915811811023622
21
0.260164251968504
0
LINE
8
BLACK
6
CONTINUOUS
10
0.5915811811023622
20
0.260164251968504
11
0.5924966141732283
21
0.259813937007874
0
LINE
8
BLACK
6
CONTINUOUS
10
0.5924966141732283
20
0.259813937007874
11
0.5972585039370079
21
0.257433031496063
0
LINE
8
BLACK
6
CONTINUOUS
10
0.5972585039370079
20
0.257433031496063
11
0.5976784251968503
21
0.2571687007874016
0
LINE
8
BLACK
6
CONTINUOUS
10
0.5976784251968503
20
0.2571687007874016
11
0.5978003543307087
21
0.2571181889763779
0
LINE
8
BLACK
6
CONTINUOUS
10
0.5978003543307087
20
0.2571181889763779
11
0.5979375984251969
21
0.2570055511811024
0
LINE
8
BLACK
6
CONTINUOUS
10
0.5979375984251969
20
0.2570055511811024
11
0.5980880314960629
21
0.2569108661417323
0
LINE
8
BLACK
6
CONTINUOUS
10
0.5980880314960629
20
0.2569108661417323
11
0.5981745275590551
21
0.2568111417322835
0
LINE
8
BLACK
6
CONTINUOUS
10
0.5981745275590551
20
0.2568111417322835
11
0.598558031496063
21
0.2564964173228346
0
LINE
8
BLACK
6
CONTINUOUS
10
0.598558031496063
20
0.2564964173228346
11
0.6009389763779528
21
0.2541154724409449
0
LINE
8
BLACK
6
CONTINUOUS
10
0.6009389763779528
20
0.2541154724409449
11
0.6015607874015748
21
0.2533577952755905
0
LINE
8
BLACK
6
CONTINUOUS
10
0.6015607874015748
20
0.2533577952755905
11
0.6023073622047244
21
0.2515553937007874
0
LINE
8
BLACK
6
CONTINUOUS
10
0.6023073622047244
20
0.2515553937007874
11
0.6023073622047244
21
0.2496044488188976
0
LINE
8
BLACK
6
CONTINUOUS
10
0.6023073622047244
20
0.2496044488188976
11
0.6015607874015748
21
0.2478020472440945
0
LINE
8
BLACK
6
CONTINUOUS
10
0.6015607874015748
20
0.2478020472440945
11
0.6001812992125984
21
0.2464225590551181
0
LINE
8
BLACK
6
CONTINUOUS
10
0.6001812992125984
20
0.2464225590551181
11
0.5983788976377953
21
0.2456759842519685
0
LINE
8
BLACK
6
CONTINUOUS
10
0.5983788976377953
20
0.2456759842519685
11
0.5964279527559055
21
0.2456759842519685
0
LINE
8
BLACK
6
CONTINUOUS
10
0.5964279527559055
20
0.2456759842519685
11
0.5946255511811024
21
0.2464225590551181
0
LINE
8
BLACK
6
CONTINUOUS
10
0.5946255511811024
20
0.2464225590551181
11
0.593867874015748
21
0.2470443700787401
0
LINE
8
BLACK
6
CONTINUOUS
10
0.593867874015748
20
0.2470443700787401
11
0.5920605905511811
21
0.2488516535433071
0
LINE
8
BLACK
6
CONTINUOUS
10
0.5920605905511811
20
0.2488516535433071
11
0.5890802362204725
21
0.250341811023622
0
LINE
8
BLACK
6
CONTINUOUS
10
0.5890802362204725
20
0.250341811023622
11
0.5795361023622048
21
0.250341811023622
0
LINE
8
BLACK
6
CONTINUOUS
10
0.5795361023622048
20
0.250341811023622
11
0.5765557874015748
21
0.2488516535433071
0
LINE
8
BLACK
6
CONTINUOUS
10
0.5765557874015748
20
0.2488516535433071
11
0.5753221653543307
21
0.2476180708661417
0
LINE
8
BLACK
6
CONTINUOUS
10
0.5753221653543307
20
0.2476180708661417
11
0.573831968503937
21
0.2446376771653543
0
LINE
8
BLACK
6
CONTINUOUS
10
0.573831968503937
20
0.2446376771653543
11
0.573831968503937
21
0.2418675984251968
0
LINE
8
BLACK
6
CONTINUOUS
10
0.573831968503937
20
0.2418675984251968
11
0.5755831102362204
21
0.2366141732283465
0
LINE
8
BLACK
6
CONTINUOUS
10
0.5755831102362204
20
0.2366141732283465
11
0.6033198818897638
21
0.2088773622047244
0
LINE
8
BLACK
6
CONTINUOUS
10
0.6033198818897638
20
0.2088773622047244
11
0.6039416929133858
21
0.2081196850393701
0
LINE
8
BLACK
6
CONTINUOUS
10
0.6039416929133858
20
0.2081196850393701
11
0.6039417322834646
21
0.2081196456692913
0
LINE
8
BLACK
6
CONTINUOUS
10
0.6039417322834646
20
0.2081196456692913
11
0.6046883070866141
21
0.2063172440944882
0
LINE
8
BLACK
6
CONTINUOUS
10
0.6046883070866141
20
0.2063172440944882
11
0.6046883070866141
21
0.2043663779527559
0
LINE
8
BLACK
6
CONTINUOUS
10
0.6046883070866141
20
0.2043663779527559
11
0.6039417322834646
21
0.2025639763779528
0
LINE
8
BLACK
6
CONTINUOUS
10
0.6039417322834646
20
0.2025639763779528
11
0.6025622047244095
21
0.2011844488188976
0
LINE
8
BLACK
6
CONTINUOUS
10
0.6025622047244095
20
0.2011844488188976
11
0.6015064173228346
21
0.2007471653543307
0
LINE
8
BLACK
6
CONTINUOUS
10
0.6015064173228346
20
0.2007471653543307
11
0.6007598425196851
21
0.200437874015748
0
LINE
8
BLACK
6
CONTINUOUS
10
0.6007598425196851
20
0.200437874015748
11
0.6007598031496063
21
0.2004379133858268
0
LINE
8
BLACK
6
CONTINUOUS
10
0.6007598031496063
20
0.2004379133858268
11
0.6007598031496063
21
0.200437874015748
0
LINE
8
BLACK
6
CONTINUOUS
10
0.6007598031496063
20
0.200437874015748
11
0.5997843700787402
21
0.200341811023622
0
LINE
8
BLACK
6
CONTINUOUS
10
0.5997843700787402
20
0.200341811023622
11
0.568831968503937
21
0.200341811023622
0
LINE
8
BLACK
6
CONTINUOUS
10
0.568831968503937
20
0.200341811023622
11
0.5678565354330709
21
0.200437874015748
0
LINE
8
BLACK
6
CONTINUOUS
10
0.5678565354330709
20
0.200437874015748
11
0.5660541338582677
21
0.2011844488188976
0
LINE
8
BLACK
6
CONTINUOUS
10
0.5660541338582677
20
0.2011844488188976
11
0.5646746062992126
21
0.2025639763779528
0
LINE
8
BLACK
6
CONTINUOUS
10
0.5646746062992126
20
0.2025639763779528
11
0.563928031496063
21
0.2043663779527559
0
LINE
8
BLACK
6
CONTINUOUS
10
0.563928031496063
20
0.2043663779527559
11
0.563928031496063
21
0.2063172440944882
0
LINE
8
BLACK
6
CONTINUOUS
10
0.563928031496063
20
0.2063172440944882
11
0.5646746062992126
21
0.2081196456692913
0
LINE
8
BLACK
6
CONTINUOUS
10
0.5646746062992126
20
0.2081196456692913
11
0.5660541338582677
21
0.2094991732283465
0
LINE
8
BLACK
6
CONTINUOUS
10
0.5660541338582677
20
0.2094991732283465
11
0.5678565354330709
21
0.2102457480314961
0
LINE
8
BLACK
6
CONTINUOUS
10
0.5678565354330709
20
0.2102457480314961
11
0.568831968503937
21
0.210341811023622
0
LINE
8
BLACK
6
CONTINUOUS
10
0.568831968503937
20
0.210341811023622
11
0.5877133070866142
21
0.210341811023622
0
LINE
8
BLACK
6
CONTINUOUS
10
0.5877133070866142
20
0.210341811023622
11
0.5676774015748032
21
0.2303777559055118
0
LINE
8
BLACK
6
CONTINUOUS
10
0.5676774015748032
20
0.2303777559055118
11
0.567055590551181
21
0.2311353937007874
0
LINE
8
BLACK
6
CONTINUOUS
10
0.567055590551181
20
0.2311353937007874
11
0.566986811023622
21
0.2313014566929134
0
LINE
8
BLACK
6
CONTINUOUS
10
0.566986811023622
20
0.2313014566929134
11
0.5668691338582676
21
0.231437125984252
0
LINE
8
BLACK
6
CONTINUOUS
10
0.5668691338582676
20
0.231437125984252
11
0.5664695275590551
21
0.232332125984252
0
LINE
8
BLACK
6
CONTINUOUS
10
0.5664695275590551
20
0.232332125984252
11
0.5640885433070866
21
0.2394749212598425
0
LINE
8
BLACK
6
CONTINUOUS
10
0.5640885433070866
20
0.2394749212598425
11
0.5639785039370079
21
0.2399587795275591
0
LINE
8
BLACK
6
CONTINUOUS
10
0.5639785039370079
20
0.2399587795275591
11
0.563928031496063
21
0.2400806692913386
0
LINE
8
BLACK
6
CONTINUOUS
10
0.563928031496063
20
0.2400806692913386
11
0.5639105905511811
21
0.2402574015748031
0
LINE
8
BLACK
6
CONTINUOUS
10
0.5639105905511811
20
0.2402574015748031
11
0.563871220472441
21
0.2404307086614173
0
LINE
8
BLACK
6
CONTINUOUS
10
0.563871220472441
20
0.2404307086614173
11
0.5638805511811024
21
0.2405624803149606
0
LINE
8
BLACK
6
CONTINUOUS
10
0.5638805511811024
20
0.2405624803149606
11
0.563831968503937
21
0.2410561023622047
0
LINE
8
BLACK
6
CONTINUOUS
10
0.563831968503937
20
0.2410561023622047
11
0.563831968503937
21
0.245818031496063
0
LINE
8
BLACK
6
CONTINUOUS
10
0.563831968503937
20
0.245818031496063
11
0.563928031496063
21
0.2467934645669291
0
LINE
8
BLACK
6
CONTINUOUS
10
0.563928031496063
20
0.2467934645669291
11
0.5639967716535433
21
0.2469594881889764
0
LINE
8
BLACK
6
CONTINUOUS
10
0.5639967716535433
20
0.2469594881889764
11
0.5640095275590551
21
0.2471387007874016
0
LINE
8
BLACK
6
CONTINUOUS
10
0.5640095275590551
20
0.2471387007874016
11
0.5643598425196851
21
0.2480541338582677
0
LINE
8
BLACK
6
CONTINUOUS
10
0.5643598425196851
20
0.2480541338582677
11
0.5667408267716535
21
0.2528160236220472
0
LINE
8
BLACK
6
CONTINUOUS
10
0.5667408267716535
20
0.2528160236220472
11
0.5670051181102362
21
0.253235905511811
0
LINE
8
BLACK
6
CONTINUOUS
10
0.5670051181102362
20
0.253235905511811
11
0.5670556299212598
21
0.2533577952755905
0
LINE
8
BLACK
6
CONTINUOUS
10
0.5670556299212598
20
0.2533577952755905
11
0.5671683070866141
21
0.2534951181102362
0
LINE
8
BLACK
6
CONTINUOUS
10
0.5671683070866141
20
0.2534951181102362
11
0.5672629921259842
21
0.2536455118110236
0
LINE
8
BLACK
6
CONTINUOUS
10
0.5672629921259842
20
0.2536455118110236
11
0.5673626771653543
21
0.2537320078740157
0
LINE
8
BLACK
6
CONTINUOUS
10
0.5673626771653543
20
0.2537320078740157
11
0.5676774015748032
21
0.2541154724409449
0
LINE
8
BLACK
6
CONTINUOUS
10
0.5676774015748032
20
0.2541154724409449
11
0.570058346456693
21
0.2564964173228346
0
LINE
8
BLACK
6
CONTINUOUS
10
0.570058346456693
20
0.2564964173228346
11
0.5704418897637795
21
0.2568112204724409
0
LINE
8
BLACK
6
CONTINUOUS
10
0.5704418897637795
20
0.2568112204724409
11
0.5705283464566929
21
0.2569108661417323
0
LINE
8
BLACK
6
CONTINUOUS
10
0.5705283464566929
20
0.2569108661417323
11
0.5706785433070866
21
0.2570054330708662
0
LINE
8
BLACK
6
CONTINUOUS
10
0.5706785433070866
20
0.2570054330708662
11
0.5708160236220472
21
0.2571182283464567
0
LINE
8
BLACK
6
CONTINUOUS
10
0.5708160236220472
20
0.2571182283464567
11
0.5709381102362204
21
0.2571688188976378
0
LINE
8
BLACK
6
CONTINUOUS
10
0.5709381102362204
20
0.2571688188976378
11
0.5713578346456692
21
0.2574329921259843
0
LINE
8
BLACK
6
CONTINUOUS
10
0.5713578346456692
20
0.2574329921259843
11
0.5761196850393701
21
0.259813937007874
0
LINE
8
BLACK
6
CONTINUOUS
10
0.5761196850393701
20
0.259813937007874
11
0.5770351181102362
21
0.260164251968504
0
LINE
8
BLACK
6
CONTINUOUS
10
0.5770351181102362
20
0.260164251968504
11
0.5772143307086613
21
0.2601770078740158
0
LINE
8
BLACK
6
CONTINUOUS
10
0.5772143307086613
20
0.2601770078740158
11
0.5773803543307087
21
0.2602457480314961
0
LINE
8
BLACK
6
CONTINUOUS
10
0.5773803543307087
20
0.2602457480314961
11
0.5783557874015748
21
0.260341811023622
0
LINE
8
BLACK
6
CONTINUOUS
10
0.5783557874015748
20
0.260341811023622
11
0.5902605511811023
21
0.260341811023622
0
LINE
8
BLACK
6
CONTINUOUS
10
0.5902605511811023
20
0.260341811023622
11
0.5912359842519684
21
0.2602457480314961
0
LINE
8
BLACK
6
CONTINUOUS
10
0.6216098031496062
20
0.2594991732283464
11
0.6229893307086614
21
0.2581196456692914
0
LINE
8
BLACK
6
CONTINUOUS
10
0.6229893307086614
20
0.2581196456692914
11
0.623735905511811
21
0.2563172440944882
0
LINE
8
BLACK
6
CONTINUOUS
10
0.623735905511811
20
0.2563172440944882
11
0.623831968503937
21
0.255341811023622
0
LINE
8
BLACK
6
CONTINUOUS
10
0.623831968503937
20
0.255341811023622
11
0.623831968503937
21
0.2204390157480315
0
LINE
8
BLACK
6
CONTINUOUS
10
0.623831968503937
20
0.2204390157480315
11
0.6255831102362205
21
0.2151855511811024
0
LINE
8
BLACK
6
CONTINUOUS
10
0.6255831102362205
20
0.2151855511811024
11
0.6286757086614173
21
0.2120929527559055
0
LINE
8
BLACK
6
CONTINUOUS
10
0.6286757086614173
20
0.2120929527559055
11
0.6339291338582677
21
0.210341811023622
0
LINE
8
BLACK
6
CONTINUOUS
10
0.6339291338582677
20
0.210341811023622
11
0.6378796062992126
21
0.210341811023622
0
LINE
8
BLACK
6
CONTINUOUS
10
0.6378796062992126
20
0.210341811023622
11
0.6388550393700787
21
0.2102457480314961
0
LINE
8
BLACK
6
CONTINUOUS
10
0.6388550393700787
20
0.2102457480314961
11
0.6406574409448819
21
0.2094991732283465
0
LINE
8
BLACK
6
CONTINUOUS
10
0.6406574409448819
20
0.2094991732283465
11
0.642036968503937
21
0.2081196456692913
0
LINE
8
BLACK
6
CONTINUOUS
10
0.642036968503937
20
0.2081196456692913
11
0.6427835433070866
21
0.2063172440944882
0
LINE
8
BLACK
6
CONTINUOUS
10
0.6427835433070866
20
0.2063172440944882
11
0.6427835433070866
21
0.2043663779527559
0
LINE
8
BLACK
6
CONTINUOUS
10
0.6427835433070866
20
0.2043663779527559
11
0.642036968503937
21
0.2025639763779528
0
LINE
8
BLACK
6
CONTINUOUS
10
0.642036968503937
20
0.2025639763779528
11
0.6406574409448819
21
0.2011844488188976
0
LINE
8
BLACK
6
CONTINUOUS
10
0.6406574409448819
20
0.2011844488188976
11
0.6388550393700787
21
0.200437874015748
0
LINE
8
BLACK
6
CONTINUOUS
10
0.6388550393700787
20
0.200437874015748
11
0.6378796062992126
21
0.200341811023622
0
LINE
8
BLACK
6
CONTINUOUS
10
0.6378796062992126
20
0.200341811023622
11
0.633117716535433
21
0.200341811023622
0
LINE
8
BLACK
6
CONTINUOUS
10
0.633117716535433
20
0.200341811023622
11
0.6326240551181103
21
0.2003904330708661
0
LINE
8
BLACK
6
CONTINUOUS
10
0.6326240551181103
20
0.2003904330708661
11
0.6324923622047244
21
0.200381062992126
0
LINE
8
BLACK
6
CONTINUOUS
10
0.6324923622047244
20
0.200381062992126
11
0.6323190551181103
21
0.2004204724409449
0
LINE
8
BLACK
6
CONTINUOUS
10
0.6323190551181103
20
0.2004204724409449
11
0.6321422834645669
21
0.200437874015748
0
LINE
8
BLACK
6
CONTINUOUS
10
0.6321422834645669
20
0.200437874015748
11
0.6320202755905512
21
0.2004884251968504
0
LINE
8
BLACK
6
CONTINUOUS
10
0.6320202755905512
20
0.2004884251968504
11
0.6315365748031496
21
0.2005983858267716
0
LINE
8
BLACK
6
CONTINUOUS
10
0.6315365748031496
20
0.2005983858267716
11
0.6243937007874015
21
0.2029793307086614
0
LINE
8
BLACK
6
CONTINUOUS
10
0.6243937007874015
20
0.2029793307086614
11
0.6234987007874015
21
0.203378937007874
0
LINE
8
BLACK
6
CONTINUOUS
10
0.6234987007874015
20
0.203378937007874
11
0.6233629133858267
21
0.2034966929133858
0
LINE
8
BLACK
6
CONTINUOUS
10
0.6233629133858267
20
0.2034966929133858
11
0.623196968503937
21
0.2035654330708661
0
LINE
8
BLACK
6
CONTINUOUS
10
0.623196968503937
20
0.2035654330708661
11
0.6224392913385827
21
0.2041872440944882
0
LINE
8
BLACK
6
CONTINUOUS
10
0.6224392913385827
20
0.2041872440944882
11
0.6176774015748031
21
0.2089491732283464
0
LINE
8
BLACK
6
CONTINUOUS
10
0.6176774015748031
20
0.2089491732283464
11
0.6170555905511811
21
0.209706811023622
0
LINE
8
BLACK
6
CONTINUOUS
10
0.6170555905511811
20
0.209706811023622
11
0.6169868110236221
21
0.209872874015748
0
LINE
8
BLACK
6
CONTINUOUS
10
0.6169868110236221
20
0.209872874015748
11
0.6168691338582677
21
0.2100085433070866
0
LINE
8
BLACK
6
CONTINUOUS
10
0.6168691338582677
20
0.2100085433070866
11
0.6164695275590552
21
0.2109035433070866
0
LINE
8
BLACK
6
CONTINUOUS
10
0.6164695275590552
20
0.2109035433070866
11
0.6140885433070866
21
0.2180463385826772
0
LINE
8
BLACK
6
CONTINUOUS
10
0.6140885433070866
20
0.2180463385826772
11
0.6139785039370078
21
0.2185301968503937
0
LINE
8
BLACK
6
CONTINUOUS
10
0.6139785039370078
20
0.2185301968503937
11
0.613928031496063
21
0.2186520866141732
0
LINE
8
BLACK
6
CONTINUOUS
10
0.613928031496063
20
0.2186520866141732
11
0.6139105905511811
21
0.2188288188976378
0
LINE
8
BLACK
6
CONTINUOUS
10
0.6139105905511811
20
0.2188288188976378
11
0.6138712204724409
21
0.2190021259842519
0
LINE
8
BLACK
6
CONTINUOUS
10
0.6138712204724409
20
0.2190021259842519
11
0.6138805511811023
21
0.2191338976377953
0
LINE
8
BLACK
6
CONTINUOUS
10
0.6138805511811023
20
0.2191338976377953
11
0.613831968503937
21
0.2196275196850394
0
LINE
8
BLACK
6
CONTINUOUS
10
0.613831968503937
20
0.2196275196850394
11
0.613831968503937
21
0.255341811023622
0
LINE
8
BLACK
6
CONTINUOUS
10
0.613831968503937
20
0.255341811023622
11
0.613928031496063
21
0.2563172440944882
0
LINE
8
BLACK
6
CONTINUOUS
10
0.613928031496063
20
0.2563172440944882
11
0.6146746062992126
21
0.2581196456692914
0
LINE
8
BLACK
6
CONTINUOUS
10
0.6146746062992126
20
0.2581196456692914
11
0.6160541338582677
21
0.2594991732283464
0
LINE
8
BLACK
6
CONTINUOUS
10
0.6160541338582677
20
0.2594991732283464
11
0.6178565354330708
21
0.2602457480314961
0
LINE
8
BLACK
6
CONTINUOUS
10
0.6178565354330708
20
0.2602457480314961
11
0.6198074015748032
21
0.2602457480314961
0
LINE
8
BLACK
6
CONTINUOUS
10
0.6198074015748032
20
0.2602457480314961
11
0.6216098031496062
21
0.2594991732283464
0
LINE
8
BLACK
6
CONTINUOUS
10
0.6816735826771654
20
0.2733495669291339
11
0.6830927952755905
21
0.2727616929133858
0
LINE
8
BLACK
6
CONTINUOUS
10
0.6830927952755905
20
0.2727616929133858
11
0.6841790157480315
21
0.2716754724409449
0
LINE
8
BLACK
6
CONTINUOUS
10
0.6841790157480315
20
0.2716754724409449
11
0.6847668897637795
21
0.2702562598425197
0
LINE
8
BLACK
6
CONTINUOUS
10
0.6847668897637795
20
0.2702562598425197
11
0.6847668897637795
21
0.2687201181102362
0
LINE
8
BLACK
6
CONTINUOUS
10
0.6847668897637795
20
0.2687201181102362
11
0.6841790157480315
21
0.267300905511811
0
LINE
8
BLACK
6
CONTINUOUS
10
0.6841790157480315
20
0.267300905511811
11
0.6830927952755905
21
0.2662146850393701
0
LINE
8
BLACK
6
CONTINUOUS
10
0.6830927952755905
20
0.2662146850393701
11
0.6816735826771654
21
0.2656268110236221
0
LINE
8
BLACK
6
CONTINUOUS
10
0.6816735826771654
20
0.2656268110236221
11
0.6809055118110237
21
0.2655511811023622
0
LINE
8
BLACK
6
CONTINUOUS
10
0.6809055118110237
20
0.2655511811023622
11
0.5234251968503937
21
0.2655511811023622
0
LINE
8
BLACK
6
CONTINUOUS
10
0.5234251968503937
20
0.2655511811023622
11
0.522657125984252
21
0.2656268110236221
0
LINE
8
BLACK
6
CONTINUOUS
10
0.522657125984252
20
0.2656268110236221
11
0.5212379133858268
21
0.2662146850393701
0
LINE
8
BLACK
6
CONTINUOUS
10
0.5212379133858268
20
0.2662146850393701
11
0.5201516929133858
21
0.267300905511811
0
LINE
8
BLACK
6
CONTINUOUS
10
0.5201516929133858
20
0.267300905511811
11
0.5195638188976378
21
0.2687201181102362
0
LINE
8
BLACK
6
CONTINUOUS
10
0.5195638188976378
20
0.2687201181102362
11
0.5195638188976378
21
0.2702562598425197
0
LINE
8
BLACK
6
CONTINUOUS
10
0.5195638188976378
20
0.2702562598425197
11
0.5201516929133858
21
0.2716754724409449
0
LINE
8
BLACK
6
CONTINUOUS
10
0.5201516929133858
20
0.2716754724409449
11
0.5212379133858268
21
0.2727616929133858
0
LINE
8
BLACK
6
CONTINUOUS
10
0.5212379133858268
20
0.2727616929133858
11
0.522657125984252
21
0.2733495669291339
0
LINE
8
BLACK
6
CONTINUOUS
10
0.522657125984252
20
0.2733495669291339
11
0.5234251968503937
21
0.2734251968503937
0
LINE
8
BLACK
6
CONTINUOUS
10
0.5234251968503937
20
0.2734251968503937
11
0.6809055118110237
21
0.2734251968503937
0
LINE
8
BLACK
6
CONTINUOUS
10
0.6809055118110237
20
0.2734251968503937
11
0.6816735826771654
21
0.2733495669291339
0
LINE
8
BLACK
6
CONTINUOUS
10
0.6730314960629921
20
0.4043307086614173
11
0.6737848031496063
21
0.4041808661417323
0
LINE
8
BLACK
6
CONTINUOUS
10
0.6737848031496063
20
0.4041808661417323
11
0.6738558267716536
21
0.404109842519685
0
LINE
8
BLACK
6
CONTINUOUS
10
0.6738558267716536
20
0.404109842519685
11
0.6749999999999999
21
0.4038032677165354
0
LINE
8
BLACK
6
CONTINUOUS
10
0.6749999999999999
20
0.4038032677165354
11
0.6764410629921259
21
0.4023622047244094
0
LINE
8
BLACK
6
CONTINUOUS
10
0.6764410629921259
20
0.4023622047244094
11
0.6769685039370078
21
0.4003937007874016
0
LINE
8
BLACK
6
CONTINUOUS
10
0.6769685039370078
20
0.4003937007874016
11
0.6764410629921259
21
0.3984251968503937
0
LINE
8
BLACK
6
CONTINUOUS
10
0.6764410629921259
20
0.3984251968503937
11
0.6749999999999999
21
0.3969841338582677
0
LINE
8
BLACK
6
CONTINUOUS
10
0.6749999999999999
20
0.3969841338582677
11
0.6738558267716536
21
0.3966775984251968
0
LINE
8
BLACK
6
CONTINUOUS
10
0.6738558267716536
20
0.3966775984251968
11
0.6737848031496063
21
0.3966065354330708
0
LINE
8
BLACK
6
CONTINUOUS
10
0.6737848031496063
20
0.3966065354330708
11
0.6730314960629921
21
0.3964566929133858
0
LINE
8
BLACK
6
CONTINUOUS
10
0.6730314960629921
20
0.3964566929133858
11
0.6722781889763779
21
0.3966065354330708
0
LINE
8
BLACK
6
CONTINUOUS
10
0.6722781889763779
20
0.3966065354330708
11
0.6722071259842519
21
0.3966775984251968
0
LINE
8
BLACK
6
CONTINUOUS
10
0.6722071259842519
20
0.3966775984251968
11
0.6710629921259842
21
0.3969841338582677
0
LINE
8
BLACK
6
CONTINUOUS
10
0.6710629921259842
20
0.3969841338582677
11
0.6696219291338582
21
0.3984251968503937
0
LINE
8
BLACK
6
CONTINUOUS
10
0.6696219291338582
20
0.3984251968503937
11
0.6690944881889763
21
0.4003937007874016
0
LINE
8
BLACK
6
CONTINUOUS
10
0.6690944881889763
20
0.4003937007874016
11
0.6696219291338582
21
0.4023622047244094
0
LINE
8
BLACK
6
CONTINUOUS
10
0.6696219291338582
20
0.4023622047244094
11
0.6710629921259842
21
0.4038032677165354
0
LINE
8
BLACK
6
CONTINUOUS
10
0.6710629921259842
20
0.4038032677165354
11
0.6722071259842519
21
0.404109842519685
0
LINE
8
BLACK
6
CONTINUOUS
10
0.6722071259842519
20
0.404109842519685
11
0.6722781889763779
21
0.4041808661417323
0
LINE
8
BLACK
6
CONTINUOUS
10
0.6722781889763779
20
0.4041808661417323
11
0.6730314960629921
21
0.4043307086614173
0
LINE
8
BLACK
6
CONTINUOUS
10
0.6777729527559055
20
0.5170685433070866
11
0.6779527559055119
21
0.5161645669291338
0
LINE
8
BLACK
6
CONTINUOUS
10
0.6779527559055119
20
0.5161645669291338
11
0.6779527559055119
21
0.5050952755905511
0
LINE
8
BLACK
6
CONTINUOUS
10
0.6779527559055119
20
0.5050952755905511
11
0.6777729527559055
21
0.5041912992125984
0
LINE
8
BLACK
6
CONTINUOUS
10
0.6777729527559055
20
0.5041912992125984
11
0.6764945275590551
21
0.502912874015748
0
LINE
8
BLACK
6
CONTINUOUS
10
0.6764945275590551
20
0.502912874015748
11
0.6746865748031496
21
0.502912874015748
0
LINE
8
BLACK
6
CONTINUOUS
10
0.6746865748031496
20
0.502912874015748
11
0.6734081496062992
21
0.5041912992125984
0
LINE
8
BLACK
6
CONTINUOUS
10
0.6734081496062992
20
0.5041912992125984
11
0.6732283464566929
21
0.5050952755905511
0
LINE
8
BLACK
6
CONTINUOUS
10
0.6732283464566929
20
0.5050952755905511
11
0.6732283464566929
21
0.5161645669291338
0
LINE
8
BLACK
6
CONTINUOUS
10
0.6732283464566929
20
0.5161645669291338
11
0.6734081496062992
21
0.5170685433070866
0
LINE
8
BLACK
6
CONTINUOUS
10
0.6734081496062992
20
0.5170685433070866
11
0.6746865748031496
21
0.518346968503937
0
LINE
8
BLACK
6
CONTINUOUS
10
0.6746865748031496
20
0.518346968503937
11
0.6764945275590551
21
0.518346968503937
0
LINE
8
BLACK
6
CONTINUOUS
10
0.6764945275590551
20
0.518346968503937
11
0.6777729527559055
21
0.5170685433070866
0
LINE
8
BLACK
6
CONTINUOUS
10
0.7179304330708661
20
0.5170685433070866
11
0.7181102362204724
21
0.5161645669291338
0
LINE
8
BLACK
6
CONTINUOUS
10
0.7181102362204724
20
0.5161645669291338
11
0.7181102362204724
21
0.5050952755905511
0
LINE
8
BLACK
6
CONTINUOUS
10
0.7181102362204724
20
0.5050952755905511
11
0.7179304330708661
21
0.5041912992125984
0
LINE
8
BLACK
6
CONTINUOUS
10
0.7179304330708661
20
0.5041912992125984
11
0.7166520078740157
21
0.502912874015748
0
LINE
8
BLACK
6
CONTINUOUS
10
0.7166520078740157
20
0.502912874015748
11
0.7148440551181102
21
0.502912874015748
0
LINE
8
BLACK
6
CONTINUOUS
10
0.7148440551181102
20
0.502912874015748
11
0.7135656299212598
21
0.5041912992125984
0
LINE
8
BLACK
6
CONTINUOUS
10
0.7135656299212598
20
0.5041912992125984
11
0.7133858267716535
21
0.5050952755905511
0
LINE
8
BLACK
6
CONTINUOUS
10
0.7133858267716535
20
0.5050952755905511
11
0.7133858267716535
21
0.5161645669291338
0
LINE
8
BLACK
6
CONTINUOUS
10
0.7133858267716535
20
0.5161645669291338
11
0.7135656299212598
21
0.5170685433070866
0
LINE
8
BLACK
6
CONTINUOUS
10
0.7135656299212598
20
0.5170685433070866
11
0.7148440551181102
21
0.518346968503937
0
LINE
8
BLACK
6
CONTINUOUS
10
0.7148440551181102
20
0.518346968503937
11
0.7166520078740157
21
0.518346968503937
0
LINE
8
BLACK
6
CONTINUOUS
10
0.7166520078740157
20
0.518346968503937
11
0.7179304330708661
21
0.5170685433070866
0
LINE
8
BLACK
6
CONTINUOUS
10
0.6407121653543307
20
0.579498937007874
11
0.6411857086614173
21
0.579498937007874
0
LINE
8
BLACK
6
CONTINUOUS
10
0.6411857086614173
20
0.579498937007874
11
0.641283779527559
21
0.5794583070866142
0
LINE
8
BLACK
6
CONTINUOUS
10
0.641283779527559
20
0.5794583070866142
11
0.6413895275590551
21
0.5794507874015747
0
LINE
8
BLACK
6
CONTINUOUS
10
0.6413895275590551
20
0.5794507874015747
11
0.6418126377952755
21
0.5792392519685039
0
LINE
8
BLACK
6
CONTINUOUS
10
0.6418126377952755
20
0.5792392519685039
11
0.6422501181102362
21
0.5790580314960629
0
LINE
8
BLACK
6
CONTINUOUS
10
0.6422501181102362
20
0.5790580314960629
11
0.6423251181102362
21
0.578983031496063
0
LINE
8
BLACK
6
CONTINUOUS
10
0.6423251181102362
20
0.578983031496063
11
0.64242
21
0.578935590551181
0
LINE
8
BLACK
6
CONTINUOUS
10
0.64242
20
0.578935590551181
11
0.64273
21
0.5785781496062992
0
LINE
8
BLACK
6
CONTINUOUS
10
0.64273
20
0.5785781496062992
11
0.6430647637795276
21
0.5782433858267716
0
LINE
8
BLACK
6
CONTINUOUS
10
0.6430647637795276
20
0.5782433858267716
11
0.6431053543307087
21
0.5781453543307087
0
LINE
8
BLACK
6
CONTINUOUS
10
0.6431053543307087
20
0.5781453543307087
11
0.6431748818897638
21
0.5780651968503937
0
LINE
8
BLACK
6
CONTINUOUS
10
0.6431748818897638
20
0.5780651968503937
11
0.6433244881889764
21
0.5776163779527559
0
LINE
8
BLACK
6
CONTINUOUS
10
0.6433244881889764
20
0.5776163779527559
11
0.6435056692913386
21
0.5771789763779528
0
LINE
8
BLACK
6
CONTINUOUS
10
0.6435056692913386
20
0.5771789763779528
11
0.6435204724409449
21
0.5770283464566929
0
LINE
8
BLACK
6
CONTINUOUS
10
0.6435204724409449
20
0.5770283464566929
11
0.6435392125984252
21
0.5769722047244095
0
LINE
8
BLACK
6
CONTINUOUS
10
0.6435392125984252
20
0.5769722047244095
11
0.6435336614173228
21
0.5768944881889764
0
LINE
8
BLACK
6
CONTINUOUS
10
0.6435336614173228
20
0.5768944881889764
11
0.6435624015748032
21
0.5766029133858268
0
LINE
8
BLACK
6
CONTINUOUS
10
0.6435624015748032
20
0.5766029133858268
11
0.6435624015748032
21
0.560808031496063
0
LINE
8
BLACK
6
CONTINUOUS
10
0.6435624015748032
20
0.560808031496063
11
0.653733031496063
21
0.560808031496063
0
LINE
8
BLACK
6
CONTINUOUS
10
0.653733031496063
20
0.560808031496063
11
0.654309094488189
21
0.5607512992125984
0
LINE
8
BLACK
6
CONTINUOUS
10
0.654309094488189
20
0.5607512992125984
11
0.6553735039370079
21
0.5603103937007874
0
LINE
8
BLACK
6
CONTINUOUS
10
0.6553735039370079
20
0.5603103937007874
11
0.6561881496062992
21
0.559495748031496
0
LINE
8
BLACK
6
CONTINUOUS
10
0.6561881496062992
20
0.559495748031496
11
0.6566290551181102
21
0.5584313385826771
0
LINE
8
BLACK
6
CONTINUOUS
10
0.6566290551181102
20
0.5584313385826771
11
0.6566290551181102
21
0.5572792125984252
0
LINE
8
BLACK
6
CONTINUOUS
10
0.6566290551181102
20
0.5572792125984252
11
0.6561881496062992
21
0.5562148031496063
0
LINE
8
BLACK
6
CONTINUOUS
10
0.6561881496062992
20
0.5562148031496063
11
0.6553735039370079
21
0.5554001574803149
0
LINE
8
BLACK
6
CONTINUOUS
10
0.6553735039370079
20
0.5554001574803149
11
0.654309094488189
21
0.5549592519685039
0
LINE
8
BLACK
6
CONTINUOUS
10
0.654309094488189
20
0.5549592519685039
11
0.653733031496063
21
0.5549025196850393
0
LINE
8
BLACK
6
CONTINUOUS
10
0.653733031496063
20
0.5549025196850393
11
0.6435624015748032
21
0.5549025196850393
0
LINE
8
BLACK
6
CONTINUOUS
10
0.6435624015748032
20
0.5549025196850393
11
0.6435624015748032
21
0.5522309842519685
0
LINE
8
BLACK
6
CONTINUOUS
10
0.6435624015748032
20
0.5522309842519685
11
0.6435056692913386
21
0.5516549212598425
0
LINE
8
BLACK
6
CONTINUOUS
10
0.6435056692913386
20
0.5516549212598425
11
0.6430647637795276
21
0.5505905118110236
0
LINE
8
BLACK
6
CONTINUOUS
10
0.6430647637795276
20
0.5505905118110236
11
0.6422501181102362
21
0.5497758661417322
0
LINE
8
BLACK
6
CONTINUOUS
10
0.6422501181102362
20
0.5497758661417322
11
0.6411857086614173
21
0.5493349606299213
0
LINE
8
BLACK
6
CONTINUOUS
10
0.6411857086614173
20
0.5493349606299213
11
0.6400335826771654
21
0.5493349606299213
0
LINE
8
BLACK
6
CONTINUOUS
10
0.6400335826771654
20
0.5493349606299213
11
0.6389691732283465
21
0.5497758661417322
0
LINE
8
BLACK
6
CONTINUOUS
10
0.6389691732283465
20
0.5497758661417322
11
0.6381545275590551
21
0.5505905118110236
0
LINE
8
BLACK
6
CONTINUOUS
10
0.6381545275590551
20
0.5505905118110236
11
0.6377136220472441
21
0.5516549212598425
0
LINE
8
BLACK
6
CONTINUOUS
10
0.6377136220472441
20
0.5516549212598425
11
0.6376568897637795
21
0.5522309842519685
0
LINE
8
BLACK
6
CONTINUOUS
10
0.6376568897637795
20
0.5522309842519685
11
0.6376568897637795
21
0.5549025196850393
0
LINE
8
BLACK
6
CONTINUOUS
10
0.6376568897637795
20
0.5549025196850393
11
0.6274862992125985
21
0.5549025196850393
0
LINE
8
BLACK
6
CONTINUOUS
10
0.6274862992125985
20
0.5549025196850393
11
0.6269102362204724
21
0.5549592519685039
0
LINE
8
BLACK
6
CONTINUOUS
10
0.6269102362204724
20
0.5549592519685039
11
0.6258458267716536
21
0.5554001574803149
0
LINE
8
BLACK
6
CONTINUOUS
10
0.6258458267716536
20
0.5554001574803149
11
0.6250311811023622
21
0.5562148031496063
0
LINE
8
BLACK
6
CONTINUOUS
10
0.6250311811023622
20
0.5562148031496063
11
0.6245902755905511
21
0.5572792125984252
0
LINE
8
BLACK
6
CONTINUOUS
10
0.6245902755905511
20
0.5572792125984252
11
0.6245902755905511
21
0.5584313385826771
0
LINE
8
BLACK
6
CONTINUOUS
10
0.6245902755905511
20
0.5584313385826771
11
0.6250311811023622
21
0.559495748031496
0
LINE
8
BLACK
6
CONTINUOUS
10
0.6250311811023622
20
0.559495748031496
11
0.6258458267716536
21
0.5603103937007874
0
LINE
8
BLACK
6
CONTINUOUS
10
0.6258458267716536
20
0.5603103937007874
11
0.6269102362204724
21
0.5607512992125984
0
LINE
8
BLACK
6
CONTINUOUS
10
0.6269102362204724
20
0.5607512992125984
11
0.6274862992125985
21
0.560808031496063
0
LINE
8
BLACK
6
CONTINUOUS
10
0.6274862992125985
20
0.560808031496063
11
0.6376568897637795
21
0.560808031496063
0
LINE
8
BLACK
6
CONTINUOUS
10
0.6376568897637795
20
0.560808031496063
11
0.6376568897637795
21
0.5725062204724409
0
LINE
8
BLACK
6
CONTINUOUS
10
0.6376568897637795
20
0.5725062204724409
11
0.6134219291338583
21
0.564427874015748
0
LINE
8
BLACK
6
CONTINUOUS
10
0.6134219291338583
20
0.564427874015748
11
0.6128574803149606
21
0.5642995275590551
0
LINE
8
BLACK
6
CONTINUOUS
10
0.6128574803149606
20
0.5642995275590551
11
0.6117082677165354
21
0.5643812204724409
0
LINE
8
BLACK
6
CONTINUOUS
10
0.6117082677165354
20
0.5643812204724409
11
0.6106778346456693
21
0.5648964173228347
0
LINE
8
BLACK
6
CONTINUOUS
10
0.6106778346456693
20
0.5648964173228347
11
0.6099229527559055
21
0.5657667716535433
0
LINE
8
BLACK
6
CONTINUOUS
10
0.6099229527559055
20
0.5657667716535433
11
0.6095586220472441
21
0.5668598031496063
0
LINE
8
BLACK
6
CONTINUOUS
10
0.6095586220472441
20
0.5668598031496063
11
0.6096403149606299
21
0.5680090157480315
0
LINE
8
BLACK
6
CONTINUOUS
10
0.6096403149606299
20
0.5680090157480315
11
0.6101555118110236
21
0.5690394488188977
0
LINE
8
BLACK
6
CONTINUOUS
10
0.6101555118110236
20
0.5690394488188977
11
0.6110258661417323
21
0.5697943307086614
0
LINE
8
BLACK
6
CONTINUOUS
10
0.6110258661417323
20
0.5697943307086614
11
0.6115544488188976
21
0.5700303149606299
0
LINE
8
BLACK
6
CONTINUOUS
10
0.6115544488188976
20
0.5700303149606299
11
0.6396758661417322
21
0.5794041338582677
0
LINE
8
BLACK
6
CONTINUOUS
10
0.6396758661417322
20
0.5794041338582677
11
0.6399614960629921
21
0.579469094488189
0
LINE
8
BLACK
6
CONTINUOUS
10
0.6399614960629921
20
0.579469094488189
11
0.6400335826771654
21
0.579498937007874
0
LINE
8
BLACK
6
CONTINUOUS
10
0.6400335826771654
20
0.579498937007874
11
0.6400927952755905
21
0.579498937007874
0
LINE
8
BLACK
6
CONTINUOUS
10
0.6400927952755905
20
0.579498937007874
11
0.6402403149606299
21
0.5795324803149606
0
LINE
8
BLACK
6
CONTINUOUS
10
0.6402403149606299
20
0.5795324803149606
11
0.6407121653543307
21
0.579498937007874
0
LINE
8
BLACK
6
CONTINUOUS
10
0.6369606299212598
20
0.6189158661417322
11
0.6370036614173228
21
0.6189222440944881
0
LINE
8
BLACK
6
CONTINUOUS
10
0.6370036614173228
20
0.6189222440944881
11
0.6372191338582677
21
0.6188903937007874
0
LINE
8
BLACK
6
CONTINUOUS
10
0.6372191338582677
20
0.6188903937007874
11
0.6374361811023622
21
0.6188690157480314
0
LINE
8
BLACK
6
CONTINUOUS
10
0.6374361811023622
20
0.6188690157480314
11
0.6374763779527559
21
0.6188524015748031
0
LINE
8
BLACK
6
CONTINUOUS
10
0.6374763779527559
20
0.6188524015748031
11
0.6375762598425196
21
0.6188375984251968
0
LINE
8
BLACK
6
CONTINUOUS
10
0.6375762598425196
20
0.6188375984251968
11
0.6450753149606299
21
0.6169628346456693
0
LINE
8
BLACK
6
CONTINUOUS
10
0.6450753149606299
20
0.6169628346456693
11
0.6451177952755905
21
0.6169476771653544
0
LINE
8
BLACK
6
CONTINUOUS
10
0.6451177952755905
20
0.6169476771653544
11
0.6451390551181102
21
0.6169461417322835
0
LINE
8
BLACK
6
CONTINUOUS
10
0.6451390551181102
20
0.6169461417322835
11
0.6453784645669292
21
0.6168545275590551
0
LINE
8
BLACK
6
CONTINUOUS
10
0.6453784645669292
20
0.6168545275590551
11
0.6456204330708661
21
0.6167680708661417
0
LINE
8
BLACK
6
CONTINUOUS
10
0.6456204330708661
20
0.6167680708661417
11
0.6456375590551181
21
0.6167553937007874
0
LINE
8
BLACK
6
CONTINUOUS
10
0.6456375590551181
20
0.6167553937007874
11
0.64567968503937
21
0.6167392519685039
0
LINE
8
BLACK
6
CONTINUOUS
10
0.64567968503937
20
0.6167392519685039
11
0.6494292125984252
21
0.6148644881889763
0
LINE
8
BLACK
6
CONTINUOUS
10
0.6494292125984252
20
0.6148644881889763
11
0.6496770866141732
21
0.6147084645669291
0
LINE
8
BLACK
6
CONTINUOUS
10
0.6496770866141732
20
0.6147084645669291
11
0.6497491338582677
21
0.6146786220472441
0
LINE
8
BLACK
6
CONTINUOUS
10
0.6497491338582677
20
0.6146786220472441
11
0.6498301574803149
21
0.614612125984252
0
LINE
8
BLACK
6
CONTINUOUS
10
0.6498301574803149
20
0.614612125984252
11
0.649919094488189
21
0.6145561417322835
0
LINE
8
BLACK
6
CONTINUOUS
10
0.649919094488189
20
0.6145561417322835
11
0.6499702362204725
21
0.6144971653543307
0
LINE
8
BLACK
6
CONTINUOUS
10
0.6499702362204725
20
0.6144971653543307
11
0.6501966141732284
21
0.6143113779527559
0
LINE
8
BLACK
6
CONTINUOUS
10
0.6501966141732284
20
0.6143113779527559
11
0.6539461811023622
21
0.6105618503937008
0
LINE
8
BLACK
6
CONTINUOUS
10
0.6539461811023622
20
0.6105618503937008
11
0.6543134251968504
21
0.6101144094488189
0
LINE
8
BLACK
6
CONTINUOUS
10
0.6543134251968504
20
0.6101144094488189
11
0.6543540157480315
21
0.6100163779527559
0
LINE
8
BLACK
6
CONTINUOUS
10
0.6543540157480315
20
0.6100163779527559
11
0.6544235039370079
21
0.6099362598425196
0
LINE
8
BLACK
6
CONTINUOUS
10
0.6544235039370079
20
0.6099362598425196
11
0.6546594881889763
21
0.6094076771653543
0
LINE
8
BLACK
6
CONTINUOUS
10
0.6546594881889763
20
0.6094076771653543
11
0.6565342519685039
21
0.6037834251968504
0
LINE
8
BLACK
6
CONTINUOUS
10
0.6565342519685039
20
0.6037834251968504
11
0.6565991732283465
21
0.6034977952755906
0
LINE
8
BLACK
6
CONTINUOUS
10
0.6565991732283465
20
0.6034977952755906
11
0.6566290551181102
21
0.6034257086614173
0
LINE
8
BLACK
6
CONTINUOUS
10
0.6566290551181102
20
0.6034257086614173
11
0.6566393307086614
21
0.6033212598425197
0
LINE
8
BLACK
6
CONTINUOUS
10
0.6566393307086614
20
0.6033212598425197
11
0.6566625984251968
21
0.6032189763779527
0
LINE
8
BLACK
6
CONTINUOUS
10
0.6566625984251968
20
0.6032189763779527
11
0.6566570472440945
21
0.6031412598425197
0
LINE
8
BLACK
6
CONTINUOUS
10
0.6566570472440945
20
0.6031412598425197
11
0.6566857874015748
21
0.6028496456692913
0
LINE
8
BLACK
6
CONTINUOUS
10
0.6566857874015748
20
0.6028496456692913
11
0.6566857874015748
21
0.5991001181102362
0
LINE
8
BLACK
6
CONTINUOUS
10
0.6566857874015748
20
0.5991001181102362
11
0.6566570472440945
21
0.5988085433070865
0
LINE
8
BLACK
6
CONTINUOUS
10
0.6566570472440945
20
0.5988085433070865
11
0.6566625984251968
21
0.5987307874015748
0
LINE
8
BLACK
6
CONTINUOUS
10
0.6566625984251968
20
0.5987307874015748
11
0.6566393307086614
21
0.5986285433070866
0
LINE
8
BLACK
6
CONTINUOUS
10
0.6566393307086614
20
0.5986285433070866
11
0.6566290551181102
21
0.5985240551181102
0
LINE
8
BLACK
6
CONTINUOUS
10
0.6566290551181102
20
0.5985240551181102
11
0.6565991732283465
21
0.5984520078740158
0
LINE
8
BLACK
6
CONTINUOUS
10
0.6565991732283465
20
0.5984520078740158
11
0.6565342519685039
21
0.5981663385826772
0
LINE
8
BLACK
6
CONTINUOUS
10
0.6565342519685039
20
0.5981663385826772
11
0.6546594881889763
21
0.5925420866141732
0
LINE
8
BLACK
6
CONTINUOUS
10
0.6546594881889763
20
0.5925420866141732
11
0.6544235039370079
21
0.5920135039370079
0
LINE
8
BLACK
6
CONTINUOUS
10
0.6544235039370079
20
0.5920135039370079
11
0.654353937007874
21
0.5919333464566929
0
LINE
8
BLACK
6
CONTINUOUS
10
0.654353937007874
20
0.5919333464566929
11
0.6543133858267717
21
0.5918353543307087
0
LINE
8
BLACK
6
CONTINUOUS
10
0.6543133858267717
20
0.5918353543307087
11
0.6539461417322835
21
0.591387874015748
0
LINE
8
BLACK
6
CONTINUOUS
10
0.6539461417322835
20
0.591387874015748
11
0.6520713385826772
21
0.5895131102362204
0
LINE
8
BLACK
6
CONTINUOUS
10
0.6520713385826772
20
0.5895131102362204
11
0.6516238976377953
21
0.589145905511811
0
LINE
8
BLACK
6
CONTINUOUS
10
0.6516238976377953
20
0.589145905511811
11
0.6505594881889764
21
0.5887050393700787
0
LINE
8
BLACK
6
CONTINUOUS
10
0.6505594881889764
20
0.5887050393700787
11
0.6494074015748031
21
0.5887050393700787
0
LINE
8
BLACK
6
CONTINUOUS
10
0.6494074015748031
20
0.5887050393700787
11
0.6483429921259842
21
0.5891459448818898
0
LINE
8
BLACK
6
CONTINUOUS
10
0.6483429921259842
20
0.5891459448818898
11
0.6475283070866141
21
0.5899606299212599
0
LINE
8
BLACK
6
CONTINUOUS
10
0.6475283070866141
20
0.5899606299212599
11
0.6470874409448819
21
0.5910250393700788
0
LINE
8
BLACK
6
CONTINUOUS
10
0.6470874409448819
20
0.5910250393700788
11
0.6470874409448819
21
0.592177125984252
0
LINE
8
BLACK
6
CONTINUOUS
10
0.6470874409448819
20
0.592177125984252
11
0.6475283464566929
21
0.5932415354330709
0
LINE
8
BLACK
6
CONTINUOUS
10
0.6475283464566929
20
0.5932415354330709
11
0.6478955905511811
21
0.5936890157480315
0
LINE
8
BLACK
6
CONTINUOUS
10
0.6478955905511811
20
0.5936890157480315
11
0.6492774803149606
21
0.595070905511811
0
LINE
8
BLACK
6
CONTINUOUS
10
0.6492774803149606
20
0.595070905511811
11
0.6507802755905512
21
0.5995792519685039
0
LINE
8
BLACK
6
CONTINUOUS
10
0.6507802755905512
20
0.5995792519685039
11
0.6507802755905512
21
0.6023705118110236
0
LINE
8
BLACK
6
CONTINUOUS
10
0.6507802755905512
20
0.6023705118110236
11
0.6492774803149606
21
0.6068788976377952
0
LINE
8
BLACK
6
CONTINUOUS
10
0.6492774803149606
20
0.6068788976377952
11
0.6463596062992126
21
0.6097967322834645
0
LINE
8
BLACK
6
CONTINUOUS
10
0.6463596062992126
20
0.6097967322834645
11
0.6433286220472441
21
0.6113122440944881
0
LINE
8
BLACK
6
CONTINUOUS
10
0.6433286220472441
20
0.6113122440944881
11
0.6364965748031496
21
0.6130202362204724
0
LINE
8
BLACK
6
CONTINUOUS
10
0.6364965748031496
20
0.6130202362204724
11
0.6315993700787401
21
0.6130202362204724
0
LINE
8
BLACK
6
CONTINUOUS
10
0.6315993700787401
20
0.6130202362204724
11
0.6247673228346456
21
0.6113122440944881
0
LINE
8
BLACK
6
CONTINUOUS
10
0.6247673228346456
20
0.6113122440944881
11
0.6217363385826772
21
0.6097967322834645
0
LINE
8
BLACK
6
CONTINUOUS
10
0.6217363385826772
20
0.6097967322834645
11
0.6188185039370079
21
0.606878937007874
0
LINE
8
BLACK
6
CONTINUOUS
10
0.6188185039370079
20
0.606878937007874
11
0.6173157086614173
21
0.6023705118110236
0
LINE
8
BLACK
6
CONTINUOUS
10
0.6173157086614173
20
0.6023705118110236
11
0.6173157086614173
21
0.5995792913385827
0
LINE
8
BLACK
6
CONTINUOUS
10
0.6173157086614173
20
0.5995792913385827
11
0.6188185039370079
21
0.5950708661417323
0
LINE
8
BLACK
6
CONTINUOUS
10
0.6188185039370079
20
0.5950708661417323
11
0.6202003937007874
21
0.5936889763779527
0
LINE
8
BLACK
6
CONTINUOUS
10
0.6202003937007874
20
0.5936889763779527
11
0.6205675984251968
21
0.5932415354330709
0
LINE
8
BLACK
6
CONTINUOUS
10
0.6205675984251968
20
0.5932415354330709
11
0.6210085039370079
21
0.592177125984252
0
LINE
8
BLACK
6
CONTINUOUS
10
0.6210085039370079
20
0.592177125984252
11
0.6210085039370079
21
0.5910250393700788
0
LINE
8
BLACK
6
CONTINUOUS
10
0.6210085039370079
20
0.5910250393700788
11
0.6205675984251968
21
0.5899606299212599
0
LINE
8
BLACK
6
CONTINUOUS
10
0.6205675984251968
20
0.5899606299212599
11
0.6197529133858267
21
0.5891459448818898
0
LINE
8
BLACK
6
CONTINUOUS
10
0.6197529133858267
20
0.5891459448818898
11
0.6186885039370078
21
0.5887050393700787
0
LINE
8
BLACK
6
CONTINUOUS
10
0.6186885039370078
20
0.5887050393700787
11
0.6175364173228346
21
0.5887050393700787
0
LINE
8
BLACK
6
CONTINUOUS
10
0.6175364173228346
20
0.5887050393700787
11
0.6164720078740157
21
0.5891459448818898
0
LINE
8
BLACK
6
CONTINUOUS
10
0.6164720078740157
20
0.5891459448818898
11
0.6160245669291339
21
0.5895131496062992
0
LINE
8
BLACK
6
CONTINUOUS
10
0.6160245669291339
20
0.5895131496062992
11
0.6141498031496063
21
0.5913879133858267
0
LINE
8
BLACK
6
CONTINUOUS
10
0.6141498031496063
20
0.5913879133858267
11
0.6137825984251969
21
0.5918353543307087
0
LINE
8
BLACK
6
CONTINUOUS
10
0.6137825984251969
20
0.5918353543307087
11
0.613741968503937
21
0.5919334251968503
0
LINE
8
BLACK
6
CONTINUOUS
10
0.613741968503937
20
0.5919334251968503
11
0.6136724803149606
21
0.5920135433070866
0
LINE
8
BLACK
6
CONTINUOUS
10
0.6136724803149606
20
0.5920135433070866
11
0.6134364960629921
21
0.5925420866141732
0
LINE
8
BLACK
6
CONTINUOUS
10
0.6134364960629921
20
0.5925420866141732
11
0.6115617322834646
21
0.5981663779527558
0
LINE
8
BLACK
6
CONTINUOUS
10
0.6115617322834646
20
0.5981663779527558
11
0.6114967716535433
21
0.598451968503937
0
LINE
8
BLACK
6
CONTINUOUS
10
0.6114967716535433
20
0.598451968503937
11
0.6114669291338583
21
0.5985240551181102
0
LINE
8
BLACK
6
CONTINUOUS
10
0.6114669291338583
20
0.5985240551181102
11
0.6114566141732284
21
0.5986285826771653
0
LINE
8
BLACK
6
CONTINUOUS
10
0.6114566141732284
20
0.5986285826771653
11
0.6114333858267716
21
0.5987308267716536
0
LINE
8
BLACK
6
CONTINUOUS
10
0.6114333858267716
20
0.5987308267716536
11
0.6114388976377952
21
0.5988085826771653
0
LINE
8
BLACK
6
CONTINUOUS
10
0.6114388976377952
20
0.5988085826771653
11
0.6114101968503937
21
0.5991001181102362
0
LINE
8
BLACK
6
CONTINUOUS
10
0.6114101968503937
20
0.5991001181102362
11
0.6114101968503937
21
0.6028496456692913
0
LINE
8
BLACK
6
CONTINUOUS
10
0.6114101968503937
20
0.6028496456692913
11
0.6114388976377952
21
0.6031412204724409
0
LINE
8
BLACK
6
CONTINUOUS
10
0.6114388976377952
20
0.6031412204724409
11
0.6114333858267716
21
0.603218937007874
0
LINE
8
BLACK
6
CONTINUOUS
10
0.6114333858267716
20
0.603218937007874
11
0.6114566141732284
21
0.603321220472441
0
LINE
8
BLACK
6
CONTINUOUS
10
0.6114566141732284
20
0.603321220472441
11
0.6114669291338583
21
0.6034257086614173
0
LINE
8
BLACK
6
CONTINUOUS
10
0.6114669291338583
20
0.6034257086614173
11
0.6114967716535433
21
0.6034978346456693
0
LINE
8
BLACK
6
CONTINUOUS
10
0.6114967716535433
20
0.6034978346456693
11
0.6115617322834646
21
0.6037833858267716
0
LINE
8
BLACK
6
CONTINUOUS
10
0.6115617322834646
20
0.6037833858267716
11
0.6134364960629921
21
0.6094076771653543
0
LINE
8
BLACK
6
CONTINUOUS
10
0.6134364960629921
20
0.6094076771653543
11
0.6136724803149606
21
0.6099362204724409
0
LINE
8
BLACK
6
CONTINUOUS
10
0.6136724803149606
20
0.6099362204724409
11
0.613741968503937
21
0.6100163779527559
0
LINE
8
BLACK
6
CONTINUOUS
10
0.613741968503937
20
0.6100163779527559
11
0.6137825984251969
21
0.6101144094488189
0
LINE
8
BLACK
6
CONTINUOUS
10
0.6137825984251969
20
0.6101144094488189
11
0.6141498031496063
21
0.6105618503937008
0
LINE
8
BLACK
6
CONTINUOUS
10
0.6141498031496063
20
0.6105618503937008
11
0.6178993307086614
21
0.6143113779527559
0
LINE
8
BLACK
6
CONTINUOUS
10
0.6178993307086614
20
0.6143113779527559
11
0.6181257086614174
21
0.6144972440944881
0
LINE
8
BLACK
6
CONTINUOUS
10
0.6181257086614174
20
0.6144972440944881
11
0.6181768503937007
21
0.6145561417322835
0
LINE
8
BLACK
6
CONTINUOUS
10
0.6181768503937007
20
0.6145561417322835
11
0.6182655905511811
21
0.6146120472440945
0
LINE
8
BLACK
6
CONTINUOUS
10
0.6182655905511811
20
0.6146120472440945
11
0.6183467716535433
21
0.6146786220472441
0
LINE
8
BLACK
6
CONTINUOUS
10
0.6183467716535433
20
0.6146786220472441
11
0.6184188976377952
21
0.6147085039370078
0
LINE
8
BLACK
6
CONTINUOUS
10
0.6184188976377952
20
0.6147085039370078
11
0.6186667322834646
21
0.6148644881889763
0
LINE
8
BLACK
6
CONTINUOUS
10
0.6186667322834646
20
0.6148644881889763
11
0.6224162598425197
21
0.6167392519685039
0
LINE
8
BLACK
6
CONTINUOUS
10
0.6224162598425197
20
0.6167392519685039
11
0.6224583464566928
21
0.6167553937007874
0
LINE
8
BLACK
6
CONTINUOUS
10
0.6224583464566928
20
0.6167553937007874
11
0.6224755118110236
21
0.6167680708661417
0
LINE
8
BLACK
6
CONTINUOUS
10
0.6224755118110236
20
0.6167680708661417
11
0.6227170866141732
21
0.6168544094488189
0
LINE
8
BLACK
6
CONTINUOUS
10
0.6227170866141732
20
0.6168544094488189
11
0.6229568503937007
21
0.6169461417322835
0
LINE
8
BLACK
6
CONTINUOUS
10
0.6229568503937007
20
0.6169461417322835
11
0.6229781102362204
21
0.6169476771653544
0
LINE
8
BLACK
6
CONTINUOUS
10
0.6229781102362204
20
0.6169476771653544
11
0.6230206299212598
21
0.6169628346456693
0
LINE
8
BLACK
6
CONTINUOUS
10
0.6230206299212598
20
0.6169628346456693
11
0.6305196850393701
21
0.6188375984251968
0
LINE
8
BLACK
6
CONTINUOUS
10
0.6305196850393701
20
0.6188375984251968
11
0.6306195275590551
21
0.6188524015748031
0
LINE
8
BLACK
6
CONTINUOUS
10
0.6306195275590551
20
0.6188524015748031
11
0.6306597637795276
21
0.6188690157480314
0
LINE
8
BLACK
6
CONTINUOUS
10
0.6306597637795276
20
0.6188690157480314
11
0.6308767716535433
21
0.6188903937007874
0
LINE
8
BLACK
6
CONTINUOUS
10
0.6308767716535433
20
0.6188903937007874
11
0.6310922834645669
21
0.6189222440944881
0
LINE
8
BLACK
6
CONTINUOUS
10
0.6310922834645669
20
0.6189222440944881
11
0.6311352755905512
21
0.6189158661417322
0
LINE
8
BLACK
6
CONTINUOUS
10
0.6311352755905512
20
0.6189158661417322
11
0.6312358267716536
21
0.618925748031496
0
LINE
8
BLACK
6
CONTINUOUS
10
0.6312358267716536
20
0.618925748031496
11
0.6368601181102362
21
0.618925748031496
0
LINE
8
BLACK
6
CONTINUOUS
10
0.6368601181102362
20
0.618925748031496
11
0.6369606299212598
21
0.6189158661417322
0
LINE
8
BLACK
6
CONTINUOUS
10
0.3025676771653543
20
0.9737375196850393
11
0.3038461023622047
21
0.9724590944881889
0
LINE
8
BLACK
6
CONTINUOUS
10
0.3038461023622047
20
0.9724590944881889
11
0.3038461023622047
21
0.9706511417322834
0
LINE
8
BLACK
6
CONTINUOUS
10
0.3038461023622047
20
0.9706511417322834
11
0.3025676771653543
21
0.969372716535433
0
LINE
8
BLACK
6
CONTINUOUS
10
0.3025676771653543
20
0.969372716535433
11
0.3016637007874016
21
0.9691929133858268
0
LINE
8
BLACK
6
CONTINUOUS
10
0.3016637007874016
20
0.9691929133858268
11
0.282981968503937
21
0.9691929133858268
0
LINE
8
BLACK
6
CONTINUOUS
10
0.282981968503937
20
0.9691929133858268
11
0.2820779921259842
21
0.969372716535433
0
LINE
8
BLACK
6
CONTINUOUS
10
0.2820779921259842
20
0.969372716535433
11
0.2807995669291338
21
0.9706511417322834
0
LINE
8
BLACK
6
CONTINUOUS
10
0.2807995669291338
20
0.9706511417322834
11
0.2807995669291338
21
0.9724590944881889
0
LINE
8
BLACK
6
CONTINUOUS
10
0.2807995669291338
20
0.9724590944881889
11
0.2820779921259842
21
0.9737375196850393
0
LINE
8
BLACK
6
CONTINUOUS
10
0.2820779921259842
20
0.9737375196850393
11
0.282981968503937
21
0.9739173228346456
0
LINE
8
BLACK
6
CONTINUOUS
10
0.282981968503937
20
0.9739173228346456
11
0.3016637007874016
21
0.9739173228346456
0
LINE
8
BLACK
6
CONTINUOUS
10
0.3016637007874016
20
0.9739173228346456
11
0.3025676771653543
21
0.9737375196850393
0
LINE
8
BLACK
6
CONTINUOUS
10
0.2297829527559055
20
1.0151847637795275
11
0.2305976377952756
21
1.0143701181102363
0
LINE
8
BLACK
6
CONTINUOUS
10
0.2305976377952756
20
1.0143701181102363
11
0.230854094488189
21
1.013750905511811
0
LINE
8
BLACK
6
CONTINUOUS
10
0.230854094488189
20
1.013750905511811
11
0.2310385039370079
21
1.0133057086614172
0
LINE
8
BLACK
6
CONTINUOUS
10
0.2310385039370079
20
1.0133057086614172
11
0.2310952362204724
21
1.0127296456692914
0
LINE
8
BLACK
6
CONTINUOUS
10
0.2310952362204724
20
1.0127296456692914
11
0.2310952362204724
21
0.988357716535433
0
LINE
8
BLACK
6
CONTINUOUS
10
0.2310952362204724
20
0.988357716535433
11
0.2310385039370079
21
0.987781653543307
0
LINE
8
BLACK
6
CONTINUOUS
10
0.2310385039370079
20
0.987781653543307
11
0.2305975984251968
21
0.9867172440944881
0
LINE
8
BLACK
6
CONTINUOUS
10
0.2305975984251968
20
0.9867172440944881
11
0.2297829527559055
21
0.9859025984251968
0
LINE
8
BLACK
6
CONTINUOUS
10
0.2297829527559055
20
0.9859025984251968
11
0.2287185433070866
21
0.9854616929133858
0
LINE
8
BLACK
6
CONTINUOUS
10
0.2287185433070866
20
0.9854616929133858
11
0.2275664173228346
21
0.9854616929133858
0
LINE
8
BLACK
6
CONTINUOUS
10
0.2275664173228346
20
0.9854616929133858
11
0.2265020078740158
21
0.9859025984251968
0
LINE
8
BLACK
6
CONTINUOUS
10
0.2265020078740158
20
0.9859025984251968
11
0.2256873622047244
21
0.9867172440944881
0
LINE
8
BLACK
6
CONTINUOUS
10
0.2256873622047244
20
0.9867172440944881
11
0.2252464566929134
21
0.987781653543307
0
LINE
8
BLACK
6
CONTINUOUS
10
0.2252464566929134
20
0.987781653543307
11
0.2251897244094488
21
0.988357716535433
0
LINE
8
BLACK
6
CONTINUOUS
10
0.2251897244094488
20
0.988357716535433
11
0.2251897244094488
21
1.0056011023622047
0
LINE
8
BLACK
6
CONTINUOUS
10
0.2251897244094488
20
1.0056011023622047
11
0.2077331889763779
21
0.9881445669291339
0
LINE
8
BLACK
6
CONTINUOUS
10
0.2077331889763779
20
0.9881445669291339
11
0.207285748031496
21
0.9877773622047243
0
LINE
8
BLACK
6
CONTINUOUS
10
0.207285748031496
20
0.9877773622047243
11
0.2071876771653543
21
0.9877367716535432
0
LINE
8
BLACK
6
CONTINUOUS
10
0.2071876771653543
20
0.9877367716535432
11
0.2071075590551181
21
0.9876672440944881
0
LINE
8
BLACK
6
CONTINUOUS
10
0.2071075590551181
20
0.9876672440944881
11
0.2065790157480315
21
0.9874312598425197
0
LINE
8
BLACK
6
CONTINUOUS
10
0.2065790157480315
20
0.9874312598425197
11
0.2009547244094488
21
0.9855564960629921
0
LINE
8
BLACK
6
CONTINUOUS
10
0.2009547244094488
20
0.9855564960629921
11
0.2006691338582677
21
0.9854915748031496
0
LINE
8
BLACK
6
CONTINUOUS
10
0.2006691338582677
20
0.9854915748031496
11
0.2005970472440945
21
0.9854616929133858
0
LINE
8
BLACK
6
CONTINUOUS
10
0.2005970472440945
20
0.9854616929133858
11
0.2004925196850394
21
0.9854514173228346
0
LINE
8
BLACK
6
CONTINUOUS
10
0.2004925196850394
20
0.9854514173228346
11
0.2003902755905512
21
0.9854281496062992
0
LINE
8
BLACK
6
CONTINUOUS
10
0.2003902755905512
20
0.9854281496062992
11
0.2003125196850394
21
0.9854337007874016
0
LINE
8
BLACK
6
CONTINUOUS
10
0.2003125196850394
20
0.9854337007874016
11
0.2000209842519685
21
0.9854049606299212
0
LINE
8
BLACK
6
CONTINUOUS
10
0.2000209842519685
20
0.9854049606299212
11
0.1962714566929134
21
0.9854049606299212
0
LINE
8
BLACK
6
CONTINUOUS
10
0.1962714566929134
20
0.9854049606299212
11
0.1956953937007874
21
0.9854616929133858
0
LINE
8
BLACK
6
CONTINUOUS
10
0.1956953937007874
20
0.9854616929133858
11
0.1955974015748032
21
0.9855022834645669
0
LINE
8
BLACK
6
CONTINUOUS
10
0.1955974015748032
20
0.9855022834645669
11
0.1954915354330709
21
0.9855098031496062
0
LINE
8
BLACK
6
CONTINUOUS
10
0.1954915354330709
20
0.9855098031496062
11
0.1949509448818898
21
0.9857166929133858
0
LINE
8
BLACK
6
CONTINUOUS
10
0.1949509448818898
20
0.9857166929133858
11
0.1912014173228346
21
0.9875914566929134
0
LINE
8
BLACK
6
CONTINUOUS
10
0.1912014173228346
20
0.9875914566929134
11
0.1909533858267717
21
0.9877475590551181
0
LINE
8
BLACK
6
CONTINUOUS
10
0.1909533858267717
20
0.9877475590551181
11
0.1908814566929134
21
0.9877773622047243
0
LINE
8
BLACK
6
CONTINUOUS
10
0.1908814566929134
20
0.9877773622047243
11
0.1908004724409449
21
0.9878438582677165
0
LINE
8
BLACK
6
CONTINUOUS
10
0.1908004724409449
20
0.9878438582677165
11
0.1907115354330709
21
0.9878998031496062
0
LINE
8
BLACK
6
CONTINUOUS
10
0.1907115354330709
20
0.9878998031496062
11
0.1906603543307087
21
0.9879588188976378
0
LINE
8
BLACK
6
CONTINUOUS
10
0.1906603543307087
20
0.9879588188976378
11
0.1904340157480315
21
0.9881445669291339
0
LINE
8
BLACK
6
CONTINUOUS
10
0.1904340157480315
20
0.9881445669291339
11
0.1885592519685039
21
0.9900193307086614
0
LINE
8
BLACK
6
CONTINUOUS
10
0.1885592519685039
20
0.9900193307086614
11
0.1883734645669291
21
0.9902457086614173
0
LINE
8
BLACK
6
CONTINUOUS
10
0.1883734645669291
20
0.9902457086614173
11
0.1883144881889764
21
0.9902968503937007
0
LINE
8
BLACK
6
CONTINUOUS
10
0.1883144881889764
20
0.9902968503937007
11
0.1882585039370079
21
0.9903858267716535
0
LINE
8
BLACK
6
CONTINUOUS
10
0.1882585039370079
20
0.9903858267716535
11
0.1881920472440945
21
0.9904667716535432
0
LINE
8
BLACK
6
CONTINUOUS
10
0.1881920472440945
20
0.9904667716535432
11
0.1881622047244094
21
0.9905387401574803
0
LINE
8
BLACK
6
CONTINUOUS
10
0.1881622047244094
20
0.9905387401574803
11
0.1880061417322835
21
0.9907867322834646
0
LINE
8
BLACK
6
CONTINUOUS
10
0.1880061417322835
20
0.9907867322834646
11
0.1861313779527559
21
0.9945362598425197
0
LINE
8
BLACK
6
CONTINUOUS
10
0.1861313779527559
20
0.9945362598425197
11
0.1859244881889764
21
0.9950768897637795
0
LINE
8
BLACK
6
CONTINUOUS
10
0.1859244881889764
20
0.9950768897637795
11
0.185916968503937
21
0.995182716535433
0
LINE
8
BLACK
6
CONTINUOUS
10
0.185916968503937
20
0.995182716535433
11
0.1858763779527559
21
0.9952807086614173
0
LINE
8
BLACK
6
CONTINUOUS
10
0.1858763779527559
20
0.9952807086614173
11
0.1858196456692913
21
0.9958567716535432
0
LINE
8
BLACK
6
CONTINUOUS
10
0.1858196456692913
20
0.9958567716535432
11
0.1858196456692913
21
1.0052305905511811
0
LINE
8
BLACK
6
CONTINUOUS
10
0.1858196456692913
20
1.0052305905511811
11
0.1858763779527559
21
1.005806653543307
0
LINE
8
BLACK
6
CONTINUOUS
10
0.1858763779527559
20
1.005806653543307
11
0.185916968503937
21
1.00590468503937
0
LINE
8
BLACK
6
CONTINUOUS
10
0.185916968503937
20
1.00590468503937
11
0.1859244881889764
21
1.0060104724409449
0
LINE
8
BLACK
6
CONTINUOUS
10
0.1859244881889764
20
1.0060104724409449
11
0.1861313779527559
21
1.0065511023622047
0
LINE
8
BLACK
6
CONTINUOUS
10
0.1861313779527559
20
1.0065511023622047
11
0.1880061417322835
21
1.0103006299212598
0
LINE
8
BLACK
6
CONTINUOUS
10
0.1880061417322835
20
1.0103006299212598
11
0.1881622047244094
21
1.0105486614173229
0
LINE
8
BLACK
6
CONTINUOUS
10
0.1881622047244094
20
1.0105486614173229
11
0.1881920472440945
21
1.0106205905511811
0
LINE
8
BLACK
6
CONTINUOUS
10
0.1881920472440945
20
1.0106205905511811
11
0.1882585039370079
21
1.0107015748031496
0
LINE
8
BLACK
6
CONTINUOUS
10
0.1882585039370079
20
1.0107015748031496
11
0.1883144881889764
21
1.0107905118110236
0
LINE
8
BLACK
6
CONTINUOUS
10
0.1883144881889764
20
1.0107905118110236
11
0.1883734645669291
21
1.0108416929133859
0
LINE
8
BLACK
6
CONTINUOUS
10
0.1883734645669291
20
1.0108416929133859
11
0.1885592519685039
21
1.0110680314960629
0
LINE
8
BLACK
6
CONTINUOUS
10
0.1885592519685039
20
1.0110680314960629
11
0.1904340157480315
21
1.0129427952755905
0
LINE
8
BLACK
6
CONTINUOUS
10
0.1904340157480315
20
1.0129427952755905
11
0.1908814566929134
21
1.0133099999999999
0
LINE
8
BLACK
6
CONTINUOUS
10
0.1908814566929134
20
1.0133099999999999
11
0.1919458661417323
21
1.013750905511811
0
LINE
8
BLACK
6
CONTINUOUS
10
0.1919458661417323
20
1.013750905511811
11
0.1930979527559055
21
1.013750905511811
0
LINE
8
BLACK
6
CONTINUOUS
10
0.1930979527559055
20
1.013750905511811
11
0.1941623622047244
21
1.0133099999999999
0
LINE
8
BLACK
6
CONTINUOUS
10
0.1941623622047244
20
1.0133099999999999
11
0.1949770472440945
21
1.0124953149606299
0
LINE
8
BLACK
6
CONTINUOUS
10
0.1949770472440945
20
1.0124953149606299
11
0.1954179527559055
21
1.0114309055118109
0
LINE
8
BLACK
6
CONTINUOUS
10
0.1954179527559055
20
1.0114309055118109
11
0.1954179527559055
21
1.0102788188976377
0
LINE
8
BLACK
6
CONTINUOUS
10
0.1954179527559055
20
1.0102788188976377
11
0.1949770472440945
21
1.0092144094488189
0
LINE
8
BLACK
6
CONTINUOUS
10
0.1949770472440945
20
1.0092144094488189
11
0.194609842519685
21
1.0087669685039369
0
LINE
8
BLACK
6
CONTINUOUS
10
0.194609842519685
20
1.0087669685039369
11
0.1930738976377953
21
1.0072310236220472
0
LINE
8
BLACK
6
CONTINUOUS
10
0.1930738976377953
20
1.0072310236220472
11
0.191725157480315
21
1.0045335433070866
0
LINE
8
BLACK
6
CONTINUOUS
10
0.191725157480315
20
1.0045335433070866
11
0.191725157480315
21
0.9965538188976377
0
LINE
8
BLACK
6
CONTINUOUS
10
0.191725157480315
20
0.9965538188976377
11
0.1930738976377953
21
0.9938563385826772
0
LINE
8
BLACK
6
CONTINUOUS
10
0.1930738976377953
20
0.9938563385826772
11
0.1942710236220472
21
0.9926592125984252
0
LINE
8
BLACK
6
CONTINUOUS
10
0.1942710236220472
20
0.9926592125984252
11
0.1969685039370079
21
0.9913104724409448
0
LINE
8
BLACK
6
CONTINUOUS
10
0.1969685039370079
20
0.9913104724409448
11
0.1995418503937008
21
0.9913104724409448
0
LINE
8
BLACK
6
CONTINUOUS
10
0.1995418503937008
20
0.9913104724409448
11
0.2040502362204724
21
0.9928133070866142
0
LINE
8
BLACK
6
CONTINUOUS
10
0.2040502362204724
20
0.9928133070866142
11
0.2260545669291339
21
1.0148175590551181
0
LINE
8
BLACK
6
CONTINUOUS
10
0.2260545669291339
20
1.0148175590551181
11
0.2265020078740158
21
1.0151848031496062
0
LINE
8
BLACK
6
CONTINUOUS
10
0.2265020078740158
20
1.0151848031496062
11
0.2272546456692913
21
1.0154965748031495
0
LINE
8
BLACK
6
CONTINUOUS
10
0.2272546456692913
20
1.0154965748031495
11
0.2275664173228346
21
1.0156256692913386
0
LINE
8
BLACK
6
CONTINUOUS
10
0.2275664173228346
20
1.0156256692913386
11
0.2287185433070866
21
1.0156256692913386
0
LINE
8
BLACK
6
CONTINUOUS
10
0.2287185433070866
20
1.0156256692913386
11
0.2297829527559055
21
1.0151847637795275
0
LINE
8
BLACK
6
CONTINUOUS
10
0.4890498031496063
20
1.0184753149606298
11
0.4891984251968504
21
1.0184753149606298
0
LINE
8
BLACK
6
CONTINUOUS
10
0.4891984251968504
20
1.0184753149606298
11
0.4895970078740157
21
1.0183102362204723
0
LINE
8
BLACK
6
CONTINUOUS
10
0.4895970078740157
20
1.0183102362204723
11
0.4900104330708661
21
1.0181854724409449
0
LINE
8
BLACK
6
CONTINUOUS
10
0.4900104330708661
20
1.0181854724409449
11
0.4901255511811023
21
1.0180912992125983
0
LINE
8
BLACK
6
CONTINUOUS
10
0.4901255511811023
20
1.0180912992125983
11
0.4902628346456693
21
1.018034409448819
0
LINE
8
BLACK
6
CONTINUOUS
10
0.4902628346456693
20
1.018034409448819
11
0.490567874015748
21
1.0177293700787402
0
LINE
8
BLACK
6
CONTINUOUS
10
0.490567874015748
20
1.0177293700787402
11
0.4909020866141732
21
1.0174559055118111
0
LINE
8
BLACK
6
CONTINUOUS
10
0.4909020866141732
20
1.0174559055118111
11
0.4909723622047244
21
1.0173248818897638
0
LINE
8
BLACK
6
CONTINUOUS
10
0.4909723622047244
20
1.0173248818897638
11
0.4910775196850394
21
1.0172197244094487
0
LINE
8
BLACK
6
CONTINUOUS
10
0.4910775196850394
20
1.0172197244094487
11
0.4912425984251969
21
1.0168211417322834
0
LINE
8
BLACK
6
CONTINUOUS
10
0.4912425984251969
20
1.0168211417322834
11
0.4914467322834646
21
1.0164406692913386
0
LINE
8
BLACK
6
CONTINUOUS
10
0.4914467322834646
20
1.0164406692913386
11
0.4914614960629921
21
1.0162926771653542
0
LINE
8
BLACK
6
CONTINUOUS
10
0.4914614960629921
20
1.0162926771653542
11
0.4915184251968504
21
1.0161553149606299
0
LINE
8
BLACK
6
CONTINUOUS
10
0.4915184251968504
20
1.0161553149606299
11
0.4915184251968504
21
1.0157237795275591
0
LINE
8
BLACK
6
CONTINUOUS
10
0.4915184251968504
20
1.0157237795275591
11
0.4915613779527559
21
1.015294251968504
0
LINE
8
BLACK
6
CONTINUOUS
10
0.4915613779527559
20
1.015294251968504
11
0.4915184251968504
21
1.0151519291338582
0
LINE
8
BLACK
6
CONTINUOUS
10
0.4915184251968504
20
1.0151519291338582
11
0.4915184251968504
21
1.0150032283464567
0
LINE
8
BLACK
6
CONTINUOUS
10
0.4915184251968504
20
1.0150032283464567
11
0.4913532677165354
21
1.0146045669291339
0
LINE
8
BLACK
6
CONTINUOUS
10
0.4913532677165354
20
1.0146045669291339
11
0.4912285826771653
21
1.0141912598425196
0
LINE
8
BLACK
6
CONTINUOUS
10
0.4912285826771653
20
1.0141912598425196
11
0.4911344094488189
21
1.0140761811023622
0
LINE
8
BLACK
6
CONTINUOUS
10
0.4911344094488189
20
1.0140761811023622
11
0.4910775196850394
21
1.0139388188976377
0
LINE
8
BLACK
6
CONTINUOUS
10
0.4910775196850394
20
1.0139388188976377
11
0.4907103149606299
21
1.0134913779527559
0
LINE
8
BLACK
6
CONTINUOUS
10
0.4907103149606299
20
1.0134913779527559
11
0.4891743700787402
21
1.0119554330708662
0
LINE
8
BLACK
6
CONTINUOUS
10
0.4891743700787402
20
1.0119554330708662
11
0.4878256299212598
21
1.0092579527559056
0
LINE
8
BLACK
6
CONTINUOUS
10
0.4878256299212598
20
1.0092579527559056
11
0.4878256299212598
21
1.0012782283464567
0
LINE
8
BLACK
6
CONTINUOUS
10
0.4878256299212598
20
1.0012782283464567
11
0.4891743700787402
21
0.998580748031496
0
LINE
8
BLACK
6
CONTINUOUS
10
0.4891743700787402
20
0.998580748031496
11
0.4903714960629921
21
0.9973836220472441
0
LINE
8
BLACK
6
CONTINUOUS
10
0.4903714960629921
20
0.9973836220472441
11
0.4930689763779528
21
0.9960348818897637
0
LINE
8
BLACK
6
CONTINUOUS
10
0.4930689763779528
20
0.9960348818897637
11
0.5010487007874016
21
0.9960348818897637
0
LINE
8
BLACK
6
CONTINUOUS
10
0.5010487007874016
20
0.9960348818897637
11
0.5037461811023622
21
0.9973836614173228
0
LINE
8
BLACK
6
CONTINUOUS
10
0.5037461811023622
20
0.9973836614173228
11
0.5049433464566929
21
0.9985807874015747
0
LINE
8
BLACK
6
CONTINUOUS
10
0.5049433464566929
20
0.9985807874015747
11
0.5062920866141732
21
1.0012782283464567
0
LINE
8
BLACK
6
CONTINUOUS
10
0.5062920866141732
20
1.0012782283464567
11
0.5062920866141732
21
1.0092579527559056
0
LINE
8
BLACK
6
CONTINUOUS
10
0.5062920866141732
20
1.0092579527559056
11
0.5049433464566929
21
1.0119554330708662
0
LINE
8
BLACK
6
CONTINUOUS
10
0.5049433464566929
20
1.0119554330708662
11
0.5034074015748031
21
1.0134913385826771
0
LINE
8
BLACK
6
CONTINUOUS
10
0.5034074015748031
20
1.0134913385826771
11
0.5030401574803149
21
1.0139388188976377
0
LINE
8
BLACK
6
CONTINUOUS
10
0.5030401574803149
20
1.0139388188976377
11
0.502599251968504
21
1.0150032283464567
0
LINE
8
BLACK
6
CONTINUOUS
10
0.502599251968504
20
1.0150032283464567
11
0.502599251968504
21
1.0161553149606299
0
LINE
8
BLACK
6
CONTINUOUS
10
0.502599251968504
20
1.0161553149606299
11
0.5030401181102362
21
1.0172197244094487
0
LINE
8
BLACK
6
CONTINUOUS
10
0.5030401181102362
20
1.0172197244094487
11
0.5038548031496063
21
1.018034409448819
0
LINE
8
BLACK
6
CONTINUOUS
10
0.5038548031496063
20
1.018034409448819
11
0.5049192125984252
21
1.0184753149606298
0
LINE
8
BLACK
6
CONTINUOUS
10
0.5049192125984252
20
1.0184753149606298
11
0.5060712992125984
21
1.0184753149606298
0
LINE
8
BLACK
6
CONTINUOUS
10
0.5060712992125984
20
1.0184753149606298
11
0.5071357086614173
21
1.0180344488188977
0
LINE
8
BLACK
6
CONTINUOUS
10
0.5071357086614173
20
1.0180344488188977
11
0.5075831496062992
21
1.0176672440944881
0
LINE
8
BLACK
6
CONTINUOUS
10
0.5075831496062992
20
1.0176672440944881
11
0.5094579527559056
21
1.0157924803149605
0
LINE
8
BLACK
6
CONTINUOUS
10
0.5094579527559056
20
1.0157924803149605
11
0.5096437007874015
21
1.0155661417322834
0
LINE
8
BLACK
6
CONTINUOUS
10
0.5096437007874015
20
1.0155661417322834
11
0.5097027559055118
21
1.0155149212598424
0
LINE
8
BLACK
6
CONTINUOUS
10
0.5097027559055118
20
1.0155149212598424
11
0.5097587401574804
21
1.0154259842519684
0
LINE
8
BLACK
6
CONTINUOUS
10
0.5097587401574804
20
1.0154259842519684
11
0.5098251968503937
21
1.0153449999999999
0
LINE
8
BLACK
6
CONTINUOUS
10
0.5098251968503937
20
1.0153449999999999
11
0.5098549999999999
21
1.0152730708661417
0
LINE
8
BLACK
6
CONTINUOUS
10
0.5098549999999999
20
1.0152730708661417
11
0.5100111023622047
21
1.0150250393700788
0
LINE
8
BLACK
6
CONTINUOUS
10
0.5100111023622047
20
1.0150250393700788
11
0.5118858661417323
21
1.0112755118110237
0
LINE
8
BLACK
6
CONTINUOUS
10
0.5118858661417323
20
1.0112755118110237
11
0.5120927559055118
21
1.0107349212598424
0
LINE
8
BLACK
6
CONTINUOUS
10
0.5120927559055118
20
1.0107349212598424
11
0.5121002755905512
21
1.0106290551181103
0
LINE
8
BLACK
6
CONTINUOUS
10
0.5121002755905512
20
1.0106290551181103
11
0.5121408661417323
21
1.010531062992126
0
LINE
8
BLACK
6
CONTINUOUS
10
0.5121408661417323
20
1.010531062992126
11
0.5121975984251969
21
1.0099549999999999
0
LINE
8
BLACK
6
CONTINUOUS
10
0.5121975984251969
20
1.0099549999999999
11
0.5121975984251969
21
1.0005811811023622
0
LINE
8
BLACK
6
CONTINUOUS
10
0.5121975984251969
20
1.0005811811023622
11
0.5121408661417323
21
1.0000051181102363
0
LINE
8
BLACK
6
CONTINUOUS
10
0.5121408661417323
20
1.0000051181102363
11
0.5121002755905512
21
0.9999071653543307
0
LINE
8
BLACK
6
CONTINUOUS
10
0.5121002755905512
20
0.9999071653543307
11
0.5120927559055118
21
0.9998012598425197
0
LINE
8
BLACK
6
CONTINUOUS
10
0.5120927559055118
20
0.9998012598425197
11
0.5118858661417323
21
0.9992606692913386
0
LINE
8
BLACK
6
CONTINUOUS
10
0.5118858661417323
20
0.9992606692913386
11
0.5100111023622047
21
0.9955111417322834
0
LINE
8
BLACK
6
CONTINUOUS
10
0.5100111023622047
20
0.9955111417322834
11
0.5098549999999999
21
0.9952631496062991
0
LINE
8
BLACK
6
CONTINUOUS
10
0.5098549999999999
20
0.9952631496062991
11
0.5098251968503937
21
0.9951911811023622
0
LINE
8
BLACK
6
CONTINUOUS
10
0.5098251968503937
20
0.9951911811023622
11
0.5097587401574804
21
0.9951102362204725
0
LINE
8
BLACK
6
CONTINUOUS
10
0.5097587401574804
20
0.9951102362204725
11
0.5097027559055118
21
0.9950212598425197
0
LINE
8
BLACK
6
CONTINUOUS
10
0.5097027559055118
20
0.9950212598425197
11
0.5096437007874015
21
0.9949700787401574
0
LINE
8
BLACK
6
CONTINUOUS
10
0.5096437007874015
20
0.9949700787401574
11
0.5094579527559056
21
0.9947437007874016
0
LINE
8
BLACK
6
CONTINUOUS
10
0.5094579527559056
20
0.9947437007874016
11
0.5075831496062992
21
0.992868937007874
0
LINE
8
BLACK
6
CONTINUOUS
10
0.5075831496062992
20
0.992868937007874
11
0.5073568110236221
21
0.9926832283464567
0
LINE
8
BLACK
6
CONTINUOUS
10
0.5073568110236221
20
0.9926832283464567
11
0.5073056692913386
21
0.9926242125984251
0
LINE
8
BLACK
6
CONTINUOUS
10
0.5073056692913386
20
0.9926242125984251
11
0.5072167322834645
21
0.9925682677165354
0
LINE
8
BLACK
6
CONTINUOUS
10
0.5072167322834645
20
0.9925682677165354
11
0.5071357086614173
21
0.9925017322834645
0
LINE
8
BLACK
6
CONTINUOUS
10
0.5071357086614173
20
0.9925017322834645
11
0.5070636614173228
21
0.9924719291338583
0
LINE
8
BLACK
6
CONTINUOUS
10
0.5070636614173228
20
0.9924719291338583
11
0.5068157874015748
21
0.9923158661417323
0
LINE
8
BLACK
6
CONTINUOUS
10
0.5068157874015748
20
0.9923158661417323
11
0.5030662598425196
21
0.9904411023622047
0
LINE
8
BLACK
6
CONTINUOUS
10
0.5030662598425196
20
0.9904411023622047
11
0.5025256299212598
21
0.9902342125984251
0
LINE
8
BLACK
6
CONTINUOUS
10
0.5025256299212598
20
0.9902342125984251
11
0.5024198031496063
21
0.9902267322834646
0
LINE
8
BLACK
6
CONTINUOUS
10
0.5024198031496063
20
0.9902267322834646
11
0.5023218110236221
21
0.9901861023622047
0
LINE
8
BLACK
6
CONTINUOUS
10
0.5023218110236221
20
0.9901861023622047
11
0.5017457480314961
21
0.9901293700787401
0
LINE
8
BLACK
6
CONTINUOUS
10
0.5017457480314961
20
0.9901293700787401
11
0.4923719291338582
21
0.9901293700787401
0
LINE
8
BLACK
6
CONTINUOUS
10
0.4923719291338582
20
0.9901293700787401
11
0.4917958661417323
21
0.9901861023622047
0
LINE
8
BLACK
6
CONTINUOUS
10
0.4917958661417323
20
0.9901861023622047
11
0.491697874015748
21
0.9902266929133858
0
LINE
8
BLACK
6
CONTINUOUS
10
0.491697874015748
20
0.9902266929133858
11
0.4915920078740157
21
0.9902342125984251
0
LINE
8
BLACK
6
CONTINUOUS
10
0.4915920078740157
20
0.9902342125984251
11
0.4910514173228346
21
0.9904411023622047
0
LINE
8
BLACK
6
CONTINUOUS
10
0.4910514173228346
20
0.9904411023622047
11
0.4873018897637795
21
0.9923158661417323
0
LINE
8
BLACK
6
CONTINUOUS
10
0.4873018897637795
20
0.9923158661417323
11
0.4870538582677165
21
0.9924719685039369
0
LINE
8
BLACK
6
CONTINUOUS
10
0.4870538582677165
20
0.9924719685039369
11
0.4869819291338582
21
0.9925017716535433
0
LINE
8
BLACK
6
CONTINUOUS
10
0.4869819291338582
20
0.9925017716535433
11
0.4869009448818897
21
0.9925682677165354
0
LINE
8
BLACK
6
CONTINUOUS
10
0.4869009448818897
20
0.9925682677165354
11
0.4868120078740157
21
0.9926242125984251
0
LINE
8
BLACK
6
CONTINUOUS
10
0.4868120078740157
20
0.9926242125984251
11
0.4867608267716536
21
0.9926832283464567
0
LINE
8
BLACK
6
CONTINUOUS
10
0.4867608267716536
20
0.9926832283464567
11
0.4865344881889764
21
0.9928689763779527
0
LINE
8
BLACK
6
CONTINUOUS
10
0.4865344881889764
20
0.9928689763779527
11
0.4846597244094488
21
0.9947437401574802
0
LINE
8
BLACK
6
CONTINUOUS
10
0.4846597244094488
20
0.9947437401574802
11
0.484473937007874
21
0.9949701181102362
0
LINE
8
BLACK
6
CONTINUOUS
10
0.484473937007874
20
0.9949701181102362
11
0.4844149606299212
21
0.9950212598425197
0
LINE
8
BLACK
6
CONTINUOUS
10
0.4844149606299212
20
0.9950212598425197
11
0.4843589763779527
21
0.9951102362204725
0
LINE
8
BLACK
6
CONTINUOUS
10
0.4843589763779527
20
0.9951102362204725
11
0.4842925196850393
21
0.9951911811023622
0
LINE
8
BLACK
6
CONTINUOUS
10
0.4842925196850393
20
0.9951911811023622
11
0.4842626771653543
21
0.9952631496062991
0
LINE
8
BLACK
6
CONTINUOUS
10
0.4842626771653543
20
0.9952631496062991
11
0.4841066141732283
21
0.9955111417322834
0
LINE
8
BLACK
6
CONTINUOUS
10
0.4841066141732283
20
0.9955111417322834
11
0.4822318503937008
21
0.9992606692913386
0
LINE
8
BLACK
6
CONTINUOUS
10
0.4822318503937008
20
0.9992606692913386
11
0.4820249606299212
21
0.9998012992125984
0
LINE
8
BLACK
6
CONTINUOUS
10
0.4820249606299212
20
0.9998012992125984
11
0.4820174409448819
21
0.9999071259842519
0
LINE
8
BLACK
6
CONTINUOUS
10
0.4820174409448819
20
0.9999071259842519
11
0.4819768503937008
21
1.0000051181102363
0
LINE
8
BLACK
6
CONTINUOUS
10
0.4819768503937008
20
1.0000051181102363
11
0.4819201181102362
21
1.0005811811023622
0
LINE
8
BLACK
6
CONTINUOUS
10
0.4819201181102362
20
1.0005811811023622
11
0.4819201181102362
21
1.0099549999999999
0
LINE
8
BLACK
6
CONTINUOUS
10
0.4819201181102362
20
1.0099549999999999
11
0.4819768503937008
21
1.010531062992126
0
LINE
8
BLACK
6
CONTINUOUS
10
0.4819768503937008
20
1.010531062992126
11
0.4820174409448819
21
1.0106290944881891
0
LINE
8
BLACK
6
CONTINUOUS
10
0.4820174409448819
20
1.0106290944881891
11
0.4820249606299212
21
1.0107348818897637
0
LINE
8
BLACK
6
CONTINUOUS
10
0.4820249606299212
20
1.0107348818897637
11
0.4822318503937008
21
1.0112755118110237
0
LINE
8
BLACK
6
CONTINUOUS
10
0.4822318503937008
20
1.0112755118110237
11
0.482598779527559
21
1.0120094488188975
0
LINE
8
BLACK
6
CONTINUOUS
10
0.482598779527559
20
1.0120094488188975
11
0.4728275196850393
21
1.0110323228346456
0
LINE
8
BLACK
6
CONTINUOUS
10
0.4728275196850393
20
1.0110323228346456
11
0.4728275196850393
21
0.9949568897637795
0
LINE
8
BLACK
6
CONTINUOUS
10
0.4728275196850393
20
0.9949568897637795
11
0.4727707874015748
21
0.9943808267716535
0
LINE
8
BLACK
6
CONTINUOUS
10
0.4727707874015748
20
0.9943808267716535
11
0.4723298818897638
21
0.9933164173228346
0
LINE
8
BLACK
6
CONTINUOUS
10
0.4723298818897638
20
0.9933164173228346
11
0.4715152362204724
21
0.9925017716535433
0
LINE
8
BLACK
6
CONTINUOUS
10
0.4715152362204724
20
0.9925017716535433
11
0.4704508267716535
21
0.9920608661417323
0
LINE
8
BLACK
6
CONTINUOUS
10
0.4704508267716535
20
0.9920608661417323
11
0.4692987007874015
21
0.9920608661417323
0
LINE
8
BLACK
6
CONTINUOUS
10
0.4692987007874015
20
0.9920608661417323
11
0.4682342913385827
21
0.9925017716535433
0
LINE
8
BLACK
6
CONTINUOUS
10
0.4682342913385827
20
0.9925017716535433
11
0.4674196456692913
21
0.9933164173228346
0
LINE
8
BLACK
6
CONTINUOUS
10
0.4674196456692913
20
0.9933164173228346
11
0.4669787401574803
21
0.9943808267716535
0
LINE
8
BLACK
6
CONTINUOUS
10
0.4669787401574803
20
0.9943808267716535
11
0.4669220078740157
21
0.9949568897637795
0
LINE
8
BLACK
6
CONTINUOUS
10
0.4669220078740157
20
0.9949568897637795
11
0.4669220078740157
21
1.013704527559055
0
LINE
8
BLACK
6
CONTINUOUS
10
0.4669220078740157
20
1.013704527559055
11
0.4669429527559055
21
1.0139175984251969
0
LINE
8
BLACK
6
CONTINUOUS
10
0.4669429527559055
20
1.0139175984251969
11
0.4669357874015748
21
1.0139895669291339
0
LINE
8
BLACK
6
CONTINUOUS
10
0.4669357874015748
20
1.0139895669291339
11
0.466956968503937
21
1.0140599212598425
0
LINE
8
BLACK
6
CONTINUOUS
10
0.466956968503937
20
1.0140599212598425
11
0.4669787401574803
21
1.0142805905511811
0
LINE
8
BLACK
6
CONTINUOUS
10
0.4669787401574803
20
1.0142805905511811
11
0.4671438582677165
21
1.0146792913385827
0
LINE
8
BLACK
6
CONTINUOUS
10
0.4671438582677165
20
1.0146792913385827
11
0.4672685826771654
21
1.0150925590551181
0
LINE
8
BLACK
6
CONTINUOUS
10
0.4672685826771654
20
1.0150925590551181
11
0.467362716535433
21
1.0152076771653542
0
LINE
8
BLACK
6
CONTINUOUS
10
0.467362716535433
20
1.0152076771653542
11
0.4674196456692913
21
1.0153449999999999
0
LINE
8
BLACK
6
CONTINUOUS
10
0.4674196456692913
20
1.0153449999999999
11
0.4677248818897637
21
1.0156502755905512
0
LINE
8
BLACK
6
CONTINUOUS
10
0.4677248818897637
20
1.0156502755905512
11
0.4679981496062992
21
1.0159842125984251
0
LINE
8
BLACK
6
CONTINUOUS
10
0.4679981496062992
20
1.0159842125984251
11
0.468129094488189
21
1.0160544881889764
0
LINE
8
BLACK
6
CONTINUOUS
10
0.468129094488189
20
1.0160544881889764
11
0.4682342913385827
21
1.0161596456692914
0
LINE
8
BLACK
6
CONTINUOUS
10
0.4682342913385827
20
1.0161596456692914
11
0.4686330708661417
21
1.0163248425196849
0
LINE
8
BLACK
6
CONTINUOUS
10
0.4686330708661417
20
1.0163248425196849
11
0.4690133858267717
21
1.0165288582677166
0
LINE
8
BLACK
6
CONTINUOUS
10
0.4690133858267717
20
1.0165288582677166
11
0.4692308661417323
21
1.0165724803149605
0
LINE
8
BLACK
6
CONTINUOUS
10
0.4692308661417323
20
1.0165724803149605
11
0.4692987007874015
21
1.0166005511811023
0
LINE
8
BLACK
6
CONTINUOUS
10
0.4692987007874015
20
1.0166005511811023
11
0.4693710236220472
21
1.0166005511811023
0
LINE
8
BLACK
6
CONTINUOUS
10
0.4693710236220472
20
1.0166005511811023
11
0.4695809448818897
21
1.0166426377952755
0
LINE
8
BLACK
6
CONTINUOUS
10
0.4695809448818897
20
1.0166426377952755
11
0.4883285826771653
21
1.0185174015748031
0
LINE
8
BLACK
6
CONTINUOUS
10
0.4883285826771653
20
1.0185174015748031
11
0.4889074409448819
21
1.0185182677165354
0
LINE
8
BLACK
6
CONTINUOUS
10
0.4889074409448819
20
1.0185182677165354
11
0.4890498031496063
21
1.0184753149606298
0
LINE
8
BLACK
6
CONTINUOUS
10
0.3025676771653543
20
1.0148792519685039
11
0.3038461023622047
21
1.0136008267716534
0
LINE
8
BLACK
6
CONTINUOUS
10
0.3038461023622047
20
1.0136008267716534
11
0.3038461023622047
21
1.011792874015748
0
LINE
8
BLACK
6
CONTINUOUS
10
0.3038461023622047
20
1.011792874015748
11
0.3025676771653543
21
1.0105144488188975
0
LINE
8
BLACK
6
CONTINUOUS
10
0.3025676771653543
20
1.0105144488188975
11
0.3016637007874016
21
1.0103346456692912
0
LINE
8
BLACK
6
CONTINUOUS
10
0.3016637007874016
20
1.0103346456692912
11
0.282981968503937
21
1.0103346456692912
0
LINE
8
BLACK
6
CONTINUOUS
10
0.282981968503937
20
1.0103346456692912
11
0.2820779921259842
21
1.0105144488188975
0
LINE
8
BLACK
6
CONTINUOUS
10
0.2820779921259842
20
1.0105144488188975
11
0.2807995669291338
21
1.011792874015748
0
LINE
8
BLACK
6
CONTINUOUS
10
0.2807995669291338
20
1.011792874015748
11
0.2807995669291338
21
1.0136008267716534
0
LINE
8
BLACK
6
CONTINUOUS
10
0.2807995669291338
20
1.0136008267716534
11
0.2820779921259842
21
1.0148792519685039
0
LINE
8
BLACK
6
CONTINUOUS
10
0.2820779921259842
20
1.0148792519685039
11
0.282981968503937
21
1.0150590551181102
0
LINE
8
BLACK
6
CONTINUOUS
10
0.282981968503937
20
1.0150590551181102
11
0.3016637007874016
21
1.0150590551181102
0
LINE
8
BLACK
6
CONTINUOUS
10
0.3016637007874016
20
1.0150590551181102
11
0.3025676771653543
21
1.0148792519685039
0
LINE
8
BLACK
6
CONTINUOUS
10
0.1360406692913386
20
1.0257299606299213
11
0.1362204724409449
21
1.0248259842519685
0
LINE
8
BLACK
6
CONTINUOUS
10
0.1362204724409449
20
1.0248259842519685
11
0.1362204724409449
21
1.0137566929133859
0
LINE
8
BLACK
6
CONTINUOUS
10
0.1362204724409449
20
1.0137566929133859
11
0.1360406692913386
21
1.0128527165354331
0
LINE
8
BLACK
6
CONTINUOUS
10
0.1360406692913386
20
1.0128527165354331
11
0.1347622440944882
21
1.0115742913385826
0
LINE
8
BLACK
6
CONTINUOUS
10
0.1347622440944882
20
1.0115742913385826
11
0.1329542913385827
21
1.0115742913385826
0
LINE
8
BLACK
6
CONTINUOUS
10
0.1329542913385827
20
1.0115742913385826
11
0.1316758661417323
21
1.0128527165354331
0
LINE
8
BLACK
6
CONTINUOUS
10
0.1316758661417323
20
1.0128527165354331
11
0.131496062992126
21
1.0137566929133859
0
LINE
8
BLACK
6
CONTINUOUS
10
0.131496062992126
20
1.0137566929133859
11
0.131496062992126
21
1.0248259842519685
0
LINE
8
BLACK
6
CONTINUOUS
10
0.131496062992126
20
1.0248259842519685
11
0.1316758661417323
21
1.0257299606299213
0
LINE
8
BLACK
6
CONTINUOUS
10
0.1316758661417323
20
1.0257299606299213
11
0.1329542913385827
21
1.0270083858267716
0
LINE
8
BLACK
6
CONTINUOUS
10
0.1329542913385827
20
1.0270083858267716
11
0.1347622440944882
21
1.0270083858267716
0
LINE
8
BLACK
6
CONTINUOUS
10
0.1347622440944882
20
1.0270083858267716
11
0.1360406692913386
21
1.0257299606299213
0
LINE
8
BLACK
6
CONTINUOUS
10
0.1761981496062992
20
1.0257299606299213
11
0.1763779527559055
21
1.0248259842519685
0
LINE
8
BLACK
6
CONTINUOUS
10
0.1763779527559055
20
1.0248259842519685
11
0.1763779527559055
21
1.0137566929133859
0
LINE
8
BLACK
6
CONTINUOUS
10
0.1763779527559055
20
1.0137566929133859
11
0.1761981496062992
21
1.0128527165354331
0
LINE
8
BLACK
6
CONTINUOUS
10
0.1761981496062992
20
1.0128527165354331
11
0.1749197244094488
21
1.0115742913385826
0
LINE
8
BLACK
6
CONTINUOUS
10
0.1749197244094488
20
1.0115742913385826
11
0.1731117716535433
21
1.0115742913385826
0
LINE
8
BLACK
6
CONTINUOUS
10
0.1731117716535433
20
1.0115742913385826
11
0.1718333464566929
21
1.0128527165354331
0
LINE
8
BLACK
6
CONTINUOUS
10
0.1718333464566929
20
1.0128527165354331
11
0.1716535433070866
21
1.0137566929133859
0
LINE
8
BLACK
6
CONTINUOUS
10
0.1716535433070866
20
1.0137566929133859
11
0.1716535433070866
21
1.0248259842519685
0
LINE
8
BLACK
6
CONTINUOUS
10
0.1716535433070866
20
1.0248259842519685
11
0.1718333464566929
21
1.0257299606299213
0
LINE
8
BLACK
6
CONTINUOUS
10
0.1718333464566929
20
1.0257299606299213
11
0.1731117716535433
21
1.0270083858267716
0
LINE
8
BLACK
6
CONTINUOUS
10
0.1731117716535433
20
1.0270083858267716
11
0.1749197244094488
21
1.0270083858267716
0
LINE
8
BLACK
6
CONTINUOUS
10
0.1749197244094488
20
1.0270083858267716
11
0.1761981496062992
21
1.0257299606299213
0
LINE
8
BLACK
6
CONTINUOUS
10
0.5292493307086614
20
1.034260590551181
11
0.5294291338582677
21
1.0333566141732282
0
LINE
8
BLACK
6
CONTINUOUS
10
0.5294291338582677
20
1.0333566141732282
11
0.5294291338582677
21
1.0146748818897637
0
LINE
8
BLACK
6
CONTINUOUS
10
0.5294291338582677
20
1.0146748818897637
11
0.5292493307086614
21
1.0137709055118109
0
LINE
8
BLACK
6
CONTINUOUS
10
0.5292493307086614
20
1.0137709055118109
11
0.527970905511811
21
1.0124924803149606
0
LINE
8
BLACK
6
CONTINUOUS
10
0.527970905511811
20
1.0124924803149606
11
0.5261629527559055
21
1.0124924803149606
0
LINE
8
BLACK
6
CONTINUOUS
10
0.5261629527559055
20
1.0124924803149606
11
0.5248845275590551
21
1.0137709055118109
0
LINE
8
BLACK
6
CONTINUOUS
10
0.5248845275590551
20
1.0137709055118109
11
0.5247047244094488
21
1.0146748818897637
0
LINE
8
BLACK
6
CONTINUOUS
10
0.5247047244094488
20
1.0146748818897637
11
0.5247047244094488
21
1.0333566141732282
0
LINE
8
BLACK
6
CONTINUOUS
10
0.5247047244094488
20
1.0333566141732282
11
0.5248845275590551
21
1.034260590551181
0
LINE
8
BLACK
6
CONTINUOUS
10
0.5248845275590551
20
1.034260590551181
11
0.5261629527559055
21
1.0355390157480315
0
LINE
8
BLACK
6
CONTINUOUS
10
0.5261629527559055
20
1.0355390157480315
11
0.527970905511811
21
1.0355390157480315
0
LINE
8
BLACK
6
CONTINUOUS
10
0.527970905511811
20
1.0355390157480315
11
0.5292493307086614
21
1.034260590551181
0
LINE
8
BLACK
6
CONTINUOUS
10
0.5703910629921259
20
1.034260590551181
11
0.5705708661417322
21
1.0333566141732282
0
LINE
8
BLACK
6
CONTINUOUS
10
0.5705708661417322
20
1.0333566141732282
11
0.5705708661417322
21
1.0146748818897637
0
LINE
8
BLACK
6
CONTINUOUS
10
0.5705708661417322
20
1.0146748818897637
11
0.5703910629921259
21
1.0137709055118109
0
LINE
8
BLACK
6
CONTINUOUS
10
0.5703910629921259
20
1.0137709055118109
11
0.5691126377952755
21
1.0124924803149606
0
LINE
8
BLACK
6
CONTINUOUS
10
0.5691126377952755
20
1.0124924803149606
11
0.56730468503937
21
1.0124924803149606
0
LINE
8
BLACK
6
CONTINUOUS
10
0.56730468503937
20
1.0124924803149606
11
0.5660262598425196
21
1.0137709055118109
0
LINE
8
BLACK
6
CONTINUOUS
10
0.5660262598425196
20
1.0137709055118109
11
0.5658464566929133
21
1.0146748818897637
0
LINE
8
BLACK
6
CONTINUOUS
10
0.5658464566929133
20
1.0146748818897637
11
0.5658464566929133
21
1.0333566141732282
0
LINE
8
BLACK
6
CONTINUOUS
10
0.5658464566929133
20
1.0333566141732282
11
0.5660262598425196
21
1.034260590551181
0
LINE
8
BLACK
6
CONTINUOUS
10
0.5660262598425196
20
1.034260590551181
11
0.56730468503937
21
1.0355390157480315
0
LINE
8
BLACK
6
CONTINUOUS
10
0.56730468503937
20
1.0355390157480315
11
0.5691126377952755
21
1.0355390157480315
0
LINE
8
BLACK
6
CONTINUOUS
10
0.5691126377952755
20
1.0355390157480315
11
0.5703910629921259
21
1.034260590551181
0
LINE
8
BLACK
6
CONTINUOUS
10
0.269381220472441
20
1.0664858267716535
11
0.2696705118110236
21
1.0664858267716535
0
LINE
8
BLACK
6
CONTINUOUS
10
0.2696705118110236
20
1.0664858267716535
11
0.2699405905511811
21
1.0663739763779527
0
LINE
8
BLACK
6
CONTINUOUS
10
0.2699405905511811
20
1.0663739763779527
11
0.2702272440944882
21
1.0663166141732283
0
LINE
8
BLACK
6
CONTINUOUS
10
0.2702272440944882
20
1.0663166141732283
11
0.2704675984251969
21
1.0661556692913385
0
LINE
8
BLACK
6
CONTINUOUS
10
0.2704675984251969
20
1.0661556692913385
11
0.2707349212598425
21
1.0660449212598424
0
LINE
8
BLACK
6
CONTINUOUS
10
0.2707349212598425
20
1.0660449212598424
11
0.2709416141732283
21
1.0658382283464567
0
LINE
8
BLACK
6
CONTINUOUS
10
0.2709416141732283
20
1.0658382283464567
11
0.2711845275590551
21
1.0656755511811022
0
LINE
8
BLACK
6
CONTINUOUS
10
0.2711845275590551
20
1.0656755511811022
11
0.2715475196850394
21
1.0652323228346456
0
LINE
8
BLACK
6
CONTINUOUS
10
0.2715475196850394
20
1.0652323228346456
11
0.2715495669291338
21
1.0652302755905512
0
LINE
8
BLACK
6
CONTINUOUS
10
0.2715495669291338
20
1.0652302755905512
11
0.2715499212598425
21
1.0652294094488188
0
LINE
8
BLACK
6
CONTINUOUS
10
0.2715499212598425
20
1.0652294094488188
11
0.2715512992125984
21
1.0652277165354331
0
LINE
8
BLACK
6
CONTINUOUS
10
0.2715512992125984
20
1.0652277165354331
11
0.2751386220472441
21
1.0598466929133858
0
LINE
8
BLACK
6
CONTINUOUS
10
0.2751386220472441
20
1.0598466929133858
11
0.2783425984251968
21
1.0566427165354331
0
LINE
8
BLACK
6
CONTINUOUS
10
0.2783425984251968
20
1.0566427165354331
11
0.2816635433070866
21
1.0549822440944883
0
LINE
8
BLACK
6
CONTINUOUS
10
0.2816635433070866
20
1.0549822440944883
11
0.2821534251968504
21
1.0546738976377952
0
LINE
8
BLACK
6
CONTINUOUS
10
0.2821534251968504
20
1.0546738976377952
11
0.2829082677165354
21
1.0538035039370079
0
LINE
8
BLACK
6
CONTINUOUS
10
0.2829082677165354
20
1.0538035039370079
11
0.2832725984251969
21
1.0527105511811023
0
LINE
8
BLACK
6
CONTINUOUS
10
0.2832725984251969
20
1.0527105511811023
11
0.2831909448818898
21
1.0515613385826772
0
LINE
8
BLACK
6
CONTINUOUS
10
0.2831909448818898
20
1.0515613385826772
11
0.2826756692913386
21
1.0505308267716535
0
LINE
8
BLACK
6
CONTINUOUS
10
0.2826756692913386
20
1.0505308267716535
11
0.2818053149606299
21
1.0497759842519685
0
LINE
8
BLACK
6
CONTINUOUS
10
0.2818053149606299
20
1.0497759842519685
11
0.2807123228346456
21
1.0494116535433071
0
LINE
8
BLACK
6
CONTINUOUS
10
0.2807123228346456
20
1.0494116535433071
11
0.2795631102362205
21
1.0494933070866141
0
LINE
8
BLACK
6
CONTINUOUS
10
0.2795631102362205
20
1.0494933070866141
11
0.2790225196850394
21
1.0497001968503936
0
LINE
8
BLACK
6
CONTINUOUS
10
0.2790225196850394
20
1.0497001968503936
11
0.2752729921259843
21
1.0515749606299212
0
LINE
8
BLACK
6
CONTINUOUS
10
0.2752729921259843
20
1.0515749606299212
11
0.275025157480315
21
1.0517309842519684
0
LINE
8
BLACK
6
CONTINUOUS
10
0.275025157480315
20
1.0517309842519684
11
0.274953031496063
21
1.0517608267716536
0
LINE
8
BLACK
6
CONTINUOUS
10
0.274953031496063
20
1.0517608267716536
11
0.2748718503937008
21
1.0518274409448818
0
LINE
8
BLACK
6
CONTINUOUS
10
0.2748718503937008
20
1.0518274409448818
11
0.2747831102362205
21
1.051883307086614
0
LINE
8
BLACK
6
CONTINUOUS
10
0.2747831102362205
20
1.051883307086614
11
0.274731968503937
21
1.0519422440944881
0
LINE
8
BLACK
6
CONTINUOUS
10
0.274731968503937
20
1.0519422440944881
11
0.2745055905511811
21
1.0521280708661418
0
LINE
8
BLACK
6
CONTINUOUS
10
0.2745055905511811
20
1.0521280708661418
11
0.2720472047244095
21
1.0545864566929133
0
LINE
8
BLACK
6
CONTINUOUS
10
0.2720472047244095
20
1.0545864566929133
11
0.2720472047244095
21
1.0271724803149607
0
LINE
8
BLACK
6
CONTINUOUS
10
0.2720472047244095
20
1.0271724803149607
11
0.280343031496063
21
1.0271724803149607
0
LINE
8
BLACK
6
CONTINUOUS
10
0.280343031496063
20
1.0271724803149607
11
0.280919094488189
21
1.0271157480314961
0
LINE
8
BLACK
6
CONTINUOUS
10
0.280919094488189
20
1.0271157480314961
11
0.2819835039370079
21
1.026674842519685
0
LINE
8
BLACK
6
CONTINUOUS
10
0.2819835039370079
20
1.026674842519685
11
0.2827981496062992
21
1.0258601968503938
0
LINE
8
BLACK
6
CONTINUOUS
10
0.2827981496062992
20
1.0258601968503938
11
0.2832390551181102
21
1.0247957874015747
0
LINE
8
BLACK
6
CONTINUOUS
10
0.2832390551181102
20
1.0247957874015747
11
0.2832390551181102
21
1.0236436614173228
0
LINE
8
BLACK
6
CONTINUOUS
10
0.2832390551181102
20
1.0236436614173228
11
0.2827981496062992
21
1.022579251968504
0
LINE
8
BLACK
6
CONTINUOUS
10
0.2827981496062992
20
1.022579251968504
11
0.2819835039370079
21
1.0217646062992125
0
LINE
8
BLACK
6
CONTINUOUS
10
0.2819835039370079
20
1.0217646062992125
11
0.280919094488189
21
1.0213237007874016
0
LINE
8
BLACK
6
CONTINUOUS
10
0.280919094488189
20
1.0213237007874016
11
0.280343031496063
21
1.0212669685039371
0
LINE
8
BLACK
6
CONTINUOUS
10
0.280343031496063
20
1.0212669685039371
11
0.2578458661417323
21
1.0212669685039371
0
LINE
8
BLACK
6
CONTINUOUS
10
0.2578458661417323
20
1.0212669685039371
11
0.2572698031496063
21
1.0213237007874016
0
LINE
8
BLACK
6
CONTINUOUS
10
0.2572698031496063
20
1.0213237007874016
11
0.2562053937007874
21
1.0217646062992125
0
LINE
8
BLACK
6
CONTINUOUS
10
0.2562053937007874
20
1.0217646062992125
11
0.2553907480314961
21
1.022579251968504
0
LINE
8
BLACK
6
CONTINUOUS
10
0.2553907480314961
20
1.022579251968504
11
0.2549498425196851
21
1.0236436614173228
0
LINE
8
BLACK
6
CONTINUOUS
10
0.2549498425196851
20
1.0236436614173228
11
0.2549498425196851
21
1.0247957874015747
0
LINE
8
BLACK
6
CONTINUOUS
10
0.2549498425196851
20
1.0247957874015747
11
0.2553907480314961
21
1.0258601968503938
0
LINE
8
BLACK
6
CONTINUOUS
10
0.2553907480314961
20
1.0258601968503938
11
0.2562053937007874
21
1.026674842519685
0
LINE
8
BLACK
6
CONTINUOUS
10
0.2562053937007874
20
1.026674842519685
11
0.2572698031496063
21
1.0271157480314961
0
LINE
8
BLACK
6
CONTINUOUS
10
0.2572698031496063
20
1.0271157480314961
11
0.2578458661417323
21
1.0271724803149607
0
LINE
8
BLACK
6
CONTINUOUS
10
0.2578458661417323
20
1.0271724803149607
11
0.2661416929133858
21
1.0271724803149607
0
LINE
8
BLACK
6
CONTINUOUS
10
0.2661416929133858
20
1.0271724803149607
11
0.2661416929133858
21
1.0635898031496063
0
LINE
8
BLACK
6
CONTINUOUS
10
0.2661416929133858
20
1.0635898031496063
11
0.2661418897637795
21
1.0635918897637795
0
LINE
8
BLACK
6
CONTINUOUS
10
0.2661418897637795
20
1.0635918897637795
11
0.2661416929133858
21
1.0635929133858268
0
LINE
8
BLACK
6
CONTINUOUS
10
0.2661416929133858
20
1.0635929133858268
11
0.2661422834645669
21
1.0635959448818897
0
LINE
8
BLACK
6
CONTINUOUS
10
0.2661422834645669
20
1.0635959448818897
11
0.2661984251968504
21
1.0641658661417324
0
LINE
8
BLACK
6
CONTINUOUS
10
0.2661984251968504
20
1.0641658661417324
11
0.2663102755905511
21
1.0644359842519684
0
LINE
8
BLACK
6
CONTINUOUS
10
0.2663102755905511
20
1.0644359842519684
11
0.2663676377952756
21
1.0647225984251969
0
LINE
8
BLACK
6
CONTINUOUS
10
0.2663676377952756
20
1.0647225984251969
11
0.2665285826771653
21
1.0649629921259842
0
LINE
8
BLACK
6
CONTINUOUS
10
0.2665285826771653
20
1.0649629921259842
11
0.2666393307086614
21
1.0652302755905512
0
LINE
8
BLACK
6
CONTINUOUS
10
0.2666393307086614
20
1.0652302755905512
11
0.2668460236220472
21
1.0654370078740156
0
LINE
8
BLACK
6
CONTINUOUS
10
0.2668460236220472
20
1.0654370078740156
11
0.2670087007874016
21
1.0656798818897637
0
LINE
8
BLACK
6
CONTINUOUS
10
0.2670087007874016
20
1.0656798818897637
11
0.2672494094488189
21
1.0658403937007874
0
LINE
8
BLACK
6
CONTINUOUS
10
0.2672494094488189
20
1.0658403937007874
11
0.2674539763779528
21
1.0660449212598424
0
LINE
8
BLACK
6
CONTINUOUS
10
0.2674539763779528
20
1.0660449212598424
11
0.2677240551181102
21
1.0661568110236219
0
LINE
8
BLACK
6
CONTINUOUS
10
0.2677240551181102
20
1.0661568110236219
11
0.2679673228346456
21
1.0663189763779528
0
LINE
8
BLACK
6
CONTINUOUS
10
0.2679673228346456
20
1.0663189763779528
11
0.2682511023622047
21
1.0663751181102361
0
LINE
8
BLACK
6
CONTINUOUS
10
0.2682511023622047
20
1.0663751181102361
11
0.2685183858267716
21
1.0664858267716535
0
LINE
8
BLACK
6
CONTINUOUS
10
0.2685183858267716
20
1.0664858267716535
11
0.2688107874015748
21
1.0664858267716535
0
LINE
8
BLACK
6
CONTINUOUS
10
0.2688107874015748
20
1.0664858267716535
11
0.2690975590551181
21
1.0665425590551181
0
LINE
8
BLACK
6
CONTINUOUS
10
0.2690975590551181
20
1.0665425590551181
11
0.269381220472441
21
1.0664858267716535
0
LINE
8
BLACK
6
CONTINUOUS
10
0.3184144094488189
20
1.0664858267716535
11
0.3194788188976378
21
1.0660449212598424
0
LINE
8
BLACK
6
CONTINUOUS
10
0.3194788188976378
20
1.0660449212598424
11
0.3202934645669291
21
1.0652302755905512
0
LINE
8
BLACK
6
CONTINUOUS
10
0.3202934645669291
20
1.0652302755905512
11
0.3207343700787402
21
1.0641658661417324
0
LINE
8
BLACK
6
CONTINUOUS
10
0.3207343700787402
20
1.0641658661417324
11
0.3207911023622047
21
1.0635898031496063
0
LINE
8
BLACK
6
CONTINUOUS
10
0.3207911023622047
20
1.0635898031496063
11
0.3207911023622047
21
1.0242197244094489
0
LINE
8
BLACK
6
CONTINUOUS
10
0.3207911023622047
20
1.0242197244094489
11
0.3207343700787402
21
1.0236436614173228
0
LINE
8
BLACK
6
CONTINUOUS
10
0.3207343700787402
20
1.0236436614173228
11
0.3202934645669291
21
1.022579251968504
0
LINE
8
BLACK
6
CONTINUOUS
10
0.3202934645669291
20
1.022579251968504
11
0.3194788188976378
21
1.0217646062992125
0
LINE
8
BLACK
6
CONTINUOUS
10
0.3194788188976378
20
1.0217646062992125
11
0.3184144094488189
21
1.0213237007874016
0
LINE
8
BLACK
6
CONTINUOUS
10
0.3184144094488189
20
1.0213237007874016
11
0.3172622834645669
21
1.0213237007874016
0
LINE
8
BLACK
6
CONTINUOUS
10
0.3172622834645669
20
1.0213237007874016
11
0.316197874015748
21
1.0217646062992125
0
LINE
8
BLACK
6
CONTINUOUS
10
0.316197874015748
20
1.0217646062992125
11
0.3153832283464567
21
1.022579251968504
0
LINE
8
BLACK
6
CONTINUOUS
10
0.3153832283464567
20
1.022579251968504
11
0.3149423228346457
21
1.0236436614173228
0
LINE
8
BLACK
6
CONTINUOUS
10
0.3149423228346457
20
1.0236436614173228
11
0.3148855905511811
21
1.0242197244094489
0
LINE
8
BLACK
6
CONTINUOUS
10
0.3148855905511811
20
1.0242197244094489
11
0.3148855905511811
21
1.0400146456692914
0
LINE
8
BLACK
6
CONTINUOUS
10
0.3148855905511811
20
1.0400146456692914
11
0.3100018897637795
21
1.0400146456692914
0
LINE
8
BLACK
6
CONTINUOUS
10
0.3100018897637795
20
1.0400146456692914
11
0.297760157480315
21
1.0225264173228346
0
LINE
8
BLACK
6
CONTINUOUS
10
0.297760157480315
20
1.0225264173228346
11
0.2973833464566929
21
1.0220870472440944
0
LINE
8
BLACK
6
CONTINUOUS
10
0.2973833464566929
20
1.0220870472440944
11
0.2964117322834646
21
1.0214678740157479
0
LINE
8
BLACK
6
CONTINUOUS
10
0.2964117322834646
20
1.0214678740157479
11
0.2952772047244094
21
1.0212676771653544
0
LINE
8
BLACK
6
CONTINUOUS
10
0.2952772047244094
20
1.0212676771653544
11
0.2941523622047244
21
1.0215168503937007
0
LINE
8
BLACK
6
CONTINUOUS
10
0.2941523622047244
20
1.0215168503937007
11
0.2932085039370079
21
1.0221775590551181
0
LINE
8
BLACK
6
CONTINUOUS
10
0.2932085039370079
20
1.0221775590551181
11
0.2925893307086614
21
1.0231491732283464
0
LINE
8
BLACK
6
CONTINUOUS
10
0.2925893307086614
20
1.0231491732283464
11
0.2923891338582677
21
1.0242837007874015
0
LINE
8
BLACK
6
CONTINUOUS
10
0.2923891338582677
20
1.0242837007874015
11
0.2926383070866141
21
1.0254085433070865
0
LINE
8
BLACK
6
CONTINUOUS
10
0.2926383070866141
20
1.0254085433070865
11
0.2929222047244094
21
1.0259130314960629
0
LINE
8
BLACK
6
CONTINUOUS
10
0.2929222047244094
20
1.0259130314960629
11
0.3027963385826772
21
1.0400189763779528
0
LINE
8
BLACK
6
CONTINUOUS
10
0.3027963385826772
20
1.0400189763779528
11
0.3022641732283464
21
1.0400713779527559
0
LINE
8
BLACK
6
CONTINUOUS
10
0.3022641732283464
20
1.0400713779527559
11
0.3021661811023622
21
1.0401119685039371
0
LINE
8
BLACK
6
CONTINUOUS
10
0.3021661811023622
20
1.0401119685039371
11
0.3020603149606299
21
1.0401194881889764
0
LINE
8
BLACK
6
CONTINUOUS
10
0.3020603149606299
20
1.0401194881889764
11
0.3015197244094488
21
1.0403263779527558
0
LINE
8
BLACK
6
CONTINUOUS
10
0.3015197244094488
20
1.0403263779527558
11
0.2977701968503937
21
1.0422011417322834
0
LINE
8
BLACK
6
CONTINUOUS
10
0.2977701968503937
20
1.0422011417322834
11
0.2975221653543307
21
1.0423572440944882
0
LINE
8
BLACK
6
CONTINUOUS
10
0.2975221653543307
20
1.0423572440944882
11
0.2974502362204725
21
1.0423870472440944
0
LINE
8
BLACK
6
CONTINUOUS
10
0.2974502362204725
20
1.0423870472440944
11
0.2973692519685039
21
1.0424535433070865
0
LINE
8
BLACK
6
CONTINUOUS
10
0.2973692519685039
20
1.0424535433070865
11
0.2972803149606299
21
1.0425094881889763
0
LINE
8
BLACK
6
CONTINUOUS
10
0.2972803149606299
20
1.0425094881889763
11
0.2972291338582677
21
1.0425685039370078
0
LINE
8
BLACK
6
CONTINUOUS
10
0.2972291338582677
20
1.0425685039370078
11
0.2970027952755905
21
1.042754251968504
0
LINE
8
BLACK
6
CONTINUOUS
10
0.2970027952755905
20
1.042754251968504
11
0.295128031496063
21
1.0446290157480316
0
LINE
8
BLACK
6
CONTINUOUS
10
0.295128031496063
20
1.0446290157480316
11
0.2949422440944882
21
1.0448553937007874
0
LINE
8
BLACK
6
CONTINUOUS
10
0.2949422440944882
20
1.0448553937007874
11
0.2948832677165354
21
1.0449065354330709
0
LINE
8
BLACK
6
CONTINUOUS
10
0.2948832677165354
20
1.0449065354330709
11
0.2948272834645669
21
1.0449955118110237
0
LINE
8
BLACK
6
CONTINUOUS
10
0.2948272834645669
20
1.0449955118110237
11
0.2947608267716536
21
1.0450764566929134
0
LINE
8
BLACK
6
CONTINUOUS
10
0.2947608267716536
20
1.0450764566929134
11
0.2947309842519685
21
1.0451484251968504
0
LINE
8
BLACK
6
CONTINUOUS
10
0.2947309842519685
20
1.0451484251968504
11
0.2945749212598425
21
1.0453964173228347
0
LINE
8
BLACK
6
CONTINUOUS
10
0.2945749212598425
20
1.0453964173228347
11
0.292700157480315
21
1.0491459448818898
0
LINE
8
BLACK
6
CONTINUOUS
10
0.292700157480315
20
1.0491459448818898
11
0.2924932677165354
21
1.0496865748031496
0
LINE
8
BLACK
6
CONTINUOUS
10
0.2924932677165354
20
1.0496865748031496
11
0.2924857480314961
21
1.049792401574803
0
LINE
8
BLACK
6
CONTINUOUS
10
0.2924857480314961
20
1.049792401574803
11
0.292445157480315
21
1.0498903937007873
0
LINE
8
BLACK
6
CONTINUOUS
10
0.292445157480315
20
1.0498903937007873
11
0.2923884251968504
21
1.0504664566929134
0
LINE
8
BLACK
6
CONTINUOUS
10
0.2923884251968504
20
1.0504664566929134
11
0.2923884251968504
21
1.0560907480314961
0
LINE
8
BLACK
6
CONTINUOUS
10
0.2923884251968504
20
1.0560907480314961
11
0.292445157480315
21
1.0566668110236219
0
LINE
8
BLACK
6
CONTINUOUS
10
0.292445157480315
20
1.0566668110236219
11
0.2924857480314961
21
1.0567648425196849
0
LINE
8
BLACK
6
CONTINUOUS
10
0.2924857480314961
20
1.0567648425196849
11
0.2924932677165354
21
1.0568706299212598
0
LINE
8
BLACK
6
CONTINUOUS
10
0.2924932677165354
20
1.0568706299212598
11
0.292700157480315
21
1.0574112598425196
0
LINE
8
BLACK
6
CONTINUOUS
10
0.292700157480315
20
1.0574112598425196
11
0.2945749212598425
21
1.0611607874015747
0
LINE
8
BLACK
6
CONTINUOUS
10
0.2945749212598425
20
1.0611607874015747
11
0.2947309842519685
21
1.0614088188976378
0
LINE
8
BLACK
6
CONTINUOUS
10
0.2947309842519685
20
1.0614088188976378
11
0.2947608267716536
21
1.0614807480314961
0
LINE
8
BLACK
6
CONTINUOUS
10
0.2947608267716536
20
1.0614807480314961
11
0.2948272834645669
21
1.0615617322834645
0
LINE
8
BLACK
6
CONTINUOUS
10
0.2948272834645669
20
1.0615617322834645
11
0.2948832677165354
21
1.0616506692913386
0
LINE
8
BLACK
6
CONTINUOUS
10
0.2948832677165354
20
1.0616506692913386
11
0.2949422440944882
21
1.0617018503937008
0
LINE
8
BLACK
6
CONTINUOUS
10
0.2949422440944882
20
1.0617018503937008
11
0.295128031496063
21
1.0619281889763779
0
LINE
8
BLACK
6
CONTINUOUS
10
0.295128031496063
20
1.0619281889763779
11
0.2970027952755905
21
1.0638029527559054
0
LINE
8
BLACK
6
CONTINUOUS
10
0.2970027952755905
20
1.0638029527559054
11
0.2972291338582677
21
1.0639887401574804
0
LINE
8
BLACK
6
CONTINUOUS
10
0.2972291338582677
20
1.0639887401574804
11
0.2972803149606299
21
1.064047716535433
0
LINE
8
BLACK
6
CONTINUOUS
10
0.2972803149606299
20
1.064047716535433
11
0.2973692519685039
21
1.0641037007874015
0
LINE
8
BLACK
6
CONTINUOUS
10
0.2973692519685039
20
1.0641037007874015
11
0.2974502362204725
21
1.0641701574803148
0
LINE
8
BLACK
6
CONTINUOUS
10
0.2974502362204725
20
1.0641701574803148
11
0.2975221653543307
21
1.0642
0
LINE
8
BLACK
6
CONTINUOUS
10
0.2975221653543307
20
1.0642
11
0.2977701968503937
21
1.064356062992126
0
LINE
8
BLACK
6
CONTINUOUS
10
0.2977701968503937
20
1.064356062992126
11
0.3015197244094488
21
1.0662308267716536
0
LINE
8
BLACK
6
CONTINUOUS
10
0.3015197244094488
20
1.0662308267716536
11
0.3020603149606299
21
1.0664377165354331
0
LINE
8
BLACK
6
CONTINUOUS
10
0.3020603149606299
20
1.0664377165354331
11
0.3021661811023622
21
1.0664452755905511
0
LINE
8
BLACK
6
CONTINUOUS
10
0.3021661811023622
20
1.0664452755905511
11
0.3022641732283464
21
1.0664858267716535
0
LINE
8
BLACK
6
CONTINUOUS
10
0.3022641732283464
20
1.0664858267716535
11
0.3028402362204725
21
1.0665425590551181
0
LINE
8
BLACK
6
CONTINUOUS
10
0.3028402362204725
20
1.0665425590551181
11
0.3178383464566929
21
1.0665425590551181
0
LINE
8
BLACK
6
CONTINUOUS
10
0.3178383464566929
20
1.0665425590551181
11
0.3184144094488189
21
1.0664858267716535
0
LINE
8
BLACK
6
CONTINUOUS
10
0.3008398031496063
20
1.0592883070866141
11
0.2996426771653543
21
1.0580911811023621
0
LINE
8
BLACK
6
CONTINUOUS
10
0.2996426771653543
20
1.0580911811023621
11
0.298293937007874
21
1.0553937007874015
0
LINE
8
BLACK
6
CONTINUOUS
10
0.298293937007874
20
1.0553937007874015
11
0.298293937007874
21
1.0511635039370077
0
LINE
8
BLACK
6
CONTINUOUS
10
0.298293937007874
20
1.0511635039370077
11
0.2996426771653543
21
1.0484660236220473
0
LINE
8
BLACK
6
CONTINUOUS
10
0.2996426771653543
20
1.0484660236220473
11
0.3008398031496063
21
1.0472688976377953
0
LINE
8
BLACK
6
CONTINUOUS
10
0.3008398031496063
20
1.0472688976377953
11
0.3035372834645669
21
1.045920157480315
0
LINE
8
BLACK
6
CONTINUOUS
10
0.3035372834645669
20
1.045920157480315
11
0.3148855905511811
21
1.045920157480315
0
LINE
8
BLACK
6
CONTINUOUS
10
0.3148855905511811
20
1.045920157480315
11
0.3148855905511811
21
1.0606370472440945
0
LINE
8
BLACK
6
CONTINUOUS
10
0.3148855905511811
20
1.0606370472440945
11
0.3035372834645669
21
1.0606370472440945
0
LINE
8
BLACK
6
CONTINUOUS
10
0.3035372834645669
20
1.0606370472440945
11
0.3008398031496063
21
1.0592883070866141
0
LINE
8
BLACK
6
CONTINUOUS
10
0.2113700787401575
20
1.0531678346456692
11
0.2114131102362205
21
1.0531742125984251
0
LINE
8
BLACK
6
CONTINUOUS
10
0.2114131102362205
20
1.0531742125984251
11
0.2116285826771654
21
1.0531423622047245
0
LINE
8
BLACK
6
CONTINUOUS
10
0.2116285826771654
20
1.0531423622047245
11
0.2118456299212598
21
1.0531209842519684
0
LINE
8
BLACK
6
CONTINUOUS
10
0.2118456299212598
20
1.0531209842519684
11
0.2118858267716535
21
1.0531043700787401
0
LINE
8
BLACK
6
CONTINUOUS
10
0.2118858267716535
20
1.0531043700787401
11
0.2119857086614173
21
1.0530895669291338
0
LINE
8
BLACK
6
CONTINUOUS
10
0.2119857086614173
20
1.0530895669291338
11
0.2194847637795276
21
1.0512148031496062
0
LINE
8
BLACK
6
CONTINUOUS
10
0.2194847637795276
20
1.0512148031496062
11
0.2195272440944882
21
1.0511996456692914
0
LINE
8
BLACK
6
CONTINUOUS
10
0.2195272440944882
20
1.0511996456692914
11
0.2195485039370079
21
1.0511981102362205
0
LINE
8
BLACK
6
CONTINUOUS
10
0.2195485039370079
20
1.0511981102362205
11
0.2197879133858268
21
1.0511064960629921
0
LINE
8
BLACK
6
CONTINUOUS
10
0.2197879133858268
20
1.0511064960629921
11
0.2200298818897638
21
1.0510200393700788
0
LINE
8
BLACK
6
CONTINUOUS
10
0.2200298818897638
20
1.0510200393700788
11
0.2200470078740157
21
1.0510073622047245
0
LINE
8
BLACK
6
CONTINUOUS
10
0.2200470078740157
20
1.0510073622047245
11
0.2200891338582677
21
1.050991220472441
0
LINE
8
BLACK
6
CONTINUOUS
10
0.2200891338582677
20
1.050991220472441
11
0.2238386614173228
21
1.0491164566929134
0
LINE
8
BLACK
6
CONTINUOUS
10
0.2238386614173228
20
1.0491164566929134
11
0.2240865354330709
21
1.0489604330708662
0
LINE
8
BLACK
6
CONTINUOUS
10
0.2240865354330709
20
1.0489604330708662
11
0.2241585826771653
21
1.048930590551181
0
LINE
8
BLACK
6
CONTINUOUS
10
0.2241585826771653
20
1.048930590551181
11
0.2242396062992126
21
1.0488640944881888
0
LINE
8
BLACK
6
CONTINUOUS
10
0.2242396062992126
20
1.0488640944881888
11
0.2243285433070866
21
1.0488081102362206
0
LINE
8
BLACK
6
CONTINUOUS
10
0.2243285433070866
20
1.0488081102362206
11
0.2243796850393701
21
1.0487491338582677
0
LINE
8
BLACK
6
CONTINUOUS
10
0.2243796850393701
20
1.0487491338582677
11
0.224606062992126
21
1.0485633464566928
0
LINE
8
BLACK
6
CONTINUOUS
10
0.224606062992126
20
1.0485633464566928
11
0.2283556299212599
21
1.0448138188976377
0
LINE
8
BLACK
6
CONTINUOUS
10
0.2283556299212599
20
1.0448138188976377
11
0.228722874015748
21
1.0443663779527559
0
LINE
8
BLACK
6
CONTINUOUS
10
0.228722874015748
20
1.0443663779527559
11
0.2287634645669291
21
1.0442683464566929
0
LINE
8
BLACK
6
CONTINUOUS
10
0.2287634645669291
20
1.0442683464566929
11
0.2288329527559055
21
1.0441882283464567
0
LINE
8
BLACK
6
CONTINUOUS
10
0.2288329527559055
20
1.0441882283464567
11
0.229068937007874
21
1.0436596456692913
0
LINE
8
BLACK
6
CONTINUOUS
10
0.229068937007874
20
1.0436596456692913
11
0.2309437007874016
21
1.0380353937007873
0
LINE
8
BLACK
6
CONTINUOUS
10
0.2309437007874016
20
1.0380353937007873
11
0.2310086220472441
21
1.0377497637795274
0
LINE
8
BLACK
6
CONTINUOUS
10
0.2310086220472441
20
1.0377497637795274
11
0.2310385039370079
21
1.0376776771653544
0
LINE
8
BLACK
6
CONTINUOUS
10
0.2310385039370079
20
1.0376776771653544
11
0.2310487795275591
21
1.0375732283464567
0
LINE
8
BLACK
6
CONTINUOUS
10
0.2310487795275591
20
1.0375732283464567
11
0.2310720472440945
21
1.0374709448818897
0
LINE
8
BLACK
6
CONTINUOUS
10
0.2310720472440945
20
1.0374709448818897
11
0.2310664960629921
21
1.0373932283464566
0
LINE
8
BLACK
6
CONTINUOUS
10
0.2310664960629921
20
1.0373932283464566
11
0.2310952362204724
21
1.0371016141732283
0
LINE
8
BLACK
6
CONTINUOUS
10
0.2310952362204724
20
1.0371016141732283
11
0.2310952362204724
21
1.0333520866141732
0
LINE
8
BLACK
6
CONTINUOUS
10
0.2310952362204724
20
1.0333520866141732
11
0.2310664960629921
21
1.0330605118110237
0
LINE
8
BLACK
6
CONTINUOUS
10
0.2310664960629921
20
1.0330605118110237
11
0.2310720472440945
21
1.0329827559055118
0
LINE
8
BLACK
6
CONTINUOUS
10
0.2310720472440945
20
1.0329827559055118
11
0.2310487795275591
21
1.0328805118110236
0
LINE
8
BLACK
6
CONTINUOUS
10
0.2310487795275591
20
1.0328805118110236
11
0.2310385039370079
21
1.0327760236220471
0
LINE
8
BLACK
6
CONTINUOUS
10
0.2310385039370079
20
1.0327760236220471
11
0.2310086220472441
21
1.0327039763779526
0
LINE
8
BLACK
6
CONTINUOUS
10
0.2310086220472441
20
1.0327039763779526
11
0.2309437007874016
21
1.0324183070866142
0
LINE
8
BLACK
6
CONTINUOUS
10
0.2309437007874016
20
1.0324183070866142
11
0.229068937007874
21
1.0267940551181103
0
LINE
8
BLACK
6
CONTINUOUS
10
0.229068937007874
20
1.0267940551181103
11
0.2288329527559055
21
1.0262654724409448
0
LINE
8
BLACK
6
CONTINUOUS
10
0.2288329527559055
20
1.0262654724409448
11
0.2287633858267716
21
1.0261853149606299
0
LINE
8
BLACK
6
CONTINUOUS
10
0.2287633858267716
20
1.0261853149606299
11
0.2287228346456693
21
1.0260873228346457
0
LINE
8
BLACK
6
CONTINUOUS
10
0.2287228346456693
20
1.0260873228346457
11
0.2283555905511811
21
1.0256398425196851
0
LINE
8
BLACK
6
CONTINUOUS
10
0.2283555905511811
20
1.0256398425196851
11
0.2264807874015748
21
1.0237650787401575
0
LINE
8
BLACK
6
CONTINUOUS
10
0.2264807874015748
20
1.0237650787401575
11
0.2260333464566929
21
1.0233978740157481
0
LINE
8
BLACK
6
CONTINUOUS
10
0.2260333464566929
20
1.0233978740157481
11
0.224968937007874
21
1.0229570078740158
0
LINE
8
BLACK
6
CONTINUOUS
10
0.224968937007874
20
1.0229570078740158
11
0.2238168503937008
21
1.0229570078740158
0
LINE
8
BLACK
6
CONTINUOUS
10
0.2238168503937008
20
1.0229570078740158
11
0.2227524409448819
21
1.0233979133858266
0
LINE
8
BLACK
6
CONTINUOUS
10
0.2227524409448819
20
1.0233979133858266
11
0.2219377559055118
21
1.0242125984251969
0
LINE
8
BLACK
6
CONTINUOUS
10
0.2219377559055118
20
1.0242125984251969
11
0.2214968897637795
21
1.0252770078740157
0
LINE
8
BLACK
6
CONTINUOUS
10
0.2214968897637795
20
1.0252770078740157
11
0.2214968897637795
21
1.0264290944881889
0
LINE
8
BLACK
6
CONTINUOUS
10
0.2214968897637795
20
1.0264290944881889
11
0.2219377952755905
21
1.0274935039370079
0
LINE
8
BLACK
6
CONTINUOUS
10
0.2219377952755905
20
1.0274935039370079
11
0.2223050393700787
21
1.0279409842519684
0
LINE
8
BLACK
6
CONTINUOUS
10
0.2223050393700787
20
1.0279409842519684
11
0.2236869291338583
21
1.0293228740157481
0
LINE
8
BLACK
6
CONTINUOUS
10
0.2236869291338583
20
1.0293228740157481
11
0.2251897244094488
21
1.0338312204724409
0
LINE
8
BLACK
6
CONTINUOUS
10
0.2251897244094488
20
1.0338312204724409
11
0.2251897244094488
21
1.0366224803149606
0
LINE
8
BLACK
6
CONTINUOUS
10
0.2251897244094488
20
1.0366224803149606
11
0.2236869291338583
21
1.0411308661417322
0
LINE
8
BLACK
6
CONTINUOUS
10
0.2236869291338583
20
1.0411308661417322
11
0.2207690551181102
21
1.0440487007874015
0
LINE
8
BLACK
6
CONTINUOUS
10
0.2207690551181102
20
1.0440487007874015
11
0.2177380708661417
21
1.0455642125984252
0
LINE
8
BLACK
6
CONTINUOUS
10
0.2177380708661417
20
1.0455642125984252
11
0.2109060236220472
21
1.0472722047244094
0
LINE
8
BLACK
6
CONTINUOUS
10
0.2109060236220472
20
1.0472722047244094
11
0.2060088188976378
21
1.0472722047244094
0
LINE
8
BLACK
6
CONTINUOUS
10
0.2060088188976378
20
1.0472722047244094
11
0.1991767716535433
21
1.0455642125984252
0
LINE
8
BLACK
6
CONTINUOUS
10
0.1991767716535433
20
1.0455642125984252
11
0.1961457874015748
21
1.0440487007874015
0
LINE
8
BLACK
6
CONTINUOUS
10
0.1961457874015748
20
1.0440487007874015
11
0.1932279527559055
21
1.041130905511811
0
LINE
8
BLACK
6
CONTINUOUS
10
0.1932279527559055
20
1.041130905511811
11
0.191725157480315
21
1.0366224803149606
0
LINE
8
BLACK
6
CONTINUOUS
10
0.191725157480315
20
1.0366224803149606
11
0.191725157480315
21
1.0338312598425197
0
LINE
8
BLACK
6
CONTINUOUS
10
0.191725157480315
20
1.0338312598425197
11
0.1932279527559055
21
1.0293228346456693
0
LINE
8
BLACK
6
CONTINUOUS
10
0.1932279527559055
20
1.0293228346456693
11
0.194609842519685
21
1.0279409448818897
0
LINE
8
BLACK
6
CONTINUOUS
10
0.194609842519685
20
1.0279409448818897
11
0.1949770472440945
21
1.0274935039370079
0
LINE
8
BLACK
6
CONTINUOUS
10
0.1949770472440945
20
1.0274935039370079
11
0.1954179527559055
21
1.0264290944881889
0
LINE
8
BLACK
6
CONTINUOUS
10
0.1954179527559055
20
1.0264290944881889
11
0.1954179527559055
21
1.0252770078740157
0
LINE
8
BLACK
6
CONTINUOUS
10
0.1954179527559055
20
1.0252770078740157
11
0.1949770472440945
21
1.0242125984251969
0
LINE
8
BLACK
6
CONTINUOUS
10
0.1949770472440945
20
1.0242125984251969
11
0.1941623622047244
21
1.0233979133858266
0
LINE
8
BLACK
6
CONTINUOUS
10
0.1941623622047244
20
1.0233979133858266
11
0.1930979527559055
21
1.0229570078740158
0
LINE
8
BLACK
6
CONTINUOUS
10
0.1930979527559055
20
1.0229570078740158
11
0.1919458661417323
21
1.0229570078740158
0
LINE
8
BLACK
6
CONTINUOUS
10
0.1919458661417323
20
1.0229570078740158
11
0.1908814566929134
21
1.0233979133858266
0
LINE
8
BLACK
6
CONTINUOUS
10
0.1908814566929134
20
1.0233979133858266
11
0.1904340157480315
21
1.0237651181102363
0
LINE
8
BLACK
6
CONTINUOUS
10
0.1904340157480315
20
1.0237651181102363
11
0.1885592519685039
21
1.0256398818897638
0
LINE
8
BLACK
6
CONTINUOUS
10
0.1885592519685039
20
1.0256398818897638
11
0.1881920472440945
21
1.0260873228346457
0
LINE
8
BLACK
6
CONTINUOUS
10
0.1881920472440945
20
1.0260873228346457
11
0.1881514173228346
21
1.0261853937007874
0
LINE
8
BLACK
6
CONTINUOUS
10
0.1881514173228346
20
1.0261853937007874
11
0.1880819291338583
21
1.0262655118110235
0
LINE
8
BLACK
6
CONTINUOUS
10
0.1880819291338583
20
1.0262655118110235
11
0.1878459448818898
21
1.0267940551181103
0
LINE
8
BLACK
6
CONTINUOUS
10
0.1878459448818898
20
1.0267940551181103
11
0.1859711811023622
21
1.0324183464566929
0
LINE
8
BLACK
6
CONTINUOUS
10
0.1859711811023622
20
1.0324183464566929
11
0.1859062204724409
21
1.0327039370078739
0
LINE
8
BLACK
6
CONTINUOUS
10
0.1859062204724409
20
1.0327039370078739
11
0.1858763779527559
21
1.0327760236220471
0
LINE
8
BLACK
6
CONTINUOUS
10
0.1858763779527559
20
1.0327760236220471
11
0.185866062992126
21
1.0328805511811023
0
LINE
8
BLACK
6
CONTINUOUS
10
0.185866062992126
20
1.0328805511811023
11
0.1858428346456693
21
1.0329827952755906
0
LINE
8
BLACK
6
CONTINUOUS
10
0.1858428346456693
20
1.0329827952755906
11
0.1858483464566929
21
1.0330605511811024
0
LINE
8
BLACK
6
CONTINUOUS
10
0.1858483464566929
20
1.0330605511811024
11
0.1858196456692913
21
1.0333520866141732
0
LINE
8
BLACK
6
CONTINUOUS
10
0.1858196456692913
20
1.0333520866141732
11
0.1858196456692913
21
1.0371016141732283
0
LINE
8
BLACK
6
CONTINUOUS
10
0.1858196456692913
20
1.0371016141732283
11
0.1858483464566929
21
1.0373931889763779
0
LINE
8
BLACK
6
CONTINUOUS
10
0.1858483464566929
20
1.0373931889763779
11
0.1858428346456693
21
1.037470905511811
0
LINE
8
BLACK
6
CONTINUOUS
10
0.1858428346456693
20
1.037470905511811
11
0.185866062992126
21
1.037573188976378
0
LINE
8
BLACK
6
CONTINUOUS
10
0.185866062992126
20
1.037573188976378
11
0.1858763779527559
21
1.0376776771653544
0
LINE
8
BLACK
6
CONTINUOUS
10
0.1858763779527559
20
1.0376776771653544
11
0.1859062204724409
21
1.0377498031496062
0
LINE
8
BLACK
6
CONTINUOUS
10
0.1859062204724409
20
1.0377498031496062
11
0.1859711811023622
21
1.0380353543307086
0
LINE
8
BLACK
6
CONTINUOUS
10
0.1859711811023622
20
1.0380353543307086
11
0.1878459448818898
21
1.0436596456692913
0
LINE
8
BLACK
6
CONTINUOUS
10
0.1878459448818898
20
1.0436596456692913
11
0.1880819291338583
21
1.044188188976378
0
LINE
8
BLACK
6
CONTINUOUS
10
0.1880819291338583
20
1.044188188976378
11
0.1881514173228346
21
1.0442683464566929
0
LINE
8
BLACK
6
CONTINUOUS
10
0.1881514173228346
20
1.0442683464566929
11
0.1881920472440945
21
1.0443663779527559
0
LINE
8
BLACK
6
CONTINUOUS
10
0.1881920472440945
20
1.0443663779527559
11
0.1885592519685039
21
1.0448138188976377
0
LINE
8
BLACK
6
CONTINUOUS
10
0.1885592519685039
20
1.0448138188976377
11
0.192308779527559
21
1.0485633464566928
0
LINE
8
BLACK
6
CONTINUOUS
10
0.192308779527559
20
1.0485633464566928
11
0.192535157480315
21
1.0487492125984252
0
LINE
8
BLACK
6
CONTINUOUS
10
0.192535157480315
20
1.0487492125984252
11
0.1925862992125984
21
1.0488081102362206
0
LINE
8
BLACK
6
CONTINUOUS
10
0.1925862992125984
20
1.0488081102362206
11
0.1926750393700787
21
1.0488640157480316
0
LINE
8
BLACK
6
CONTINUOUS
10
0.1926750393700787
20
1.0488640157480316
11
0.192756220472441
21
1.048930590551181
0
LINE
8
BLACK
6
CONTINUOUS
10
0.192756220472441
20
1.048930590551181
11
0.1928283464566929
21
1.0489604724409449
0
LINE
8
BLACK
6
CONTINUOUS
10
0.1928283464566929
20
1.0489604724409449
11
0.1930761811023622
21
1.0491164566929134
0
LINE
8
BLACK
6
CONTINUOUS
10
0.1930761811023622
20
1.0491164566929134
11
0.1968257086614173
21
1.050991220472441
0
LINE
8
BLACK
6
CONTINUOUS
10
0.1968257086614173
20
1.050991220472441
11
0.1968677952755905
21
1.0510073622047245
0
LINE
8
BLACK
6
CONTINUOUS
10
0.1968677952755905
20
1.0510073622047245
11
0.1968849606299213
21
1.0510200393700788
0
LINE
8
BLACK
6
CONTINUOUS
10
0.1968849606299213
20
1.0510200393700788
11
0.1971265354330708
21
1.0511063779527559
0
LINE
8
BLACK
6
CONTINUOUS
10
0.1971265354330708
20
1.0511063779527559
11
0.1973662992125984
21
1.0511981102362205
0
LINE
8
BLACK
6
CONTINUOUS
10
0.1973662992125984
20
1.0511981102362205
11
0.1973875590551181
21
1.0511996456692914
0
LINE
8
BLACK
6
CONTINUOUS
10
0.1973875590551181
20
1.0511996456692914
11
0.1974300787401575
21
1.0512148031496062
0
LINE
8
BLACK
6
CONTINUOUS
10
0.1974300787401575
20
1.0512148031496062
11
0.2049291338582677
21
1.0530895669291338
0
LINE
8
BLACK
6
CONTINUOUS
10
0.2049291338582677
20
1.0530895669291338
11
0.2050289763779528
21
1.0531043700787401
0
LINE
8
BLACK
6
CONTINUOUS
10
0.2050289763779528
20
1.0531043700787401
11
0.2050692125984252
21
1.0531209842519684
0
LINE
8
BLACK
6
CONTINUOUS
10
0.2050692125984252
20
1.0531209842519684
11
0.2052862204724409
21
1.0531423622047245
0
LINE
8
BLACK
6
CONTINUOUS
10
0.2052862204724409
20
1.0531423622047245
11
0.2055017322834645
21
1.0531742125984251
0
LINE
8
BLACK
6
CONTINUOUS
10
0.2055017322834645
20
1.0531742125984251
11
0.2055447244094488
21
1.0531678346456692
0
LINE
8
BLACK
6
CONTINUOUS
10
0.2055447244094488
20
1.0531678346456692
11
0.2056452755905512
21
1.053177716535433
0
LINE
8
BLACK
6
CONTINUOUS
10
0.2056452755905512
20
1.053177716535433
11
0.2112695669291338
21
1.053177716535433
0
LINE
8
BLACK
6
CONTINUOUS
10
0.2112695669291338
20
1.053177716535433
11
0.2113700787401575
21
1.0531678346456692
0
LINE
8
BLACK
6
CONTINUOUS
10
0.509820905511811
20
1.0559706299212599
11
0.5108853149606299
21
1.0555297244094488
0
LINE
8
BLACK
6
CONTINUOUS
10
0.5108853149606299
20
1.0555297244094488
11
0.5116999606299213
21
1.0547150787401574
0
LINE
8
BLACK
6
CONTINUOUS
10
0.5116999606299213
20
1.0547150787401574
11
0.5121408661417323
21
1.0536506692913385
0
LINE
8
BLACK
6
CONTINUOUS
10
0.5121408661417323
20
1.0536506692913385
11
0.5121408661417323
21
1.0524985433070866
0
LINE
8
BLACK
6
CONTINUOUS
10
0.5121408661417323
20
1.0524985433070866
11
0.5116999606299213
21
1.0514341338582678
0
LINE
8
BLACK
6
CONTINUOUS
10
0.5116999606299213
20
1.0514341338582678
11
0.5108853149606299
21
1.0506194881889763
0
LINE
8
BLACK
6
CONTINUOUS
10
0.5108853149606299
20
1.0506194881889763
11
0.509820905511811
21
1.0501785826771652
0
LINE
8
BLACK
6
CONTINUOUS
10
0.509820905511811
20
1.0501785826771652
11
0.509244842519685
21
1.0501218503937009
0
LINE
8
BLACK
6
CONTINUOUS
10
0.509244842519685
20
1.0501218503937009
11
0.4934499212598425
21
1.0501218503937009
0
LINE
8
BLACK
6
CONTINUOUS
10
0.4934499212598425
20
1.0501218503937009
11
0.4934499212598425
21
1.045238188976378
0
LINE
8
BLACK
6
CONTINUOUS
10
0.4934499212598425
20
1.045238188976378
11
0.5109381496062992
21
1.0329964173228345
0
LINE
8
BLACK
6
CONTINUOUS
10
0.5109381496062992
20
1.0329964173228345
11
0.5113775196850393
21
1.0326196062992126
0
LINE
8
BLACK
6
CONTINUOUS
10
0.5113775196850393
20
1.0326196062992126
11
0.5119966929133858
21
1.0316479921259842
0
LINE
8
BLACK
6
CONTINUOUS
10
0.5119966929133858
20
1.0316479921259842
11
0.5121969291338583
21
1.0305134645669292
0
LINE
8
BLACK
6
CONTINUOUS
10
0.5121969291338583
20
1.0305134645669292
11
0.511947716535433
21
1.0293886220472441
0
LINE
8
BLACK
6
CONTINUOUS
10
0.511947716535433
20
1.0293886220472441
11
0.5112870078740157
21
1.0284447637795275
0
LINE
8
BLACK
6
CONTINUOUS
10
0.5112870078740157
20
1.0284447637795275
11
0.5103154330708661
21
1.0278255905511811
0
LINE
8
BLACK
6
CONTINUOUS
10
0.5103154330708661
20
1.0278255905511811
11
0.5091808661417323
21
1.0276253937007873
0
LINE
8
BLACK
6
CONTINUOUS
10
0.5091808661417323
20
1.0276253937007873
11
0.5080560236220473
21
1.0278745669291338
0
LINE
8
BLACK
6
CONTINUOUS
10
0.5080560236220473
20
1.0278745669291338
11
0.5075515748031496
21
1.0281584251968503
0
LINE
8
BLACK
6
CONTINUOUS
10
0.5075515748031496
20
1.0281584251968503
11
0.4934455905511811
21
1.0380325984251968
0
LINE
8
BLACK
6
CONTINUOUS
10
0.4934455905511811
20
1.0380325984251968
11
0.493393188976378
21
1.0375004330708661
0
LINE
8
BLACK
6
CONTINUOUS
10
0.493393188976378
20
1.0375004330708661
11
0.4933525984251969
21
1.0374024803149606
0
LINE
8
BLACK
6
CONTINUOUS
10
0.4933525984251969
20
1.0374024803149606
11
0.4933450787401575
21
1.0372965748031495
0
LINE
8
BLACK
6
CONTINUOUS
10
0.4933450787401575
20
1.0372965748031495
11
0.493138188976378
21
1.0367559842519685
0
LINE
8
BLACK
6
CONTINUOUS
10
0.493138188976378
20
1.0367559842519685
11
0.4912634251968504
21
1.0330064566929134
0
LINE
8
BLACK
6
CONTINUOUS
10
0.4912634251968504
20
1.0330064566929134
11
0.4911073228346456
21
1.0327584645669292
0
LINE
8
BLACK
6
CONTINUOUS
10
0.4911073228346456
20
1.0327584645669292
11
0.4910775196850394
21
1.032686496062992
0
LINE
8
BLACK
6
CONTINUOUS
10
0.4910775196850394
20
1.032686496062992
11
0.4910110236220472
21
1.0326055511811023
0
LINE
8
BLACK
6
CONTINUOUS
10
0.4910110236220472
20
1.0326055511811023
11
0.4909550787401575
21
1.0325165748031495
0
LINE
8
BLACK
6
CONTINUOUS
10
0.4909550787401575
20
1.0325165748031495
11
0.490896062992126
21
1.032465433070866
0
LINE
8
BLACK
6
CONTINUOUS
10
0.490896062992126
20
1.032465433070866
11
0.4907103149606299
21
1.0322390551181102
0
LINE
8
BLACK
6
CONTINUOUS
10
0.4907103149606299
20
1.0322390551181102
11
0.4888355511811023
21
1.0303642913385826
0
LINE
8
BLACK
6
CONTINUOUS
10
0.4888355511811023
20
1.0303642913385826
11
0.4886091732283465
21
1.0301785433070867
0
LINE
8
BLACK
6
CONTINUOUS
10
0.4886091732283465
20
1.0301785433070867
11
0.488558031496063
21
1.0301195275590551
0
LINE
8
BLACK
6
CONTINUOUS
10
0.488558031496063
20
1.0301195275590551
11
0.4884690551181102
21
1.0300635826771654
0
LINE
8
BLACK
6
CONTINUOUS
10
0.4884690551181102
20
1.0300635826771654
11
0.4883881102362205
21
1.0299970866141732
0
LINE
8
BLACK
6
CONTINUOUS
10
0.4883881102362205
20
1.0299970866141732
11
0.4883161417322834
21
1.029967283464567
0
LINE
8
BLACK
6
CONTINUOUS
10
0.4883161417322834
20
1.029967283464567
11
0.4880681496062992
21
1.0298111811023622
0
LINE
8
BLACK
6
CONTINUOUS
10
0.4880681496062992
20
1.0298111811023622
11
0.4843186220472441
21
1.0279364173228347
0
LINE
8
BLACK
6
CONTINUOUS
10
0.4843186220472441
20
1.0279364173228347
11
0.4837779921259843
21
1.027729527559055
0
LINE
8
BLACK
6
CONTINUOUS
10
0.4837779921259843
20
1.027729527559055
11
0.4836721653543307
21
1.0277220472440944
0
LINE
8
BLACK
6
CONTINUOUS
10
0.4836721653543307
20
1.0277220472440944
11
0.4835741732283464
21
1.0276814173228346
0
LINE
8
BLACK
6
CONTINUOUS
10
0.4835741732283464
20
1.0276814173228346
11
0.4829981102362205
21
1.02762468503937
0
LINE
8
BLACK
6
CONTINUOUS
10
0.4829981102362205
20
1.02762468503937
11
0.4773738188976378
21
1.02762468503937
0
LINE
8
BLACK
6
CONTINUOUS
10
0.4773738188976378
20
1.02762468503937
11
0.4767977559055118
21
1.0276814173228346
0
LINE
8
BLACK
6
CONTINUOUS
10
0.4767977559055118
20
1.0276814173228346
11
0.4766997637795276
21
1.0277220078740157
0
LINE
8
BLACK
6
CONTINUOUS
10
0.4766997637795276
20
1.0277220078740157
11
0.4765938976377952
21
1.027729527559055
0
LINE
8
BLACK
6
CONTINUOUS
10
0.4765938976377952
20
1.027729527559055
11
0.4760533070866141
21
1.0279364173228347
0
LINE
8
BLACK
6
CONTINUOUS
10
0.4760533070866141
20
1.0279364173228347
11
0.472303779527559
21
1.0298111811023622
0
LINE
8
BLACK
6
CONTINUOUS
10
0.472303779527559
20
1.0298111811023622
11
0.472055748031496
21
1.029967283464567
0
LINE
8
BLACK
6
CONTINUOUS
10
0.472055748031496
20
1.029967283464567
11
0.4719838188976378
21
1.0299970866141732
0
LINE
8
BLACK
6
CONTINUOUS
10
0.4719838188976378
20
1.0299970866141732
11
0.4719028346456693
21
1.0300635826771654
0
LINE
8
BLACK
6
CONTINUOUS
10
0.4719028346456693
20
1.0300635826771654
11
0.4718138976377952
21
1.0301195275590551
0
LINE
8
BLACK
6
CONTINUOUS
10
0.4718138976377952
20
1.0301195275590551
11
0.4717627165354331
21
1.0301785433070867
0
LINE
8
BLACK
6
CONTINUOUS
10
0.4717627165354331
20
1.0301785433070867
11
0.4715363779527559
21
1.0303642913385826
0
LINE
8
BLACK
6
CONTINUOUS
10
0.4715363779527559
20
1.0303642913385826
11
0.4696616141732283
21
1.0322390551181102
0
LINE
8
BLACK
6
CONTINUOUS
10
0.4696616141732283
20
1.0322390551181102
11
0.4694758267716536
21
1.032465433070866
0
LINE
8
BLACK
6
CONTINUOUS
10
0.4694758267716536
20
1.032465433070866
11
0.4694168503937008
21
1.0325165748031495
0
LINE
8
BLACK
6
CONTINUOUS
10
0.4694168503937008
20
1.0325165748031495
11
0.4693608661417323
21
1.0326055511811023
0
LINE
8
BLACK
6
CONTINUOUS
10
0.4693608661417323
20
1.0326055511811023
11
0.4692944094488189
21
1.032686496062992
0
LINE
8
BLACK
6
CONTINUOUS
10
0.4692944094488189
20
1.032686496062992
11
0.4692645669291339
21
1.0327584645669292
0
LINE
8
BLACK
6
CONTINUOUS
10
0.4692645669291339
20
1.0327584645669292
11
0.4691085039370079
21
1.0330064566929134
0
LINE
8
BLACK
6
CONTINUOUS
10
0.4691085039370079
20
1.0330064566929134
11
0.4672337401574803
21
1.0367559842519685
0
LINE
8
BLACK
6
CONTINUOUS
10
0.4672337401574803
20
1.0367559842519685
11
0.4670268503937008
21
1.0372966141732283
0
LINE
8
BLACK
6
CONTINUOUS
10
0.4670268503937008
20
1.0372966141732283
11
0.4670193307086614
21
1.0374024409448819
0
LINE
8
BLACK
6
CONTINUOUS
10
0.4670193307086614
20
1.0374024409448819
11
0.4669787401574803
21
1.0375004330708661
0
LINE
8
BLACK
6
CONTINUOUS
10
0.4669787401574803
20
1.0375004330708661
11
0.4669220078740157
21
1.038076496062992
0
LINE
8
BLACK
6
CONTINUOUS
10
0.4669220078740157
20
1.038076496062992
11
0.4669220078740157
21
1.0530746062992127
0
LINE
8
BLACK
6
CONTINUOUS
10
0.4669220078740157
20
1.0530746062992127
11
0.4669787401574803
21
1.0536506692913385
0
LINE
8
BLACK
6
CONTINUOUS
10
0.4669787401574803
20
1.0536506692913385
11
0.4674196456692913
21
1.0547150787401574
0
LINE
8
BLACK
6
CONTINUOUS
10
0.4674196456692913
20
1.0547150787401574
11
0.4682342913385827
21
1.0555297244094488
0
LINE
8
BLACK
6
CONTINUOUS
10
0.4682342913385827
20
1.0555297244094488
11
0.4692987007874015
21
1.0559706299212599
0
LINE
8
BLACK
6
CONTINUOUS
10
0.4692987007874015
20
1.0559706299212599
11
0.4698747637795275
21
1.0560273622047245
0
LINE
8
BLACK
6
CONTINUOUS
10
0.4698747637795275
20
1.0560273622047245
11
0.509244842519685
21
1.0560273622047245
0
LINE
8
BLACK
6
CONTINUOUS
10
0.509244842519685
20
1.0560273622047245
11
0.509820905511811
21
1.0559706299212599
0
LINE
8
BLACK
6
CONTINUOUS
10
0.4728275196850393
20
1.0387735433070866
11
0.4741762598425197
21
1.036076062992126
0
LINE
8
BLACK
6
CONTINUOUS
10
0.4741762598425197
20
1.036076062992126
11
0.4753733858267716
21
1.0348789370078739
0
LINE
8
BLACK
6
CONTINUOUS
10
0.4753733858267716
20
1.0348789370078739
11
0.4780708661417323
21
1.0335301968503936
0
LINE
8
BLACK
6
CONTINUOUS
10
0.4780708661417323
20
1.0335301968503936
11
0.482301062992126
21
1.0335301968503936
0
LINE
8
BLACK
6
CONTINUOUS
10
0.482301062992126
20
1.0335301968503936
11
0.4849985433070866
21
1.0348789370078739
0
LINE
8
BLACK
6
CONTINUOUS
10
0.4849985433070866
20
1.0348789370078739
11
0.4861956692913386
21
1.036076062992126
0
LINE
8
BLACK
6
CONTINUOUS
10
0.4861956692913386
20
1.036076062992126
11
0.4875444094488189
21
1.0387735433070866
0
LINE
8
BLACK
6
CONTINUOUS
10
0.4875444094488189
20
1.0387735433070866
11
0.4875444094488189
21
1.0501218503937009
0
LINE
8
BLACK
6
CONTINUOUS
10
0.4875444094488189
20
1.0501218503937009
11
0.4728275196850393
21
1.0501218503937009
0
LINE
8
BLACK
6
CONTINUOUS
10
0.4728275196850393
20
1.0501218503937009
11
0.4728275196850393
21
1.0387735433070866
0
LINE
8
BLACK
6
CONTINUOUS
10
0.2419405511811024
20
1.0826190551181103
11
0.2424615748031496
21
1.0820980314960629
0
LINE
8
BLACK
6
CONTINUOUS
10
0.2424615748031496
20
1.0820980314960629
11
0.2519103937007874
21
1.0691059055118111
0
LINE
8
BLACK
6
CONTINUOUS
10
0.2519103937007874
20
1.0691059055118111
11
0.2523333070866142
21
1.0673481102362203
0
LINE
8
BLACK
6
CONTINUOUS
10
0.2523333070866142
20
1.0673481102362203
11
0.2513893700787401
21
1.0658061417322835
0
LINE
8
BLACK
6
CONTINUOUS
10
0.2513893700787401
20
1.0658061417322835
11
0.25
21
1.0653543307086615
0
LINE
8
BLACK
6
CONTINUOUS
10
0.25
20
1.0653543307086615
11
0.2311023622047244
21
1.0653543307086615
0
LINE
8
BLACK
6
CONTINUOUS
10
0.2311023622047244
20
1.0653543307086615
11
0.2294320472440945
21
1.066046220472441
0
LINE
8
BLACK
6
CONTINUOUS
10
0.2294320472440945
20
1.066046220472441
11
0.228740157480315
21
1.0677165354330709
0
LINE
8
BLACK
6
CONTINUOUS
10
0.228740157480315
20
1.0677165354330709
11
0.229191968503937
21
1.0691059055118111
0
LINE
8
BLACK
6
CONTINUOUS
10
0.229191968503937
20
1.0691059055118111
11
0.2386407874015748
21
1.0820980314960629
0
LINE
8
BLACK
6
CONTINUOUS
10
0.2386407874015748
20
1.0820980314960629
11
0.2401827559055118
21
1.083041968503937
0
LINE
8
BLACK
6
CONTINUOUS
10
0.2401827559055118
20
1.083041968503937
11
0.2419405511811024
21
1.0826190551181103
0
LINE
8
BLACK
6
CONTINUOUS
10
0.2639934251968504
20
1.0816126377952755
11
0.2640949212598425
21
1.0811023622047244
0
LINE
8
BLACK
6
CONTINUOUS
10
0.2640949212598425
20
1.0811023622047244
11
0.3311806692913385
21
1.0811023622047244
0
LINE
8
BLACK
6
CONTINUOUS
10
0.3311806692913385
20
1.0811023622047244
11
0.3312821653543307
21
1.0816126377952755
0
LINE
8
BLACK
6
CONTINUOUS
10
0.3312821653543307
20
1.0816126377952755
11
0.3325605905511811
21
1.082891062992126
0
LINE
8
BLACK
6
CONTINUOUS
10
0.3325605905511811
20
1.082891062992126
11
0.3343685433070866
21
1.082891062992126
0
LINE
8
BLACK
6
CONTINUOUS
10
0.3343685433070866
20
1.082891062992126
11
0.335646968503937
21
1.0816126377952755
0
LINE
8
BLACK
6
CONTINUOUS
10
0.335646968503937
20
1.0816126377952755
11
0.3358267716535433
21
1.0807086614173229
0
LINE
8
BLACK
6
CONTINUOUS
10
0.3358267716535433
20
1.0807086614173229
11
0.3358267716535433
21
1.078740157480315
0
LINE
8
BLACK
6
CONTINUOUS
10
0.3358267716535433
20
1.078740157480315
11
0.335646968503937
21
1.0778361811023622
0
LINE
8
BLACK
6
CONTINUOUS
10
0.335646968503937
20
1.0778361811023622
11
0.3343685433070866
21
1.0765577559055117
0
LINE
8
BLACK
6
CONTINUOUS
10
0.3343685433070866
20
1.0765577559055117
11
0.3334645669291338
21
1.0763779527559054
0
LINE
8
BLACK
6
CONTINUOUS
10
0.3334645669291338
20
1.0763779527559054
11
0.2618110236220472
21
1.0763779527559054
0
LINE
8
BLACK
6
CONTINUOUS
10
0.2618110236220472
20
1.0763779527559054
11
0.2609070472440945
21
1.0765577559055117
0
LINE
8
BLACK
6
CONTINUOUS
10
0.2609070472440945
20
1.0765577559055117
11
0.2596286220472441
21
1.0778361811023622
0
LINE
8
BLACK
6
CONTINUOUS
10
0.2596286220472441
20
1.0778361811023622
11
0.2594488188976378
21
1.078740157480315
0
LINE
8
BLACK
6
CONTINUOUS
10
0.2594488188976378
20
1.078740157480315
11
0.2594488188976378
21
1.0807086614173229
0
LINE
8
BLACK
6
CONTINUOUS
10
0.2594488188976378
20
1.0807086614173229
11
0.2596286220472441
21
1.0816126377952755
0
LINE
8
BLACK
6
CONTINUOUS
10
0.2596286220472441
20
1.0816126377952755
11
0.2609070472440945
21
1.082891062992126
0
LINE
8
BLACK
6
CONTINUOUS
10
0.2609070472440945
20
1.082891062992126
11
0.262715
21
1.082891062992126
0
LINE
8
BLACK
6
CONTINUOUS
10
0.262715
20
1.082891062992126
11
0.2639934251968504
21
1.0816126377952755
0
LINE
8
BLACK
6
CONTINUOUS
10
0.4446048818897638
20
1.148375590551181
11
0.4456692913385827
21
1.1479346850393701
0
LINE
8
BLACK
6
CONTINUOUS
10
0.4456692913385827
20
1.1479346850393701
11
0.446483937007874
21
1.1471200393700787
0
LINE
8
BLACK
6
CONTINUOUS
10
0.446483937007874
20
1.1471200393700787
11
0.446924842519685
21
1.1460556299212599
0
LINE
8
BLACK
6
CONTINUOUS
10
0.446924842519685
20
1.1460556299212599
11
0.446924842519685
21
1.1449035039370079
0
LINE
8
BLACK
6
CONTINUOUS
10
0.446924842519685
20
1.1449035039370079
11
0.446483937007874
21
1.1438390944881889
0
LINE
8
BLACK
6
CONTINUOUS
10
0.446483937007874
20
1.1438390944881889
11
0.4456692913385827
21
1.1430244488188976
0
LINE
8
BLACK
6
CONTINUOUS
10
0.4456692913385827
20
1.1430244488188976
11
0.4446048818897638
21
1.1425835433070866
0
LINE
8
BLACK
6
CONTINUOUS
10
0.4446048818897638
20
1.1425835433070866
11
0.4440288188976378
21
1.142526811023622
0
LINE
8
BLACK
6
CONTINUOUS
10
0.4440288188976378
20
1.142526811023622
11
0.4261640551181102
21
1.142526811023622
0
LINE
8
BLACK
6
CONTINUOUS
10
0.4261640551181102
20
1.142526811023622
11
0.4350024015748031
21
1.1324258661417324
0
LINE
8
BLACK
6
CONTINUOUS
10
0.4350024015748031
20
1.1324258661417324
11
0.4351803937007874
21
1.1321768897637794
0
LINE
8
BLACK
6
CONTINUOUS
10
0.4351803937007874
20
1.1321768897637794
11
0.4352353543307086
21
1.1321219291338582
0
LINE
8
BLACK
6
CONTINUOUS
10
0.4352353543307086
20
1.1321219291338582
11
0.4352569291338583
21
1.1320698425196851
0
LINE
8
BLACK
6
CONTINUOUS
10
0.4352569291338583
20
1.1320698425196851
11
0.4353390551181102
21
1.1319549606299213
0
LINE
8
BLACK
6
CONTINUOUS
10
0.4353390551181102
20
1.1319549606299213
11
0.4354926377952756
21
1.131500748031496
0
LINE
8
BLACK
6
CONTINUOUS
10
0.4354926377952756
20
1.131500748031496
11
0.4356762598425197
21
1.1310575196850394
0
LINE
8
BLACK
6
CONTINUOUS
10
0.4356762598425197
20
1.1310575196850394
11
0.4356762598425197
21
1.1309579133858267
0
LINE
8
BLACK
6
CONTINUOUS
10
0.4356762598425197
20
1.1309579133858267
11
0.4357081496062992
21
1.1308635826771654
0
LINE
8
BLACK
6
CONTINUOUS
10
0.4357081496062992
20
1.1308635826771654
11
0.4356762598425197
21
1.1303851181102362
0
LINE
8
BLACK
6
CONTINUOUS
10
0.4356762598425197
20
1.1303851181102362
11
0.4356762598425197
21
1.1299053937007875
0
LINE
8
BLACK
6
CONTINUOUS
10
0.4356762598425197
20
1.1299053937007875
11
0.4356381496062992
21
1.1298134251968504
0
LINE
8
BLACK
6
CONTINUOUS
10
0.4356381496062992
20
1.1298134251968504
11
0.4356315354330709
21
1.1297140551181102
0
LINE
8
BLACK
6
CONTINUOUS
10
0.4356315354330709
20
1.1297140551181102
11
0.4354188188976378
21
1.129283937007874
0
LINE
8
BLACK
6
CONTINUOUS
10
0.4354188188976378
20
1.129283937007874
11
0.4352353543307086
21
1.1288409842519684
0
LINE
8
BLACK
6
CONTINUOUS
10
0.4352353543307086
20
1.1288409842519684
11
0.435165
21
1.1287706692913386
0
LINE
8
BLACK
6
CONTINUOUS
10
0.435165
20
1.1287706692913386
11
0.4351208267716535
21
1.1286812992125983
0
LINE
8
BLACK
6
CONTINUOUS
10
0.4351208267716535
20
1.1286812992125983
11
0.4347596850393701
21
1.1283653543307086
0
LINE
8
BLACK
6
CONTINUOUS
10
0.4347596850393701
20
1.1283653543307086
11
0.4344207086614173
21
1.1280263385826772
0
LINE
8
BLACK
6
CONTINUOUS
10
0.4344207086614173
20
1.1280263385826772
11
0.4343287007874015
21
1.1279882283464566
0
LINE
8
BLACK
6
CONTINUOUS
10
0.4343287007874015
20
1.1279882283464566
11
0.4342537401574803
21
1.1279226377952756
0
LINE
8
BLACK
6
CONTINUOUS
10
0.4342537401574803
20
1.1279226377952756
11
0.4337994881889763
21
1.1277690551181103
0
LINE
8
BLACK
6
CONTINUOUS
10
0.4337994881889763
20
1.1277690551181103
11
0.4333562992125984
21
1.1275854330708661
0
LINE
8
BLACK
6
CONTINUOUS
10
0.4333562992125984
20
1.1275854330708661
11
0.4332157086614173
21
1.1275716141732284
0
LINE
8
BLACK
6
CONTINUOUS
10
0.4332157086614173
20
1.1275716141732284
11
0.4331623622047244
21
1.1275535433070867
0
LINE
8
BLACK
6
CONTINUOUS
10
0.4331623622047244
20
1.1275535433070867
11
0.4330848818897638
21
1.1275587401574803
0
LINE
8
BLACK
6
CONTINUOUS
10
0.4330848818897638
20
1.1275587401574803
11
0.4327802362204725
21
1.1275287007874015
0
LINE
8
BLACK
6
CONTINUOUS
10
0.4327802362204725
20
1.1275287007874015
11
0.4278529921259843
21
1.1275287007874015
0
LINE
8
BLACK
6
CONTINUOUS
10
0.4278529921259843
20
1.1275287007874015
11
0.4251555118110236
21
1.1261799606299212
0
LINE
8
BLACK
6
CONTINUOUS
10
0.4251555118110236
20
1.1261799606299212
11
0.4239583858267716
21
1.1249828346456692
0
LINE
8
BLACK
6
CONTINUOUS
10
0.4239583858267716
20
1.1249828346456692
11
0.4226096456692913
21
1.1222853543307085
0
LINE
8
BLACK
6
CONTINUOUS
10
0.4226096456692913
20
1.1222853543307085
11
0.4226096456692913
21
1.1143056299212599
0
LINE
8
BLACK
6
CONTINUOUS
10
0.4226096456692913
20
1.1143056299212599
11
0.4239583858267716
21
1.1116081496062993
0
LINE
8
BLACK
6
CONTINUOUS
10
0.4239583858267716
20
1.1116081496062993
11
0.4251555118110236
21
1.1104109842519685
0
LINE
8
BLACK
6
CONTINUOUS
10
0.4251555118110236
20
1.1104109842519685
11
0.4278529921259843
21
1.1090622440944882
0
LINE
8
BLACK
6
CONTINUOUS
10
0.4278529921259843
20
1.1090622440944882
11
0.4377074803149606
21
1.1090622440944882
0
LINE
8
BLACK
6
CONTINUOUS
10
0.4377074803149606
20
1.1090622440944882
11
0.4404049212598425
21
1.1104109842519685
0
LINE
8
BLACK
6
CONTINUOUS
10
0.4404049212598425
20
1.1104109842519685
11
0.4419408661417323
21
1.1119469291338582
0
LINE
8
BLACK
6
CONTINUOUS
10
0.4419408661417323
20
1.1119469291338582
11
0.4423883464566929
21
1.1123141732283464
0
LINE
8
BLACK
6
CONTINUOUS
10
0.4423883464566929
20
1.1123141732283464
11
0.4434527559055118
21
1.1127550787401574
0
LINE
8
BLACK
6
CONTINUOUS
10
0.4434527559055118
20
1.1127550787401574
11
0.444604842519685
21
1.1127550787401574
0
LINE
8
BLACK
6
CONTINUOUS
10
0.444604842519685
20
1.1127550787401574
11
0.4456692519685039
21
1.1123142125984251
0
LINE
8
BLACK
6
CONTINUOUS
10
0.4456692519685039
20
1.1123142125984251
11
0.446483937007874
21
1.1114995275590551
0
LINE
8
BLACK
6
CONTINUOUS
10
0.446483937007874
20
1.1114995275590551
11
0.446924842519685
21
1.1104351181102361
0
LINE
8
BLACK
6
CONTINUOUS
10
0.446924842519685
20
1.1104351181102361
11
0.446924842519685
21
1.1092830314960629
0
LINE
8
BLACK
6
CONTINUOUS
10
0.446924842519685
20
1.1092830314960629
11
0.4464839763779527
21
1.1082186220472441
0
LINE
8
BLACK
6
CONTINUOUS
10
0.4464839763779527
20
1.1082186220472441
11
0.4461167322834645
21
1.1077711417322835
0
LINE
8
BLACK
6
CONTINUOUS
10
0.4461167322834645
20
1.1077711417322835
11
0.4442420078740157
21
1.105896377952756
0
LINE
8
BLACK
6
CONTINUOUS
10
0.4442420078740157
20
1.105896377952756
11
0.4440156299212598
21
1.1057106299212598
0
LINE
8
BLACK
6
CONTINUOUS
10
0.4440156299212598
20
1.1057106299212598
11
0.4439644488188976
21
1.1056515748031497
0
LINE
8
BLACK
6
CONTINUOUS
10
0.4439644488188976
20
1.1056515748031497
11
0.4438754724409449
21
1.1055955905511812
0
LINE
8
BLACK
6
CONTINUOUS
10
0.4438754724409449
20
1.1055955905511812
11
0.4437945275590551
21
1.1055291338582678
0
LINE
8
BLACK
6
CONTINUOUS
10
0.4437945275590551
20
1.1055291338582678
11
0.4437225590551181
21
1.1054993307086614
0
LINE
8
BLACK
6
CONTINUOUS
10
0.4437225590551181
20
1.1054993307086614
11
0.4434745669291338
21
1.1053432283464566
0
LINE
8
BLACK
6
CONTINUOUS
10
0.4434745669291338
20
1.1053432283464566
11
0.4397250393700787
21
1.103468464566929
0
LINE
8
BLACK
6
CONTINUOUS
10
0.4397250393700787
20
1.103468464566929
11
0.4391844094488189
21
1.1032615748031496
0
LINE
8
BLACK
6
CONTINUOUS
10
0.4391844094488189
20
1.1032615748031496
11
0.4390785826771653
21
1.103254094488189
0
LINE
8
BLACK
6
CONTINUOUS
10
0.4390785826771653
20
1.103254094488189
11
0.4389805905511811
21
1.1032134645669291
0
LINE
8
BLACK
6
CONTINUOUS
10
0.4389805905511811
20
1.1032134645669291
11
0.4384045275590551
21
1.1031567322834646
0
LINE
8
BLACK
6
CONTINUOUS
10
0.4384045275590551
20
1.1031567322834646
11
0.4271559448818897
21
1.1031567322834646
0
LINE
8
BLACK
6
CONTINUOUS
10
0.4271559448818897
20
1.1031567322834646
11
0.4265798818897638
21
1.1032134645669291
0
LINE
8
BLACK
6
CONTINUOUS
10
0.4265798818897638
20
1.1032134645669291
11
0.4264818897637795
21
1.1032540551181103
0
LINE
8
BLACK
6
CONTINUOUS
10
0.4264818897637795
20
1.1032540551181103
11
0.4263760236220472
21
1.1032615748031496
0
LINE
8
BLACK
6
CONTINUOUS
10
0.4263760236220472
20
1.1032615748031496
11
0.4258354330708661
21
1.103468464566929
0
LINE
8
BLACK
6
CONTINUOUS
10
0.4258354330708661
20
1.103468464566929
11
0.422085905511811
21
1.1053432283464566
0
LINE
8
BLACK
6
CONTINUOUS
10
0.422085905511811
20
1.1053432283464566
11
0.421837874015748
21
1.1054993307086614
0
LINE
8
BLACK
6
CONTINUOUS
10
0.421837874015748
20
1.1054993307086614
11
0.4217659448818897
21
1.1055291338582678
0
LINE
8
BLACK
6
CONTINUOUS
10
0.4217659448818897
20
1.1055291338582678
11
0.4216849606299212
21
1.1055955905511812
0
LINE
8
BLACK
6
CONTINUOUS
10
0.4216849606299212
20
1.1055955905511812
11
0.4215960236220472
21
1.1056515748031497
0
LINE
8
BLACK
6
CONTINUOUS
10
0.4215960236220472
20
1.1056515748031497
11
0.4215448031496063
21
1.1057106299212598
0
LINE
8
BLACK
6
CONTINUOUS
10
0.4215448031496063
20
1.1057106299212598
11
0.4213184645669291
21
1.105896377952756
0
LINE
8
BLACK
6
CONTINUOUS
10
0.4213184645669291
20
1.105896377952756
11
0.4194437007874016
21
1.1077711811023623
0
LINE
8
BLACK
6
CONTINUOUS
10
0.4194437007874016
20
1.1077711811023623
11
0.4192579527559055
21
1.1079975196850393
0
LINE
8
BLACK
6
CONTINUOUS
10
0.4192579527559055
20
1.1079975196850393
11
0.4191989763779527
21
1.1080486614173228
0
LINE
8
BLACK
6
CONTINUOUS
10
0.4191989763779527
20
1.1080486614173228
11
0.4191429921259842
21
1.1081375984251969
0
LINE
8
BLACK
6
CONTINUOUS
10
0.4191429921259842
20
1.1081375984251969
11
0.4190764960629921
21
1.1082186220472441
0
LINE
8
BLACK
6
CONTINUOUS
10
0.4190764960629921
20
1.1082186220472441
11
0.4190466535433071
21
1.1082906692913386
0
LINE
8
BLACK
6
CONTINUOUS
10
0.4190466535433071
20
1.1082906692913386
11
0.4188906299212599
21
1.1085385433070867
0
LINE
8
BLACK
6
CONTINUOUS
10
0.4188906299212599
20
1.1085385433070867
11
0.4170158661417322
21
1.1122880708661418
0
LINE
8
BLACK
6
CONTINUOUS
10
0.4170158661417322
20
1.1122880708661418
11
0.4168089763779527
21
1.1128287007874016
0
LINE
8
BLACK
6
CONTINUOUS
10
0.4168089763779527
20
1.1128287007874016
11
0.4168014566929134
21
1.1129345275590552
0
LINE
8
BLACK
6
CONTINUOUS
10
0.4168014566929134
20
1.1129345275590552
11
0.4167608661417323
21
1.1130325196850392
0
LINE
8
BLACK
6
CONTINUOUS
10
0.4167608661417323
20
1.1130325196850392
11
0.4167041338582677
21
1.1136085826771653
0
LINE
8
BLACK
6
CONTINUOUS
10
0.4167041338582677
20
1.1136085826771653
11
0.4167041338582677
21
1.1229824015748031
0
LINE
8
BLACK
6
CONTINUOUS
10
0.4167041338582677
20
1.1229824015748031
11
0.4167608661417323
21
1.1235584645669292
0
LINE
8
BLACK
6
CONTINUOUS
10
0.4167608661417323
20
1.1235584645669292
11
0.4168014566929134
21
1.123656496062992
0
LINE
8
BLACK
6
CONTINUOUS
10
0.4168014566929134
20
1.123656496062992
11
0.4168089763779527
21
1.1237622834645669
0
LINE
8
BLACK
6
CONTINUOUS
10
0.4168089763779527
20
1.1237622834645669
11
0.4170158661417322
21
1.1243029133858267
0
LINE
8
BLACK
6
CONTINUOUS
10
0.4170158661417322
20
1.1243029133858267
11
0.4188906299212599
21
1.1280524409448818
0
LINE
8
BLACK
6
CONTINUOUS
10
0.4188906299212599
20
1.1280524409448818
11
0.4190466929133858
21
1.1283004724409449
0
LINE
8
BLACK
6
CONTINUOUS
10
0.4190466929133858
20
1.1283004724409449
11
0.4190765354330708
21
1.1283724015748031
0
LINE
8
BLACK
6
CONTINUOUS
10
0.4190765354330708
20
1.1283724015748031
11
0.4191429921259842
21
1.1284533858267716
0
LINE
8
BLACK
6
CONTINUOUS
10
0.4191429921259842
20
1.1284533858267716
11
0.4191989763779527
21
1.1285423228346456
0
LINE
8
BLACK
6
CONTINUOUS
10
0.4191989763779527
20
1.1285423228346456
11
0.4192579527559055
21
1.1285935039370079
0
LINE
8
BLACK
6
CONTINUOUS
10
0.4192579527559055
20
1.1285935039370079
11
0.4194437401574803
21
1.1288198425196849
0
LINE
8
BLACK
6
CONTINUOUS
10
0.4194437401574803
20
1.1288198425196849
11
0.4213185039370079
21
1.1306946062992125
0
LINE
8
BLACK
6
CONTINUOUS
10
0.4213185039370079
20
1.1306946062992125
11
0.421544842519685
21
1.1308803937007874
0
LINE
8
BLACK
6
CONTINUOUS
10
0.421544842519685
20
1.1308803937007874
11
0.4215960236220472
21
1.1309393700787402
0
LINE
8
BLACK
6
CONTINUOUS
10
0.4215960236220472
20
1.1309393700787402
11
0.4216849606299212
21
1.1309953543307087
0
LINE
8
BLACK
6
CONTINUOUS
10
0.4216849606299212
20
1.1309953543307087
11
0.4217659448818897
21
1.1310618110236221
0
LINE
8
BLACK
6
CONTINUOUS
10
0.4217659448818897
20
1.1310618110236221
11
0.421837874015748
21
1.1310916535433071
0
LINE
8
BLACK
6
CONTINUOUS
10
0.421837874015748
20
1.1310916535433071
11
0.422085905511811
21
1.1312477165354331
0
LINE
8
BLACK
6
CONTINUOUS
10
0.422085905511811
20
1.1312477165354331
11
0.4258354330708661
21
1.1331224803149607
0
LINE
8
BLACK
6
CONTINUOUS
10
0.4258354330708661
20
1.1331224803149607
11
0.4263675984251968
21
1.1333261811023623
0
LINE
8
BLACK
6
CONTINUOUS
10
0.4263675984251968
20
1.1333261811023623
11
0.4174347244094488
21
1.143535157480315
0
LINE
8
BLACK
6
CONTINUOUS
10
0.4174347244094488
20
1.143535157480315
11
0.4172566929133858
21
1.1437841732283465
0
LINE
8
BLACK
6
CONTINUOUS
10
0.4172566929133858
20
1.1437841732283465
11
0.4172017716535433
21
1.1438390944881889
0
LINE
8
BLACK
6
CONTINUOUS
10
0.4172017716535433
20
1.1438390944881889
11
0.417180157480315
21
1.143891220472441
0
LINE
8
BLACK
6
CONTINUOUS
10
0.417180157480315
20
1.143891220472441
11
0.4170980708661417
21
1.144006062992126
0
LINE
8
BLACK
6
CONTINUOUS
10
0.4170980708661417
20
1.144006062992126
11
0.4169444488188976
21
1.1444603149606298
0
LINE
8
BLACK
6
CONTINUOUS
10
0.4169444488188976
20
1.1444603149606298
11
0.4167608661417323
21
1.1449035039370079
0
LINE
8
BLACK
6
CONTINUOUS
10
0.4167608661417323
20
1.1449035039370079
11
0.4167608661417323
21
1.1450031496062991
0
LINE
8
BLACK
6
CONTINUOUS
10
0.4167608661417323
20
1.1450031496062991
11
0.4167289763779528
21
1.145097440944882
0
LINE
8
BLACK
6
CONTINUOUS
10
0.4167289763779528
20
1.145097440944882
11
0.4167608661417323
21
1.1455759448818896
0
LINE
8
BLACK
6
CONTINUOUS
10
0.4167608661417323
20
1.1455759448818896
11
0.4167608661417323
21
1.1460556299212599
0
LINE
8
BLACK
6
CONTINUOUS
10
0.4167608661417323
20
1.1460556299212599
11
0.416798937007874
21
1.1461476377952755
0
LINE
8
BLACK
6
CONTINUOUS
10
0.416798937007874
20
1.1461476377952755
11
0.4168055905511811
21
1.1462469685039369
0
LINE
8
BLACK
6
CONTINUOUS
10
0.4168055905511811
20
1.1462469685039369
11
0.4170182677165354
21
1.1466771259842519
0
LINE
8
BLACK
6
CONTINUOUS
10
0.4170182677165354
20
1.1466771259842519
11
0.4172017716535433
21
1.1471200393700787
0
LINE
8
BLACK
6
CONTINUOUS
10
0.4172017716535433
20
1.1471200393700787
11
0.4172720866141732
21
1.1471903937007875
0
LINE
8
BLACK
6
CONTINUOUS
10
0.4172720866141732
20
1.1471903937007875
11
0.4173162992125984
21
1.1472797244094488
0
LINE
8
BLACK
6
CONTINUOUS
10
0.4173162992125984
20
1.1472797244094488
11
0.4176774015748032
21
1.1475957086614172
0
LINE
8
BLACK
6
CONTINUOUS
10
0.4176774015748032
20
1.1475957086614172
11
0.4180164173228346
21
1.1479346850393701
0
LINE
8
BLACK
6
CONTINUOUS
10
0.4180164173228346
20
1.1479346850393701
11
0.4181083858267716
21
1.1479728346456692
0
LINE
8
BLACK
6
CONTINUOUS
10
0.4181083858267716
20
1.1479728346456692
11
0.4181833858267717
21
1.1480383858267715
0
LINE
8
BLACK
6
CONTINUOUS
10
0.4181833858267717
20
1.1480383858267715
11
0.4186375984251968
21
1.1481920078740158
0
LINE
8
BLACK
6
CONTINUOUS
10
0.4186375984251968
20
1.1481920078740158
11
0.4190808267716535
21
1.148375590551181
0
LINE
8
BLACK
6
CONTINUOUS
10
0.4190808267716535
20
1.148375590551181
11
0.4192213779527559
21
1.1483894488188977
0
LINE
8
BLACK
6
CONTINUOUS
10
0.4192213779527559
20
1.1483894488188977
11
0.4192747637795275
21
1.1484074803149606
0
LINE
8
BLACK
6
CONTINUOUS
10
0.4192747637795275
20
1.1484074803149606
11
0.4193522047244094
21
1.1484023228346456
0
LINE
8
BLACK
6
CONTINUOUS
10
0.4193522047244094
20
1.1484023228346456
11
0.4196568897637795
21
1.1484323228346456
0
LINE
8
BLACK
6
CONTINUOUS
10
0.4196568897637795
20
1.1484323228346456
11
0.4440288188976378
21
1.1484323228346456
0
LINE
8
BLACK
6
CONTINUOUS
10
0.4440288188976378
20
1.1484323228346456
11
0.4446048818897638
21
1.148375590551181
0
LINE
8
BLACK
6
CONTINUOUS
10
0.4686923228346457
20
1.148403622047244
11
0.4687700787401575
21
1.1484091338582676
0
LINE
8
BLACK
6
CONTINUOUS
10
0.4687700787401575
20
1.1484091338582676
11
0.4688723228346456
21
1.1483859055118111
0
LINE
8
BLACK
6
CONTINUOUS
10
0.4688723228346456
20
1.1483859055118111
11
0.4689768503937008
21
1.148375590551181
0
LINE
8
BLACK
6
CONTINUOUS
10
0.4689768503937008
20
1.148375590551181
11
0.469048937007874
21
1.148345748031496
0
LINE
8
BLACK
6
CONTINUOUS
10
0.469048937007874
20
1.148345748031496
11
0.4693345275590551
21
1.1482807874015748
0
LINE
8
BLACK
6
CONTINUOUS
10
0.4693345275590551
20
1.1482807874015748
11
0.4749588188976378
21
1.1464060236220472
0
LINE
8
BLACK
6
CONTINUOUS
10
0.4749588188976378
20
1.1464060236220472
11
0.4754873622047244
21
1.1461700393700787
0
LINE
8
BLACK
6
CONTINUOUS
10
0.4754873622047244
20
1.1461700393700787
11
0.4755674803149606
21
1.1461005511811024
0
LINE
8
BLACK
6
CONTINUOUS
10
0.4755674803149606
20
1.1461005511811024
11
0.4756655511811024
21
1.1460599212598426
0
LINE
8
BLACK
6
CONTINUOUS
10
0.4756655511811024
20
1.1460599212598426
11
0.4761129921259842
21
1.1456927165354331
0
LINE
8
BLACK
6
CONTINUOUS
10
0.4761129921259842
20
1.1456927165354331
11
0.4798625196850393
21
1.141943188976378
0
LINE
8
BLACK
6
CONTINUOUS
10
0.4798625196850393
20
1.141943188976378
11
0.4800483464566929
21
1.141716811023622
0
LINE
8
BLACK
6
CONTINUOUS
10
0.4800483464566929
20
1.141716811023622
11
0.4801072834645669
21
1.1416656692913385
0
LINE
8
BLACK
6
CONTINUOUS
10
0.4801072834645669
20
1.1416656692913385
11
0.4801631496062992
21
1.1415769291338582
0
LINE
8
BLACK
6
CONTINUOUS
10
0.4801631496062992
20
1.1415769291338582
11
0.4802297637795275
21
1.141495748031496
0
LINE
8
BLACK
6
CONTINUOUS
10
0.4802297637795275
20
1.141495748031496
11
0.4802596062992126
21
1.141423622047244
0
LINE
8
BLACK
6
CONTINUOUS
10
0.4802596062992126
20
1.141423622047244
11
0.4804156299212599
21
1.1411757874015749
0
LINE
8
BLACK
6
CONTINUOUS
10
0.4804156299212599
20
1.1411757874015749
11
0.4822903937007874
21
1.1374262598425195
0
LINE
8
BLACK
6
CONTINUOUS
10
0.4822903937007874
20
1.1374262598425195
11
0.4823064960629921
21
1.1373841732283465
0
LINE
8
BLACK
6
CONTINUOUS
10
0.4823064960629921
20
1.1373841732283465
11
0.4823192125984252
21
1.1373670078740157
0
LINE
8
BLACK
6
CONTINUOUS
10
0.4823192125984252
20
1.1373670078740157
11
0.4824055118110236
21
1.1371254330708662
0
LINE
8
BLACK
6
CONTINUOUS
10
0.4824055118110236
20
1.1371254330708662
11
0.4824972834645669
21
1.1368856692913385
0
LINE
8
BLACK
6
CONTINUOUS
10
0.4824972834645669
20
1.1368856692913385
11
0.482498779527559
21
1.1368644094488189
0
LINE
8
BLACK
6
CONTINUOUS
10
0.482498779527559
20
1.1368644094488189
11
0.4825139763779527
21
1.1368218897637794
0
LINE
8
BLACK
6
CONTINUOUS
10
0.4825139763779527
20
1.1368218897637794
11
0.4843887401574803
21
1.1293228346456692
0
LINE
8
BLACK
6
CONTINUOUS
10
0.4843887401574803
20
1.1293228346456692
11
0.4844035039370079
21
1.1292229921259842
0
LINE
8
BLACK
6
CONTINUOUS
10
0.4844035039370079
20
1.1292229921259842
11
0.484420157480315
21
1.1291827559055119
0
LINE
8
BLACK
6
CONTINUOUS
10
0.484420157480315
20
1.1291827559055119
11
0.4844414960629921
21
1.1289657480314961
0
LINE
8
BLACK
6
CONTINUOUS
10
0.4844414960629921
20
1.1289657480314961
11
0.4844733858267716
21
1.1287502362204724
0
LINE
8
BLACK
6
CONTINUOUS
10
0.4844733858267716
20
1.1287502362204724
11
0.484466968503937
21
1.1287072440944881
0
LINE
8
BLACK
6
CONTINUOUS
10
0.484466968503937
20
1.1287072440944881
11
0.4844768897637795
21
1.1286066929133858
0
LINE
8
BLACK
6
CONTINUOUS
10
0.4844768897637795
20
1.1286066929133858
11
0.4844768897637795
21
1.1229824015748031
0
LINE
8
BLACK
6
CONTINUOUS
10
0.4844768897637795
20
1.1229824015748031
11
0.484466968503937
21
1.1228818897637796
0
LINE
8
BLACK
6
CONTINUOUS
10
0.484466968503937
20
1.1228818897637796
11
0.4844733858267716
21
1.1228388582677165
0
LINE
8
BLACK
6
CONTINUOUS
10
0.4844733858267716
20
1.1228388582677165
11
0.4844414960629921
21
1.1226233858267716
0
LINE
8
BLACK
6
CONTINUOUS
10
0.4844414960629921
20
1.1226233858267716
11
0.484420157480315
21
1.1224063385826772
0
LINE
8
BLACK
6
CONTINUOUS
10
0.484420157480315
20
1.1224063385826772
11
0.4844035039370079
21
1.1223661417322834
0
LINE
8
BLACK
6
CONTINUOUS
10
0.4844035039370079
20
1.1223661417322834
11
0.4843887401574803
21
1.1222662598425197
0
LINE
8
BLACK
6
CONTINUOUS
10
0.4843887401574803
20
1.1222662598425197
11
0.4825139763779527
21
1.1147672047244095
0
LINE
8
BLACK
6
CONTINUOUS
10
0.4825139763779527
20
1.1147672047244095
11
0.482498779527559
21
1.1147247244094487
0
LINE
8
BLACK
6
CONTINUOUS
10
0.482498779527559
20
1.1147247244094487
11
0.4824972834645669
21
1.1147034251968504
0
LINE
8
BLACK
6
CONTINUOUS
10
0.4824972834645669
20
1.1147034251968504
11
0.4824055118110236
21
1.1144637007874016
0
LINE
8
BLACK
6
CONTINUOUS
10
0.4824055118110236
20
1.1144637007874016
11
0.4823192125984252
21
1.1142220866141732
0
LINE
8
BLACK
6
CONTINUOUS
10
0.4823192125984252
20
1.1142220866141732
11
0.4823064960629921
21
1.1142049606299211
0
LINE
8
BLACK
6
CONTINUOUS
10
0.4823064960629921
20
1.1142049606299211
11
0.4822903937007874
21
1.1141628346456693
0
LINE
8
BLACK
6
CONTINUOUS
10
0.4822903937007874
20
1.1141628346456693
11
0.4804156299212599
21
1.1104133070866142
0
LINE
8
BLACK
6
CONTINUOUS
10
0.4804156299212599
20
1.1104133070866142
11
0.4802595669291339
21
1.1101654330708661
0
LINE
8
BLACK
6
CONTINUOUS
10
0.4802595669291339
20
1.1101654330708661
11
0.4802297637795275
21
1.1100933858267716
0
LINE
8
BLACK
6
CONTINUOUS
10
0.4802297637795275
20
1.1100933858267716
11
0.4801632283464567
21
1.1100123622047244
0
LINE
8
BLACK
6
CONTINUOUS
10
0.4801632283464567
20
1.1100123622047244
11
0.4801072834645669
21
1.1099234251968504
0
LINE
8
BLACK
6
CONTINUOUS
10
0.4801072834645669
20
1.1099234251968504
11
0.4800482677165354
21
1.1098722834645669
0
LINE
8
BLACK
6
CONTINUOUS
10
0.4800482677165354
20
1.1098722834645669
11
0.4798625590551181
21
1.1096459448818898
0
LINE
8
BLACK
6
CONTINUOUS
10
0.4798625590551181
20
1.1096459448818898
11
0.4761129921259842
21
1.1058963385826772
0
LINE
8
BLACK
6
CONTINUOUS
10
0.4761129921259842
20
1.1058963385826772
11
0.4756655511811024
21
1.1055291338582678
0
LINE
8
BLACK
6
CONTINUOUS
10
0.4756655511811024
20
1.1055291338582678
11
0.4755674803149606
21
1.1054885433070867
0
LINE
8
BLACK
6
CONTINUOUS
10
0.4755674803149606
20
1.1054885433070867
11
0.4754873622047244
21
1.1054190157480315
0
LINE
8
BLACK
6
CONTINUOUS
10
0.4754873622047244
20
1.1054190157480315
11
0.4749588188976378
21
1.1051830314960629
0
LINE
8
BLACK
6
CONTINUOUS
10
0.4749588188976378
20
1.1051830314960629
11
0.4693345275590551
21
1.1033082677165353
0
LINE
8
BLACK
6
CONTINUOUS
10
0.4693345275590551
20
1.1033082677165353
11
0.469048937007874
21
1.1032433464566929
0
LINE
8
BLACK
6
CONTINUOUS
10
0.469048937007874
20
1.1032433464566929
11
0.4689768503937008
21
1.1032134645669291
0
LINE
8
BLACK
6
CONTINUOUS
10
0.4689768503937008
20
1.1032134645669291
11
0.4688723228346456
21
1.103203188976378
0
LINE
8
BLACK
6
CONTINUOUS
10
0.4688723228346456
20
1.103203188976378
11
0.4687700787401575
21
1.1031799212598425
0
LINE
8
BLACK
6
CONTINUOUS
10
0.4687700787401575
20
1.1031799212598425
11
0.4686923228346457
21
1.1031854724409449
0
LINE
8
BLACK
6
CONTINUOUS
10
0.4686923228346457
20
1.1031854724409449
11
0.4684007874015748
21
1.1031567322834646
0
LINE
8
BLACK
6
CONTINUOUS
10
0.4684007874015748
20
1.1031567322834646
11
0.4646512598425196
21
1.1031567322834646
0
LINE
8
BLACK
6
CONTINUOUS
10
0.4646512598425196
20
1.1031567322834646
11
0.4643596456692913
21
1.1031854724409449
0
LINE
8
BLACK
6
CONTINUOUS
10
0.4643596456692913
20
1.1031854724409449
11
0.4642819291338582
21
1.1031799212598425
0
LINE
8
BLACK
6
CONTINUOUS
10
0.4642819291338582
20
1.1031799212598425
11
0.4641796456692913
21
1.103203188976378
0
LINE
8
BLACK
6
CONTINUOUS
10
0.4641796456692913
20
1.103203188976378
11
0.4640751968503937
21
1.1032134645669291
0
LINE
8
BLACK
6
CONTINUOUS
10
0.4640751968503937
20
1.1032134645669291
11
0.4640031102362205
21
1.1032433464566929
0
LINE
8
BLACK
6
CONTINUOUS
10
0.4640031102362205
20
1.1032433464566929
11
0.4637174803149606
21
1.1033082677165353
0
LINE
8
BLACK
6
CONTINUOUS
10
0.4637174803149606
20
1.1033082677165353
11
0.4580932283464567
21
1.1051830314960629
0
LINE
8
BLACK
6
CONTINUOUS
10
0.4580932283464567
20
1.1051830314960629
11
0.4575646456692913
21
1.1054190157480315
0
LINE
8
BLACK
6
CONTINUOUS
10
0.4575646456692913
20
1.1054190157480315
11
0.4574844488188976
21
1.1054885826771654
0
LINE
8
BLACK
6
CONTINUOUS
10
0.4574844488188976
20
1.1054885826771654
11
0.4573864960629921
21
1.1055291338582678
0
LINE
8
BLACK
6
CONTINUOUS
10
0.4573864960629921
20
1.1055291338582678
11
0.4569390157480315
21
1.105896377952756
0
LINE
8
BLACK
6
CONTINUOUS
10
0.4569390157480315
20
1.105896377952756
11
0.4550642519685039
21
1.1077711811023623
0
LINE
8
BLACK
6
CONTINUOUS
10
0.4550642519685039
20
1.1077711811023623
11
0.4546970472440945
21
1.1082186220472441
0
LINE
8
BLACK
6
CONTINUOUS
10
0.4546970472440945
20
1.1082186220472441
11
0.4542561811023622
21
1.1092830314960629
0
LINE
8
BLACK
6
CONTINUOUS
10
0.4542561811023622
20
1.1092830314960629
11
0.4542561811023622
21
1.1104351181102361
0
LINE
8
BLACK
6
CONTINUOUS
10
0.4542561811023622
20
1.1104351181102361
11
0.4546970866141732
21
1.1114995275590551
0
LINE
8
BLACK
6
CONTINUOUS
10
0.4546970866141732
20
1.1114995275590551
11
0.4555117716535433
21
1.1123142125984251
0
LINE
8
BLACK
6
CONTINUOUS
10
0.4555117716535433
20
1.1123142125984251
11
0.4565761811023622
21
1.1127550787401574
0
LINE
8
BLACK
6
CONTINUOUS
10
0.4565761811023622
20
1.1127550787401574
11
0.4577282677165354
21
1.1127550787401574
0
LINE
8
BLACK
6
CONTINUOUS
10
0.4577282677165354
20
1.1127550787401574
11
0.4587926771653543
21
1.1123141732283464
0
LINE
8
BLACK
6
CONTINUOUS
10
0.4587926771653543
20
1.1123141732283464
11
0.4592401574803149
21
1.1119469291338582
0
LINE
8
BLACK
6
CONTINUOUS
10
0.4592401574803149
20
1.1119469291338582
11
0.4606220078740157
21
1.1105650393700788
0
LINE
8
BLACK
6
CONTINUOUS
10
0.4606220078740157
20
1.1105650393700788
11
0.4651303937007874
21
1.1090622440944882
0
LINE
8
BLACK
6
CONTINUOUS
10
0.4651303937007874
20
1.1090622440944882
11
0.4679216535433071
21
1.1090622440944882
0
LINE
8
BLACK
6
CONTINUOUS
10
0.4679216535433071
20
1.1090622440944882
11
0.4724300393700787
21
1.1105650787401575
0
LINE
8
BLACK
6
CONTINUOUS
10
0.4724300393700787
20
1.1105650787401575
11
0.4753478346456693
21
1.1134829133858268
0
LINE
8
BLACK
6
CONTINUOUS
10
0.4753478346456693
20
1.1134829133858268
11
0.4768633464566929
21
1.1165138976377953
0
LINE
8
BLACK
6
CONTINUOUS
10
0.4768633464566929
20
1.1165138976377953
11
0.4785713779527559
21
1.1233459448818897
0
LINE
8
BLACK
6
CONTINUOUS
10
0.4785713779527559
20
1.1233459448818897
11
0.4785713779527559
21
1.1282431496062992
0
LINE
8
BLACK
6
CONTINUOUS
10
0.4785713779527559
20
1.1282431496062992
11
0.4768633464566929
21
1.1350751968503936
0
LINE
8
BLACK
6
CONTINUOUS
10
0.4768633464566929
20
1.1350751968503936
11
0.475347874015748
21
1.1381061811023623
0
LINE
8
BLACK
6
CONTINUOUS
10
0.475347874015748
20
1.1381061811023623
11
0.4724300393700787
21
1.1410240157480314
0
LINE
8
BLACK
6
CONTINUOUS
10
0.4724300393700787
20
1.1410240157480314
11
0.4679216535433071
21
1.142526811023622
0
LINE
8
BLACK
6
CONTINUOUS
10
0.4679216535433071
20
1.142526811023622
11
0.4651303937007874
21
1.142526811023622
0
LINE
8
BLACK
6
CONTINUOUS
10
0.4651303937007874
20
1.142526811023622
11
0.4606220078740157
21
1.1410240157480314
0
LINE
8
BLACK
6
CONTINUOUS
10
0.4606220078740157
20
1.1410240157480314
11
0.4592401181102362
21
1.139642125984252
0
LINE
8
BLACK
6
CONTINUOUS
10
0.4592401181102362
20
1.139642125984252
11
0.4587926771653543
21
1.1392749212598425
0
LINE
8
BLACK
6
CONTINUOUS
10
0.4587926771653543
20
1.1392749212598425
11
0.4577282283464567
21
1.1388340157480314
0
LINE
8
BLACK
6
CONTINUOUS
10
0.4577282283464567
20
1.1388340157480314
11
0.4565761811023622
21
1.1388340157480314
0
LINE
8
BLACK
6
CONTINUOUS
10
0.4565761811023622
20
1.1388340157480314
11
0.4555117322834645
21
1.1392749212598425
0
LINE
8
BLACK
6
CONTINUOUS
10
0.4555117322834645
20
1.1392749212598425
11
0.4546970866141732
21
1.1400895669291338
0
LINE
8
BLACK
6
CONTINUOUS
10
0.4546970866141732
20
1.1400895669291338
11
0.4542561811023622
21
1.1411540157480315
0
LINE
8
BLACK
6
CONTINUOUS
10
0.4542561811023622
20
1.1411540157480315
11
0.4542561811023622
21
1.142306062992126
0
LINE
8
BLACK
6
CONTINUOUS
10
0.4542561811023622
20
1.142306062992126
11
0.4546970866141732
21
1.1433705118110236
0
LINE
8
BLACK
6
CONTINUOUS
10
0.4546970866141732
20
1.1433705118110236
11
0.4550642913385827
21
1.1438179527559056
0
LINE
8
BLACK
6
CONTINUOUS
10
0.4550642913385827
20
1.1438179527559056
11
0.4569390551181102
21
1.1456927165354331
0
LINE
8
BLACK
6
CONTINUOUS
10
0.4569390551181102
20
1.1456927165354331
11
0.4573864960629921
21
1.1460599212598426
0
LINE
8
BLACK
6
CONTINUOUS
10
0.4573864960629921
20
1.1460599212598426
11
0.4574844488188976
21
1.1461005118110237
0
LINE
8
BLACK
6
CONTINUOUS
10
0.4574844488188976
20
1.1461005118110237
11
0.4575646456692913
21
1.1461700393700787
0
LINE
8
BLACK
6
CONTINUOUS
10
0.4575646456692913
20
1.1461700393700787
11
0.4580932283464567
21
1.1464060236220472
0
LINE
8
BLACK
6
CONTINUOUS
10
0.4580932283464567
20
1.1464060236220472
11
0.4637174803149606
21
1.1482807874015748
0
LINE
8
BLACK
6
CONTINUOUS
10
0.4637174803149606
20
1.1482807874015748
11
0.4640031102362205
21
1.148345748031496
0
LINE
8
BLACK
6
CONTINUOUS
10
0.4640031102362205
20
1.148345748031496
11
0.4640751968503937
21
1.148375590551181
0
LINE
8
BLACK
6
CONTINUOUS
10
0.4640751968503937
20
1.148375590551181
11
0.4641796456692913
21
1.1483859055118111
0
LINE
8
BLACK
6
CONTINUOUS
10
0.4641796456692913
20
1.1483859055118111
11
0.4642819291338582
21
1.1484091338582676
0
LINE
8
BLACK
6
CONTINUOUS
10
0.4642819291338582
20
1.1484091338582676
11
0.4643596456692913
21
1.148403622047244
0
LINE
8
BLACK
6
CONTINUOUS
10
0.4643596456692913
20
1.148403622047244
11
0.4646512598425196
21
1.1484323228346456
0
LINE
8
BLACK
6
CONTINUOUS
10
0.4646512598425196
20
1.1484323228346456
11
0.4684007874015748
21
1.1484323228346456
0
LINE
8
BLACK
6
CONTINUOUS
10
0.4684007874015748
20
1.1484323228346456
11
0.4686923228346457
21
1.148403622047244
0
LINE
8
BLACK
6
CONTINUOUS
10
0.335646968503937
20
1.1564157874015748
11
0.3358267716535433
21
1.155511811023622
0
LINE
8
BLACK
6
CONTINUOUS
10
0.3358267716535433
20
1.155511811023622
11
0.3358267716535433
21
1.1248031496062991
0
LINE
8
BLACK
6
CONTINUOUS
10
0.3358267716535433
20
1.1248031496062991
11
0.335646968503937
21
1.1238991732283465
0
LINE
8
BLACK
6
CONTINUOUS
10
0.335646968503937
20
1.1238991732283465
11
0.3343685433070866
21
1.122620748031496
0
LINE
8
BLACK
6
CONTINUOUS
10
0.3343685433070866
20
1.122620748031496
11
0.3325605905511811
21
1.122620748031496
0
LINE
8
BLACK
6
CONTINUOUS
10
0.3325605905511811
20
1.122620748031496
11
0.3312821653543307
21
1.1238991732283465
0
LINE
8
BLACK
6
CONTINUOUS
10
0.3312821653543307
20
1.1238991732283465
11
0.3311023622047244
21
1.1248031496062991
0
LINE
8
BLACK
6
CONTINUOUS
10
0.3311023622047244
20
1.1248031496062991
11
0.3311023622047244
21
1.155511811023622
0
LINE
8
BLACK
6
CONTINUOUS
10
0.3311023622047244
20
1.155511811023622
11
0.3312821653543307
21
1.1564157874015748
0
LINE
8
BLACK
6
CONTINUOUS
10
0.3312821653543307
20
1.1564157874015748
11
0.3325605905511811
21
1.1576942125984251
0
LINE
8
BLACK
6
CONTINUOUS
10
0.3325605905511811
20
1.1576942125984251
11
0.3343685433070866
21
1.1576942125984251
0
LINE
8
BLACK
6
CONTINUOUS
10
0.3343685433070866
20
1.1576942125984251
11
0.335646968503937
21
1.1564157874015748
0
LINE
8
BLACK
6
CONTINUOUS
10
0.4570291732283465
20
1.1624186220472441
11
0.4583075984251969
21
1.1611401968503936
0
LINE
8
BLACK
6
CONTINUOUS
10
0.4583075984251969
20
1.1611401968503936
11
0.4583075984251969
21
1.1593322440944882
0
LINE
8
BLACK
6
CONTINUOUS
10
0.4583075984251969
20
1.1593322440944882
11
0.4570291732283465
21
1.1580538188976377
0
LINE
8
BLACK
6
CONTINUOUS
10
0.4570291732283465
20
1.1580538188976377
11
0.4561251968503937
21
1.1578740157480314
0
LINE
8
BLACK
6
CONTINUOUS
10
0.4561251968503937
20
1.1578740157480314
11
0.445055905511811
21
1.1578740157480314
0
LINE
8
BLACK
6
CONTINUOUS
10
0.445055905511811
20
1.1578740157480314
11
0.4441519291338583
21
1.1580538188976377
0
LINE
8
BLACK
6
CONTINUOUS
10
0.4441519291338583
20
1.1580538188976377
11
0.4428735039370079
21
1.1593322440944882
0
LINE
8
BLACK
6
CONTINUOUS
10
0.4428735039370079
20
1.1593322440944882
11
0.4428735039370079
21
1.1611401968503936
0
LINE
8
BLACK
6
CONTINUOUS
10
0.4428735039370079
20
1.1611401968503936
11
0.4441519291338583
21
1.1624186220472441
0
LINE
8
BLACK
6
CONTINUOUS
10
0.4441519291338583
20
1.1624186220472441
11
0.445055905511811
21
1.1625984251968504
0
LINE
8
BLACK
6
CONTINUOUS
10
0.445055905511811
20
1.1625984251968504
11
0.4561251968503937
21
1.1625984251968504
0
LINE
8
BLACK
6
CONTINUOUS
10
0.4561251968503937
20
1.1625984251968504
11
0.4570291732283465
21
1.1624186220472441
0
LINE
8
BLACK
6
CONTINUOUS
10
0.3343685433070866
20
1.2037572047244094
11
0.335646968503937
21
1.2024787795275591
0
LINE
8
BLACK
6
CONTINUOUS
10
0.335646968503937
20
1.2024787795275591
11
0.3358267716535433
21
1.2015748031496063
0
LINE
8
BLACK
6
CONTINUOUS
10
0.3358267716535433
20
1.2015748031496063
11
0.3358267716535433
21
1.1996062992125984
0
LINE
8
BLACK
6
CONTINUOUS
10
0.3358267716535433
20
1.1996062992125984
11
0.335646968503937
21
1.1987023228346456
0
LINE
8
BLACK
6
CONTINUOUS
10
0.335646968503937
20
1.1987023228346456
11
0.3343685433070866
21
1.1974238976377953
0
LINE
8
BLACK
6
CONTINUOUS
10
0.3343685433070866
20
1.1974238976377953
11
0.3325605905511811
21
1.1974238976377953
0
LINE
8
BLACK
6
CONTINUOUS
10
0.3325605905511811
20
1.1974238976377953
11
0.3312821653543307
21
1.1987023228346456
0
LINE
8
BLACK
6
CONTINUOUS
10
0.3312821653543307
20
1.1987023228346456
11
0.3311806692913385
21
1.1992125984251969
0
LINE
8
BLACK
6
CONTINUOUS
10
0.3311806692913385
20
1.1992125984251969
11
0.2640949212598425
21
1.1992125984251969
0
LINE
8
BLACK
6
CONTINUOUS
10
0.2640949212598425
20
1.1992125984251969
11
0.2639934251968504
21
1.1987023228346456
0
LINE
8
BLACK
6
CONTINUOUS
10
0.2639934251968504
20
1.1987023228346456
11
0.262715
21
1.1974238976377953
0
LINE
8
BLACK
6
CONTINUOUS
10
0.262715
20
1.1974238976377953
11
0.2609070472440945
21
1.1974238976377953
0
LINE
8
BLACK
6
CONTINUOUS
10
0.2609070472440945
20
1.1974238976377953
11
0.2596286220472441
21
1.1987023228346456
0
LINE
8
BLACK
6
CONTINUOUS
10
0.2596286220472441
20
1.1987023228346456
11
0.2594488188976378
21
1.1996062992125984
0
LINE
8
BLACK
6
CONTINUOUS
10
0.2594488188976378
20
1.1996062992125984
11
0.2594488188976378
21
1.2015748031496063
0
LINE
8
BLACK
6
CONTINUOUS
10
0.2594488188976378
20
1.2015748031496063
11
0.2596286220472441
21
1.2024787795275591
0
LINE
8
BLACK
6
CONTINUOUS
10
0.2596286220472441
20
1.2024787795275591
11
0.2609070472440945
21
1.2037572047244094
0
LINE
8
BLACK
6
CONTINUOUS
10
0.2609070472440945
20
1.2037572047244094
11
0.2618110236220472
21
1.2039370078740157
0
LINE
8
BLACK
6
CONTINUOUS
10
0.2618110236220472
20
1.2039370078740157
11
0.3334645669291338
21
1.2039370078740157
0
LINE
8
BLACK
6
CONTINUOUS
10
0.3334645669291338
20
1.2039370078740157
11
0.3343685433070866
21
1.2037572047244094
0
LINE
8
BLACK
6
CONTINUOUS
10
0.4570291732283465
20
1.2025761023622048
11
0.4583075984251969
21
1.2012976771653543
0
LINE
8
BLACK
6
CONTINUOUS
10
0.4583075984251969
20
1.2012976771653543
11
0.4583075984251969
21
1.1994897244094489
0
LINE
8
BLACK
6
CONTINUOUS
10
0.4583075984251969
20
1.1994897244094489
11
0.4570291732283465
21
1.1982112992125984
0
LINE
8
BLACK
6
CONTINUOUS
10
0.4570291732283465
20
1.1982112992125984
11
0.4561251968503937
21
1.1980314960629921
0
LINE
8
BLACK
6
CONTINUOUS
10
0.4561251968503937
20
1.1980314960629921
11
0.445055905511811
21
1.1980314960629921
0
LINE
8
BLACK
6
CONTINUOUS
10
0.445055905511811
20
1.1980314960629921
11
0.4441519291338583
21
1.1982112992125984
0
LINE
8
BLACK
6
CONTINUOUS
10
0.4441519291338583
20
1.1982112992125984
11
0.4428735039370079
21
1.1994897244094489
0
LINE
8
BLACK
6
CONTINUOUS
10
0.4428735039370079
20
1.1994897244094489
11
0.4428735039370079
21
1.2012976771653543
0
LINE
8
BLACK
6
CONTINUOUS
10
0.4428735039370079
20
1.2012976771653543
11
0.4441519291338583
21
1.2025761023622048
0
LINE
8
BLACK
6
CONTINUOUS
10
0.4441519291338583
20
1.2025761023622048
11
0.445055905511811
21
1.2027559055118109
0
LINE
8
BLACK
6
CONTINUOUS
10
0.445055905511811
20
1.2027559055118109
11
0.4561251968503937
21
1.2027559055118109
0
LINE
8
BLACK
6
CONTINUOUS
10
0.4561251968503937
20
1.2027559055118109
11
0.4570291732283465
21
1.2025761023622048
0
LINE
8
BLACK
6
CONTINUOUS
10
0.2819281102362204
20
1.2550685039370078
11
0.2822174015748031
21
1.2550685039370078
0
LINE
8
BLACK
6
CONTINUOUS
10
0.2822174015748031
20
1.2550685039370078
11
0.2824874803149606
21
1.254956653543307
0
LINE
8
BLACK
6
CONTINUOUS
10
0.2824874803149606
20
1.254956653543307
11
0.2827741338582677
21
1.2548992913385826
0
LINE
8
BLACK
6
CONTINUOUS
10
0.2827741338582677
20
1.2548992913385826
11
0.2830144881889764
21
1.2547383464566928
0
LINE
8
BLACK
6
CONTINUOUS
10
0.2830144881889764
20
1.2547383464566928
11
0.283281811023622
21
1.2546275984251969
0
LINE
8
BLACK
6
CONTINUOUS
10
0.283281811023622
20
1.2546275984251969
11
0.2834885039370079
21
1.254420905511811
0
LINE
8
BLACK
6
CONTINUOUS
10
0.2834885039370079
20
1.254420905511811
11
0.2837314173228346
21
1.2542582283464567
0
LINE
8
BLACK
6
CONTINUOUS
10
0.2837314173228346
20
1.2542582283464567
11
0.2840944094488189
21
1.2538149999999999
0
LINE
8
BLACK
6
CONTINUOUS
10
0.2840944094488189
20
1.2538149999999999
11
0.2840964566929134
21
1.2538129527559054
0
LINE
8
BLACK
6
CONTINUOUS
10
0.2840964566929134
20
1.2538129527559054
11
0.2840968110236221
21
1.2538120866141731
0
LINE
8
BLACK
6
CONTINUOUS
10
0.2840968110236221
20
1.2538120866141731
11
0.284098188976378
21
1.2538103937007874
0
LINE
8
BLACK
6
CONTINUOUS
10
0.284098188976378
20
1.2538103937007874
11
0.2876855118110236
21
1.2484293700787401
0
LINE
8
BLACK
6
CONTINUOUS
10
0.2876855118110236
20
1.2484293700787401
11
0.2908894881889764
21
1.2452253937007873
0
LINE
8
BLACK
6
CONTINUOUS
10
0.2908894881889764
20
1.2452253937007873
11
0.2942104330708661
21
1.2435649212598425
0
LINE
8
BLACK
6
CONTINUOUS
10
0.2942104330708661
20
1.2435649212598425
11
0.2947003149606299
21
1.2432565748031497
0
LINE
8
BLACK
6
CONTINUOUS
10
0.2947003149606299
20
1.2432565748031497
11
0.295455157480315
21
1.2423861811023622
0
LINE
8
BLACK
6
CONTINUOUS
10
0.295455157480315
20
1.2423861811023622
11
0.2958194881889764
21
1.2412932283464566
0
LINE
8
BLACK
6
CONTINUOUS
10
0.2958194881889764
20
1.2412932283464566
11
0.2957378346456693
21
1.2401440157480315
0
LINE
8
BLACK
6
CONTINUOUS
10
0.2957378346456693
20
1.2401440157480315
11
0.2952225590551181
21
1.2391135039370078
0
LINE
8
BLACK
6
CONTINUOUS
10
0.2952225590551181
20
1.2391135039370078
11
0.2943522047244094
21
1.2383586614173228
0
LINE
8
BLACK
6
CONTINUOUS
10
0.2943522047244094
20
1.2383586614173228
11
0.2932592125984252
21
1.2379943307086614
0
LINE
8
BLACK
6
CONTINUOUS
10
0.2932592125984252
20
1.2379943307086614
11
0.29211
21
1.2380759842519684
0
LINE
8
BLACK
6
CONTINUOUS
10
0.29211
20
1.2380759842519684
11
0.2915694094488189
21
1.2382828740157481
0
LINE
8
BLACK
6
CONTINUOUS
10
0.2915694094488189
20
1.2382828740157481
11
0.2878198818897638
21
1.2401576377952757
0
LINE
8
BLACK
6
CONTINUOUS
10
0.2878198818897638
20
1.2401576377952757
11
0.2875720472440945
21
1.2403136614173229
0
LINE
8
BLACK
6
CONTINUOUS
10
0.2875720472440945
20
1.2403136614173229
11
0.2874999212598425
21
1.2403435039370079
0
LINE
8
BLACK
6
CONTINUOUS
10
0.2874999212598425
20
1.2403435039370079
11
0.2874187401574803
21
1.2404101181102363
0
LINE
8
BLACK
6
CONTINUOUS
10
0.2874187401574803
20
1.2404101181102363
11
0.28733
21
1.2404659842519685
0
LINE
8
BLACK
6
CONTINUOUS
10
0.28733
20
1.2404659842519685
11
0.2872788582677165
21
1.2405249212598426
0
LINE
8
BLACK
6
CONTINUOUS
10
0.2872788582677165
20
1.2405249212598426
11
0.2870524803149606
21
1.2407107480314961
0
LINE
8
BLACK
6
CONTINUOUS
10
0.2870524803149606
20
1.2407107480314961
11
0.284594094488189
21
1.2431691338582678
0
LINE
8
BLACK
6
CONTINUOUS
10
0.284594094488189
20
1.2431691338582678
11
0.284594094488189
21
1.2157551574803149
0
LINE
8
BLACK
6
CONTINUOUS
10
0.284594094488189
20
1.2157551574803149
11
0.2928899212598425
21
1.2157551574803149
0
LINE
8
BLACK
6
CONTINUOUS
10
0.2928899212598425
20
1.2157551574803149
11
0.2934659842519685
21
1.2156984251968503
0
LINE
8
BLACK
6
CONTINUOUS
10
0.2934659842519685
20
1.2156984251968503
11
0.2945303937007874
21
1.2152575196850393
0
LINE
8
BLACK
6
CONTINUOUS
10
0.2945303937007874
20
1.2152575196850393
11
0.2953450393700787
21
1.214442874015748
0
LINE
8
BLACK
6
CONTINUOUS
10
0.2953450393700787
20
1.214442874015748
11
0.2957859448818898
21
1.2133784645669292
0
LINE
8
BLACK
6
CONTINUOUS
10
0.2957859448818898
20
1.2133784645669292
11
0.2957859448818898
21
1.212226338582677
0
LINE
8
BLACK
6
CONTINUOUS
10
0.2957859448818898
20
1.212226338582677
11
0.2953450393700787
21
1.2111619291338582
0
LINE
8
BLACK
6
CONTINUOUS
10
0.2953450393700787
20
1.2111619291338582
11
0.2945303937007874
21
1.210347283464567
0
LINE
8
BLACK
6
CONTINUOUS
10
0.2945303937007874
20
1.210347283464567
11
0.2934659842519685
21
1.2099063779527559
0
LINE
8
BLACK
6
CONTINUOUS
10
0.2934659842519685
20
1.2099063779527559
11
0.2928899212598425
21
1.2098496456692913
0
LINE
8
BLACK
6
CONTINUOUS
10
0.2928899212598425
20
1.2098496456692913
11
0.2703927559055118
21
1.2098496456692913
0
LINE
8
BLACK
6
CONTINUOUS
10
0.2703927559055118
20
1.2098496456692913
11
0.2698166929133858
21
1.2099063779527559
0
LINE
8
BLACK
6
CONTINUOUS
10
0.2698166929133858
20
1.2099063779527559
11
0.2687522834645669
21
1.210347283464567
0
LINE
8
BLACK
6
CONTINUOUS
10
0.2687522834645669
20
1.210347283464567
11
0.2679376377952756
21
1.2111619291338582
0
LINE
8
BLACK
6
CONTINUOUS
10
0.2679376377952756
20
1.2111619291338582
11
0.2674967322834645
21
1.212226338582677
0
LINE
8
BLACK
6
CONTINUOUS
10
0.2674967322834645
20
1.212226338582677
11
0.2674967322834645
21
1.2133784645669292
0
LINE
8
BLACK
6
CONTINUOUS
10
0.2674967322834645
20
1.2133784645669292
11
0.2679376377952756
21
1.214442874015748
0
LINE
8
BLACK
6
CONTINUOUS
10
0.2679376377952756
20
1.214442874015748
11
0.2687522834645669
21
1.2152575196850393
0
LINE
8
BLACK
6
CONTINUOUS
10
0.2687522834645669
20
1.2152575196850393
11
0.2698166929133858
21
1.2156984251968503
0
LINE
8
BLACK
6
CONTINUOUS
10
0.2698166929133858
20
1.2156984251968503
11
0.2703927559055118
21
1.2157551574803149
0
LINE
8
BLACK
6
CONTINUOUS
10
0.2703927559055118
20
1.2157551574803149
11
0.2786885826771653
21
1.2157551574803149
0
LINE
8
BLACK
6
CONTINUOUS
10
0.2786885826771653
20
1.2157551574803149
11
0.2786885826771653
21
1.2521724803149605
0
LINE
8
BLACK
6
CONTINUOUS
10
0.2786885826771653
20
1.2521724803149605
11
0.278688779527559
21
1.2521745669291338
0
LINE
8
BLACK
6
CONTINUOUS
10
0.278688779527559
20
1.2521745669291338
11
0.2786885826771653
21
1.2521755905511811
0
LINE
8
BLACK
6
CONTINUOUS
10
0.2786885826771653
20
1.2521755905511811
11
0.2786891732283465
21
1.2521786220472442
0
LINE
8
BLACK
6
CONTINUOUS
10
0.2786891732283465
20
1.2521786220472442
11
0.2787453149606299
21
1.2527485433070866
0
LINE
8
BLACK
6
CONTINUOUS
10
0.2787453149606299
20
1.2527485433070866
11
0.2788571653543307
21
1.2530186614173229
0
LINE
8
BLACK
6
CONTINUOUS
10
0.2788571653543307
20
1.2530186614173229
11
0.2789145275590551
21
1.2533052755905512
0
LINE
8
BLACK
6
CONTINUOUS
10
0.2789145275590551
20
1.2533052755905512
11
0.2790754724409449
21
1.2535456692913385
0
LINE
8
BLACK
6
CONTINUOUS
10
0.2790754724409449
20
1.2535456692913385
11
0.279186220472441
21
1.2538129527559054
0
LINE
8
BLACK
6
CONTINUOUS
10
0.279186220472441
20
1.2538129527559054
11
0.2793929133858268
21
1.2540196850393701
0
LINE
8
BLACK
6
CONTINUOUS
10
0.2793929133858268
20
1.2540196850393701
11
0.2795555905511811
21
1.2542625590551182
0
LINE
8
BLACK
6
CONTINUOUS
10
0.2795555905511811
20
1.2542625590551182
11
0.2797962992125984
21
1.2544230708661417
0
LINE
8
BLACK
6
CONTINUOUS
10
0.2797962992125984
20
1.2544230708661417
11
0.2800008661417323
21
1.2546275984251969
0
LINE
8
BLACK
6
CONTINUOUS
10
0.2800008661417323
20
1.2546275984251969
11
0.2802709448818897
21
1.2547394881889764
0
LINE
8
BLACK
6
CONTINUOUS
10
0.2802709448818897
20
1.2547394881889764
11
0.2805142125984252
21
1.2549016535433071
0
LINE
8
BLACK
6
CONTINUOUS
10
0.2805142125984252
20
1.2549016535433071
11
0.2807979921259842
21
1.2549577952755906
0
LINE
8
BLACK
6
CONTINUOUS
10
0.2807979921259842
20
1.2549577952755906
11
0.2810652755905512
21
1.2550685039370078
0
LINE
8
BLACK
6
CONTINUOUS
10
0.2810652755905512
20
1.2550685039370078
11
0.2813576771653543
21
1.2550685039370078
0
LINE
8
BLACK
6
CONTINUOUS
10
0.2813576771653543
20
1.2550685039370078
11
0.2816444488188976
21
1.2551252362204723
0
LINE
8
BLACK
6
CONTINUOUS
10
0.2816444488188976
20
1.2551252362204723
11
0.2819281102362204
21
1.2550685039370078
0
LINE
8
BLACK
6
CONTINUOUS
10
0.3114033070866142
20
1.2546275984251969
11
0.3122179527559055
21
1.2538129527559054
0
LINE
8
BLACK
6
CONTINUOUS
10
0.3122179527559055
20
1.2538129527559054
11
0.3126588582677166
21
1.2527485433070866
0
LINE
8
BLACK
6
CONTINUOUS
10
0.3126588582677166
20
1.2527485433070866
11
0.3127155905511811
21
1.2521724803149605
0
LINE
8
BLACK
6
CONTINUOUS
10
0.3127155905511811
20
1.2521724803149605
11
0.3127155905511811
21
1.2209985433070867
0
LINE
8
BLACK
6
CONTINUOUS
10
0.3127155905511811
20
1.2209985433070867
11
0.3140643307086614
21
1.218301062992126
0
LINE
8
BLACK
6
CONTINUOUS
10
0.3140643307086614
20
1.218301062992126
11
0.3152614566929134
21
1.2171038976377953
0
LINE
8
BLACK
6
CONTINUOUS
10
0.3152614566929134
20
1.2171038976377953
11
0.317958937007874
21
1.2157551574803149
0
LINE
8
BLACK
6
CONTINUOUS
10
0.317958937007874
20
1.2157551574803149
11
0.3240638976377953
21
1.2157551574803149
0
LINE
8
BLACK
6
CONTINUOUS
10
0.3240638976377953
20
1.2157551574803149
11
0.3267613385826771
21
1.2171038976377953
0
LINE
8
BLACK
6
CONTINUOUS
10
0.3267613385826771
20
1.2171038976377953
11
0.3279584645669291
21
1.218301062992126
0
LINE
8
BLACK
6
CONTINUOUS
10
0.3279584645669291
20
1.218301062992126
11
0.3293072440944882
21
1.2209985433070867
0
LINE
8
BLACK
6
CONTINUOUS
10
0.3293072440944882
20
1.2209985433070867
11
0.3293072440944882
21
1.2521724803149605
0
LINE
8
BLACK
6
CONTINUOUS
10
0.3293072440944882
20
1.2521724803149605
11
0.3293639763779527
21
1.2527485433070866
0
LINE
8
BLACK
6
CONTINUOUS
10
0.3293639763779527
20
1.2527485433070866
11
0.3298048818897638
21
1.2538129527559054
0
LINE
8
BLACK
6
CONTINUOUS
10
0.3298048818897638
20
1.2538129527559054
11
0.3306195275590551
21
1.2546275984251969
0
LINE
8
BLACK
6
CONTINUOUS
10
0.3306195275590551
20
1.2546275984251969
11
0.331683937007874
21
1.2550685039370078
0
LINE
8
BLACK
6
CONTINUOUS
10
0.331683937007874
20
1.2550685039370078
11
0.332836062992126
21
1.2550685039370078
0
LINE
8
BLACK
6
CONTINUOUS
10
0.332836062992126
20
1.2550685039370078
11
0.3339004724409449
21
1.2546275984251969
0
LINE
8
BLACK
6
CONTINUOUS
10
0.3339004724409449
20
1.2546275984251969
11
0.3347151181102362
21
1.2538129527559054
0
LINE
8
BLACK
6
CONTINUOUS
10
0.3347151181102362
20
1.2538129527559054
11
0.3351560236220472
21
1.2527485433070866
0
LINE
8
BLACK
6
CONTINUOUS
10
0.3351560236220472
20
1.2527485433070866
11
0.3352127559055118
21
1.2521724803149605
0
LINE
8
BLACK
6
CONTINUOUS
10
0.3352127559055118
20
1.2521724803149605
11
0.3352127559055118
21
1.2203014960629921
0
LINE
8
BLACK
6
CONTINUOUS
10
0.3352127559055118
20
1.2203014960629921
11
0.3351560236220472
21
1.219725433070866
0
LINE
8
BLACK
6
CONTINUOUS
10
0.3351560236220472
20
1.219725433070866
11
0.3351154330708661
21
1.2196274803149607
0
LINE
8
BLACK
6
CONTINUOUS
10
0.3351154330708661
20
1.2196274803149607
11
0.3351079133858267
21
1.2195215748031496
0
LINE
8
BLACK
6
CONTINUOUS
10
0.3351079133858267
20
1.2195215748031496
11
0.3349010236220472
21
1.2189809842519685
0
LINE
8
BLACK
6
CONTINUOUS
10
0.3349010236220472
20
1.2189809842519685
11
0.3330262598425197
21
1.2152314566929134
0
LINE
8
BLACK
6
CONTINUOUS
10
0.3330262598425197
20
1.2152314566929134
11
0.3328701968503937
21
1.2149835826771653
0
LINE
8
BLACK
6
CONTINUOUS
10
0.3328701968503937
20
1.2149835826771653
11
0.3328403937007874
21
1.2149115354330708
0
LINE
8
BLACK
6
CONTINUOUS
10
0.3328403937007874
20
1.2149115354330708
11
0.3327738582677165
21
1.2148305118110236
0
LINE
8
BLACK
6
CONTINUOUS
10
0.3327738582677165
20
1.2148305118110236
11
0.3327179133858268
21
1.2147415748031496
0
LINE
8
BLACK
6
CONTINUOUS
10
0.3327179133858268
20
1.2147415748031496
11
0.3326588976377953
21
1.2146904330708661
0
LINE
8
BLACK
6
CONTINUOUS
10
0.3326588976377953
20
1.2146904330708661
11
0.3324731496062992
21
1.2144640551181103
0
LINE
8
BLACK
6
CONTINUOUS
10
0.3324731496062992
20
1.2144640551181103
11
0.3305984251968504
21
1.2125892913385827
0
LINE
8
BLACK
6
CONTINUOUS
10
0.3305984251968504
20
1.2125892913385827
11
0.3303720472440945
21
1.2124035433070866
0
LINE
8
BLACK
6
CONTINUOUS
10
0.3303720472440945
20
1.2124035433070866
11
0.3303208661417323
21
1.2123444881889764
0
LINE
8
BLACK
6
CONTINUOUS
10
0.3303208661417323
20
1.2123444881889764
11
0.3302318897637795
21
1.2122885039370079
0
LINE
8
BLACK
6
CONTINUOUS
10
0.3302318897637795
20
1.2122885039370079
11
0.3301509448818897
21
1.2122220472440945
0
LINE
8
BLACK
6
CONTINUOUS
10
0.3301509448818897
20
1.2122220472440945
11
0.3300789763779527
21
1.2121922440944881
0
LINE
8
BLACK
6
CONTINUOUS
10
0.3300789763779527
20
1.2121922440944881
11
0.3298309842519685
21
1.2120361417322834
0
LINE
8
BLACK
6
CONTINUOUS
10
0.3298309842519685
20
1.2120361417322834
11
0.3260814566929134
21
1.2101613779527558
0
LINE
8
BLACK
6
CONTINUOUS
10
0.3260814566929134
20
1.2101613779527558
11
0.3255408267716535
21
1.2099544881889763
0
LINE
8
BLACK
6
CONTINUOUS
10
0.3255408267716535
20
1.2099544881889763
11
0.325435
21
1.2099470078740158
0
LINE
8
BLACK
6
CONTINUOUS
10
0.325435
20
1.2099470078740158
11
0.3253370078740158
21
1.2099063779527559
0
LINE
8
BLACK
6
CONTINUOUS
10
0.3253370078740158
20
1.2099063779527559
11
0.3247609448818898
21
1.2098496456692913
0
LINE
8
BLACK
6
CONTINUOUS
10
0.3247609448818898
20
1.2098496456692913
11
0.3172618897637795
21
1.2098496456692913
0
LINE
8
BLACK
6
CONTINUOUS
10
0.3172618897637795
20
1.2098496456692913
11
0.3166858267716535
21
1.2099063779527559
0
LINE
8
BLACK
6
CONTINUOUS
10
0.3166858267716535
20
1.2099063779527559
11
0.3165878346456693
21
1.209946968503937
0
LINE
8
BLACK
6
CONTINUOUS
10
0.3165878346456693
20
1.209946968503937
11
0.316481968503937
21
1.2099544881889763
0
LINE
8
BLACK
6
CONTINUOUS
10
0.316481968503937
20
1.2099544881889763
11
0.3159413779527559
21
1.2101613779527558
0
LINE
8
BLACK
6
CONTINUOUS
10
0.3159413779527559
20
1.2101613779527558
11
0.3121918503937008
21
1.2120361417322834
0
LINE
8
BLACK
6
CONTINUOUS
10
0.3121918503937008
20
1.2120361417322834
11
0.3119438188976378
21
1.2121922440944881
0
LINE
8
BLACK
6
CONTINUOUS
10
0.3119438188976378
20
1.2121922440944881
11
0.3118718897637795
21
1.2122220472440945
0
LINE
8
BLACK
6
CONTINUOUS
10
0.3118718897637795
20
1.2122220472440945
11
0.311790905511811
21
1.2122885039370079
0
LINE
8
BLACK
6
CONTINUOUS
10
0.311790905511811
20
1.2122885039370079
11
0.311701968503937
21
1.2123444881889764
0
LINE
8
BLACK
6
CONTINUOUS
10
0.311701968503937
20
1.2123444881889764
11
0.3116507480314961
21
1.2124035433070866
0
LINE
8
BLACK
6
CONTINUOUS
10
0.3116507480314961
20
1.2124035433070866
11
0.3114244094488189
21
1.2125892913385827
0
LINE
8
BLACK
6
CONTINUOUS
10
0.3114244094488189
20
1.2125892913385827
11
0.3095496456692913
21
1.214464094488189
0
LINE
8
BLACK
6
CONTINUOUS
10
0.3095496456692913
20
1.214464094488189
11
0.3093638976377953
21
1.2146904330708661
0
LINE
8
BLACK
6
CONTINUOUS
10
0.3093638976377953
20
1.2146904330708661
11
0.3093049212598425
21
1.2147415748031496
0
LINE
8
BLACK
6
CONTINUOUS
10
0.3093049212598425
20
1.2147415748031496
11
0.309248937007874
21
1.2148305118110236
0
LINE
8
BLACK
6
CONTINUOUS
10
0.309248937007874
20
1.2148305118110236
11
0.3091824409448819
21
1.2149115354330708
0
LINE
8
BLACK
6
CONTINUOUS
10
0.3091824409448819
20
1.2149115354330708
11
0.3091525984251968
21
1.2149835826771653
0
LINE
8
BLACK
6
CONTINUOUS
10
0.3091525984251968
20
1.2149835826771653
11
0.3089965748031496
21
1.2152314566929134
0
LINE
8
BLACK
6
CONTINUOUS
10
0.3089965748031496
20
1.2152314566929134
11
0.307121811023622
21
1.2189809842519685
0
LINE
8
BLACK
6
CONTINUOUS
10
0.307121811023622
20
1.2189809842519685
11
0.3069149212598425
21
1.2195216141732284
0
LINE
8
BLACK
6
CONTINUOUS
10
0.3069149212598425
20
1.2195216141732284
11
0.3069074015748031
21
1.219627440944882
0
LINE
8
BLACK
6
CONTINUOUS
10
0.3069074015748031
20
1.219627440944882
11
0.3068668110236221
21
1.219725433070866
0
LINE
8
BLACK
6
CONTINUOUS
10
0.3068668110236221
20
1.219725433070866
11
0.3068100787401575
21
1.2203014960629921
0
LINE
8
BLACK
6
CONTINUOUS
10
0.3068100787401575
20
1.2203014960629921
11
0.3068100787401575
21
1.2521724803149605
0
LINE
8
BLACK
6
CONTINUOUS
10
0.3068100787401575
20
1.2521724803149605
11
0.3068668110236221
21
1.2527485433070866
0
LINE
8
BLACK
6
CONTINUOUS
10
0.3068668110236221
20
1.2527485433070866
11
0.307307716535433
21
1.2538129527559054
0
LINE
8
BLACK
6
CONTINUOUS
10
0.307307716535433
20
1.2538129527559054
11
0.3081223622047244
21
1.2546275984251969
0
LINE
8
BLACK
6
CONTINUOUS
10
0.3081223622047244
20
1.2546275984251969
11
0.3091867716535433
21
1.2550685039370078
0
LINE
8
BLACK
6
CONTINUOUS
10
0.3091867716535433
20
1.2550685039370078
11
0.3103388976377953
21
1.2550685039370078
0
LINE
8
BLACK
6
CONTINUOUS
10
0.3103388976377953
20
1.2550685039370078
11
0.3114033070866142
21
1.2546275984251969
0
LINE
8
BLACK
6
CONTINUOUS
10
0.4271739763779527
20
1.2690131102362205
11
0.4284524015748031
21
1.26773468503937
0
LINE
8
BLACK
6
CONTINUOUS
10
0.4284524015748031
20
1.26773468503937
11
0.4284524015748031
21
1.2659267322834646
0
LINE
8
BLACK
6
CONTINUOUS
10
0.4284524015748031
20
1.2659267322834646
11
0.4271739763779527
21
1.2646483070866141
0
LINE
8
BLACK
6
CONTINUOUS
10
0.4271739763779527
20
1.2646483070866141
11
0.42627
21
1.2644685039370078
0
LINE
8
BLACK
6
CONTINUOUS
10
0.42627
20
1.2644685039370078
11
0.4075882677165354
21
1.2644685039370078
0
LINE
8
BLACK
6
CONTINUOUS
10
0.4075882677165354
20
1.2644685039370078
11
0.4066842913385827
21
1.2646483070866141
0
LINE
8
BLACK
6
CONTINUOUS
10
0.4066842913385827
20
1.2646483070866141
11
0.4054058661417323
21
1.2659267322834646
0
LINE
8
BLACK
6
CONTINUOUS
10
0.4054058661417323
20
1.2659267322834646
11
0.4054058661417323
21
1.26773468503937
0
LINE
8
BLACK
6
CONTINUOUS
10
0.4054058661417323
20
1.26773468503937
11
0.4066842913385827
21
1.2690131102362205
0
LINE
8
BLACK
6
CONTINUOUS
10
0.4066842913385827
20
1.2690131102362205
11
0.4075882677165354
21
1.2691929133858268
0
LINE
8
BLACK
6
CONTINUOUS
10
0.4075882677165354
20
1.2691929133858268
11
0.42627
21
1.2691929133858268
0
LINE
8
BLACK
6
CONTINUOUS
10
0.42627
20
1.2691929133858268
11
0.4271739763779527
21
1.2690131102362205
0
LINE
8
BLACK
6
CONTINUOUS
10
0.4271739763779527
20
1.3101548425196849
11
0.4284524015748031
21
1.3088764173228347
0
LINE
8
BLACK
6
CONTINUOUS
10
0.4284524015748031
20
1.3088764173228347
11
0.4284524015748031
21
1.307068464566929
0
LINE
8
BLACK
6
CONTINUOUS
10
0.4284524015748031
20
1.307068464566929
11
0.4271739763779527
21
1.3057900393700788
0
LINE
8
BLACK
6
CONTINUOUS
10
0.4271739763779527
20
1.3057900393700788
11
0.42627
21
1.3056102362204725
0
LINE
8
BLACK
6
CONTINUOUS
10
0.42627
20
1.3056102362204725
11
0.4075882677165354
21
1.3056102362204725
0
LINE
8
BLACK
6
CONTINUOUS
10
0.4075882677165354
20
1.3056102362204725
11
0.4066842913385827
21
1.3057900393700788
0
LINE
8
BLACK
6
CONTINUOUS
10
0.4066842913385827
20
1.3057900393700788
11
0.4054058661417323
21
1.307068464566929
0
LINE
8
BLACK
6
CONTINUOUS
10
0.4054058661417323
20
1.307068464566929
11
0.4054058661417323
21
1.3088764173228347
0
LINE
8
BLACK
6
CONTINUOUS
10
0.4054058661417323
20
1.3088764173228347
11
0.4066842913385827
21
1.3101548425196849
0
LINE
8
BLACK
6
CONTINUOUS
10
0.4066842913385827
20
1.3101548425196849
11
0.4075882677165354
21
1.3103346456692913
0
LINE
8
BLACK
6
CONTINUOUS
10
0.4075882677165354
20
1.3103346456692913
11
0.42627
21
1.3103346456692913
0
LINE
8
BLACK
6
CONTINUOUS
10
0.42627
20
1.3103346456692913
11
0.4271739763779527
21
1.3101548425196849
0
LINE
8
BLACK
6
CONTINUOUS
10
0.482971968503937
20
1.3680606299212599
11
0.4830699606299212
21
1.3680200393700788
0
LINE
8
BLACK
6
CONTINUOUS
10
0.4830699606299212
20
1.3680200393700788
11
0.4831757874015748
21
1.3680125196850392
0
LINE
8
BLACK
6
CONTINUOUS
10
0.4831757874015748
20
1.3680125196850392
11
0.4837164173228347
21
1.3678056299212598
0
LINE
8
BLACK
6
CONTINUOUS
10
0.4837164173228347
20
1.3678056299212598
11
0.4874659448818898
21
1.3659308661417322
0
LINE
8
BLACK
6
CONTINUOUS
10
0.4874659448818898
20
1.3659308661417322
11
0.487713937007874
21
1.3657748031496062
0
LINE
8
BLACK
6
CONTINUOUS
10
0.487713937007874
20
1.3657748031496062
11
0.487785905511811
21
1.3657449606299212
0
LINE
8
BLACK
6
CONTINUOUS
10
0.487785905511811
20
1.3657449606299212
11
0.4878668503937008
21
1.3656785039370078
0
LINE
8
BLACK
6
CONTINUOUS
10
0.4878668503937008
20
1.3656785039370078
11
0.4879558267716536
21
1.3656225196850393
0
LINE
8
BLACK
6
CONTINUOUS
10
0.4879558267716536
20
1.3656225196850393
11
0.488006968503937
21
1.3655635433070865
0
LINE
8
BLACK
6
CONTINUOUS
10
0.488006968503937
20
1.3655635433070865
11
0.4882333464566929
21
1.3653777559055118
0
LINE
8
BLACK
6
CONTINUOUS
10
0.4882333464566929
20
1.3653777559055118
11
0.4901081102362205
21
1.3635029921259842
0
LINE
8
BLACK
6
CONTINUOUS
10
0.4901081102362205
20
1.3635029921259842
11
0.4904753149606299
21
1.3630555511811022
0
LINE
8
BLACK
6
CONTINUOUS
10
0.4904753149606299
20
1.3630555511811022
11
0.4909162204724409
21
1.3619911417322834
0
LINE
8
BLACK
6
CONTINUOUS
10
0.4909162204724409
20
1.3619911417322834
11
0.4909162204724409
21
1.3608390551181102
0
LINE
8
BLACK
6
CONTINUOUS
10
0.4909162204724409
20
1.3608390551181102
11
0.4904753149606299
21
1.3597746456692914
0
LINE
8
BLACK
6
CONTINUOUS
10
0.4904753149606299
20
1.3597746456692914
11
0.4896606299212598
21
1.3589599606299212
0
LINE
8
BLACK
6
CONTINUOUS
10
0.4896606299212598
20
1.3589599606299212
11
0.4885962204724409
21
1.3585190551181101
0
LINE
8
BLACK
6
CONTINUOUS
10
0.4885962204724409
20
1.3585190551181101
11
0.4874441338582677
21
1.3585190551181101
0
LINE
8
BLACK
6
CONTINUOUS
10
0.4874441338582677
20
1.3585190551181101
11
0.4863797244094488
21
1.3589599606299212
0
LINE
8
BLACK
6
CONTINUOUS
10
0.4863797244094488
20
1.3589599606299212
11
0.4859322834645669
21
1.3593271653543306
0
LINE
8
BLACK
6
CONTINUOUS
10
0.4859322834645669
20
1.3593271653543306
11
0.4843963385826772
21
1.3608631102362205
0
LINE
8
BLACK
6
CONTINUOUS
10
0.4843963385826772
20
1.3608631102362205
11
0.4816988582677165
21
1.3622118503937009
0
LINE
8
BLACK
6
CONTINUOUS
10
0.4816988582677165
20
1.3622118503937009
11
0.4737191338582677
21
1.3622118503937009
0
LINE
8
BLACK
6
CONTINUOUS
10
0.4737191338582677
20
1.3622118503937009
11
0.4710216535433071
21
1.3608631102362205
0
LINE
8
BLACK
6
CONTINUOUS
10
0.4710216535433071
20
1.3608631102362205
11
0.4698245275590551
21
1.3596659842519685
0
LINE
8
BLACK
6
CONTINUOUS
10
0.4698245275590551
20
1.3596659842519685
11
0.4684757874015748
21
1.3569685039370079
0
LINE
8
BLACK
6
CONTINUOUS
10
0.4684757874015748
20
1.3569685039370079
11
0.4684757874015748
21
1.3543951968503938
0
LINE
8
BLACK
6
CONTINUOUS
10
0.4684757874015748
20
1.3543951968503938
11
0.4699785826771654
21
1.3498867716535432
0
LINE
8
BLACK
6
CONTINUOUS
10
0.4699785826771654
20
1.3498867716535432
11
0.491982874015748
21
1.3278824409448819
0
LINE
8
BLACK
6
CONTINUOUS
10
0.491982874015748
20
1.3278824409448819
11
0.4923501181102362
21
1.3274349999999999
0
LINE
8
BLACK
6
CONTINUOUS
10
0.4923501181102362
20
1.3274349999999999
11
0.4927909842519685
21
1.3263705511811024
0
LINE
8
BLACK
6
CONTINUOUS
10
0.4927909842519685
20
1.3263705511811024
11
0.4927909842519685
21
1.3252184645669292
0
LINE
8
BLACK
6
CONTINUOUS
10
0.4927909842519685
20
1.3252184645669292
11
0.4923500787401575
21
1.3241540551181101
0
LINE
8
BLACK
6
CONTINUOUS
10
0.4923500787401575
20
1.3241540551181101
11
0.4915354330708661
21
1.3233393700787401
0
LINE
8
BLACK
6
CONTINUOUS
10
0.4915354330708661
20
1.3233393700787401
11
0.4909373228346456
21
1.323091653543307
0
LINE
8
BLACK
6
CONTINUOUS
10
0.4909373228346456
20
1.323091653543307
11
0.4904710236220473
21
1.3228985039370078
0
LINE
8
BLACK
6
CONTINUOUS
10
0.4904710236220473
20
1.3228985039370078
11
0.4898949606299213
21
1.3228417716535432
0
LINE
8
BLACK
6
CONTINUOUS
10
0.4898949606299213
20
1.3228417716535432
11
0.465523031496063
21
1.3228417716535432
0
LINE
8
BLACK
6
CONTINUOUS
10
0.465523031496063
20
1.3228417716535432
11
0.464946968503937
21
1.3228985039370078
0
LINE
8
BLACK
6
CONTINUOUS
10
0.464946968503937
20
1.3228985039370078
11
0.4638825590551181
21
1.3233394094488189
0
LINE
8
BLACK
6
CONTINUOUS
10
0.4638825590551181
20
1.3233394094488189
11
0.4630679133858268
21
1.3241540551181101
0
LINE
8
BLACK
6
CONTINUOUS
10
0.4630679133858268
20
1.3241540551181101
11
0.4626270078740157
21
1.3252184645669292
0
LINE
8
BLACK
6
CONTINUOUS
10
0.4626270078740157
20
1.3252184645669292
11
0.4626270078740157
21
1.3263705905511811
0
LINE
8
BLACK
6
CONTINUOUS
10
0.4626270078740157
20
1.3263705905511811
11
0.4630679133858268
21
1.3274349999999999
0
LINE
8
BLACK
6
CONTINUOUS
10
0.4630679133858268
20
1.3274349999999999
11
0.4638825590551181
21
1.3282496456692914
0
LINE
8
BLACK
6
CONTINUOUS
10
0.4638825590551181
20
1.3282496456692914
11
0.464946968503937
21
1.3286905511811022
0
LINE
8
BLACK
6
CONTINUOUS
10
0.464946968503937
20
1.3286905511811022
11
0.465523031496063
21
1.3287472834645668
0
LINE
8
BLACK
6
CONTINUOUS
10
0.465523031496063
20
1.3287472834645668
11
0.4827663779527559
21
1.3287472834645668
0
LINE
8
BLACK
6
CONTINUOUS
10
0.4827663779527559
20
1.3287472834645668
11
0.4653098818897637
21
1.3462038188976377
0
LINE
8
BLACK
6
CONTINUOUS
10
0.4653098818897637
20
1.3462038188976377
11
0.4649426771653543
21
1.3466512598425195
0
LINE
8
BLACK
6
CONTINUOUS
10
0.4649426771653543
20
1.3466512598425195
11
0.4649020472440945
21
1.3467493307086613
0
LINE
8
BLACK
6
CONTINUOUS
10
0.4649020472440945
20
1.3467493307086613
11
0.4648325590551181
21
1.3468294488188977
0
LINE
8
BLACK
6
CONTINUOUS
10
0.4648325590551181
20
1.3468294488188977
11
0.4645965748031496
21
1.3473579921259842
0
LINE
8
BLACK
6
CONTINUOUS
10
0.4645965748031496
20
1.3473579921259842
11
0.462721811023622
21
1.3529822834645668
0
LINE
8
BLACK
6
CONTINUOUS
10
0.462721811023622
20
1.3529822834645668
11
0.4626568503937008
21
1.353267874015748
0
LINE
8
BLACK
6
CONTINUOUS
10
0.4626568503937008
20
1.353267874015748
11
0.4626270078740157
21
1.3533399606299212
0
LINE
8
BLACK
6
CONTINUOUS
10
0.4626270078740157
20
1.3533399606299212
11
0.4626166929133858
21
1.3534444881889764
0
LINE
8
BLACK
6
CONTINUOUS
10
0.4626166929133858
20
1.3534444881889764
11
0.4625934645669291
21
1.3535467322834644
0
LINE
8
BLACK
6
CONTINUOUS
10
0.4625934645669291
20
1.3535467322834644
11
0.4625989763779527
21
1.3536244881889763
0
LINE
8
BLACK
6
CONTINUOUS
10
0.4625989763779527
20
1.3536244881889763
11
0.4625702755905512
21
1.3539160236220471
0
LINE
8
BLACK
6
CONTINUOUS
10
0.4625702755905512
20
1.3539160236220471
11
0.4625702755905512
21
1.3576655511811024
0
LINE
8
BLACK
6
CONTINUOUS
10
0.4625702755905512
20
1.3576655511811024
11
0.4626270078740157
21
1.3582416141732283
0
LINE
8
BLACK
6
CONTINUOUS
10
0.4626270078740157
20
1.3582416141732283
11
0.4626675984251968
21
1.3583396456692913
0
LINE
8
BLACK
6
CONTINUOUS
10
0.4626675984251968
20
1.3583396456692913
11
0.4626751181102362
21
1.3584454330708662
0
LINE
8
BLACK
6
CONTINUOUS
10
0.4626751181102362
20
1.3584454330708662
11
0.4628820078740157
21
1.358986062992126
0
LINE
8
BLACK
6
CONTINUOUS
10
0.4628820078740157
20
1.358986062992126
11
0.4647567716535433
21
1.3627355905511811
0
LINE
8
BLACK
6
CONTINUOUS
10
0.4647567716535433
20
1.3627355905511811
11
0.4649128346456693
21
1.362983622047244
0
LINE
8
BLACK
6
CONTINUOUS
10
0.4649128346456693
20
1.362983622047244
11
0.4649426771653543
21
1.3630555511811022
0
LINE
8
BLACK
6
CONTINUOUS
10
0.4649426771653543
20
1.3630555511811022
11
0.4650091338582677
21
1.3631365354330709
0
LINE
8
BLACK
6
CONTINUOUS
10
0.4650091338582677
20
1.3631365354330709
11
0.4650651181102362
21
1.3632254724409449
0
LINE
8
BLACK
6
CONTINUOUS
10
0.4650651181102362
20
1.3632254724409449
11
0.465124094488189
21
1.363276653543307
0
LINE
8
BLACK
6
CONTINUOUS
10
0.465124094488189
20
1.363276653543307
11
0.4653098818897637
21
1.3635029921259842
0
LINE
8
BLACK
6
CONTINUOUS
10
0.4653098818897637
20
1.3635029921259842
11
0.4671846456692914
21
1.3653777559055118
0
LINE
8
BLACK
6
CONTINUOUS
10
0.4671846456692914
20
1.3653777559055118
11
0.4674109842519685
21
1.3655635433070865
0
LINE
8
BLACK
6
CONTINUOUS
10
0.4674109842519685
20
1.3655635433070865
11
0.4674621653543307
21
1.3656225196850393
0
LINE
8
BLACK
6
CONTINUOUS
10
0.4674621653543307
20
1.3656225196850393
11
0.4675511023622047
21
1.3656785039370078
0
LINE
8
BLACK
6
CONTINUOUS
10
0.4675511023622047
20
1.3656785039370078
11
0.4676320866141732
21
1.3657449606299212
0
LINE
8
BLACK
6
CONTINUOUS
10
0.4676320866141732
20
1.3657449606299212
11
0.4677040157480315
21
1.3657748031496062
0
LINE
8
BLACK
6
CONTINUOUS
10
0.4677040157480315
20
1.3657748031496062
11
0.4679520472440945
21
1.3659308661417322
0
LINE
8
BLACK
6
CONTINUOUS
10
0.4679520472440945
20
1.3659308661417322
11
0.4717015748031496
21
1.3678056299212598
0
LINE
8
BLACK
6
CONTINUOUS
10
0.4717015748031496
20
1.3678056299212598
11
0.4722421653543307
21
1.3680125196850392
0
LINE
8
BLACK
6
CONTINUOUS
10
0.4722421653543307
20
1.3680125196850392
11
0.472348031496063
21
1.3680200787401575
0
LINE
8
BLACK
6
CONTINUOUS
10
0.472348031496063
20
1.3680200787401575
11
0.4724460236220472
21
1.3680606299212599
0
LINE
8
BLACK
6
CONTINUOUS
10
0.4724460236220472
20
1.3680606299212599
11
0.4730220866141732
21
1.3681173622047245
0
LINE
8
BLACK
6
CONTINUOUS
10
0.4730220866141732
20
1.3681173622047245
11
0.482395905511811
21
1.3681173622047245
0
LINE
8
BLACK
6
CONTINUOUS
10
0.482395905511811
20
1.3681173622047245
11
0.482971968503937
21
1.3680606299212599
0
LINE
8
BLACK
6
CONTINUOUS
10
0.5260915748031496
20
1.3680606299212599
11
0.5271559842519685
21
1.3676197244094488
0
LINE
8
BLACK
6
CONTINUOUS
10
0.5271559842519685
20
1.3676197244094488
11
0.5279706299212599
21
1.3668050787401576
0
LINE
8
BLACK
6
CONTINUOUS
10
0.5279706299212599
20
1.3668050787401576
11
0.5284115354330708
21
1.3657406692913385
0
LINE
8
BLACK
6
CONTINUOUS
10
0.5284115354330708
20
1.3657406692913385
11
0.5284682677165354
21
1.3651646062992127
0
LINE
8
BLACK
6
CONTINUOUS
10
0.5284682677165354
20
1.3651646062992127
11
0.5284682677165354
21
1.325794527559055
0
LINE
8
BLACK
6
CONTINUOUS
10
0.5284682677165354
20
1.325794527559055
11
0.5284115354330708
21
1.3252184645669292
0
LINE
8
BLACK
6
CONTINUOUS
10
0.5284115354330708
20
1.3252184645669292
11
0.5279706299212599
21
1.3241540551181101
0
LINE
8
BLACK
6
CONTINUOUS
10
0.5279706299212599
20
1.3241540551181101
11
0.5271559842519685
21
1.3233394094488189
0
LINE
8
BLACK
6
CONTINUOUS
10
0.5271559842519685
20
1.3233394094488189
11
0.5260915748031496
21
1.3228985039370078
0
LINE
8
BLACK
6
CONTINUOUS
10
0.5260915748031496
20
1.3228985039370078
11
0.5249394488188976
21
1.3228985039370078
0
LINE
8
BLACK
6
CONTINUOUS
10
0.5249394488188976
20
1.3228985039370078
11
0.5238750393700787
21
1.3233394094488189
0
LINE
8
BLACK
6
CONTINUOUS
10
0.5238750393700787
20
1.3233394094488189
11
0.5230603937007874
21
1.3241540551181101
0
LINE
8
BLACK
6
CONTINUOUS
10
0.5230603937007874
20
1.3241540551181101
11
0.5226194881889764
21
1.3252184645669292
0
LINE
8
BLACK
6
CONTINUOUS
10
0.5226194881889764
20
1.3252184645669292
11
0.5225627559055118
21
1.325794527559055
0
LINE
8
BLACK
6
CONTINUOUS
10
0.5225627559055118
20
1.325794527559055
11
0.5225627559055118
21
1.3415894488188975
0
LINE
8
BLACK
6
CONTINUOUS
10
0.5225627559055118
20
1.3415894488188975
11
0.5176790551181102
21
1.3415894488188975
0
LINE
8
BLACK
6
CONTINUOUS
10
0.5176790551181102
20
1.3415894488188975
11
0.5054373228346457
21
1.3241012204724409
0
LINE
8
BLACK
6
CONTINUOUS
10
0.5054373228346457
20
1.3241012204724409
11
0.5050605118110236
21
1.3236618503937008
0
LINE
8
BLACK
6
CONTINUOUS
10
0.5050605118110236
20
1.3236618503937008
11
0.5040888976377953
21
1.3230426771653543
0
LINE
8
BLACK
6
CONTINUOUS
10
0.5040888976377953
20
1.3230426771653543
11
0.5029543700787401
21
1.3228424803149605
0
LINE
8
BLACK
6
CONTINUOUS
10
0.5029543700787401
20
1.3228424803149605
11
0.5018295275590551
21
1.323091653543307
0
LINE
8
BLACK
6
CONTINUOUS
10
0.5018295275590551
20
1.323091653543307
11
0.5008856692913386
21
1.3237523622047245
0
LINE
8
BLACK
6
CONTINUOUS
10
0.5008856692913386
20
1.3237523622047245
11
0.5002664960629921
21
1.3247239763779528
0
LINE
8
BLACK
6
CONTINUOUS
10
0.5002664960629921
20
1.3247239763779528
11
0.5000662992125984
21
1.3258585039370079
0
LINE
8
BLACK
6
CONTINUOUS
10
0.5000662992125984
20
1.3258585039370079
11
0.5003154724409449
21
1.3269833464566929
0
LINE
8
BLACK
6
CONTINUOUS
10
0.5003154724409449
20
1.3269833464566929
11
0.5005993700787401
21
1.3274878346456693
0
LINE
8
BLACK
6
CONTINUOUS
10
0.5005993700787401
20
1.3274878346456693
11
0.5104735039370079
21
1.341593779527559
0
LINE
8
BLACK
6
CONTINUOUS
10
0.5104735039370079
20
1.341593779527559
11
0.5099413385826772
21
1.3416461811023621
0
LINE
8
BLACK
6
CONTINUOUS
10
0.5099413385826772
20
1.3416461811023621
11
0.5098433464566929
21
1.3416867716535432
0
LINE
8
BLACK
6
CONTINUOUS
10
0.5098433464566929
20
1.3416867716535432
11
0.5097374803149606
21
1.3416942913385828
0
LINE
8
BLACK
6
CONTINUOUS
10
0.5097374803149606
20
1.3416942913385828
11
0.5091968897637795
21
1.3419011811023622
0
LINE
8
BLACK
6
CONTINUOUS
10
0.5091968897637795
20
1.3419011811023622
11
0.5054473622047244
21
1.3437759448818898
0
LINE
8
BLACK
6
CONTINUOUS
10
0.5054473622047244
20
1.3437759448818898
11
0.5051993307086614
21
1.3439320472440945
0
LINE
8
BLACK
6
CONTINUOUS
10
0.5051993307086614
20
1.3439320472440945
11
0.5051274015748032
21
1.3439618503937008
0
LINE
8
BLACK
6
CONTINUOUS
10
0.5051274015748032
20
1.3439618503937008
11
0.5050464173228346
21
1.3440283464566929
0
LINE
8
BLACK
6
CONTINUOUS
10
0.5050464173228346
20
1.3440283464566929
11
0.5049574803149606
21
1.3440842913385826
0
LINE
8
BLACK
6
CONTINUOUS
10
0.5049574803149606
20
1.3440842913385826
11
0.5049062992125984
21
1.3441433070866142
0
LINE
8
BLACK
6
CONTINUOUS
10
0.5049062992125984
20
1.3441433070866142
11
0.5046799606299213
21
1.3443290551181102
0
LINE
8
BLACK
6
CONTINUOUS
10
0.5046799606299213
20
1.3443290551181102
11
0.5028051968503937
21
1.3462038188976377
0
LINE
8
BLACK
6
CONTINUOUS
10
0.5028051968503937
20
1.3462038188976377
11
0.5026194094488189
21
1.3464301968503938
0
LINE
8
BLACK
6
CONTINUOUS
10
0.5026194094488189
20
1.3464301968503938
11
0.5025604330708662
21
1.346481338582677
0
LINE
8
BLACK
6
CONTINUOUS
10
0.5025604330708662
20
1.346481338582677
11
0.5025044488188977
21
1.3465703149606298
0
LINE
8
BLACK
6
CONTINUOUS
10
0.5025044488188977
20
1.3465703149606298
11
0.5024379921259843
21
1.3466512598425195
0
LINE
8
BLACK
6
CONTINUOUS
10
0.5024379921259843
20
1.3466512598425195
11
0.5024081496062992
21
1.3467232283464567
0
LINE
8
BLACK
6
CONTINUOUS
10
0.5024081496062992
20
1.3467232283464567
11
0.5022520866141732
21
1.3469712204724409
0
LINE
8
BLACK
6
CONTINUOUS
10
0.5022520866141732
20
1.3469712204724409
11
0.5003773228346456
21
1.350720748031496
0
LINE
8
BLACK
6
CONTINUOUS
10
0.5003773228346456
20
1.350720748031496
11
0.5001704330708662
21
1.3512613779527558
0
LINE
8
BLACK
6
CONTINUOUS
10
0.5001704330708662
20
1.3512613779527558
11
0.5001629133858267
21
1.3513672047244094
0
LINE
8
BLACK
6
CONTINUOUS
10
0.5001629133858267
20
1.3513672047244094
11
0.5001223228346456
21
1.3514651968503937
0
LINE
8
BLACK
6
CONTINUOUS
10
0.5001223228346456
20
1.3514651968503937
11
0.500065590551181
21
1.3520412598425195
0
LINE
8
BLACK
6
CONTINUOUS
10
0.500065590551181
20
1.3520412598425195
11
0.500065590551181
21
1.3576655511811024
0
LINE
8
BLACK
6
CONTINUOUS
10
0.500065590551181
20
1.3576655511811024
11
0.5001223228346456
21
1.3582416141732283
0
LINE
8
BLACK
6
CONTINUOUS
10
0.5001223228346456
20
1.3582416141732283
11
0.5001629133858267
21
1.3583396456692913
0
LINE
8
BLACK
6
CONTINUOUS
10
0.5001629133858267
20
1.3583396456692913
11
0.5001704330708662
21
1.3584454330708662
0
LINE
8
BLACK
6
CONTINUOUS
10
0.5001704330708662
20
1.3584454330708662
11
0.5003773228346456
21
1.358986062992126
0
LINE
8
BLACK
6
CONTINUOUS
10
0.5003773228346456
20
1.358986062992126
11
0.5022520866141732
21
1.3627355905511811
0
LINE
8
BLACK
6
CONTINUOUS
10
0.5022520866141732
20
1.3627355905511811
11
0.5024081496062992
21
1.362983622047244
0
LINE
8
BLACK
6
CONTINUOUS
10
0.5024081496062992
20
1.362983622047244
11
0.5024379921259843
21
1.3630555511811022
0
LINE
8
BLACK
6
CONTINUOUS
10
0.5024379921259843
20
1.3630555511811022
11
0.5025044488188977
21
1.3631365354330709
0
LINE
8
BLACK
6
CONTINUOUS
10
0.5025044488188977
20
1.3631365354330709
11
0.5025604330708662
21
1.3632254724409449
0
LINE
8
BLACK
6
CONTINUOUS
10
0.5025604330708662
20
1.3632254724409449
11
0.5026194094488189
21
1.363276653543307
0
LINE
8
BLACK
6
CONTINUOUS
10
0.5026194094488189
20
1.363276653543307
11
0.5028051968503937
21
1.3635029921259842
0
LINE
8
BLACK
6
CONTINUOUS
10
0.5028051968503937
20
1.3635029921259842
11
0.5046799606299213
21
1.3653777559055118
0
LINE
8
BLACK
6
CONTINUOUS
10
0.5046799606299213
20
1.3653777559055118
11
0.5049062992125984
21
1.3655635433070865
0
LINE
8
BLACK
6
CONTINUOUS
10
0.5049062992125984
20
1.3655635433070865
11
0.5049574803149606
21
1.3656225196850393
0
LINE
8
BLACK
6
CONTINUOUS
10
0.5049574803149606
20
1.3656225196850393
11
0.5050464173228346
21
1.3656785039370078
0
LINE
8
BLACK
6
CONTINUOUS
10
0.5050464173228346
20
1.3656785039370078
11
0.5051274015748032
21
1.3657449606299212
0
LINE
8
BLACK
6
CONTINUOUS
10
0.5051274015748032
20
1.3657449606299212
11
0.5051993307086614
21
1.3657748031496062
0
LINE
8
BLACK
6
CONTINUOUS
10
0.5051993307086614
20
1.3657748031496062
11
0.5054473622047244
21
1.3659308661417322
0
LINE
8
BLACK
6
CONTINUOUS
10
0.5054473622047244
20
1.3659308661417322
11
0.5091968897637795
21
1.3678056299212598
0
LINE
8
BLACK
6
CONTINUOUS
10
0.5091968897637795
20
1.3678056299212598
11
0.5097374803149606
21
1.3680125196850392
0
LINE
8
BLACK
6
CONTINUOUS
10
0.5097374803149606
20
1.3680125196850392
11
0.5098433464566929
21
1.3680200787401575
0
LINE
8
BLACK
6
CONTINUOUS
10
0.5098433464566929
20
1.3680200787401575
11
0.5099413385826772
21
1.3680606299212599
0
LINE
8
BLACK
6
CONTINUOUS
10
0.5099413385826772
20
1.3680606299212599
11
0.5105174015748032
21
1.3681173622047245
0
LINE
8
BLACK
6
CONTINUOUS
10
0.5105174015748032
20
1.3681173622047245
11
0.5255155118110236
21
1.3681173622047245
0
LINE
8
BLACK
6
CONTINUOUS
10
0.5255155118110236
20
1.3681173622047245
11
0.5260915748031496
21
1.3680606299212599
0
LINE
8
BLACK
6
CONTINUOUS
10
0.508516968503937
20
1.3608631102362205
11
0.507319842519685
21
1.3596659842519685
0
LINE
8
BLACK
6
CONTINUOUS
10
0.507319842519685
20
1.3596659842519685
11
0.5059711023622047
21
1.3569685039370079
0
LINE
8
BLACK
6
CONTINUOUS
10
0.5059711023622047
20
1.3569685039370079
11
0.5059711023622047
21
1.3527383070866141
0
LINE
8
BLACK
6
CONTINUOUS
10
0.5059711023622047
20
1.3527383070866141
11
0.507319842519685
21
1.3500408267716535
0
LINE
8
BLACK
6
CONTINUOUS
10
0.507319842519685
20
1.3500408267716535
11
0.508516968503937
21
1.3488437007874015
0
LINE
8
BLACK
6
CONTINUOUS
10
0.508516968503937
20
1.3488437007874015
11
0.5112144488188977
21
1.3474949606299211
0
LINE
8
BLACK
6
CONTINUOUS
10
0.5112144488188977
20
1.3474949606299211
11
0.5225627559055118
21
1.3474949606299211
0
LINE
8
BLACK
6
CONTINUOUS
10
0.5225627559055118
20
1.3474949606299211
11
0.5225627559055118
21
1.3622118503937009
0
LINE
8
BLACK
6
CONTINUOUS
10
0.5225627559055118
20
1.3622118503937009
11
0.5112144488188977
21
1.3622118503937009
0
LINE
8
BLACK
6
CONTINUOUS
10
0.5112144488188977
20
1.3622118503937009
11
0.508516968503937
21
1.3608631102362205
0
LINE
8
BLACK
6
CONTINUOUS
10
0.1748166141732283
20
1.3887496850393701
11
0.175847125984252
21
1.3882344094488188
0
LINE
8
BLACK
6
CONTINUOUS
10
0.175847125984252
20
1.3882344094488188
11
0.176601968503937
21
1.3873640551181101
0
LINE
8
BLACK
6
CONTINUOUS
10
0.176601968503937
20
1.3873640551181101
11
0.1769662992125984
21
1.386271062992126
0
LINE
8
BLACK
6
CONTINUOUS
10
0.1769662992125984
20
1.386271062992126
11
0.1768846456692913
21
1.3851218503937008
0
LINE
8
BLACK
6
CONTINUOUS
10
0.1768846456692913
20
1.3851218503937008
11
0.1766777559055118
21
1.3845812598425196
0
LINE
8
BLACK
6
CONTINUOUS
10
0.1766777559055118
20
1.3845812598425196
11
0.1748029921259842
21
1.3808317322834645
0
LINE
8
BLACK
6
CONTINUOUS
10
0.1748029921259842
20
1.3808317322834645
11
0.174646968503937
21
1.3805839370078741
0
LINE
8
BLACK
6
CONTINUOUS
10
0.174646968503937
20
1.3805839370078741
11
0.174617125984252
21
1.3805117716535433
0
LINE
8
BLACK
6
CONTINUOUS
10
0.174617125984252
20
1.3805117716535433
11
0.1745505118110236
21
1.3804306299212599
0
LINE
8
BLACK
6
CONTINUOUS
10
0.1745505118110236
20
1.3804306299212599
11
0.1744946456692913
21
1.3803418503937008
0
LINE
8
BLACK
6
CONTINUOUS
10
0.1744946456692913
20
1.3803418503937008
11
0.1744357086614173
21
1.3802907480314961
0
LINE
8
BLACK
6
CONTINUOUS
10
0.1744357086614173
20
1.3802907480314961
11
0.1742498818897638
21
1.3800643307086613
0
LINE
8
BLACK
6
CONTINUOUS
10
0.1742498818897638
20
1.3800643307086613
11
0.1717914960629921
21
1.3776059448818898
0
LINE
8
BLACK
6
CONTINUOUS
10
0.1717914960629921
20
1.3776059448818898
11
0.1992054724409449
21
1.3776059448818898
0
LINE
8
BLACK
6
CONTINUOUS
10
0.1992054724409449
20
1.3776059448818898
11
0.1992054724409449
21
1.3859017716535433
0
LINE
8
BLACK
6
CONTINUOUS
10
0.1992054724409449
20
1.3859017716535433
11
0.1992622047244094
21
1.3864778346456692
0
LINE
8
BLACK
6
CONTINUOUS
10
0.1992622047244094
20
1.3864778346456692
11
0.1997031102362205
21
1.3875422440944882
0
LINE
8
BLACK
6
CONTINUOUS
10
0.1997031102362205
20
1.3875422440944882
11
0.2005177559055118
21
1.3883568897637795
0
LINE
8
BLACK
6
CONTINUOUS
10
0.2005177559055118
20
1.3883568897637795
11
0.2015821653543307
21
1.3887977952755906
0
LINE
8
BLACK
6
CONTINUOUS
10
0.2015821653543307
20
1.3887977952755906
11
0.2027342913385827
21
1.3887977952755906
0
LINE
8
BLACK
6
CONTINUOUS
10
0.2027342913385827
20
1.3887977952755906
11
0.2037987007874016
21
1.3883568897637795
0
LINE
8
BLACK
6
CONTINUOUS
10
0.2037987007874016
20
1.3883568897637795
11
0.2046133464566929
21
1.3875422440944882
0
LINE
8
BLACK
6
CONTINUOUS
10
0.2046133464566929
20
1.3875422440944882
11
0.2050542519685039
21
1.3864778346456692
0
LINE
8
BLACK
6
CONTINUOUS
10
0.2050542519685039
20
1.3864778346456692
11
0.2051109842519685
21
1.3859017716535433
0
LINE
8
BLACK
6
CONTINUOUS
10
0.2051109842519685
20
1.3859017716535433
11
0.2051109842519685
21
1.3634046062992127
0
LINE
8
BLACK
6
CONTINUOUS
10
0.2051109842519685
20
1.3634046062992127
11
0.2050542519685039
21
1.3628285433070866
0
LINE
8
BLACK
6
CONTINUOUS
10
0.2050542519685039
20
1.3628285433070866
11
0.2046133464566929
21
1.3617641338582678
0
LINE
8
BLACK
6
CONTINUOUS
10
0.2046133464566929
20
1.3617641338582678
11
0.2037987007874016
21
1.3609494881889763
0
LINE
8
BLACK
6
CONTINUOUS
10
0.2037987007874016
20
1.3609494881889763
11
0.2027342913385827
21
1.3605085826771652
0
LINE
8
BLACK
6
CONTINUOUS
10
0.2027342913385827
20
1.3605085826771652
11
0.2015821653543307
21
1.3605085826771652
0
LINE
8
BLACK
6
CONTINUOUS
10
0.2015821653543307
20
1.3605085826771652
11
0.2005177559055118
21
1.3609494881889763
0
LINE
8
BLACK
6
CONTINUOUS
10
0.2005177559055118
20
1.3609494881889763
11
0.1997031102362205
21
1.3617641338582678
0
LINE
8
BLACK
6
CONTINUOUS
10
0.1997031102362205
20
1.3617641338582678
11
0.1992622047244094
21
1.3628285433070866
0
LINE
8
BLACK
6
CONTINUOUS
10
0.1992622047244094
20
1.3628285433070866
11
0.1992054724409449
21
1.3634046062992127
0
LINE
8
BLACK
6
CONTINUOUS
10
0.1992054724409449
20
1.3634046062992127
11
0.1992054724409449
21
1.3717004330708662
0
LINE
8
BLACK
6
CONTINUOUS
10
0.1992054724409449
20
1.3717004330708662
11
0.1627881496062992
21
1.3717004330708662
0
LINE
8
BLACK
6
CONTINUOUS
10
0.1627881496062992
20
1.3717004330708662
11
0.162786062992126
21
1.3717006692913385
0
LINE
8
BLACK
6
CONTINUOUS
10
0.162786062992126
20
1.3717006692913385
11
0.1627850393700787
21
1.3717004330708662
0
LINE
8
BLACK
6
CONTINUOUS
10
0.1627850393700787
20
1.3717004330708662
11
0.1627820078740158
21
1.371701062992126
0
LINE
8
BLACK
6
CONTINUOUS
10
0.1627820078740158
20
1.371701062992126
11
0.1622120866141732
21
1.3717571653543308
0
LINE
8
BLACK
6
CONTINUOUS
10
0.1622120866141732
20
1.3717571653543308
11
0.161941968503937
21
1.3718690551181103
0
LINE
8
BLACK
6
CONTINUOUS
10
0.161941968503937
20
1.3718690551181103
11
0.1616553543307087
21
1.371926377952756
0
LINE
8
BLACK
6
CONTINUOUS
10
0.1616553543307087
20
1.371926377952756
11
0.1614149606299213
21
1.3720873622047243
0
LINE
8
BLACK
6
CONTINUOUS
10
0.1614149606299213
20
1.3720873622047243
11
0.1611476771653543
21
1.3721980708661417
0
LINE
8
BLACK
6
CONTINUOUS
10
0.1611476771653543
20
1.3721980708661417
11
0.1609409448818898
21
1.3724048031496063
0
LINE
8
BLACK
6
CONTINUOUS
10
0.1609409448818898
20
1.3724048031496063
11
0.1606980708661417
21
1.3725674409448818
0
LINE
8
BLACK
6
CONTINUOUS
10
0.1606980708661417
20
1.3725674409448818
11
0.1605375590551181
21
1.3728081889763779
0
LINE
8
BLACK
6
CONTINUOUS
10
0.1605375590551181
20
1.3728081889763779
11
0.160333031496063
21
1.3730127165354331
0
LINE
8
BLACK
6
CONTINUOUS
10
0.160333031496063
20
1.3730127165354331
11
0.1602211417322835
21
1.3732828346456694
0
LINE
8
BLACK
6
CONTINUOUS
10
0.1602211417322835
20
1.3732828346456694
11
0.1600589763779527
21
1.373526062992126
0
LINE
8
BLACK
6
CONTINUOUS
10
0.1600589763779527
20
1.373526062992126
11
0.1600028346456693
21
1.3738098818897637
0
LINE
8
BLACK
6
CONTINUOUS
10
0.1600028346456693
20
1.3738098818897637
11
0.159892125984252
21
1.3740771259842519
0
LINE
8
BLACK
6
CONTINUOUS
10
0.159892125984252
20
1.3740771259842519
11
0.159892125984252
21
1.3743695275590551
0
LINE
8
BLACK
6
CONTINUOUS
10
0.159892125984252
20
1.3743695275590551
11
0.1598353937007874
21
1.3746562992125984
0
LINE
8
BLACK
6
CONTINUOUS
10
0.1598353937007874
20
1.3746562992125984
11
0.159892125984252
21
1.3749399606299213
0
LINE
8
BLACK
6
CONTINUOUS
10
0.159892125984252
20
1.3749399606299213
11
0.159892125984252
21
1.3752292519685039
0
LINE
8
BLACK
6
CONTINUOUS
10
0.159892125984252
20
1.3752292519685039
11
0.1600039763779527
21
1.3754993700787401
0
LINE
8
BLACK
6
CONTINUOUS
10
0.1600039763779527
20
1.3754993700787401
11
0.1600613385826772
21
1.3757859842519684
0
LINE
8
BLACK
6
CONTINUOUS
10
0.1600613385826772
20
1.3757859842519684
11
0.1602222834645669
21
1.376026377952756
0
LINE
8
BLACK
6
CONTINUOUS
10
0.1602222834645669
20
1.376026377952756
11
0.160333031496063
21
1.3762936614173229
0
LINE
8
BLACK
6
CONTINUOUS
10
0.160333031496063
20
1.3762936614173229
11
0.1605397244094488
21
1.3765003937007874
0
LINE
8
BLACK
6
CONTINUOUS
10
0.1605397244094488
20
1.3765003937007874
11
0.1607024015748031
21
1.3767432677165354
0
LINE
8
BLACK
6
CONTINUOUS
10
0.1607024015748031
20
1.3767432677165354
11
0.1611456299212598
21
1.3771062992125984
0
LINE
8
BLACK
6
CONTINUOUS
10
0.1611456299212598
20
1.3771062992125984
11
0.1611476771653543
21
1.3771083070866141
0
LINE
8
BLACK
6
CONTINUOUS
10
0.1611476771653543
20
1.3771083070866141
11
0.1611485433070866
21
1.3771087007874014
0
LINE
8
BLACK
6
CONTINUOUS
10
0.1611485433070866
20
1.3771087007874014
11
0.1611502362204724
21
1.3771100393700788
0
LINE
8
BLACK
6
CONTINUOUS
10
0.1611502362204724
20
1.3771100393700788
11
0.1665312598425197
21
1.380697401574803
0
LINE
8
BLACK
6
CONTINUOUS
10
0.1665312598425197
20
1.380697401574803
11
0.1697352362204724
21
1.3839013385826771
0
LINE
8
BLACK
6
CONTINUOUS
10
0.1697352362204724
20
1.3839013385826771
11
0.1713957086614173
21
1.3872222834645669
0
LINE
8
BLACK
6
CONTINUOUS
10
0.1713957086614173
20
1.3872222834645669
11
0.1717040551181102
21
1.3877121653543307
0
LINE
8
BLACK
6
CONTINUOUS
10
0.1717040551181102
20
1.3877121653543307
11
0.1725744488188976
21
1.3884670078740158
0
LINE
8
BLACK
6
CONTINUOUS
10
0.1725744488188976
20
1.3884670078740158
11
0.1736674015748031
21
1.3888313385826772
0
LINE
8
BLACK
6
CONTINUOUS
10
0.1736674015748031
20
1.3888313385826772
11
0.1748166141732283
21
1.3887496850393701
0
LINE
8
BLACK
6
CONTINUOUS
10
0.2201953149606299
20
1.427379251968504
11
0.2214737401574803
21
1.4261008267716535
0
LINE
8
BLACK
6
CONTINUOUS
10
0.2214737401574803
20
1.4261008267716535
11
0.2214737401574803
21
1.4242928740157479
0
LINE
8
BLACK
6
CONTINUOUS
10
0.2214737401574803
20
1.4242928740157479
11
0.2201953149606299
21
1.4230144488188976
0
LINE
8
BLACK
6
CONTINUOUS
10
0.2201953149606299
20
1.4230144488188976
11
0.2196850393700787
21
1.4229129921259842
0
LINE
8
BLACK
6
CONTINUOUS
10
0.2196850393700787
20
1.4229129921259842
11
0.2196850393700787
21
1.3677165354330709
0
LINE
8
BLACK
6
CONTINUOUS
10
0.2196850393700787
20
1.3677165354330709
11
0.2566929133858268
21
1.3677165354330709
0
LINE
8
BLACK
6
CONTINUOUS
10
0.2566929133858268
20
1.3677165354330709
11
0.2575968897637795
21
1.3675367322834646
0
LINE
8
BLACK
6
CONTINUOUS
10
0.2575968897637795
20
1.3675367322834646
11
0.2588753149606299
21
1.3662583070866141
0
LINE
8
BLACK
6
CONTINUOUS
10
0.2588753149606299
20
1.3662583070866141
11
0.2588753149606299
21
1.3644503543307087
0
LINE
8
BLACK
6
CONTINUOUS
10
0.2588753149606299
20
1.3644503543307087
11
0.2575968897637795
21
1.3631719291338582
0
LINE
8
BLACK
6
CONTINUOUS
10
0.2575968897637795
20
1.3631719291338582
11
0.2566929133858268
21
1.3629921259842519
0
LINE
8
BLACK
6
CONTINUOUS
10
0.2566929133858268
20
1.3629921259842519
11
0.2173228346456693
21
1.3629921259842519
0
LINE
8
BLACK
6
CONTINUOUS
10
0.2173228346456693
20
1.3629921259842519
11
0.2164188582677165
21
1.3631719291338582
0
LINE
8
BLACK
6
CONTINUOUS
10
0.2164188582677165
20
1.3631719291338582
11
0.2151404330708661
21
1.3644503543307087
0
LINE
8
BLACK
6
CONTINUOUS
10
0.2151404330708661
20
1.3644503543307087
11
0.2149606299212598
21
1.3653543307086613
0
LINE
8
BLACK
6
CONTINUOUS
10
0.2149606299212598
20
1.3653543307086613
11
0.2149606299212598
21
1.4251968503937007
0
LINE
8
BLACK
6
CONTINUOUS
10
0.2149606299212598
20
1.4251968503937007
11
0.2151404330708661
21
1.4261008267716535
0
LINE
8
BLACK
6
CONTINUOUS
10
0.2151404330708661
20
1.4261008267716535
11
0.2164188582677165
21
1.427379251968504
0
LINE
8
BLACK
6
CONTINUOUS
10
0.2164188582677165
20
1.427379251968504
11
0.2173228346456693
21
1.4275590551181101
0
LINE
8
BLACK
6
CONTINUOUS
10
0.2173228346456693
20
1.4275590551181101
11
0.2192913385826772
21
1.4275590551181101
0
LINE
8
BLACK
6
CONTINUOUS
10
0.2192913385826772
20
1.4275590551181101
11
0.2201953149606299
21
1.427379251968504
0
LINE
8
BLACK
6
CONTINUOUS
10
0.3410614566929134
20
1.427379251968504
11
0.3423398818897638
21
1.4261008267716535
0
LINE
8
BLACK
6
CONTINUOUS
10
0.3423398818897638
20
1.4261008267716535
11
0.3425196850393701
21
1.4251968503937007
0
LINE
8
BLACK
6
CONTINUOUS
10
0.3425196850393701
20
1.4251968503937007
11
0.3425196850393701
21
1.3653543307086613
0
LINE
8
BLACK
6
CONTINUOUS
10
0.3425196850393701
20
1.3653543307086613
11
0.3423398818897638
21
1.3644503543307087
0
LINE
8
BLACK
6
CONTINUOUS
10
0.3423398818897638
20
1.3644503543307087
11
0.3410614566929134
21
1.3631719291338582
0
LINE
8
BLACK
6
CONTINUOUS
10
0.3410614566929134
20
1.3631719291338582
11
0.3401574803149606
21
1.3629921259842519
0
LINE
8
BLACK
6
CONTINUOUS
10
0.3401574803149606
20
1.3629921259842519
11
0.3007874015748032
21
1.3629921259842519
0
LINE
8
BLACK
6
CONTINUOUS
10
0.3007874015748032
20
1.3629921259842519
11
0.2998834251968504
21
1.3631719291338582
0
LINE
8
BLACK
6
CONTINUOUS
10
0.2998834251968504
20
1.3631719291338582
11
0.298605
21
1.3644503543307087
0
LINE
8
BLACK
6
CONTINUOUS
10
0.298605
20
1.3644503543307087
11
0.298605
21
1.3662583070866141
0
LINE
8
BLACK
6
CONTINUOUS
10
0.298605
20
1.3662583070866141
11
0.2998834251968504
21
1.3675367322834646
0
LINE
8
BLACK
6
CONTINUOUS
10
0.2998834251968504
20
1.3675367322834646
11
0.3007874015748032
21
1.3677165354330709
0
LINE
8
BLACK
6
CONTINUOUS
10
0.3007874015748032
20
1.3677165354330709
11
0.3377952755905512
21
1.3677165354330709
0
LINE
8
BLACK
6
CONTINUOUS
10
0.3377952755905512
20
1.3677165354330709
11
0.3377952755905512
21
1.4229129921259842
0
LINE
8
BLACK
6
CONTINUOUS
10
0.3377952755905512
20
1.4229129921259842
11
0.337285
21
1.4230144488188976
0
LINE
8
BLACK
6
CONTINUOUS
10
0.337285
20
1.4230144488188976
11
0.3360065748031496
21
1.4242928740157479
0
LINE
8
BLACK
6
CONTINUOUS
10
0.3360065748031496
20
1.4242928740157479
11
0.3360065748031496
21
1.4261008267716535
0
LINE
8
BLACK
6
CONTINUOUS
10
0.3360065748031496
20
1.4261008267716535
11
0.337285
21
1.427379251968504
0
LINE
8
BLACK
6
CONTINUOUS
10
0.337285
20
1.427379251968504
11
0.3381889763779528
21
1.4275590551181101
0
LINE
8
BLACK
6
CONTINUOUS
10
0.3381889763779528
20
1.4275590551181101
11
0.3401574803149606
21
1.4275590551181101
0
LINE
8
BLACK
6
CONTINUOUS
10
0.3401574803149606
20
1.4275590551181101
11
0.3410614566929134
21
1.427379251968504
0
LINE
8
BLACK
6
CONTINUOUS
10
0.1891353543307087
20
1.4300894881889763
11
0.1891783858267717
21
1.4300958661417322
0
LINE
8
BLACK
6
CONTINUOUS
10
0.1891783858267717
20
1.4300958661417322
11
0.1893938582677165
21
1.4300640157480315
0
LINE
8
BLACK
6
CONTINUOUS
10
0.1893938582677165
20
1.4300640157480315
11
0.189610905511811
21
1.4300426377952755
0
LINE
8
BLACK
6
CONTINUOUS
10
0.189610905511811
20
1.4300426377952755
11
0.1896511023622047
21
1.4300260236220472
0
LINE
8
BLACK
6
CONTINUOUS
10
0.1896511023622047
20
1.4300260236220472
11
0.1897509842519685
21
1.4300112204724409
0
LINE
8
BLACK
6
CONTINUOUS
10
0.1897509842519685
20
1.4300112204724409
11
0.1972500393700787
21
1.4281364566929133
0
LINE
8
BLACK
6
CONTINUOUS
10
0.1972500393700787
20
1.4281364566929133
11
0.197795157480315
21
1.4279416929133857
0
LINE
8
BLACK
6
CONTINUOUS
10
0.197795157480315
20
1.4279416929133857
11
0.1979714960629921
21
1.4278110236220471
0
LINE
8
BLACK
6
CONTINUOUS
10
0.1979714960629921
20
1.4278110236220471
11
0.1981743307086614
21
1.4277270078740156
0
LINE
8
BLACK
6
CONTINUOUS
10
0.1981743307086614
20
1.4277270078740156
11
0.198621811023622
21
1.4273597637795274
0
LINE
8
BLACK
6
CONTINUOUS
10
0.198621811023622
20
1.4273597637795274
11
0.2023713779527559
21
1.4236102362204723
0
LINE
8
BLACK
6
CONTINUOUS
10
0.2023713779527559
20
1.4236102362204723
11
0.2025572047244094
21
1.4233838582677165
0
LINE
8
BLACK
6
CONTINUOUS
10
0.2025572047244094
20
1.4233838582677165
11
0.2026161417322835
21
1.423332716535433
0
LINE
8
BLACK
6
CONTINUOUS
10
0.2026161417322835
20
1.423332716535433
11
0.2026720078740157
21
1.4232439763779527
0
LINE
8
BLACK
6
CONTINUOUS
10
0.2026720078740157
20
1.4232439763779527
11
0.2027386220472441
21
1.4231627952755905
0
LINE
8
BLACK
6
CONTINUOUS
10
0.2027386220472441
20
1.4231627952755905
11
0.2027684645669291
21
1.4230906692913385
0
LINE
8
BLACK
6
CONTINUOUS
10
0.2027684645669291
20
1.4230906692913385
11
0.2029244881889764
21
1.4228428346456692
0
LINE
8
BLACK
6
CONTINUOUS
10
0.2029244881889764
20
1.4228428346456692
11
0.2047992519685039
21
1.4190933070866141
0
LINE
8
BLACK
6
CONTINUOUS
10
0.2047992519685039
20
1.4190933070866141
11
0.2050061417322835
21
1.418552716535433
0
LINE
8
BLACK
6
CONTINUOUS
10
0.2050061417322835
20
1.418552716535433
11
0.2050136614173228
21
1.4184468503937007
0
LINE
8
BLACK
6
CONTINUOUS
10
0.2050136614173228
20
1.4184468503937007
11
0.2050542519685039
21
1.4183488582677164
0
LINE
8
BLACK
6
CONTINUOUS
10
0.2050542519685039
20
1.4183488582677164
11
0.2051109842519685
21
1.4177727952755905
0
LINE
8
BLACK
6
CONTINUOUS
10
0.2051109842519685
20
1.4177727952755905
11
0.2051109842519685
21
1.4102737401574803
0
LINE
8
BLACK
6
CONTINUOUS
10
0.2051109842519685
20
1.4102737401574803
11
0.2050542519685039
21
1.4096976771653542
0
LINE
8
BLACK
6
CONTINUOUS
10
0.2050542519685039
20
1.4096976771653542
11
0.2050136614173228
21
1.4095997244094487
0
LINE
8
BLACK
6
CONTINUOUS
10
0.2050136614173228
20
1.4095997244094487
11
0.2050061417322835
21
1.4094938188976378
0
LINE
8
BLACK
6
CONTINUOUS
10
0.2050061417322835
20
1.4094938188976378
11
0.2047992519685039
21
1.4089532283464568
0
LINE
8
BLACK
6
CONTINUOUS
10
0.2047992519685039
20
1.4089532283464568
11
0.2038762598425197
21
1.4071072440944881
0
LINE
8
BLACK
6
CONTINUOUS
10
0.2038762598425197
20
1.4071072440944881
11
0.206120905511811
21
1.4048625984251968
0
LINE
8
BLACK
6
CONTINUOUS
10
0.206120905511811
20
1.4048625984251968
11
0.2063067322834646
21
1.404636220472441
0
LINE
8
BLACK
6
CONTINUOUS
10
0.2063067322834646
20
1.404636220472441
11
0.2063656692913386
21
1.4045850787401575
0
LINE
8
BLACK
6
CONTINUOUS
10
0.2063656692913386
20
1.4045850787401575
11
0.2064215354330709
21
1.4044963385826772
0
LINE
8
BLACK
6
CONTINUOUS
10
0.2064215354330709
20
1.4044963385826772
11
0.2064881496062992
21
1.404415157480315
0
LINE
8
BLACK
6
CONTINUOUS
10
0.2064881496062992
20
1.404415157480315
11
0.2065179921259842
21
1.404343031496063
0
LINE
8
BLACK
6
CONTINUOUS
10
0.2065179921259842
20
1.404343031496063
11
0.2066740157480315
21
1.4040951968503936
0
LINE
8
BLACK
6
CONTINUOUS
10
0.2066740157480315
20
1.4040951968503936
11
0.208548779527559
21
1.4003456692913385
0
LINE
8
BLACK
6
CONTINUOUS
10
0.208548779527559
20
1.4003456692913385
11
0.2087556692913386
21
1.3998050787401575
0
LINE
8
BLACK
6
CONTINUOUS
10
0.2087556692913386
20
1.3998050787401575
11
0.2088373228346457
21
1.3986558661417323
0
LINE
8
BLACK
6
CONTINUOUS
10
0.2088373228346457
20
1.3986558661417323
11
0.2084729921259842
21
1.397562874015748
0
LINE
8
BLACK
6
CONTINUOUS
10
0.2084729921259842
20
1.397562874015748
11
0.2077181496062992
21
1.3966925196850393
0
LINE
8
BLACK
6
CONTINUOUS
10
0.2077181496062992
20
1.3966925196850393
11
0.2066876377952756
21
1.3961772440944882
0
LINE
8
BLACK
6
CONTINUOUS
10
0.2066876377952756
20
1.3961772440944882
11
0.2055384251968504
21
1.3960955905511812
0
LINE
8
BLACK
6
CONTINUOUS
10
0.2055384251968504
20
1.3960955905511812
11
0.2044454724409449
21
1.3964599212598425
0
LINE
8
BLACK
6
CONTINUOUS
10
0.2044454724409449
20
1.3964599212598425
11
0.2035750787401575
21
1.3972147637795276
0
LINE
8
BLACK
6
CONTINUOUS
10
0.2035750787401575
20
1.3972147637795276
11
0.2032667322834646
21
1.3977046456692912
0
LINE
8
BLACK
6
CONTINUOUS
10
0.2032667322834646
20
1.3977046456692912
11
0.2016062598425197
21
1.401025590551181
0
LINE
8
BLACK
6
CONTINUOUS
10
0.2016062598425197
20
1.401025590551181
11
0.2002834251968504
21
1.4023484251968503
0
LINE
8
BLACK
6
CONTINUOUS
10
0.2002834251968504
20
1.4023484251968503
11
0.198621811023622
21
1.4006867716535434
0
LINE
8
BLACK
6
CONTINUOUS
10
0.198621811023622
20
1.4006867716535434
11
0.1981743307086614
21
1.400319527559055
0
LINE
8
BLACK
6
CONTINUOUS
10
0.1981743307086614
20
1.400319527559055
11
0.1979714960629921
21
1.4002355511811024
0
LINE
8
BLACK
6
CONTINUOUS
10
0.1979714960629921
20
1.4002355511811024
11
0.197795157480315
21
1.4001048425196849
0
LINE
8
BLACK
6
CONTINUOUS
10
0.197795157480315
20
1.4001048425196849
11
0.1972500393700787
21
1.3999100787401575
0
LINE
8
BLACK
6
CONTINUOUS
10
0.1972500393700787
20
1.3999100787401575
11
0.1897509842519685
21
1.3980353149606299
0
LINE
8
BLACK
6
CONTINUOUS
10
0.1897509842519685
20
1.3980353149606299
11
0.1896511023622047
21
1.3980205511811024
0
LINE
8
BLACK
6
CONTINUOUS
10
0.1896511023622047
20
1.3980205511811024
11
0.189610905511811
21
1.3980038976377953
0
LINE
8
BLACK
6
CONTINUOUS
10
0.189610905511811
20
1.3980038976377953
11
0.1893938582677165
21
1.397982559055118
0
LINE
8
BLACK
6
CONTINUOUS
10
0.1893938582677165
20
1.397982559055118
11
0.1891783858267717
21
1.3979506692913386
0
LINE
8
BLACK
6
CONTINUOUS
10
0.1891783858267717
20
1.3979506692913386
11
0.1891353543307087
21
1.3979570866141733
0
LINE
8
BLACK
6
CONTINUOUS
10
0.1891353543307087
20
1.3979570866141733
11
0.189034842519685
21
1.3979471653543307
0
LINE
8
BLACK
6
CONTINUOUS
10
0.189034842519685
20
1.3979471653543307
11
0.1759114960629921
21
1.3979471653543307
0
LINE
8
BLACK
6
CONTINUOUS
10
0.1759114960629921
20
1.3979471653543307
11
0.1758109448818898
21
1.3979570866141733
0
LINE
8
BLACK
6
CONTINUOUS
10
0.1758109448818898
20
1.3979570866141733
11
0.1757679527559055
21
1.3979506692913386
0
LINE
8
BLACK
6
CONTINUOUS
10
0.1757679527559055
20
1.3979506692913386
11
0.1755524409448819
21
1.397982559055118
0
LINE
8
BLACK
6
CONTINUOUS
10
0.1755524409448819
20
1.397982559055118
11
0.1753354330708661
21
1.3980038976377953
0
LINE
8
BLACK
6
CONTINUOUS
10
0.1753354330708661
20
1.3980038976377953
11
0.1752951968503937
21
1.3980205511811024
0
LINE
8
BLACK
6
CONTINUOUS
10
0.1752951968503937
20
1.3980205511811024
11
0.1751953543307087
21
1.3980353149606299
0
LINE
8
BLACK
6
CONTINUOUS
10
0.1751953543307087
20
1.3980353149606299
11
0.1676962992125984
21
1.3999100787401575
0
LINE
8
BLACK
6
CONTINUOUS
10
0.1676962992125984
20
1.3999100787401575
11
0.1671511811023622
21
1.4001048425196849
0
LINE
8
BLACK
6
CONTINUOUS
10
0.1671511811023622
20
1.4001048425196849
11
0.166974842519685
21
1.4002355118110237
0
LINE
8
BLACK
6
CONTINUOUS
10
0.166974842519685
20
1.4002355118110237
11
0.166771968503937
21
1.400319527559055
0
LINE
8
BLACK
6
CONTINUOUS
10
0.166771968503937
20
1.400319527559055
11
0.1663245275590551
21
1.4006867716535434
0
LINE
8
BLACK
6
CONTINUOUS
10
0.1663245275590551
20
1.4006867716535434
11
0.162575
21
1.4044362992125985
0
LINE
8
BLACK
6
CONTINUOUS
10
0.162575
20
1.4044362992125985
11
0.1623892125984252
21
1.4046626771653543
0
LINE
8
BLACK
6
CONTINUOUS
10
0.1623892125984252
20
1.4046626771653543
11
0.1623302362204724
21
1.4047138188976378
0
LINE
8
BLACK
6
CONTINUOUS
10
0.1623302362204724
20
1.4047138188976378
11
0.1622742519685039
21
1.4048027952755906
0
LINE
8
BLACK
6
CONTINUOUS
10
0.1622742519685039
20
1.4048027952755906
11
0.1622077952755905
21
1.4048837401574803
0
LINE
8
BLACK
6
CONTINUOUS
10
0.1622077952755905
20
1.4048837401574803
11
0.1621779527559055
21
1.4049557086614173
0
LINE
8
BLACK
6
CONTINUOUS
10
0.1621779527559055
20
1.4049557086614173
11
0.1620218897637795
21
1.4052037007874016
0
LINE
8
BLACK
6
CONTINUOUS
10
0.1620218897637795
20
1.4052037007874016
11
0.160147125984252
21
1.4089532283464568
0
LINE
8
BLACK
6
CONTINUOUS
10
0.160147125984252
20
1.4089532283464568
11
0.1599402362204724
21
1.4094938582677166
0
LINE
8
BLACK
6
CONTINUOUS
10
0.1599402362204724
20
1.4094938582677166
11
0.1599327165354331
21
1.4095996850393699
0
LINE
8
BLACK
6
CONTINUOUS
10
0.1599327165354331
20
1.4095996850393699
11
0.159892125984252
21
1.4096976771653542
0
LINE
8
BLACK
6
CONTINUOUS
10
0.159892125984252
20
1.4096976771653542
11
0.1598353937007874
21
1.4102737401574803
0
LINE
8
BLACK
6
CONTINUOUS
10
0.1598353937007874
20
1.4102737401574803
11
0.1598353937007874
21
1.4177727952755905
0
LINE
8
BLACK
6
CONTINUOUS
10
0.1598353937007874
20
1.4177727952755905
11
0.159892125984252
21
1.4183488582677164
0
LINE
8
BLACK
6
CONTINUOUS
10
0.159892125984252
20
1.4183488582677164
11
0.1599327165354331
21
1.4184468897637794
0
LINE
8
BLACK
6
CONTINUOUS
10
0.1599327165354331
20
1.4184468897637794
11
0.1599402362204724
21
1.4185526771653543
0
LINE
8
BLACK
6
CONTINUOUS
10
0.1599402362204724
20
1.4185526771653543
11
0.160147125984252
21
1.4190933070866141
0
LINE
8
BLACK
6
CONTINUOUS
10
0.160147125984252
20
1.4190933070866141
11
0.1620218897637795
21
1.4228428346456692
0
LINE
8
BLACK
6
CONTINUOUS
10
0.1620218897637795
20
1.4228428346456692
11
0.1621779527559055
21
1.4230908661417323
0
LINE
8
BLACK
6
CONTINUOUS
10
0.1621779527559055
20
1.4230908661417323
11
0.1622077952755905
21
1.4231627952755905
0
LINE
8
BLACK
6
CONTINUOUS
10
0.1622077952755905
20
1.4231627952755905
11
0.1622742519685039
21
1.423243779527559
0
LINE
8
BLACK
6
CONTINUOUS
10
0.1622742519685039
20
1.423243779527559
11
0.1623302362204724
21
1.423332716535433
0
LINE
8
BLACK
6
CONTINUOUS
10
0.1623302362204724
20
1.423332716535433
11
0.1623892125984252
21
1.4233838976377953
0
LINE
8
BLACK
6
CONTINUOUS
10
0.1623892125984252
20
1.4233838976377953
11
0.162575
21
1.4236102362204723
0
LINE
8
BLACK
6
CONTINUOUS
10
0.162575
20
1.4236102362204723
11
0.1663245275590551
21
1.4273597637795274
0
LINE
8
BLACK
6
CONTINUOUS
10
0.1663245275590551
20
1.4273597637795274
11
0.166771968503937
21
1.4277270078740156
0
LINE
8
BLACK
6
CONTINUOUS
10
0.166771968503937
20
1.4277270078740156
11
0.166974842519685
21
1.4278110629921259
0
LINE
8
BLACK
6
CONTINUOUS
10
0.166974842519685
20
1.4278110629921259
11
0.1671511811023622
21
1.4279416929133857
0
LINE
8
BLACK
6
CONTINUOUS
10
0.1671511811023622
20
1.4279416929133857
11
0.1676962992125984
21
1.4281364566929133
0
LINE
8
BLACK
6
CONTINUOUS
10
0.1676962992125984
20
1.4281364566929133
11
0.1751953543307087
21
1.4300112204724409
0
LINE
8
BLACK
6
CONTINUOUS
10
0.1751953543307087
20
1.4300112204724409
11
0.1752951968503937
21
1.4300260236220472
0
LINE
8
BLACK
6
CONTINUOUS
10
0.1752951968503937
20
1.4300260236220472
11
0.1753354330708661
21
1.4300426377952755
0
LINE
8
BLACK
6
CONTINUOUS
10
0.1753354330708661
20
1.4300426377952755
11
0.1755524409448819
21
1.4300640157480315
0
LINE
8
BLACK
6
CONTINUOUS
10
0.1755524409448819
20
1.4300640157480315
11
0.1757679527559055
21
1.4300958661417322
0
LINE
8
BLACK
6
CONTINUOUS
10
0.1757679527559055
20
1.4300958661417322
11
0.1758109448818898
21
1.4300894881889763
0
LINE
8
BLACK
6
CONTINUOUS
10
0.1758109448818898
20
1.4300894881889763
11
0.1759114960629921
21
1.4300993700787401
0
LINE
8
BLACK
6
CONTINUOUS
10
0.1759114960629921
20
1.4300993700787401
11
0.189034842519685
21
1.4300993700787401
0
LINE
8
BLACK
6
CONTINUOUS
10
0.189034842519685
20
1.4300993700787401
11
0.1891353543307087
21
1.4300894881889763
0
LINE
8
BLACK
6
CONTINUOUS
10
0.1699220078740157
20
1.4226056299212597
11
0.1670896456692913
21
1.4197732283464566
0
LINE
8
BLACK
6
CONTINUOUS
10
0.1670896456692913
20
1.4197732283464566
11
0.165740905511811
21
1.4170757480314959
0
LINE
8
BLACK
6
CONTINUOUS
10
0.165740905511811
20
1.4170757480314959
11
0.165740905511811
21
1.4109707874015747
0
LINE
8
BLACK
6
CONTINUOUS
10
0.165740905511811
20
1.4109707874015747
11
0.1670896456692913
21
1.4082733070866142
0
LINE
8
BLACK
6
CONTINUOUS
10
0.1670896456692913
20
1.4082733070866142
11
0.1699220078740157
21
1.4054409448818896
0
LINE
8
BLACK
6
CONTINUOUS
10
0.1699220078740157
20
1.4054409448818896
11
0.1762750393700787
21
1.4038526771653543
0
LINE
8
BLACK
6
CONTINUOUS
10
0.1762750393700787
20
1.4038526771653543
11
0.1886712992125984
21
1.4038526771653543
0
LINE
8
BLACK
6
CONTINUOUS
10
0.1886712992125984
20
1.4038526771653543
11
0.1950242913385827
21
1.4054409448818896
0
LINE
8
BLACK
6
CONTINUOUS
10
0.1950242913385827
20
1.4054409448818896
11
0.1961075984251968
21
1.4065242519685039
0
LINE
8
BLACK
6
CONTINUOUS
10
0.1961075984251968
20
1.4065242519685039
11
0.1925712204724409
21
1.4100605905511812
0
LINE
8
BLACK
6
CONTINUOUS
10
0.1925712204724409
20
1.4100605905511812
11
0.1923854330708661
21
1.410286968503937
0
LINE
8
BLACK
6
CONTINUOUS
10
0.1923854330708661
20
1.410286968503937
11
0.1923264566929134
21
1.4103381102362205
0
LINE
8
BLACK
6
CONTINUOUS
10
0.1923264566929134
20
1.4103381102362205
11
0.1922704724409449
21
1.4104270866141733
0
LINE
8
BLACK
6
CONTINUOUS
10
0.1922704724409449
20
1.4104270866141733
11
0.1922040157480315
21
1.410508031496063
0
LINE
8
BLACK
6
CONTINUOUS
10
0.1922040157480315
20
1.410508031496063
11
0.1921741732283465
21
1.4105799999999999
0
LINE
8
BLACK
6
CONTINUOUS
10
0.1921741732283465
20
1.4105799999999999
11
0.1920181102362205
21
1.4108279921259843
0
LINE
8
BLACK
6
CONTINUOUS
10
0.1920181102362205
20
1.4108279921259843
11
0.1901433464566929
21
1.4145775196850394
0
LINE
8
BLACK
6
CONTINUOUS
10
0.1901433464566929
20
1.4145775196850394
11
0.1899364566929134
21
1.4151181496062992
0
LINE
8
BLACK
6
CONTINUOUS
10
0.1899364566929134
20
1.4151181496062992
11
0.189928937007874
21
1.4152239763779528
0
LINE
8
BLACK
6
CONTINUOUS
10
0.189928937007874
20
1.4152239763779528
11
0.1898883464566929
21
1.4153219685039369
0
LINE
8
BLACK
6
CONTINUOUS
10
0.1898883464566929
20
1.4153219685039369
11
0.1898316141732283
21
1.415898031496063
0
LINE
8
BLACK
6
CONTINUOUS
10
0.1898316141732283
20
1.415898031496063
11
0.1898316141732283
21
1.4196475590551181
0
LINE
8
BLACK
6
CONTINUOUS
10
0.1898316141732283
20
1.4196475590551181
11
0.1898883464566929
21
1.4202236220472442
0
LINE
8
BLACK
6
CONTINUOUS
10
0.1898883464566929
20
1.4202236220472442
11
0.1903292519685039
21
1.421288031496063
0
LINE
8
BLACK
6
CONTINUOUS
10
0.1903292519685039
20
1.421288031496063
11
0.1911438976377953
21
1.4221026771653542
0
LINE
8
BLACK
6
CONTINUOUS
10
0.1911438976377953
20
1.4221026771653542
11
0.1922083070866142
21
1.4225435826771653
0
LINE
8
BLACK
6
CONTINUOUS
10
0.1922083070866142
20
1.4225435826771653
11
0.1933604330708661
21
1.4225435826771653
0
LINE
8
BLACK
6
CONTINUOUS
10
0.1933604330708661
20
1.4225435826771653
11
0.194424842519685
21
1.4221026771653542
0
LINE
8
BLACK
6
CONTINUOUS
10
0.194424842519685
20
1.4221026771653542
11
0.1952394881889764
21
1.421288031496063
0
LINE
8
BLACK
6
CONTINUOUS
10
0.1952394881889764
20
1.421288031496063
11
0.1956803937007874
21
1.4202236220472442
0
LINE
8
BLACK
6
CONTINUOUS
10
0.1956803937007874
20
1.4202236220472442
11
0.195737125984252
21
1.4196475590551181
0
LINE
8
BLACK
6
CONTINUOUS
10
0.195737125984252
20
1.4196475590551181
11
0.195737125984252
21
1.4165950787401576
0
LINE
8
BLACK
6
CONTINUOUS
10
0.195737125984252
20
1.4165950787401576
11
0.1970858267716535
21
1.4138976377952757
0
LINE
8
BLACK
6
CONTINUOUS
10
0.1970858267716535
20
1.4138976377952757
11
0.1992054724409449
21
1.4117780314960631
0
LINE
8
BLACK
6
CONTINUOUS
10
0.1992054724409449
20
1.4117780314960631
11
0.1992054724409449
21
1.4170757480314959
0
LINE
8
BLACK
6
CONTINUOUS
10
0.1992054724409449
20
1.4170757480314959
11
0.1978567322834646
21
1.4197732283464566
0
LINE
8
BLACK
6
CONTINUOUS
10
0.1978567322834646
20
1.4197732283464566
11
0.1950242913385827
21
1.4226056299212597
0
LINE
8
BLACK
6
CONTINUOUS
10
0.1950242913385827
20
1.4226056299212597
11
0.1886712992125984
21
1.4241938582677165
0
LINE
8
BLACK
6
CONTINUOUS
10
0.1886712992125984
20
1.4241938582677165
11
0.1762750393700787
21
1.4241938582677165
0
LINE
8
BLACK
6
CONTINUOUS
10
0.1762750393700787
20
1.4241938582677165
11
0.1699220078740157
21
1.4226056299212597
0
LINE
8
BLACK
6
CONTINUOUS
10
0.2949984645669291
20
1.427379251968504
11
0.2962768897637795
21
1.4261008267716535
0
LINE
8
BLACK
6
CONTINUOUS
10
0.2962768897637795
20
1.4261008267716535
11
0.2962768897637795
21
1.4242928740157479
0
LINE
8
BLACK
6
CONTINUOUS
10
0.2962768897637795
20
1.4242928740157479
11
0.2949984645669291
21
1.4230144488188976
0
LINE
8
BLACK
6
CONTINUOUS
10
0.2949984645669291
20
1.4230144488188976
11
0.2940944881889764
21
1.4228346456692913
0
LINE
8
BLACK
6
CONTINUOUS
10
0.2940944881889764
20
1.4228346456692913
11
0.2633858267716536
21
1.4228346456692913
0
LINE
8
BLACK
6
CONTINUOUS
10
0.2633858267716536
20
1.4228346456692913
11
0.2624818503937008
21
1.4230144488188976
0
LINE
8
BLACK
6
CONTINUOUS
10
0.2624818503937008
20
1.4230144488188976
11
0.2612034251968504
21
1.4242928740157479
0
LINE
8
BLACK
6
CONTINUOUS
10
0.2612034251968504
20
1.4242928740157479
11
0.2612034251968504
21
1.4261008267716535
0
LINE
8
BLACK
6
CONTINUOUS
10
0.2612034251968504
20
1.4261008267716535
11
0.2624818503937008
21
1.427379251968504
0
LINE
8
BLACK
6
CONTINUOUS
10
0.2624818503937008
20
1.427379251968504
11
0.2633858267716536
21
1.4275590551181101
0
LINE
8
BLACK
6
CONTINUOUS
10
0.2633858267716536
20
1.4275590551181101
11
0.2940944881889764
21
1.4275590551181101
0
LINE
8
BLACK
6
CONTINUOUS
10
0.2940944881889764
20
1.4275590551181101
11
0.2949984645669291
21
1.427379251968504
0
LINE
8
BLACK
6
CONTINUOUS
10
0.2786820472440945
20
1.4572948818897637
11
0.2791338582677165
21
1.4559055118110236
0
LINE
8
BLACK
6
CONTINUOUS
10
0.2791338582677165
20
1.4559055118110236
11
0.2791338582677165
21
1.4370078740157479
0
LINE
8
BLACK
6
CONTINUOUS
10
0.2791338582677165
20
1.4370078740157479
11
0.278441968503937
21
1.4353375590551181
0
LINE
8
BLACK
6
CONTINUOUS
10
0.278441968503937
20
1.4353375590551181
11
0.2767716535433071
21
1.4346456692913385
0
LINE
8
BLACK
6
CONTINUOUS
10
0.2767716535433071
20
1.4346456692913385
11
0.2753822834645669
21
1.4350974803149605
0
LINE
8
BLACK
6
CONTINUOUS
10
0.2753822834645669
20
1.4350974803149605
11
0.262390157480315
21
1.4445462992125984
0
LINE
8
BLACK
6
CONTINUOUS
10
0.262390157480315
20
1.4445462992125984
11
0.2614462204724409
21
1.4460882677165354
0
LINE
8
BLACK
6
CONTINUOUS
10
0.2614462204724409
20
1.4460882677165354
11
0.2618691338582677
21
1.4478460629921259
0
LINE
8
BLACK
6
CONTINUOUS
10
0.2618691338582677
20
1.4478460629921259
11
0.262390157480315
21
1.4483670866141731
0
LINE
8
BLACK
6
CONTINUOUS
10
0.262390157480315
20
1.4483670866141731
11
0.2753822834645669
21
1.4578159055118109
0
LINE
8
BLACK
6
CONTINUOUS
10
0.2753822834645669
20
1.4578159055118109
11
0.2771400787401574
21
1.4582388188976378
0
LINE
8
BLACK
6
CONTINUOUS
10
0.2771400787401574
20
1.4582388188976378
11
0.2786820472440945
21
1.4572948818897637
0
LINE
8
BLACK
6
CONTINUOUS
10
0.2153629527559055
20
1.5087768897637794
11
0.2166413779527559
21
1.5074984645669292
0
LINE
8
BLACK
6
CONTINUOUS
10
0.2166413779527559
20
1.5074984645669292
11
0.2166413779527559
21
1.5056905118110235
0
LINE
8
BLACK
6
CONTINUOUS
10
0.2166413779527559
20
1.5056905118110235
11
0.2153629527559055
21
1.5044120866141732
0
LINE
8
BLACK
6
CONTINUOUS
10
0.2153629527559055
20
1.5044120866141732
11
0.2144589763779527
21
1.5042322834645669
0
LINE
8
BLACK
6
CONTINUOUS
10
0.2144589763779527
20
1.5042322834645669
11
0.1957772440944882
21
1.5042322834645669
0
LINE
8
BLACK
6
CONTINUOUS
10
0.1957772440944882
20
1.5042322834645669
11
0.1948732677165354
21
1.5044120866141732
0
LINE
8
BLACK
6
CONTINUOUS
10
0.1948732677165354
20
1.5044120866141732
11
0.193594842519685
21
1.5056905118110235
0
LINE
8
BLACK
6
CONTINUOUS
10
0.193594842519685
20
1.5056905118110235
11
0.193594842519685
21
1.5074984645669292
0
LINE
8
BLACK
6
CONTINUOUS
10
0.193594842519685
20
1.5074984645669292
11
0.1948732677165354
21
1.5087768897637794
0
LINE
8
BLACK
6
CONTINUOUS
10
0.1948732677165354
20
1.5087768897637794
11
0.1957772440944882
21
1.5089566929133857
0
LINE
8
BLACK
6
CONTINUOUS
10
0.1957772440944882
20
1.5089566929133857
11
0.2144589763779527
21
1.5089566929133857
0
LINE
8
BLACK
6
CONTINUOUS
10
0.2144589763779527
20
1.5089566929133857
11
0.2153629527559055
21
1.5087768897637794
0
LINE
8
BLACK
6
CONTINUOUS
10
0.3374101968503937
20
1.5087768897637794
11
0.3386886220472441
21
1.5074984645669292
0
LINE
8
BLACK
6
CONTINUOUS
10
0.3386886220472441
20
1.5074984645669292
11
0.3386886220472441
21
1.5056905118110235
0
LINE
8
BLACK
6
CONTINUOUS
10
0.3386886220472441
20
1.5056905118110235
11
0.3374101968503937
21
1.5044120866141732
0
LINE
8
BLACK
6
CONTINUOUS
10
0.3374101968503937
20
1.5044120866141732
11
0.3365062204724409
21
1.5042322834645669
0
LINE
8
BLACK
6
CONTINUOUS
10
0.3365062204724409
20
1.5042322834645669
11
0.3178244881889764
21
1.5042322834645669
0
LINE
8
BLACK
6
CONTINUOUS
10
0.3178244881889764
20
1.5042322834645669
11
0.3169205118110236
21
1.5044120866141732
0
LINE
8
BLACK
6
CONTINUOUS
10
0.3169205118110236
20
1.5044120866141732
11
0.3156420866141732
21
1.5056905118110235
0
LINE
8
BLACK
6
CONTINUOUS
10
0.3156420866141732
20
1.5056905118110235
11
0.3156420866141732
21
1.5074984645669292
0
LINE
8
BLACK
6
CONTINUOUS
10
0.3156420866141732
20
1.5074984645669292
11
0.3169205118110236
21
1.5087768897637794
0
LINE
8
BLACK
6
CONTINUOUS
10
0.3169205118110236
20
1.5087768897637794
11
0.3178244881889764
21
1.5089566929133857
0
LINE
8
BLACK
6
CONTINUOUS
10
0.3178244881889764
20
1.5089566929133857
11
0.3365062204724409
21
1.5089566929133857
0
LINE
8
BLACK
6
CONTINUOUS
10
0.3365062204724409
20
1.5089566929133857
11
0.3374101968503937
21
1.5087768897637794
0
LINE
8
BLACK
6
CONTINUOUS
10
0.2153629527559055
20
1.5499186220472441
11
0.2166413779527559
21
1.5486401968503936
0
LINE
8
BLACK
6
CONTINUOUS
10
0.2166413779527559
20
1.5486401968503936
11
0.2166413779527559
21
1.5468322440944882
0
LINE
8
BLACK
6
CONTINUOUS
10
0.2166413779527559
20
1.5468322440944882
11
0.2153629527559055
21
1.5455538188976377
0
LINE
8
BLACK
6
CONTINUOUS
10
0.2153629527559055
20
1.5455538188976377
11
0.2144589763779527
21
1.5453740157480316
0
LINE
8
BLACK
6
CONTINUOUS
10
0.2144589763779527
20
1.5453740157480316
11
0.1957772440944882
21
1.5453740157480316
0
LINE
8
BLACK
6
CONTINUOUS
10
0.1957772440944882
20
1.5453740157480316
11
0.1948732677165354
21
1.5455538188976377
0
LINE
8
BLACK
6
CONTINUOUS
10
0.1948732677165354
20
1.5455538188976377
11
0.193594842519685
21
1.5468322440944882
0
LINE
8
BLACK
6
CONTINUOUS
10
0.193594842519685
20
1.5468322440944882
11
0.193594842519685
21
1.5486401968503936
0
LINE
8
BLACK
6
CONTINUOUS
10
0.193594842519685
20
1.5486401968503936
11
0.1948732677165354
21
1.5499186220472441
0
LINE
8
BLACK
6
CONTINUOUS
10
0.1948732677165354
20
1.5499186220472441
11
0.1957772440944882
21
1.5500984251968504
0
LINE
8
BLACK
6
CONTINUOUS
10
0.1957772440944882
20
1.5500984251968504
11
0.2144589763779527
21
1.5500984251968504
0
LINE
8
BLACK
6
CONTINUOUS
10
0.2144589763779527
20
1.5500984251968504
11
0.2153629527559055
21
1.5499186220472441
0
LINE
8
BLACK
6
CONTINUOUS
10
0.3374101968503937
20
1.5499186220472441
11
0.3386886220472441
21
1.5486401968503936
0
LINE
8
BLACK
6
CONTINUOUS
10
0.3386886220472441
20
1.5486401968503936
11
0.3386886220472441
21
1.5468322440944882
0
LINE
8
BLACK
6
CONTINUOUS
10
0.3386886220472441
20
1.5468322440944882
11
0.3374101968503937
21
1.5455538188976377
0
LINE
8
BLACK
6
CONTINUOUS
10
0.3374101968503937
20
1.5455538188976377
11
0.3365062204724409
21
1.5453740157480316
0
LINE
8
BLACK
6
CONTINUOUS
10
0.3365062204724409
20
1.5453740157480316
11
0.3178244881889764
21
1.5453740157480316
0
LINE
8
BLACK
6
CONTINUOUS
10
0.3178244881889764
20
1.5453740157480316
11
0.3169205118110236
21
1.5455538188976377
0
LINE
8
BLACK
6
CONTINUOUS
10
0.3169205118110236
20
1.5455538188976377
11
0.3156420866141732
21
1.5468322440944882
0
LINE
8
BLACK
6
CONTINUOUS
10
0.3156420866141732
20
1.5468322440944882
11
0.3156420866141732
21
1.5486401968503936
0
LINE
8
BLACK
6
CONTINUOUS
10
0.3156420866141732
20
1.5486401968503936
11
0.3169205118110236
21
1.5499186220472441
0
LINE
8
BLACK
6
CONTINUOUS
10
0.3169205118110236
20
1.5499186220472441
11
0.3178244881889764
21
1.5500984251968504
0
LINE
8
BLACK
6
CONTINUOUS
10
0.3178244881889764
20
1.5500984251968504
11
0.3365062204724409
21
1.5500984251968504
0
LINE
8
BLACK
6
CONTINUOUS
10
0.3365062204724409
20
1.5500984251968504
11
0.3374101968503937
21
1.5499186220472441
0
LINE
8
BLACK
6
CONTINUOUS
10
0.3211796850393701
20
1.6078244094488188
11
0.322244094488189
21
1.6073835039370079
0
LINE
8
BLACK
6
CONTINUOUS
10
0.322244094488189
20
1.6073835039370079
11
0.3230587401574803
21
1.6065688582677164
0
LINE
8
BLACK
6
CONTINUOUS
10
0.3230587401574803
20
1.6065688582677164
11
0.3234996456692913
21
1.6055044488188976
0
LINE
8
BLACK
6
CONTINUOUS
10
0.3234996456692913
20
1.6055044488188976
11
0.3234996456692913
21
1.6043523228346457
0
LINE
8
BLACK
6
CONTINUOUS
10
0.3234996456692913
20
1.6043523228346457
11
0.3230587401574803
21
1.6032879133858267
0
LINE
8
BLACK
6
CONTINUOUS
10
0.3230587401574803
20
1.6032879133858267
11
0.322244094488189
21
1.6024732677165354
0
LINE
8
BLACK
6
CONTINUOUS
10
0.322244094488189
20
1.6024732677165354
11
0.3211796850393701
21
1.6020323622047243
0
LINE
8
BLACK
6
CONTINUOUS
10
0.3211796850393701
20
1.6020323622047243
11
0.3206036220472441
21
1.6019756299212597
0
LINE
8
BLACK
6
CONTINUOUS
10
0.3206036220472441
20
1.6019756299212597
11
0.3027388582677165
21
1.6019756299212597
0
LINE
8
BLACK
6
CONTINUOUS
10
0.3027388582677165
20
1.6019756299212597
11
0.3115772047244094
21
1.5918746850393701
0
LINE
8
BLACK
6
CONTINUOUS
10
0.3115772047244094
20
1.5918746850393701
11
0.3117551968503937
21
1.5916257086614174
0
LINE
8
BLACK
6
CONTINUOUS
10
0.3117551968503937
20
1.5916257086614174
11
0.3118101574803149
21
1.591570748031496
0
LINE
8
BLACK
6
CONTINUOUS
10
0.3118101574803149
20
1.591570748031496
11
0.3118317322834646
21
1.5915186614173229
0
LINE
8
BLACK
6
CONTINUOUS
10
0.3118317322834646
20
1.5915186614173229
11
0.3119138582677165
21
1.5914037795275591
0
LINE
8
BLACK
6
CONTINUOUS
10
0.3119138582677165
20
1.5914037795275591
11
0.3120674409448819
21
1.5909495669291338
0
LINE
8
BLACK
6
CONTINUOUS
10
0.3120674409448819
20
1.5909495669291338
11
0.312251062992126
21
1.5905063385826772
0
LINE
8
BLACK
6
CONTINUOUS
10
0.312251062992126
20
1.5905063385826772
11
0.312251062992126
21
1.5904067322834645
0
LINE
8
BLACK
6
CONTINUOUS
10
0.312251062992126
20
1.5904067322834645
11
0.3122829527559055
21
1.5903124015748031
0
LINE
8
BLACK
6
CONTINUOUS
10
0.3122829527559055
20
1.5903124015748031
11
0.312251062992126
21
1.589833937007874
0
LINE
8
BLACK
6
CONTINUOUS
10
0.312251062992126
20
1.589833937007874
11
0.312251062992126
21
1.5893542125984252
0
LINE
8
BLACK
6
CONTINUOUS
10
0.312251062992126
20
1.5893542125984252
11
0.3122129527559055
21
1.5892622440944881
0
LINE
8
BLACK
6
CONTINUOUS
10
0.3122129527559055
20
1.5892622440944881
11
0.3122063385826772
21
1.589162874015748
0
LINE
8
BLACK
6
CONTINUOUS
10
0.3122063385826772
20
1.589162874015748
11
0.3119936220472441
21
1.5887327559055118
0
LINE
8
BLACK
6
CONTINUOUS
10
0.3119936220472441
20
1.5887327559055118
11
0.3118101574803149
21
1.5882898031496062
0
LINE
8
BLACK
6
CONTINUOUS
10
0.3118101574803149
20
1.5882898031496062
11
0.3117398031496063
21
1.5882194881889764
0
LINE
8
BLACK
6
CONTINUOUS
10
0.3117398031496063
20
1.5882194881889764
11
0.3116956299212598
21
1.5881301181102361
0
LINE
8
BLACK
6
CONTINUOUS
10
0.3116956299212598
20
1.5881301181102361
11
0.3113344881889764
21
1.5878141732283464
0
LINE
8
BLACK
6
CONTINUOUS
10
0.3113344881889764
20
1.5878141732283464
11
0.3109955118110236
21
1.587475157480315
0
LINE
8
BLACK
6
CONTINUOUS
10
0.3109955118110236
20
1.587475157480315
11
0.3109035039370079
21
1.5874370472440944
0
LINE
8
BLACK
6
CONTINUOUS
10
0.3109035039370079
20
1.5874370472440944
11
0.3108285433070866
21
1.5873714566929134
0
LINE
8
BLACK
6
CONTINUOUS
10
0.3108285433070866
20
1.5873714566929134
11
0.3103742913385827
21
1.5872178740157481
0
LINE
8
BLACK
6
CONTINUOUS
10
0.3103742913385827
20
1.5872178740157481
11
0.3099311023622047
21
1.5870342519685039
0
LINE
8
BLACK
6
CONTINUOUS
10
0.3099311023622047
20
1.5870342519685039
11
0.3097905118110236
21
1.5870204330708662
0
LINE
8
BLACK
6
CONTINUOUS
10
0.3097905118110236
20
1.5870204330708662
11
0.3097371653543307
21
1.5870023622047245
0
LINE
8
BLACK
6
CONTINUOUS
10
0.3097371653543307
20
1.5870023622047245
11
0.3096596850393701
21
1.587007559055118
0
LINE
8
BLACK
6
CONTINUOUS
10
0.3096596850393701
20
1.587007559055118
11
0.3093550393700787
21
1.5869775196850393
0
LINE
8
BLACK
6
CONTINUOUS
10
0.3093550393700787
20
1.5869775196850393
11
0.3044277952755906
21
1.5869775196850393
0
LINE
8
BLACK
6
CONTINUOUS
10
0.3044277952755906
20
1.5869775196850393
11
0.3017303149606299
21
1.585628779527559
0
LINE
8
BLACK
6
CONTINUOUS
10
0.3017303149606299
20
1.585628779527559
11
0.3005331889763779
21
1.584431653543307
0
LINE
8
BLACK
6
CONTINUOUS
10
0.3005331889763779
20
1.584431653543307
11
0.2991844488188976
21
1.5817341732283465
0
LINE
8
BLACK
6
CONTINUOUS
10
0.2991844488188976
20
1.5817341732283465
11
0.2991844488188976
21
1.5737544488188977
0
LINE
8
BLACK
6
CONTINUOUS
10
0.2991844488188976
20
1.5737544488188977
11
0.3005331889763779
21
1.5710569685039371
0
LINE
8
BLACK
6
CONTINUOUS
10
0.3005331889763779
20
1.5710569685039371
11
0.3017303149606299
21
1.5698598031496063
0
LINE
8
BLACK
6
CONTINUOUS
10
0.3017303149606299
20
1.5698598031496063
11
0.3044277952755906
21
1.5685110629921259
0
LINE
8
BLACK
6
CONTINUOUS
10
0.3044277952755906
20
1.5685110629921259
11
0.3142822834645669
21
1.5685110629921259
0
LINE
8
BLACK
6
CONTINUOUS
10
0.3142822834645669
20
1.5685110629921259
11
0.3169797244094488
21
1.5698598031496063
0
LINE
8
BLACK
6
CONTINUOUS
10
0.3169797244094488
20
1.5698598031496063
11
0.3185156692913386
21
1.571395748031496
0
LINE
8
BLACK
6
CONTINUOUS
10
0.3185156692913386
20
1.571395748031496
11
0.3189631496062992
21
1.5717629921259841
0
LINE
8
BLACK
6
CONTINUOUS
10
0.3189631496062992
20
1.5717629921259841
11
0.3200275590551181
21
1.5722038976377952
0
LINE
8
BLACK
6
CONTINUOUS
10
0.3200275590551181
20
1.5722038976377952
11
0.3211796456692914
21
1.5722038976377952
0
LINE
8
BLACK
6
CONTINUOUS
10
0.3211796456692914
20
1.5722038976377952
11
0.3222440551181102
21
1.5717630314960629
0
LINE
8
BLACK
6
CONTINUOUS
10
0.3222440551181102
20
1.5717630314960629
11
0.3230587401574803
21
1.5709483464566929
0
LINE
8
BLACK
6
CONTINUOUS
10
0.3230587401574803
20
1.5709483464566929
11
0.3234996456692913
21
1.5698839370078739
0
LINE
8
BLACK
6
CONTINUOUS
10
0.3234996456692913
20
1.5698839370078739
11
0.3234996456692913
21
1.5687318503937007
0
LINE
8
BLACK
6
CONTINUOUS
10
0.3234996456692913
20
1.5687318503937007
11
0.3230587795275591
21
1.5676674409448819
0
LINE
8
BLACK
6
CONTINUOUS
10
0.3230587795275591
20
1.5676674409448819
11
0.3226915354330709
21
1.5672199606299213
0
LINE
8
BLACK
6
CONTINUOUS
10
0.3226915354330709
20
1.5672199606299213
11
0.320816811023622
21
1.5653451968503937
0
LINE
8
BLACK
6
CONTINUOUS
10
0.320816811023622
20
1.5653451968503937
11
0.3205904330708662
21
1.5651594488188976
0
LINE
8
BLACK
6
CONTINUOUS
10
0.3205904330708662
20
1.5651594488188976
11
0.3205392519685039
21
1.5651003937007875
0
LINE
8
BLACK
6
CONTINUOUS
10
0.3205392519685039
20
1.5651003937007875
11
0.3204502755905512
21
1.565044409448819
0
LINE
8
BLACK
6
CONTINUOUS
10
0.3204502755905512
20
1.565044409448819
11
0.3203693307086614
21
1.5649779527559056
0
LINE
8
BLACK
6
CONTINUOUS
10
0.3203693307086614
20
1.5649779527559056
11
0.3202973622047244
21
1.5649481496062991
0
LINE
8
BLACK
6
CONTINUOUS
10
0.3202973622047244
20
1.5649481496062991
11
0.3200493700787401
21
1.5647920472440944
0
LINE
8
BLACK
6
CONTINUOUS
10
0.3200493700787401
20
1.5647920472440944
11
0.316299842519685
21
1.5629172834645668
0
LINE
8
BLACK
6
CONTINUOUS
10
0.316299842519685
20
1.5629172834645668
11
0.3157592125984252
21
1.5627103937007873
0
LINE
8
BLACK
6
CONTINUOUS
10
0.3157592125984252
20
1.5627103937007873
11
0.3156533858267717
21
1.5627029133858268
0
LINE
8
BLACK
6
CONTINUOUS
10
0.3156533858267717
20
1.5627029133858268
11
0.3155553937007874
21
1.5626622834645669
0
LINE
8
BLACK
6
CONTINUOUS
10
0.3155553937007874
20
1.5626622834645669
11
0.3149793307086614
21
1.5626055511811023
0
LINE
8
BLACK
6
CONTINUOUS
10
0.3149793307086614
20
1.5626055511811023
11
0.3037307480314961
21
1.5626055511811023
0
LINE
8
BLACK
6
CONTINUOUS
10
0.3037307480314961
20
1.5626055511811023
11
0.3031546850393701
21
1.5626622834645669
0
LINE
8
BLACK
6
CONTINUOUS
10
0.3031546850393701
20
1.5626622834645669
11
0.3030566929133858
21
1.562702874015748
0
LINE
8
BLACK
6
CONTINUOUS
10
0.3030566929133858
20
1.562702874015748
11
0.3029508267716535
21
1.5627103937007873
0
LINE
8
BLACK
6
CONTINUOUS
10
0.3029508267716535
20
1.5627103937007873
11
0.3024102362204724
21
1.5629172834645668
0
LINE
8
BLACK
6
CONTINUOUS
10
0.3024102362204724
20
1.5629172834645668
11
0.2986607086614173
21
1.5647920472440944
0
LINE
8
BLACK
6
CONTINUOUS
10
0.2986607086614173
20
1.5647920472440944
11
0.2984126771653543
21
1.5649481496062991
0
LINE
8
BLACK
6
CONTINUOUS
10
0.2984126771653543
20
1.5649481496062991
11
0.2983407480314961
21
1.5649779527559056
0
LINE
8
BLACK
6
CONTINUOUS
10
0.2983407480314961
20
1.5649779527559056
11
0.2982597637795276
21
1.565044409448819
0
LINE
8
BLACK
6
CONTINUOUS
10
0.2982597637795276
20
1.565044409448819
11
0.2981708267716535
21
1.5651003937007875
0
LINE
8
BLACK
6
CONTINUOUS
10
0.2981708267716535
20
1.5651003937007875
11
0.2981196062992126
21
1.5651594488188976
0
LINE
8
BLACK
6
CONTINUOUS
10
0.2981196062992126
20
1.5651594488188976
11
0.2978932677165354
21
1.5653451968503937
0
LINE
8
BLACK
6
CONTINUOUS
10
0.2978932677165354
20
1.5653451968503937
11
0.2960185039370078
21
1.5672200000000001
0
LINE
8
BLACK
6
CONTINUOUS
10
0.2960185039370078
20
1.5672200000000001
11
0.2958327559055118
21
1.5674463385826771
0
LINE
8
BLACK
6
CONTINUOUS
10
0.2958327559055118
20
1.5674463385826771
11
0.2957737795275591
21
1.5674974803149606
0
LINE
8
BLACK
6
CONTINUOUS
10
0.2957737795275591
20
1.5674974803149606
11
0.2957177952755906
21
1.5675864173228347
0
LINE
8
BLACK
6
CONTINUOUS
10
0.2957177952755906
20
1.5675864173228347
11
0.2956512992125984
21
1.5676674409448819
0
LINE
8
BLACK
6
CONTINUOUS
10
0.2956512992125984
20
1.5676674409448819
11
0.2956214566929134
21
1.5677394881889763
0
LINE
8
BLACK
6
CONTINUOUS
10
0.2956214566929134
20
1.5677394881889763
11
0.2954654330708661
21
1.5679873622047245
0
LINE
8
BLACK
6
CONTINUOUS
10
0.2954654330708661
20
1.5679873622047245
11
0.2935906692913386
21
1.5717368897637796
0
LINE
8
BLACK
6
CONTINUOUS
10
0.2935906692913386
20
1.5717368897637796
11
0.2933837795275591
21
1.5722775196850394
0
LINE
8
BLACK
6
CONTINUOUS
10
0.2933837795275591
20
1.5722775196850394
11
0.2933762598425197
21
1.572383346456693
0
LINE
8
BLACK
6
CONTINUOUS
10
0.2933762598425197
20
1.572383346456693
11
0.2933356692913386
21
1.572481338582677
0
LINE
8
BLACK
6
CONTINUOUS
10
0.2933356692913386
20
1.572481338582677
11
0.293278937007874
21
1.5730574015748031
0
LINE
8
BLACK
6
CONTINUOUS
10
0.293278937007874
20
1.5730574015748031
11
0.293278937007874
21
1.5824312204724409
0
LINE
8
BLACK
6
CONTINUOUS
10
0.293278937007874
20
1.5824312204724409
11
0.2933356692913386
21
1.583007283464567
0
LINE
8
BLACK
6
CONTINUOUS
10
0.2933356692913386
20
1.583007283464567
11
0.2933762598425197
21
1.5831053149606298
0
LINE
8
BLACK
6
CONTINUOUS
10
0.2933762598425197
20
1.5831053149606298
11
0.2933837795275591
21
1.5832111023622046
0
LINE
8
BLACK
6
CONTINUOUS
10
0.2933837795275591
20
1.5832111023622046
11
0.2935906692913386
21
1.5837517322834644
0
LINE
8
BLACK
6
CONTINUOUS
10
0.2935906692913386
20
1.5837517322834644
11
0.2954654330708661
21
1.5875012598425196
0
LINE
8
BLACK
6
CONTINUOUS
10
0.2954654330708661
20
1.5875012598425196
11
0.2956214960629921
21
1.5877492913385827
0
LINE
8
BLACK
6
CONTINUOUS
10
0.2956214960629921
20
1.5877492913385827
11
0.2956513385826772
21
1.5878212204724409
0
LINE
8
BLACK
6
CONTINUOUS
10
0.2956513385826772
20
1.5878212204724409
11
0.2957177952755906
21
1.5879022047244093
0
LINE
8
BLACK
6
CONTINUOUS
10
0.2957177952755906
20
1.5879022047244093
11
0.2957737795275591
21
1.5879911417322834
0
LINE
8
BLACK
6
CONTINUOUS
10
0.2957737795275591
20
1.5879911417322834
11
0.2958327559055118
21
1.5880423228346456
0
LINE
8
BLACK
6
CONTINUOUS
10
0.2958327559055118
20
1.5880423228346456
11
0.2960185433070866
21
1.5882686614173227
0
LINE
8
BLACK
6
CONTINUOUS
10
0.2960185433070866
20
1.5882686614173227
11
0.2978933070866142
21
1.5901434251968503
0
LINE
8
BLACK
6
CONTINUOUS
10
0.2978933070866142
20
1.5901434251968503
11
0.2981196456692913
21
1.5903292125984252
0
LINE
8
BLACK
6
CONTINUOUS
10
0.2981196456692913
20
1.5903292125984252
11
0.2981708267716535
21
1.590388188976378
0
LINE
8
BLACK
6
CONTINUOUS
10
0.2981708267716535
20
1.590388188976378
11
0.2982597637795276
21
1.5904441732283465
0
LINE
8
BLACK
6
CONTINUOUS
10
0.2982597637795276
20
1.5904441732283465
11
0.2983407480314961
21
1.5905106299212599
0
LINE
8
BLACK
6
CONTINUOUS
10
0.2983407480314961
20
1.5905106299212599
11
0.2984126771653543
21
1.5905404724409449
0
LINE
8
BLACK
6
CONTINUOUS
10
0.2984126771653543
20
1.5905404724409449
11
0.2986607086614173
21
1.5906965354330709
0
LINE
8
BLACK
6
CONTINUOUS
10
0.2986607086614173
20
1.5906965354330709
11
0.3024102362204724
21
1.5925712992125984
0
LINE
8
BLACK
6
CONTINUOUS
10
0.3024102362204724
20
1.5925712992125984
11
0.3029424015748031
21
1.5927750000000001
0
LINE
8
BLACK
6
CONTINUOUS
10
0.3029424015748031
20
1.5927750000000001
11
0.2940095275590551
21
1.6029839763779528
0
LINE
8
BLACK
6
CONTINUOUS
10
0.2940095275590551
20
1.6029839763779528
11
0.2938314960629921
21
1.6032329921259842
0
LINE
8
BLACK
6
CONTINUOUS
10
0.2938314960629921
20
1.6032329921259842
11
0.2937765748031496
21
1.6032879133858267
0
LINE
8
BLACK
6
CONTINUOUS
10
0.2937765748031496
20
1.6032879133858267
11
0.2937549606299212
21
1.6033400393700787
0
LINE
8
BLACK
6
CONTINUOUS
10
0.2937549606299212
20
1.6033400393700787
11
0.293672874015748
21
1.6034548818897638
0
LINE
8
BLACK
6
CONTINUOUS
10
0.293672874015748
20
1.6034548818897638
11
0.2935192519685039
21
1.6039091338582676
0
LINE
8
BLACK
6
CONTINUOUS
10
0.2935192519685039
20
1.6039091338582676
11
0.2933356692913386
21
1.6043523228346457
0
LINE
8
BLACK
6
CONTINUOUS
10
0.2933356692913386
20
1.6043523228346457
11
0.2933356692913386
21
1.6044519685039369
0
LINE
8
BLACK
6
CONTINUOUS
10
0.2933356692913386
20
1.6044519685039369
11
0.293303779527559
21
1.6045462598425198
0
LINE
8
BLACK
6
CONTINUOUS
10
0.293303779527559
20
1.6045462598425198
11
0.2933356692913386
21
1.6050247637795276
0
LINE
8
BLACK
6
CONTINUOUS
10
0.2933356692913386
20
1.6050247637795276
11
0.2933356692913386
21
1.6055044488188976
0
LINE
8
BLACK
6
CONTINUOUS
10
0.2933356692913386
20
1.6055044488188976
11
0.2933737401574803
21
1.6055964566929133
0
LINE
8
BLACK
6
CONTINUOUS
10
0.2933737401574803
20
1.6055964566929133
11
0.2933803937007874
21
1.6056957874015747
0
LINE
8
BLACK
6
CONTINUOUS
10
0.2933803937007874
20
1.6056957874015747
11
0.2935930708661417
21
1.6061259448818896
0
LINE
8
BLACK
6
CONTINUOUS
10
0.2935930708661417
20
1.6061259448818896
11
0.2937765748031496
21
1.6065688582677164
0
LINE
8
BLACK
6
CONTINUOUS
10
0.2937765748031496
20
1.6065688582677164
11
0.2938468897637795
21
1.6066392125984252
0
LINE
8
BLACK
6
CONTINUOUS
10
0.2938468897637795
20
1.6066392125984252
11
0.2938911023622047
21
1.6067285433070866
0
LINE
8
BLACK
6
CONTINUOUS
10
0.2938911023622047
20
1.6067285433070866
11
0.2942522047244094
21
1.607044527559055
0
LINE
8
BLACK
6
CONTINUOUS
10
0.2942522047244094
20
1.607044527559055
11
0.294591220472441
21
1.6073835039370079
0
LINE
8
BLACK
6
CONTINUOUS
10
0.294591220472441
20
1.6073835039370079
11
0.294683188976378
21
1.607421653543307
0
LINE
8
BLACK
6
CONTINUOUS
10
0.294683188976378
20
1.607421653543307
11
0.294758188976378
21
1.6074872047244093
0
LINE
8
BLACK
6
CONTINUOUS
10
0.294758188976378
20
1.6074872047244093
11
0.2952124015748032
21
1.6076408267716535
0
LINE
8
BLACK
6
CONTINUOUS
10
0.2952124015748032
20
1.6076408267716535
11
0.2956556299212598
21
1.6078244094488188
0
LINE
8
BLACK
6
CONTINUOUS
10
0.2956556299212598
20
1.6078244094488188
11
0.2957961811023622
21
1.6078382677165355
0
LINE
8
BLACK
6
CONTINUOUS
10
0.2957961811023622
20
1.6078382677165355
11
0.2958495669291338
21
1.6078562992125984
0
LINE
8
BLACK
6
CONTINUOUS
10
0.2958495669291338
20
1.6078562992125984
11
0.2959270078740158
21
1.6078511417322834
0
LINE
8
BLACK
6
CONTINUOUS
10
0.2959270078740158
20
1.6078511417322834
11
0.2962316929133858
21
1.6078811417322834
0
LINE
8
BLACK
6
CONTINUOUS
10
0.2962316929133858
20
1.6078811417322834
11
0.3206036220472441
21
1.6078811417322834
0
LINE
8
BLACK
6
CONTINUOUS
10
0.3206036220472441
20
1.6078811417322834
11
0.3211796850393701
21
1.6078244094488188
0
LINE
8
BLACK
6
CONTINUOUS
10
0.2347529921259842
20
1.6078244094488188
11
0.2358174015748031
21
1.6073835039370079
0
LINE
8
BLACK
6
CONTINUOUS
10
0.2358174015748031
20
1.6073835039370079
11
0.2366320472440945
21
1.6065688582677164
0
LINE
8
BLACK
6
CONTINUOUS
10
0.2366320472440945
20
1.6065688582677164
11
0.2370729527559055
21
1.6055044488188976
0
LINE
8
BLACK
6
CONTINUOUS
10
0.2370729527559055
20
1.6055044488188976
11
0.2371296850393701
21
1.6049283858267716
0
LINE
8
BLACK
6
CONTINUOUS
10
0.2371296850393701
20
1.6049283858267716
11
0.2371296850393701
21
1.5655583070866141
0
LINE
8
BLACK
6
CONTINUOUS
10
0.2371296850393701
20
1.5655583070866141
11
0.2370729527559055
21
1.5649822440944881
0
LINE
8
BLACK
6
CONTINUOUS
10
0.2370729527559055
20
1.5649822440944881
11
0.2366320472440945
21
1.5639178346456692
0
LINE
8
BLACK
6
CONTINUOUS
10
0.2366320472440945
20
1.5639178346456692
11
0.2358174015748031
21
1.563103188976378
0
LINE
8
BLACK
6
CONTINUOUS
10
0.2358174015748031
20
1.563103188976378
11
0.2347529921259842
21
1.5626622834645669
0
LINE
8
BLACK
6
CONTINUOUS
10
0.2347529921259842
20
1.5626622834645669
11
0.2336008661417323
21
1.5626622834645669
0
LINE
8
BLACK
6
CONTINUOUS
10
0.2336008661417323
20
1.5626622834645669
11
0.2325364566929134
21
1.563103188976378
0
LINE
8
BLACK
6
CONTINUOUS
10
0.2325364566929134
20
1.563103188976378
11
0.231721811023622
21
1.5639178346456692
0
LINE
8
BLACK
6
CONTINUOUS
10
0.231721811023622
20
1.5639178346456692
11
0.231280905511811
21
1.5649822440944881
0
LINE
8
BLACK
6
CONTINUOUS
10
0.231280905511811
20
1.5649822440944881
11
0.2312241732283465
21
1.5655583070866141
0
LINE
8
BLACK
6
CONTINUOUS
10
0.2312241732283465
20
1.5655583070866141
11
0.2312241732283465
21
1.5813532283464566
0
LINE
8
BLACK
6
CONTINUOUS
10
0.2312241732283465
20
1.5813532283464566
11
0.2263404724409449
21
1.5813532283464566
0
LINE
8
BLACK
6
CONTINUOUS
10
0.2263404724409449
20
1.5813532283464566
11
0.2140987401574803
21
1.5638650000000001
0
LINE
8
BLACK
6
CONTINUOUS
10
0.2140987401574803
20
1.5638650000000001
11
0.2137219291338583
21
1.5634256299212599
0
LINE
8
BLACK
6
CONTINUOUS
10
0.2137219291338583
20
1.5634256299212599
11
0.2127503149606299
21
1.5628064566929134
0
LINE
8
BLACK
6
CONTINUOUS
10
0.2127503149606299
20
1.5628064566929134
11
0.2116157874015748
21
1.5626062598425197
0
LINE
8
BLACK
6
CONTINUOUS
10
0.2116157874015748
20
1.5626062598425197
11
0.2104909448818898
21
1.5628554330708662
0
LINE
8
BLACK
6
CONTINUOUS
10
0.2104909448818898
20
1.5628554330708662
11
0.2095470866141732
21
1.5635161417322834
0
LINE
8
BLACK
6
CONTINUOUS
10
0.2095470866141732
20
1.5635161417322834
11
0.2089279133858268
21
1.5644877559055117
0
LINE
8
BLACK
6
CONTINUOUS
10
0.2089279133858268
20
1.5644877559055117
11
0.2087277165354331
21
1.565622283464567
0
LINE
8
BLACK
6
CONTINUOUS
10
0.2087277165354331
20
1.565622283464567
11
0.2089768897637795
21
1.566747125984252
0
LINE
8
BLACK
6
CONTINUOUS
10
0.2089768897637795
20
1.566747125984252
11
0.2092607874015748
21
1.5672516141732282
0
LINE
8
BLACK
6
CONTINUOUS
10
0.2092607874015748
20
1.5672516141732282
11
0.2191349212598425
21
1.5813575590551181
0
LINE
8
BLACK
6
CONTINUOUS
10
0.2191349212598425
20
1.5813575590551181
11
0.2186027559055118
21
1.5814099606299212
0
LINE
8
BLACK
6
CONTINUOUS
10
0.2186027559055118
20
1.5814099606299212
11
0.2185047637795275
21
1.5814505511811023
0
LINE
8
BLACK
6
CONTINUOUS
10
0.2185047637795275
20
1.5814505511811023
11
0.2183988976377953
21
1.5814580708661417
0
LINE
8
BLACK
6
CONTINUOUS
10
0.2183988976377953
20
1.5814580708661417
11
0.2178583070866142
21
1.5816649606299211
0
LINE
8
BLACK
6
CONTINUOUS
10
0.2178583070866142
20
1.5816649606299211
11
0.2141087795275591
21
1.5835397244094487
0
LINE
8
BLACK
6
CONTINUOUS
10
0.2141087795275591
20
1.5835397244094487
11
0.213860748031496
21
1.5836958267716534
0
LINE
8
BLACK
6
CONTINUOUS
10
0.213860748031496
20
1.5836958267716534
11
0.2137888188976378
21
1.5837256299212599
0
LINE
8
BLACK
6
CONTINUOUS
10
0.2137888188976378
20
1.5837256299212599
11
0.2137078346456693
21
1.583792125984252
0
LINE
8
BLACK
6
CONTINUOUS
10
0.2137078346456693
20
1.583792125984252
11
0.2136188976377953
21
1.5838480708661418
0
LINE
8
BLACK
6
CONTINUOUS
10
0.2136188976377953
20
1.5838480708661418
11
0.2135677165354331
21
1.5839070866141731
0
LINE
8
BLACK
6
CONTINUOUS
10
0.2135677165354331
20
1.5839070866141731
11
0.2133413779527559
21
1.5840928346456693
0
LINE
8
BLACK
6
CONTINUOUS
10
0.2133413779527559
20
1.5840928346456693
11
0.2114666141732283
21
1.5859675984251969
0
LINE
8
BLACK
6
CONTINUOUS
10
0.2114666141732283
20
1.5859675984251969
11
0.2112808267716536
21
1.5861939763779527
0
LINE
8
BLACK
6
CONTINUOUS
10
0.2112808267716536
20
1.5861939763779527
11
0.2112218503937008
21
1.5862451181102362
0
LINE
8
BLACK
6
CONTINUOUS
10
0.2112218503937008
20
1.5862451181102362
11
0.2111658661417323
21
1.586334094488189
0
LINE
8
BLACK
6
CONTINUOUS
10
0.2111658661417323
20
1.586334094488189
11
0.2110994094488189
21
1.5864150393700787
0
LINE
8
BLACK
6
CONTINUOUS
10
0.2110994094488189
20
1.5864150393700787
11
0.2110695669291339
21
1.5864870078740156
0
LINE
8
BLACK
6
CONTINUOUS
10
0.2110695669291339
20
1.5864870078740156
11
0.2109135039370079
21
1.586735
0
LINE
8
BLACK
6
CONTINUOUS
10
0.2109135039370079
20
1.586735
11
0.2090387401574803
21
1.5904845275590551
0
LINE
8
BLACK
6
CONTINUOUS
10
0.2090387401574803
20
1.5904845275590551
11
0.2088318503937008
21
1.5910251574803149
0
LINE
8
BLACK
6
CONTINUOUS
10
0.2088318503937008
20
1.5910251574803149
11
0.2088243307086614
21
1.5911309842519685
0
LINE
8
BLACK
6
CONTINUOUS
10
0.2088243307086614
20
1.5911309842519685
11
0.2087837401574803
21
1.5912289763779528
0
LINE
8
BLACK
6
CONTINUOUS
10
0.2087837401574803
20
1.5912289763779528
11
0.2087270078740157
21
1.5918050393700787
0
LINE
8
BLACK
6
CONTINUOUS
10
0.2087270078740157
20
1.5918050393700787
11
0.2087270078740157
21
1.5974293307086613
0
LINE
8
BLACK
6
CONTINUOUS
10
0.2087270078740157
20
1.5974293307086613
11
0.2087837401574803
21
1.5980053937007874
0
LINE
8
BLACK
6
CONTINUOUS
10
0.2087837401574803
20
1.5980053937007874
11
0.2088243307086614
21
1.5981034251968504
0
LINE
8
BLACK
6
CONTINUOUS
10
0.2088243307086614
20
1.5981034251968504
11
0.2088318503937008
21
1.5982092125984251
0
LINE
8
BLACK
6
CONTINUOUS
10
0.2088318503937008
20
1.5982092125984251
11
0.2090387401574803
21
1.5987498425196851
0
LINE
8
BLACK
6
CONTINUOUS
10
0.2090387401574803
20
1.5987498425196851
11
0.2109135039370079
21
1.6024993700787402
0
LINE
8
BLACK
6
CONTINUOUS
10
0.2109135039370079
20
1.6024993700787402
11
0.2110695669291339
21
1.6027474015748031
0
LINE
8
BLACK
6
CONTINUOUS
10
0.2110695669291339
20
1.6027474015748031
11
0.2110994094488189
21
1.6028193307086613
0
LINE
8
BLACK
6
CONTINUOUS
10
0.2110994094488189
20
1.6028193307086613
11
0.2111658661417323
21
1.6029003149606298
0
LINE
8
BLACK
6
CONTINUOUS
10
0.2111658661417323
20
1.6029003149606298
11
0.2112218503937008
21
1.6029892519685038
0
LINE
8
BLACK
6
CONTINUOUS
10
0.2112218503937008
20
1.6029892519685038
11
0.2112808267716536
21
1.6030404330708661
0
LINE
8
BLACK
6
CONTINUOUS
10
0.2112808267716536
20
1.6030404330708661
11
0.2114666141732283
21
1.6032667716535434
0
LINE
8
BLACK
6
CONTINUOUS
10
0.2114666141732283
20
1.6032667716535434
11
0.2133413779527559
21
1.6051415354330709
0
LINE
8
BLACK
6
CONTINUOUS
10
0.2133413779527559
20
1.6051415354330709
11
0.2135677165354331
21
1.6053273228346456
0
LINE
8
BLACK
6
CONTINUOUS
10
0.2135677165354331
20
1.6053273228346456
11
0.2136188976377953
21
1.6053862992125985
0
LINE
8
BLACK
6
CONTINUOUS
10
0.2136188976377953
20
1.6053862992125985
11
0.2137078346456693
21
1.605442283464567
0
LINE
8
BLACK
6
CONTINUOUS
10
0.2137078346456693
20
1.605442283464567
11
0.2137888188976378
21
1.6055087401574804
0
LINE
8
BLACK
6
CONTINUOUS
10
0.2137888188976378
20
1.6055087401574804
11
0.213860748031496
21
1.6055385826771653
0
LINE
8
BLACK
6
CONTINUOUS
10
0.213860748031496
20
1.6055385826771653
11
0.2141087795275591
21
1.6056946456692913
0
LINE
8
BLACK
6
CONTINUOUS
10
0.2141087795275591
20
1.6056946456692913
11
0.2178583070866142
21
1.6075694094488189
0
LINE
8
BLACK
6
CONTINUOUS
10
0.2178583070866142
20
1.6075694094488189
11
0.2183988976377953
21
1.6077762992125983
0
LINE
8
BLACK
6
CONTINUOUS
10
0.2183988976377953
20
1.6077762992125983
11
0.2185047637795275
21
1.6077838582677164
0
LINE
8
BLACK
6
CONTINUOUS
10
0.2185047637795275
20
1.6077838582677164
11
0.2186027559055118
21
1.6078244094488188
0
LINE
8
BLACK
6
CONTINUOUS
10
0.2186027559055118
20
1.6078244094488188
11
0.2191788188976378
21
1.6078811417322834
0
LINE
8
BLACK
6
CONTINUOUS
10
0.2191788188976378
20
1.6078811417322834
11
0.2341769291338583
21
1.6078811417322834
0
LINE
8
BLACK
6
CONTINUOUS
10
0.2341769291338583
20
1.6078811417322834
11
0.2347529921259842
21
1.6078244094488188
0
LINE
8
BLACK
6
CONTINUOUS
10
0.2171783858267717
20
1.6006268897637794
11
0.2159812598425197
21
1.5994297637795276
0
LINE
8
BLACK
6
CONTINUOUS
10
0.2159812598425197
20
1.5994297637795276
11
0.2146325196850394
21
1.596732283464567
0
LINE
8
BLACK
6
CONTINUOUS
10
0.2146325196850394
20
1.596732283464567
11
0.2146325196850394
21
1.5925020866141733
0
LINE
8
BLACK
6
CONTINUOUS
10
0.2146325196850394
20
1.5925020866141733
11
0.2159812598425197
21
1.5898046062992126
0
LINE
8
BLACK
6
CONTINUOUS
10
0.2159812598425197
20
1.5898046062992126
11
0.2171783858267717
21
1.5886074803149606
0
LINE
8
BLACK
6
CONTINUOUS
10
0.2171783858267717
20
1.5886074803149606
11
0.2198758661417323
21
1.5872587401574803
0
LINE
8
BLACK
6
CONTINUOUS
10
0.2198758661417323
20
1.5872587401574803
11
0.2312241732283465
21
1.5872587401574803
0
LINE
8
BLACK
6
CONTINUOUS
10
0.2312241732283465
20
1.5872587401574803
11
0.2312241732283465
21
1.6019756299212597
0
LINE
8
BLACK
6
CONTINUOUS
10
0.2312241732283465
20
1.6019756299212597
11
0.2198758661417323
21
1.6019756299212597
0
LINE
8
BLACK
6
CONTINUOUS
10
0.2198758661417323
20
1.6019756299212597
11
0.2171783858267717
21
1.6006268897637794
0
LINE
8
BLACK
6
CONTINUOUS
10
0.3568002362204724
20
1.6078244094488188
11
0.3578646456692913
21
1.6073835039370079
0
LINE
8
BLACK
6
CONTINUOUS
10
0.3578646456692913
20
1.6073835039370079
11
0.3586792913385827
21
1.6065688582677164
0
LINE
8
BLACK
6
CONTINUOUS
10
0.3586792913385827
20
1.6065688582677164
11
0.3591201968503937
21
1.6055044488188976
0
LINE
8
BLACK
6
CONTINUOUS
10
0.3591201968503937
20
1.6055044488188976
11
0.3591769291338582
21
1.6049283858267716
0
LINE
8
BLACK
6
CONTINUOUS
10
0.3591769291338582
20
1.6049283858267716
11
0.3591769291338582
21
1.5655583070866141
0
LINE
8
BLACK
6
CONTINUOUS
10
0.3591769291338582
20
1.5655583070866141
11
0.3591201968503937
21
1.5649822440944881
0
LINE
8
BLACK
6
CONTINUOUS
10
0.3591201968503937
20
1.5649822440944881
11
0.3586792913385827
21
1.5639178346456692
0
LINE
8
BLACK
6
CONTINUOUS
10
0.3586792913385827
20
1.5639178346456692
11
0.3578646456692913
21
1.563103188976378
0
LINE
8
BLACK
6
CONTINUOUS
10
0.3578646456692913
20
1.563103188976378
11
0.3568002362204724
21
1.5626622834645669
0
LINE
8
BLACK
6
CONTINUOUS
10
0.3568002362204724
20
1.5626622834645669
11
0.3556481102362204
21
1.5626622834645669
0
LINE
8
BLACK
6
CONTINUOUS
10
0.3556481102362204
20
1.5626622834645669
11
0.3545837007874016
21
1.563103188976378
0
LINE
8
BLACK
6
CONTINUOUS
10
0.3545837007874016
20
1.563103188976378
11
0.3537690551181102
21
1.5639178346456692
0
LINE
8
BLACK
6
CONTINUOUS
10
0.3537690551181102
20
1.5639178346456692
11
0.3533281496062992
21
1.5649822440944881
0
LINE
8
BLACK
6
CONTINUOUS
10
0.3533281496062992
20
1.5649822440944881
11
0.3532714173228346
21
1.5655583070866141
0
LINE
8
BLACK
6
CONTINUOUS
10
0.3532714173228346
20
1.5655583070866141
11
0.3532714173228346
21
1.5813532283464566
0
LINE
8
BLACK
6
CONTINUOUS
10
0.3532714173228346
20
1.5813532283464566
11
0.348387716535433
21
1.5813532283464566
0
LINE
8
BLACK
6
CONTINUOUS
10
0.348387716535433
20
1.5813532283464566
11
0.3361459842519685
21
1.5638650000000001
0
LINE
8
BLACK
6
CONTINUOUS
10
0.3361459842519685
20
1.5638650000000001
11
0.3357691732283464
21
1.5634256299212599
0
LINE
8
BLACK
6
CONTINUOUS
10
0.3357691732283464
20
1.5634256299212599
11
0.3347975590551181
21
1.5628064566929134
0
LINE
8
BLACK
6
CONTINUOUS
10
0.3347975590551181
20
1.5628064566929134
11
0.333663031496063
21
1.5626062598425197
0
LINE
8
BLACK
6
CONTINUOUS
10
0.333663031496063
20
1.5626062598425197
11
0.3325381889763779
21
1.5628554330708662
0
LINE
8
BLACK
6
CONTINUOUS
10
0.3325381889763779
20
1.5628554330708662
11
0.3315943307086614
21
1.5635161417322834
0
LINE
8
BLACK
6
CONTINUOUS
10
0.3315943307086614
20
1.5635161417322834
11
0.330975157480315
21
1.5644877559055117
0
LINE
8
BLACK
6
CONTINUOUS
10
0.330975157480315
20
1.5644877559055117
11
0.3307749606299212
21
1.565622283464567
0
LINE
8
BLACK
6
CONTINUOUS
10
0.3307749606299212
20
1.565622283464567
11
0.3310241338582677
21
1.566747125984252
0
LINE
8
BLACK
6
CONTINUOUS
10
0.3310241338582677
20
1.566747125984252
11
0.331308031496063
21
1.5672516141732282
0
LINE
8
BLACK
6
CONTINUOUS
10
0.331308031496063
20
1.5672516141732282
11
0.3411821653543307
21
1.5813575590551181
0
LINE
8
BLACK
6
CONTINUOUS
10
0.3411821653543307
20
1.5813575590551181
11
0.34065
21
1.5814099606299212
0
LINE
8
BLACK
6
CONTINUOUS
10
0.34065
20
1.5814099606299212
11
0.3405520078740157
21
1.5814505511811023
0
LINE
8
BLACK
6
CONTINUOUS
10
0.3405520078740157
20
1.5814505511811023
11
0.3404461417322834
21
1.5814580708661417
0
LINE
8
BLACK
6
CONTINUOUS
10
0.3404461417322834
20
1.5814580708661417
11
0.3399055511811023
21
1.5816649606299211
0
LINE
8
BLACK
6
CONTINUOUS
10
0.3399055511811023
20
1.5816649606299211
11
0.3361560236220472
21
1.5835397244094487
0
LINE
8
BLACK
6
CONTINUOUS
10
0.3361560236220472
20
1.5835397244094487
11
0.3359079921259843
21
1.5836958267716534
0
LINE
8
BLACK
6
CONTINUOUS
10
0.3359079921259843
20
1.5836958267716534
11
0.335836062992126
21
1.5837256299212599
0
LINE
8
BLACK
6
CONTINUOUS
10
0.335836062992126
20
1.5837256299212599
11
0.3357550787401575
21
1.583792125984252
0
LINE
8
BLACK
6
CONTINUOUS
10
0.3357550787401575
20
1.583792125984252
11
0.3356661417322834
21
1.5838480708661418
0
LINE
8
BLACK
6
CONTINUOUS
10
0.3356661417322834
20
1.5838480708661418
11
0.3356149606299212
21
1.5839070866141731
0
LINE
8
BLACK
6
CONTINUOUS
10
0.3356149606299212
20
1.5839070866141731
11
0.3353886220472441
21
1.5840928346456693
0
LINE
8
BLACK
6
CONTINUOUS
10
0.3353886220472441
20
1.5840928346456693
11
0.3335138582677165
21
1.5859675984251969
0
LINE
8
BLACK
6
CONTINUOUS
10
0.3335138582677165
20
1.5859675984251969
11
0.3333280708661417
21
1.5861939763779527
0
LINE
8
BLACK
6
CONTINUOUS
10
0.3333280708661417
20
1.5861939763779527
11
0.333269094488189
21
1.5862451181102362
0
LINE
8
BLACK
6
CONTINUOUS
10
0.333269094488189
20
1.5862451181102362
11
0.3332131102362205
21
1.586334094488189
0
LINE
8
BLACK
6
CONTINUOUS
10
0.3332131102362205
20
1.586334094488189
11
0.3331466535433071
21
1.5864150393700787
0
LINE
8
BLACK
6
CONTINUOUS
10
0.3331466535433071
20
1.5864150393700787
11
0.3331168110236221
21
1.5864870078740156
0
LINE
8
BLACK
6
CONTINUOUS
10
0.3331168110236221
20
1.5864870078740156
11
0.3329607480314961
21
1.586735
0
LINE
8
BLACK
6
CONTINUOUS
10
0.3329607480314961
20
1.586735
11
0.3310859842519685
21
1.5904845275590551
0
LINE
8
BLACK
6
CONTINUOUS
10
0.3310859842519685
20
1.5904845275590551
11
0.330879094488189
21
1.5910251574803149
0
LINE
8
BLACK
6
CONTINUOUS
10
0.330879094488189
20
1.5910251574803149
11
0.3308715748031496
21
1.5911309842519685
0
LINE
8
BLACK
6
CONTINUOUS
10
0.3308715748031496
20
1.5911309842519685
11
0.3308309842519685
21
1.5912289763779528
0
LINE
8
BLACK
6
CONTINUOUS
10
0.3308309842519685
20
1.5912289763779528
11
0.3307742519685039
21
1.5918050393700787
0
LINE
8
BLACK
6
CONTINUOUS
10
0.3307742519685039
20
1.5918050393700787
11
0.3307742519685039
21
1.5974293307086613
0
LINE
8
BLACK
6
CONTINUOUS
10
0.3307742519685039
20
1.5974293307086613
11
0.3308309842519685
21
1.5980053937007874
0
LINE
8
BLACK
6
CONTINUOUS
10
0.3308309842519685
20
1.5980053937007874
11
0.3308715748031496
21
1.5981034251968504
0
LINE
8
BLACK
6
CONTINUOUS
10
0.3308715748031496
20
1.5981034251968504
11
0.330879094488189
21
1.5982092125984251
0
LINE
8
BLACK
6
CONTINUOUS
10
0.330879094488189
20
1.5982092125984251
11
0.3310859842519685
21
1.5987498425196851
0
LINE
8
BLACK
6
CONTINUOUS
10
0.3310859842519685
20
1.5987498425196851
11
0.3329607480314961
21
1.6024993700787402
0
LINE
8
BLACK
6
CONTINUOUS
10
0.3329607480314961
20
1.6024993700787402
11
0.3331168110236221
21
1.6027474015748031
0
LINE
8
BLACK
6
CONTINUOUS
10
0.3331168110236221
20
1.6027474015748031
11
0.3331466535433071
21
1.6028193307086613
0
LINE
8
BLACK
6
CONTINUOUS
10
0.3331466535433071
20
1.6028193307086613
11
0.3332131102362205
21
1.6029003149606298
0
LINE
8
BLACK
6
CONTINUOUS
10
0.3332131102362205
20
1.6029003149606298
11
0.333269094488189
21
1.6029892519685038
0
LINE
8
BLACK
6
CONTINUOUS
10
0.333269094488189
20
1.6029892519685038
11
0.3333280708661417
21
1.6030404330708661
0
LINE
8
BLACK
6
CONTINUOUS
10
0.3333280708661417
20
1.6030404330708661
11
0.3335138582677165
21
1.6032667716535434
0
LINE
8
BLACK
6
CONTINUOUS
10
0.3335138582677165
20
1.6032667716535434
11
0.3353886220472441
21
1.6051415354330709
0
LINE
8
BLACK
6
CONTINUOUS
10
0.3353886220472441
20
1.6051415354330709
11
0.3356149606299212
21
1.6053273228346456
0
LINE
8
BLACK
6
CONTINUOUS
10
0.3356149606299212
20
1.6053273228346456
11
0.3356661417322834
21
1.6053862992125985
0
LINE
8
BLACK
6
CONTINUOUS
10
0.3356661417322834
20
1.6053862992125985
11
0.3357550787401575
21
1.605442283464567
0
LINE
8
BLACK
6
CONTINUOUS
10
0.3357550787401575
20
1.605442283464567
11
0.335836062992126
21
1.6055087401574804
0
LINE
8
BLACK
6
CONTINUOUS
10
0.335836062992126
20
1.6055087401574804
11
0.3359079921259843
21
1.6055385826771653
0
LINE
8
BLACK
6
CONTINUOUS
10
0.3359079921259843
20
1.6055385826771653
11
0.3361560236220472
21
1.6056946456692913
0
LINE
8
BLACK
6
CONTINUOUS
10
0.3361560236220472
20
1.6056946456692913
11
0.3399055511811023
21
1.6075694094488189
0
LINE
8
BLACK
6
CONTINUOUS
10
0.3399055511811023
20
1.6075694094488189
11
0.3404461417322834
21
1.6077762992125983
0
LINE
8
BLACK
6
CONTINUOUS
10
0.3404461417322834
20
1.6077762992125983
11
0.3405520078740157
21
1.6077838582677164
0
LINE
8
BLACK
6
CONTINUOUS
10
0.3405520078740157
20
1.6077838582677164
11
0.34065
21
1.6078244094488188
0
LINE
8
BLACK
6
CONTINUOUS
10
0.34065
20
1.6078244094488188
11
0.341226062992126
21
1.6078811417322834
0
LINE
8
BLACK
6
CONTINUOUS
10
0.341226062992126
20
1.6078811417322834
11
0.3562241732283464
21
1.6078811417322834
0
LINE
8
BLACK
6
CONTINUOUS
10
0.3562241732283464
20
1.6078811417322834
11
0.3568002362204724
21
1.6078244094488188
0
LINE
8
BLACK
6
CONTINUOUS
10
0.3392256299212598
20
1.6006268897637794
11
0.3380285039370078
21
1.5994297637795276
0
LINE
8
BLACK
6
CONTINUOUS
10
0.3380285039370078
20
1.5994297637795276
11
0.3366797637795276
21
1.596732283464567
0
LINE
8
BLACK
6
CONTINUOUS
10
0.3366797637795276
20
1.596732283464567
11
0.3366797637795276
21
1.5925020866141733
0
LINE
8
BLACK
6
CONTINUOUS
10
0.3366797637795276
20
1.5925020866141733
11
0.3380285039370078
21
1.5898046062992126
0
LINE
8
BLACK
6
CONTINUOUS
10
0.3380285039370078
20
1.5898046062992126
11
0.3392256299212598
21
1.5886074803149606
0
LINE
8
BLACK
6
CONTINUOUS
10
0.3392256299212598
20
1.5886074803149606
11
0.3419231102362205
21
1.5872587401574803
0
LINE
8
BLACK
6
CONTINUOUS
10
0.3419231102362205
20
1.5872587401574803
11
0.3532714173228346
21
1.5872587401574803
0
LINE
8
BLACK
6
CONTINUOUS
10
0.3532714173228346
20
1.5872587401574803
11
0.3532714173228346
21
1.6019756299212597
0
LINE
8
BLACK
6
CONTINUOUS
10
0.3532714173228346
20
1.6019756299212597
11
0.3419231102362205
21
1.6019756299212597
0
LINE
8
BLACK
6
CONTINUOUS
10
0.3419231102362205
20
1.6019756299212597
11
0.3392256299212598
21
1.6006268897637794
0
LINE
8
BLACK
6
CONTINUOUS
10
0.1880877165354331
20
1.6096510236220472
11
0.1891181496062992
21
1.6091358267716536
0
LINE
8
BLACK
6
CONTINUOUS
10
0.1891181496062992
20
1.6091358267716536
11
0.189873031496063
21
1.6082654724409449
0
LINE
8
BLACK
6
CONTINUOUS
10
0.189873031496063
20
1.6082654724409449
11
0.1901090157480315
21
1.6077368897637796
0
LINE
8
BLACK
6
CONTINUOUS
10
0.1901090157480315
20
1.6077368897637796
11
0.1994828346456693
21
1.5796154724409448
0
LINE
8
BLACK
6
CONTINUOUS
10
0.1994828346456693
20
1.5796154724409448
11
0.1995477559055118
21
1.5793298425196851
0
LINE
8
BLACK
6
CONTINUOUS
10
0.1995477559055118
20
1.5793298425196851
11
0.1995776377952756
21
1.5792577559055119
0
LINE
8
BLACK
6
CONTINUOUS
10
0.1995776377952756
20
1.5792577559055119
11
0.1995776377952756
21
1.5791985433070865
0
LINE
8
BLACK
6
CONTINUOUS
10
0.1995776377952756
20
1.5791985433070865
11
0.1996111811023622
21
1.5790510236220472
0
LINE
8
BLACK
6
CONTINUOUS
10
0.1996111811023622
20
1.5790510236220472
11
0.1995776377952756
21
1.5785791732283465
0
LINE
8
BLACK
6
CONTINUOUS
10
0.1995776377952756
20
1.5785791732283465
11
0.1995776377952756
21
1.5781056299212599
0
LINE
8
BLACK
6
CONTINUOUS
10
0.1995776377952756
20
1.5781056299212599
11
0.199536968503937
21
1.5780075590551181
0
LINE
8
BLACK
6
CONTINUOUS
10
0.199536968503937
20
1.5780075590551181
11
0.1995294881889764
21
1.577901811023622
0
LINE
8
BLACK
6
CONTINUOUS
10
0.1995294881889764
20
1.577901811023622
11
0.1993179133858268
21
1.5774787007874016
0
LINE
8
BLACK
6
CONTINUOUS
10
0.1993179133858268
20
1.5774787007874016
11
0.1991367322834646
21
1.5770412204724409
0
LINE
8
BLACK
6
CONTINUOUS
10
0.1991367322834646
20
1.5770412204724409
11
0.1990616929133858
21
1.5769662204724408
0
LINE
8
BLACK
6
CONTINUOUS
10
0.1990616929133858
20
1.5769662204724408
11
0.1990142913385827
21
1.5768713385826771
0
LINE
8
BLACK
6
CONTINUOUS
10
0.1990142913385827
20
1.5768713385826771
11
0.198656811023622
21
1.5765613385826771
0
LINE
8
BLACK
6
CONTINUOUS
10
0.198656811023622
20
1.5765613385826771
11
0.1983220866141732
21
1.5762265748031496
0
LINE
8
BLACK
6
CONTINUOUS
10
0.1983220866141732
20
1.5762265748031496
11
0.1982240157480315
21
1.5761859842519685
0
LINE
8
BLACK
6
CONTINUOUS
10
0.1982240157480315
20
1.5761859842519685
11
0.1981438976377953
21
1.5761164566929133
0
LINE
8
BLACK
6
CONTINUOUS
10
0.1981438976377953
20
1.5761164566929133
11
0.1976950393700787
21
1.5759668503937008
0
LINE
8
BLACK
6
CONTINUOUS
10
0.1976950393700787
20
1.5759668503937008
11
0.1972576771653543
21
1.5757856692913386
0
LINE
8
BLACK
6
CONTINUOUS
10
0.1972576771653543
20
1.5757856692913386
11
0.1971070078740157
21
1.5757708661417322
0
LINE
8
BLACK
6
CONTINUOUS
10
0.1971070078740157
20
1.5757708661417322
11
0.197050905511811
21
1.575752125984252
0
LINE
8
BLACK
6
CONTINUOUS
10
0.197050905511811
20
1.575752125984252
11
0.1969731496062992
21
1.5757576771653543
0
LINE
8
BLACK
6
CONTINUOUS
10
0.1969731496062992
20
1.5757576771653543
11
0.1966816141732284
21
1.575728937007874
0
LINE
8
BLACK
6
CONTINUOUS
10
0.1966816141732284
20
1.575728937007874
11
0.1808867322834646
21
1.575728937007874
0
LINE
8
BLACK
6
CONTINUOUS
10
0.1808867322834646
20
1.575728937007874
11
0.1808867322834646
21
1.5655583070866141
0
LINE
8
BLACK
6
CONTINUOUS
10
0.1808867322834646
20
1.5655583070866141
11
0.18083
21
1.5649822440944881
0
LINE
8
BLACK
6
CONTINUOUS
10
0.18083
20
1.5649822440944881
11
0.180389094488189
21
1.5639178346456692
0
LINE
8
BLACK
6
CONTINUOUS
10
0.180389094488189
20
1.5639178346456692
11
0.1795744488188976
21
1.563103188976378
0
LINE
8
BLACK
6
CONTINUOUS
10
0.1795744488188976
20
1.563103188976378
11
0.1785100393700787
21
1.5626622834645669
0
LINE
8
BLACK
6
CONTINUOUS
10
0.1785100393700787
20
1.5626622834645669
11
0.1773579133858268
21
1.5626622834645669
0
LINE
8
BLACK
6
CONTINUOUS
10
0.1773579133858268
20
1.5626622834645669
11
0.1762935039370079
21
1.563103188976378
0
LINE
8
BLACK
6
CONTINUOUS
10
0.1762935039370079
20
1.563103188976378
11
0.1754788582677165
21
1.5639178346456692
0
LINE
8
BLACK
6
CONTINUOUS
10
0.1754788582677165
20
1.5639178346456692
11
0.1750379527559055
21
1.5649822440944881
0
LINE
8
BLACK
6
CONTINUOUS
10
0.1750379527559055
20
1.5649822440944881
11
0.1749812204724409
21
1.5655583070866141
0
LINE
8
BLACK
6
CONTINUOUS
10
0.1749812204724409
20
1.5655583070866141
11
0.1749812204724409
21
1.575728937007874
0
LINE
8
BLACK
6
CONTINUOUS
10
0.1749812204724409
20
1.575728937007874
11
0.1723096850393701
21
1.575728937007874
0
LINE
8
BLACK
6
CONTINUOUS
10
0.1723096850393701
20
1.575728937007874
11
0.1717336220472441
21
1.5757856692913386
0
LINE
8
BLACK
6
CONTINUOUS
10
0.1717336220472441
20
1.5757856692913386
11
0.1706692125984252
21
1.5762265748031496
0
LINE
8
BLACK
6
CONTINUOUS
10
0.1706692125984252
20
1.5762265748031496
11
0.1698545669291339
21
1.5770412204724409
0
LINE
8
BLACK
6
CONTINUOUS
10
0.1698545669291339
20
1.5770412204724409
11
0.1694136614173228
21
1.5781056299212599
0
LINE
8
BLACK
6
CONTINUOUS
10
0.1694136614173228
20
1.5781056299212599
11
0.1694136614173228
21
1.5792577559055119
0
LINE
8
BLACK
6
CONTINUOUS
10
0.1694136614173228
20
1.5792577559055119
11
0.1698545669291339
21
1.5803221653543307
0
LINE
8
BLACK
6
CONTINUOUS
10
0.1698545669291339
20
1.5803221653543307
11
0.1706692125984252
21
1.5811368110236219
0
LINE
8
BLACK
6
CONTINUOUS
10
0.1706692125984252
20
1.5811368110236219
11
0.1717336220472441
21
1.581577716535433
0
LINE
8
BLACK
6
CONTINUOUS
10
0.1717336220472441
20
1.581577716535433
11
0.1723096850393701
21
1.5816344488188976
0
LINE
8
BLACK
6
CONTINUOUS
10
0.1723096850393701
20
1.5816344488188976
11
0.1749812204724409
21
1.5816344488188976
0
LINE
8
BLACK
6
CONTINUOUS
10
0.1749812204724409
20
1.5816344488188976
11
0.1749812204724409
21
1.5918050393700787
0
LINE
8
BLACK
6
CONTINUOUS
10
0.1749812204724409
20
1.5918050393700787
11
0.1750379527559055
21
1.5923811023622048
0
LINE
8
BLACK
6
CONTINUOUS
10
0.1750379527559055
20
1.5923811023622048
11
0.1754788582677165
21
1.5934455118110236
0
LINE
8
BLACK
6
CONTINUOUS
10
0.1754788582677165
20
1.5934455118110236
11
0.1762935039370079
21
1.594260157480315
0
LINE
8
BLACK
6
CONTINUOUS
10
0.1762935039370079
20
1.594260157480315
11
0.1773579133858268
21
1.5947010629921259
0
LINE
8
BLACK
6
CONTINUOUS
10
0.1773579133858268
20
1.5947010629921259
11
0.1785100393700787
21
1.5947010629921259
0
LINE
8
BLACK
6
CONTINUOUS
10
0.1785100393700787
20
1.5947010629921259
11
0.1795744488188976
21
1.594260157480315
0
LINE
8
BLACK
6
CONTINUOUS
10
0.1795744488188976
20
1.594260157480315
11
0.180389094488189
21
1.5934455118110236
0
LINE
8
BLACK
6
CONTINUOUS
10
0.180389094488189
20
1.5934455118110236
11
0.18083
21
1.5923811023622048
0
LINE
8
BLACK
6
CONTINUOUS
10
0.18083
20
1.5923811023622048
11
0.1808867322834646
21
1.5918050393700787
0
LINE
8
BLACK
6
CONTINUOUS
10
0.1808867322834646
20
1.5918050393700787
11
0.1808867322834646
21
1.5816344488188976
0
LINE
8
BLACK
6
CONTINUOUS
10
0.1808867322834646
20
1.5816344488188976
11
0.1925848818897638
21
1.5816344488188976
0
LINE
8
BLACK
6
CONTINUOUS
10
0.1925848818897638
20
1.5816344488188976
11
0.1845065748031496
21
1.6058694094488188
0
LINE
8
BLACK
6
CONTINUOUS
10
0.1845065748031496
20
1.6058694094488188
11
0.1843782283464567
21
1.6064338582677165
0
LINE
8
BLACK
6
CONTINUOUS
10
0.1843782283464567
20
1.6064338582677165
11
0.1844599212598425
21
1.6075830708661416
0
LINE
8
BLACK
6
CONTINUOUS
10
0.1844599212598425
20
1.6075830708661416
11
0.1849751181102362
21
1.6086135039370077
0
LINE
8
BLACK
6
CONTINUOUS
10
0.1849751181102362
20
1.6086135039370077
11
0.1858454724409449
21
1.6093683858267716
0
LINE
8
BLACK
6
CONTINUOUS
10
0.1858454724409449
20
1.6093683858267716
11
0.1869385039370079
21
1.6097327165354329
0
LINE
8
BLACK
6
CONTINUOUS
10
0.1869385039370079
20
1.6097327165354329
11
0.1880877165354331
21
1.6096510236220472
0
CIRCLE
8
BLACK
10
0.
20
1.9775590551181101
40
0.0068897637795276
0
CIRCLE
8
BLACK
10
1.2
20
0.0031496062992126
40
0.0068897637795276
0
CIRCLE
8
BLACK
10
0.
20
0.0031496062992126
40
0.0068897637795276
0
CIRCLE
8
BLACK
10
1.2
20
1.9775590551181101
40
0.0068897637795276
0
CIRCLE
8
BLACK
10
0.889763779527559
20
2.0283464566929132
40
0.0068897637795276
0
CIRCLE
8
BLACK
10
0.889763779527559
20
1.9283464566929134
40
0.0068897637795276
0
CIRCLE
8
BLACK
10
0.7897637795275591
20
2.0283464566929132
40
0.0068897637795276
0
CIRCLE
8
BLACK
10
0.7897637795275591
20
1.9283464566929134
40
0.0068897637795276
0
CIRCLE
8
BLACK
10
0.6897637795275591
20
2.0283464566929132
40
0.0068897637795276
0
CIRCLE
8
BLACK
10
0.6897637795275591
20
1.9283464566929134
40
0.0068897637795276
0
CIRCLE
8
BLACK
10
0.5897637795275591
20
2.0283464566929132
40
0.0068897637795276
0
CIRCLE
8
BLACK
10
0.5897637795275591
20
1.9283464566929134
40
0.0068897637795276
0
CIRCLE
8
BLACK
10
0.4897637795275591
20
2.0283464566929132
40
0.0068897637795276
0
CIRCLE
8
BLACK
10
0.4897637795275591
20
1.9283464566929134
40
0.0068897637795276
0
CIRCLE
8
BLACK
10
0.389763779527559
20
2.0283464566929132
40
0.0068897637795276
0
CIRCLE
8
BLACK
10
0.389763779527559
20
1.9283464566929134
40
0.0068897637795276
0
CIRCLE
8
BLACK
10
0.2897637795275591
20
2.0283464566929132
40
0.0068897637795276
0
CIRCLE
8
BLACK
10
0.2897637795275591
20
1.9283464566929134
40
0.0068897637795276
0
CIRCLE
8
BLACK
10
0.
20
1.9775590551181101
40
0.0068897637795276
0
CIRCLE
8
BLACK
10
1.2
20
0.0031496062992126
40
0.0068897637795276
0
CIRCLE
8
BLACK
10
0.
20
0.0031496062992126
40
0.0068897637795276
0
CIRCLE
8
BLACK
10
1.2
20
1.9775590551181101
40
0.0068897637795276
0
CIRCLE
8
BLACK
10
0.889763779527559
20
2.0283464566929132
40
0.0068897637795276
0
CIRCLE
8
BLACK
10
0.889763779527559
20
1.9283464566929134
40
0.0068897637795276
0
CIRCLE
8
BLACK
10
0.7897637795275591
20
2.0283464566929132
40
0.0068897637795276
0
CIRCLE
8
BLACK
10
0.7897637795275591
20
1.9283464566929134
40
0.0068897637795276
0
CIRCLE
8
BLACK
10
0.6897637795275591
20
2.0283464566929132
40
0.0068897637795276
0
CIRCLE
8
BLACK
10
0.6897637795275591
20
1.9283464566929134
40
0.0068897637795276
0
CIRCLE
8
BLACK
10
0.5897637795275591
20
2.0283464566929132
40
0.0068897637795276
0
CIRCLE
8
BLACK
10
0.5897637795275591
20
1.9283464566929134
40
0.0068897637795276
0
CIRCLE
8
BLACK
10
0.4897637795275591
20
2.0283464566929132
40
0.0068897637795276
0
CIRCLE
8
BLACK
10
0.4897637795275591
20
1.9283464566929134
40
0.0068897637795276
0
CIRCLE
8
BLACK
10
0.389763779527559
20
2.0283464566929132
40
0.0068897637795276
0
CIRCLE
8
BLACK
10
0.389763779527559
20
1.9283464566929134
40
0.0068897637795276
0
CIRCLE
8
BLACK
10
0.2897637795275591
20
2.0283464566929132
40
0.0068897637795276
0
CIRCLE
8
BLACK
10
0.2897637795275591
20
1.9283464566929134
40
0.0068897637795276
  0
ENDSEC
  0
EOF
