  0
SECTION
  2
HEADER
  9
$ANGBASE
  50
0.0
  9
$ANGDIR
  70
1
  9
$MEASUREMENT
  70
0
  0
ENDSEC
  0
SECTION
  2
TABLES
  0
TABLE
  2
LTYPE
  70
4
  0
LTYPE
  5
40F
  2
CONTINUOUS
  70
0
  3
Solid line
  72
65
  73
0
  40
0.0
  0
LTYPE
  5
410
  2
DASHDOT
 70
0
  3
Dash Dot ____ _ ____ _
 72
65
 73
4
 40
2.0
 49
1.25
 49
-0.25
 49
0.25
 49
-0.25
  0
LTYPE
  5
411
  2
DASHED
 70
0
  3
Dashed __ __ __ __ __
 72
65
 73
2
 40
0.75
 49
0.5
 49
-0.25
  0
LTYPE
  5
43B
  2
DOTTED
 70
0
  3
Dotted .  .  .  .
 72
65
 73
2
 40
0.2
 49
0.0
 49
-0.2
  0
ENDTAB
  0
TABLE
  2
STYLE
  70
4
  0
STYLE
  2
KICAD
  70
0
  40
0
  41
1
  42
1
  50
0
  71
0
  3
isocp.shx
  0
STYLE
  2
KICADB
  70
0
  40
0
  41
1
  42
1
  50
0
  71
0
  3
isocp.shx
  0
STYLE
  2
KICADI
  70
0
  40
0
  41
1
  42
1
  50
15
  71
0
  3
isocp.shx
  0
STYLE
  2
KICADBI
  70
0
  40
0
  41
1
  42
1
  50
15
  71
0
  3
isocp.shx
  0
ENDTAB
  0
TABLE
  2
LAYER
  70
1
  0
LAYER
  2
BLACK
  70
0
  62
7
  6
CONTINUOUS
  0
ENDTAB
  0
ENDSEC
  0
SECTION
  2
ENTITIES
0
LINE
8
BLACK
6
CONTINUOUS
10
0.0210387795275591
20
0.1238253937007874
11
0.0347705511811024
21
0.1206912204724409
0
LINE
8
BLACK
6
CONTINUOUS
10
0.0347705511811024
20
0.1206912204724409
11
0.0480650393700787
21
0.1160392519685039
0
LINE
8
BLACK
6
CONTINUOUS
10
0.0480650393700787
20
0.1160392519685039
11
0.0607550787401575
21
0.1099280708661417
0
LINE
8
BLACK
6
CONTINUOUS
10
0.0607550787401575
20
0.1099280708661417
11
0.0726811023622047
21
0.1024344488188976
0
LINE
8
BLACK
6
CONTINUOUS
10
0.0726811023622047
20
0.1024344488188976
11
0.0836931496062992
21
0.0936526377952756
0
LINE
8
BLACK
6
CONTINUOUS
10
0.0836931496062992
20
0.0936526377952756
11
0.0936526377952756
21
0.0836931496062992
0
LINE
8
BLACK
6
CONTINUOUS
10
0.0936526377952756
20
0.0836931496062992
11
0.1024344488188976
21
0.0726811023622047
0
LINE
8
BLACK
6
CONTINUOUS
10
0.1024344488188976
20
0.0726811023622047
11
0.1099280708661417
21
0.0607550787401575
0
LINE
8
BLACK
6
CONTINUOUS
10
0.1099280708661417
20
0.0607550787401575
11
0.1160392519685039
21
0.0480650393700787
0
LINE
8
BLACK
6
CONTINUOUS
10
0.1160392519685039
20
0.0480650393700787
11
0.1206912204724409
21
0.0347705511811024
0
LINE
8
BLACK
6
CONTINUOUS
10
0.1206912204724409
20
0.0347705511811024
11
0.1238253937007874
21
0.0210387795275591
0
LINE
8
BLACK
6
CONTINUOUS
10
0.1238253937007874
20
0.0210387795275591
11
0.1254024015748031
21
0.0070424409448819
0
LINE
8
BLACK
6
CONTINUOUS
10
0.1254024015748031
20
0.0070424409448819
11
0.1254024015748031
21
-0.0070424409448819
0
LINE
8
BLACK
6
CONTINUOUS
10
0.1254024015748031
20
-0.0070424409448819
11
0.1238253937007874
21
-0.0210387795275591
0
LINE
8
BLACK
6
CONTINUOUS
10
0.1238253937007874
20
-0.0210387795275591
11
0.1206912204724409
21
-0.0347705511811024
0
LINE
8
BLACK
6
CONTINUOUS
10
0.1206912204724409
20
-0.0347705511811024
11
0.1160392519685039
21
-0.0480650393700787
0
LINE
8
BLACK
6
CONTINUOUS
10
0.1160392519685039
20
-0.0480650393700787
11
0.1099280708661417
21
-0.0607550787401575
0
LINE
8
BLACK
6
CONTINUOUS
10
0.1099280708661417
20
-0.0607550787401575
11
0.1024344488188976
21
-0.0726811023622047
0
LINE
8
BLACK
6
CONTINUOUS
10
0.1024344488188976
20
-0.0726811023622047
11
0.0936526377952756
21
-0.0836931496062992
0
LINE
8
BLACK
6
CONTINUOUS
10
0.0936526377952756
20
-0.0836931496062992
11
0.0836931496062992
21
-0.0936526377952756
0
LINE
8
BLACK
6
CONTINUOUS
10
0.0836931496062992
20
-0.0936526377952756
11
0.0726811023622047
21
-0.1024344488188976
0
LINE
8
BLACK
6
CONTINUOUS
10
0.0726811023622047
20
-0.1024344488188976
11
0.0607550787401575
21
-0.1099280708661417
0
LINE
8
BLACK
6
CONTINUOUS
10
0.0607550787401575
20
-0.1099280708661417
11
0.0480650393700787
21
-0.1160392519685039
0
LINE
8
BLACK
6
CONTINUOUS
10
0.0480650393700787
20
-0.1160392519685039
11
0.0347705511811024
21
-0.1206912204724409
0
LINE
8
BLACK
6
CONTINUOUS
10
0.0347705511811024
20
-0.1206912204724409
11
0.0210387795275591
21
-0.1238253937007874
0
LINE
8
BLACK
6
CONTINUOUS
10
0.0210387795275591
20
-0.1238253937007874
11
0.0070424409448819
21
-0.1254024015748031
0
LINE
8
BLACK
6
CONTINUOUS
10
0.0070424409448819
20
-0.1254024015748031
11
-0.0070424409448819
21
-0.1254024015748031
0
LINE
8
BLACK
6
CONTINUOUS
10
-0.0070424409448819
20
-0.1254024015748031
11
-0.0210387795275591
21
-0.1238253937007874
0
LINE
8
BLACK
6
CONTINUOUS
10
-0.0210387795275591
20
-0.1238253937007874
11
-0.0347705511811024
21
-0.1206912204724409
0
LINE
8
BLACK
6
CONTINUOUS
10
-0.0347705511811024
20
-0.1206912204724409
11
-0.0480650393700787
21
-0.1160392519685039
0
LINE
8
BLACK
6
CONTINUOUS
10
-0.0480650393700787
20
-0.1160392519685039
11
-0.0607550787401575
21
-0.1099280708661417
0
LINE
8
BLACK
6
CONTINUOUS
10
-0.0607550787401575
20
-0.1099280708661417
11
-0.0726811023622047
21
-0.1024344488188976
0
LINE
8
BLACK
6
CONTINUOUS
10
-0.0726811023622047
20
-0.1024344488188976
11
-0.0836931496062992
21
-0.0936526377952756
0
LINE
8
BLACK
6
CONTINUOUS
10
-0.0836931496062992
20
-0.0936526377952756
11
-0.0936526377952756
21
-0.0836931496062992
0
LINE
8
BLACK
6
CONTINUOUS
10
-0.0936526377952756
20
-0.0836931496062992
11
-0.1024344488188976
21
-0.0726811023622047
0
LINE
8
BLACK
6
CONTINUOUS
10
-0.1024344488188976
20
-0.0726811023622047
11
-0.1099280708661417
21
-0.0607550787401575
0
LINE
8
BLACK
6
CONTINUOUS
10
-0.1099280708661417
20
-0.0607550787401575
11
-0.1160392519685039
21
-0.0480650393700787
0
LINE
8
BLACK
6
CONTINUOUS
10
-0.1160392519685039
20
-0.0480650393700787
11
-0.1206912204724409
21
-0.0347705511811024
0
LINE
8
BLACK
6
CONTINUOUS
10
-0.1206912204724409
20
-0.0347705511811024
11
-0.1238253937007874
21
-0.0210387795275591
0
LINE
8
BLACK
6
CONTINUOUS
10
-0.1238253937007874
20
-0.0210387795275591
11
-0.1254024015748031
21
-0.0070424409448819
0
LINE
8
BLACK
6
CONTINUOUS
10
-0.1254024015748031
20
-0.0070424409448819
11
-0.1254024015748031
21
0.0062111811023622
0
LINE
8
BLACK
6
CONTINUOUS
10
-0.1254024015748031
20
0.0062111811023622
11
-0.1254024015748031
21
0.0070424409448819
0
LINE
8
BLACK
6
CONTINUOUS
10
-0.1254024015748031
20
0.0070424409448819
11
-0.1238253937007874
21
0.0210387795275591
0
LINE
8
BLACK
6
CONTINUOUS
10
-0.1238253937007874
20
0.0210387795275591
11
-0.1206912204724409
21
0.0347705511811024
0
LINE
8
BLACK
6
CONTINUOUS
10
-0.1206912204724409
20
0.0347705511811024
11
-0.1160392519685039
21
0.0480650393700787
0
LINE
8
BLACK
6
CONTINUOUS
10
-0.1160392519685039
20
0.0480650393700787
11
-0.1099280708661417
21
0.0607550787401575
0
LINE
8
BLACK
6
CONTINUOUS
10
-0.1099280708661417
20
0.0607550787401575
11
-0.1024344488188976
21
0.0726811023622047
0
LINE
8
BLACK
6
CONTINUOUS
10
-0.1024344488188976
20
0.0726811023622047
11
-0.0936526377952756
21
0.0836931496062992
0
LINE
8
BLACK
6
CONTINUOUS
10
-0.0936526377952756
20
0.0836931496062992
11
-0.0836931496062992
21
0.0936526377952756
0
LINE
8
BLACK
6
CONTINUOUS
10
-0.0836931496062992
20
0.0936526377952756
11
-0.0726811023622047
21
0.1024344488188976
0
LINE
8
BLACK
6
CONTINUOUS
10
-0.0726811023622047
20
0.1024344488188976
11
-0.0607550787401575
21
0.1099280708661417
0
LINE
8
BLACK
6
CONTINUOUS
10
-0.0607550787401575
20
0.1099280708661417
11
-0.0480650393700787
21
0.1160392519685039
0
LINE
8
BLACK
6
CONTINUOUS
10
-0.0480650393700787
20
0.1160392519685039
11
-0.0347705511811024
21
0.1206912204724409
0
LINE
8
BLACK
6
CONTINUOUS
10
-0.0347705511811024
20
0.1206912204724409
11
-0.0210387795275591
21
0.1238253937007874
0
LINE
8
BLACK
6
CONTINUOUS
10
-0.0210387795275591
20
0.1238253937007874
11
-0.0070424409448819
21
0.1254024015748031
0
LINE
8
BLACK
6
CONTINUOUS
10
-0.0070424409448819
20
0.1254024015748031
11
0.0070424409448819
21
0.1254024015748031
0
LINE
8
BLACK
6
CONTINUOUS
10
0.0070424409448819
20
0.1254024015748031
11
0.0210387795275591
21
0.1238253937007874
0
LINE
8
BLACK
6
CONTINUOUS
10
-0.1106
20
-0.0062111811023622
11
-0.1092091338582677
21
-0.0185553937007874
0
LINE
8
BLACK
6
CONTINUOUS
10
-0.1092091338582677
20
-0.0185553937007874
11
-0.1064448818897638
21
-0.0306662598425197
0
LINE
8
BLACK
6
CONTINUOUS
10
-0.1064448818897638
20
-0.0306662598425197
11
-0.1023420472440945
21
-0.0423914566929134
0
LINE
8
BLACK
6
CONTINUOUS
10
-0.1023420472440945
20
-0.0423914566929134
11
-0.0969522047244094
21
-0.0535835826771654
0
LINE
8
BLACK
6
CONTINUOUS
10
-0.0969522047244094
20
-0.0535835826771654
11
-0.0903431496062992
21
-0.0641018897637795
0
LINE
8
BLACK
6
CONTINUOUS
10
-0.0903431496062992
20
-0.0641018897637795
11
-0.0825979527559055
21
-0.0738140551181102
0
LINE
8
BLACK
6
CONTINUOUS
10
-0.0825979527559055
20
-0.0738140551181102
11
-0.0738140551181102
21
-0.0825979527559055
0
LINE
8
BLACK
6
CONTINUOUS
10
-0.0738140551181102
20
-0.0825979527559055
11
-0.0641018897637795
21
-0.0903431496062992
0
LINE
8
BLACK
6
CONTINUOUS
10
-0.0641018897637795
20
-0.0903431496062992
11
-0.0535835826771654
21
-0.0969522047244094
0
LINE
8
BLACK
6
CONTINUOUS
10
-0.0535835826771654
20
-0.0969522047244094
11
-0.0423914566929134
21
-0.1023420472440945
0
LINE
8
BLACK
6
CONTINUOUS
10
-0.0423914566929134
20
-0.1023420472440945
11
-0.0306662598425197
21
-0.1064448818897638
0
LINE
8
BLACK
6
CONTINUOUS
10
-0.0306662598425197
20
-0.1064448818897638
11
-0.0185553937007874
21
-0.1092091338582677
0
LINE
8
BLACK
6
CONTINUOUS
10
-0.0185553937007874
20
-0.1092091338582677
11
-0.0062111811023622
21
-0.1106
0
LINE
8
BLACK
6
CONTINUOUS
10
-0.0062111811023622
20
-0.1106
11
0.0062111811023622
21
-0.1106
0
LINE
8
BLACK
6
CONTINUOUS
10
0.0062111811023622
20
-0.1106
11
0.0185553937007874
21
-0.1092091338582677
0
LINE
8
BLACK
6
CONTINUOUS
10
0.0185553937007874
20
-0.1092091338582677
11
0.0306662598425197
21
-0.1064448818897638
0
LINE
8
BLACK
6
CONTINUOUS
10
0.0306662598425197
20
-0.1064448818897638
11
0.0423914566929134
21
-0.1023420472440945
0
LINE
8
BLACK
6
CONTINUOUS
10
0.0423914566929134
20
-0.1023420472440945
11
0.0535835826771654
21
-0.0969522047244094
0
LINE
8
BLACK
6
CONTINUOUS
10
0.0535835826771654
20
-0.0969522047244094
11
0.0641018897637795
21
-0.0903431496062992
0
LINE
8
BLACK
6
CONTINUOUS
10
0.0641018897637795
20
-0.0903431496062992
11
0.0738140551181102
21
-0.0825979527559055
0
LINE
8
BLACK
6
CONTINUOUS
10
0.0738140551181102
20
-0.0825979527559055
11
0.0825979527559055
21
-0.0738140551181102
0
LINE
8
BLACK
6
CONTINUOUS
10
0.0825979527559055
20
-0.0738140551181102
11
0.0903431496062992
21
-0.0641018897637795
0
LINE
8
BLACK
6
CONTINUOUS
10
0.0903431496062992
20
-0.0641018897637795
11
0.0969522047244094
21
-0.0535835826771654
0
LINE
8
BLACK
6
CONTINUOUS
10
0.0969522047244094
20
-0.0535835826771654
11
0.1023420472440945
21
-0.0423914566929134
0
LINE
8
BLACK
6
CONTINUOUS
10
0.1023420472440945
20
-0.0423914566929134
11
0.1064448818897638
21
-0.0306662598425197
0
LINE
8
BLACK
6
CONTINUOUS
10
0.1064448818897638
20
-0.0306662598425197
11
0.1092091338582677
21
-0.0185553937007874
0
LINE
8
BLACK
6
CONTINUOUS
10
0.1092091338582677
20
-0.0185553937007874
11
0.1106
21
-0.0062111811023622
0
LINE
8
BLACK
6
CONTINUOUS
10
0.1106
20
-0.0062111811023622
11
0.1106
21
0.0062111811023622
0
LINE
8
BLACK
6
CONTINUOUS
10
0.1106
20
0.0062111811023622
11
0.1092091338582677
21
0.0185553937007874
0
LINE
8
BLACK
6
CONTINUOUS
10
0.1092091338582677
20
0.0185553937007874
11
0.1064448818897638
21
0.0306662598425197
0
LINE
8
BLACK
6
CONTINUOUS
10
0.1064448818897638
20
0.0306662598425197
11
0.1023420472440945
21
0.0423914566929134
0
LINE
8
BLACK
6
CONTINUOUS
10
0.1023420472440945
20
0.0423914566929134
11
0.0969522047244094
21
0.0535835826771654
0
LINE
8
BLACK
6
CONTINUOUS
10
0.0969522047244094
20
0.0535835826771654
11
0.0903431496062992
21
0.0641018897637795
0
LINE
8
BLACK
6
CONTINUOUS
10
0.0903431496062992
20
0.0641018897637795
11
0.0825979527559055
21
0.0738140551181102
0
LINE
8
BLACK
6
CONTINUOUS
10
0.0825979527559055
20
0.0738140551181102
11
0.0738140551181102
21
0.0825979527559055
0
LINE
8
BLACK
6
CONTINUOUS
10
0.0738140551181102
20
0.0825979527559055
11
0.0641018897637795
21
0.0903431496062992
0
LINE
8
BLACK
6
CONTINUOUS
10
0.0641018897637795
20
0.0903431496062992
11
0.0535835826771654
21
0.0969522047244094
0
LINE
8
BLACK
6
CONTINUOUS
10
0.0535835826771654
20
0.0969522047244094
11
0.0423914566929134
21
0.1023420472440945
0
LINE
8
BLACK
6
CONTINUOUS
10
0.0423914566929134
20
0.1023420472440945
11
0.0306662598425197
21
0.1064448818897638
0
LINE
8
BLACK
6
CONTINUOUS
10
0.0306662598425197
20
0.1064448818897638
11
0.0185553937007874
21
0.1092091338582677
0
LINE
8
BLACK
6
CONTINUOUS
10
0.0185553937007874
20
0.1092091338582677
11
0.0062111811023622
21
0.1106
0
LINE
8
BLACK
6
CONTINUOUS
10
0.0062111811023622
20
0.1106
11
-0.0062111811023622
21
0.1106
0
LINE
8
BLACK
6
CONTINUOUS
10
-0.0062111811023622
20
0.1106
11
-0.0185553937007874
21
0.1092091338582677
0
LINE
8
BLACK
6
CONTINUOUS
10
-0.0185553937007874
20
0.1092091338582677
11
-0.0306662598425197
21
0.1064448818897638
0
LINE
8
BLACK
6
CONTINUOUS
10
-0.0306662598425197
20
0.1064448818897638
11
-0.0423914566929134
21
0.1023420472440945
0
LINE
8
BLACK
6
CONTINUOUS
10
-0.0423914566929134
20
0.1023420472440945
11
-0.0535835826771654
21
0.0969522047244094
0
LINE
8
BLACK
6
CONTINUOUS
10
-0.0535835826771654
20
0.0969522047244094
11
-0.0641018897637795
21
0.0903431496062992
0
LINE
8
BLACK
6
CONTINUOUS
10
-0.0641018897637795
20
0.0903431496062992
11
-0.0738140551181102
21
0.0825979527559055
0
LINE
8
BLACK
6
CONTINUOUS
10
-0.0738140551181102
20
0.0825979527559055
11
-0.0825979527559055
21
0.0738140551181102
0
LINE
8
BLACK
6
CONTINUOUS
10
-0.0825979527559055
20
0.0738140551181102
11
-0.0903431496062992
21
0.0641018897637795
0
LINE
8
BLACK
6
CONTINUOUS
10
-0.0903431496062992
20
0.0641018897637795
11
-0.0969522047244094
21
0.0535835826771654
0
LINE
8
BLACK
6
CONTINUOUS
10
-0.0969522047244094
20
0.0535835826771654
11
-0.1023420472440945
21
0.0423914566929134
0
LINE
8
BLACK
6
CONTINUOUS
10
-0.1023420472440945
20
0.0423914566929134
11
-0.1064448818897638
21
0.0306662598425197
0
LINE
8
BLACK
6
CONTINUOUS
10
-0.1064448818897638
20
0.0306662598425197
11
-0.1092091338582677
21
0.0185553937007874
0
LINE
8
BLACK
6
CONTINUOUS
10
-0.1092091338582677
20
0.0185553937007874
11
-0.1106
21
0.0062111811023622
0
LINE
8
BLACK
6
CONTINUOUS
10
-0.1106
20
0.0062111811023622
11
-0.1106
21
-0.0062111811023622
0
LINE
8
BLACK
6
CONTINUOUS
10
1.221038779527559
20
0.1238253937007874
11
1.2347705511811022
21
0.1206912204724409
0
LINE
8
BLACK
6
CONTINUOUS
10
1.2347705511811022
20
0.1206912204724409
11
1.2480650393700787
21
0.1160392519685039
0
LINE
8
BLACK
6
CONTINUOUS
10
1.2480650393700787
20
0.1160392519685039
11
1.2607550787401574
21
0.1099280708661417
0
LINE
8
BLACK
6
CONTINUOUS
10
1.2607550787401574
20
0.1099280708661417
11
1.2726811023622047
21
0.1024344488188976
0
LINE
8
BLACK
6
CONTINUOUS
10
1.2726811023622047
20
0.1024344488188976
11
1.2836931496062991
21
0.0936526377952756
0
LINE
8
BLACK
6
CONTINUOUS
10
1.2836931496062991
20
0.0936526377952756
11
1.2936526377952755
21
0.0836931496062992
0
LINE
8
BLACK
6
CONTINUOUS
10
1.2936526377952755
20
0.0836931496062992
11
1.3024344488188977
21
0.0726811023622047
0
LINE
8
BLACK
6
CONTINUOUS
10
1.3024344488188977
20
0.0726811023622047
11
1.3099280708661416
21
0.0607550787401575
0
LINE
8
BLACK
6
CONTINUOUS
10
1.3099280708661416
20
0.0607550787401575
11
1.3160392519685038
21
0.0480650393700787
0
LINE
8
BLACK
6
CONTINUOUS
10
1.3160392519685038
20
0.0480650393700787
11
1.3206912204724408
21
0.0347705511811024
0
LINE
8
BLACK
6
CONTINUOUS
10
1.3206912204724408
20
0.0347705511811024
11
1.3238253937007873
21
0.0210387795275591
0
LINE
8
BLACK
6
CONTINUOUS
10
1.3238253937007873
20
0.0210387795275591
11
1.3254024015748032
21
0.0070424409448819
0
LINE
8
BLACK
6
CONTINUOUS
10
1.3254024015748032
20
0.0070424409448819
11
1.3254024015748032
21
-0.0070424409448819
0
LINE
8
BLACK
6
CONTINUOUS
10
1.3254024015748032
20
-0.0070424409448819
11
1.3238253937007873
21
-0.0210387795275591
0
LINE
8
BLACK
6
CONTINUOUS
10
1.3238253937007873
20
-0.0210387795275591
11
1.3206912204724408
21
-0.0347705511811024
0
LINE
8
BLACK
6
CONTINUOUS
10
1.3206912204724408
20
-0.0347705511811024
11
1.3160392519685038
21
-0.0480650393700787
0
LINE
8
BLACK
6
CONTINUOUS
10
1.3160392519685038
20
-0.0480650393700787
11
1.3099280708661416
21
-0.0607550787401575
0
LINE
8
BLACK
6
CONTINUOUS
10
1.3099280708661416
20
-0.0607550787401575
11
1.3024344488188977
21
-0.0726811023622047
0
LINE
8
BLACK
6
CONTINUOUS
10
1.3024344488188977
20
-0.0726811023622047
11
1.2936526377952755
21
-0.0836931496062992
0
LINE
8
BLACK
6
CONTINUOUS
10
1.2936526377952755
20
-0.0836931496062992
11
1.2836931496062991
21
-0.0936526377952756
0
LINE
8
BLACK
6
CONTINUOUS
10
1.2836931496062991
20
-0.0936526377952756
11
1.2726811023622047
21
-0.1024344488188976
0
LINE
8
BLACK
6
CONTINUOUS
10
1.2726811023622047
20
-0.1024344488188976
11
1.2607550787401574
21
-0.1099280708661417
0
LINE
8
BLACK
6
CONTINUOUS
10
1.2607550787401574
20
-0.1099280708661417
11
1.2480650393700787
21
-0.1160392519685039
0
LINE
8
BLACK
6
CONTINUOUS
10
1.2480650393700787
20
-0.1160392519685039
11
1.2347705511811022
21
-0.1206912204724409
0
LINE
8
BLACK
6
CONTINUOUS
10
1.2347705511811022
20
-0.1206912204724409
11
1.221038779527559
21
-0.1238253937007874
0
LINE
8
BLACK
6
CONTINUOUS
10
1.221038779527559
20
-0.1238253937007874
11
1.2070424409448819
21
-0.1254024015748031
0
LINE
8
BLACK
6
CONTINUOUS
10
1.2070424409448819
20
-0.1254024015748031
11
1.192957559055118
21
-0.1254024015748031
0
LINE
8
BLACK
6
CONTINUOUS
10
1.192957559055118
20
-0.1254024015748031
11
1.1789612204724409
21
-0.1238253937007874
0
LINE
8
BLACK
6
CONTINUOUS
10
1.1789612204724409
20
-0.1238253937007874
11
1.1652294488188977
21
-0.1206912204724409
0
LINE
8
BLACK
6
CONTINUOUS
10
1.1652294488188977
20
-0.1206912204724409
11
1.1519349606299212
21
-0.1160392519685039
0
LINE
8
BLACK
6
CONTINUOUS
10
1.1519349606299212
20
-0.1160392519685039
11
1.1392449212598426
21
-0.1099280708661417
0
LINE
8
BLACK
6
CONTINUOUS
10
1.1392449212598426
20
-0.1099280708661417
11
1.1273188976377952
21
-0.1024344488188976
0
LINE
8
BLACK
6
CONTINUOUS
10
1.1273188976377952
20
-0.1024344488188976
11
1.1163068503937008
21
-0.0936526377952756
0
LINE
8
BLACK
6
CONTINUOUS
10
1.1163068503937008
20
-0.0936526377952756
11
1.1063473622047244
21
-0.0836931496062992
0
LINE
8
BLACK
6
CONTINUOUS
10
1.1063473622047244
20
-0.0836931496062992
11
1.0975655511811024
21
-0.0726811023622047
0
LINE
8
BLACK
6
CONTINUOUS
10
1.0975655511811024
20
-0.0726811023622047
11
1.0900719291338583
21
-0.0607550787401575
0
LINE
8
BLACK
6
CONTINUOUS
10
1.0900719291338583
20
-0.0607550787401575
11
1.0839607480314961
21
-0.0480650393700787
0
LINE
8
BLACK
6
CONTINUOUS
10
1.0839607480314961
20
-0.0480650393700787
11
1.0793087795275591
21
-0.0347705511811024
0
LINE
8
BLACK
6
CONTINUOUS
10
1.0793087795275591
20
-0.0347705511811024
11
1.0761746062992126
21
-0.0210387795275591
0
LINE
8
BLACK
6
CONTINUOUS
10
1.0761746062992126
20
-0.0210387795275591
11
1.0745975984251968
21
-0.0070424409448819
0
LINE
8
BLACK
6
CONTINUOUS
10
1.0745975984251968
20
-0.0070424409448819
11
1.0745975984251968
21
0.0062111811023622
0
LINE
8
BLACK
6
CONTINUOUS
10
1.0745975984251968
20
0.0062111811023622
11
1.0745975984251968
21
0.0070424409448819
0
LINE
8
BLACK
6
CONTINUOUS
10
1.0745975984251968
20
0.0070424409448819
11
1.0761746062992126
21
0.0210387795275591
0
LINE
8
BLACK
6
CONTINUOUS
10
1.0761746062992126
20
0.0210387795275591
11
1.0793087795275591
21
0.0347705511811024
0
LINE
8
BLACK
6
CONTINUOUS
10
1.0793087795275591
20
0.0347705511811024
11
1.0839607480314961
21
0.0480650393700787
0
LINE
8
BLACK
6
CONTINUOUS
10
1.0839607480314961
20
0.0480650393700787
11
1.0900719291338583
21
0.0607550787401575
0
LINE
8
BLACK
6
CONTINUOUS
10
1.0900719291338583
20
0.0607550787401575
11
1.0975655511811024
21
0.0726811023622047
0
LINE
8
BLACK
6
CONTINUOUS
10
1.0975655511811024
20
0.0726811023622047
11
1.1063473622047244
21
0.0836931496062992
0
LINE
8
BLACK
6
CONTINUOUS
10
1.1063473622047244
20
0.0836931496062992
11
1.1163068503937008
21
0.0936526377952756
0
LINE
8
BLACK
6
CONTINUOUS
10
1.1163068503937008
20
0.0936526377952756
11
1.1273188976377952
21
0.1024344488188976
0
LINE
8
BLACK
6
CONTINUOUS
10
1.1273188976377952
20
0.1024344488188976
11
1.1392449212598426
21
0.1099280708661417
0
LINE
8
BLACK
6
CONTINUOUS
10
1.1392449212598426
20
0.1099280708661417
11
1.1519349606299212
21
0.1160392519685039
0
LINE
8
BLACK
6
CONTINUOUS
10
1.1519349606299212
20
0.1160392519685039
11
1.1652294488188977
21
0.1206912204724409
0
LINE
8
BLACK
6
CONTINUOUS
10
1.1652294488188977
20
0.1206912204724409
11
1.1789612204724409
21
0.1238253937007874
0
LINE
8
BLACK
6
CONTINUOUS
10
1.1789612204724409
20
0.1238253937007874
11
1.192957559055118
21
0.1254024015748031
0
LINE
8
BLACK
6
CONTINUOUS
10
1.192957559055118
20
0.1254024015748031
11
1.2070424409448819
21
0.1254024015748031
0
LINE
8
BLACK
6
CONTINUOUS
10
1.2070424409448819
20
0.1254024015748031
11
1.221038779527559
21
0.1238253937007874
0
LINE
8
BLACK
6
CONTINUOUS
10
1.0893999999999999
20
-0.0062111811023622
11
1.0907908661417323
21
-0.0185553937007874
0
LINE
8
BLACK
6
CONTINUOUS
10
1.0907908661417323
20
-0.0185553937007874
11
1.0935551181102361
21
-0.0306662598425197
0
LINE
8
BLACK
6
CONTINUOUS
10
1.0935551181102361
20
-0.0306662598425197
11
1.0976579527559054
21
-0.0423914566929134
0
LINE
8
BLACK
6
CONTINUOUS
10
1.0976579527559054
20
-0.0423914566929134
11
1.1030477952755906
21
-0.0535835826771654
0
LINE
8
BLACK
6
CONTINUOUS
10
1.1030477952755906
20
-0.0535835826771654
11
1.1096568503937008
21
-0.0641018897637795
0
LINE
8
BLACK
6
CONTINUOUS
10
1.1096568503937008
20
-0.0641018897637795
11
1.1174020472440944
21
-0.0738140551181102
0
LINE
8
BLACK
6
CONTINUOUS
10
1.1174020472440944
20
-0.0738140551181102
11
1.1261859448818898
21
-0.0825979527559055
0
LINE
8
BLACK
6
CONTINUOUS
10
1.1261859448818898
20
-0.0825979527559055
11
1.1358981102362204
21
-0.0903431496062992
0
LINE
8
BLACK
6
CONTINUOUS
10
1.1358981102362204
20
-0.0903431496062992
11
1.1464164173228346
21
-0.0969522047244094
0
LINE
8
BLACK
6
CONTINUOUS
10
1.1464164173228346
20
-0.0969522047244094
11
1.1576085433070866
21
-0.1023420472440945
0
LINE
8
BLACK
6
CONTINUOUS
10
1.1576085433070866
20
-0.1023420472440945
11
1.1693337401574804
21
-0.1064448818897638
0
LINE
8
BLACK
6
CONTINUOUS
10
1.1693337401574804
20
-0.1064448818897638
11
1.1814446062992126
21
-0.1092091338582677
0
LINE
8
BLACK
6
CONTINUOUS
10
1.1814446062992126
20
-0.1092091338582677
11
1.1937888188976378
21
-0.1106
0
LINE
8
BLACK
6
CONTINUOUS
10
1.1937888188976378
20
-0.1106
11
1.2062111811023621
21
-0.1106
0
LINE
8
BLACK
6
CONTINUOUS
10
1.2062111811023621
20
-0.1106
11
1.2185553937007874
21
-0.1092091338582677
0
LINE
8
BLACK
6
CONTINUOUS
10
1.2185553937007874
20
-0.1092091338582677
11
1.2306662598425198
21
-0.1064448818897638
0
LINE
8
BLACK
6
CONTINUOUS
10
1.2306662598425198
20
-0.1064448818897638
11
1.2423914566929133
21
-0.1023420472440945
0
LINE
8
BLACK
6
CONTINUOUS
10
1.2423914566929133
20
-0.1023420472440945
11
1.2535835826771653
21
-0.0969522047244094
0
LINE
8
BLACK
6
CONTINUOUS
10
1.2535835826771653
20
-0.0969522047244094
11
1.2641018897637795
21
-0.0903431496062992
0
LINE
8
BLACK
6
CONTINUOUS
10
1.2641018897637795
20
-0.0903431496062992
11
1.2738140551181103
21
-0.0825979527559055
0
LINE
8
BLACK
6
CONTINUOUS
10
1.2738140551181103
20
-0.0825979527559055
11
1.2825979527559055
21
-0.0738140551181102
0
LINE
8
BLACK
6
CONTINUOUS
10
1.2825979527559055
20
-0.0738140551181102
11
1.2903431496062991
21
-0.0641018897637795
0
LINE
8
BLACK
6
CONTINUOUS
10
1.2903431496062991
20
-0.0641018897637795
11
1.2969522047244095
21
-0.0535835826771654
0
LINE
8
BLACK
6
CONTINUOUS
10
1.2969522047244095
20
-0.0535835826771654
11
1.3023420472440945
21
-0.0423914566929134
0
LINE
8
BLACK
6
CONTINUOUS
10
1.3023420472440945
20
-0.0423914566929134
11
1.3064448818897638
21
-0.0306662598425197
0
LINE
8
BLACK
6
CONTINUOUS
10
1.3064448818897638
20
-0.0306662598425197
11
1.3092091338582676
21
-0.0185553937007874
0
LINE
8
BLACK
6
CONTINUOUS
10
1.3092091338582676
20
-0.0185553937007874
11
1.3106
21
-0.0062111811023622
0
LINE
8
BLACK
6
CONTINUOUS
10
1.3106
20
-0.0062111811023622
11
1.3106
21
0.0062111811023622
0
LINE
8
BLACK
6
CONTINUOUS
10
1.3106
20
0.0062111811023622
11
1.3092091338582676
21
0.0185553937007874
0
LINE
8
BLACK
6
CONTINUOUS
10
1.3092091338582676
20
0.0185553937007874
11
1.3064448818897638
21
0.0306662598425197
0
LINE
8
BLACK
6
CONTINUOUS
10
1.3064448818897638
20
0.0306662598425197
11
1.3023420472440945
21
0.0423914566929134
0
LINE
8
BLACK
6
CONTINUOUS
10
1.3023420472440945
20
0.0423914566929134
11
1.2969522047244095
21
0.0535835826771654
0
LINE
8
BLACK
6
CONTINUOUS
10
1.2969522047244095
20
0.0535835826771654
11
1.2903431496062991
21
0.0641018897637795
0
LINE
8
BLACK
6
CONTINUOUS
10
1.2903431496062991
20
0.0641018897637795
11
1.2825979527559055
21
0.0738140551181102
0
LINE
8
BLACK
6
CONTINUOUS
10
1.2825979527559055
20
0.0738140551181102
11
1.2738140551181103
21
0.0825979527559055
0
LINE
8
BLACK
6
CONTINUOUS
10
1.2738140551181103
20
0.0825979527559055
11
1.2641018897637795
21
0.0903431496062992
0
LINE
8
BLACK
6
CONTINUOUS
10
1.2641018897637795
20
0.0903431496062992
11
1.2535835826771653
21
0.0969522047244094
0
LINE
8
BLACK
6
CONTINUOUS
10
1.2535835826771653
20
0.0969522047244094
11
1.2423914566929133
21
0.1023420472440945
0
LINE
8
BLACK
6
CONTINUOUS
10
1.2423914566929133
20
0.1023420472440945
11
1.2306662598425198
21
0.1064448818897638
0
LINE
8
BLACK
6
CONTINUOUS
10
1.2306662598425198
20
0.1064448818897638
11
1.2185553937007874
21
0.1092091338582677
0
LINE
8
BLACK
6
CONTINUOUS
10
1.2185553937007874
20
0.1092091338582677
11
1.2062111811023621
21
0.1106
0
LINE
8
BLACK
6
CONTINUOUS
10
1.2062111811023621
20
0.1106
11
1.1937888188976378
21
0.1106
0
LINE
8
BLACK
6
CONTINUOUS
10
1.1937888188976378
20
0.1106
11
1.1814446062992126
21
0.1092091338582677
0
LINE
8
BLACK
6
CONTINUOUS
10
1.1814446062992126
20
0.1092091338582677
11
1.1693337401574804
21
0.1064448818897638
0
LINE
8
BLACK
6
CONTINUOUS
10
1.1693337401574804
20
0.1064448818897638
11
1.1576085433070866
21
0.1023420472440945
0
LINE
8
BLACK
6
CONTINUOUS
10
1.1576085433070866
20
0.1023420472440945
11
1.1464164173228346
21
0.0969522047244094
0
LINE
8
BLACK
6
CONTINUOUS
10
1.1464164173228346
20
0.0969522047244094
11
1.1358981102362204
21
0.0903431496062992
0
LINE
8
BLACK
6
CONTINUOUS
10
1.1358981102362204
20
0.0903431496062992
11
1.1261859448818898
21
0.0825979527559055
0
LINE
8
BLACK
6
CONTINUOUS
10
1.1261859448818898
20
0.0825979527559055
11
1.1174020472440944
21
0.0738140551181102
0
LINE
8
BLACK
6
CONTINUOUS
10
1.1174020472440944
20
0.0738140551181102
11
1.1096568503937008
21
0.0641018897637795
0
LINE
8
BLACK
6
CONTINUOUS
10
1.1096568503937008
20
0.0641018897637795
11
1.1030477952755906
21
0.0535835826771654
0
LINE
8
BLACK
6
CONTINUOUS
10
1.1030477952755906
20
0.0535835826771654
11
1.0976579527559054
21
0.0423914566929134
0
LINE
8
BLACK
6
CONTINUOUS
10
1.0976579527559054
20
0.0423914566929134
11
1.0935551181102361
21
0.0306662598425197
0
LINE
8
BLACK
6
CONTINUOUS
10
1.0935551181102361
20
0.0306662598425197
11
1.0907908661417323
21
0.0185553937007874
0
LINE
8
BLACK
6
CONTINUOUS
10
1.0907908661417323
20
0.0185553937007874
11
1.0893999999999999
21
0.0062111811023622
0
LINE
8
BLACK
6
CONTINUOUS
10
1.0893999999999999
20
0.0062111811023622
11
1.0893999999999999
21
-0.0062111811023622
0
LINE
8
BLACK
6
CONTINUOUS
10
0.8190687795275591
20
0.2507377952755905
11
0.8193611811023622
21
0.2507377952755905
0
LINE
8
BLACK
6
CONTINUOUS
10
0.8193611811023622
20
0.2507377952755905
11
0.8196284251968504
21
0.2506270866141732
0
LINE
8
BLACK
6
CONTINUOUS
10
0.8196284251968504
20
0.2506270866141732
11
0.8199122440944882
21
0.2505709448818897
0
LINE
8
BLACK
6
CONTINUOUS
10
0.8199122440944882
20
0.2505709448818897
11
0.8201555118110236
21
0.250408779527559
0
LINE
8
BLACK
6
CONTINUOUS
10
0.8201555118110236
20
0.250408779527559
11
0.8204255905511811
21
0.2502968897637795
0
LINE
8
BLACK
6
CONTINUOUS
10
0.8204255905511811
20
0.2502968897637795
11
0.8206300393700787
21
0.2500924409448819
0
LINE
8
BLACK
6
CONTINUOUS
10
0.8206300393700787
20
0.2500924409448819
11
0.8208708661417322
21
0.2499318897637795
0
LINE
8
BLACK
6
CONTINUOUS
10
0.8208708661417322
20
0.2499318897637795
11
0.8210335826771653
21
0.2496888976377953
0
LINE
8
BLACK
6
CONTINUOUS
10
0.8210335826771653
20
0.2496888976377953
11
0.8212402362204724
21
0.2494822440944882
0
LINE
8
BLACK
6
CONTINUOUS
10
0.8212402362204724
20
0.2494822440944882
11
0.821350905511811
21
0.2492150393700787
0
LINE
8
BLACK
6
CONTINUOUS
10
0.821350905511811
20
0.2492150393700787
11
0.8215119291338583
21
0.2489746062992126
0
LINE
8
BLACK
6
CONTINUOUS
10
0.8215119291338583
20
0.2489746062992126
11
0.8215416535433071
21
0.2488260236220472
0
LINE
8
BLACK
6
CONTINUOUS
10
0.8215416535433071
20
0.2488260236220472
11
0.8320209842519685
21
0.2488260236220472
0
LINE
8
BLACK
6
CONTINUOUS
10
0.8320209842519685
20
0.2488260236220472
11
0.8325970472440944
21
0.2487692913385827
0
LINE
8
BLACK
6
CONTINUOUS
10
0.8325970472440944
20
0.2487692913385827
11
0.8336614566929134
21
0.2483283858267716
0
LINE
8
BLACK
6
CONTINUOUS
10
0.8336614566929134
20
0.2483283858267716
11
0.8344761023622047
21
0.2475137401574803
0
LINE
8
BLACK
6
CONTINUOUS
10
0.8344761023622047
20
0.2475137401574803
11
0.8349170078740157
21
0.2464493307086614
0
LINE
8
BLACK
6
CONTINUOUS
10
0.8349170078740157
20
0.2464493307086614
11
0.8349170078740157
21
0.2452972047244094
0
LINE
8
BLACK
6
CONTINUOUS
10
0.8349170078740157
20
0.2452972047244094
11
0.8344761023622047
21
0.2442327952755906
0
LINE
8
BLACK
6
CONTINUOUS
10
0.8344761023622047
20
0.2442327952755906
11
0.8336614566929134
21
0.2434181496062992
0
LINE
8
BLACK
6
CONTINUOUS
10
0.8336614566929134
20
0.2434181496062992
11
0.8325970472440944
21
0.2429772440944882
0
LINE
8
BLACK
6
CONTINUOUS
10
0.8325970472440944
20
0.2429772440944882
11
0.8320209842519685
21
0.2429205118110236
0
LINE
8
BLACK
6
CONTINUOUS
10
0.8320209842519685
20
0.2429205118110236
11
0.821737874015748
21
0.2429205118110236
0
LINE
8
BLACK
6
CONTINUOUS
10
0.821737874015748
20
0.2429205118110236
11
0.821737874015748
21
0.2338279133858268
0
LINE
8
BLACK
6
CONTINUOUS
10
0.821737874015748
20
0.2338279133858268
11
0.8263966929133858
21
0.2338279133858268
0
LINE
8
BLACK
6
CONTINUOUS
10
0.8263966929133858
20
0.2338279133858268
11
0.8269727559055118
21
0.2337711811023622
0
LINE
8
BLACK
6
CONTINUOUS
10
0.8269727559055118
20
0.2337711811023622
11
0.8270707480314961
21
0.2337305905511811
0
LINE
8
BLACK
6
CONTINUOUS
10
0.8270707480314961
20
0.2337305905511811
11
0.8271765748031495
21
0.2337230708661417
0
LINE
8
BLACK
6
CONTINUOUS
10
0.8271765748031495
20
0.2337230708661417
11
0.8277172047244095
21
0.2335161811023622
0
LINE
8
BLACK
6
CONTINUOUS
10
0.8277172047244095
20
0.2335161811023622
11
0.8314667322834646
21
0.2316414173228346
0
LINE
8
BLACK
6
CONTINUOUS
10
0.8314667322834646
20
0.2316414173228346
11
0.8317147244094488
21
0.2314853543307087
0
LINE
8
BLACK
6
CONTINUOUS
10
0.8317147244094488
20
0.2314853543307087
11
0.8317866929133858
21
0.2314555118110236
0
LINE
8
BLACK
6
CONTINUOUS
10
0.8317866929133858
20
0.2314555118110236
11
0.8318676377952756
21
0.2313890551181102
0
LINE
8
BLACK
6
CONTINUOUS
10
0.8318676377952756
20
0.2313890551181102
11
0.8319566141732283
21
0.2313330708661417
0
LINE
8
BLACK
6
CONTINUOUS
10
0.8319566141732283
20
0.2313330708661417
11
0.8320077559055118
21
0.231274094488189
0
LINE
8
BLACK
6
CONTINUOUS
10
0.8320077559055118
20
0.231274094488189
11
0.8322341338582677
21
0.2310883070866142
0
LINE
8
BLACK
6
CONTINUOUS
10
0.8322341338582677
20
0.2310883070866142
11
0.8341088976377953
21
0.2292135433070866
0
LINE
8
BLACK
6
CONTINUOUS
10
0.8341088976377953
20
0.2292135433070866
11
0.8342946456692913
21
0.2289872047244094
0
LINE
8
BLACK
6
CONTINUOUS
10
0.8342946456692913
20
0.2289872047244094
11
0.8343536614173228
21
0.2289360236220472
0
LINE
8
BLACK
6
CONTINUOUS
10
0.8343536614173228
20
0.2289360236220472
11
0.8344096062992126
21
0.2288470866141732
0
LINE
8
BLACK
6
CONTINUOUS
10
0.8344096062992126
20
0.2288470866141732
11
0.8344761023622047
21
0.2287661023622047
0
LINE
8
BLACK
6
CONTINUOUS
10
0.8344761023622047
20
0.2287661023622047
11
0.834505905511811
21
0.2286941732283465
0
LINE
8
BLACK
6
CONTINUOUS
10
0.834505905511811
20
0.2286941732283465
11
0.8346620078740157
21
0.2284461417322834
0
LINE
8
BLACK
6
CONTINUOUS
10
0.8346620078740157
20
0.2284461417322834
11
0.8365367716535433
21
0.2246966141732283
0
LINE
8
BLACK
6
CONTINUOUS
10
0.8365367716535433
20
0.2246966141732283
11
0.8367436614173228
21
0.2241560236220472
0
LINE
8
BLACK
6
CONTINUOUS
10
0.8367436614173228
20
0.2241560236220472
11
0.8367511811023622
21
0.224050157480315
0
LINE
8
BLACK
6
CONTINUOUS
10
0.8367511811023622
20
0.224050157480315
11
0.8367917716535432
21
0.2239521653543307
0
LINE
8
BLACK
6
CONTINUOUS
10
0.8367917716535432
20
0.2239521653543307
11
0.8368485039370078
21
0.2233761023622047
0
LINE
8
BLACK
6
CONTINUOUS
10
0.8368485039370078
20
0.2233761023622047
11
0.8368485039370078
21
0.2140022834645669
0
LINE
8
BLACK
6
CONTINUOUS
10
0.8368485039370078
20
0.2140022834645669
11
0.8367917716535432
21
0.2134262204724409
0
LINE
8
BLACK
6
CONTINUOUS
10
0.8367917716535432
20
0.2134262204724409
11
0.8367511811023622
21
0.2133282677165354
0
LINE
8
BLACK
6
CONTINUOUS
10
0.8367511811023622
20
0.2133282677165354
11
0.8367436614173228
21
0.2132223622047244
0
LINE
8
BLACK
6
CONTINUOUS
10
0.8367436614173228
20
0.2132223622047244
11
0.8365367716535433
21
0.2126817716535433
0
LINE
8
BLACK
6
CONTINUOUS
10
0.8365367716535433
20
0.2126817716535433
11
0.8346620078740157
21
0.2089322440944882
0
LINE
8
BLACK
6
CONTINUOUS
10
0.8346620078740157
20
0.2089322440944882
11
0.8345059448818898
21
0.2086843700787402
0
LINE
8
BLACK
6
CONTINUOUS
10
0.8345059448818898
20
0.2086843700787402
11
0.8344761417322835
21
0.2086123228346457
0
LINE
8
BLACK
6
CONTINUOUS
10
0.8344761417322835
20
0.2086123228346457
11
0.8344096062992126
21
0.2085312992125984
0
LINE
8
BLACK
6
CONTINUOUS
10
0.8344096062992126
20
0.2085312992125984
11
0.8343536614173228
21
0.2084423622047244
0
LINE
8
BLACK
6
CONTINUOUS
10
0.8343536614173228
20
0.2084423622047244
11
0.8342946456692913
21
0.2083912204724409
0
LINE
8
BLACK
6
CONTINUOUS
10
0.8342946456692913
20
0.2083912204724409
11
0.8341088976377953
21
0.208164842519685
0
LINE
8
BLACK
6
CONTINUOUS
10
0.8341088976377953
20
0.208164842519685
11
0.8322341732283465
21
0.2062900787401575
0
LINE
8
BLACK
6
CONTINUOUS
10
0.8322341732283465
20
0.2062900787401575
11
0.8320077952755905
21
0.2061043307086614
0
LINE
8
BLACK
6
CONTINUOUS
10
0.8320077952755905
20
0.2061043307086614
11
0.8319566141732283
21
0.2060452755905512
0
LINE
8
BLACK
6
CONTINUOUS
10
0.8319566141732283
20
0.2060452755905512
11
0.8318676377952756
21
0.2059892913385827
0
LINE
8
BLACK
6
CONTINUOUS
10
0.8318676377952756
20
0.2059892913385827
11
0.8317866929133858
21
0.2059228346456693
0
LINE
8
BLACK
6
CONTINUOUS
10
0.8317866929133858
20
0.2059228346456693
11
0.8317147244094488
21
0.205893031496063
0
LINE
8
BLACK
6
CONTINUOUS
10
0.8317147244094488
20
0.205893031496063
11
0.8314667322834646
21
0.2057369291338583
0
LINE
8
BLACK
6
CONTINUOUS
10
0.8314667322834646
20
0.2057369291338583
11
0.8277172047244095
21
0.2038621653543307
0
LINE
8
BLACK
6
CONTINUOUS
10
0.8277172047244095
20
0.2038621653543307
11
0.8271765748031495
21
0.2036552755905512
0
LINE
8
BLACK
6
CONTINUOUS
10
0.8271765748031495
20
0.2036552755905512
11
0.8270707480314961
21
0.2036477952755905
0
LINE
8
BLACK
6
CONTINUOUS
10
0.8270707480314961
20
0.2036477952755905
11
0.8269727559055118
21
0.2036071653543307
0
LINE
8
BLACK
6
CONTINUOUS
10
0.8269727559055118
20
0.2036071653543307
11
0.8263966929133858
21
0.2035504330708661
0
LINE
8
BLACK
6
CONTINUOUS
10
0.8263966929133858
20
0.2035504330708661
11
0.817022874015748
21
0.2035504330708661
0
LINE
8
BLACK
6
CONTINUOUS
10
0.817022874015748
20
0.2035504330708661
11
0.816446811023622
21
0.2036071653543307
0
LINE
8
BLACK
6
CONTINUOUS
10
0.816446811023622
20
0.2036071653543307
11
0.8163488188976378
21
0.2036477559055118
0
LINE
8
BLACK
6
CONTINUOUS
10
0.8163488188976378
20
0.2036477559055118
11
0.8162429527559055
21
0.2036552755905512
0
LINE
8
BLACK
6
CONTINUOUS
10
0.8162429527559055
20
0.2036552755905512
11
0.8157023622047244
21
0.2038621653543307
0
LINE
8
BLACK
6
CONTINUOUS
10
0.8157023622047244
20
0.2038621653543307
11
0.8123888188976378
21
0.205518937007874
0
LINE
8
BLACK
6
CONTINUOUS
10
0.8123888188976378
20
0.205518937007874
11
0.8075365354330708
21
0.205518937007874
0
LINE
8
BLACK
6
CONTINUOUS
10
0.8075365354330708
20
0.205518937007874
11
0.8069604724409448
21
0.2055756692913386
0
LINE
8
BLACK
6
CONTINUOUS
10
0.8069604724409448
20
0.2055756692913386
11
0.805896062992126
21
0.2060165748031496
0
LINE
8
BLACK
6
CONTINUOUS
10
0.805896062992126
20
0.2060165748031496
11
0.8050814173228347
21
0.2068312204724409
0
LINE
8
BLACK
6
CONTINUOUS
10
0.8050814173228347
20
0.2068312204724409
11
0.8046405118110236
21
0.2078956299212598
0
LINE
8
BLACK
6
CONTINUOUS
10
0.8046405118110236
20
0.2078956299212598
11
0.8046405118110236
21
0.2090477559055118
0
LINE
8
BLACK
6
CONTINUOUS
10
0.8046405118110236
20
0.2090477559055118
11
0.8050814173228347
21
0.2101121653543307
0
LINE
8
BLACK
6
CONTINUOUS
10
0.8050814173228347
20
0.2101121653543307
11
0.805896062992126
21
0.210926811023622
0
LINE
8
BLACK
6
CONTINUOUS
10
0.805896062992126
20
0.210926811023622
11
0.8069604724409448
21
0.2113677165354331
0
LINE
8
BLACK
6
CONTINUOUS
10
0.8069604724409448
20
0.2113677165354331
11
0.8075365354330708
21
0.2114244488188976
0
LINE
8
BLACK
6
CONTINUOUS
10
0.8075365354330708
20
0.2114244488188976
11
0.8087492913385826
21
0.2114244488188976
0
LINE
8
BLACK
6
CONTINUOUS
10
0.8087492913385826
20
0.2114244488188976
11
0.8089434645669291
21
0.2118932283464567
0
LINE
8
BLACK
6
CONTINUOUS
10
0.8089434645669291
20
0.2118932283464567
11
0.8097581496062992
21
0.2127079133858268
0
LINE
8
BLACK
6
CONTINUOUS
10
0.8097581496062992
20
0.2127079133858268
11
0.8108225590551181
21
0.2131487795275591
0
LINE
8
BLACK
6
CONTINUOUS
10
0.8108225590551181
20
0.2131487795275591
11
0.8119746456692913
21
0.2131487795275591
0
LINE
8
BLACK
6
CONTINUOUS
10
0.8119746456692913
20
0.2131487795275591
11
0.8130390551181103
21
0.212707874015748
0
LINE
8
BLACK
6
CONTINUOUS
10
0.8130390551181103
20
0.212707874015748
11
0.8134865354330708
21
0.2123406299212598
0
LINE
8
BLACK
6
CONTINUOUS
10
0.8134865354330708
20
0.2123406299212598
11
0.8144026771653543
21
0.2114244488188976
0
LINE
8
BLACK
6
CONTINUOUS
10
0.8144026771653543
20
0.2114244488188976
11
0.8158323622047244
21
0.2114244488188976
0
LINE
8
BLACK
6
CONTINUOUS
10
0.8158323622047244
20
0.2114244488188976
11
0.8158323622047244
21
0.2269786220472441
0
LINE
8
BLACK
6
CONTINUOUS
10
0.8158323622047244
20
0.2269786220472441
11
0.8150224409448819
21
0.2265736614173228
0
LINE
8
BLACK
6
CONTINUOUS
10
0.8150224409448819
20
0.2265736614173228
11
0.8134864960629921
21
0.2250377165354331
0
LINE
8
BLACK
6
CONTINUOUS
10
0.8134864960629921
20
0.2250377165354331
11
0.8130390551181103
21
0.2246705118110236
0
LINE
8
BLACK
6
CONTINUOUS
10
0.8130390551181103
20
0.2246705118110236
11
0.8129016929133858
21
0.2246136220472441
0
LINE
8
BLACK
6
CONTINUOUS
10
0.8129016929133858
20
0.2246136220472441
11
0.8127866141732283
21
0.2245194488188976
0
LINE
8
BLACK
6
CONTINUOUS
10
0.8127866141732283
20
0.2245194488188976
11
0.8123732283464566
21
0.2243947637795276
0
LINE
8
BLACK
6
CONTINUOUS
10
0.8123732283464566
20
0.2243947637795276
11
0.8119746062992126
21
0.2242296062992126
0
LINE
8
BLACK
6
CONTINUOUS
10
0.8119746062992126
20
0.2242296062992126
11
0.8118259842519685
21
0.2242296062992126
0
LINE
8
BLACK
6
CONTINUOUS
10
0.8118259842519685
20
0.2242296062992126
11
0.8116836220472441
21
0.2241866535433071
0
LINE
8
BLACK
6
CONTINUOUS
10
0.8116836220472441
20
0.2241866535433071
11
0.811254094488189
21
0.2242296062992126
0
LINE
8
BLACK
6
CONTINUOUS
10
0.811254094488189
20
0.2242296062992126
11
0.8108225590551181
21
0.2242296062992126
0
LINE
8
BLACK
6
CONTINUOUS
10
0.8108225590551181
20
0.2242296062992126
11
0.8106851968503936
21
0.2242865354330709
0
LINE
8
BLACK
6
CONTINUOUS
10
0.8106851968503936
20
0.2242865354330709
11
0.8105372047244094
21
0.2243012992125984
0
LINE
8
BLACK
6
CONTINUOUS
10
0.8105372047244094
20
0.2243012992125984
11
0.810156811023622
21
0.2245053543307086
0
LINE
8
BLACK
6
CONTINUOUS
10
0.810156811023622
20
0.2245053543307086
11
0.8097581102362205
21
0.2246705118110236
0
LINE
8
BLACK
6
CONTINUOUS
10
0.8097581102362205
20
0.2246705118110236
11
0.8096529133858268
21
0.2247757086614173
0
LINE
8
BLACK
6
CONTINUOUS
10
0.8096529133858268
20
0.2247757086614173
11
0.809521968503937
21
0.2248459448818897
0
LINE
8
BLACK
6
CONTINUOUS
10
0.809521968503937
20
0.2248459448818897
11
0.8092487007874015
21
0.2251799212598425
0
LINE
8
BLACK
6
CONTINUOUS
10
0.8092487007874015
20
0.2251799212598425
11
0.8089434645669291
21
0.2254851574803149
0
LINE
8
BLACK
6
CONTINUOUS
10
0.8089434645669291
20
0.2254851574803149
11
0.8088865354330709
21
0.2256225196850394
0
LINE
8
BLACK
6
CONTINUOUS
10
0.8088865354330709
20
0.2256225196850394
11
0.8087924015748031
21
0.2257375984251968
0
LINE
8
BLACK
6
CONTINUOUS
10
0.8087924015748031
20
0.2257375984251968
11
0.8086676771653543
21
0.2261509842519685
0
LINE
8
BLACK
6
CONTINUOUS
10
0.8086676771653543
20
0.2261509842519685
11
0.8085025590551181
21
0.2265496062992126
0
LINE
8
BLACK
6
CONTINUOUS
10
0.8085025590551181
20
0.2265496062992126
11
0.8085025590551181
21
0.2266982677165354
0
LINE
8
BLACK
6
CONTINUOUS
10
0.8085025590551181
20
0.2266982677165354
11
0.8084596062992125
21
0.2268405905511811
0
LINE
8
BLACK
6
CONTINUOUS
10
0.8084596062992125
20
0.2268405905511811
11
0.8084604724409449
21
0.2274194488188976
0
LINE
8
BLACK
6
CONTINUOUS
10
0.8084604724409449
20
0.2274194488188976
11
0.8091272440944882
21
0.2340872834645669
0
LINE
8
BLACK
6
CONTINUOUS
10
0.8091272440944882
20
0.2340872834645669
11
0.8088570472440945
21
0.2339521653543307
0
LINE
8
BLACK
6
CONTINUOUS
10
0.8088570472440945
20
0.2339521653543307
11
0.8083164173228347
21
0.2337452755905512
0
LINE
8
BLACK
6
CONTINUOUS
10
0.8083164173228347
20
0.2337452755905512
11
0.8071672047244094
21
0.2336636220472441
0
LINE
8
BLACK
6
CONTINUOUS
10
0.8071672047244094
20
0.2336636220472441
11
0.8060742519685039
21
0.2340279527559055
0
LINE
8
BLACK
6
CONTINUOUS
10
0.8060742519685039
20
0.2340279527559055
11
0.8052038582677166
21
0.2347827952755905
0
LINE
8
BLACK
6
CONTINUOUS
10
0.8052038582677166
20
0.2347827952755905
11
0.8046886220472441
21
0.2358133070866142
0
LINE
8
BLACK
6
CONTINUOUS
10
0.8046886220472441
20
0.2358133070866142
11
0.804606968503937
21
0.2369625196850394
0
LINE
8
BLACK
6
CONTINUOUS
10
0.804606968503937
20
0.2369625196850394
11
0.8049712992125984
21
0.2380554724409449
0
LINE
8
BLACK
6
CONTINUOUS
10
0.8049712992125984
20
0.2380554724409449
11
0.8057261417322834
21
0.2389258661417323
0
LINE
8
BLACK
6
CONTINUOUS
10
0.8057261417322834
20
0.2389258661417323
11
0.8062160236220473
21
0.2392342125984252
0
LINE
8
BLACK
6
CONTINUOUS
10
0.8062160236220473
20
0.2392342125984252
11
0.809536968503937
21
0.2408946850393701
0
LINE
8
BLACK
6
CONTINUOUS
10
0.809536968503937
20
0.2408946850393701
11
0.8098381102362204
21
0.2411958267716535
0
LINE
8
BLACK
6
CONTINUOUS
10
0.8098381102362204
20
0.2411958267716535
11
0.8103352362204724
21
0.2461670866141732
0
LINE
8
BLACK
6
CONTINUOUS
10
0.8103352362204724
20
0.2461670866141732
11
0.8103773228346457
21
0.2463770472440945
0
LINE
8
BLACK
6
CONTINUOUS
10
0.8103773228346457
20
0.2463770472440945
11
0.8103773228346457
21
0.2464493307086614
0
LINE
8
BLACK
6
CONTINUOUS
10
0.8103773228346457
20
0.2464493307086614
11
0.8104053937007873
21
0.2465171653543307
0
LINE
8
BLACK
6
CONTINUOUS
10
0.8104053937007873
20
0.2465171653543307
11
0.8104490157480315
21
0.2467346456692913
0
LINE
8
BLACK
6
CONTINUOUS
10
0.8104490157480315
20
0.2467346456692913
11
0.8106530314960629
21
0.2471149606299212
0
LINE
8
BLACK
6
CONTINUOUS
10
0.8106530314960629
20
0.2471149606299212
11
0.8108182283464567
21
0.2475137401574803
0
LINE
8
BLACK
6
CONTINUOUS
10
0.8108182283464567
20
0.2475137401574803
11
0.8109233858267716
21
0.247618937007874
0
LINE
8
BLACK
6
CONTINUOUS
10
0.8109233858267716
20
0.247618937007874
11
0.8109936614173228
21
0.2477498818897638
0
LINE
8
BLACK
6
CONTINUOUS
10
0.8109936614173228
20
0.2477498818897638
11
0.8113275984251969
21
0.2480231496062992
0
LINE
8
BLACK
6
CONTINUOUS
10
0.8113275984251969
20
0.2480231496062992
11
0.811632874015748
21
0.2483283858267716
0
LINE
8
BLACK
6
CONTINUOUS
10
0.811632874015748
20
0.2483283858267716
11
0.8117701968503936
21
0.2483853149606299
0
LINE
8
BLACK
6
CONTINUOUS
10
0.8117701968503936
20
0.2483853149606299
11
0.8118853149606299
21
0.2484794488188976
0
LINE
8
BLACK
6
CONTINUOUS
10
0.8118853149606299
20
0.2484794488188976
11
0.8122985826771654
21
0.2486041732283465
0
LINE
8
BLACK
6
CONTINUOUS
10
0.8122985826771654
20
0.2486041732283465
11
0.8126972834645669
21
0.2487692913385827
0
LINE
8
BLACK
6
CONTINUOUS
10
0.8126972834645669
20
0.2487692913385827
11
0.8129179527559055
21
0.248791062992126
0
LINE
8
BLACK
6
CONTINUOUS
10
0.8129179527559055
20
0.248791062992126
11
0.8129883070866142
21
0.2488122440944882
0
LINE
8
BLACK
6
CONTINUOUS
10
0.8129883070866142
20
0.2488122440944882
11
0.8130602755905512
21
0.2488050787401575
0
LINE
8
BLACK
6
CONTINUOUS
10
0.8130602755905512
20
0.2488050787401575
11
0.8132733464566929
21
0.2488260236220472
0
LINE
8
BLACK
6
CONTINUOUS
10
0.8132733464566929
20
0.2488260236220472
11
0.8158924803149606
21
0.2488260236220472
0
LINE
8
BLACK
6
CONTINUOUS
10
0.8158924803149606
20
0.2488260236220472
11
0.8163282677165354
21
0.2494796850393701
0
LINE
8
BLACK
6
CONTINUOUS
10
0.8163282677165354
20
0.2494796850393701
11
0.8163296062992126
21
0.2494813779527559
0
LINE
8
BLACK
6
CONTINUOUS
10
0.8163296062992126
20
0.2494813779527559
11
0.81633
21
0.2494822440944882
0
LINE
8
BLACK
6
CONTINUOUS
10
0.81633
20
0.2494822440944882
11
0.8163320078740157
21
0.2494842913385827
0
LINE
8
BLACK
6
CONTINUOUS
10
0.8163320078740157
20
0.2494842913385827
11
0.8166950393700787
21
0.2499275196850394
0
LINE
8
BLACK
6
CONTINUOUS
10
0.8166950393700787
20
0.2499275196850394
11
0.8169379133858268
21
0.2500901968503937
0
LINE
8
BLACK
6
CONTINUOUS
10
0.8169379133858268
20
0.2500901968503937
11
0.8171446456692913
21
0.2502968897637795
0
LINE
8
BLACK
6
CONTINUOUS
10
0.8171446456692913
20
0.2502968897637795
11
0.8174119291338583
21
0.2504076377952756
0
LINE
8
BLACK
6
CONTINUOUS
10
0.8174119291338583
20
0.2504076377952756
11
0.8176523228346456
21
0.2505685826771654
0
LINE
8
BLACK
6
CONTINUOUS
10
0.8176523228346456
20
0.2505685826771654
11
0.817938937007874
21
0.2506259448818898
0
LINE
8
BLACK
6
CONTINUOUS
10
0.817938937007874
20
0.2506259448818898
11
0.8182090551181103
21
0.2507377952755905
0
LINE
8
BLACK
6
CONTINUOUS
10
0.8182090551181103
20
0.2507377952755905
11
0.8184983464566929
21
0.2507377952755905
0
LINE
8
BLACK
6
CONTINUOUS
10
0.8184983464566929
20
0.2507377952755905
11
0.8187820078740158
21
0.2507945275590551
0
LINE
8
BLACK
6
CONTINUOUS
10
0.8187820078740158
20
0.2507945275590551
11
0.8190687795275591
21
0.2507377952755905
0
LINE
8
BLACK
6
CONTINUOUS
10
0.821737874015748
20
0.2114244488188976
11
0.829016811023622
21
0.2114244488188976
0
LINE
8
BLACK
6
CONTINUOUS
10
0.829016811023622
20
0.2114244488188976
11
0.8295942125984251
21
0.2120018503937008
0
LINE
8
BLACK
6
CONTINUOUS
10
0.8295942125984251
20
0.2120018503937008
11
0.8309429921259842
21
0.2146993307086614
0
LINE
8
BLACK
6
CONTINUOUS
10
0.8309429921259842
20
0.2146993307086614
11
0.8309429921259842
21
0.2226790551181102
0
LINE
8
BLACK
6
CONTINUOUS
10
0.8309429921259842
20
0.2226790551181102
11
0.8295942519685039
21
0.2253765354330709
0
LINE
8
BLACK
6
CONTINUOUS
10
0.8295942519685039
20
0.2253765354330709
11
0.828397125984252
21
0.2265736614173228
0
LINE
8
BLACK
6
CONTINUOUS
10
0.828397125984252
20
0.2265736614173228
11
0.8256996456692913
21
0.2279224015748031
0
LINE
8
BLACK
6
CONTINUOUS
10
0.8256996456692913
20
0.2279224015748031
11
0.821737874015748
21
0.2279224015748031
0
LINE
8
BLACK
6
CONTINUOUS
10
0.821737874015748
20
0.2279224015748031
11
0.821737874015748
21
0.2114244488188976
0
LINE
8
BLACK
6
CONTINUOUS
10
0.8155045275590551
20
0.2385106299212598
11
0.8149684251968504
21
0.2331492519685039
0
LINE
8
BLACK
6
CONTINUOUS
10
0.8149684251968504
20
0.2331492519685039
11
0.8157023622047244
21
0.2335161811023622
0
LINE
8
BLACK
6
CONTINUOUS
10
0.8157023622047244
20
0.2335161811023622
11
0.8158323622047244
21
0.2335659448818898
0
LINE
8
BLACK
6
CONTINUOUS
10
0.8158323622047244
20
0.2335659448818898
11
0.8158323622047244
21
0.2388384251968504
0
LINE
8
BLACK
6
CONTINUOUS
10
0.8158323622047244
20
0.2388384251968504
11
0.8155045275590551
21
0.2385106299212598
0
LINE
8
BLACK
6
CONTINUOUS
10
0.8606060236220472
20
0.2507377952755905
11
0.8607040157480315
21
0.2506972047244094
0
LINE
8
BLACK
6
CONTINUOUS
10
0.8607040157480315
20
0.2506972047244094
11
0.8608098425196851
21
0.2506896850393701
0
LINE
8
BLACK
6
CONTINUOUS
10
0.8608098425196851
20
0.2506896850393701
11
0.8613504724409449
21
0.2504827952755905
0
LINE
8
BLACK
6
CONTINUOUS
10
0.8613504724409449
20
0.2504827952755905
11
0.8651
21
0.248608031496063
0
LINE
8
BLACK
6
CONTINUOUS
10
0.8651
20
0.248608031496063
11
0.8653479921259842
21
0.248451968503937
0
LINE
8
BLACK
6
CONTINUOUS
10
0.8653479921259842
20
0.248451968503937
11
0.8654199606299212
21
0.248422125984252
0
LINE
8
BLACK
6
CONTINUOUS
10
0.8654199606299212
20
0.248422125984252
11
0.865500905511811
21
0.2483556692913386
0
LINE
8
BLACK
6
CONTINUOUS
10
0.865500905511811
20
0.2483556692913386
11
0.8655898818897637
21
0.2482996850393701
0
LINE
8
BLACK
6
CONTINUOUS
10
0.8655898818897637
20
0.2482996850393701
11
0.8656410236220472
21
0.2482407086614173
0
LINE
8
BLACK
6
CONTINUOUS
10
0.8656410236220472
20
0.2482407086614173
11
0.8658674015748031
21
0.2480549212598425
0
LINE
8
BLACK
6
CONTINUOUS
10
0.8658674015748031
20
0.2480549212598425
11
0.8677421653543307
21
0.246180157480315
0
LINE
8
BLACK
6
CONTINUOUS
10
0.8677421653543307
20
0.246180157480315
11
0.8677456692913386
21
0.246175905511811
0
LINE
8
BLACK
6
CONTINUOUS
10
0.8677456692913386
20
0.246175905511811
11
0.86785468503937
21
0.2460864173228346
0
LINE
8
BLACK
6
CONTINUOUS
10
0.86785468503937
20
0.2460864173228346
11
0.8697294488188976
21
0.2442116535433071
0
LINE
8
BLACK
6
CONTINUOUS
10
0.8697294488188976
20
0.2442116535433071
11
0.8699151968503936
21
0.2439853149606299
0
LINE
8
BLACK
6
CONTINUOUS
10
0.8699151968503936
20
0.2439853149606299
11
0.8699742125984252
21
0.2439341338582677
0
LINE
8
BLACK
6
CONTINUOUS
10
0.8699742125984252
20
0.2439341338582677
11
0.870030157480315
21
0.2438451968503937
0
LINE
8
BLACK
6
CONTINUOUS
10
0.870030157480315
20
0.2438451968503937
11
0.8700966535433071
21
0.2437642125984252
0
LINE
8
BLACK
6
CONTINUOUS
10
0.8700966535433071
20
0.2437642125984252
11
0.8701264566929133
21
0.2436922834645669
0
LINE
8
BLACK
6
CONTINUOUS
10
0.8701264566929133
20
0.2436922834645669
11
0.8702825590551181
21
0.2434442519685039
0
LINE
8
BLACK
6
CONTINUOUS
10
0.8702825590551181
20
0.2434442519685039
11
0.8721573228346456
21
0.2396947244094488
0
LINE
8
BLACK
6
CONTINUOUS
10
0.8721573228346456
20
0.2396947244094488
11
0.8721734251968504
21
0.2396526377952756
0
LINE
8
BLACK
6
CONTINUOUS
10
0.8721734251968504
20
0.2396526377952756
11
0.8721861417322835
21
0.2396354724409449
0
LINE
8
BLACK
6
CONTINUOUS
10
0.8721861417322835
20
0.2396354724409449
11
0.8722724409448819
21
0.2393938976377953
0
LINE
8
BLACK
6
CONTINUOUS
10
0.8722724409448819
20
0.2393938976377953
11
0.8723642125984252
21
0.2391541338582677
0
LINE
8
BLACK
6
CONTINUOUS
10
0.8723642125984252
20
0.2391541338582677
11
0.8723657086614173
21
0.239132874015748
0
LINE
8
BLACK
6
CONTINUOUS
10
0.8723657086614173
20
0.239132874015748
11
0.872380905511811
21
0.2390903543307087
0
LINE
8
BLACK
6
CONTINUOUS
10
0.872380905511811
20
0.2390903543307087
11
0.8742556692913386
21
0.2315912992125984
0
LINE
8
BLACK
6
CONTINUOUS
10
0.8742556692913386
20
0.2315912992125984
11
0.8742704330708662
21
0.2314914566929134
0
LINE
8
BLACK
6
CONTINUOUS
10
0.8742704330708662
20
0.2314914566929134
11
0.8742870866141732
21
0.2314512204724409
0
LINE
8
BLACK
6
CONTINUOUS
10
0.8742870866141732
20
0.2314512204724409
11
0.8743084251968504
21
0.2312342125984252
0
LINE
8
BLACK
6
CONTINUOUS
10
0.8743084251968504
20
0.2312342125984252
11
0.8743403149606299
21
0.2310187007874016
0
LINE
8
BLACK
6
CONTINUOUS
10
0.8743403149606299
20
0.2310187007874016
11
0.8743338976377952
21
0.2309757086614173
0
LINE
8
BLACK
6
CONTINUOUS
10
0.8743338976377952
20
0.2309757086614173
11
0.8743438188976378
21
0.230875157480315
0
LINE
8
BLACK
6
CONTINUOUS
10
0.8743438188976378
20
0.230875157480315
11
0.8743438188976378
21
0.2215013385826771
0
LINE
8
BLACK
6
CONTINUOUS
10
0.8743438188976378
20
0.2215013385826771
11
0.8743338976377952
21
0.2214008267716535
0
LINE
8
BLACK
6
CONTINUOUS
10
0.8743338976377952
20
0.2214008267716535
11
0.8743403149606299
21
0.2213577952755905
0
LINE
8
BLACK
6
CONTINUOUS
10
0.8743403149606299
20
0.2213577952755905
11
0.8743084251968504
21
0.2211423228346457
0
LINE
8
BLACK
6
CONTINUOUS
10
0.8743084251968504
20
0.2211423228346457
11
0.8742870866141732
21
0.2209252755905512
0
LINE
8
BLACK
6
CONTINUOUS
10
0.8742870866141732
20
0.2209252755905512
11
0.8742704330708662
21
0.2208850787401575
0
LINE
8
BLACK
6
CONTINUOUS
10
0.8742704330708662
20
0.2208850787401575
11
0.8742556692913386
21
0.2207851968503937
0
LINE
8
BLACK
6
CONTINUOUS
10
0.8742556692913386
20
0.2207851968503937
11
0.872380905511811
21
0.2132861417322835
0
LINE
8
BLACK
6
CONTINUOUS
10
0.872380905511811
20
0.2132861417322835
11
0.8723657086614173
21
0.2132436614173228
0
LINE
8
BLACK
6
CONTINUOUS
10
0.8723657086614173
20
0.2132436614173228
11
0.8723642125984252
21
0.2132223622047244
0
LINE
8
BLACK
6
CONTINUOUS
10
0.8723642125984252
20
0.2132223622047244
11
0.8722724409448819
21
0.2129826377952756
0
LINE
8
BLACK
6
CONTINUOUS
10
0.8722724409448819
20
0.2129826377952756
11
0.8721861417322835
21
0.2127410236220472
0
LINE
8
BLACK
6
CONTINUOUS
10
0.8721861417322835
20
0.2127410236220472
11
0.8721734251968504
21
0.2127238976377953
0
LINE
8
BLACK
6
CONTINUOUS
10
0.8721734251968504
20
0.2127238976377953
11
0.8721573228346456
21
0.2126817716535433
0
LINE
8
BLACK
6
CONTINUOUS
10
0.8721573228346456
20
0.2126817716535433
11
0.8702825590551181
21
0.2089322440944882
0
LINE
8
BLACK
6
CONTINUOUS
10
0.8702825590551181
20
0.2089322440944882
11
0.8701264960629921
21
0.2086843700787402
0
LINE
8
BLACK
6
CONTINUOUS
10
0.8701264960629921
20
0.2086843700787402
11
0.8700966929133858
21
0.2086123228346457
0
LINE
8
BLACK
6
CONTINUOUS
10
0.8700966929133858
20
0.2086123228346457
11
0.870030157480315
21
0.2085312992125984
0
LINE
8
BLACK
6
CONTINUOUS
10
0.870030157480315
20
0.2085312992125984
11
0.8699742125984252
21
0.2084423622047244
0
LINE
8
BLACK
6
CONTINUOUS
10
0.8699742125984252
20
0.2084423622047244
11
0.8699151968503936
21
0.2083912204724409
0
LINE
8
BLACK
6
CONTINUOUS
10
0.8699151968503936
20
0.2083912204724409
11
0.8697294488188976
21
0.208164842519685
0
LINE
8
BLACK
6
CONTINUOUS
10
0.8697294488188976
20
0.208164842519685
11
0.8678547244094488
21
0.2062900787401575
0
LINE
8
BLACK
6
CONTINUOUS
10
0.8678547244094488
20
0.2062900787401575
11
0.8676283464566928
21
0.2061043307086614
0
LINE
8
BLACK
6
CONTINUOUS
10
0.8676283464566928
20
0.2061043307086614
11
0.8675771653543307
21
0.2060452755905512
0
LINE
8
BLACK
6
CONTINUOUS
10
0.8675771653543307
20
0.2060452755905512
11
0.8674881889763779
21
0.2059892913385827
0
LINE
8
BLACK
6
CONTINUOUS
10
0.8674881889763779
20
0.2059892913385827
11
0.8674072440944882
21
0.2059228346456693
0
LINE
8
BLACK
6
CONTINUOUS
10
0.8674072440944882
20
0.2059228346456693
11
0.8673352755905511
21
0.205893031496063
0
LINE
8
BLACK
6
CONTINUOUS
10
0.8673352755905511
20
0.205893031496063
11
0.8670872834645669
21
0.2057369291338583
0
LINE
8
BLACK
6
CONTINUOUS
10
0.8670872834645669
20
0.2057369291338583
11
0.8633377559055118
21
0.2038621653543307
0
LINE
8
BLACK
6
CONTINUOUS
10
0.8633377559055118
20
0.2038621653543307
11
0.862797125984252
21
0.2036552755905512
0
LINE
8
BLACK
6
CONTINUOUS
10
0.862797125984252
20
0.2036552755905512
11
0.8626912992125984
21
0.2036477952755905
0
LINE
8
BLACK
6
CONTINUOUS
10
0.8626912992125984
20
0.2036477952755905
11
0.8625933070866142
21
0.2036071653543307
0
LINE
8
BLACK
6
CONTINUOUS
10
0.8625933070866142
20
0.2036071653543307
11
0.8620172440944882
21
0.2035504330708661
0
LINE
8
BLACK
6
CONTINUOUS
10
0.8620172440944882
20
0.2035504330708661
11
0.8582677165354331
21
0.2035504330708661
0
LINE
8
BLACK
6
CONTINUOUS
10
0.8582677165354331
20
0.2035504330708661
11
0.8576916535433071
21
0.2036071653543307
0
LINE
8
BLACK
6
CONTINUOUS
10
0.8576916535433071
20
0.2036071653543307
11
0.8575936614173229
21
0.2036477559055118
0
LINE
8
BLACK
6
CONTINUOUS
10
0.8575936614173229
20
0.2036477559055118
11
0.8574877952755905
21
0.2036552755905512
0
LINE
8
BLACK
6
CONTINUOUS
10
0.8574877952755905
20
0.2036552755905512
11
0.8569472047244094
21
0.2038621653543307
0
LINE
8
BLACK
6
CONTINUOUS
10
0.8569472047244094
20
0.2038621653543307
11
0.8536336614173228
21
0.205518937007874
0
LINE
8
BLACK
6
CONTINUOUS
10
0.8536336614173228
20
0.205518937007874
11
0.8469066141732283
21
0.205518937007874
0
LINE
8
BLACK
6
CONTINUOUS
10
0.8469066141732283
20
0.205518937007874
11
0.8463305511811023
21
0.2055756692913386
0
LINE
8
BLACK
6
CONTINUOUS
10
0.8463305511811023
20
0.2055756692913386
11
0.8452661417322834
21
0.2060165748031496
0
LINE
8
BLACK
6
CONTINUOUS
10
0.8452661417322834
20
0.2060165748031496
11
0.8444514960629921
21
0.2068312204724409
0
LINE
8
BLACK
6
CONTINUOUS
10
0.8444514960629921
20
0.2068312204724409
11
0.8440105905511811
21
0.2078956299212598
0
LINE
8
BLACK
6
CONTINUOUS
10
0.8440105905511811
20
0.2078956299212598
11
0.8439538582677165
21
0.2084716929133858
0
LINE
8
BLACK
6
CONTINUOUS
10
0.8439538582677165
20
0.2084716929133858
11
0.8439538582677165
21
0.2478417716535433
0
LINE
8
BLACK
6
CONTINUOUS
10
0.8439538582677165
20
0.2478417716535433
11
0.8440105905511811
21
0.2484178346456693
0
LINE
8
BLACK
6
CONTINUOUS
10
0.8440105905511811
20
0.2484178346456693
11
0.8444514960629921
21
0.2494822440944882
0
LINE
8
BLACK
6
CONTINUOUS
10
0.8444514960629921
20
0.2494822440944882
11
0.8452661417322834
21
0.2502968897637795
0
LINE
8
BLACK
6
CONTINUOUS
10
0.8452661417322834
20
0.2502968897637795
11
0.8463305511811023
21
0.2507377952755905
0
LINE
8
BLACK
6
CONTINUOUS
10
0.8463305511811023
20
0.2507377952755905
11
0.8469066141732283
21
0.2507945275590551
0
LINE
8
BLACK
6
CONTINUOUS
10
0.8469066141732283
20
0.2507945275590551
11
0.8600299606299212
21
0.2507945275590551
0
LINE
8
BLACK
6
CONTINUOUS
10
0.8600299606299212
20
0.2507945275590551
11
0.8606060236220472
21
0.2507377952755905
0
LINE
8
BLACK
6
CONTINUOUS
10
0.851846653543307
20
0.2218648818897638
11
0.8535546456692913
21
0.2150328346456693
0
LINE
8
BLACK
6
CONTINUOUS
10
0.8535546456692913
20
0.2150328346456693
11
0.8550701574803149
21
0.2120018503937008
0
LINE
8
BLACK
6
CONTINUOUS
10
0.8550701574803149
20
0.2120018503937008
11
0.8556475590551181
21
0.2114244488188976
0
LINE
8
BLACK
6
CONTINUOUS
10
0.8556475590551181
20
0.2114244488188976
11
0.8612076771653543
21
0.2114244488188976
0
LINE
8
BLACK
6
CONTINUOUS
10
0.8612076771653543
20
0.2114244488188976
11
0.8639051181102362
21
0.212773188976378
0
LINE
8
BLACK
6
CONTINUOUS
10
0.8639051181102362
20
0.212773188976378
11
0.8651022440944882
21
0.2139703543307087
0
LINE
8
BLACK
6
CONTINUOUS
10
0.8651022440944882
20
0.2139703543307087
11
0.8664510236220472
21
0.2166678346456693
0
LINE
8
BLACK
6
CONTINUOUS
10
0.8664510236220472
20
0.2166678346456693
11
0.8664510236220472
21
0.220898031496063
0
LINE
8
BLACK
6
CONTINUOUS
10
0.8664510236220472
20
0.220898031496063
11
0.8651022834645669
21
0.2235955118110236
0
LINE
8
BLACK
6
CONTINUOUS
10
0.8651022834645669
20
0.2235955118110236
11
0.8640592125984252
21
0.2246385826771654
0
LINE
8
BLACK
6
CONTINUOUS
10
0.8640592125984252
20
0.2246385826771654
11
0.8595508267716535
21
0.2261413779527559
0
LINE
8
BLACK
6
CONTINUOUS
10
0.8595508267716535
20
0.2261413779527559
11
0.851846653543307
21
0.2261413779527559
0
LINE
8
BLACK
6
CONTINUOUS
10
0.851846653543307
20
0.2261413779527559
11
0.851846653543307
21
0.2218648818897638
0
LINE
8
BLACK
6
CONTINUOUS
10
0.8681391732283464
20
0.231275157480315
11
0.8681093700787401
21
0.231203188976378
0
LINE
8
BLACK
6
CONTINUOUS
10
0.8681093700787401
20
0.231203188976378
11
0.868042874015748
21
0.2311222440944882
0
LINE
8
BLACK
6
CONTINUOUS
10
0.868042874015748
20
0.2311222440944882
11
0.8679869291338582
21
0.2310332677165354
0
LINE
8
BLACK
6
CONTINUOUS
10
0.8679869291338582
20
0.2310332677165354
11
0.8679279133858268
21
0.230982125984252
0
LINE
8
BLACK
6
CONTINUOUS
10
0.8679279133858268
20
0.230982125984252
11
0.8677421653543307
21
0.2307557480314961
0
LINE
8
BLACK
6
CONTINUOUS
10
0.8677421653543307
20
0.2307557480314961
11
0.8668776377952756
21
0.2298912598425197
0
LINE
8
BLACK
6
CONTINUOUS
10
0.8668776377952756
20
0.2298912598425197
11
0.8671165354330709
21
0.2297846062992126
0
LINE
8
BLACK
6
CONTINUOUS
10
0.8671165354330709
20
0.2297846062992126
11
0.8671966535433071
21
0.2297151181102362
0
LINE
8
BLACK
6
CONTINUOUS
10
0.8671966535433071
20
0.2297151181102362
11
0.8672947244094488
21
0.2296744881889764
0
LINE
8
BLACK
6
CONTINUOUS
10
0.8672947244094488
20
0.2296744881889764
11
0.8677421653543307
21
0.2293072834645669
0
LINE
8
BLACK
6
CONTINUOUS
10
0.8677421653543307
20
0.2293072834645669
11
0.8684383070866142
21
0.2286111417322834
0
LINE
8
BLACK
6
CONTINUOUS
10
0.8684383070866142
20
0.2286111417322834
11
0.8684383070866142
21
0.2305116141732284
0
LINE
8
BLACK
6
CONTINUOUS
10
0.8684383070866142
20
0.2305116141732284
11
0.8682166141732284
21
0.2313982677165354
0
LINE
8
BLACK
6
CONTINUOUS
10
0.8682166141732284
20
0.2313982677165354
11
0.8681391732283464
21
0.231275157480315
0
LINE
8
BLACK
6
CONTINUOUS
10
0.8562672834645669
20
0.2415717716535433
11
0.8550701574803149
21
0.2403746456692913
0
LINE
8
BLACK
6
CONTINUOUS
10
0.8550701574803149
20
0.2403746456692913
11
0.8535546456692913
21
0.2373436614173228
0
LINE
8
BLACK
6
CONTINUOUS
10
0.8535546456692913
20
0.2373436614173228
11
0.8522304724409449
21
0.2320468897637795
0
LINE
8
BLACK
6
CONTINUOUS
10
0.8522304724409449
20
0.2320468897637795
11
0.8593329133858267
21
0.2320468897637795
0
LINE
8
BLACK
6
CONTINUOUS
10
0.8593329133858267
20
0.2320468897637795
11
0.8620303937007874
21
0.2333956299212598
0
LINE
8
BLACK
6
CONTINUOUS
10
0.8620303937007874
20
0.2333956299212598
11
0.8632275196850393
21
0.2345927559055118
0
LINE
8
BLACK
6
CONTINUOUS
10
0.8632275196850393
20
0.2345927559055118
11
0.8645762598425196
21
0.2372902362204724
0
LINE
8
BLACK
6
CONTINUOUS
10
0.8645762598425196
20
0.2372902362204724
11
0.8645762598425196
21
0.2396456692913386
0
LINE
8
BLACK
6
CONTINUOUS
10
0.8645762598425196
20
0.2396456692913386
11
0.8634783858267716
21
0.2418414173228347
0
LINE
8
BLACK
6
CONTINUOUS
10
0.8634783858267716
20
0.2418414173228347
11
0.8613201968503936
21
0.2429205118110236
0
LINE
8
BLACK
6
CONTINUOUS
10
0.8613201968503936
20
0.2429205118110236
11
0.8589647637795276
21
0.2429205118110236
0
LINE
8
BLACK
6
CONTINUOUS
10
0.8589647637795276
20
0.2429205118110236
11
0.8562672834645669
21
0.2415717716535433
0
LINE
8
BLACK
6
CONTINUOUS
10
0.8498593700787401
20
0.2431581889763779
11
0.8500024015748031
21
0.2434442519685039
0
LINE
8
BLACK
6
CONTINUOUS
10
0.8500024015748031
20
0.2434442519685039
11
0.8501584645669291
21
0.2436922834645669
0
LINE
8
BLACK
6
CONTINUOUS
10
0.8501584645669291
20
0.2436922834645669
11
0.8501883070866142
21
0.2437642125984252
0
LINE
8
BLACK
6
CONTINUOUS
10
0.8501883070866142
20
0.2437642125984252
11
0.8502547637795276
21
0.2438451968503937
0
LINE
8
BLACK
6
CONTINUOUS
10
0.8502547637795276
20
0.2438451968503937
11
0.8503107480314961
21
0.2439341338582677
0
LINE
8
BLACK
6
CONTINUOUS
10
0.8503107480314961
20
0.2439341338582677
11
0.8503697244094488
21
0.2439853149606299
0
LINE
8
BLACK
6
CONTINUOUS
10
0.8503697244094488
20
0.2439853149606299
11
0.8505555118110236
21
0.2442116535433071
0
LINE
8
BLACK
6
CONTINUOUS
10
0.8505555118110236
20
0.2442116535433071
11
0.851232874015748
21
0.2448890157480315
0
LINE
8
BLACK
6
CONTINUOUS
10
0.851232874015748
20
0.2448890157480315
11
0.8498593700787401
21
0.2448890157480315
0
LINE
8
BLACK
6
CONTINUOUS
10
0.8498593700787401
20
0.2448890157480315
11
0.8498593700787401
21
0.2431581889763779
0
LINE
8
BLACK
6
CONTINUOUS
10
0.9018508661417323
20
0.2507377952755905
11
0.9019488582677165
21
0.2506972047244094
0
LINE
8
BLACK
6
CONTINUOUS
10
0.9019488582677165
20
0.2506972047244094
11
0.90205468503937
21
0.2506896850393701
0
LINE
8
BLACK
6
CONTINUOUS
10
0.90205468503937
20
0.2506896850393701
11
0.9025953149606299
21
0.2504827952755905
0
LINE
8
BLACK
6
CONTINUOUS
10
0.9025953149606299
20
0.2504827952755905
11
0.9063448425196851
21
0.248608031496063
0
LINE
8
BLACK
6
CONTINUOUS
10
0.9063448425196851
20
0.248608031496063
11
0.9065928346456693
21
0.248451968503937
0
LINE
8
BLACK
6
CONTINUOUS
10
0.9065928346456693
20
0.248451968503937
11
0.9066648031496063
21
0.248422125984252
0
LINE
8
BLACK
6
CONTINUOUS
10
0.9066648031496063
20
0.248422125984252
11
0.906745748031496
21
0.2483556692913386
0
LINE
8
BLACK
6
CONTINUOUS
10
0.906745748031496
20
0.2483556692913386
11
0.9068347244094488
21
0.2482996850393701
0
LINE
8
BLACK
6
CONTINUOUS
10
0.9068347244094488
20
0.2482996850393701
11
0.9068858661417323
21
0.2482407086614173
0
LINE
8
BLACK
6
CONTINUOUS
10
0.9068858661417323
20
0.2482407086614173
11
0.9071122440944882
21
0.2480549212598425
0
LINE
8
BLACK
6
CONTINUOUS
10
0.9071122440944882
20
0.2480549212598425
11
0.9089870078740158
21
0.246180157480315
0
LINE
8
BLACK
6
CONTINUOUS
10
0.9089870078740158
20
0.246180157480315
11
0.9091727559055118
21
0.2459538188976378
0
LINE
8
BLACK
6
CONTINUOUS
10
0.9091727559055118
20
0.2459538188976378
11
0.9092317716535433
21
0.2459026377952756
0
LINE
8
BLACK
6
CONTINUOUS
10
0.9092317716535433
20
0.2459026377952756
11
0.9092877165354331
21
0.2458137007874016
0
LINE
8
BLACK
6
CONTINUOUS
10
0.9092877165354331
20
0.2458137007874016
11
0.9093542125984252
21
0.2457327165354331
0
LINE
8
BLACK
6
CONTINUOUS
10
0.9093542125984252
20
0.2457327165354331
11
0.9093840157480315
21
0.2456607874015748
0
LINE
8
BLACK
6
CONTINUOUS
10
0.9093840157480315
20
0.2456607874015748
11
0.9095401181102362
21
0.2454127559055118
0
LINE
8
BLACK
6
CONTINUOUS
10
0.9095401181102362
20
0.2454127559055118
11
0.9114148818897637
21
0.2416632283464567
0
LINE
8
BLACK
6
CONTINUOUS
10
0.9114148818897637
20
0.2416632283464567
11
0.9116217716535433
21
0.2411226377952756
0
LINE
8
BLACK
6
CONTINUOUS
10
0.9116217716535433
20
0.2411226377952756
11
0.9116292913385826
21
0.2410167716535433
0
LINE
8
BLACK
6
CONTINUOUS
10
0.9116292913385826
20
0.2410167716535433
11
0.9116698818897637
21
0.2409187795275591
0
LINE
8
BLACK
6
CONTINUOUS
10
0.9116698818897637
20
0.2409187795275591
11
0.9117266141732283
21
0.2403427165354331
0
LINE
8
BLACK
6
CONTINUOUS
10
0.9117266141732283
20
0.2403427165354331
11
0.9117266141732283
21
0.2347184251968504
0
LINE
8
BLACK
6
CONTINUOUS
10
0.9117266141732283
20
0.2347184251968504
11
0.9116698818897637
21
0.2341423622047244
0
LINE
8
BLACK
6
CONTINUOUS
10
0.9116698818897637
20
0.2341423622047244
11
0.9116292913385826
21
0.2340444094488189
0
LINE
8
BLACK
6
CONTINUOUS
10
0.9116292913385826
20
0.2340444094488189
11
0.9116217716535433
21
0.2339385039370079
0
LINE
8
BLACK
6
CONTINUOUS
10
0.9116217716535433
20
0.2339385039370079
11
0.9114148818897637
21
0.2333979133858268
0
LINE
8
BLACK
6
CONTINUOUS
10
0.9114148818897637
20
0.2333979133858268
11
0.9095401181102362
21
0.2296483858267717
0
LINE
8
BLACK
6
CONTINUOUS
10
0.9095401181102362
20
0.2296483858267717
11
0.9093840157480315
21
0.2294003937007874
0
LINE
8
BLACK
6
CONTINUOUS
10
0.9093840157480315
20
0.2294003937007874
11
0.9093542125984252
21
0.2293284251968504
0
LINE
8
BLACK
6
CONTINUOUS
10
0.9093542125984252
20
0.2293284251968504
11
0.9092877165354331
21
0.2292474803149606
0
LINE
8
BLACK
6
CONTINUOUS
10
0.9092877165354331
20
0.2292474803149606
11
0.9092317716535433
21
0.2291585039370079
0
LINE
8
BLACK
6
CONTINUOUS
10
0.9092317716535433
20
0.2291585039370079
11
0.9091727559055118
21
0.2291073622047244
0
LINE
8
BLACK
6
CONTINUOUS
10
0.9091727559055118
20
0.2291073622047244
11
0.9089870078740158
21
0.2288809842519685
0
LINE
8
BLACK
6
CONTINUOUS
10
0.9089870078740158
20
0.2288809842519685
11
0.9071122440944882
21
0.2270062204724409
0
LINE
8
BLACK
6
CONTINUOUS
10
0.9071122440944882
20
0.2270062204724409
11
0.9068858661417323
21
0.2268204724409449
0
LINE
8
BLACK
6
CONTINUOUS
10
0.9068858661417323
20
0.2268204724409449
11
0.9068347244094488
21
0.2267614566929134
0
LINE
8
BLACK
6
CONTINUOUS
10
0.9068347244094488
20
0.2267614566929134
11
0.906745748031496
21
0.2267055118110236
0
LINE
8
BLACK
6
CONTINUOUS
10
0.906745748031496
20
0.2267055118110236
11
0.9066648031496063
21
0.2266390157480315
0
LINE
8
BLACK
6
CONTINUOUS
10
0.9066648031496063
20
0.2266390157480315
11
0.9065928346456693
21
0.2266092125984252
0
LINE
8
BLACK
6
CONTINUOUS
10
0.9065928346456693
20
0.2266092125984252
11
0.9063448425196851
21
0.2264531102362205
0
LINE
8
BLACK
6
CONTINUOUS
10
0.9063448425196851
20
0.2264531102362205
11
0.9025953149606299
21
0.2245783464566929
0
LINE
8
BLACK
6
CONTINUOUS
10
0.9025953149606299
20
0.2245783464566929
11
0.90205468503937
21
0.2243714566929134
0
LINE
8
BLACK
6
CONTINUOUS
10
0.90205468503937
20
0.2243714566929134
11
0.9019488582677165
21
0.2243639763779527
0
LINE
8
BLACK
6
CONTINUOUS
10
0.9019488582677165
20
0.2243639763779527
11
0.9018508661417323
21
0.2243233464566929
0
LINE
8
BLACK
6
CONTINUOUS
10
0.9018508661417323
20
0.2243233464566929
11
0.9013187007874015
21
0.2242709448818898
0
LINE
8
BLACK
6
CONTINUOUS
10
0.9013187007874015
20
0.2242709448818898
11
0.911192874015748
21
0.2101649606299213
0
LINE
8
BLACK
6
CONTINUOUS
10
0.911192874015748
20
0.2101649606299213
11
0.9114767322834646
21
0.2096605118110236
0
LINE
8
BLACK
6
CONTINUOUS
10
0.9114767322834646
20
0.2096605118110236
11
0.911725905511811
21
0.2085356692913386
0
LINE
8
BLACK
6
CONTINUOUS
10
0.911725905511811
20
0.2085356692913386
11
0.9115257086614174
21
0.2074011023622047
0
LINE
8
BLACK
6
CONTINUOUS
10
0.9115257086614174
20
0.2074011023622047
11
0.9109065354330709
21
0.2064295275590551
0
LINE
8
BLACK
6
CONTINUOUS
10
0.9109065354330709
20
0.2064295275590551
11
0.9099626771653543
21
0.2057688188976378
0
LINE
8
BLACK
6
CONTINUOUS
10
0.9099626771653543
20
0.2057688188976378
11
0.9088378346456693
21
0.2055196062992126
0
LINE
8
BLACK
6
CONTINUOUS
10
0.9088378346456693
20
0.2055196062992126
11
0.9077033070866142
21
0.205719842519685
0
LINE
8
BLACK
6
CONTINUOUS
10
0.9077033070866142
20
0.205719842519685
11
0.9067316929133858
21
0.2063390157480315
0
LINE
8
BLACK
6
CONTINUOUS
10
0.9067316929133858
20
0.2063390157480315
11
0.9063548818897638
21
0.2067783858267717
0
LINE
8
BLACK
6
CONTINUOUS
10
0.9063548818897638
20
0.2067783858267717
11
0.9060808267716535
21
0.2071698818897638
0
LINE
8
BLACK
6
CONTINUOUS
10
0.9060808267716535
20
0.2071698818897638
11
0.9062104724409449
21
0.2066638582677165
0
LINE
8
BLACK
6
CONTINUOUS
10
0.9062104724409449
20
0.2066638582677165
11
0.9060475196850394
21
0.2055233858267717
0
LINE
8
BLACK
6
CONTINUOUS
10
0.9060475196850394
20
0.2055233858267717
11
0.9054605511811024
21
0.2045320078740157
0
LINE
8
BLACK
6
CONTINUOUS
10
0.9054605511811024
20
0.2045320078740157
11
0.9045388582677165
21
0.2038407086614173
0
LINE
8
BLACK
6
CONTINUOUS
10
0.9045388582677165
20
0.2038407086614173
11
0.9034227952755906
21
0.2035548031496063
0
LINE
8
BLACK
6
CONTINUOUS
10
0.9034227952755906
20
0.2035548031496063
11
0.902282283464567
21
0.2037177165354331
0
LINE
8
BLACK
6
CONTINUOUS
10
0.902282283464567
20
0.2037177165354331
11
0.901290905511811
21
0.2043047244094488
0
LINE
8
BLACK
6
CONTINUOUS
10
0.901290905511811
20
0.2043047244094488
11
0.9008998818897638
21
0.2047315354330708
0
LINE
8
BLACK
6
CONTINUOUS
10
0.9008998818897638
20
0.2047315354330708
11
0.8916940157480314
21
0.217006062992126
0
LINE
8
BLACK
6
CONTINUOUS
10
0.8916940157480314
20
0.217006062992126
11
0.8912167322834645
21
0.2165287401574803
0
LINE
8
BLACK
6
CONTINUOUS
10
0.8912167322834645
20
0.2165287401574803
11
0.8912167322834645
21
0.206503188976378
0
LINE
8
BLACK
6
CONTINUOUS
10
0.8912167322834645
20
0.206503188976378
11
0.89116
21
0.205927125984252
0
LINE
8
BLACK
6
CONTINUOUS
10
0.89116
20
0.205927125984252
11
0.890719094488189
21
0.2048627165354331
0
LINE
8
BLACK
6
CONTINUOUS
10
0.890719094488189
20
0.2048627165354331
11
0.8899044488188976
21
0.2040480708661417
0
LINE
8
BLACK
6
CONTINUOUS
10
0.8899044488188976
20
0.2040480708661417
11
0.8888400393700787
21
0.2036071653543307
0
LINE
8
BLACK
6
CONTINUOUS
10
0.8888400393700787
20
0.2036071653543307
11
0.8876879133858268
21
0.2036071653543307
0
LINE
8
BLACK
6
CONTINUOUS
10
0.8876879133858268
20
0.2036071653543307
11
0.8866235039370078
21
0.2040480708661417
0
LINE
8
BLACK
6
CONTINUOUS
10
0.8866235039370078
20
0.2040480708661417
11
0.8858088582677165
21
0.2048627165354331
0
LINE
8
BLACK
6
CONTINUOUS
10
0.8858088582677165
20
0.2048627165354331
11
0.8854747637795275
21
0.2056692519685039
0
LINE
8
BLACK
6
CONTINUOUS
10
0.8854747637795275
20
0.2056692519685039
11
0.8846362204724409
21
0.2060165748031496
0
LINE
8
BLACK
6
CONTINUOUS
10
0.8846362204724409
20
0.2060165748031496
11
0.8838215748031496
21
0.2068312204724409
0
LINE
8
BLACK
6
CONTINUOUS
10
0.8838215748031496
20
0.2068312204724409
11
0.8833806692913385
21
0.2078956299212598
0
LINE
8
BLACK
6
CONTINUOUS
10
0.8833806692913385
20
0.2078956299212598
11
0.883323937007874
21
0.2084716929133858
0
LINE
8
BLACK
6
CONTINUOUS
10
0.883323937007874
20
0.2084716929133858
11
0.883323937007874
21
0.2478417716535433
0
LINE
8
BLACK
6
CONTINUOUS
10
0.883323937007874
20
0.2478417716535433
11
0.8833806692913385
21
0.2484178346456693
0
LINE
8
BLACK
6
CONTINUOUS
10
0.8833806692913385
20
0.2484178346456693
11
0.8838215748031496
21
0.2494822440944882
0
LINE
8
BLACK
6
CONTINUOUS
10
0.8838215748031496
20
0.2494822440944882
11
0.8846362204724409
21
0.2502968897637795
0
LINE
8
BLACK
6
CONTINUOUS
10
0.8846362204724409
20
0.2502968897637795
11
0.8857006299212599
21
0.2507377952755905
0
LINE
8
BLACK
6
CONTINUOUS
10
0.8857006299212599
20
0.2507377952755905
11
0.8862766929133858
21
0.2507945275590551
0
LINE
8
BLACK
6
CONTINUOUS
10
0.8862766929133858
20
0.2507945275590551
11
0.9012748031496063
21
0.2507945275590551
0
LINE
8
BLACK
6
CONTINUOUS
10
0.9012748031496063
20
0.2507945275590551
11
0.9018508661417323
21
0.2507377952755905
0
LINE
8
BLACK
6
CONTINUOUS
10
0.8959122440944882
20
0.2212242913385827
11
0.9008702362204725
21
0.2146135826771653
0
LINE
8
BLACK
6
CONTINUOUS
10
0.9008702362204725
20
0.2146135826771653
11
0.8961066535433071
21
0.2214187401574803
0
LINE
8
BLACK
6
CONTINUOUS
10
0.8961066535433071
20
0.2214187401574803
11
0.8959122440944882
21
0.2212242913385827
0
LINE
8
BLACK
6
CONTINUOUS
10
0.8912167322834645
20
0.230172125984252
11
0.8965084645669291
21
0.230172125984252
0
LINE
8
BLACK
6
CONTINUOUS
10
0.8965084645669291
20
0.230172125984252
11
0.9011741732283465
21
0.2348378346456693
0
LINE
8
BLACK
6
CONTINUOUS
10
0.9011741732283465
20
0.2348378346456693
11
0.9016216141732283
21
0.2352050393700787
0
LINE
8
BLACK
6
CONTINUOUS
10
0.9016216141732283
20
0.2352050393700787
11
0.9026860236220472
21
0.2356459448818898
0
LINE
8
BLACK
6
CONTINUOUS
10
0.9026860236220472
20
0.2356459448818898
11
0.9038381102362204
21
0.2356459448818898
0
LINE
8
BLACK
6
CONTINUOUS
10
0.9038381102362204
20
0.2356459448818898
11
0.9049025196850393
21
0.2352050393700787
0
LINE
8
BLACK
6
CONTINUOUS
10
0.9049025196850393
20
0.2352050393700787
11
0.9054447637795275
21
0.2346627952755906
0
LINE
8
BLACK
6
CONTINUOUS
10
0.9054447637795275
20
0.2346627952755906
11
0.9058211023622047
21
0.2354154724409449
0
LINE
8
BLACK
6
CONTINUOUS
10
0.9058211023622047
20
0.2354154724409449
11
0.9058211023622047
21
0.2396456692913386
0
LINE
8
BLACK
6
CONTINUOUS
10
0.9058211023622047
20
0.2396456692913386
11
0.9044723622047244
21
0.2423431496062992
0
LINE
8
BLACK
6
CONTINUOUS
10
0.9044723622047244
20
0.2423431496062992
11
0.9032752362204725
21
0.2435402755905512
0
LINE
8
BLACK
6
CONTINUOUS
10
0.9032752362204725
20
0.2435402755905512
11
0.9005777559055118
21
0.2448890157480315
0
LINE
8
BLACK
6
CONTINUOUS
10
0.9005777559055118
20
0.2448890157480315
11
0.8912167322834645
21
0.2448890157480315
0
LINE
8
BLACK
6
CONTINUOUS
10
0.8912167322834645
20
0.2448890157480315
11
0.8912167322834645
21
0.230172125984252
0
LINE
8
BLACK
6
CONTINUOUS
10
0.7856153937007874
20
0.2507377952755905
11
0.7857133858267716
21
0.2506972047244094
0
LINE
8
BLACK
6
CONTINUOUS
10
0.7857133858267716
20
0.2506972047244094
11
0.7858192125984251
21
0.2506896850393701
0
LINE
8
BLACK
6
CONTINUOUS
10
0.7858192125984251
20
0.2506896850393701
11
0.786359842519685
21
0.2504827952755905
0
LINE
8
BLACK
6
CONTINUOUS
10
0.786359842519685
20
0.2504827952755905
11
0.7896733858267716
21
0.2488260236220472
0
LINE
8
BLACK
6
CONTINUOUS
10
0.7896733858267716
20
0.2488260236220472
11
0.7982751968503937
21
0.2488260236220472
0
LINE
8
BLACK
6
CONTINUOUS
10
0.7982751968503937
20
0.2488260236220472
11
0.7988512598425197
21
0.2487692913385827
0
LINE
8
BLACK
6
CONTINUOUS
10
0.7988512598425197
20
0.2487692913385827
11
0.7988681889763779
21
0.2487622834645669
0
LINE
8
BLACK
6
CONTINUOUS
10
0.7988681889763779
20
0.2487622834645669
11
0.7988864960629921
21
0.2487620472440945
0
LINE
8
BLACK
6
CONTINUOUS
10
0.7988864960629921
20
0.2487620472440945
11
0.7993985433070866
21
0.2485425984251969
0
LINE
8
BLACK
6
CONTINUOUS
10
0.7993985433070866
20
0.2485425984251969
11
0.7999156692913386
21
0.2483283858267716
0
LINE
8
BLACK
6
CONTINUOUS
10
0.7999156692913386
20
0.2483283858267716
11
0.7999286220472441
21
0.2483154330708661
0
LINE
8
BLACK
6
CONTINUOUS
10
0.7999286220472441
20
0.2483154330708661
11
0.7999454724409448
21
0.2483081889763779
0
LINE
8
BLACK
6
CONTINUOUS
10
0.7999454724409448
20
0.2483081889763779
11
0.8003350393700788
21
0.2479090157480315
0
LINE
8
BLACK
6
CONTINUOUS
10
0.8003350393700788
20
0.2479090157480315
11
0.8007303149606299
21
0.2475137401574803
0
LINE
8
BLACK
6
CONTINUOUS
10
0.8007303149606299
20
0.2475137401574803
11
0.8007373228346456
21
0.247496811023622
0
LINE
8
BLACK
6
CONTINUOUS
10
0.8007373228346456
20
0.247496811023622
11
0.800750157480315
21
0.2474836614173228
0
LINE
8
BLACK
6
CONTINUOUS
10
0.800750157480315
20
0.2474836614173228
11
0.8009577559055118
21
0.2469646850393701
0
LINE
8
BLACK
6
CONTINUOUS
10
0.8009577559055118
20
0.2469646850393701
11
0.8011712204724409
21
0.2464493307086614
0
LINE
8
BLACK
6
CONTINUOUS
10
0.8011712204724409
20
0.2464493307086614
11
0.8011712204724409
21
0.2464310236220472
0
LINE
8
BLACK
6
CONTINUOUS
10
0.8011712204724409
20
0.2464310236220472
11
0.8011780314960629
21
0.2464139763779528
0
LINE
8
BLACK
6
CONTINUOUS
10
0.8011780314960629
20
0.2464139763779528
11
0.8011712204724409
21
0.2458557086614173
0
LINE
8
BLACK
6
CONTINUOUS
10
0.8011712204724409
20
0.2458557086614173
11
0.8011712204724409
21
0.2452972047244094
0
LINE
8
BLACK
6
CONTINUOUS
10
0.8011712204724409
20
0.2452972047244094
11
0.8011641732283464
21
0.2452802755905512
0
LINE
8
BLACK
6
CONTINUOUS
10
0.8011641732283464
20
0.2452802755905512
11
0.8011639763779528
21
0.2452619291338583
0
LINE
8
BLACK
6
CONTINUOUS
10
0.8011639763779528
20
0.2452619291338583
11
0.8009892125984251
21
0.2447101181102362
0
LINE
8
BLACK
6
CONTINUOUS
10
0.8009892125984251
20
0.2447101181102362
11
0.786723937007874
21
0.2114244488188976
0
LINE
8
BLACK
6
CONTINUOUS
10
0.786723937007874
20
0.2114244488188976
11
0.7925383858267716
21
0.2114244488188976
0
LINE
8
BLACK
6
CONTINUOUS
10
0.7925383858267716
20
0.2114244488188976
11
0.7931144488188976
21
0.2113677165354331
0
LINE
8
BLACK
6
CONTINUOUS
10
0.7931144488188976
20
0.2113677165354331
11
0.7941788582677165
21
0.210926811023622
0
LINE
8
BLACK
6
CONTINUOUS
10
0.7941788582677165
20
0.210926811023622
11
0.7949935039370079
21
0.2101121653543307
0
LINE
8
BLACK
6
CONTINUOUS
10
0.7949935039370079
20
0.2101121653543307
11
0.7954344094488188
21
0.2090477559055118
0
LINE
8
BLACK
6
CONTINUOUS
10
0.7954344094488188
20
0.2090477559055118
11
0.7954344094488188
21
0.2078956299212598
0
LINE
8
BLACK
6
CONTINUOUS
10
0.7954344094488188
20
0.2078956299212598
11
0.7949935039370079
21
0.2068312204724409
0
LINE
8
BLACK
6
CONTINUOUS
10
0.7949935039370079
20
0.2068312204724409
11
0.7941788582677165
21
0.2060165748031496
0
LINE
8
BLACK
6
CONTINUOUS
10
0.7941788582677165
20
0.2060165748031496
11
0.7931144488188976
21
0.2055756692913386
0
LINE
8
BLACK
6
CONTINUOUS
10
0.7931144488188976
20
0.2055756692913386
11
0.7925383858267716
21
0.205518937007874
0
LINE
8
BLACK
6
CONTINUOUS
10
0.7925383858267716
20
0.205518937007874
11
0.7841929921259843
21
0.205518937007874
0
LINE
8
BLACK
6
CONTINUOUS
10
0.7841929921259843
20
0.205518937007874
11
0.7841163385826772
21
0.2053400393700787
0
LINE
8
BLACK
6
CONTINUOUS
10
0.7841163385826772
20
0.2053400393700787
11
0.7838372834645669
21
0.2048329133858268
0
LINE
8
BLACK
6
CONTINUOUS
10
0.7838372834645669
20
0.2048329133858268
11
0.783012716535433
21
0.2040282283464567
0
LINE
8
BLACK
6
CONTINUOUS
10
0.783012716535433
20
0.2040282283464567
11
0.7819430314960629
21
0.2036003543307087
0
LINE
8
BLACK
6
CONTINUOUS
10
0.7819430314960629
20
0.2036003543307087
11
0.7807910236220472
21
0.2036144094488189
0
LINE
8
BLACK
6
CONTINUOUS
10
0.7807910236220472
20
0.2036144094488189
11
0.7797320472440945
21
0.2040682283464567
0
LINE
8
BLACK
6
CONTINUOUS
10
0.7797320472440945
20
0.2040682283464567
11
0.7789273622047244
21
0.2048927952755905
0
LINE
8
BLACK
6
CONTINUOUS
10
0.7789273622047244
20
0.2048927952755905
11
0.7786768897637795
21
0.205518937007874
0
LINE
8
BLACK
6
CONTINUOUS
10
0.7786768897637795
20
0.205518937007874
11
0.7681664566929134
21
0.205518937007874
0
LINE
8
BLACK
6
CONTINUOUS
10
0.7681664566929134
20
0.205518937007874
11
0.7675903937007874
21
0.2055756692913386
0
LINE
8
BLACK
6
CONTINUOUS
10
0.7675903937007874
20
0.2055756692913386
11
0.7665259842519685
21
0.2060165748031496
0
LINE
8
BLACK
6
CONTINUOUS
10
0.7665259842519685
20
0.2060165748031496
11
0.7657113385826771
21
0.2068312204724409
0
LINE
8
BLACK
6
CONTINUOUS
10
0.7657113385826771
20
0.2068312204724409
11
0.7652704330708662
21
0.2078956299212598
0
LINE
8
BLACK
6
CONTINUOUS
10
0.7652704330708662
20
0.2078956299212598
11
0.7652704330708662
21
0.2090477559055118
0
LINE
8
BLACK
6
CONTINUOUS
10
0.7652704330708662
20
0.2090477559055118
11
0.7657113385826771
21
0.2101121653543307
0
LINE
8
BLACK
6
CONTINUOUS
10
0.7657113385826771
20
0.2101121653543307
11
0.7660785433070866
21
0.2105596062992126
0
LINE
8
BLACK
6
CONTINUOUS
10
0.7660785433070866
20
0.2105596062992126
11
0.7880827952755906
21
0.232563937007874
0
LINE
8
BLACK
6
CONTINUOUS
10
0.7880827952755906
20
0.232563937007874
11
0.7895856299212598
21
0.2370723228346457
0
LINE
8
BLACK
6
CONTINUOUS
10
0.7895856299212598
20
0.2370723228346457
11
0.7895856299212598
21
0.2396456692913386
0
LINE
8
BLACK
6
CONTINUOUS
10
0.7895856299212598
20
0.2396456692913386
11
0.7882368897637795
21
0.2423431496062992
0
LINE
8
BLACK
6
CONTINUOUS
10
0.7882368897637795
20
0.2423431496062992
11
0.7876595275590551
21
0.2429205118110236
0
LINE
8
BLACK
6
CONTINUOUS
10
0.7876595275590551
20
0.2429205118110236
11
0.7730453149606299
21
0.2429205118110236
0
LINE
8
BLACK
6
CONTINUOUS
10
0.7730453149606299
20
0.2429205118110236
11
0.7721291338582676
21
0.2420043307086614
0
LINE
8
BLACK
6
CONTINUOUS
10
0.7721291338582676
20
0.2420043307086614
11
0.7716816929133858
21
0.241637125984252
0
LINE
8
BLACK
6
CONTINUOUS
10
0.7716816929133858
20
0.241637125984252
11
0.7706172440944882
21
0.2411962204724409
0
LINE
8
BLACK
6
CONTINUOUS
10
0.7706172440944882
20
0.2411962204724409
11
0.7694651968503937
21
0.2411962204724409
0
LINE
8
BLACK
6
CONTINUOUS
10
0.7694651968503937
20
0.2411962204724409
11
0.7684007480314961
21
0.241637125984252
0
LINE
8
BLACK
6
CONTINUOUS
10
0.7684007480314961
20
0.241637125984252
11
0.7675861023622047
21
0.2424517716535433
0
LINE
8
BLACK
6
CONTINUOUS
10
0.7675861023622047
20
0.2424517716535433
11
0.7671451968503937
21
0.243516220472441
0
LINE
8
BLACK
6
CONTINUOUS
10
0.7671451968503937
20
0.243516220472441
11
0.7671451968503937
21
0.2446682677165354
0
LINE
8
BLACK
6
CONTINUOUS
10
0.7671451968503937
20
0.2446682677165354
11
0.7675861023622047
21
0.2457327165354331
0
LINE
8
BLACK
6
CONTINUOUS
10
0.7675861023622047
20
0.2457327165354331
11
0.7679533070866141
21
0.246180157480315
0
LINE
8
BLACK
6
CONTINUOUS
10
0.7679533070866141
20
0.246180157480315
11
0.7698280708661417
21
0.2480549212598425
0
LINE
8
BLACK
6
CONTINUOUS
10
0.7698280708661417
20
0.2480549212598425
11
0.7700544094488189
21
0.2482407086614173
0
LINE
8
BLACK
6
CONTINUOUS
10
0.7700544094488189
20
0.2482407086614173
11
0.7701055905511811
21
0.2482996850393701
0
LINE
8
BLACK
6
CONTINUOUS
10
0.7701055905511811
20
0.2482996850393701
11
0.7701945275590552
21
0.2483556692913386
0
LINE
8
BLACK
6
CONTINUOUS
10
0.7701945275590552
20
0.2483556692913386
11
0.7702755118110236
21
0.248422125984252
0
LINE
8
BLACK
6
CONTINUOUS
10
0.7702755118110236
20
0.248422125984252
11
0.7703474409448818
21
0.248451968503937
0
LINE
8
BLACK
6
CONTINUOUS
10
0.7703474409448818
20
0.248451968503937
11
0.7705954724409448
21
0.248608031496063
0
LINE
8
BLACK
6
CONTINUOUS
10
0.7705954724409448
20
0.248608031496063
11
0.774345
21
0.2504827952755905
0
LINE
8
BLACK
6
CONTINUOUS
10
0.774345
20
0.2504827952755905
11
0.7748855905511811
21
0.2506896850393701
0
LINE
8
BLACK
6
CONTINUOUS
10
0.7748855905511811
20
0.2506896850393701
11
0.7749914566929134
21
0.2506972440944882
0
LINE
8
BLACK
6
CONTINUOUS
10
0.7749914566929134
20
0.2506972440944882
11
0.7750894488188976
21
0.2507377952755905
0
LINE
8
BLACK
6
CONTINUOUS
10
0.7750894488188976
20
0.2507377952755905
11
0.7756655118110236
21
0.2507945275590551
0
LINE
8
BLACK
6
CONTINUOUS
10
0.7756655118110236
20
0.2507945275590551
11
0.7850393307086614
21
0.2507945275590551
0
LINE
8
BLACK
6
CONTINUOUS
10
0.7850393307086614
20
0.2507945275590551
11
0.7856153937007874
21
0.2507377952755905
0
LINE
8
BLACK
6
CONTINUOUS
10
0.7752950393700787
20
0.2114244488188976
11
0.780298937007874
21
0.2114244488188976
0
LINE
8
BLACK
6
CONTINUOUS
10
0.780298937007874
20
0.2114244488188976
11
0.784051811023622
21
0.2201812992125984
0
LINE
8
BLACK
6
CONTINUOUS
10
0.784051811023622
20
0.2201812992125984
11
0.7752950393700787
21
0.2114244488188976
0
LINE
8
BLACK
6
CONTINUOUS
10
0.6656303937007874
20
0.2507377952755905
11
0.6657283858267716
21
0.2506972047244094
0
LINE
8
BLACK
6
CONTINUOUS
10
0.6657283858267716
20
0.2506972047244094
11
0.6658342125984252
21
0.2506896850393701
0
LINE
8
BLACK
6
CONTINUOUS
10
0.6658342125984252
20
0.2506896850393701
11
0.666374842519685
21
0.2504827952755905
0
LINE
8
BLACK
6
CONTINUOUS
10
0.666374842519685
20
0.2504827952755905
11
0.6701243700787402
21
0.248608031496063
0
LINE
8
BLACK
6
CONTINUOUS
10
0.6701243700787402
20
0.248608031496063
11
0.6706142519685039
21
0.2482996850393701
0
LINE
8
BLACK
6
CONTINUOUS
10
0.6706142519685039
20
0.2482996850393701
11
0.6713690944881889
21
0.2474292913385827
0
LINE
8
BLACK
6
CONTINUOUS
10
0.6713690944881889
20
0.2474292913385827
11
0.6717334251968504
21
0.2463363385826772
0
LINE
8
BLACK
6
CONTINUOUS
10
0.6717334251968504
20
0.2463363385826772
11
0.6716517716535433
21
0.245187125984252
0
LINE
8
BLACK
6
CONTINUOUS
10
0.6716517716535433
20
0.245187125984252
11
0.6711364960629921
21
0.2441566141732283
0
LINE
8
BLACK
6
CONTINUOUS
10
0.6711364960629921
20
0.2441566141732283
11
0.6702661417322835
21
0.2434017716535433
0
LINE
8
BLACK
6
CONTINUOUS
10
0.6702661417322835
20
0.2434017716535433
11
0.6691731496062991
21
0.2430374409448819
0
LINE
8
BLACK
6
CONTINUOUS
10
0.6691731496062991
20
0.2430374409448819
11
0.668023937007874
21
0.243119094488189
0
LINE
8
BLACK
6
CONTINUOUS
10
0.668023937007874
20
0.243119094488189
11
0.6674833464566929
21
0.2433259842519685
0
LINE
8
BLACK
6
CONTINUOUS
10
0.6674833464566929
20
0.2433259842519685
11
0.6643572834645669
21
0.2448890157480315
0
LINE
8
BLACK
6
CONTINUOUS
10
0.6643572834645669
20
0.2448890157480315
11
0.6599091732283464
21
0.2448890157480315
0
LINE
8
BLACK
6
CONTINUOUS
10
0.6599091732283464
20
0.2448890157480315
11
0.6554007874015748
21
0.2433862204724409
0
LINE
8
BLACK
6
CONTINUOUS
10
0.6554007874015748
20
0.2433862204724409
11
0.6524829527559055
21
0.2404683858267717
0
LINE
8
BLACK
6
CONTINUOUS
10
0.6524829527559055
20
0.2404683858267717
11
0.6509674409448819
21
0.2374374015748031
0
LINE
8
BLACK
6
CONTINUOUS
10
0.6509674409448819
20
0.2374374015748031
11
0.6492594488188976
21
0.2306053543307087
0
LINE
8
BLACK
6
CONTINUOUS
10
0.6492594488188976
20
0.2306053543307087
11
0.6492594488188976
21
0.2257081496062992
0
LINE
8
BLACK
6
CONTINUOUS
10
0.6492594488188976
20
0.2257081496062992
11
0.6509674409448819
21
0.2188761023622047
0
LINE
8
BLACK
6
CONTINUOUS
10
0.6509674409448819
20
0.2188761023622047
11
0.6524829527559055
21
0.2158451181102362
0
LINE
8
BLACK
6
CONTINUOUS
10
0.6524829527559055
20
0.2158451181102362
11
0.6554007874015748
21
0.2129272440944882
0
LINE
8
BLACK
6
CONTINUOUS
10
0.6554007874015748
20
0.2129272440944882
11
0.6599091732283464
21
0.2114244488188976
0
LINE
8
BLACK
6
CONTINUOUS
10
0.6599091732283464
20
0.2114244488188976
11
0.6627004330708661
21
0.2114244488188976
0
LINE
8
BLACK
6
CONTINUOUS
10
0.6627004330708661
20
0.2114244488188976
11
0.6672088188976378
21
0.2129272834645669
0
LINE
8
BLACK
6
CONTINUOUS
10
0.6672088188976378
20
0.2129272834645669
11
0.6677258661417322
21
0.2134443307086614
0
LINE
8
BLACK
6
CONTINUOUS
10
0.6677258661417322
20
0.2134443307086614
11
0.6677258661417322
21
0.2223918503937008
0
LINE
8
BLACK
6
CONTINUOUS
10
0.6677258661417322
20
0.2223918503937008
11
0.6631795669291338
21
0.2223918503937008
0
LINE
8
BLACK
6
CONTINUOUS
10
0.6631795669291338
20
0.2223918503937008
11
0.6626035039370078
21
0.2224485826771654
0
LINE
8
BLACK
6
CONTINUOUS
10
0.6626035039370078
20
0.2224485826771654
11
0.6615390944881889
21
0.2228894881889764
0
LINE
8
BLACK
6
CONTINUOUS
10
0.6615390944881889
20
0.2228894881889764
11
0.6607244488188976
21
0.2237041338582677
0
LINE
8
BLACK
6
CONTINUOUS
10
0.6607244488188976
20
0.2237041338582677
11
0.6602835433070866
21
0.2247685433070866
0
LINE
8
BLACK
6
CONTINUOUS
10
0.6602835433070866
20
0.2247685433070866
11
0.6602835433070866
21
0.2259206692913386
0
LINE
8
BLACK
6
CONTINUOUS
10
0.6602835433070866
20
0.2259206692913386
11
0.6607244488188976
21
0.2269850787401575
0
LINE
8
BLACK
6
CONTINUOUS
10
0.6607244488188976
20
0.2269850787401575
11
0.6615390944881889
21
0.2277997244094488
0
LINE
8
BLACK
6
CONTINUOUS
10
0.6615390944881889
20
0.2277997244094488
11
0.6626035039370078
21
0.2282406299212598
0
LINE
8
BLACK
6
CONTINUOUS
10
0.6626035039370078
20
0.2282406299212598
11
0.6631795669291338
21
0.2282973622047244
0
LINE
8
BLACK
6
CONTINUOUS
10
0.6631795669291338
20
0.2282973622047244
11
0.670678622047244
21
0.2282973622047244
0
LINE
8
BLACK
6
CONTINUOUS
10
0.670678622047244
20
0.2282973622047244
11
0.67125468503937
21
0.2282406299212598
0
LINE
8
BLACK
6
CONTINUOUS
10
0.67125468503937
20
0.2282406299212598
11
0.6723190944881889
21
0.2277997244094488
0
LINE
8
BLACK
6
CONTINUOUS
10
0.6723190944881889
20
0.2277997244094488
11
0.6731337401574803
21
0.2269850787401575
0
LINE
8
BLACK
6
CONTINUOUS
10
0.6731337401574803
20
0.2269850787401575
11
0.6735746456692914
21
0.2259206692913386
0
LINE
8
BLACK
6
CONTINUOUS
10
0.6735746456692914
20
0.2259206692913386
11
0.6736313779527558
21
0.2253446062992126
0
LINE
8
BLACK
6
CONTINUOUS
10
0.6736313779527558
20
0.2253446062992126
11
0.6736313779527558
21
0.2122212598425197
0
LINE
8
BLACK
6
CONTINUOUS
10
0.6736313779527558
20
0.2122212598425197
11
0.6735746456692914
21
0.2116451968503937
0
LINE
8
BLACK
6
CONTINUOUS
10
0.6735746456692914
20
0.2116451968503937
11
0.6734204330708661
21
0.2112729133858268
0
LINE
8
BLACK
6
CONTINUOUS
10
0.6734204330708661
20
0.2112729133858268
11
0.673133779527559
21
0.2105808267716535
0
LINE
8
BLACK
6
CONTINUOUS
10
0.673133779527559
20
0.2105808267716535
11
0.6727665354330709
21
0.2101333464566929
0
LINE
8
BLACK
6
CONTINUOUS
10
0.6727665354330709
20
0.2101333464566929
11
0.6708918110236221
21
0.2082585826771653
0
LINE
8
BLACK
6
CONTINUOUS
10
0.6708918110236221
20
0.2082585826771653
11
0.6704443307086614
21
0.2078913385826772
0
LINE
8
BLACK
6
CONTINUOUS
10
0.6704443307086614
20
0.2078913385826772
11
0.6703462598425197
21
0.2078507480314961
0
LINE
8
BLACK
6
CONTINUOUS
10
0.6703462598425197
20
0.2078507480314961
11
0.6702661417322835
21
0.2077812204724409
0
LINE
8
BLACK
6
CONTINUOUS
10
0.6702661417322835
20
0.2077812204724409
11
0.6697375984251969
21
0.2075452362204724
0
LINE
8
BLACK
6
CONTINUOUS
10
0.6697375984251969
20
0.2075452362204724
11
0.6641133070866142
21
0.2056704724409449
0
LINE
8
BLACK
6
CONTINUOUS
10
0.6641133070866142
20
0.2056704724409449
11
0.663827716535433
21
0.2056055511811024
0
LINE
8
BLACK
6
CONTINUOUS
10
0.663827716535433
20
0.2056055511811024
11
0.6637556299212598
21
0.2055756692913386
0
LINE
8
BLACK
6
CONTINUOUS
10
0.6637556299212598
20
0.2055756692913386
11
0.6636511023622047
21
0.2055653937007874
0
LINE
8
BLACK
6
CONTINUOUS
10
0.6636511023622047
20
0.2055653937007874
11
0.6635488582677165
21
0.205542125984252
0
LINE
8
BLACK
6
CONTINUOUS
10
0.6635488582677165
20
0.205542125984252
11
0.6634711023622047
21
0.2055476771653543
0
LINE
8
BLACK
6
CONTINUOUS
10
0.6634711023622047
20
0.2055476771653543
11
0.6631795669291338
21
0.205518937007874
0
LINE
8
BLACK
6
CONTINUOUS
10
0.6631795669291338
20
0.205518937007874
11
0.6594300393700787
21
0.205518937007874
0
LINE
8
BLACK
6
CONTINUOUS
10
0.6594300393700787
20
0.205518937007874
11
0.6591384251968504
21
0.2055476771653543
0
LINE
8
BLACK
6
CONTINUOUS
10
0.6591384251968504
20
0.2055476771653543
11
0.6590607086614173
21
0.205542125984252
0
LINE
8
BLACK
6
CONTINUOUS
10
0.6590607086614173
20
0.205542125984252
11
0.6589584251968503
21
0.2055653937007874
0
LINE
8
BLACK
6
CONTINUOUS
10
0.6589584251968503
20
0.2055653937007874
11
0.6588539763779527
21
0.2055756692913386
0
LINE
8
BLACK
6
CONTINUOUS
10
0.6588539763779527
20
0.2055756692913386
11
0.6587818897637795
21
0.2056055511811024
0
LINE
8
BLACK
6
CONTINUOUS
10
0.6587818897637795
20
0.2056055511811024
11
0.6584962598425197
21
0.2056704724409449
0
LINE
8
BLACK
6
CONTINUOUS
10
0.6584962598425197
20
0.2056704724409449
11
0.6528720078740158
21
0.2075452362204724
0
LINE
8
BLACK
6
CONTINUOUS
10
0.6528720078740158
20
0.2075452362204724
11
0.6523434251968504
21
0.2077812204724409
0
LINE
8
BLACK
6
CONTINUOUS
10
0.6523434251968504
20
0.2077812204724409
11
0.6522633070866142
21
0.2078507086614173
0
LINE
8
BLACK
6
CONTINUOUS
10
0.6522633070866142
20
0.2078507086614173
11
0.6521652755905512
21
0.2078912992125984
0
LINE
8
BLACK
6
CONTINUOUS
10
0.6521652755905512
20
0.2078912992125984
11
0.6517178346456692
21
0.2082585433070866
0
LINE
8
BLACK
6
CONTINUOUS
10
0.6517178346456692
20
0.2082585433070866
11
0.6479683070866141
21
0.2120081102362205
0
LINE
8
BLACK
6
CONTINUOUS
10
0.6479683070866141
20
0.2120081102362205
11
0.6477825196850393
21
0.2122344881889764
0
LINE
8
BLACK
6
CONTINUOUS
10
0.6477825196850393
20
0.2122344881889764
11
0.6477235433070866
21
0.2122856299212598
0
LINE
8
BLACK
6
CONTINUOUS
10
0.6477235433070866
20
0.2122856299212598
11
0.6476675590551181
21
0.2123745669291338
0
LINE
8
BLACK
6
CONTINUOUS
10
0.6476675590551181
20
0.2123745669291338
11
0.6476010629921259
21
0.2124555905511811
0
LINE
8
BLACK
6
CONTINUOUS
10
0.6476010629921259
20
0.2124555905511811
11
0.647571220472441
21
0.2125276377952756
0
LINE
8
BLACK
6
CONTINUOUS
10
0.647571220472441
20
0.2125276377952756
11
0.6474151968503937
21
0.2127755118110236
0
LINE
8
BLACK
6
CONTINUOUS
10
0.6474151968503937
20
0.2127755118110236
11
0.6455404330708662
21
0.2165250393700787
0
LINE
8
BLACK
6
CONTINUOUS
10
0.6455404330708662
20
0.2165250393700787
11
0.6455242913385827
21
0.2165671653543307
0
LINE
8
BLACK
6
CONTINUOUS
10
0.6455242913385827
20
0.2165671653543307
11
0.6455116141732283
21
0.2165842913385827
0
LINE
8
BLACK
6
CONTINUOUS
10
0.6455116141732283
20
0.2165842913385827
11
0.6454251574803149
21
0.2168262598425197
0
LINE
8
BLACK
6
CONTINUOUS
10
0.6454251574803149
20
0.2168262598425197
11
0.6453335433070866
21
0.2170656692913386
0
LINE
8
BLACK
6
CONTINUOUS
10
0.6453335433070866
20
0.2170656692913386
11
0.6453320078740157
21
0.2170869291338583
0
LINE
8
BLACK
6
CONTINUOUS
10
0.6453320078740157
20
0.2170869291338583
11
0.6453168503937008
21
0.2171294094488189
0
LINE
8
BLACK
6
CONTINUOUS
10
0.6453168503937008
20
0.2171294094488189
11
0.6434420866141732
21
0.2246284645669291
0
LINE
8
BLACK
6
CONTINUOUS
10
0.6434420866141732
20
0.2246284645669291
11
0.6434272834645669
21
0.2247283464566929
0
LINE
8
BLACK
6
CONTINUOUS
10
0.6434272834645669
20
0.2247283464566929
11
0.6434106692913386
21
0.2247685433070866
0
LINE
8
BLACK
6
CONTINUOUS
10
0.6434106692913386
20
0.2247685433070866
11
0.6433892913385827
21
0.2249855905511811
0
LINE
8
BLACK
6
CONTINUOUS
10
0.6433892913385827
20
0.2249855905511811
11
0.6433574409448819
21
0.225201062992126
0
LINE
8
BLACK
6
CONTINUOUS
10
0.6433574409448819
20
0.225201062992126
11
0.6433638188976378
21
0.225244094488189
0
LINE
8
BLACK
6
CONTINUOUS
10
0.6433638188976378
20
0.225244094488189
11
0.643353937007874
21
0.2253446062992126
0
LINE
8
BLACK
6
CONTINUOUS
10
0.643353937007874
20
0.2253446062992126
11
0.643353937007874
21
0.2309688976377953
0
LINE
8
BLACK
6
CONTINUOUS
10
0.643353937007874
20
0.2309688976377953
11
0.6433638188976378
21
0.2310694488188976
0
LINE
8
BLACK
6
CONTINUOUS
10
0.6433638188976378
20
0.2310694488188976
11
0.6433574409448819
21
0.2311124409448819
0
LINE
8
BLACK
6
CONTINUOUS
10
0.6433574409448819
20
0.2311124409448819
11
0.6433892913385827
21
0.2313279527559055
0
LINE
8
BLACK
6
CONTINUOUS
10
0.6433892913385827
20
0.2313279527559055
11
0.6434106692913386
21
0.2315449606299212
0
LINE
8
BLACK
6
CONTINUOUS
10
0.6434106692913386
20
0.2315449606299212
11
0.6434272834645669
21
0.2315851968503937
0
LINE
8
BLACK
6
CONTINUOUS
10
0.6434272834645669
20
0.2315851968503937
11
0.6434420866141732
21
0.2316850393700787
0
LINE
8
BLACK
6
CONTINUOUS
10
0.6434420866141732
20
0.2316850393700787
11
0.6453168503937008
21
0.239184094488189
0
LINE
8
BLACK
6
CONTINUOUS
10
0.6453168503937008
20
0.239184094488189
11
0.6453320078740157
21
0.2392266141732284
0
LINE
8
BLACK
6
CONTINUOUS
10
0.6453320078740157
20
0.2392266141732284
11
0.6453335433070866
21
0.2392478346456693
0
LINE
8
BLACK
6
CONTINUOUS
10
0.6453335433070866
20
0.2392478346456693
11
0.6454255511811023
21
0.2394883070866142
0
LINE
8
BLACK
6
CONTINUOUS
10
0.6454255511811023
20
0.2394883070866142
11
0.6455116141732283
21
0.2397292125984252
0
LINE
8
BLACK
6
CONTINUOUS
10
0.6455116141732283
20
0.2397292125984252
11
0.6455242913385827
21
0.2397463779527559
0
LINE
8
BLACK
6
CONTINUOUS
10
0.6455242913385827
20
0.2397463779527559
11
0.6455404330708662
21
0.2397884645669291
0
LINE
8
BLACK
6
CONTINUOUS
10
0.6455404330708662
20
0.2397884645669291
11
0.6474151968503937
21
0.2435379921259843
0
LINE
8
BLACK
6
CONTINUOUS
10
0.6474151968503937
20
0.2435379921259843
11
0.6475712598425196
21
0.2437860236220472
0
LINE
8
BLACK
6
CONTINUOUS
10
0.6475712598425196
20
0.2437860236220472
11
0.6476011023622047
21
0.2438579527559055
0
LINE
8
BLACK
6
CONTINUOUS
10
0.6476011023622047
20
0.2438579527559055
11
0.6476675590551181
21
0.243938937007874
0
LINE
8
BLACK
6
CONTINUOUS
10
0.6476675590551181
20
0.243938937007874
11
0.6477235433070866
21
0.244027874015748
0
LINE
8
BLACK
6
CONTINUOUS
10
0.6477235433070866
20
0.244027874015748
11
0.6477825196850393
21
0.2440790551181102
0
LINE
8
BLACK
6
CONTINUOUS
10
0.6477825196850393
20
0.2440790551181102
11
0.6479683070866141
21
0.2443053937007874
0
LINE
8
BLACK
6
CONTINUOUS
10
0.6479683070866141
20
0.2443053937007874
11
0.6517178346456692
21
0.2480549212598425
0
LINE
8
BLACK
6
CONTINUOUS
10
0.6517178346456692
20
0.2480549212598425
11
0.6521652755905512
21
0.2484221653543307
0
LINE
8
BLACK
6
CONTINUOUS
10
0.6521652755905512
20
0.2484221653543307
11
0.6522633070866142
21
0.2484627952755905
0
LINE
8
BLACK
6
CONTINUOUS
10
0.6522633070866142
20
0.2484627952755905
11
0.6523434251968504
21
0.2485322440944882
0
LINE
8
BLACK
6
CONTINUOUS
10
0.6523434251968504
20
0.2485322440944882
11
0.6528720078740158
21
0.2487682283464567
0
LINE
8
BLACK
6
CONTINUOUS
10
0.6528720078740158
20
0.2487682283464567
11
0.6584962598425197
21
0.2506429921259842
0
LINE
8
BLACK
6
CONTINUOUS
10
0.6584962598425197
20
0.2506429921259842
11
0.6587818897637795
21
0.2507079527559055
0
LINE
8
BLACK
6
CONTINUOUS
10
0.6587818897637795
20
0.2507079527559055
11
0.6588539763779527
21
0.2507377952755905
0
LINE
8
BLACK
6
CONTINUOUS
10
0.6588539763779527
20
0.2507377952755905
11
0.6589584251968503
21
0.2507481102362205
0
LINE
8
BLACK
6
CONTINUOUS
10
0.6589584251968503
20
0.2507481102362205
11
0.6590607086614173
21
0.2507713385826771
0
LINE
8
BLACK
6
CONTINUOUS
10
0.6590607086614173
20
0.2507713385826771
11
0.6591384251968504
21
0.2507658267716535
0
LINE
8
BLACK
6
CONTINUOUS
10
0.6591384251968504
20
0.2507658267716535
11
0.6594300393700787
21
0.2507945275590551
0
LINE
8
BLACK
6
CONTINUOUS
10
0.6594300393700787
20
0.2507945275590551
11
0.6650543307086614
21
0.2507945275590551
0
LINE
8
BLACK
6
CONTINUOUS
10
0.6650543307086614
20
0.2507945275590551
11
0.6656303937007874
21
0.2507377952755905
0
LINE
8
BLACK
6
CONTINUOUS
10
0.9727995669291338
20
0.2507377952755905
11
0.973091968503937
21
0.2507377952755905
0
LINE
8
BLACK
6
CONTINUOUS
10
0.973091968503937
20
0.2507377952755905
11
0.9733592125984252
21
0.2506270866141732
0
LINE
8
BLACK
6
CONTINUOUS
10
0.9733592125984252
20
0.2506270866141732
11
0.973643031496063
21
0.2505709448818897
0
LINE
8
BLACK
6
CONTINUOUS
10
0.973643031496063
20
0.2505709448818897
11
0.9738862992125984
21
0.250408779527559
0
LINE
8
BLACK
6
CONTINUOUS
10
0.9738862992125984
20
0.250408779527559
11
0.9741563779527559
21
0.2502968897637795
0
LINE
8
BLACK
6
CONTINUOUS
10
0.9741563779527559
20
0.2502968897637795
11
0.9743608267716535
21
0.2500924409448819
0
LINE
8
BLACK
6
CONTINUOUS
10
0.9743608267716535
20
0.2500924409448819
11
0.9746016535433071
21
0.2499318897637795
0
LINE
8
BLACK
6
CONTINUOUS
10
0.9746016535433071
20
0.2499318897637795
11
0.9747643700787402
21
0.2496888976377953
0
LINE
8
BLACK
6
CONTINUOUS
10
0.9747643700787402
20
0.2496888976377953
11
0.9749710236220472
21
0.2494822440944882
0
LINE
8
BLACK
6
CONTINUOUS
10
0.9749710236220472
20
0.2494822440944882
11
0.9750816929133858
21
0.2492150393700787
0
LINE
8
BLACK
6
CONTINUOUS
10
0.9750816929133858
20
0.2492150393700787
11
0.975242716535433
21
0.2489746062992126
0
LINE
8
BLACK
6
CONTINUOUS
10
0.975242716535433
20
0.2489746062992126
11
0.9753000393700787
21
0.2486879527559055
0
LINE
8
BLACK
6
CONTINUOUS
10
0.9753000393700787
20
0.2486879527559055
11
0.9754119291338582
21
0.2484178346456693
0
LINE
8
BLACK
6
CONTINUOUS
10
0.9754119291338582
20
0.2484178346456693
11
0.975468031496063
21
0.2478479133858268
0
LINE
8
BLACK
6
CONTINUOUS
10
0.975468031496063
20
0.2478479133858268
11
0.9754686614173228
21
0.2478448818897638
0
LINE
8
BLACK
6
CONTINUOUS
10
0.9754686614173228
20
0.2478448818897638
11
0.9754684251968504
21
0.2478438582677165
0
LINE
8
BLACK
6
CONTINUOUS
10
0.9754684251968504
20
0.2478438582677165
11
0.9754686614173228
21
0.2478417716535433
0
LINE
8
BLACK
6
CONTINUOUS
10
0.9754686614173228
20
0.2478417716535433
11
0.9754686614173228
21
0.2114244488188976
0
LINE
8
BLACK
6
CONTINUOUS
10
0.9754686614173228
20
0.2114244488188976
11
0.9837644881889763
21
0.2114244488188976
0
LINE
8
BLACK
6
CONTINUOUS
10
0.9837644881889763
20
0.2114244488188976
11
0.9843405511811023
21
0.2113677165354331
0
LINE
8
BLACK
6
CONTINUOUS
10
0.9843405511811023
20
0.2113677165354331
11
0.9854049606299212
21
0.210926811023622
0
LINE
8
BLACK
6
CONTINUOUS
10
0.9854049606299212
20
0.210926811023622
11
0.9862196062992126
21
0.2101121653543307
0
LINE
8
BLACK
6
CONTINUOUS
10
0.9862196062992126
20
0.2101121653543307
11
0.9866605118110237
21
0.2090477559055118
0
LINE
8
BLACK
6
CONTINUOUS
10
0.9866605118110237
20
0.2090477559055118
11
0.9866605118110237
21
0.2078956299212598
0
LINE
8
BLACK
6
CONTINUOUS
10
0.9866605118110237
20
0.2078956299212598
11
0.9862196062992126
21
0.2068312204724409
0
LINE
8
BLACK
6
CONTINUOUS
10
0.9862196062992126
20
0.2068312204724409
11
0.9854049606299212
21
0.2060165748031496
0
LINE
8
BLACK
6
CONTINUOUS
10
0.9854049606299212
20
0.2060165748031496
11
0.9843405511811023
21
0.2055756692913386
0
LINE
8
BLACK
6
CONTINUOUS
10
0.9843405511811023
20
0.2055756692913386
11
0.9837644881889763
21
0.205518937007874
0
LINE
8
BLACK
6
CONTINUOUS
10
0.9837644881889763
20
0.205518937007874
11
0.9612673228346457
21
0.205518937007874
0
LINE
8
BLACK
6
CONTINUOUS
10
0.9612673228346457
20
0.205518937007874
11
0.9606912598425197
21
0.2055756692913386
0
LINE
8
BLACK
6
CONTINUOUS
10
0.9606912598425197
20
0.2055756692913386
11
0.9596268503937008
21
0.2060165748031496
0
LINE
8
BLACK
6
CONTINUOUS
10
0.9596268503937008
20
0.2060165748031496
11
0.9588122047244094
21
0.2068312204724409
0
LINE
8
BLACK
6
CONTINUOUS
10
0.9588122047244094
20
0.2068312204724409
11
0.9583712992125984
21
0.2078956299212598
0
LINE
8
BLACK
6
CONTINUOUS
10
0.9583712992125984
20
0.2078956299212598
11
0.9583712992125984
21
0.2090477559055118
0
LINE
8
BLACK
6
CONTINUOUS
10
0.9583712992125984
20
0.2090477559055118
11
0.9588122047244094
21
0.2101121653543307
0
LINE
8
BLACK
6
CONTINUOUS
10
0.9588122047244094
20
0.2101121653543307
11
0.9596268503937008
21
0.210926811023622
0
LINE
8
BLACK
6
CONTINUOUS
10
0.9596268503937008
20
0.210926811023622
11
0.9606912598425197
21
0.2113677165354331
0
LINE
8
BLACK
6
CONTINUOUS
10
0.9606912598425197
20
0.2113677165354331
11
0.9612673228346457
21
0.2114244488188976
0
LINE
8
BLACK
6
CONTINUOUS
10
0.9612673228346457
20
0.2114244488188976
11
0.9695631496062992
21
0.2114244488188976
0
LINE
8
BLACK
6
CONTINUOUS
10
0.9695631496062992
20
0.2114244488188976
11
0.9695631496062992
21
0.2388384251968504
0
LINE
8
BLACK
6
CONTINUOUS
10
0.9695631496062992
20
0.2388384251968504
11
0.9671047637795276
21
0.2363800393700787
0
LINE
8
BLACK
6
CONTINUOUS
10
0.9671047637795276
20
0.2363800393700787
11
0.9668783858267717
21
0.2361942913385827
0
LINE
8
BLACK
6
CONTINUOUS
10
0.9668783858267717
20
0.2361942913385827
11
0.9668272440944882
21
0.2361352755905512
0
LINE
8
BLACK
6
CONTINUOUS
10
0.9668272440944882
20
0.2361352755905512
11
0.9667382677165354
21
0.2360793307086614
0
LINE
8
BLACK
6
CONTINUOUS
10
0.9667382677165354
20
0.2360793307086614
11
0.9666573228346457
21
0.2360128346456693
0
LINE
8
BLACK
6
CONTINUOUS
10
0.9666573228346457
20
0.2360128346456693
11
0.9665853543307087
21
0.235983031496063
0
LINE
8
BLACK
6
CONTINUOUS
10
0.9665853543307087
20
0.235983031496063
11
0.9663373622047244
21
0.2358269291338582
0
LINE
8
BLACK
6
CONTINUOUS
10
0.9663373622047244
20
0.2358269291338582
11
0.9625878346456692
21
0.2339521653543307
0
LINE
8
BLACK
6
CONTINUOUS
10
0.9625878346456692
20
0.2339521653543307
11
0.9620472047244094
21
0.2337452755905512
0
LINE
8
BLACK
6
CONTINUOUS
10
0.9620472047244094
20
0.2337452755905512
11
0.9608979921259843
21
0.2336636220472441
0
LINE
8
BLACK
6
CONTINUOUS
10
0.9608979921259843
20
0.2336636220472441
11
0.9598050393700788
21
0.2340279527559055
0
LINE
8
BLACK
6
CONTINUOUS
10
0.9598050393700788
20
0.2340279527559055
11
0.9589346456692913
21
0.2347827952755905
0
LINE
8
BLACK
6
CONTINUOUS
10
0.9589346456692913
20
0.2347827952755905
11
0.9584194094488189
21
0.2358133070866142
0
LINE
8
BLACK
6
CONTINUOUS
10
0.9584194094488189
20
0.2358133070866142
11
0.9583377559055117
21
0.2369625196850394
0
LINE
8
BLACK
6
CONTINUOUS
10
0.9583377559055117
20
0.2369625196850394
11
0.9587020866141732
21
0.2380554724409449
0
LINE
8
BLACK
6
CONTINUOUS
10
0.9587020866141732
20
0.2380554724409449
11
0.9594569291338583
21
0.2389258661417323
0
LINE
8
BLACK
6
CONTINUOUS
10
0.9594569291338583
20
0.2389258661417323
11
0.959946811023622
21
0.2392342125984252
0
LINE
8
BLACK
6
CONTINUOUS
10
0.959946811023622
20
0.2392342125984252
11
0.9632677559055118
21
0.2408946850393701
0
LINE
8
BLACK
6
CONTINUOUS
10
0.9632677559055118
20
0.2408946850393701
11
0.9664716535433071
21
0.2440985826771654
0
LINE
8
BLACK
6
CONTINUOUS
10
0.9664716535433071
20
0.2440985826771654
11
0.9700590551181102
21
0.2494796850393701
0
LINE
8
BLACK
6
CONTINUOUS
10
0.9700590551181102
20
0.2494796850393701
11
0.9700603937007873
21
0.2494813779527559
0
LINE
8
BLACK
6
CONTINUOUS
10
0.9700603937007873
20
0.2494813779527559
11
0.9700607874015748
21
0.2494822440944882
0
LINE
8
BLACK
6
CONTINUOUS
10
0.9700607874015748
20
0.2494822440944882
11
0.9700627952755906
21
0.2494842913385827
0
LINE
8
BLACK
6
CONTINUOUS
10
0.9700627952755906
20
0.2494842913385827
11
0.9704258267716536
21
0.2499275196850394
0
LINE
8
BLACK
6
CONTINUOUS
10
0.9704258267716536
20
0.2499275196850394
11
0.9706687007874015
21
0.2500901968503937
0
LINE
8
BLACK
6
CONTINUOUS
10
0.9706687007874015
20
0.2500901968503937
11
0.9708754330708661
21
0.2502968897637795
0
LINE
8
BLACK
6
CONTINUOUS
10
0.9708754330708661
20
0.2502968897637795
11
0.971142716535433
21
0.2504076377952756
0
LINE
8
BLACK
6
CONTINUOUS
10
0.971142716535433
20
0.2504076377952756
11
0.9713831102362205
21
0.2505685826771654
0
LINE
8
BLACK
6
CONTINUOUS
10
0.9713831102362205
20
0.2505685826771654
11
0.9716697244094488
21
0.2506259448818898
0
LINE
8
BLACK
6
CONTINUOUS
10
0.9716697244094488
20
0.2506259448818898
11
0.971939842519685
21
0.2507377952755905
0
LINE
8
BLACK
6
CONTINUOUS
10
0.971939842519685
20
0.2507377952755905
11
0.9722291338582677
21
0.2507377952755905
0
LINE
8
BLACK
6
CONTINUOUS
10
0.9722291338582677
20
0.2507377952755905
11
0.9725127952755905
21
0.2507945275590551
0
LINE
8
BLACK
6
CONTINUOUS
10
0.9725127952755905
20
0.2507945275590551
11
0.9727995669291338
21
0.2507377952755905
0
LINE
8
BLACK
6
CONTINUOUS
10
1.0515397244094489
20
0.2507377952755905
11
1.051832125984252
21
0.2507377952755905
0
LINE
8
BLACK
6
CONTINUOUS
10
1.051832125984252
20
0.2507377952755905
11
1.0520993700787402
21
0.2506270866141732
0
LINE
8
BLACK
6
CONTINUOUS
10
1.0520993700787402
20
0.2506270866141732
11
1.0523831889763779
21
0.2505709448818897
0
LINE
8
BLACK
6
CONTINUOUS
10
1.0523831889763779
20
0.2505709448818897
11
1.0526264566929133
21
0.250408779527559
0
LINE
8
BLACK
6
CONTINUOUS
10
1.0526264566929133
20
0.250408779527559
11
1.0528965354330708
21
0.2502968897637795
0
LINE
8
BLACK
6
CONTINUOUS
10
1.0528965354330708
20
0.2502968897637795
11
1.0531009842519685
21
0.2500924409448819
0
LINE
8
BLACK
6
CONTINUOUS
10
1.0531009842519685
20
0.2500924409448819
11
1.0533418110236221
21
0.2499318897637795
0
LINE
8
BLACK
6
CONTINUOUS
10
1.0533418110236221
20
0.2499318897637795
11
1.0535045275590551
21
0.2496888976377953
0
LINE
8
BLACK
6
CONTINUOUS
10
1.0535045275590551
20
0.2496888976377953
11
1.0537111811023623
21
0.2494822440944882
0
LINE
8
BLACK
6
CONTINUOUS
10
1.0537111811023623
20
0.2494822440944882
11
1.0538218503937007
21
0.2492150393700787
0
LINE
8
BLACK
6
CONTINUOUS
10
1.0538218503937007
20
0.2492150393700787
11
1.053982874015748
21
0.2489746062992126
0
LINE
8
BLACK
6
CONTINUOUS
10
1.053982874015748
20
0.2489746062992126
11
1.0540401968503936
21
0.2486879527559055
0
LINE
8
BLACK
6
CONTINUOUS
10
1.0540401968503936
20
0.2486879527559055
11
1.0541520866141731
21
0.2484178346456693
0
LINE
8
BLACK
6
CONTINUOUS
10
1.0541520866141731
20
0.2484178346456693
11
1.0542081889763779
21
0.2478479133858268
0
LINE
8
BLACK
6
CONTINUOUS
10
1.0542081889763779
20
0.2478479133858268
11
1.0542088188976377
21
0.2478448818897638
0
LINE
8
BLACK
6
CONTINUOUS
10
1.0542088188976377
20
0.2478448818897638
11
1.0542085826771654
21
0.2478438582677165
0
LINE
8
BLACK
6
CONTINUOUS
10
1.0542085826771654
20
0.2478438582677165
11
1.0542088188976377
21
0.2478417716535433
0
LINE
8
BLACK
6
CONTINUOUS
10
1.0542088188976377
20
0.2478417716535433
11
1.0542088188976377
21
0.2114244488188976
0
LINE
8
BLACK
6
CONTINUOUS
10
1.0542088188976377
20
0.2114244488188976
11
1.0625046456692913
21
0.2114244488188976
0
LINE
8
BLACK
6
CONTINUOUS
10
1.0625046456692913
20
0.2114244488188976
11
1.0630807086614174
21
0.2113677165354331
0
LINE
8
BLACK
6
CONTINUOUS
10
1.0630807086614174
20
0.2113677165354331
11
1.0641451181102362
21
0.210926811023622
0
LINE
8
BLACK
6
CONTINUOUS
10
1.0641451181102362
20
0.210926811023622
11
1.0649597637795276
21
0.2101121653543307
0
LINE
8
BLACK
6
CONTINUOUS
10
1.0649597637795276
20
0.2101121653543307
11
1.0654006692913385
21
0.2090477559055118
0
LINE
8
BLACK
6
CONTINUOUS
10
1.0654006692913385
20
0.2090477559055118
11
1.0654006692913385
21
0.2078956299212598
0
LINE
8
BLACK
6
CONTINUOUS
10
1.0654006692913385
20
0.2078956299212598
11
1.0649597637795276
21
0.2068312204724409
0
LINE
8
BLACK
6
CONTINUOUS
10
1.0649597637795276
20
0.2068312204724409
11
1.0641451181102362
21
0.2060165748031496
0
LINE
8
BLACK
6
CONTINUOUS
10
1.0641451181102362
20
0.2060165748031496
11
1.0630807086614174
21
0.2055756692913386
0
LINE
8
BLACK
6
CONTINUOUS
10
1.0630807086614174
20
0.2055756692913386
11
1.0625046456692913
21
0.205518937007874
0
LINE
8
BLACK
6
CONTINUOUS
10
1.0625046456692913
20
0.205518937007874
11
1.0400074803149606
21
0.205518937007874
0
LINE
8
BLACK
6
CONTINUOUS
10
1.0400074803149606
20
0.205518937007874
11
1.0394314173228347
21
0.2055756692913386
0
LINE
8
BLACK
6
CONTINUOUS
10
1.0394314173228347
20
0.2055756692913386
11
1.0383670078740157
21
0.2060165748031496
0
LINE
8
BLACK
6
CONTINUOUS
10
1.0383670078740157
20
0.2060165748031496
11
1.0375523622047245
21
0.2068312204724409
0
LINE
8
BLACK
6
CONTINUOUS
10
1.0375523622047245
20
0.2068312204724409
11
1.0371114566929134
21
0.2078956299212598
0
LINE
8
BLACK
6
CONTINUOUS
10
1.0371114566929134
20
0.2078956299212598
11
1.0371114566929134
21
0.2090477559055118
0
LINE
8
BLACK
6
CONTINUOUS
10
1.0371114566929134
20
0.2090477559055118
11
1.0375523622047245
21
0.2101121653543307
0
LINE
8
BLACK
6
CONTINUOUS
10
1.0375523622047245
20
0.2101121653543307
11
1.0383670078740157
21
0.210926811023622
0
LINE
8
BLACK
6
CONTINUOUS
10
1.0383670078740157
20
0.210926811023622
11
1.0394314173228347
21
0.2113677165354331
0
LINE
8
BLACK
6
CONTINUOUS
10
1.0394314173228347
20
0.2113677165354331
11
1.0400074803149606
21
0.2114244488188976
0
LINE
8
BLACK
6
CONTINUOUS
10
1.0400074803149606
20
0.2114244488188976
11
1.0483033070866141
21
0.2114244488188976
0
LINE
8
BLACK
6
CONTINUOUS
10
1.0483033070866141
20
0.2114244488188976
11
1.0483033070866141
21
0.2388384251968504
0
LINE
8
BLACK
6
CONTINUOUS
10
1.0483033070866141
20
0.2388384251968504
11
1.0458449212598424
21
0.2363800393700787
0
LINE
8
BLACK
6
CONTINUOUS
10
1.0458449212598424
20
0.2363800393700787
11
1.0456185433070866
21
0.2361942913385827
0
LINE
8
BLACK
6
CONTINUOUS
10
1.0456185433070866
20
0.2361942913385827
11
1.0455674015748031
21
0.2361352755905512
0
LINE
8
BLACK
6
CONTINUOUS
10
1.0455674015748031
20
0.2361352755905512
11
1.0454784251968503
21
0.2360793307086614
0
LINE
8
BLACK
6
CONTINUOUS
10
1.0454784251968503
20
0.2360793307086614
11
1.0453974803149606
21
0.2360128346456693
0
LINE
8
BLACK
6
CONTINUOUS
10
1.0453974803149606
20
0.2360128346456693
11
1.0453255118110236
21
0.235983031496063
0
LINE
8
BLACK
6
CONTINUOUS
10
1.0453255118110236
20
0.235983031496063
11
1.0450775196850393
21
0.2358269291338582
0
LINE
8
BLACK
6
CONTINUOUS
10
1.0450775196850393
20
0.2358269291338582
11
1.0413279921259841
21
0.2339521653543307
0
LINE
8
BLACK
6
CONTINUOUS
10
1.0413279921259841
20
0.2339521653543307
11
1.0407873622047243
21
0.2337452755905512
0
LINE
8
BLACK
6
CONTINUOUS
10
1.0407873622047243
20
0.2337452755905512
11
1.0396381496062992
21
0.2336636220472441
0
LINE
8
BLACK
6
CONTINUOUS
10
1.0396381496062992
20
0.2336636220472441
11
1.0385451968503936
21
0.2340279527559055
0
LINE
8
BLACK
6
CONTINUOUS
10
1.0385451968503936
20
0.2340279527559055
11
1.0376748031496064
21
0.2347827952755905
0
LINE
8
BLACK
6
CONTINUOUS
10
1.0376748031496064
20
0.2347827952755905
11
1.0371595669291338
21
0.2358133070866142
0
LINE
8
BLACK
6
CONTINUOUS
10
1.0371595669291338
20
0.2358133070866142
11
1.0370779133858268
21
0.2369625196850394
0
LINE
8
BLACK
6
CONTINUOUS
10
1.0370779133858268
20
0.2369625196850394
11
1.0374422440944882
21
0.2380554724409449
0
LINE
8
BLACK
6
CONTINUOUS
10
1.0374422440944882
20
0.2380554724409449
11
1.0381970866141732
21
0.2389258661417323
0
LINE
8
BLACK
6
CONTINUOUS
10
1.0381970866141732
20
0.2389258661417323
11
1.038686968503937
21
0.2392342125984252
0
LINE
8
BLACK
6
CONTINUOUS
10
1.038686968503937
20
0.2392342125984252
11
1.0420079133858267
21
0.2408946850393701
0
LINE
8
BLACK
6
CONTINUOUS
10
1.0420079133858267
20
0.2408946850393701
11
1.0452118110236219
21
0.2440985826771654
0
LINE
8
BLACK
6
CONTINUOUS
10
1.0452118110236219
20
0.2440985826771654
11
1.0487992125984251
21
0.2494796850393701
0
LINE
8
BLACK
6
CONTINUOUS
10
1.0487992125984251
20
0.2494796850393701
11
1.0488005511811023
21
0.2494813779527559
0
LINE
8
BLACK
6
CONTINUOUS
10
1.0488005511811023
20
0.2494813779527559
11
1.0488009448818898
21
0.2494822440944882
0
LINE
8
BLACK
6
CONTINUOUS
10
1.0488009448818898
20
0.2494822440944882
11
1.0488029527559055
21
0.2494842913385827
0
LINE
8
BLACK
6
CONTINUOUS
10
1.0488029527559055
20
0.2494842913385827
11
1.0491659842519685
21
0.2499275196850394
0
LINE
8
BLACK
6
CONTINUOUS
10
1.0491659842519685
20
0.2499275196850394
11
1.0494088582677166
21
0.2500901968503937
0
LINE
8
BLACK
6
CONTINUOUS
10
1.0494088582677166
20
0.2500901968503937
11
1.049615590551181
21
0.2502968897637795
0
LINE
8
BLACK
6
CONTINUOUS
10
1.049615590551181
20
0.2502968897637795
11
1.049882874015748
21
0.2504076377952756
0
LINE
8
BLACK
6
CONTINUOUS
10
1.049882874015748
20
0.2504076377952756
11
1.0501232677165353
21
0.2505685826771654
0
LINE
8
BLACK
6
CONTINUOUS
10
1.0501232677165353
20
0.2505685826771654
11
1.0504098818897638
21
0.2506259448818898
0
LINE
8
BLACK
6
CONTINUOUS
10
1.0504098818897638
20
0.2506259448818898
11
1.0506800000000001
21
0.2507377952755905
0
LINE
8
BLACK
6
CONTINUOUS
10
1.0506800000000001
20
0.2507377952755905
11
1.0509692913385826
21
0.2507377952755905
0
LINE
8
BLACK
6
CONTINUOUS
10
1.0509692913385826
20
0.2507377952755905
11
1.0512529527559056
21
0.2507945275590551
0
LINE
8
BLACK
6
CONTINUOUS
10
1.0512529527559056
20
0.2507945275590551
11
1.0515397244094489
21
0.2507377952755905
0
LINE
8
BLACK
6
CONTINUOUS
10
1.0912022047244094
20
0.2507377952755905
11
1.0913001968503937
21
0.2506972047244094
0
LINE
8
BLACK
6
CONTINUOUS
10
1.0913001968503937
20
0.2506972047244094
11
1.0914060236220473
21
0.2506896850393701
0
LINE
8
BLACK
6
CONTINUOUS
10
1.0914060236220473
20
0.2506896850393701
11
1.0919466535433071
21
0.2504827952755905
0
LINE
8
BLACK
6
CONTINUOUS
10
1.0919466535433071
20
0.2504827952755905
11
1.0956961811023622
21
0.248608031496063
0
LINE
8
BLACK
6
CONTINUOUS
10
1.0956961811023622
20
0.248608031496063
11
1.0959441732283464
21
0.248451968503937
0
LINE
8
BLACK
6
CONTINUOUS
10
1.0959441732283464
20
0.248451968503937
11
1.0960161417322833
21
0.248422125984252
0
LINE
8
BLACK
6
CONTINUOUS
10
1.0960161417322833
20
0.248422125984252
11
1.0960970866141733
21
0.2483556692913386
0
LINE
8
BLACK
6
CONTINUOUS
10
1.0960970866141733
20
0.2483556692913386
11
1.0961860629921261
21
0.2482996850393701
0
LINE
8
BLACK
6
CONTINUOUS
10
1.0961860629921261
20
0.2482996850393701
11
1.0962372047244093
21
0.2482407086614173
0
LINE
8
BLACK
6
CONTINUOUS
10
1.0962372047244093
20
0.2482407086614173
11
1.0964635826771654
21
0.2480549212598425
0
LINE
8
BLACK
6
CONTINUOUS
10
1.0964635826771654
20
0.2480549212598425
11
1.0983383464566929
21
0.246180157480315
0
LINE
8
BLACK
6
CONTINUOUS
10
1.0983383464566929
20
0.246180157480315
11
1.0985240944881889
21
0.2459538188976378
0
LINE
8
BLACK
6
CONTINUOUS
10
1.0985240944881889
20
0.2459538188976378
11
1.0985831102362205
21
0.2459026377952756
0
LINE
8
BLACK
6
CONTINUOUS
10
1.0985831102362205
20
0.2459026377952756
11
1.0986390551181102
21
0.2458137007874016
0
LINE
8
BLACK
6
CONTINUOUS
10
1.0986390551181102
20
0.2458137007874016
11
1.0987055511811024
21
0.2457327165354331
0
LINE
8
BLACK
6
CONTINUOUS
10
1.0987055511811024
20
0.2457327165354331
11
1.0987353543307086
21
0.2456607874015748
0
LINE
8
BLACK
6
CONTINUOUS
10
1.0987353543307086
20
0.2456607874015748
11
1.0988914566929133
21
0.2454127559055118
0
LINE
8
BLACK
6
CONTINUOUS
10
1.0988914566929133
20
0.2454127559055118
11
1.1007662204724409
21
0.2416632283464567
0
LINE
8
BLACK
6
CONTINUOUS
10
1.1007662204724409
20
0.2416632283464567
11
1.1007823228346456
21
0.2416211417322835
0
LINE
8
BLACK
6
CONTINUOUS
10
1.1007823228346456
20
0.2416211417322835
11
1.1007950393700787
21
0.2416039763779528
0
LINE
8
BLACK
6
CONTINUOUS
10
1.1007950393700787
20
0.2416039763779528
11
1.1008813385826772
21
0.2413624015748032
0
LINE
8
BLACK
6
CONTINUOUS
10
1.1008813385826772
20
0.2413624015748032
11
1.1009731102362204
21
0.2411226377952756
0
LINE
8
BLACK
6
CONTINUOUS
10
1.1009731102362204
20
0.2411226377952756
11
1.1009746062992125
21
0.2411013779527559
0
LINE
8
BLACK
6
CONTINUOUS
10
1.1009746062992125
20
0.2411013779527559
11
1.1009898031496064
21
0.2410588582677165
0
LINE
8
BLACK
6
CONTINUOUS
10
1.1009898031496064
20
0.2410588582677165
11
1.1028645669291339
21
0.2335598031496063
0
LINE
8
BLACK
6
CONTINUOUS
10
1.1028645669291339
20
0.2335598031496063
11
1.1028793307086613
21
0.2334599606299212
0
LINE
8
BLACK
6
CONTINUOUS
10
1.1028793307086613
20
0.2334599606299212
11
1.1028959842519686
21
0.2334197244094488
0
LINE
8
BLACK
6
CONTINUOUS
10
1.1028959842519686
20
0.2334197244094488
11
1.1029173228346456
21
0.2332027165354331
0
LINE
8
BLACK
6
CONTINUOUS
10
1.1029173228346456
20
0.2332027165354331
11
1.1029492125984253
21
0.2329872047244095
0
LINE
8
BLACK
6
CONTINUOUS
10
1.1029492125984253
20
0.2329872047244095
11
1.1029427952755906
21
0.2329442125984252
0
LINE
8
BLACK
6
CONTINUOUS
10
1.1029427952755906
20
0.2329442125984252
11
1.1029527165354331
21
0.2328436614173228
0
LINE
8
BLACK
6
CONTINUOUS
10
1.1029527165354331
20
0.2328436614173228
11
1.1029527165354331
21
0.223469842519685
0
LINE
8
BLACK
6
CONTINUOUS
10
1.1029527165354331
20
0.223469842519685
11
1.1029427952755906
21
0.2233693307086614
0
LINE
8
BLACK
6
CONTINUOUS
10
1.1029427952755906
20
0.2233693307086614
11
1.1029492125984253
21
0.2233262992125984
0
LINE
8
BLACK
6
CONTINUOUS
10
1.1029492125984253
20
0.2233262992125984
11
1.1029173228346456
21
0.2231108267716535
0
LINE
8
BLACK
6
CONTINUOUS
10
1.1029173228346456
20
0.2231108267716535
11
1.1028959842519686
21
0.222893779527559
0
LINE
8
BLACK
6
CONTINUOUS
10
1.1028959842519686
20
0.222893779527559
11
1.1028793307086613
21
0.2228535826771653
0
LINE
8
BLACK
6
CONTINUOUS
10
1.1028793307086613
20
0.2228535826771653
11
1.1028645669291339
21
0.2227537007874016
0
LINE
8
BLACK
6
CONTINUOUS
10
1.1028645669291339
20
0.2227537007874016
11
1.1009898031496064
21
0.2152546456692913
0
LINE
8
BLACK
6
CONTINUOUS
10
1.1009898031496064
20
0.2152546456692913
11
1.1009746062992125
21
0.2152121653543307
0
LINE
8
BLACK
6
CONTINUOUS
10
1.1009746062992125
20
0.2152121653543307
11
1.1009731102362204
21
0.2151908661417323
0
LINE
8
BLACK
6
CONTINUOUS
10
1.1009731102362204
20
0.2151908661417323
11
1.1008813385826772
21
0.2149511417322835
0
LINE
8
BLACK
6
CONTINUOUS
10
1.1008813385826772
20
0.2149511417322835
11
1.1007950393700787
21
0.2147095275590551
0
LINE
8
BLACK
6
CONTINUOUS
10
1.1007950393700787
20
0.2147095275590551
11
1.1007823228346456
21
0.2146924015748032
0
LINE
8
BLACK
6
CONTINUOUS
10
1.1007823228346456
20
0.2146924015748032
11
1.1007662204724409
21
0.2146502755905512
0
LINE
8
BLACK
6
CONTINUOUS
10
1.1007662204724409
20
0.2146502755905512
11
1.0988914566929133
21
0.2109007480314961
0
LINE
8
BLACK
6
CONTINUOUS
10
1.0988914566929133
20
0.2109007480314961
11
1.0987353937007873
21
0.210652874015748
0
LINE
8
BLACK
6
CONTINUOUS
10
1.0987353937007873
20
0.210652874015748
11
1.0987055905511811
21
0.2105808267716535
0
LINE
8
BLACK
6
CONTINUOUS
10
1.0987055905511811
20
0.2105808267716535
11
1.0986390551181102
21
0.2104998031496063
0
LINE
8
BLACK
6
CONTINUOUS
10
1.0986390551181102
20
0.2104998031496063
11
1.0985831102362205
21
0.2104108661417323
0
LINE
8
BLACK
6
CONTINUOUS
10
1.0985831102362205
20
0.2104108661417323
11
1.0985240944881889
21
0.2103597244094488
0
LINE
8
BLACK
6
CONTINUOUS
10
1.0985240944881889
20
0.2103597244094488
11
1.0983383464566929
21
0.2101333464566929
0
LINE
8
BLACK
6
CONTINUOUS
10
1.0983383464566929
20
0.2101333464566929
11
1.0964636220472441
21
0.2082585826771653
0
LINE
8
BLACK
6
CONTINUOUS
10
1.0964636220472441
20
0.2082585826771653
11
1.0962372440944881
21
0.2080728346456693
0
LINE
8
BLACK
6
CONTINUOUS
10
1.0962372440944881
20
0.2080728346456693
11
1.0961860629921261
21
0.2080137795275591
0
LINE
8
BLACK
6
CONTINUOUS
10
1.0961860629921261
20
0.2080137795275591
11
1.0960970866141733
21
0.2079577952755906
0
LINE
8
BLACK
6
CONTINUOUS
10
1.0960970866141733
20
0.2079577952755906
11
1.0960161417322833
21
0.2078913385826772
0
LINE
8
BLACK
6
CONTINUOUS
10
1.0960161417322833
20
0.2078913385826772
11
1.0959441732283464
21
0.2078615354330709
0
LINE
8
BLACK
6
CONTINUOUS
10
1.0959441732283464
20
0.2078615354330709
11
1.0956961811023622
21
0.2077054330708661
0
LINE
8
BLACK
6
CONTINUOUS
10
1.0956961811023622
20
0.2077054330708661
11
1.0919466535433071
21
0.2058306692913386
0
LINE
8
BLACK
6
CONTINUOUS
10
1.0919466535433071
20
0.2058306692913386
11
1.0914060236220473
21
0.2056237795275591
0
LINE
8
BLACK
6
CONTINUOUS
10
1.0914060236220473
20
0.2056237795275591
11
1.0913001968503937
21
0.2056162992125984
0
LINE
8
BLACK
6
CONTINUOUS
10
1.0913001968503937
20
0.2056162992125984
11
1.0912022047244094
21
0.2055756692913386
0
LINE
8
BLACK
6
CONTINUOUS
10
1.0912022047244094
20
0.2055756692913386
11
1.0906261417322833
21
0.205518937007874
0
LINE
8
BLACK
6
CONTINUOUS
10
1.0906261417322833
20
0.205518937007874
11
1.0868766141732282
21
0.205518937007874
0
LINE
8
BLACK
6
CONTINUOUS
10
1.0868766141732282
20
0.205518937007874
11
1.0863005511811024
21
0.2055756692913386
0
LINE
8
BLACK
6
CONTINUOUS
10
1.0863005511811024
20
0.2055756692913386
11
1.0862025590551181
21
0.2056162598425197
0
LINE
8
BLACK
6
CONTINUOUS
10
1.0862025590551181
20
0.2056162598425197
11
1.0860966929133857
21
0.2056237795275591
0
LINE
8
BLACK
6
CONTINUOUS
10
1.0860966929133857
20
0.2056237795275591
11
1.0855561023622047
21
0.2058306692913386
0
LINE
8
BLACK
6
CONTINUOUS
10
1.0855561023622047
20
0.2058306692913386
11
1.0818065748031496
21
0.2077054330708661
0
LINE
8
BLACK
6
CONTINUOUS
10
1.0818065748031496
20
0.2077054330708661
11
1.0815585433070867
21
0.2078615354330709
0
LINE
8
BLACK
6
CONTINUOUS
10
1.0815585433070867
20
0.2078615354330709
11
1.0814866141732282
21
0.2078913385826772
0
LINE
8
BLACK
6
CONTINUOUS
10
1.0814866141732282
20
0.2078913385826772
11
1.0814056299212598
21
0.2079577952755906
0
LINE
8
BLACK
6
CONTINUOUS
10
1.0814056299212598
20
0.2079577952755906
11
1.0813166929133857
21
0.2080137795275591
0
LINE
8
BLACK
6
CONTINUOUS
10
1.0813166929133857
20
0.2080137795275591
11
1.081265472440945
21
0.2080728346456693
0
LINE
8
BLACK
6
CONTINUOUS
10
1.081265472440945
20
0.2080728346456693
11
1.0810391338582677
21
0.2082585826771653
0
LINE
8
BLACK
6
CONTINUOUS
10
1.0810391338582677
20
0.2082585826771653
11
1.0791643700787401
21
0.2101333858267717
0
LINE
8
BLACK
6
CONTINUOUS
10
1.0791643700787401
20
0.2101333858267717
11
1.0789786220472442
21
0.2103597244094488
0
LINE
8
BLACK
6
CONTINUOUS
10
1.0789786220472442
20
0.2103597244094488
11
1.0789196456692913
21
0.2104108661417323
0
LINE
8
BLACK
6
CONTINUOUS
10
1.0789196456692913
20
0.2104108661417323
11
1.0788636614173228
21
0.2104998031496063
0
LINE
8
BLACK
6
CONTINUOUS
10
1.0788636614173228
20
0.2104998031496063
11
1.0787971653543307
21
0.2105808267716535
0
LINE
8
BLACK
6
CONTINUOUS
10
1.0787971653543307
20
0.2105808267716535
11
1.0787673228346457
21
0.210652874015748
0
LINE
8
BLACK
6
CONTINUOUS
10
1.0787673228346457
20
0.210652874015748
11
1.0786112992125985
21
0.2109007480314961
0
LINE
8
BLACK
6
CONTINUOUS
10
1.0786112992125985
20
0.2109007480314961
11
1.0767365354330709
21
0.2146502755905512
0
LINE
8
BLACK
6
CONTINUOUS
10
1.0767365354330709
20
0.2146502755905512
11
1.0767203937007874
21
0.2146924015748032
0
LINE
8
BLACK
6
CONTINUOUS
10
1.0767203937007874
20
0.2146924015748032
11
1.0767077165354331
21
0.2147095275590551
0
LINE
8
BLACK
6
CONTINUOUS
10
1.0767077165354331
20
0.2147095275590551
11
1.0766212598425196
21
0.2149514960629921
0
LINE
8
BLACK
6
CONTINUOUS
10
1.0766212598425196
20
0.2149514960629921
11
1.0765296456692912
21
0.215190905511811
0
LINE
8
BLACK
6
CONTINUOUS
10
1.0765296456692912
20
0.215190905511811
11
1.0765281102362205
21
0.2152121653543307
0
LINE
8
BLACK
6
CONTINUOUS
10
1.0765281102362205
20
0.2152121653543307
11
1.0765129527559054
21
0.2152546456692913
0
LINE
8
BLACK
6
CONTINUOUS
10
1.0765129527559054
20
0.2152546456692913
11
1.0746381889763779
21
0.2227537007874016
0
LINE
8
BLACK
6
CONTINUOUS
10
1.0746381889763779
20
0.2227537007874016
11
1.0746233858267715
21
0.2228535826771653
0
LINE
8
BLACK
6
CONTINUOUS
10
1.0746233858267715
20
0.2228535826771653
11
1.0746067716535432
21
0.222893779527559
0
LINE
8
BLACK
6
CONTINUOUS
10
1.0746067716535432
20
0.222893779527559
11
1.0745853937007874
21
0.2231108267716535
0
LINE
8
BLACK
6
CONTINUOUS
10
1.0745853937007874
20
0.2231108267716535
11
1.0745535433070865
21
0.2233262992125984
0
LINE
8
BLACK
6
CONTINUOUS
10
1.0745535433070865
20
0.2233262992125984
11
1.0745599212598425
21
0.2233693307086614
0
LINE
8
BLACK
6
CONTINUOUS
10
1.0745599212598425
20
0.2233693307086614
11
1.0745500393700786
21
0.223469842519685
0
LINE
8
BLACK
6
CONTINUOUS
10
1.0745500393700786
20
0.223469842519685
11
1.0745500393700786
21
0.2328436614173228
0
LINE
8
BLACK
6
CONTINUOUS
10
1.0745500393700786
20
0.2328436614173228
11
1.0745599212598425
21
0.2329442125984252
0
LINE
8
BLACK
6
CONTINUOUS
10
1.0745599212598425
20
0.2329442125984252
11
1.0745535433070865
21
0.2329872047244095
0
LINE
8
BLACK
6
CONTINUOUS
10
1.0745535433070865
20
0.2329872047244095
11
1.0745853937007874
21
0.2332027165354331
0
LINE
8
BLACK
6
CONTINUOUS
10
1.0745853937007874
20
0.2332027165354331
11
1.0746067716535432
21
0.2334197244094488
0
LINE
8
BLACK
6
CONTINUOUS
10
1.0746067716535432
20
0.2334197244094488
11
1.0746233858267715
21
0.2334599606299212
0
LINE
8
BLACK
6
CONTINUOUS
10
1.0746233858267715
20
0.2334599606299212
11
1.0746381889763779
21
0.2335598031496063
0
LINE
8
BLACK
6
CONTINUOUS
10
1.0746381889763779
20
0.2335598031496063
11
1.0765129527559054
21
0.2410588582677165
0
LINE
8
BLACK
6
CONTINUOUS
10
1.0765129527559054
20
0.2410588582677165
11
1.0765281102362205
21
0.2411013779527559
0
LINE
8
BLACK
6
CONTINUOUS
10
1.0765281102362205
20
0.2411013779527559
11
1.0765296456692912
21
0.2411225984251968
0
LINE
8
BLACK
6
CONTINUOUS
10
1.0765296456692912
20
0.2411225984251968
11
1.0766212598425196
21
0.2413620472440945
0
LINE
8
BLACK
6
CONTINUOUS
10
1.0766212598425196
20
0.2413620472440945
11
1.0767077165354331
21
0.2416039763779528
0
LINE
8
BLACK
6
CONTINUOUS
10
1.0767077165354331
20
0.2416039763779528
11
1.0767203937007874
21
0.2416211417322835
0
LINE
8
BLACK
6
CONTINUOUS
10
1.0767203937007874
20
0.2416211417322835
11
1.0767365354330709
21
0.2416632283464567
0
LINE
8
BLACK
6
CONTINUOUS
10
1.0767365354330709
20
0.2416632283464567
11
1.0786112992125985
21
0.2454127559055118
0
LINE
8
BLACK
6
CONTINUOUS
10
1.0786112992125985
20
0.2454127559055118
11
1.0787673622047245
21
0.2456607874015748
0
LINE
8
BLACK
6
CONTINUOUS
10
1.0787673622047245
20
0.2456607874015748
11
1.0787972047244094
21
0.2457327165354331
0
LINE
8
BLACK
6
CONTINUOUS
10
1.0787972047244094
20
0.2457327165354331
11
1.0788636614173228
21
0.2458137007874016
0
LINE
8
BLACK
6
CONTINUOUS
10
1.0788636614173228
20
0.2458137007874016
11
1.0789196456692913
21
0.2459026377952756
0
LINE
8
BLACK
6
CONTINUOUS
10
1.0789196456692913
20
0.2459026377952756
11
1.0789786220472442
21
0.2459538188976378
0
LINE
8
BLACK
6
CONTINUOUS
10
1.0789786220472442
20
0.2459538188976378
11
1.0791644094488189
21
0.246180157480315
0
LINE
8
BLACK
6
CONTINUOUS
10
1.0791644094488189
20
0.246180157480315
11
1.0810391732283464
21
0.2480549212598425
0
LINE
8
BLACK
6
CONTINUOUS
10
1.0810391732283464
20
0.2480549212598425
11
1.0812655118110237
21
0.2482407086614173
0
LINE
8
BLACK
6
CONTINUOUS
10
1.0812655118110237
20
0.2482407086614173
11
1.0813166929133857
21
0.2482996850393701
0
LINE
8
BLACK
6
CONTINUOUS
10
1.0813166929133857
20
0.2482996850393701
11
1.0814056299212598
21
0.2483556692913386
0
LINE
8
BLACK
6
CONTINUOUS
10
1.0814056299212598
20
0.2483556692913386
11
1.0814866141732282
21
0.248422125984252
0
LINE
8
BLACK
6
CONTINUOUS
10
1.0814866141732282
20
0.248422125984252
11
1.0815585433070867
21
0.248451968503937
0
LINE
8
BLACK
6
CONTINUOUS
10
1.0815585433070867
20
0.248451968503937
11
1.0818065748031496
21
0.248608031496063
0
LINE
8
BLACK
6
CONTINUOUS
10
1.0818065748031496
20
0.248608031496063
11
1.0855561023622047
21
0.2504827952755905
0
LINE
8
BLACK
6
CONTINUOUS
10
1.0855561023622047
20
0.2504827952755905
11
1.0860966929133857
21
0.2506896850393701
0
LINE
8
BLACK
6
CONTINUOUS
10
1.0860966929133857
20
0.2506896850393701
11
1.0862025590551181
21
0.2506972440944882
0
LINE
8
BLACK
6
CONTINUOUS
10
1.0862025590551181
20
0.2506972440944882
11
1.0863005511811024
21
0.2507377952755905
0
LINE
8
BLACK
6
CONTINUOUS
10
1.0863005511811024
20
0.2507377952755905
11
1.0868766141732282
21
0.2507945275590551
0
LINE
8
BLACK
6
CONTINUOUS
10
1.0868766141732282
20
0.2507945275590551
11
1.0906261417322833
21
0.2507945275590551
0
LINE
8
BLACK
6
CONTINUOUS
10
1.0906261417322833
20
0.2507945275590551
11
1.0912022047244094
21
0.2507377952755905
0
LINE
8
BLACK
6
CONTINUOUS
10
1.0848761811023622
20
0.2435402755905512
11
1.0836790551181101
21
0.2423431496062992
0
LINE
8
BLACK
6
CONTINUOUS
10
1.0836790551181101
20
0.2423431496062992
11
1.0821635433070866
21
0.2393121653543307
0
LINE
8
BLACK
6
CONTINUOUS
10
1.0821635433070866
20
0.2393121653543307
11
1.0804555511811023
21
0.2324801181102362
0
LINE
8
BLACK
6
CONTINUOUS
10
1.0804555511811023
20
0.2324801181102362
11
1.0804555511811023
21
0.2238333858267716
0
LINE
8
BLACK
6
CONTINUOUS
10
1.0804555511811023
20
0.2238333858267716
11
1.0821635433070866
21
0.2170013385826772
0
LINE
8
BLACK
6
CONTINUOUS
10
1.0821635433070866
20
0.2170013385826772
11
1.0836790551181101
21
0.2139703543307087
0
LINE
8
BLACK
6
CONTINUOUS
10
1.0836790551181101
20
0.2139703543307087
11
1.0848761811023622
21
0.212773188976378
0
LINE
8
BLACK
6
CONTINUOUS
10
1.0848761811023622
20
0.212773188976378
11
1.0875736614173228
21
0.2114244488188976
0
LINE
8
BLACK
6
CONTINUOUS
10
1.0875736614173228
20
0.2114244488188976
11
1.089929094488189
21
0.2114244488188976
0
LINE
8
BLACK
6
CONTINUOUS
10
1.089929094488189
20
0.2114244488188976
11
1.0926265354330709
21
0.212773188976378
0
LINE
8
BLACK
6
CONTINUOUS
10
1.0926265354330709
20
0.212773188976378
11
1.0938236614173229
21
0.2139703543307087
0
LINE
8
BLACK
6
CONTINUOUS
10
1.0938236614173229
20
0.2139703543307087
11
1.0953391732283464
21
0.2170013385826772
0
LINE
8
BLACK
6
CONTINUOUS
10
1.0953391732283464
20
0.2170013385826772
11
1.0970472047244095
21
0.2238333858267716
0
LINE
8
BLACK
6
CONTINUOUS
10
1.0970472047244095
20
0.2238333858267716
11
1.0970472047244095
21
0.2324801181102362
0
LINE
8
BLACK
6
CONTINUOUS
10
1.0970472047244095
20
0.2324801181102362
11
1.0953391732283464
21
0.2393121653543307
0
LINE
8
BLACK
6
CONTINUOUS
10
1.0953391732283464
20
0.2393121653543307
11
1.0938237007874017
21
0.2423431496062992
0
LINE
8
BLACK
6
CONTINUOUS
10
1.0938237007874017
20
0.2423431496062992
11
1.0926265748031496
21
0.2435402755905512
0
LINE
8
BLACK
6
CONTINUOUS
10
1.0926265748031496
20
0.2435402755905512
11
1.089929094488189
21
0.2448890157480315
0
LINE
8
BLACK
6
CONTINUOUS
10
1.089929094488189
20
0.2448890157480315
11
1.0875736614173228
21
0.2448890157480315
0
LINE
8
BLACK
6
CONTINUOUS
10
1.0875736614173228
20
0.2448890157480315
11
1.0848761811023622
21
0.2435402755905512
0
LINE
8
BLACK
6
CONTINUOUS
10
1.1361965748031495
20
0.2507377952755905
11
1.1372609842519685
21
0.2502968897637795
0
LINE
8
BLACK
6
CONTINUOUS
10
1.1372609842519685
20
0.2502968897637795
11
1.1380756299212598
21
0.2494822440944882
0
LINE
8
BLACK
6
CONTINUOUS
10
1.1380756299212598
20
0.2494822440944882
11
1.1385165354330709
21
0.2484178346456693
0
LINE
8
BLACK
6
CONTINUOUS
10
1.1385165354330709
20
0.2484178346456693
11
1.1385165354330709
21
0.2472657086614173
0
LINE
8
BLACK
6
CONTINUOUS
10
1.1385165354330709
20
0.2472657086614173
11
1.1380756299212598
21
0.2462012992125984
0
LINE
8
BLACK
6
CONTINUOUS
10
1.1380756299212598
20
0.2462012992125984
11
1.1372609842519685
21
0.2453866535433071
0
LINE
8
BLACK
6
CONTINUOUS
10
1.1372609842519685
20
0.2453866535433071
11
1.1361965748031495
21
0.244945748031496
0
LINE
8
BLACK
6
CONTINUOUS
10
1.1361965748031495
20
0.244945748031496
11
1.1356205118110236
21
0.2448890157480315
0
LINE
8
BLACK
6
CONTINUOUS
10
1.1356205118110236
20
0.2448890157480315
11
1.1195450787401575
21
0.2448890157480315
0
LINE
8
BLACK
6
CONTINUOUS
10
1.1195450787401575
20
0.2448890157480315
11
1.1185679527559056
21
0.2351177559055118
0
LINE
8
BLACK
6
CONTINUOUS
10
1.1185679527559056
20
0.2351177559055118
11
1.1193018897637794
21
0.2354846850393701
0
LINE
8
BLACK
6
CONTINUOUS
10
1.1193018897637794
20
0.2354846850393701
11
1.1198424803149607
21
0.2356915748031496
0
LINE
8
BLACK
6
CONTINUOUS
10
1.1198424803149607
20
0.2356915748031496
11
1.1199483464566928
21
0.2356991338582677
0
LINE
8
BLACK
6
CONTINUOUS
10
1.1199483464566928
20
0.2356991338582677
11
1.1200463385826771
21
0.2357396850393701
0
LINE
8
BLACK
6
CONTINUOUS
10
1.1200463385826771
20
0.2357396850393701
11
1.1206224015748032
21
0.2357964173228346
0
LINE
8
BLACK
6
CONTINUOUS
10
1.1206224015748032
20
0.2357964173228346
11
1.129996220472441
21
0.2357964173228346
0
LINE
8
BLACK
6
CONTINUOUS
10
1.129996220472441
20
0.2357964173228346
11
1.1305722834645668
21
0.2357396850393701
0
LINE
8
BLACK
6
CONTINUOUS
10
1.1305722834645668
20
0.2357396850393701
11
1.1306702755905511
21
0.235699094488189
0
LINE
8
BLACK
6
CONTINUOUS
10
1.1306702755905511
20
0.235699094488189
11
1.1307761023622047
21
0.2356915748031496
0
LINE
8
BLACK
6
CONTINUOUS
10
1.1307761023622047
20
0.2356915748031496
11
1.1313167322834645
21
0.2354846850393701
0
LINE
8
BLACK
6
CONTINUOUS
10
1.1313167322834645
20
0.2354846850393701
11
1.1350662598425196
21
0.2336099212598425
0
LINE
8
BLACK
6
CONTINUOUS
10
1.1350662598425196
20
0.2336099212598425
11
1.135314251968504
21
0.2334538582677165
0
LINE
8
BLACK
6
CONTINUOUS
10
1.135314251968504
20
0.2334538582677165
11
1.135386220472441
21
0.2334240157480315
0
LINE
8
BLACK
6
CONTINUOUS
10
1.135386220472441
20
0.2334240157480315
11
1.1354671653543307
21
0.2333575590551181
0
LINE
8
BLACK
6
CONTINUOUS
10
1.1354671653543307
20
0.2333575590551181
11
1.1355561417322835
21
0.2333015748031496
0
LINE
8
BLACK
6
CONTINUOUS
10
1.1355561417322835
20
0.2333015748031496
11
1.135607283464567
21
0.2332425984251968
0
LINE
8
BLACK
6
CONTINUOUS
10
1.135607283464567
20
0.2332425984251968
11
1.1358336614173228
21
0.2330568110236221
0
LINE
8
BLACK
6
CONTINUOUS
10
1.1358336614173228
20
0.2330568110236221
11
1.1377084251968503
21
0.2311820472440945
0
LINE
8
BLACK
6
CONTINUOUS
10
1.1377084251968503
20
0.2311820472440945
11
1.1378941732283465
21
0.2309557086614173
0
LINE
8
BLACK
6
CONTINUOUS
10
1.1378941732283465
20
0.2309557086614173
11
1.1379531889763779
21
0.2309045275590551
0
LINE
8
BLACK
6
CONTINUOUS
10
1.1379531889763779
20
0.2309045275590551
11
1.1380091338582676
21
0.2308155905511811
0
LINE
8
BLACK
6
CONTINUOUS
10
1.1380091338582676
20
0.2308155905511811
11
1.1380756299212598
21
0.2307346062992126
0
LINE
8
BLACK
6
CONTINUOUS
10
1.1380756299212598
20
0.2307346062992126
11
1.1381054330708662
21
0.2306626771653543
0
LINE
8
BLACK
6
CONTINUOUS
10
1.1381054330708662
20
0.2306626771653543
11
1.1382615354330707
21
0.2304146456692913
0
LINE
8
BLACK
6
CONTINUOUS
10
1.1382615354330707
20
0.2304146456692913
11
1.1401362992125983
21
0.2266651181102362
0
LINE
8
BLACK
6
CONTINUOUS
10
1.1401362992125983
20
0.2266651181102362
11
1.140343188976378
21
0.2261245275590551
0
LINE
8
BLACK
6
CONTINUOUS
10
1.140343188976378
20
0.2261245275590551
11
1.1403507086614173
21
0.2260186614173228
0
LINE
8
BLACK
6
CONTINUOUS
10
1.1403507086614173
20
0.2260186614173228
11
1.1403912992125984
21
0.2259206692913386
0
LINE
8
BLACK
6
CONTINUOUS
10
1.1403912992125984
20
0.2259206692913386
11
1.140448031496063
21
0.2253446062992126
0
LINE
8
BLACK
6
CONTINUOUS
10
1.140448031496063
20
0.2253446062992126
11
1.140448031496063
21
0.2159707874015748
0
LINE
8
BLACK
6
CONTINUOUS
10
1.140448031496063
20
0.2159707874015748
11
1.1403912992125984
21
0.2153947244094488
0
LINE
8
BLACK
6
CONTINUOUS
10
1.1403912992125984
20
0.2153947244094488
11
1.1403507086614173
21
0.2152967716535433
0
LINE
8
BLACK
6
CONTINUOUS
10
1.1403507086614173
20
0.2152967716535433
11
1.140343188976378
21
0.2151908661417323
0
LINE
8
BLACK
6
CONTINUOUS
10
1.140343188976378
20
0.2151908661417323
11
1.1401362992125983
21
0.2146502755905512
0
LINE
8
BLACK
6
CONTINUOUS
10
1.1401362992125983
20
0.2146502755905512
11
1.1382615354330707
21
0.2109007480314961
0
LINE
8
BLACK
6
CONTINUOUS
10
1.1382615354330707
20
0.2109007480314961
11
1.138105472440945
21
0.210652874015748
0
LINE
8
BLACK
6
CONTINUOUS
10
1.138105472440945
20
0.210652874015748
11
1.1380756692913385
21
0.2105808267716535
0
LINE
8
BLACK
6
CONTINUOUS
10
1.1380756692913385
20
0.2105808267716535
11
1.1380091338582676
21
0.2104998031496063
0
LINE
8
BLACK
6
CONTINUOUS
10
1.1380091338582676
20
0.2104998031496063
11
1.1379531889763779
21
0.2104108661417323
0
LINE
8
BLACK
6
CONTINUOUS
10
1.1379531889763779
20
0.2104108661417323
11
1.1378941732283465
21
0.2103597244094488
0
LINE
8
BLACK
6
CONTINUOUS
10
1.1378941732283465
20
0.2103597244094488
11
1.1377084251968503
21
0.2101333464566929
0
LINE
8
BLACK
6
CONTINUOUS
10
1.1377084251968503
20
0.2101333464566929
11
1.1358337007874015
21
0.2082585826771653
0
LINE
8
BLACK
6
CONTINUOUS
10
1.1358337007874015
20
0.2082585826771653
11
1.1356073228346457
21
0.2080728346456693
0
LINE
8
BLACK
6
CONTINUOUS
10
1.1356073228346457
20
0.2080728346456693
11
1.1355561417322835
21
0.2080137795275591
0
LINE
8
BLACK
6
CONTINUOUS
10
1.1355561417322835
20
0.2080137795275591
11
1.1354671653543307
21
0.2079577952755906
0
LINE
8
BLACK
6
CONTINUOUS
10
1.1354671653543307
20
0.2079577952755906
11
1.135386220472441
21
0.2078913385826772
0
LINE
8
BLACK
6
CONTINUOUS
10
1.135386220472441
20
0.2078913385826772
11
1.135314251968504
21
0.2078615354330709
0
LINE
8
BLACK
6
CONTINUOUS
10
1.135314251968504
20
0.2078615354330709
11
1.1350662598425196
21
0.2077054330708661
0
LINE
8
BLACK
6
CONTINUOUS
10
1.1350662598425196
20
0.2077054330708661
11
1.1313167322834645
21
0.2058306692913386
0
LINE
8
BLACK
6
CONTINUOUS
10
1.1313167322834645
20
0.2058306692913386
11
1.1307761023622047
21
0.2056237795275591
0
LINE
8
BLACK
6
CONTINUOUS
10
1.1307761023622047
20
0.2056237795275591
11
1.1306702755905511
21
0.2056162992125984
0
LINE
8
BLACK
6
CONTINUOUS
10
1.1306702755905511
20
0.2056162992125984
11
1.1305722834645668
21
0.2055756692913386
0
LINE
8
BLACK
6
CONTINUOUS
10
1.1305722834645668
20
0.2055756692913386
11
1.129996220472441
21
0.205518937007874
0
LINE
8
BLACK
6
CONTINUOUS
10
1.129996220472441
20
0.205518937007874
11
1.1206224015748032
21
0.205518937007874
0
LINE
8
BLACK
6
CONTINUOUS
10
1.1206224015748032
20
0.205518937007874
11
1.1200463385826771
21
0.2055756692913386
0
LINE
8
BLACK
6
CONTINUOUS
10
1.1200463385826771
20
0.2055756692913386
11
1.1199483464566928
21
0.2056162598425197
0
LINE
8
BLACK
6
CONTINUOUS
10
1.1199483464566928
20
0.2056162598425197
11
1.1198424803149607
21
0.2056237795275591
0
LINE
8
BLACK
6
CONTINUOUS
10
1.1198424803149607
20
0.2056237795275591
11
1.1193018897637794
21
0.2058306692913386
0
LINE
8
BLACK
6
CONTINUOUS
10
1.1193018897637794
20
0.2058306692913386
11
1.1155523622047243
21
0.2077054330708661
0
LINE
8
BLACK
6
CONTINUOUS
10
1.1155523622047243
20
0.2077054330708661
11
1.1153043307086614
21
0.2078615354330709
0
LINE
8
BLACK
6
CONTINUOUS
10
1.1153043307086614
20
0.2078615354330709
11
1.1152324015748032
21
0.2078913385826772
0
LINE
8
BLACK
6
CONTINUOUS
10
1.1152324015748032
20
0.2078913385826772
11
1.1151514173228345
21
0.2079577952755906
0
LINE
8
BLACK
6
CONTINUOUS
10
1.1151514173228345
20
0.2079577952755906
11
1.1150624803149607
21
0.2080137795275591
0
LINE
8
BLACK
6
CONTINUOUS
10
1.1150624803149607
20
0.2080137795275591
11
1.1150112598425197
21
0.2080728346456693
0
LINE
8
BLACK
6
CONTINUOUS
10
1.1150112598425197
20
0.2080728346456693
11
1.1147849212598424
21
0.2082585826771653
0
LINE
8
BLACK
6
CONTINUOUS
10
1.1147849212598424
20
0.2082585826771653
11
1.1129101574803149
21
0.2101333858267717
0
LINE
8
BLACK
6
CONTINUOUS
10
1.1129101574803149
20
0.2101333858267717
11
1.1125429527559054
21
0.2105808267716535
0
LINE
8
BLACK
6
CONTINUOUS
10
1.1125429527559054
20
0.2105808267716535
11
1.1121020866141733
21
0.2116452362204724
0
LINE
8
BLACK
6
CONTINUOUS
10
1.1121020866141733
20
0.2116452362204724
11
1.1121020866141733
21
0.2127973228346457
0
LINE
8
BLACK
6
CONTINUOUS
10
1.1121020866141733
20
0.2127973228346457
11
1.1125429921259842
21
0.2138617322834646
0
LINE
8
BLACK
6
CONTINUOUS
10
1.1125429921259842
20
0.2138617322834646
11
1.1133576771653544
21
0.2146764173228346
0
LINE
8
BLACK
6
CONTINUOUS
10
1.1133576771653544
20
0.2146764173228346
11
1.1144220866141732
21
0.2151172834645669
0
LINE
8
BLACK
6
CONTINUOUS
10
1.1144220866141732
20
0.2151172834645669
11
1.1155741732283464
21
0.2151172834645669
0
LINE
8
BLACK
6
CONTINUOUS
10
1.1155741732283464
20
0.2151172834645669
11
1.1166385826771654
21
0.2146763779527559
0
LINE
8
BLACK
6
CONTINUOUS
10
1.1166385826771654
20
0.2146763779527559
11
1.117086062992126
21
0.2143091338582677
0
LINE
8
BLACK
6
CONTINUOUS
10
1.117086062992126
20
0.2143091338582677
11
1.1186219685039369
21
0.212773188976378
0
LINE
8
BLACK
6
CONTINUOUS
10
1.1186219685039369
20
0.212773188976378
11
1.1213194488188976
21
0.2114244488188976
0
LINE
8
BLACK
6
CONTINUOUS
10
1.1213194488188976
20
0.2114244488188976
11
1.1292991732283464
21
0.2114244488188976
0
LINE
8
BLACK
6
CONTINUOUS
10
1.1292991732283464
20
0.2114244488188976
11
1.1319966141732283
21
0.212773188976378
0
LINE
8
BLACK
6
CONTINUOUS
10
1.1319966141732283
20
0.212773188976378
11
1.1331937401574803
21
0.2139703543307087
0
LINE
8
BLACK
6
CONTINUOUS
10
1.1331937401574803
20
0.2139703543307087
11
1.1345425196850394
21
0.2166678346456693
0
LINE
8
BLACK
6
CONTINUOUS
10
1.1345425196850394
20
0.2166678346456693
11
1.1345425196850394
21
0.2246475590551181
0
LINE
8
BLACK
6
CONTINUOUS
10
1.1345425196850394
20
0.2246475590551181
11
1.1331937795275591
21
0.2273450393700787
0
LINE
8
BLACK
6
CONTINUOUS
10
1.1331937795275591
20
0.2273450393700787
11
1.131996653543307
21
0.2285421653543307
0
LINE
8
BLACK
6
CONTINUOUS
10
1.131996653543307
20
0.2285421653543307
11
1.1292991732283464
21
0.229890905511811
0
LINE
8
BLACK
6
CONTINUOUS
10
1.1292991732283464
20
0.229890905511811
11
1.1213194488188976
21
0.229890905511811
0
LINE
8
BLACK
6
CONTINUOUS
10
1.1213194488188976
20
0.229890905511811
11
1.1186219685039369
21
0.2285421653543307
0
LINE
8
BLACK
6
CONTINUOUS
10
1.1186219685039369
20
0.2285421653543307
11
1.1170860236220472
21
0.2270062204724409
0
LINE
8
BLACK
6
CONTINUOUS
10
1.1170860236220472
20
0.2270062204724409
11
1.1166385826771654
21
0.2266390157480315
0
LINE
8
BLACK
6
CONTINUOUS
10
1.1166385826771654
20
0.2266390157480315
11
1.1165012204724409
21
0.226582125984252
0
LINE
8
BLACK
6
CONTINUOUS
10
1.1165012204724409
20
0.226582125984252
11
1.1163861417322833
21
0.2264879527559055
0
LINE
8
BLACK
6
CONTINUOUS
10
1.1163861417322833
20
0.2264879527559055
11
1.1159727559055117
21
0.2263632677165354
0
LINE
8
BLACK
6
CONTINUOUS
10
1.1159727559055117
20
0.2263632677165354
11
1.1155741338582676
21
0.2261981102362205
0
LINE
8
BLACK
6
CONTINUOUS
10
1.1155741338582676
20
0.2261981102362205
11
1.1154255118110237
21
0.2261981102362205
0
LINE
8
BLACK
6
CONTINUOUS
10
1.1154255118110237
20
0.2261981102362205
11
1.1152831496062992
21
0.226155157480315
0
LINE
8
BLACK
6
CONTINUOUS
10
1.1152831496062992
20
0.226155157480315
11
1.114853622047244
21
0.2261981102362205
0
LINE
8
BLACK
6
CONTINUOUS
10
1.114853622047244
20
0.2261981102362205
11
1.1144220866141732
21
0.2261981102362205
0
LINE
8
BLACK
6
CONTINUOUS
10
1.1144220866141732
20
0.2261981102362205
11
1.1142847244094487
21
0.2262550393700787
0
LINE
8
BLACK
6
CONTINUOUS
10
1.1142847244094487
20
0.2262550393700787
11
1.1141367322834645
21
0.2262698031496063
0
LINE
8
BLACK
6
CONTINUOUS
10
1.1141367322834645
20
0.2262698031496063
11
1.1137563385826772
21
0.2264738582677165
0
LINE
8
BLACK
6
CONTINUOUS
10
1.1137563385826772
20
0.2264738582677165
11
1.1133576377952756
21
0.2266390157480315
0
LINE
8
BLACK
6
CONTINUOUS
10
1.1133576377952756
20
0.2266390157480315
11
1.1132524409448818
21
0.2267442125984252
0
LINE
8
BLACK
6
CONTINUOUS
10
1.1132524409448818
20
0.2267442125984252
11
1.113121496062992
21
0.2268144488188976
0
LINE
8
BLACK
6
CONTINUOUS
10
1.113121496062992
20
0.2268144488188976
11
1.1128482283464567
21
0.2271484251968504
0
LINE
8
BLACK
6
CONTINUOUS
10
1.1128482283464567
20
0.2271484251968504
11
1.1125429921259842
21
0.2274536614173228
0
LINE
8
BLACK
6
CONTINUOUS
10
1.1125429921259842
20
0.2274536614173228
11
1.112486062992126
21
0.2275910236220473
0
LINE
8
BLACK
6
CONTINUOUS
10
1.112486062992126
20
0.2275910236220473
11
1.1123919291338582
21
0.2277061023622047
0
LINE
8
BLACK
6
CONTINUOUS
10
1.1123919291338582
20
0.2277061023622047
11
1.1122672047244093
21
0.2281194881889764
0
LINE
8
BLACK
6
CONTINUOUS
10
1.1122672047244093
20
0.2281194881889764
11
1.1121020866141733
21
0.2285181102362205
0
LINE
8
BLACK
6
CONTINUOUS
10
1.1121020866141733
20
0.2285181102362205
11
1.1121020866141733
21
0.2286667716535433
0
LINE
8
BLACK
6
CONTINUOUS
10
1.1121020866141733
20
0.2286667716535433
11
1.1120591338582677
21
0.228809094488189
0
LINE
8
BLACK
6
CONTINUOUS
10
1.1120591338582677
20
0.228809094488189
11
1.11206
21
0.2293879527559055
0
LINE
8
BLACK
6
CONTINUOUS
10
1.11206
20
0.2293879527559055
11
1.1139347637795276
21
0.2481355905511811
0
LINE
8
BLACK
6
CONTINUOUS
10
1.1139347637795276
20
0.2481355905511811
11
1.1139768503937009
21
0.2483455511811024
0
LINE
8
BLACK
6
CONTINUOUS
10
1.1139768503937009
20
0.2483455511811024
11
1.1139768503937009
21
0.2484178346456693
0
LINE
8
BLACK
6
CONTINUOUS
10
1.1139768503937009
20
0.2484178346456693
11
1.1140049212598424
21
0.2484856692913386
0
LINE
8
BLACK
6
CONTINUOUS
10
1.1140049212598424
20
0.2484856692913386
11
1.1140485433070866
21
0.2487031496062992
0
LINE
8
BLACK
6
CONTINUOUS
10
1.1140485433070866
20
0.2487031496062992
11
1.114252559055118
21
0.2490834645669291
0
LINE
8
BLACK
6
CONTINUOUS
10
1.114252559055118
20
0.2490834645669291
11
1.1144177559055117
21
0.2494822440944882
0
LINE
8
BLACK
6
CONTINUOUS
10
1.1144177559055117
20
0.2494822440944882
11
1.1145229133858268
21
0.2495874409448819
0
LINE
8
BLACK
6
CONTINUOUS
10
1.1145229133858268
20
0.2495874409448819
11
1.1145931889763778
21
0.2497183858267716
0
LINE
8
BLACK
6
CONTINUOUS
10
1.1145931889763778
20
0.2497183858267716
11
1.1149271259842519
21
0.2499916535433071
0
LINE
8
BLACK
6
CONTINUOUS
10
1.1149271259842519
20
0.2499916535433071
11
1.1152324015748032
21
0.2502968897637795
0
LINE
8
BLACK
6
CONTINUOUS
10
1.1152324015748032
20
0.2502968897637795
11
1.1153697244094487
21
0.2503538188976378
0
LINE
8
BLACK
6
CONTINUOUS
10
1.1153697244094487
20
0.2503538188976378
11
1.115484842519685
21
0.2504479527559055
0
LINE
8
BLACK
6
CONTINUOUS
10
1.115484842519685
20
0.2504479527559055
11
1.1158981102362204
21
0.2505726771653543
0
LINE
8
BLACK
6
CONTINUOUS
10
1.1158981102362204
20
0.2505726771653543
11
1.116296811023622
21
0.2507377952755905
0
LINE
8
BLACK
6
CONTINUOUS
10
1.116296811023622
20
0.2507377952755905
11
1.1165174803149607
21
0.2507595669291339
0
LINE
8
BLACK
6
CONTINUOUS
10
1.1165174803149607
20
0.2507595669291339
11
1.1165878346456692
21
0.2507807480314961
0
LINE
8
BLACK
6
CONTINUOUS
10
1.1165878346456692
20
0.2507807480314961
11
1.1166598031496062
21
0.2507735826771654
0
LINE
8
BLACK
6
CONTINUOUS
10
1.1166598031496062
20
0.2507735826771654
11
1.1168728740157481
21
0.2507945275590551
0
LINE
8
BLACK
6
CONTINUOUS
10
1.1168728740157481
20
0.2507945275590551
11
1.1356205118110236
21
0.2507945275590551
0
LINE
8
BLACK
6
CONTINUOUS
10
1.1356205118110236
20
0.2507945275590551
11
1.1361965748031495
21
0.2507377952755905
0
LINE
8
BLACK
6
CONTINUOUS
10
1.2371415354330708
20
0.2507377952755905
11
1.237433937007874
21
0.2507377952755905
0
LINE
8
BLACK
6
CONTINUOUS
10
1.237433937007874
20
0.2507377952755905
11
1.2377011811023622
21
0.2506270866141732
0
LINE
8
BLACK
6
CONTINUOUS
10
1.2377011811023622
20
0.2506270866141732
11
1.2379849999999999
21
0.2505709448818897
0
LINE
8
BLACK
6
CONTINUOUS
10
1.2379849999999999
20
0.2505709448818897
11
1.2382282677165355
21
0.250408779527559
0
LINE
8
BLACK
6
CONTINUOUS
10
1.2382282677165355
20
0.250408779527559
11
1.238498346456693
21
0.2502968897637795
0
LINE
8
BLACK
6
CONTINUOUS
10
1.238498346456693
20
0.2502968897637795
11
1.2387027952755905
21
0.2500924409448819
0
LINE
8
BLACK
6
CONTINUOUS
10
1.2387027952755905
20
0.2500924409448819
11
1.2389436220472441
21
0.2499318897637795
0
LINE
8
BLACK
6
CONTINUOUS
10
1.2389436220472441
20
0.2499318897637795
11
1.239106338582677
21
0.2496888976377953
0
LINE
8
BLACK
6
CONTINUOUS
10
1.239106338582677
20
0.2496888976377953
11
1.2393129921259842
21
0.2494822440944882
0
LINE
8
BLACK
6
CONTINUOUS
10
1.2393129921259842
20
0.2494822440944882
11
1.2394236614173229
21
0.2492150393700787
0
LINE
8
BLACK
6
CONTINUOUS
10
1.2394236614173229
20
0.2492150393700787
11
1.2395846850393701
21
0.2489746062992126
0
LINE
8
BLACK
6
CONTINUOUS
10
1.2395846850393701
20
0.2489746062992126
11
1.2396420078740158
21
0.2486879527559055
0
LINE
8
BLACK
6
CONTINUOUS
10
1.2396420078740158
20
0.2486879527559055
11
1.2397538976377953
21
0.2484178346456693
0
LINE
8
BLACK
6
CONTINUOUS
10
1.2397538976377953
20
0.2484178346456693
11
1.2398100000000001
21
0.2478479133858268
0
LINE
8
BLACK
6
CONTINUOUS
10
1.2398100000000001
20
0.2478479133858268
11
1.2398106299212599
21
0.2478448818897638
0
LINE
8
BLACK
6
CONTINUOUS
10
1.2398106299212599
20
0.2478448818897638
11
1.2398103937007874
21
0.2478438582677165
0
LINE
8
BLACK
6
CONTINUOUS
10
1.2398103937007874
20
0.2478438582677165
11
1.2398106299212599
21
0.2478417716535433
0
LINE
8
BLACK
6
CONTINUOUS
10
1.2398106299212599
20
0.2478417716535433
11
1.2398106299212599
21
0.2114244488188976
0
LINE
8
BLACK
6
CONTINUOUS
10
1.2398106299212599
20
0.2114244488188976
11
1.2481064566929134
21
0.2114244488188976
0
LINE
8
BLACK
6
CONTINUOUS
10
1.2481064566929134
20
0.2114244488188976
11
1.2486825196850393
21
0.2113677165354331
0
LINE
8
BLACK
6
CONTINUOUS
10
1.2486825196850393
20
0.2113677165354331
11
1.2497469291338583
21
0.210926811023622
0
LINE
8
BLACK
6
CONTINUOUS
10
1.2497469291338583
20
0.210926811023622
11
1.2505615748031496
21
0.2101121653543307
0
LINE
8
BLACK
6
CONTINUOUS
10
1.2505615748031496
20
0.2101121653543307
11
1.2510024803149606
21
0.2090477559055118
0
LINE
8
BLACK
6
CONTINUOUS
10
1.2510024803149606
20
0.2090477559055118
11
1.2510024803149606
21
0.2078956299212598
0
LINE
8
BLACK
6
CONTINUOUS
10
1.2510024803149606
20
0.2078956299212598
11
1.2505615748031496
21
0.2068312204724409
0
LINE
8
BLACK
6
CONTINUOUS
10
1.2505615748031496
20
0.2068312204724409
11
1.2497469291338583
21
0.2060165748031496
0
LINE
8
BLACK
6
CONTINUOUS
10
1.2497469291338583
20
0.2060165748031496
11
1.2486825196850393
21
0.2055756692913386
0
LINE
8
BLACK
6
CONTINUOUS
10
1.2486825196850393
20
0.2055756692913386
11
1.2481064566929134
21
0.205518937007874
0
LINE
8
BLACK
6
CONTINUOUS
10
1.2481064566929134
20
0.205518937007874
11
1.2256092913385825
21
0.205518937007874
0
LINE
8
BLACK
6
CONTINUOUS
10
1.2256092913385825
20
0.205518937007874
11
1.2250332283464567
21
0.2055756692913386
0
LINE
8
BLACK
6
CONTINUOUS
10
1.2250332283464567
20
0.2055756692913386
11
1.2239688188976379
21
0.2060165748031496
0
LINE
8
BLACK
6
CONTINUOUS
10
1.2239688188976379
20
0.2060165748031496
11
1.2231541732283464
21
0.2068312204724409
0
LINE
8
BLACK
6
CONTINUOUS
10
1.2231541732283464
20
0.2068312204724409
11
1.2227132677165353
21
0.2078956299212598
0
LINE
8
BLACK
6
CONTINUOUS
10
1.2227132677165353
20
0.2078956299212598
11
1.2227132677165353
21
0.2090477559055118
0
LINE
8
BLACK
6
CONTINUOUS
10
1.2227132677165353
20
0.2090477559055118
11
1.2231541732283464
21
0.2101121653543307
0
LINE
8
BLACK
6
CONTINUOUS
10
1.2231541732283464
20
0.2101121653543307
11
1.2239688188976379
21
0.210926811023622
0
LINE
8
BLACK
6
CONTINUOUS
10
1.2239688188976379
20
0.210926811023622
11
1.2250332283464567
21
0.2113677165354331
0
LINE
8
BLACK
6
CONTINUOUS
10
1.2250332283464567
20
0.2113677165354331
11
1.2256092913385825
21
0.2114244488188976
0
LINE
8
BLACK
6
CONTINUOUS
10
1.2256092913385825
20
0.2114244488188976
11
1.2339051181102363
21
0.2114244488188976
0
LINE
8
BLACK
6
CONTINUOUS
10
1.2339051181102363
20
0.2114244488188976
11
1.2339051181102363
21
0.2388384251968504
0
LINE
8
BLACK
6
CONTINUOUS
10
1.2339051181102363
20
0.2388384251968504
11
1.2314467322834646
21
0.2363800393700787
0
LINE
8
BLACK
6
CONTINUOUS
10
1.2314467322834646
20
0.2363800393700787
11
1.2312203543307085
21
0.2361942913385827
0
LINE
8
BLACK
6
CONTINUOUS
10
1.2312203543307085
20
0.2361942913385827
11
1.2311692125984253
21
0.2361352755905512
0
LINE
8
BLACK
6
CONTINUOUS
10
1.2311692125984253
20
0.2361352755905512
11
1.2310802362204725
21
0.2360793307086614
0
LINE
8
BLACK
6
CONTINUOUS
10
1.2310802362204725
20
0.2360793307086614
11
1.2309992913385825
21
0.2360128346456693
0
LINE
8
BLACK
6
CONTINUOUS
10
1.2309992913385825
20
0.2360128346456693
11
1.2309273228346456
21
0.235983031496063
0
LINE
8
BLACK
6
CONTINUOUS
10
1.2309273228346456
20
0.235983031496063
11
1.2306793307086614
21
0.2358269291338582
0
LINE
8
BLACK
6
CONTINUOUS
10
1.2306793307086614
20
0.2358269291338582
11
1.2269298031496063
21
0.2339521653543307
0
LINE
8
BLACK
6
CONTINUOUS
10
1.2269298031496063
20
0.2339521653543307
11
1.2263891732283465
21
0.2337452755905512
0
LINE
8
BLACK
6
CONTINUOUS
10
1.2263891732283465
20
0.2337452755905512
11
1.2252399606299211
21
0.2336636220472441
0
LINE
8
BLACK
6
CONTINUOUS
10
1.2252399606299211
20
0.2336636220472441
11
1.2241470078740158
21
0.2340279527559055
0
LINE
8
BLACK
6
CONTINUOUS
10
1.2241470078740158
20
0.2340279527559055
11
1.2232766141732283
21
0.2347827952755905
0
LINE
8
BLACK
6
CONTINUOUS
10
1.2232766141732283
20
0.2347827952755905
11
1.222761377952756
21
0.2358133070866142
0
LINE
8
BLACK
6
CONTINUOUS
10
1.222761377952756
20
0.2358133070866142
11
1.2226797244094487
21
0.2369625196850394
0
LINE
8
BLACK
6
CONTINUOUS
10
1.2226797244094487
20
0.2369625196850394
11
1.2230440551181103
21
0.2380554724409449
0
LINE
8
BLACK
6
CONTINUOUS
10
1.2230440551181103
20
0.2380554724409449
11
1.2237988976377951
21
0.2389258661417323
0
LINE
8
BLACK
6
CONTINUOUS
10
1.2237988976377951
20
0.2389258661417323
11
1.224288779527559
21
0.2392342125984252
0
LINE
8
BLACK
6
CONTINUOUS
10
1.224288779527559
20
0.2392342125984252
11
1.2276097244094488
21
0.2408946850393701
0
LINE
8
BLACK
6
CONTINUOUS
10
1.2276097244094488
20
0.2408946850393701
11
1.2308136220472441
21
0.2440985826771654
0
LINE
8
BLACK
6
CONTINUOUS
10
1.2308136220472441
20
0.2440985826771654
11
1.2344010236220473
21
0.2494796850393701
0
LINE
8
BLACK
6
CONTINUOUS
10
1.2344010236220473
20
0.2494796850393701
11
1.2344023622047244
21
0.2494813779527559
0
LINE
8
BLACK
6
CONTINUOUS
10
1.2344023622047244
20
0.2494813779527559
11
1.2344027559055117
21
0.2494822440944882
0
LINE
8
BLACK
6
CONTINUOUS
10
1.2344027559055117
20
0.2494822440944882
11
1.2344047637795275
21
0.2494842913385827
0
LINE
8
BLACK
6
CONTINUOUS
10
1.2344047637795275
20
0.2494842913385827
11
1.2347677952755904
21
0.2499275196850394
0
LINE
8
BLACK
6
CONTINUOUS
10
1.2347677952755904
20
0.2499275196850394
11
1.2350106692913385
21
0.2500901968503937
0
LINE
8
BLACK
6
CONTINUOUS
10
1.2350106692913385
20
0.2500901968503937
11
1.2352174015748032
21
0.2502968897637795
0
LINE
8
BLACK
6
CONTINUOUS
10
1.2352174015748032
20
0.2502968897637795
11
1.2354846850393701
21
0.2504076377952756
0
LINE
8
BLACK
6
CONTINUOUS
10
1.2354846850393701
20
0.2504076377952756
11
1.2357250787401575
21
0.2505685826771654
0
LINE
8
BLACK
6
CONTINUOUS
10
1.2357250787401575
20
0.2505685826771654
11
1.2360116929133858
21
0.2506259448818898
0
LINE
8
BLACK
6
CONTINUOUS
10
1.2360116929133858
20
0.2506259448818898
11
1.236281811023622
21
0.2507377952755905
0
LINE
8
BLACK
6
CONTINUOUS
10
1.236281811023622
20
0.2507377952755905
11
1.2365711023622048
21
0.2507377952755905
0
LINE
8
BLACK
6
CONTINUOUS
10
1.2365711023622048
20
0.2507377952755905
11
1.2368547637795275
21
0.2507945275590551
0
LINE
8
BLACK
6
CONTINUOUS
10
1.2368547637795275
20
0.2507945275590551
11
1.2371415354330708
21
0.2507377952755905
0
LINE
8
BLACK
6
CONTINUOUS
10
1.2786787795275589
20
0.2507377952755905
11
1.2787767716535432
21
0.2506972047244094
0
LINE
8
BLACK
6
CONTINUOUS
10
1.2787767716535432
20
0.2506972047244094
11
1.2788825984251968
21
0.2506896850393701
0
LINE
8
BLACK
6
CONTINUOUS
10
1.2788825984251968
20
0.2506896850393701
11
1.2794232283464566
21
0.2504827952755905
0
LINE
8
BLACK
6
CONTINUOUS
10
1.2794232283464566
20
0.2504827952755905
11
1.2831727559055117
21
0.248608031496063
0
LINE
8
BLACK
6
CONTINUOUS
10
1.2831727559055117
20
0.248608031496063
11
1.2834207480314961
21
0.248451968503937
0
LINE
8
BLACK
6
CONTINUOUS
10
1.2834207480314961
20
0.248451968503937
11
1.2834927165354331
21
0.248422125984252
0
LINE
8
BLACK
6
CONTINUOUS
10
1.2834927165354331
20
0.248422125984252
11
1.2835736614173228
21
0.2483556692913386
0
LINE
8
BLACK
6
CONTINUOUS
10
1.2835736614173228
20
0.2483556692913386
11
1.2836626377952756
21
0.2482996850393701
0
LINE
8
BLACK
6
CONTINUOUS
10
1.2836626377952756
20
0.2482996850393701
11
1.2837137795275591
21
0.2482407086614173
0
LINE
8
BLACK
6
CONTINUOUS
10
1.2837137795275591
20
0.2482407086614173
11
1.2839401574803149
21
0.2480549212598425
0
LINE
8
BLACK
6
CONTINUOUS
10
1.2839401574803149
20
0.2480549212598425
11
1.2858149212598424
21
0.246180157480315
0
LINE
8
BLACK
6
CONTINUOUS
10
1.2858149212598424
20
0.246180157480315
11
1.2860006692913386
21
0.2459538188976378
0
LINE
8
BLACK
6
CONTINUOUS
10
1.2860006692913386
20
0.2459538188976378
11
1.28605968503937
21
0.2459026377952756
0
LINE
8
BLACK
6
CONTINUOUS
10
1.28605968503937
20
0.2459026377952756
11
1.2861156299212597
21
0.2458137007874016
0
LINE
8
BLACK
6
CONTINUOUS
10
1.2861156299212597
20
0.2458137007874016
11
1.2861821259842519
21
0.2457327165354331
0
LINE
8
BLACK
6
CONTINUOUS
10
1.2861821259842519
20
0.2457327165354331
11
1.2862119291338583
21
0.2456607874015748
0
LINE
8
BLACK
6
CONTINUOUS
10
1.2862119291338583
20
0.2456607874015748
11
1.286368031496063
21
0.2454127559055118
0
LINE
8
BLACK
6
CONTINUOUS
10
1.286368031496063
20
0.2454127559055118
11
1.2882427952755906
21
0.2416632283464567
0
LINE
8
BLACK
6
CONTINUOUS
10
1.2882427952755906
20
0.2416632283464567
11
1.2884496850393701
21
0.2411226377952756
0
LINE
8
BLACK
6
CONTINUOUS
10
1.2884496850393701
20
0.2411226377952756
11
1.2884572047244094
21
0.2410167716535433
0
LINE
8
BLACK
6
CONTINUOUS
10
1.2884572047244094
20
0.2410167716535433
11
1.2884977952755905
21
0.2409187795275591
0
LINE
8
BLACK
6
CONTINUOUS
10
1.2884977952755905
20
0.2409187795275591
11
1.2885545275590551
21
0.2403427165354331
0
LINE
8
BLACK
6
CONTINUOUS
10
1.2885545275590551
20
0.2403427165354331
11
1.2885545275590551
21
0.236593188976378
0
LINE
8
BLACK
6
CONTINUOUS
10
1.2885545275590551
20
0.236593188976378
11
1.2885257874015748
21
0.2363016141732283
0
LINE
8
BLACK
6
CONTINUOUS
10
1.2885257874015748
20
0.2363016141732283
11
1.2885313385826771
21
0.2362238582677165
0
LINE
8
BLACK
6
CONTINUOUS
10
1.2885313385826771
20
0.2362238582677165
11
1.2885080708661416
21
0.2361216141732283
0
LINE
8
BLACK
6
CONTINUOUS
10
1.2885080708661416
20
0.2361216141732283
11
1.2884977952755905
21
0.236017125984252
0
LINE
8
BLACK
6
CONTINUOUS
10
1.2884977952755905
20
0.236017125984252
11
1.2884679133858268
21
0.2359450787401575
0
LINE
8
BLACK
6
CONTINUOUS
10
1.2884679133858268
20
0.2359450787401575
11
1.2884029921259843
21
0.2356594094488189
0
LINE
8
BLACK
6
CONTINUOUS
10
1.2884029921259843
20
0.2356594094488189
11
1.2865282283464567
21
0.2300351574803149
0
LINE
8
BLACK
6
CONTINUOUS
10
1.2865282283464567
20
0.2300351574803149
11
1.2862922440944882
21
0.2295065748031496
0
LINE
8
BLACK
6
CONTINUOUS
10
1.2862922440944882
20
0.2295065748031496
11
1.2862227559055117
21
0.2294264960629921
0
LINE
8
BLACK
6
CONTINUOUS
10
1.2862227559055117
20
0.2294264960629921
11
1.2861821653543306
21
0.2293284251968504
0
LINE
8
BLACK
6
CONTINUOUS
10
1.2861821653543306
20
0.2293284251968504
11
1.2858149212598424
21
0.2288809842519685
0
LINE
8
BLACK
6
CONTINUOUS
10
1.2858149212598424
20
0.2288809842519685
11
1.2683584251968503
21
0.2114244488188976
0
LINE
8
BLACK
6
CONTINUOUS
10
1.2683584251968503
20
0.2114244488188976
11
1.2856017716535433
21
0.2114244488188976
0
LINE
8
BLACK
6
CONTINUOUS
10
1.2856017716535433
20
0.2114244488188976
11
1.2861778346456694
21
0.2113677165354331
0
LINE
8
BLACK
6
CONTINUOUS
10
1.2861778346456694
20
0.2113677165354331
11
1.2872422440944882
21
0.210926811023622
0
LINE
8
BLACK
6
CONTINUOUS
10
1.2872422440944882
20
0.210926811023622
11
1.2880568897637794
21
0.2101121653543307
0
LINE
8
BLACK
6
CONTINUOUS
10
1.2880568897637794
20
0.2101121653543307
11
1.2884977952755905
21
0.2090477559055118
0
LINE
8
BLACK
6
CONTINUOUS
10
1.2884977952755905
20
0.2090477559055118
11
1.2884977952755905
21
0.2078956299212598
0
LINE
8
BLACK
6
CONTINUOUS
10
1.2884977952755905
20
0.2078956299212598
11
1.2880568897637794
21
0.2068312204724409
0
LINE
8
BLACK
6
CONTINUOUS
10
1.2880568897637794
20
0.2068312204724409
11
1.2872422440944882
21
0.2060165748031496
0
LINE
8
BLACK
6
CONTINUOUS
10
1.2872422440944882
20
0.2060165748031496
11
1.2861778346456694
21
0.2055756692913386
0
LINE
8
BLACK
6
CONTINUOUS
10
1.2861778346456694
20
0.2055756692913386
11
1.2856017716535433
21
0.205518937007874
0
LINE
8
BLACK
6
CONTINUOUS
10
1.2856017716535433
20
0.205518937007874
11
1.2612298425196851
21
0.205518937007874
0
LINE
8
BLACK
6
CONTINUOUS
10
1.2612298425196851
20
0.205518937007874
11
1.260653779527559
21
0.2055756692913386
0
LINE
8
BLACK
6
CONTINUOUS
10
1.260653779527559
20
0.2055756692913386
11
1.2595893700787402
21
0.2060165748031496
0
LINE
8
BLACK
6
CONTINUOUS
10
1.2595893700787402
20
0.2060165748031496
11
1.2587747244094487
21
0.2068312204724409
0
LINE
8
BLACK
6
CONTINUOUS
10
1.2587747244094487
20
0.2068312204724409
11
1.2583338188976378
21
0.2078956299212598
0
LINE
8
BLACK
6
CONTINUOUS
10
1.2583338188976378
20
0.2078956299212598
11
1.2583338188976378
21
0.2090477559055118
0
LINE
8
BLACK
6
CONTINUOUS
10
1.2583338188976378
20
0.2090477559055118
11
1.2587747244094487
21
0.2101121653543307
0
LINE
8
BLACK
6
CONTINUOUS
10
1.2587747244094487
20
0.2101121653543307
11
1.2591419291338581
21
0.2105596062992126
0
LINE
8
BLACK
6
CONTINUOUS
10
1.2591419291338581
20
0.2105596062992126
11
1.2811461811023621
21
0.232563937007874
0
LINE
8
BLACK
6
CONTINUOUS
10
1.2811461811023621
20
0.232563937007874
11
1.2826490157480315
21
0.2370723228346457
0
LINE
8
BLACK
6
CONTINUOUS
10
1.2826490157480315
20
0.2370723228346457
11
1.2826490157480315
21
0.2396456692913386
0
LINE
8
BLACK
6
CONTINUOUS
10
1.2826490157480315
20
0.2396456692913386
11
1.2813002755905512
21
0.2423431496062992
0
LINE
8
BLACK
6
CONTINUOUS
10
1.2813002755905512
20
0.2423431496062992
11
1.2801031496062991
21
0.2435402755905512
0
LINE
8
BLACK
6
CONTINUOUS
10
1.2801031496062991
20
0.2435402755905512
11
1.2774056692913385
21
0.2448890157480315
0
LINE
8
BLACK
6
CONTINUOUS
10
1.2774056692913385
20
0.2448890157480315
11
1.2694259448818896
21
0.2448890157480315
0
LINE
8
BLACK
6
CONTINUOUS
10
1.2694259448818896
20
0.2448890157480315
11
1.266728464566929
21
0.2435402755905512
0
LINE
8
BLACK
6
CONTINUOUS
10
1.266728464566929
20
0.2435402755905512
11
1.2651925196850393
21
0.2420043307086614
0
LINE
8
BLACK
6
CONTINUOUS
10
1.2651925196850393
20
0.2420043307086614
11
1.2647450787401575
21
0.241637125984252
0
LINE
8
BLACK
6
CONTINUOUS
10
1.2647450787401575
20
0.241637125984252
11
1.2636806299212597
21
0.2411962204724409
0
LINE
8
BLACK
6
CONTINUOUS
10
1.2636806299212597
20
0.2411962204724409
11
1.2625285826771653
21
0.2411962204724409
0
LINE
8
BLACK
6
CONTINUOUS
10
1.2625285826771653
20
0.2411962204724409
11
1.2614641338582677
21
0.241637125984252
0
LINE
8
BLACK
6
CONTINUOUS
10
1.2614641338582677
20
0.241637125984252
11
1.2606494881889763
21
0.2424517716535433
0
LINE
8
BLACK
6
CONTINUOUS
10
1.2606494881889763
20
0.2424517716535433
11
1.2602085826771654
21
0.243516220472441
0
LINE
8
BLACK
6
CONTINUOUS
10
1.2602085826771654
20
0.243516220472441
11
1.2602085826771654
21
0.2446682677165354
0
LINE
8
BLACK
6
CONTINUOUS
10
1.2602085826771654
20
0.2446682677165354
11
1.2606494881889763
21
0.2457327165354331
0
LINE
8
BLACK
6
CONTINUOUS
10
1.2606494881889763
20
0.2457327165354331
11
1.2610166929133857
21
0.246180157480315
0
LINE
8
BLACK
6
CONTINUOUS
10
1.2610166929133857
20
0.246180157480315
11
1.2628914566929133
21
0.2480549212598425
0
LINE
8
BLACK
6
CONTINUOUS
10
1.2628914566929133
20
0.2480549212598425
11
1.2631177952755905
21
0.2482407086614173
0
LINE
8
BLACK
6
CONTINUOUS
10
1.2631177952755905
20
0.2482407086614173
11
1.2631689763779528
21
0.2482996850393701
0
LINE
8
BLACK
6
CONTINUOUS
10
1.2631689763779528
20
0.2482996850393701
11
1.2632579133858268
21
0.2483556692913386
0
LINE
8
BLACK
6
CONTINUOUS
10
1.2632579133858268
20
0.2483556692913386
11
1.2633388976377953
21
0.248422125984252
0
LINE
8
BLACK
6
CONTINUOUS
10
1.2633388976377953
20
0.248422125984252
11
1.2634108267716535
21
0.248451968503937
0
LINE
8
BLACK
6
CONTINUOUS
10
1.2634108267716535
20
0.248451968503937
11
1.2636588582677164
21
0.248608031496063
0
LINE
8
BLACK
6
CONTINUOUS
10
1.2636588582677164
20
0.248608031496063
11
1.2674083858267717
21
0.2504827952755905
0
LINE
8
BLACK
6
CONTINUOUS
10
1.2674083858267717
20
0.2504827952755905
11
1.2679489763779528
21
0.2506896850393701
0
LINE
8
BLACK
6
CONTINUOUS
10
1.2679489763779528
20
0.2506896850393701
11
1.2680548425196849
21
0.2506972440944882
0
LINE
8
BLACK
6
CONTINUOUS
10
1.2680548425196849
20
0.2506972440944882
11
1.2681528346456692
21
0.2507377952755905
0
LINE
8
BLACK
6
CONTINUOUS
10
1.2681528346456692
20
0.2507377952755905
11
1.2687288976377953
21
0.2507945275590551
0
LINE
8
BLACK
6
CONTINUOUS
10
1.2687288976377953
20
0.2507945275590551
11
1.2781027165354331
21
0.2507945275590551
0
LINE
8
BLACK
6
CONTINUOUS
10
1.2781027165354331
20
0.2507945275590551
11
1.2786787795275589
21
0.2507377952755905
0
LINE
8
BLACK
6
CONTINUOUS
10
1.3041151574803149
20
0.2502968897637795
11
1.3049298031496062
21
0.2494822440944882
0
LINE
8
BLACK
6
CONTINUOUS
10
1.3049298031496062
20
0.2494822440944882
11
1.3053707086614172
21
0.2484178346456693
0
LINE
8
BLACK
6
CONTINUOUS
10
1.3053707086614172
20
0.2484178346456693
11
1.3054274409448818
21
0.2478417716535433
0
LINE
8
BLACK
6
CONTINUOUS
10
1.3054274409448818
20
0.2478417716535433
11
1.3054274409448818
21
0.2114244488188976
0
LINE
8
BLACK
6
CONTINUOUS
10
1.3054274409448818
20
0.2114244488188976
11
1.3212223228346456
21
0.2114244488188976
0
LINE
8
BLACK
6
CONTINUOUS
10
1.3212223228346456
20
0.2114244488188976
11
1.3217983858267717
21
0.2113677165354331
0
LINE
8
BLACK
6
CONTINUOUS
10
1.3217983858267717
20
0.2113677165354331
11
1.3228627952755905
21
0.210926811023622
0
LINE
8
BLACK
6
CONTINUOUS
10
1.3228627952755905
20
0.210926811023622
11
1.3236774409448819
21
0.2101121653543307
0
LINE
8
BLACK
6
CONTINUOUS
10
1.3236774409448819
20
0.2101121653543307
11
1.3241183464566928
21
0.2090477559055118
0
LINE
8
BLACK
6
CONTINUOUS
10
1.3241183464566928
20
0.2090477559055118
11
1.3241183464566928
21
0.2078956299212598
0
LINE
8
BLACK
6
CONTINUOUS
10
1.3241183464566928
20
0.2078956299212598
11
1.3236774409448819
21
0.2068312204724409
0
LINE
8
BLACK
6
CONTINUOUS
10
1.3236774409448819
20
0.2068312204724409
11
1.3228627952755905
21
0.2060165748031496
0
LINE
8
BLACK
6
CONTINUOUS
10
1.3228627952755905
20
0.2060165748031496
11
1.3217983858267717
21
0.2055756692913386
0
LINE
8
BLACK
6
CONTINUOUS
10
1.3217983858267717
20
0.2055756692913386
11
1.3212223228346456
21
0.205518937007874
0
LINE
8
BLACK
6
CONTINUOUS
10
1.3212223228346456
20
0.205518937007874
11
1.30247468503937
21
0.205518937007874
0
LINE
8
BLACK
6
CONTINUOUS
10
1.30247468503937
20
0.205518937007874
11
1.3018986220472442
21
0.2055756692913386
0
LINE
8
BLACK
6
CONTINUOUS
10
1.3018986220472442
20
0.2055756692913386
11
1.3008342125984251
21
0.2060165748031496
0
LINE
8
BLACK
6
CONTINUOUS
10
1.3008342125984251
20
0.2060165748031496
11
1.3000195669291339
21
0.2068312204724409
0
LINE
8
BLACK
6
CONTINUOUS
10
1.3000195669291339
20
0.2068312204724409
11
1.2995786614173228
21
0.2078956299212598
0
LINE
8
BLACK
6
CONTINUOUS
10
1.2995786614173228
20
0.2078956299212598
11
1.2995219291338582
21
0.2084716929133858
0
LINE
8
BLACK
6
CONTINUOUS
10
1.2995219291338582
20
0.2084716929133858
11
1.2995219291338582
21
0.2478417716535433
0
LINE
8
BLACK
6
CONTINUOUS
10
1.2995219291338582
20
0.2478417716535433
11
1.2995786614173228
21
0.2484178346456693
0
LINE
8
BLACK
6
CONTINUOUS
10
1.2995786614173228
20
0.2484178346456693
11
1.3000195669291339
21
0.2494822440944882
0
LINE
8
BLACK
6
CONTINUOUS
10
1.3000195669291339
20
0.2494822440944882
11
1.3008342125984251
21
0.2502968897637795
0
LINE
8
BLACK
6
CONTINUOUS
10
1.3008342125984251
20
0.2502968897637795
11
1.3018986220472442
21
0.2507377952755905
0
LINE
8
BLACK
6
CONTINUOUS
10
1.3018986220472442
20
0.2507377952755905
11
1.3030507480314961
21
0.2507377952755905
0
LINE
8
BLACK
6
CONTINUOUS
10
1.3030507480314961
20
0.2507377952755905
11
1.3041151574803149
21
0.2502968897637795
0
LINE
8
BLACK
6
CONTINUOUS
10
0.7031257086614173
20
0.2507377952755905
11
0.7032237007874016
21
0.2506972047244094
0
LINE
8
BLACK
6
CONTINUOUS
10
0.7032237007874016
20
0.2506972047244094
11
0.7033295275590551
21
0.2506896850393701
0
LINE
8
BLACK
6
CONTINUOUS
10
0.7033295275590551
20
0.2506896850393701
11
0.7038701574803149
21
0.2504827952755905
0
LINE
8
BLACK
6
CONTINUOUS
10
0.7038701574803149
20
0.2504827952755905
11
0.7076196850393701
21
0.248608031496063
0
LINE
8
BLACK
6
CONTINUOUS
10
0.7076196850393701
20
0.248608031496063
11
0.7078676771653544
21
0.248451968503937
0
LINE
8
BLACK
6
CONTINUOUS
10
0.7078676771653544
20
0.248451968503937
11
0.7079396456692914
21
0.248422125984252
0
LINE
8
BLACK
6
CONTINUOUS
10
0.7079396456692914
20
0.248422125984252
11
0.7080205905511811
21
0.2483556692913386
0
LINE
8
BLACK
6
CONTINUOUS
10
0.7080205905511811
20
0.2483556692913386
11
0.7081095669291338
21
0.2482996850393701
0
LINE
8
BLACK
6
CONTINUOUS
10
0.7081095669291338
20
0.2482996850393701
11
0.7081607086614173
21
0.2482407086614173
0
LINE
8
BLACK
6
CONTINUOUS
10
0.7081607086614173
20
0.2482407086614173
11
0.7083870866141733
21
0.2480549212598425
0
LINE
8
BLACK
6
CONTINUOUS
10
0.7083870866141733
20
0.2480549212598425
11
0.7102618503937008
21
0.246180157480315
0
LINE
8
BLACK
6
CONTINUOUS
10
0.7102618503937008
20
0.246180157480315
11
0.7104475984251968
21
0.2459538188976378
0
LINE
8
BLACK
6
CONTINUOUS
10
0.7104475984251968
20
0.2459538188976378
11
0.7105066141732284
21
0.2459026377952756
0
LINE
8
BLACK
6
CONTINUOUS
10
0.7105066141732284
20
0.2459026377952756
11
0.7105625590551181
21
0.2458137007874016
0
LINE
8
BLACK
6
CONTINUOUS
10
0.7105625590551181
20
0.2458137007874016
11
0.7106290551181103
21
0.2457327165354331
0
LINE
8
BLACK
6
CONTINUOUS
10
0.7106290551181103
20
0.2457327165354331
11
0.7106588582677165
21
0.2456607874015748
0
LINE
8
BLACK
6
CONTINUOUS
10
0.7106588582677165
20
0.2456607874015748
11
0.7108149606299212
21
0.2454127559055118
0
LINE
8
BLACK
6
CONTINUOUS
10
0.7108149606299212
20
0.2454127559055118
11
0.7126897244094488
21
0.2416632283464567
0
LINE
8
BLACK
6
CONTINUOUS
10
0.7126897244094488
20
0.2416632283464567
11
0.7128966141732284
21
0.2411226377952756
0
LINE
8
BLACK
6
CONTINUOUS
10
0.7128966141732284
20
0.2411226377952756
11
0.7129041338582677
21
0.2410167716535433
0
LINE
8
BLACK
6
CONTINUOUS
10
0.7129041338582677
20
0.2410167716535433
11
0.7129447244094488
21
0.2409187795275591
0
LINE
8
BLACK
6
CONTINUOUS
10
0.7129447244094488
20
0.2409187795275591
11
0.7130014566929134
21
0.2403427165354331
0
LINE
8
BLACK
6
CONTINUOUS
10
0.7130014566929134
20
0.2403427165354331
11
0.7130014566929134
21
0.2347184251968504
0
LINE
8
BLACK
6
CONTINUOUS
10
0.7130014566929134
20
0.2347184251968504
11
0.7129447244094488
21
0.2341423622047244
0
LINE
8
BLACK
6
CONTINUOUS
10
0.7129447244094488
20
0.2341423622047244
11
0.7129041338582677
21
0.2340444094488189
0
LINE
8
BLACK
6
CONTINUOUS
10
0.7129041338582677
20
0.2340444094488189
11
0.7128966141732284
21
0.2339385039370079
0
LINE
8
BLACK
6
CONTINUOUS
10
0.7128966141732284
20
0.2339385039370079
11
0.7126897244094488
21
0.2333979133858268
0
LINE
8
BLACK
6
CONTINUOUS
10
0.7126897244094488
20
0.2333979133858268
11
0.7108149606299212
21
0.2296483858267717
0
LINE
8
BLACK
6
CONTINUOUS
10
0.7108149606299212
20
0.2296483858267717
11
0.7106588582677165
21
0.2294003937007874
0
LINE
8
BLACK
6
CONTINUOUS
10
0.7106588582677165
20
0.2294003937007874
11
0.7106290551181103
21
0.2293284251968504
0
LINE
8
BLACK
6
CONTINUOUS
10
0.7106290551181103
20
0.2293284251968504
11
0.7105625590551181
21
0.2292474803149606
0
LINE
8
BLACK
6
CONTINUOUS
10
0.7105625590551181
20
0.2292474803149606
11
0.7105066141732284
21
0.2291585039370079
0
LINE
8
BLACK
6
CONTINUOUS
10
0.7105066141732284
20
0.2291585039370079
11
0.7104475984251968
21
0.2291073622047244
0
LINE
8
BLACK
6
CONTINUOUS
10
0.7104475984251968
20
0.2291073622047244
11
0.7102618503937008
21
0.2288809842519685
0
LINE
8
BLACK
6
CONTINUOUS
10
0.7102618503937008
20
0.2288809842519685
11
0.7083870866141733
21
0.2270062204724409
0
LINE
8
BLACK
6
CONTINUOUS
10
0.7083870866141733
20
0.2270062204724409
11
0.7081607086614173
21
0.2268204724409449
0
LINE
8
BLACK
6
CONTINUOUS
10
0.7081607086614173
20
0.2268204724409449
11
0.7081095669291338
21
0.2267614566929134
0
LINE
8
BLACK
6
CONTINUOUS
10
0.7081095669291338
20
0.2267614566929134
11
0.7080205905511811
21
0.2267055118110236
0
LINE
8
BLACK
6
CONTINUOUS
10
0.7080205905511811
20
0.2267055118110236
11
0.7079396456692914
21
0.2266390157480315
0
LINE
8
BLACK
6
CONTINUOUS
10
0.7079396456692914
20
0.2266390157480315
11
0.7078676771653544
21
0.2266092125984252
0
LINE
8
BLACK
6
CONTINUOUS
10
0.7078676771653544
20
0.2266092125984252
11
0.7076196850393701
21
0.2264531102362205
0
LINE
8
BLACK
6
CONTINUOUS
10
0.7076196850393701
20
0.2264531102362205
11
0.7038701574803149
21
0.2245783464566929
0
LINE
8
BLACK
6
CONTINUOUS
10
0.7038701574803149
20
0.2245783464566929
11
0.7033295275590551
21
0.2243714566929134
0
LINE
8
BLACK
6
CONTINUOUS
10
0.7033295275590551
20
0.2243714566929134
11
0.7032237007874016
21
0.2243639763779527
0
LINE
8
BLACK
6
CONTINUOUS
10
0.7032237007874016
20
0.2243639763779527
11
0.7031257086614173
21
0.2243233464566929
0
LINE
8
BLACK
6
CONTINUOUS
10
0.7031257086614173
20
0.2243233464566929
11
0.7025935433070866
21
0.2242709448818898
0
LINE
8
BLACK
6
CONTINUOUS
10
0.7025935433070866
20
0.2242709448818898
11
0.7124677165354331
21
0.2101649606299213
0
LINE
8
BLACK
6
CONTINUOUS
10
0.7124677165354331
20
0.2101649606299213
11
0.7127515748031495
21
0.2096605118110236
0
LINE
8
BLACK
6
CONTINUOUS
10
0.7127515748031495
20
0.2096605118110236
11
0.713000748031496
21
0.2085356692913386
0
LINE
8
BLACK
6
CONTINUOUS
10
0.713000748031496
20
0.2085356692913386
11
0.7128005511811023
21
0.2074011023622047
0
LINE
8
BLACK
6
CONTINUOUS
10
0.7128005511811023
20
0.2074011023622047
11
0.7121813779527559
21
0.2064295275590551
0
LINE
8
BLACK
6
CONTINUOUS
10
0.7121813779527559
20
0.2064295275590551
11
0.7112375196850393
21
0.2057688188976378
0
LINE
8
BLACK
6
CONTINUOUS
10
0.7112375196850393
20
0.2057688188976378
11
0.7101126771653543
21
0.2055196062992126
0
LINE
8
BLACK
6
CONTINUOUS
10
0.7101126771653543
20
0.2055196062992126
11
0.7089781496062992
21
0.205719842519685
0
LINE
8
BLACK
6
CONTINUOUS
10
0.7089781496062992
20
0.205719842519685
11
0.7080065354330709
21
0.2063390157480315
0
LINE
8
BLACK
6
CONTINUOUS
10
0.7080065354330709
20
0.2063390157480315
11
0.7076297244094488
21
0.2067783858267717
0
LINE
8
BLACK
6
CONTINUOUS
10
0.7076297244094488
20
0.2067783858267717
11
0.6953879921259842
21
0.2242666141732284
0
LINE
8
BLACK
6
CONTINUOUS
10
0.6953879921259842
20
0.2242666141732284
11
0.6905042913385827
21
0.2242666141732284
0
LINE
8
BLACK
6
CONTINUOUS
10
0.6905042913385827
20
0.2242666141732284
11
0.6905042913385827
21
0.2084716929133858
0
LINE
8
BLACK
6
CONTINUOUS
10
0.6905042913385827
20
0.2084716929133858
11
0.6904475590551181
21
0.2078956299212598
0
LINE
8
BLACK
6
CONTINUOUS
10
0.6904475590551181
20
0.2078956299212598
11
0.690006653543307
21
0.2068312204724409
0
LINE
8
BLACK
6
CONTINUOUS
10
0.690006653543307
20
0.2068312204724409
11
0.6891920078740157
21
0.2060165748031496
0
LINE
8
BLACK
6
CONTINUOUS
10
0.6891920078740157
20
0.2060165748031496
11
0.6881275984251969
21
0.2055756692913386
0
LINE
8
BLACK
6
CONTINUOUS
10
0.6881275984251969
20
0.2055756692913386
11
0.6869754724409448
21
0.2055756692913386
0
LINE
8
BLACK
6
CONTINUOUS
10
0.6869754724409448
20
0.2055756692913386
11
0.685911062992126
21
0.2060165748031496
0
LINE
8
BLACK
6
CONTINUOUS
10
0.685911062992126
20
0.2060165748031496
11
0.6850964173228347
21
0.2068312204724409
0
LINE
8
BLACK
6
CONTINUOUS
10
0.6850964173228347
20
0.2068312204724409
11
0.6846555118110236
21
0.2078956299212598
0
LINE
8
BLACK
6
CONTINUOUS
10
0.6846555118110236
20
0.2078956299212598
11
0.684598779527559
21
0.2084716929133858
0
LINE
8
BLACK
6
CONTINUOUS
10
0.684598779527559
20
0.2084716929133858
11
0.684598779527559
21
0.2478417716535433
0
LINE
8
BLACK
6
CONTINUOUS
10
0.684598779527559
20
0.2478417716535433
11
0.6846555118110236
21
0.2484178346456693
0
LINE
8
BLACK
6
CONTINUOUS
10
0.6846555118110236
20
0.2484178346456693
11
0.6850964173228347
21
0.2494822440944882
0
LINE
8
BLACK
6
CONTINUOUS
10
0.6850964173228347
20
0.2494822440944882
11
0.685911062992126
21
0.2502968897637795
0
LINE
8
BLACK
6
CONTINUOUS
10
0.685911062992126
20
0.2502968897637795
11
0.6869754724409448
21
0.2507377952755905
0
LINE
8
BLACK
6
CONTINUOUS
10
0.6869754724409448
20
0.2507377952755905
11
0.6875515354330709
21
0.2507945275590551
0
LINE
8
BLACK
6
CONTINUOUS
10
0.6875515354330709
20
0.2507945275590551
11
0.7025496456692913
21
0.2507945275590551
0
LINE
8
BLACK
6
CONTINUOUS
10
0.7025496456692913
20
0.2507945275590551
11
0.7031257086614173
21
0.2507377952755905
0
LINE
8
BLACK
6
CONTINUOUS
10
0.6905042913385827
20
0.230172125984252
11
0.7018525984251969
21
0.230172125984252
0
LINE
8
BLACK
6
CONTINUOUS
10
0.7018525984251969
20
0.230172125984252
11
0.7045500787401575
21
0.2315208661417323
0
LINE
8
BLACK
6
CONTINUOUS
10
0.7045500787401575
20
0.2315208661417323
11
0.7057472047244094
21
0.2327179921259842
0
LINE
8
BLACK
6
CONTINUOUS
10
0.7057472047244094
20
0.2327179921259842
11
0.7070959448818898
21
0.2354154724409449
0
LINE
8
BLACK
6
CONTINUOUS
10
0.7070959448818898
20
0.2354154724409449
11
0.7070959448818898
21
0.2396456692913386
0
LINE
8
BLACK
6
CONTINUOUS
10
0.7070959448818898
20
0.2396456692913386
11
0.7057472047244094
21
0.2423431496062992
0
LINE
8
BLACK
6
CONTINUOUS
10
0.7057472047244094
20
0.2423431496062992
11
0.7045500787401575
21
0.2435402755905512
0
LINE
8
BLACK
6
CONTINUOUS
10
0.7045500787401575
20
0.2435402755905512
11
0.7018525984251969
21
0.2448890157480315
0
LINE
8
BLACK
6
CONTINUOUS
10
0.7018525984251969
20
0.2448890157480315
11
0.6905042913385827
21
0.2448890157480315
0
LINE
8
BLACK
6
CONTINUOUS
10
0.6905042913385827
20
0.2448890157480315
11
0.6905042913385827
21
0.230172125984252
0
LINE
8
BLACK
6
CONTINUOUS
10
1.1560086614173228
20
0.2502968897637795
11
1.1568233070866141
21
0.2494822440944882
0
LINE
8
BLACK
6
CONTINUOUS
10
1.1568233070866141
20
0.2494822440944882
11
1.1572642125984252
21
0.2484178346456693
0
LINE
8
BLACK
6
CONTINUOUS
10
1.1572642125984252
20
0.2484178346456693
11
1.1573209448818897
21
0.2478417716535433
0
LINE
8
BLACK
6
CONTINUOUS
10
1.1573209448818897
20
0.2478417716535433
11
1.1573209448818897
21
0.2324731889763779
0
LINE
8
BLACK
6
CONTINUOUS
10
1.1573209448818897
20
0.2324731889763779
11
1.1747774409448819
21
0.2499296850393701
0
LINE
8
BLACK
6
CONTINUOUS
10
1.1747774409448819
20
0.2499296850393701
11
1.1752248818897637
21
0.2502968897637795
0
LINE
8
BLACK
6
CONTINUOUS
10
1.1752248818897637
20
0.2502968897637795
11
1.1762892913385827
21
0.2507377952755905
0
LINE
8
BLACK
6
CONTINUOUS
10
1.1762892913385827
20
0.2507377952755905
11
1.1774413779527559
21
0.2507377952755905
0
LINE
8
BLACK
6
CONTINUOUS
10
1.1774413779527559
20
0.2507377952755905
11
1.1785058267716535
21
0.2502968897637795
0
LINE
8
BLACK
6
CONTINUOUS
10
1.1785058267716535
20
0.2502968897637795
11
1.179320472440945
21
0.2494822440944882
0
LINE
8
BLACK
6
CONTINUOUS
10
1.179320472440945
20
0.2494822440944882
11
1.1797613779527558
21
0.2484177952755905
0
LINE
8
BLACK
6
CONTINUOUS
10
1.1797613779527558
20
0.2484177952755905
11
1.1797613779527558
21
0.2472657086614173
0
LINE
8
BLACK
6
CONTINUOUS
10
1.1797613779527558
20
0.2472657086614173
11
1.179320472440945
21
0.2462012992125984
0
LINE
8
BLACK
6
CONTINUOUS
10
1.179320472440945
20
0.2462012992125984
11
1.1789532677165353
21
0.2457538582677165
0
LINE
8
BLACK
6
CONTINUOUS
10
1.1789532677165353
20
0.2457538582677165
11
1.163891220472441
21
0.2306918503937008
0
LINE
8
BLACK
6
CONTINUOUS
10
1.163891220472441
20
0.2306918503937008
11
1.179227559055118
21
0.2102433464566929
0
LINE
8
BLACK
6
CONTINUOUS
10
1.179227559055118
20
0.2102433464566929
11
1.1795278346456692
21
0.2097484645669291
0
LINE
8
BLACK
6
CONTINUOUS
10
1.1795278346456692
20
0.2097484645669291
11
1.1798137401574802
21
0.2086323622047244
0
LINE
8
BLACK
6
CONTINUOUS
10
1.1798137401574802
20
0.2086323622047244
11
1.1796507874015747
21
0.2074918897637795
0
LINE
8
BLACK
6
CONTINUOUS
10
1.1796507874015747
20
0.2074918897637795
11
1.1790638188976377
21
0.2065005118110236
0
LINE
8
BLACK
6
CONTINUOUS
10
1.1790638188976377
20
0.2065005118110236
11
1.1781421259842519
21
0.2058092125984252
0
LINE
8
BLACK
6
CONTINUOUS
10
1.1781421259842519
20
0.2058092125984252
11
1.1770260629921259
21
0.2055233070866142
0
LINE
8
BLACK
6
CONTINUOUS
10
1.1770260629921259
20
0.2055233070866142
11
1.1758855511811024
21
0.205686220472441
0
LINE
8
BLACK
6
CONTINUOUS
10
1.1758855511811024
20
0.205686220472441
11
1.1748941732283464
21
0.2062732283464567
0
LINE
8
BLACK
6
CONTINUOUS
10
1.1748941732283464
20
0.2062732283464567
11
1.1745031496062992
21
0.2067000393700787
0
LINE
8
BLACK
6
CONTINUOUS
10
1.1745031496062992
20
0.2067000393700787
11
1.1596729921259843
21
0.2264736220472441
0
LINE
8
BLACK
6
CONTINUOUS
10
1.1596729921259843
20
0.2264736220472441
11
1.1573209448818897
21
0.2241215354330709
0
LINE
8
BLACK
6
CONTINUOUS
10
1.1573209448818897
20
0.2241215354330709
11
1.1573209448818897
21
0.2084716929133858
0
LINE
8
BLACK
6
CONTINUOUS
10
1.1573209448818897
20
0.2084716929133858
11
1.1572642125984252
21
0.2078956299212598
0
LINE
8
BLACK
6
CONTINUOUS
10
1.1572642125984252
20
0.2078956299212598
11
1.1568233070866141
21
0.2068312204724409
0
LINE
8
BLACK
6
CONTINUOUS
10
1.1568233070866141
20
0.2068312204724409
11
1.1560086614173228
21
0.2060165748031496
0
LINE
8
BLACK
6
CONTINUOUS
10
1.1560086614173228
20
0.2060165748031496
11
1.1549442519685038
21
0.2055756692913386
0
LINE
8
BLACK
6
CONTINUOUS
10
1.1549442519685038
20
0.2055756692913386
11
1.1537921259842518
21
0.2055756692913386
0
LINE
8
BLACK
6
CONTINUOUS
10
1.1537921259842518
20
0.2055756692913386
11
1.152727716535433
21
0.2060165748031496
0
LINE
8
BLACK
6
CONTINUOUS
10
1.152727716535433
20
0.2060165748031496
11
1.1519130708661418
21
0.2068312204724409
0
LINE
8
BLACK
6
CONTINUOUS
10
1.1519130708661418
20
0.2068312204724409
11
1.1514721653543307
21
0.2078956299212598
0
LINE
8
BLACK
6
CONTINUOUS
10
1.1514721653543307
20
0.2078956299212598
11
1.1514154330708661
21
0.2084716929133858
0
LINE
8
BLACK
6
CONTINUOUS
10
1.1514154330708661
20
0.2084716929133858
11
1.1514154330708661
21
0.2478417716535433
0
LINE
8
BLACK
6
CONTINUOUS
10
1.1514154330708661
20
0.2478417716535433
11
1.1514721653543307
21
0.2484178346456693
0
LINE
8
BLACK
6
CONTINUOUS
10
1.1514721653543307
20
0.2484178346456693
11
1.1519130708661418
21
0.2494822440944882
0
LINE
8
BLACK
6
CONTINUOUS
10
1.1519130708661418
20
0.2494822440944882
11
1.152727716535433
21
0.2502968897637795
0
LINE
8
BLACK
6
CONTINUOUS
10
1.152727716535433
20
0.2502968897637795
11
1.1537921259842518
21
0.2507377952755905
0
LINE
8
BLACK
6
CONTINUOUS
10
1.1537921259842518
20
0.2507377952755905
11
1.1549442519685038
21
0.2507377952755905
0
LINE
8
BLACK
6
CONTINUOUS
10
1.1549442519685038
20
0.2507377952755905
11
1.1560086614173228
21
0.2502968897637795
0
LINE
8
BLACK
6
CONTINUOUS
10
1.201806811023622
20
0.2507046062992126
11
1.2020172440944881
21
0.2506896456692913
0
LINE
8
BLACK
6
CONTINUOUS
10
1.2020172440944881
20
0.2506896456692913
11
1.2023483464566929
21
0.250524094488189
0
LINE
8
BLACK
6
CONTINUOUS
10
1.2023483464566929
20
0.250524094488189
11
1.2026996062992126
21
0.2504070078740158
0
LINE
8
BLACK
6
CONTINUOUS
10
1.2026996062992126
20
0.2504070078740158
11
1.2028589370078739
21
0.2502688188976378
0
LINE
8
BLACK
6
CONTINUOUS
10
1.2028589370078739
20
0.2502688188976378
11
1.2030476771653542
21
0.2501744488188976
0
LINE
8
BLACK
6
CONTINUOUS
10
1.2030476771653542
20
0.2501744488188976
11
1.20329031496063
21
0.2498947244094488
0
LINE
8
BLACK
6
CONTINUOUS
10
1.20329031496063
20
0.2498947244094488
11
1.20357
21
0.249652125984252
0
LINE
8
BLACK
6
CONTINUOUS
10
1.20357
20
0.249652125984252
11
1.2036642913385827
21
0.2494635039370079
0
LINE
8
BLACK
6
CONTINUOUS
10
1.2036642913385827
20
0.2494635039370079
11
1.203802559055118
21
0.249304094488189
0
LINE
8
BLACK
6
CONTINUOUS
10
1.203802559055118
20
0.249304094488189
11
1.2040385433070866
21
0.2487755118110236
0
LINE
8
BLACK
6
CONTINUOUS
10
1.2040385433070866
20
0.2487755118110236
11
1.2171618897637795
21
0.2094054330708661
0
LINE
8
BLACK
6
CONTINUOUS
10
1.2171618897637795
20
0.2094054330708661
11
1.2172902362204725
21
0.2088410236220472
0
LINE
8
BLACK
6
CONTINUOUS
10
1.2172902362204725
20
0.2088410236220472
11
1.2172085433070865
21
0.2076918110236221
0
LINE
8
BLACK
6
CONTINUOUS
10
1.2172085433070865
20
0.2076918110236221
11
1.2166933464566929
21
0.2066613385826772
0
LINE
8
BLACK
6
CONTINUOUS
10
1.2166933464566929
20
0.2066613385826772
11
1.2158229527559055
21
0.2059064566929134
0
LINE
8
BLACK
6
CONTINUOUS
10
1.2158229527559055
20
0.2059064566929134
11
1.2147299606299213
21
0.205542125984252
0
LINE
8
BLACK
6
CONTINUOUS
10
1.2147299606299213
20
0.205542125984252
11
1.213580748031496
21
0.2056238188976378
0
LINE
8
BLACK
6
CONTINUOUS
10
1.213580748031496
20
0.2056238188976378
11
1.2125503149606298
21
0.2061390551181102
0
LINE
8
BLACK
6
CONTINUOUS
10
1.2125503149606298
20
0.2061390551181102
11
1.211795433070866
21
0.2070094094488189
0
LINE
8
BLACK
6
CONTINUOUS
10
1.211795433070866
20
0.2070094094488189
11
1.2115594488188977
21
0.2075379527559055
0
LINE
8
BLACK
6
CONTINUOUS
10
1.2115594488188977
20
0.2075379527559055
11
1.2084829133858268
21
0.2167675590551181
0
LINE
8
BLACK
6
CONTINUOUS
10
1.2084829133858268
20
0.2167675590551181
11
1.1939917322834646
21
0.2167675590551181
0
LINE
8
BLACK
6
CONTINUOUS
10
1.1939917322834646
20
0.2167675590551181
11
1.1909151968503937
21
0.2075379527559055
0
LINE
8
BLACK
6
CONTINUOUS
10
1.1909151968503937
20
0.2075379527559055
11
1.1906792125984251
21
0.2070093700787402
0
LINE
8
BLACK
6
CONTINUOUS
10
1.1906792125984251
20
0.2070093700787402
11
1.1899243307086613
21
0.2061390157480315
0
LINE
8
BLACK
6
CONTINUOUS
10
1.1899243307086613
20
0.2061390157480315
11
1.1888938976377952
21
0.2056238188976378
0
LINE
8
BLACK
6
CONTINUOUS
10
1.1888938976377952
20
0.2056238188976378
11
1.18774468503937
21
0.205542125984252
0
LINE
8
BLACK
6
CONTINUOUS
10
1.18774468503937
20
0.205542125984252
11
1.1866516535433071
21
0.2059064566929134
0
LINE
8
BLACK
6
CONTINUOUS
10
1.1866516535433071
20
0.2059064566929134
11
1.1857812992125984
21
0.2066613385826772
0
LINE
8
BLACK
6
CONTINUOUS
10
1.1857812992125984
20
0.2066613385826772
11
1.1852661023622046
21
0.2076917716535433
0
LINE
8
BLACK
6
CONTINUOUS
10
1.1852661023622046
20
0.2076917716535433
11
1.1851844094488189
21
0.2088409842519685
0
LINE
8
BLACK
6
CONTINUOUS
10
1.1851844094488189
20
0.2088409842519685
11
1.1853127559055119
21
0.2094054330708661
0
LINE
8
BLACK
6
CONTINUOUS
10
1.1853127559055119
20
0.2094054330708661
11
1.1984361023622048
21
0.2487755118110236
0
LINE
8
BLACK
6
CONTINUOUS
10
1.1984361023622048
20
0.2487755118110236
11
1.1986720866141731
21
0.2493040551181102
0
LINE
8
BLACK
6
CONTINUOUS
10
1.1986720866141731
20
0.2493040551181102
11
1.1988102755905512
21
0.2494634251968504
0
LINE
8
BLACK
6
CONTINUOUS
10
1.1988102755905512
20
0.2494634251968504
11
1.1989046456692913
21
0.249652125984252
0
LINE
8
BLACK
6
CONTINUOUS
10
1.1989046456692913
20
0.249652125984252
11
1.1991844881889764
21
0.2498948818897638
0
LINE
8
BLACK
6
CONTINUOUS
10
1.1991844881889764
20
0.2498948818897638
11
1.1994269685039369
21
0.2501744094488189
0
LINE
8
BLACK
6
CONTINUOUS
10
1.1994269685039369
20
0.2501744094488189
11
1.1996155118110237
21
0.2502687007874015
0
LINE
8
BLACK
6
CONTINUOUS
10
1.1996155118110237
20
0.2502687007874015
11
1.199775
21
0.2504070078740158
0
LINE
8
BLACK
6
CONTINUOUS
10
1.199775
20
0.2504070078740158
11
1.2001263779527558
21
0.2505241338582677
0
LINE
8
BLACK
6
CONTINUOUS
10
1.2001263779527558
20
0.2505241338582677
11
1.2004574015748031
21
0.2506896456692913
0
LINE
8
BLACK
6
CONTINUOUS
10
1.2004574015748031
20
0.2506896456692913
11
1.2006677952755904
21
0.2507046062992126
0
LINE
8
BLACK
6
CONTINUOUS
10
1.2006677952755904
20
0.2507046062992126
11
1.2008680314960629
21
0.2507713385826771
0
LINE
8
BLACK
6
CONTINUOUS
10
1.2008680314960629
20
0.2507713385826771
11
1.2012373228346456
21
0.2507451181102362
0
LINE
8
BLACK
6
CONTINUOUS
10
1.2012373228346456
20
0.2507451181102362
11
1.2016066141732282
21
0.2507713385826771
0
LINE
8
BLACK
6
CONTINUOUS
10
1.2016066141732282
20
0.2507713385826771
11
1.201806811023622
21
0.2507046062992126
0
LINE
8
BLACK
6
CONTINUOUS
10
1.1959602362204724
20
0.2226730708661417
11
1.2065144094488189
21
0.2226730708661417
0
LINE
8
BLACK
6
CONTINUOUS
10
1.2065144094488189
20
0.2226730708661417
11
1.2012373228346456
21
0.2385043700787401
0
LINE
8
BLACK
6
CONTINUOUS
10
1.2012373228346456
20
0.2385043700787401
11
1.1959602362204724
21
0.2226730708661417
0
LINE
8
BLACK
6
CONTINUOUS
10
0.94872
20
0.2507377952755905
11
0.9487369291338582
21
0.2507307874015748
0
LINE
8
BLACK
6
CONTINUOUS
10
0.9487369291338582
20
0.2507307874015748
11
0.9487552362204724
21
0.2507305511811024
0
LINE
8
BLACK
6
CONTINUOUS
10
0.9487552362204724
20
0.2507305511811024
11
0.9492672834645669
21
0.2505111023622047
0
LINE
8
BLACK
6
CONTINUOUS
10
0.9492672834645669
20
0.2505111023622047
11
0.9497844094488189
21
0.2502968897637795
0
LINE
8
BLACK
6
CONTINUOUS
10
0.9497844094488189
20
0.2502968897637795
11
0.9497973622047244
21
0.250283937007874
0
LINE
8
BLACK
6
CONTINUOUS
10
0.9497973622047244
20
0.250283937007874
11
0.9498142125984251
21
0.2502766929133858
0
LINE
8
BLACK
6
CONTINUOUS
10
0.9498142125984251
20
0.2502766929133858
11
0.9502037795275591
21
0.2498775196850394
0
LINE
8
BLACK
6
CONTINUOUS
10
0.9502037795275591
20
0.2498775196850394
11
0.9505990551181103
21
0.2494822440944882
0
LINE
8
BLACK
6
CONTINUOUS
10
0.9505990551181103
20
0.2494822440944882
11
0.9506060629921259
21
0.2494653149606299
0
LINE
8
BLACK
6
CONTINUOUS
10
0.9506060629921259
20
0.2494653149606299
11
0.9506188976377953
21
0.2494521653543307
0
LINE
8
BLACK
6
CONTINUOUS
10
0.9506188976377953
20
0.2494521653543307
11
0.9508264960629921
21
0.248933188976378
0
LINE
8
BLACK
6
CONTINUOUS
10
0.9508264960629921
20
0.248933188976378
11
0.9510399606299212
21
0.2484178346456693
0
LINE
8
BLACK
6
CONTINUOUS
10
0.9510399606299212
20
0.2484178346456693
11
0.9510399606299212
21
0.2483995275590551
0
LINE
8
BLACK
6
CONTINUOUS
10
0.9510399606299212
20
0.2483995275590551
11
0.9510467716535432
21
0.2483824803149606
0
LINE
8
BLACK
6
CONTINUOUS
10
0.9510467716535432
20
0.2483824803149606
11
0.9510399606299212
21
0.2478242125984252
0
LINE
8
BLACK
6
CONTINUOUS
10
0.9510399606299212
20
0.2478242125984252
11
0.9510399606299212
21
0.2472657086614173
0
LINE
8
BLACK
6
CONTINUOUS
10
0.9510399606299212
20
0.2472657086614173
11
0.9510329133858267
21
0.2472487795275591
0
LINE
8
BLACK
6
CONTINUOUS
10
0.9510329133858267
20
0.2472487795275591
11
0.9510327165354331
21
0.2472304330708661
0
LINE
8
BLACK
6
CONTINUOUS
10
0.9510327165354331
20
0.2472304330708661
11
0.9508579527559055
21
0.2466786220472441
0
LINE
8
BLACK
6
CONTINUOUS
10
0.9508579527559055
20
0.2466786220472441
11
0.9339850787401575
21
0.2073085433070866
0
LINE
8
BLACK
6
CONTINUOUS
10
0.9339850787401575
20
0.2073085433070866
11
0.9337060236220472
21
0.2068014173228346
0
LINE
8
BLACK
6
CONTINUOUS
10
0.9337060236220472
20
0.2068014173228346
11
0.9328814566929133
21
0.2059967322834646
0
LINE
8
BLACK
6
CONTINUOUS
10
0.9328814566929133
20
0.2059967322834646
11
0.9318117716535432
21
0.2055688582677165
0
LINE
8
BLACK
6
CONTINUOUS
10
0.9318117716535432
20
0.2055688582677165
11
0.9306597637795275
21
0.2055829133858268
0
LINE
8
BLACK
6
CONTINUOUS
10
0.9306597637795275
20
0.2055829133858268
11
0.9296007874015748
21
0.2060367322834646
0
LINE
8
BLACK
6
CONTINUOUS
10
0.9296007874015748
20
0.2060367322834646
11
0.9287961023622047
21
0.2068612992125984
0
LINE
8
BLACK
6
CONTINUOUS
10
0.9287961023622047
20
0.2068612992125984
11
0.9283682283464567
21
0.2079309842519685
0
LINE
8
BLACK
6
CONTINUOUS
10
0.9283682283464567
20
0.2079309842519685
11
0.9283822834645669
21
0.2090829921259842
0
LINE
8
BLACK
6
CONTINUOUS
10
0.9283822834645669
20
0.2090829921259842
11
0.9285570472440945
21
0.209634842519685
0
LINE
8
BLACK
6
CONTINUOUS
10
0.9285570472440945
20
0.209634842519685
11
0.9436659448818897
21
0.2448890157480315
0
LINE
8
BLACK
6
CONTINUOUS
10
0.9436659448818897
20
0.2448890157480315
11
0.9218972440944881
21
0.2448890157480315
0
LINE
8
BLACK
6
CONTINUOUS
10
0.9218972440944881
20
0.2448890157480315
11
0.9213211811023622
21
0.244945748031496
0
LINE
8
BLACK
6
CONTINUOUS
10
0.9213211811023622
20
0.244945748031496
11
0.9202567716535432
21
0.2453866535433071
0
LINE
8
BLACK
6
CONTINUOUS
10
0.9202567716535432
20
0.2453866535433071
11
0.9194421259842519
21
0.2462012992125984
0
LINE
8
BLACK
6
CONTINUOUS
10
0.9194421259842519
20
0.2462012992125984
11
0.9190012204724409
21
0.2472657086614173
0
LINE
8
BLACK
6
CONTINUOUS
10
0.9190012204724409
20
0.2472657086614173
11
0.9190012204724409
21
0.2484178346456693
0
LINE
8
BLACK
6
CONTINUOUS
10
0.9190012204724409
20
0.2484178346456693
11
0.9194421259842519
21
0.2494822440944882
0
LINE
8
BLACK
6
CONTINUOUS
10
0.9194421259842519
20
0.2494822440944882
11
0.9202567716535432
21
0.2502968897637795
0
LINE
8
BLACK
6
CONTINUOUS
10
0.9202567716535432
20
0.2502968897637795
11
0.9213211811023622
21
0.2507377952755905
0
LINE
8
BLACK
6
CONTINUOUS
10
0.9213211811023622
20
0.2507377952755905
11
0.9218972440944881
21
0.2507945275590551
0
LINE
8
BLACK
6
CONTINUOUS
10
0.9218972440944881
20
0.2507945275590551
11
0.948143937007874
21
0.2507945275590551
0
LINE
8
BLACK
6
CONTINUOUS
10
0.948143937007874
20
0.2507945275590551
11
0.94872
21
0.2507377952755905
0
LINE
8
BLACK
6
CONTINUOUS
10
0.7532323228346457
20
0.2507377952755905
11
0.7537443700787402
21
0.2507377952755905
0
LINE
8
BLACK
6
CONTINUOUS
10
0.7537443700787402
20
0.2507377952755905
11
0.7538051181102362
21
0.2507126377952756
0
LINE
8
BLACK
6
CONTINUOUS
10
0.7538051181102362
20
0.2507126377952756
11
0.7538709842519685
21
0.2507097244094488
0
LINE
8
BLACK
6
CONTINUOUS
10
0.7538709842519685
20
0.2507097244094488
11
0.7543358267716536
21
0.2504928346456693
0
LINE
8
BLACK
6
CONTINUOUS
10
0.7543358267716536
20
0.2504928346456693
11
0.7548087795275591
21
0.2502968897637795
0
LINE
8
BLACK
6
CONTINUOUS
10
0.7548087795275591
20
0.2502968897637795
11
0.7548552755905512
21
0.2502503937007874
0
LINE
8
BLACK
6
CONTINUOUS
10
0.7548552755905512
20
0.2502503937007874
11
0.754915
21
0.2502225196850394
0
LINE
8
BLACK
6
CONTINUOUS
10
0.754915
20
0.2502225196850394
11
0.7552612204724409
21
0.2498444488188976
0
LINE
8
BLACK
6
CONTINUOUS
10
0.7552612204724409
20
0.2498444488188976
11
0.7556234251968503
21
0.2494822440944882
0
LINE
8
BLACK
6
CONTINUOUS
10
0.7556234251968503
20
0.2494822440944882
11
0.755648622047244
21
0.2494214173228346
0
LINE
8
BLACK
6
CONTINUOUS
10
0.755648622047244
20
0.2494214173228346
11
0.7556931102362204
21
0.2493728346456693
0
LINE
8
BLACK
6
CONTINUOUS
10
0.7556931102362204
20
0.2493728346456693
11
0.755868188976378
21
0.2488913385826771
0
LINE
8
BLACK
6
CONTINUOUS
10
0.755868188976378
20
0.2488913385826771
11
0.7560643307086614
21
0.2484178346456693
0
LINE
8
BLACK
6
CONTINUOUS
10
0.7560643307086614
20
0.2484178346456693
11
0.7560732283464566
21
0.2483274803149606
0
LINE
8
BLACK
6
CONTINUOUS
10
0.7560732283464566
20
0.2483274803149606
11
0.7560868110236221
21
0.2482901181102362
0
LINE
8
BLACK
6
CONTINUOUS
10
0.7560868110236221
20
0.2482901181102362
11
0.7560837401574803
21
0.2482205905511811
0
LINE
8
BLACK
6
CONTINUOUS
10
0.7560837401574803
20
0.2482205905511811
11
0.756121062992126
21
0.2478417716535433
0
LINE
8
BLACK
6
CONTINUOUS
10
0.756121062992126
20
0.2478417716535433
11
0.756121062992126
21
0.2084716929133858
0
LINE
8
BLACK
6
CONTINUOUS
10
0.756121062992126
20
0.2084716929133858
11
0.7560643307086614
21
0.2078956299212598
0
LINE
8
BLACK
6
CONTINUOUS
10
0.7560643307086614
20
0.2078956299212598
11
0.7556234251968503
21
0.2068312204724409
0
LINE
8
BLACK
6
CONTINUOUS
10
0.7556234251968503
20
0.2068312204724409
11
0.7548087795275591
21
0.2060165748031496
0
LINE
8
BLACK
6
CONTINUOUS
10
0.7548087795275591
20
0.2060165748031496
11
0.7537443700787402
21
0.2055756692913386
0
LINE
8
BLACK
6
CONTINUOUS
10
0.7537443700787402
20
0.2055756692913386
11
0.7525922440944882
21
0.2055756692913386
0
LINE
8
BLACK
6
CONTINUOUS
10
0.7525922440944882
20
0.2055756692913386
11
0.7515278346456693
21
0.2060165748031496
0
LINE
8
BLACK
6
CONTINUOUS
10
0.7515278346456693
20
0.2060165748031496
11
0.750713188976378
21
0.2068312204724409
0
LINE
8
BLACK
6
CONTINUOUS
10
0.750713188976378
20
0.2068312204724409
11
0.7502722834645669
21
0.2078956299212598
0
LINE
8
BLACK
6
CONTINUOUS
10
0.7502722834645669
20
0.2078956299212598
11
0.7502155511811024
21
0.2084716929133858
0
LINE
8
BLACK
6
CONTINUOUS
10
0.7502155511811024
20
0.2084716929133858
11
0.7502155511811024
21
0.2345320472440945
0
LINE
8
BLACK
6
CONTINUOUS
10
0.7502155511811024
20
0.2345320472440945
11
0.7427207086614173
21
0.2184716535433071
0
LINE
8
BLACK
6
CONTINUOUS
10
0.7427207086614173
20
0.2184716535433071
11
0.7425957480314961
21
0.2182607480314961
0
LINE
8
BLACK
6
CONTINUOUS
10
0.7425957480314961
20
0.2182607480314961
11
0.7425697637795275
21
0.2181892519685039
0
LINE
8
BLACK
6
CONTINUOUS
10
0.7425697637795275
20
0.2181892519685039
11
0.7425234251968503
21
0.2181387007874016
0
LINE
8
BLACK
6
CONTINUOUS
10
0.7425234251968503
20
0.2181387007874016
11
0.7424256692913386
21
0.2179736220472441
0
LINE
8
BLACK
6
CONTINUOUS
10
0.7424256692913386
20
0.2179736220472441
11
0.742094842519685
21
0.2176707086614173
0
LINE
8
BLACK
6
CONTINUOUS
10
0.742094842519685
20
0.2176707086614173
11
0.7417916535433071
21
0.2173395669291339
0
LINE
8
BLACK
6
CONTINUOUS
10
0.7417916535433071
20
0.2173395669291339
11
0.7416726771653543
21
0.217284094488189
0
LINE
8
BLACK
6
CONTINUOUS
10
0.7416726771653543
20
0.217284094488189
11
0.7415760236220472
21
0.2171955118110236
0
LINE
8
BLACK
6
CONTINUOUS
10
0.7415760236220472
20
0.2171955118110236
11
0.7411545275590551
21
0.2170422834645669
0
LINE
8
BLACK
6
CONTINUOUS
10
0.7411545275590551
20
0.2170422834645669
11
0.7407476377952755
21
0.2168523622047244
0
LINE
8
BLACK
6
CONTINUOUS
10
0.7407476377952755
20
0.2168523622047244
11
0.7406164566929133
21
0.2168466141732283
0
LINE
8
BLACK
6
CONTINUOUS
10
0.7406164566929133
20
0.2168466141732283
11
0.7404933070866142
21
0.216801811023622
0
LINE
8
BLACK
6
CONTINUOUS
10
0.7404933070866142
20
0.216801811023622
11
0.7400451968503937
21
0.2168214960629921
0
LINE
8
BLACK
6
CONTINUOUS
10
0.7400451968503937
20
0.2168214960629921
11
0.7395966141732283
21
0.2168017716535433
0
LINE
8
BLACK
6
CONTINUOUS
10
0.7395966141732283
20
0.2168017716535433
11
0.7394733070866142
21
0.2168466141732283
0
LINE
8
BLACK
6
CONTINUOUS
10
0.7394733070866142
20
0.2168466141732283
11
0.7393422834645669
21
0.2168523622047244
0
LINE
8
BLACK
6
CONTINUOUS
10
0.7393422834645669
20
0.2168523622047244
11
0.7389356299212598
21
0.2170421653543307
0
LINE
8
BLACK
6
CONTINUOUS
10
0.7389356299212598
20
0.2170421653543307
11
0.7385138976377953
21
0.2171955118110236
0
LINE
8
BLACK
6
CONTINUOUS
10
0.7385138976377953
20
0.2171955118110236
11
0.7384170866141732
21
0.2172841732283464
0
LINE
8
BLACK
6
CONTINUOUS
10
0.7384170866141732
20
0.2172841732283464
11
0.7382982677165354
21
0.2173396062992126
0
LINE
8
BLACK
6
CONTINUOUS
10
0.7382982677165354
20
0.2173396062992126
11
0.7379953149606299
21
0.2176704330708661
0
LINE
8
BLACK
6
CONTINUOUS
10
0.7379953149606299
20
0.2176704330708661
11
0.7376642519685039
21
0.2179735826771654
0
LINE
8
BLACK
6
CONTINUOUS
10
0.7376642519685039
20
0.2179735826771654
11
0.7375663779527559
21
0.2181387795275591
0
LINE
8
BLACK
6
CONTINUOUS
10
0.7375663779527559
20
0.2181387795275591
11
0.737520157480315
21
0.2181892519685039
0
LINE
8
BLACK
6
CONTINUOUS
10
0.737520157480315
20
0.2181892519685039
11
0.7374941732283464
21
0.2182606299212598
0
LINE
8
BLACK
6
CONTINUOUS
10
0.7374941732283464
20
0.2182606299212598
11
0.7373692125984251
21
0.2184716141732283
0
LINE
8
BLACK
6
CONTINUOUS
10
0.7373692125984251
20
0.2184716141732283
11
0.7298743700787401
21
0.2345320472440945
0
LINE
8
BLACK
6
CONTINUOUS
10
0.7298743700787401
20
0.2345320472440945
11
0.7298743700787401
21
0.2084716929133858
0
LINE
8
BLACK
6
CONTINUOUS
10
0.7298743700787401
20
0.2084716929133858
11
0.7298176377952755
21
0.2078956299212598
0
LINE
8
BLACK
6
CONTINUOUS
10
0.7298176377952755
20
0.2078956299212598
11
0.7293767322834646
21
0.2068312204724409
0
LINE
8
BLACK
6
CONTINUOUS
10
0.7293767322834646
20
0.2068312204724409
11
0.7285620866141732
21
0.2060165748031496
0
LINE
8
BLACK
6
CONTINUOUS
10
0.7285620866141732
20
0.2060165748031496
11
0.7274976771653543
21
0.2055756692913386
0
LINE
8
BLACK
6
CONTINUOUS
10
0.7274976771653543
20
0.2055756692913386
11
0.7263455511811023
21
0.2055756692913386
0
LINE
8
BLACK
6
CONTINUOUS
10
0.7263455511811023
20
0.2055756692913386
11
0.7252811417322834
21
0.2060165748031496
0
LINE
8
BLACK
6
CONTINUOUS
10
0.7252811417322834
20
0.2060165748031496
11
0.7244664960629921
21
0.2068312204724409
0
LINE
8
BLACK
6
CONTINUOUS
10
0.7244664960629921
20
0.2068312204724409
11
0.7240255905511811
21
0.2078956299212598
0
LINE
8
BLACK
6
CONTINUOUS
10
0.7240255905511811
20
0.2078956299212598
11
0.7239688582677165
21
0.2084716929133858
0
LINE
8
BLACK
6
CONTINUOUS
10
0.7239688582677165
20
0.2084716929133858
11
0.7239688582677165
21
0.2478417716535433
0
LINE
8
BLACK
6
CONTINUOUS
10
0.7239688582677165
20
0.2478417716535433
11
0.7240061417322835
21
0.2482205905511811
0
LINE
8
BLACK
6
CONTINUOUS
10
0.7240061417322835
20
0.2482205905511811
11
0.7240031102362204
21
0.2482901181102362
0
LINE
8
BLACK
6
CONTINUOUS
10
0.7240031102362204
20
0.2482901181102362
11
0.724016653543307
21
0.2483274803149606
0
LINE
8
BLACK
6
CONTINUOUS
10
0.724016653543307
20
0.2483274803149606
11
0.7240255905511811
21
0.2484178346456693
0
LINE
8
BLACK
6
CONTINUOUS
10
0.7240255905511811
20
0.2484178346456693
11
0.7242216929133858
21
0.2488913385826771
0
LINE
8
BLACK
6
CONTINUOUS
10
0.7242216929133858
20
0.2488913385826771
11
0.7243968110236221
21
0.2493728346456693
0
LINE
8
BLACK
6
CONTINUOUS
10
0.7243968110236221
20
0.2493728346456693
11
0.7244412598425196
21
0.2494214173228346
0
LINE
8
BLACK
6
CONTINUOUS
10
0.7244412598425196
20
0.2494214173228346
11
0.7244664960629921
21
0.2494822440944882
0
LINE
8
BLACK
6
CONTINUOUS
10
0.7244664960629921
20
0.2494822440944882
11
0.7248288976377952
21
0.2498446850393701
0
LINE
8
BLACK
6
CONTINUOUS
10
0.7248288976377952
20
0.2498446850393701
11
0.7251749212598425
21
0.2502224803149606
0
LINE
8
BLACK
6
CONTINUOUS
10
0.7251749212598425
20
0.2502224803149606
11
0.7252345669291338
21
0.2502503543307086
0
LINE
8
BLACK
6
CONTINUOUS
10
0.7252345669291338
20
0.2502503543307086
11
0.7252811417322834
21
0.2502968897637795
0
LINE
8
BLACK
6
CONTINUOUS
10
0.7252811417322834
20
0.2502968897637795
11
0.7257544094488189
21
0.2504929527559055
0
LINE
8
BLACK
6
CONTINUOUS
10
0.7257544094488189
20
0.2504929527559055
11
0.726218937007874
21
0.2507097244094488
0
LINE
8
BLACK
6
CONTINUOUS
10
0.726218937007874
20
0.2507097244094488
11
0.7262847244094488
21
0.2507126377952756
0
LINE
8
BLACK
6
CONTINUOUS
10
0.7262847244094488
20
0.2507126377952756
11
0.7263455511811023
21
0.2507377952755905
0
LINE
8
BLACK
6
CONTINUOUS
10
0.7263455511811023
20
0.2507377952755905
11
0.7268581102362205
21
0.2507377952755905
0
LINE
8
BLACK
6
CONTINUOUS
10
0.7268581102362205
20
0.2507377952755905
11
0.7273699606299212
21
0.2507602755905512
0
LINE
8
BLACK
6
CONTINUOUS
10
0.7273699606299212
20
0.2507602755905512
11
0.7274317716535433
21
0.2507377952755905
0
LINE
8
BLACK
6
CONTINUOUS
10
0.7274317716535433
20
0.2507377952755905
11
0.7274976771653543
21
0.2507377952755905
0
LINE
8
BLACK
6
CONTINUOUS
10
0.7274976771653543
20
0.2507377952755905
11
0.7279711417322835
21
0.2505416929133858
0
LINE
8
BLACK
6
CONTINUOUS
10
0.7279711417322835
20
0.2505416929133858
11
0.7284526771653543
21
0.2503665748031496
0
LINE
8
BLACK
6
CONTINUOUS
10
0.7284526771653543
20
0.2503665748031496
11
0.7285012204724409
21
0.250322125984252
0
LINE
8
BLACK
6
CONTINUOUS
10
0.7285012204724409
20
0.250322125984252
11
0.7285620866141732
21
0.2502968897637795
0
LINE
8
BLACK
6
CONTINUOUS
10
0.7285620866141732
20
0.2502968897637795
11
0.7289244881889764
21
0.2499344881889764
0
LINE
8
BLACK
6
CONTINUOUS
10
0.7289244881889764
20
0.2499344881889764
11
0.7293023228346457
21
0.2495884645669291
0
LINE
8
BLACK
6
CONTINUOUS
10
0.7293023228346457
20
0.2495884645669291
11
0.7293485433070866
21
0.2495104330708661
0
LINE
8
BLACK
6
CONTINUOUS
10
0.7293485433070866
20
0.2495104330708661
11
0.7293767322834646
21
0.2494822440944882
0
LINE
8
BLACK
6
CONTINUOUS
10
0.7293767322834646
20
0.2494822440944882
11
0.7294034251968504
21
0.2494178346456693
0
LINE
8
BLACK
6
CONTINUOUS
10
0.7294034251968504
20
0.2494178346456693
11
0.7295973622047244
21
0.2490904330708661
0
LINE
8
BLACK
6
CONTINUOUS
10
0.7295973622047244
20
0.2490904330708661
11
0.7400449212598424
21
0.2267027559055118
0
LINE
8
BLACK
6
CONTINUOUS
10
0.7400449212598424
20
0.2267027559055118
11
0.7504925590551181
21
0.2490904724409449
0
LINE
8
BLACK
6
CONTINUOUS
10
0.7504925590551181
20
0.2490904724409449
11
0.7506865354330708
21
0.2494179527559055
0
LINE
8
BLACK
6
CONTINUOUS
10
0.7506865354330708
20
0.2494179527559055
11
0.750713188976378
21
0.2494822440944882
0
LINE
8
BLACK
6
CONTINUOUS
10
0.750713188976378
20
0.2494822440944882
11
0.7507412992125984
21
0.2495103937007874
0
LINE
8
BLACK
6
CONTINUOUS
10
0.7507412992125984
20
0.2495103937007874
11
0.7507875984251968
21
0.2495885039370079
0
LINE
8
BLACK
6
CONTINUOUS
10
0.7507875984251968
20
0.2495885039370079
11
0.7511656692913385
21
0.2499347637795276
0
LINE
8
BLACK
6
CONTINUOUS
10
0.7511656692913385
20
0.2499347637795276
11
0.7515278346456693
21
0.2502968897637795
0
LINE
8
BLACK
6
CONTINUOUS
10
0.7515278346456693
20
0.2502968897637795
11
0.7515886614173228
21
0.2503220866141732
0
LINE
8
BLACK
6
CONTINUOUS
10
0.7515886614173228
20
0.2503220866141732
11
0.7516372440944882
21
0.2503665748031496
0
LINE
8
BLACK
6
CONTINUOUS
10
0.7516372440944882
20
0.2503665748031496
11
0.7521190551181102
21
0.2505418110236221
0
LINE
8
BLACK
6
CONTINUOUS
10
0.7521190551181102
20
0.2505418110236221
11
0.7525922440944882
21
0.2507377952755905
0
LINE
8
BLACK
6
CONTINUOUS
10
0.7525922440944882
20
0.2507377952755905
11
0.752658031496063
21
0.2507377952755905
0
LINE
8
BLACK
6
CONTINUOUS
10
0.752658031496063
20
0.2507377952755905
11
0.7527199606299212
21
0.2507603149606299
0
LINE
8
BLACK
6
CONTINUOUS
10
0.7527199606299212
20
0.2507603149606299
11
0.7532323228346457
21
0.2507377952755905
0
LINE
8
BLACK
6
CONTINUOUS
10
1.0022778740157481
20
0.2502968897637795
11
1.0030925196850393
21
0.2494822440944882
0
LINE
8
BLACK
6
CONTINUOUS
10
1.0030925196850393
20
0.2494822440944882
11
1.0035334251968504
21
0.2484178346456693
0
LINE
8
BLACK
6
CONTINUOUS
10
1.0035334251968504
20
0.2484178346456693
11
1.003590157480315
21
0.2478417716535433
0
LINE
8
BLACK
6
CONTINUOUS
10
1.003590157480315
20
0.2478417716535433
11
1.003590157480315
21
0.2320468897637795
0
LINE
8
BLACK
6
CONTINUOUS
10
1.003590157480315
20
0.2320468897637795
11
1.020181811023622
21
0.2320468897637795
0
LINE
8
BLACK
6
CONTINUOUS
10
1.020181811023622
20
0.2320468897637795
11
1.020181811023622
21
0.2478417716535433
0
LINE
8
BLACK
6
CONTINUOUS
10
1.020181811023622
20
0.2478417716535433
11
1.0202385433070866
21
0.2484178346456693
0
LINE
8
BLACK
6
CONTINUOUS
10
1.0202385433070866
20
0.2484178346456693
11
1.0206794488188977
21
0.2494822440944882
0
LINE
8
BLACK
6
CONTINUOUS
10
1.0206794488188977
20
0.2494822440944882
11
1.021494094488189
21
0.2502968897637795
0
LINE
8
BLACK
6
CONTINUOUS
10
1.021494094488189
20
0.2502968897637795
11
1.0225585039370078
21
0.2507377952755905
0
LINE
8
BLACK
6
CONTINUOUS
10
1.0225585039370078
20
0.2507377952755905
11
1.0237106299212597
21
0.2507377952755905
0
LINE
8
BLACK
6
CONTINUOUS
10
1.0237106299212597
20
0.2507377952755905
11
1.0247750393700787
21
0.2502968897637795
0
LINE
8
BLACK
6
CONTINUOUS
10
1.0247750393700787
20
0.2502968897637795
11
1.02558968503937
21
0.2494822440944882
0
LINE
8
BLACK
6
CONTINUOUS
10
1.02558968503937
20
0.2494822440944882
11
1.0260305905511811
21
0.2484178346456693
0
LINE
8
BLACK
6
CONTINUOUS
10
1.0260305905511811
20
0.2484178346456693
11
1.0260873228346457
21
0.2478417716535433
0
LINE
8
BLACK
6
CONTINUOUS
10
1.0260873228346457
20
0.2478417716535433
11
1.0260873228346457
21
0.2084716929133858
0
LINE
8
BLACK
6
CONTINUOUS
10
1.0260873228346457
20
0.2084716929133858
11
1.0260305905511811
21
0.2078956299212598
0
LINE
8
BLACK
6
CONTINUOUS
10
1.0260305905511811
20
0.2078956299212598
11
1.02558968503937
21
0.2068312204724409
0
LINE
8
BLACK
6
CONTINUOUS
10
1.02558968503937
20
0.2068312204724409
11
1.0247750393700787
21
0.2060165748031496
0
LINE
8
BLACK
6
CONTINUOUS
10
1.0247750393700787
20
0.2060165748031496
11
1.0237106299212597
21
0.2055756692913386
0
LINE
8
BLACK
6
CONTINUOUS
10
1.0237106299212597
20
0.2055756692913386
11
1.0225585039370078
21
0.2055756692913386
0
LINE
8
BLACK
6
CONTINUOUS
10
1.0225585039370078
20
0.2055756692913386
11
1.021494094488189
21
0.2060165748031496
0
LINE
8
BLACK
6
CONTINUOUS
10
1.021494094488189
20
0.2060165748031496
11
1.0206794488188977
21
0.2068312204724409
0
LINE
8
BLACK
6
CONTINUOUS
10
1.0206794488188977
20
0.2068312204724409
11
1.0202385433070866
21
0.2078956299212598
0
LINE
8
BLACK
6
CONTINUOUS
10
1.0202385433070866
20
0.2078956299212598
11
1.020181811023622
21
0.2084716929133858
0
LINE
8
BLACK
6
CONTINUOUS
10
1.020181811023622
20
0.2084716929133858
11
1.020181811023622
21
0.2261413779527559
0
LINE
8
BLACK
6
CONTINUOUS
10
1.020181811023622
20
0.2261413779527559
11
1.003590157480315
21
0.2261413779527559
0
LINE
8
BLACK
6
CONTINUOUS
10
1.003590157480315
20
0.2261413779527559
11
1.003590157480315
21
0.2084716929133858
0
LINE
8
BLACK
6
CONTINUOUS
10
1.003590157480315
20
0.2084716929133858
11
1.0035334251968504
21
0.2078956299212598
0
LINE
8
BLACK
6
CONTINUOUS
10
1.0035334251968504
20
0.2078956299212598
11
1.0030925196850393
21
0.2068312204724409
0
LINE
8
BLACK
6
CONTINUOUS
10
1.0030925196850393
20
0.2068312204724409
11
1.0022778740157481
21
0.2060165748031496
0
LINE
8
BLACK
6
CONTINUOUS
10
1.0022778740157481
20
0.2060165748031496
11
1.0012134645669291
21
0.2055756692913386
0
LINE
8
BLACK
6
CONTINUOUS
10
1.0012134645669291
20
0.2055756692913386
11
1.0000613385826771
21
0.2055756692913386
0
LINE
8
BLACK
6
CONTINUOUS
10
1.0000613385826771
20
0.2055756692913386
11
0.9989969291338583
21
0.2060165748031496
0
LINE
8
BLACK
6
CONTINUOUS
10
0.9989969291338583
20
0.2060165748031496
11
0.9981822834645669
21
0.2068312204724409
0
LINE
8
BLACK
6
CONTINUOUS
10
0.9981822834645669
20
0.2068312204724409
11
0.9977413779527559
21
0.2078956299212598
0
LINE
8
BLACK
6
CONTINUOUS
10
0.9977413779527559
20
0.2078956299212598
11
0.9976846456692913
21
0.2084716929133858
0
LINE
8
BLACK
6
CONTINUOUS
10
0.9976846456692913
20
0.2084716929133858
11
0.9976846456692913
21
0.2478417716535433
0
LINE
8
BLACK
6
CONTINUOUS
10
0.9976846456692913
20
0.2478417716535433
11
0.9977413779527559
21
0.2484178346456693
0
LINE
8
BLACK
6
CONTINUOUS
10
0.9977413779527559
20
0.2484178346456693
11
0.9981822834645669
21
0.2494822440944882
0
LINE
8
BLACK
6
CONTINUOUS
10
0.9981822834645669
20
0.2494822440944882
11
0.9989969291338583
21
0.2502968897637795
0
LINE
8
BLACK
6
CONTINUOUS
10
0.9989969291338583
20
0.2502968897637795
11
1.0000613385826771
21
0.2507377952755905
0
LINE
8
BLACK
6
CONTINUOUS
10
1.0000613385826771
20
0.2507377952755905
11
1.0012134645669291
21
0.2507377952755905
0
LINE
8
BLACK
6
CONTINUOUS
10
1.0012134645669291
20
0.2507377952755905
11
1.0022778740157481
21
0.2502968897637795
0
LINE
8
BLACK
6
CONTINUOUS
10
0.846787125984252
20
0.2903853937007874
11
0.8469087007874015
21
0.2903853937007874
0
LINE
8
BLACK
6
CONTINUOUS
10
0.8469087007874015
20
0.2903853937007874
11
0.8471518503937008
21
0.2901422440944882
0
LINE
8
BLACK
6
CONTINUOUS
10
0.8471518503937008
20
0.2901422440944882
11
0.8474380708661418
21
0.2899514173228346
0
LINE
8
BLACK
6
CONTINUOUS
10
0.8474380708661418
20
0.2899514173228346
11
0.8474618897637796
21
0.2898322047244095
0
LINE
8
BLACK
6
CONTINUOUS
10
0.8474618897637796
20
0.2898322047244095
11
0.847547874015748
21
0.2897462204724409
0
LINE
8
BLACK
6
CONTINUOUS
10
0.847547874015748
20
0.2897462204724409
11
0.8476377952755906
21
0.2892942125984252
0
LINE
8
BLACK
6
CONTINUOUS
10
0.8476377952755906
20
0.2892942125984252
11
0.8476377952755906
21
0.2747272834645669
0
LINE
8
BLACK
6
CONTINUOUS
10
0.8476377952755906
20
0.2747272834645669
11
0.8509561023622048
21
0.2747272834645669
0
LINE
8
BLACK
6
CONTINUOUS
10
0.8509561023622048
20
0.2747272834645669
11
0.8514081102362204
21
0.2746373622047244
0
LINE
8
BLACK
6
CONTINUOUS
10
0.8514081102362204
20
0.2746373622047244
11
0.8520472834645669
21
0.273998188976378
0
LINE
8
BLACK
6
CONTINUOUS
10
0.8520472834645669
20
0.273998188976378
11
0.8520472834645669
21
0.2730941732283464
0
LINE
8
BLACK
6
CONTINUOUS
10
0.8520472834645669
20
0.2730941732283464
11
0.8514081102362204
21
0.272455
0
LINE
8
BLACK
6
CONTINUOUS
10
0.8514081102362204
20
0.272455
11
0.8509561023622048
21
0.2723650787401575
0
LINE
8
BLACK
6
CONTINUOUS
10
0.8509561023622048
20
0.2723650787401575
11
0.8419572440944881
21
0.2723650787401575
0
LINE
8
BLACK
6
CONTINUOUS
10
0.8419572440944881
20
0.2723650787401575
11
0.8415052362204725
21
0.272455
0
LINE
8
BLACK
6
CONTINUOUS
10
0.8415052362204725
20
0.272455
11
0.840866062992126
21
0.2730941732283464
0
LINE
8
BLACK
6
CONTINUOUS
10
0.840866062992126
20
0.2730941732283464
11
0.840866062992126
21
0.273998188976378
0
LINE
8
BLACK
6
CONTINUOUS
10
0.840866062992126
20
0.273998188976378
11
0.8415052362204725
21
0.2746373622047244
0
LINE
8
BLACK
6
CONTINUOUS
10
0.8415052362204725
20
0.2746373622047244
11
0.8419572440944881
21
0.2747272834645669
0
LINE
8
BLACK
6
CONTINUOUS
10
0.8419572440944881
20
0.2747272834645669
11
0.8452755905511811
21
0.2747272834645669
0
LINE
8
BLACK
6
CONTINUOUS
10
0.8452755905511811
20
0.2747272834645669
11
0.8452755905511811
21
0.2856929133858268
0
LINE
8
BLACK
6
CONTINUOUS
10
0.8452755905511811
20
0.2856929133858268
11
0.8442922047244095
21
0.2847095275590551
0
LINE
8
BLACK
6
CONTINUOUS
10
0.8442922047244095
20
0.2847095275590551
11
0.844135
21
0.2846045275590551
0
LINE
8
BLACK
6
CONTINUOUS
10
0.844135
20
0.2846045275590551
11
0.8439852755905511
21
0.2844882677165354
0
LINE
8
BLACK
6
CONTINUOUS
10
0.8439852755905511
20
0.2844882677165354
11
0.8424854724409448
21
0.2837383464566929
0
LINE
8
BLACK
6
CONTINUOUS
10
0.8424854724409448
20
0.2837383464566929
11
0.8420409448818897
21
0.2836166535433071
0
LINE
8
BLACK
6
CONTINUOUS
10
0.8420409448818897
20
0.2836166535433071
11
0.8411834251968504
21
0.2839024803149606
0
LINE
8
BLACK
6
CONTINUOUS
10
0.8411834251968504
20
0.2839024803149606
11
0.8407791338582677
21
0.284711062992126
0
LINE
8
BLACK
6
CONTINUOUS
10
0.8407791338582677
20
0.284711062992126
11
0.8410649606299212
21
0.2855685826771653
0
LINE
8
BLACK
6
CONTINUOUS
10
0.8410649606299212
20
0.2855685826771653
11
0.8414290157480315
21
0.2858511811023622
0
LINE
8
BLACK
6
CONTINUOUS
10
0.8414290157480315
20
0.2858511811023622
11
0.8427574015748032
21
0.2865153937007874
0
LINE
8
BLACK
6
CONTINUOUS
10
0.8427574015748032
20
0.2865153937007874
11
0.8440390551181102
21
0.2877970866141732
0
LINE
8
BLACK
6
CONTINUOUS
10
0.8440390551181102
20
0.2877970866141732
11
0.8454739763779527
21
0.2899493700787402
0
LINE
8
BLACK
6
CONTINUOUS
10
0.8454739763779527
20
0.2899493700787402
11
0.8457995275590551
21
0.2902755905511811
0
LINE
8
BLACK
6
CONTINUOUS
10
0.8457995275590551
20
0.2902755905511811
11
0.8459187007874015
21
0.2902994488188976
0
LINE
8
BLACK
6
CONTINUOUS
10
0.8459187007874015
20
0.2902994488188976
11
0.8460046850393701
21
0.2903853937007874
0
LINE
8
BLACK
6
CONTINUOUS
10
0.8460046850393701
20
0.2903853937007874
11
0.8463485039370079
21
0.2903853937007874
0
LINE
8
BLACK
6
CONTINUOUS
10
0.8463485039370079
20
0.2903853937007874
11
0.846685905511811
21
0.290452874015748
0
LINE
8
BLACK
6
CONTINUOUS
10
0.846685905511811
20
0.290452874015748
11
0.846787125984252
21
0.2903853937007874
0
LINE
8
BLACK
6
CONTINUOUS
10
0.8330164173228346
20
0.290463779527559
11
0.8330420866141732
21
0.2904723228346456
0
LINE
8
BLACK
6
CONTINUOUS
10
0.8330420866141732
20
0.2904723228346456
11
0.8332246062992126
21
0.2904223622047244
0
LINE
8
BLACK
6
CONTINUOUS
10
0.8332246062992126
20
0.2904223622047244
11
0.8334103937007874
21
0.2903853937007874
0
LINE
8
BLACK
6
CONTINUOUS
10
0.8334103937007874
20
0.2903853937007874
11
0.8334295275590551
21
0.2903662598425197
0
LINE
8
BLACK
6
CONTINUOUS
10
0.8334295275590551
20
0.2903662598425197
11
0.8334866141732283
21
0.2903506299212598
0
LINE
8
BLACK
6
CONTINUOUS
10
0.8334866141732283
20
0.2903506299212598
11
0.8349864173228346
21
0.2896007086614173
0
LINE
8
BLACK
6
CONTINUOUS
10
0.8349864173228346
20
0.2896007086614173
11
0.8351361417322835
21
0.2894844881889764
0
LINE
8
BLACK
6
CONTINUOUS
10
0.8351361417322835
20
0.2894844881889764
11
0.8352933464566928
21
0.2893794488188977
0
LINE
8
BLACK
6
CONTINUOUS
10
0.8352933464566928
20
0.2893794488188977
11
0.8360432677165354
21
0.2886295669291338
0
LINE
8
BLACK
6
CONTINUOUS
10
0.8360432677165354
20
0.2886295669291338
11
0.8361486220472441
21
0.2884718503937008
0
LINE
8
BLACK
6
CONTINUOUS
10
0.8361486220472441
20
0.2884718503937008
11
0.8362644881889764
21
0.2883225984251969
0
LINE
8
BLACK
6
CONTINUOUS
10
0.8362644881889764
20
0.2883225984251969
11
0.8370144094488189
21
0.2868227559055118
0
LINE
8
BLACK
6
CONTINUOUS
10
0.8370144094488189
20
0.2868227559055118
11
0.8370299999999999
21
0.2867657480314961
0
LINE
8
BLACK
6
CONTINUOUS
10
0.8370299999999999
20
0.2867657480314961
11
0.8370491732283465
21
0.2867465748031496
0
LINE
8
BLACK
6
CONTINUOUS
10
0.8370491732283465
20
0.2867465748031496
11
0.837086062992126
21
0.2865611023622047
0
LINE
8
BLACK
6
CONTINUOUS
10
0.837086062992126
20
0.2865611023622047
11
0.8371361417322835
21
0.2863782677165354
0
LINE
8
BLACK
6
CONTINUOUS
10
0.8371361417322835
20
0.2863782677165354
11
0.837127559055118
21
0.2863525590551181
0
LINE
8
BLACK
6
CONTINUOUS
10
0.837127559055118
20
0.2863525590551181
11
0.8371390944881889
21
0.2862945669291339
0
LINE
8
BLACK
6
CONTINUOUS
10
0.8371390944881889
20
0.2862945669291339
11
0.8371390944881889
21
0.2840448818897638
0
LINE
8
BLACK
6
CONTINUOUS
10
0.8371390944881889
20
0.2840448818897638
11
0.837127559055118
21
0.2839869291338583
0
LINE
8
BLACK
6
CONTINUOUS
10
0.837127559055118
20
0.2839869291338583
11
0.8371361417322835
21
0.2839611811023622
0
LINE
8
BLACK
6
CONTINUOUS
10
0.8371361417322835
20
0.2839611811023622
11
0.837086062992126
21
0.2837783858267717
0
LINE
8
BLACK
6
CONTINUOUS
10
0.837086062992126
20
0.2837783858267717
11
0.8370491732283465
21
0.283592874015748
0
LINE
8
BLACK
6
CONTINUOUS
10
0.8370491732283465
20
0.283592874015748
11
0.8370299999999999
21
0.2835737401574803
0
LINE
8
BLACK
6
CONTINUOUS
10
0.8370299999999999
20
0.2835737401574803
11
0.8370144094488189
21
0.2835166929133858
0
LINE
8
BLACK
6
CONTINUOUS
10
0.8370144094488189
20
0.2835166929133858
11
0.8362644881889764
21
0.2820168503937008
0
LINE
8
BLACK
6
CONTINUOUS
10
0.8362644881889764
20
0.2820168503937008
11
0.8361486220472441
21
0.2818676377952756
0
LINE
8
BLACK
6
CONTINUOUS
10
0.8361486220472441
20
0.2818676377952756
11
0.8360432677165354
21
0.2817098818897638
0
LINE
8
BLACK
6
CONTINUOUS
10
0.8360432677165354
20
0.2817098818897638
11
0.8352933464566928
21
0.28096
0
LINE
8
BLACK
6
CONTINUOUS
10
0.8352933464566928
20
0.28096
11
0.8351361417322835
21
0.280855
0
LINE
8
BLACK
6
CONTINUOUS
10
0.8351361417322835
20
0.280855
11
0.8349864173228346
21
0.2807387401574803
0
LINE
8
BLACK
6
CONTINUOUS
10
0.8349864173228346
20
0.2807387401574803
11
0.8334866141732283
21
0.2799888188976378
0
LINE
8
BLACK
6
CONTINUOUS
10
0.8334866141732283
20
0.2799888188976378
11
0.8334295275590551
21
0.2799732283464567
0
LINE
8
BLACK
6
CONTINUOUS
10
0.8334295275590551
20
0.2799732283464567
11
0.8334103937007874
21
0.2799540551181102
0
LINE
8
BLACK
6
CONTINUOUS
10
0.8334103937007874
20
0.2799540551181102
11
0.8332246062992126
21
0.2799171259842519
0
LINE
8
BLACK
6
CONTINUOUS
10
0.8332246062992126
20
0.2799171259842519
11
0.8330420866141732
21
0.279867125984252
0
LINE
8
BLACK
6
CONTINUOUS
10
0.8330420866141732
20
0.279867125984252
11
0.8330164173228346
21
0.2798757086614173
0
LINE
8
BLACK
6
CONTINUOUS
10
0.8330164173228346
20
0.2798757086614173
11
0.832974842519685
21
0.2798674409448819
0
LINE
8
BLACK
6
CONTINUOUS
10
0.832974842519685
20
0.2798674409448819
11
0.8369255905511811
21
0.2742235039370079
0
LINE
8
BLACK
6
CONTINUOUS
10
0.8369255905511811
20
0.2742235039370079
11
0.8371111023622047
21
0.2738016535433071
0
LINE
8
BLACK
6
CONTINUOUS
10
0.8371111023622047
20
0.2738016535433071
11
0.8369540157480315
21
0.2729114566929134
0
LINE
8
BLACK
6
CONTINUOUS
10
0.8369540157480315
20
0.2729114566929134
11
0.8362134251968504
21
0.2723930708661417
0
LINE
8
BLACK
6
CONTINUOUS
10
0.8362134251968504
20
0.2723930708661417
11
0.8353232677165354
21
0.272550157480315
0
LINE
8
BLACK
6
CONTINUOUS
10
0.8353232677165354
20
0.272550157480315
11
0.8349903937007874
21
0.2728688976377953
0
LINE
8
BLACK
6
CONTINUOUS
10
0.8349903937007874
20
0.2728688976377953
11
0.8300937007874015
21
0.2798641338582677
0
LINE
8
BLACK
6
CONTINUOUS
10
0.8300937007874015
20
0.2798641338582677
11
0.8281402362204724
21
0.2798641338582677
0
LINE
8
BLACK
6
CONTINUOUS
10
0.8281402362204724
20
0.2798641338582677
11
0.8281402362204724
21
0.2735461811023622
0
LINE
8
BLACK
6
CONTINUOUS
10
0.8281402362204724
20
0.2735461811023622
11
0.8280503149606299
21
0.2730941732283464
0
LINE
8
BLACK
6
CONTINUOUS
10
0.8280503149606299
20
0.2730941732283464
11
0.8274111417322835
21
0.272455
0
LINE
8
BLACK
6
CONTINUOUS
10
0.8274111417322835
20
0.272455
11
0.8265071259842519
21
0.272455
0
LINE
8
BLACK
6
CONTINUOUS
10
0.8265071259842519
20
0.272455
11
0.8258679527559055
21
0.2730941732283464
0
LINE
8
BLACK
6
CONTINUOUS
10
0.8258679527559055
20
0.2730941732283464
11
0.825778031496063
21
0.2735461811023622
0
LINE
8
BLACK
6
CONTINUOUS
10
0.825778031496063
20
0.2735461811023622
11
0.825778031496063
21
0.2892942125984252
0
LINE
8
BLACK
6
CONTINUOUS
10
0.825778031496063
20
0.2892942125984252
11
0.8258679527559055
21
0.2897462204724409
0
LINE
8
BLACK
6
CONTINUOUS
10
0.8258679527559055
20
0.2897462204724409
11
0.8265071259842519
21
0.2903853937007874
0
LINE
8
BLACK
6
CONTINUOUS
10
0.8265071259842519
20
0.2903853937007874
11
0.8269591338582677
21
0.2904753149606299
0
LINE
8
BLACK
6
CONTINUOUS
10
0.8269591338582677
20
0.2904753149606299
11
0.8329583858267716
21
0.2904753149606299
0
LINE
8
BLACK
6
CONTINUOUS
10
0.8329583858267716
20
0.2904753149606299
11
0.8330164173228346
21
0.290463779527559
0
LINE
8
BLACK
6
CONTINUOUS
10
0.8281402362204724
20
0.2822263385826771
11
0.8326795275590551
21
0.2822263385826771
0
LINE
8
BLACK
6
CONTINUOUS
10
0.8326795275590551
20
0.2822263385826771
11
0.8337585433070865
21
0.2827658661417323
0
LINE
8
BLACK
6
CONTINUOUS
10
0.8337585433070865
20
0.2827658661417323
11
0.8342373622047244
21
0.2832447244094488
0
LINE
8
BLACK
6
CONTINUOUS
10
0.8342373622047244
20
0.2832447244094488
11
0.8347768897637795
21
0.2843237401574803
0
LINE
8
BLACK
6
CONTINUOUS
10
0.8347768897637795
20
0.2843237401574803
11
0.8347768897637795
21
0.286015748031496
0
LINE
8
BLACK
6
CONTINUOUS
10
0.8347768897637795
20
0.286015748031496
11
0.8342373622047244
21
0.2870947637795275
0
LINE
8
BLACK
6
CONTINUOUS
10
0.8342373622047244
20
0.2870947637795275
11
0.8337585433070865
21
0.2875736220472441
0
LINE
8
BLACK
6
CONTINUOUS
10
0.8337585433070865
20
0.2875736220472441
11
0.8326795275590551
21
0.2881131102362205
0
LINE
8
BLACK
6
CONTINUOUS
10
0.8326795275590551
20
0.2881131102362205
11
0.8281402362204724
21
0.2881131102362205
0
LINE
8
BLACK
6
CONTINUOUS
10
0.8281402362204724
20
0.2881131102362205
11
0.8281402362204724
21
0.2822263385826771
0
LINE
8
BLACK
6
CONTINUOUS
10
0.8708320472440945
20
0.2987674803149606
11
0.8718974015748031
21
0.2977021259842519
0
LINE
8
BLACK
6
CONTINUOUS
10
0.8718974015748031
20
0.2977021259842519
11
0.8720472440944882
21
0.2969488188976378
0
LINE
8
BLACK
6
CONTINUOUS
10
0.8720472440944882
20
0.2969488188976378
11
0.8720472440944882
21
0.2644685039370079
0
LINE
8
BLACK
6
CONTINUOUS
10
0.8720472440944882
20
0.2644685039370079
11
0.8718974015748031
21
0.2637151968503937
0
LINE
8
BLACK
6
CONTINUOUS
10
0.8718974015748031
20
0.2637151968503937
11
0.8708320472440945
21
0.262649842519685
0
LINE
8
BLACK
6
CONTINUOUS
10
0.8708320472440945
20
0.262649842519685
11
0.8700787401574803
21
0.2625
0
LINE
8
BLACK
6
CONTINUOUS
10
0.8700787401574803
20
0.2625
11
0.8070866141732284
21
0.2625
0
LINE
8
BLACK
6
CONTINUOUS
10
0.8070866141732284
20
0.2625
11
0.8063333070866141
21
0.262649842519685
0
LINE
8
BLACK
6
CONTINUOUS
10
0.8063333070866141
20
0.262649842519685
11
0.8052679527559055
21
0.2637151968503937
0
LINE
8
BLACK
6
CONTINUOUS
10
0.8052679527559055
20
0.2637151968503937
11
0.8051181102362205
21
0.2644685039370079
0
LINE
8
BLACK
6
CONTINUOUS
10
0.8051181102362205
20
0.2644685039370079
11
0.8051181102362205
21
0.2969488188976378
0
LINE
8
BLACK
6
CONTINUOUS
10
0.8051181102362205
20
0.2969488188976378
11
0.8052679527559055
21
0.2977021259842519
0
LINE
8
BLACK
6
CONTINUOUS
10
0.8052679527559055
20
0.2977021259842519
11
0.8063333070866141
21
0.2987674803149606
0
LINE
8
BLACK
6
CONTINUOUS
10
0.8063333070866141
20
0.2987674803149606
11
0.8070866141732284
21
0.2989173228346457
0
LINE
8
BLACK
6
CONTINUOUS
10
0.8070866141732284
20
0.2989173228346457
11
0.8700787401574803
21
0.2989173228346457
0
LINE
8
BLACK
6
CONTINUOUS
10
0.8700787401574803
20
0.2989173228346457
11
0.8708320472440945
21
0.2987674803149606
0
LINE
8
BLACK
6
CONTINUOUS
10
0.8090551181102362
20
0.2949803149606299
11
0.8090551181102362
21
0.2664370078740158
0
LINE
8
BLACK
6
CONTINUOUS
10
0.8090551181102362
20
0.2664370078740158
11
0.8681102362204725
21
0.2664370078740158
0
LINE
8
BLACK
6
CONTINUOUS
10
0.8681102362204725
20
0.2664370078740158
11
0.8681102362204725
21
0.2949803149606299
0
LINE
8
BLACK
6
CONTINUOUS
10
0.8681102362204725
20
0.2949803149606299
11
0.8090551181102362
21
0.2949803149606299
0
LINE
8
BLACK
6
CONTINUOUS
10
0.9764513385826772
20
0.2924068503937008
11
0.9766389763779527
21
0.2923831889763779
0
LINE
8
BLACK
6
CONTINUOUS
10
0.9766389763779527
20
0.2923831889763779
11
0.9788886614173228
21
0.2916332677165354
0
LINE
8
BLACK
6
CONTINUOUS
10
0.9788886614173228
20
0.2916332677165354
11
0.9789399606299213
21
0.2916040157480315
0
LINE
8
BLACK
6
CONTINUOUS
10
0.9789399606299213
20
0.2916040157480315
11
0.9789670866141732
21
0.2916040157480315
0
LINE
8
BLACK
6
CONTINUOUS
10
0.9789670866141732
20
0.2916040157480315
11
0.9791247637795275
21
0.2914986614173228
0
LINE
8
BLACK
6
CONTINUOUS
10
0.9791247637795275
20
0.2914986614173228
11
0.9792890157480315
21
0.2914050393700787
0
LINE
8
BLACK
6
CONTINUOUS
10
0.9792890157480315
20
0.2914050393700787
11
0.9793010629921259
21
0.291380905511811
0
LINE
8
BLACK
6
CONTINUOUS
10
0.9793010629921259
20
0.291380905511811
11
0.9793503149606299
21
0.2913479921259842
0
LINE
8
BLACK
6
CONTINUOUS
10
0.9793503149606299
20
0.2913479921259842
11
0.9801001968503936
21
0.2905981102362205
0
LINE
8
BLACK
6
CONTINUOUS
10
0.9801001968503936
20
0.2905981102362205
11
0.9803562598425196
21
0.2902149212598425
0
LINE
8
BLACK
6
CONTINUOUS
10
0.9803562598425196
20
0.2902149212598425
11
0.9803562992125984
21
0.2893109842519685
0
LINE
8
BLACK
6
CONTINUOUS
10
0.9803562992125984
20
0.2893109842519685
11
0.9797170472440945
21
0.2886717322834645
0
LINE
8
BLACK
6
CONTINUOUS
10
0.9797170472440945
20
0.2886717322834645
11
0.9788131496062992
21
0.2886716929133858
0
LINE
8
BLACK
6
CONTINUOUS
10
0.9788131496062992
20
0.2886716929133858
11
0.9784299212598425
21
0.2889277165354331
0
LINE
8
BLACK
6
CONTINUOUS
10
0.9784299212598425
20
0.2889277165354331
11
0.9778770866141732
21
0.2894805118110236
0
LINE
8
BLACK
6
CONTINUOUS
10
0.9778770866141732
20
0.2894805118110236
11
0.9760738582677165
21
0.2900816141732284
0
LINE
8
BLACK
6
CONTINUOUS
10
0.9760738582677165
20
0.2900816141732284
11
0.9749572440944881
21
0.2900816141732284
0
LINE
8
BLACK
6
CONTINUOUS
10
0.9749572440944881
20
0.2900816141732284
11
0.973153937007874
21
0.2894805118110236
0
LINE
8
BLACK
6
CONTINUOUS
10
0.973153937007874
20
0.2894805118110236
11
0.9719868110236221
21
0.2883133858267716
0
LINE
8
BLACK
6
CONTINUOUS
10
0.9719868110236221
20
0.2883133858267716
11
0.9713805905511811
21
0.2871009448818898
0
LINE
8
BLACK
6
CONTINUOUS
10
0.9713805905511811
20
0.2871009448818898
11
0.9706974015748031
21
0.2843681889763779
0
LINE
8
BLACK
6
CONTINUOUS
10
0.9706974015748031
20
0.2843681889763779
11
0.9706974015748031
21
0.2824092125984252
0
LINE
8
BLACK
6
CONTINUOUS
10
0.9706974015748031
20
0.2824092125984252
11
0.9713805511811023
21
0.2796764960629921
0
LINE
8
BLACK
6
CONTINUOUS
10
0.9713805511811023
20
0.2796764960629921
11
0.9719868110236221
21
0.2784640157480315
0
LINE
8
BLACK
6
CONTINUOUS
10
0.9719868110236221
20
0.2784640157480315
11
0.9731538582677165
21
0.277296968503937
0
LINE
8
BLACK
6
CONTINUOUS
10
0.9731538582677165
20
0.277296968503937
11
0.9749573622047244
21
0.2766957874015748
0
LINE
8
BLACK
6
CONTINUOUS
10
0.9749573622047244
20
0.2766957874015748
11
0.9760737401574803
21
0.2766957874015748
0
LINE
8
BLACK
6
CONTINUOUS
10
0.9760737401574803
20
0.2766957874015748
11
0.9778772047244094
21
0.277296968503937
0
LINE
8
BLACK
6
CONTINUOUS
10
0.9778772047244094
20
0.277296968503937
11
0.9784299212598425
21
0.2778496456692913
0
LINE
8
BLACK
6
CONTINUOUS
10
0.9784299212598425
20
0.2778496456692913
11
0.9788131102362204
21
0.2781057086614173
0
LINE
8
BLACK
6
CONTINUOUS
10
0.9788131102362204
20
0.2781057086614173
11
0.9797170472440945
21
0.2781057086614173
0
LINE
8
BLACK
6
CONTINUOUS
10
0.9797170472440945
20
0.2781057086614173
11
0.9803562992125984
21
0.2774664566929134
0
LINE
8
BLACK
6
CONTINUOUS
10
0.9803562992125984
20
0.2774664566929134
11
0.9803562992125984
21
0.2765625196850394
0
LINE
8
BLACK
6
CONTINUOUS
10
0.9803562992125984
20
0.2765625196850394
11
0.9801002362204724
21
0.2761793307086614
0
LINE
8
BLACK
6
CONTINUOUS
10
0.9801002362204724
20
0.2761793307086614
11
0.9793503149606299
21
0.2754294094488189
0
LINE
8
BLACK
6
CONTINUOUS
10
0.9793503149606299
20
0.2754294094488189
11
0.9793011023622047
21
0.2753965748031496
0
LINE
8
BLACK
6
CONTINUOUS
10
0.9793011023622047
20
0.2753965748031496
11
0.9792890157480315
21
0.2753723228346457
0
LINE
8
BLACK
6
CONTINUOUS
10
0.9792890157480315
20
0.2753723228346457
11
0.9791243700787401
21
0.2752784645669291
0
LINE
8
BLACK
6
CONTINUOUS
10
0.9791243700787401
20
0.2752784645669291
11
0.978967125984252
21
0.2751733858267716
0
LINE
8
BLACK
6
CONTINUOUS
10
0.978967125984252
20
0.2751733858267716
11
0.9789401181102362
21
0.2751733858267716
0
LINE
8
BLACK
6
CONTINUOUS
10
0.9789401181102362
20
0.2751733858267716
11
0.9788886614173228
21
0.2751440551181102
0
LINE
8
BLACK
6
CONTINUOUS
10
0.9788886614173228
20
0.2751440551181102
11
0.9766389763779527
21
0.2743941732283465
0
LINE
8
BLACK
6
CONTINUOUS
10
0.9766389763779527
20
0.2743941732283465
11
0.9764510236220473
21
0.2743705118110236
0
LINE
8
BLACK
6
CONTINUOUS
10
0.9764510236220473
20
0.2743705118110236
11
0.9762654724409449
21
0.2743335826771653
0
LINE
8
BLACK
6
CONTINUOUS
10
0.9762654724409449
20
0.2743335826771653
11
0.9747656299212598
21
0.2743335826771653
0
LINE
8
BLACK
6
CONTINUOUS
10
0.9747656299212598
20
0.2743335826771653
11
0.9745799606299212
21
0.2743705511811024
0
LINE
8
BLACK
6
CONTINUOUS
10
0.9745799606299212
20
0.2743705511811024
11
0.9743921653543307
21
0.2743941732283465
0
LINE
8
BLACK
6
CONTINUOUS
10
0.9743921653543307
20
0.2743941732283465
11
0.9721424015748031
21
0.2751440551181102
0
LINE
8
BLACK
6
CONTINUOUS
10
0.9721424015748031
20
0.2751440551181102
11
0.9720909448818897
21
0.2751733858267716
0
LINE
8
BLACK
6
CONTINUOUS
10
0.9720909448818897
20
0.2751733858267716
11
0.972063937007874
21
0.2751733858267716
0
LINE
8
BLACK
6
CONTINUOUS
10
0.972063937007874
20
0.2751733858267716
11
0.9719065354330708
21
0.2752785433070866
0
LINE
8
BLACK
6
CONTINUOUS
10
0.9719065354330708
20
0.2752785433070866
11
0.9717420472440945
21
0.2753723228346457
0
LINE
8
BLACK
6
CONTINUOUS
10
0.9717420472440945
20
0.2753723228346457
11
0.9717299212598425
21
0.2753965354330709
0
LINE
8
BLACK
6
CONTINUOUS
10
0.9717299212598425
20
0.2753965354330709
11
0.9716807086614173
21
0.2754294094488189
0
LINE
8
BLACK
6
CONTINUOUS
10
0.9716807086614173
20
0.2754294094488189
11
0.9701809448818898
21
0.2769292519685039
0
LINE
8
BLACK
6
CONTINUOUS
10
0.9701809448818898
20
0.2769292519685039
11
0.9700757086614173
21
0.2770867322834646
0
LINE
8
BLACK
6
CONTINUOUS
10
0.9700757086614173
20
0.2770867322834646
11
0.96995968503937
21
0.277236220472441
0
LINE
8
BLACK
6
CONTINUOUS
10
0.96995968503937
20
0.277236220472441
11
0.9692098031496063
21
0.2787360236220472
0
LINE
8
BLACK
6
CONTINUOUS
10
0.9692098031496063
20
0.2787360236220472
11
0.9691756299212598
21
0.2788608267716535
0
LINE
8
BLACK
6
CONTINUOUS
10
0.9691756299212598
20
0.2788608267716535
11
0.9691203937007874
21
0.2789777559055118
0
LINE
8
BLACK
6
CONTINUOUS
10
0.9691203937007874
20
0.2789777559055118
11
0.9683704724409449
21
0.2819773622047244
0
LINE
8
BLACK
6
CONTINUOUS
10
0.9683704724409449
20
0.2819773622047244
11
0.9683634251968504
21
0.2821218503937008
0
LINE
8
BLACK
6
CONTINUOUS
10
0.9683634251968504
20
0.2821218503937008
11
0.9683351968503937
21
0.2822638188976378
0
LINE
8
BLACK
6
CONTINUOUS
10
0.9683351968503937
20
0.2822638188976378
11
0.9683351968503937
21
0.2845135433070866
0
LINE
8
BLACK
6
CONTINUOUS
10
0.9683351968503937
20
0.2845135433070866
11
0.9683634251968504
21
0.2846555511811024
0
LINE
8
BLACK
6
CONTINUOUS
10
0.9683634251968504
20
0.2846555511811024
11
0.9683704724409449
21
0.2848
0
LINE
8
BLACK
6
CONTINUOUS
10
0.9683704724409449
20
0.2848
11
0.9691203937007874
21
0.2877996456692913
0
LINE
8
BLACK
6
CONTINUOUS
10
0.9691203937007874
20
0.2877996456692913
11
0.9691756299212598
21
0.2879166141732283
0
LINE
8
BLACK
6
CONTINUOUS
10
0.9691756299212598
20
0.2879166141732283
11
0.9692098031496063
21
0.2880413779527559
0
LINE
8
BLACK
6
CONTINUOUS
10
0.9692098031496063
20
0.2880413779527559
11
0.96995968503937
21
0.2895411811023622
0
LINE
8
BLACK
6
CONTINUOUS
10
0.96995968503937
20
0.2895411811023622
11
0.9700758267716535
21
0.2896908267716535
0
LINE
8
BLACK
6
CONTINUOUS
10
0.9700758267716535
20
0.2896908267716535
11
0.9701809448818898
21
0.2898481496062992
0
LINE
8
BLACK
6
CONTINUOUS
10
0.9701809448818898
20
0.2898481496062992
11
0.9716807086614173
21
0.2913479527559055
0
LINE
8
BLACK
6
CONTINUOUS
10
0.9716807086614173
20
0.2913479527559055
11
0.9717298818897637
21
0.2913808267716536
0
LINE
8
BLACK
6
CONTINUOUS
10
0.9717298818897637
20
0.2913808267716536
11
0.9717420078740158
21
0.2914050393700787
0
LINE
8
BLACK
6
CONTINUOUS
10
0.9717420078740158
20
0.2914050393700787
11
0.9719065354330708
21
0.2914988582677165
0
LINE
8
BLACK
6
CONTINUOUS
10
0.9719065354330708
20
0.2914988582677165
11
0.972063937007874
21
0.2916039763779528
0
LINE
8
BLACK
6
CONTINUOUS
10
0.972063937007874
20
0.2916039763779528
11
0.9720910236220472
21
0.2916039763779528
0
LINE
8
BLACK
6
CONTINUOUS
10
0.9720910236220472
20
0.2916039763779528
11
0.9721424015748031
21
0.2916332677165354
0
LINE
8
BLACK
6
CONTINUOUS
10
0.9721424015748031
20
0.2916332677165354
11
0.974392125984252
21
0.2923831889763779
0
LINE
8
BLACK
6
CONTINUOUS
10
0.974392125984252
20
0.2923831889763779
11
0.9745797244094488
21
0.2924068503937008
0
LINE
8
BLACK
6
CONTINUOUS
10
0.9745797244094488
20
0.2924068503937008
11
0.9747656299212598
21
0.2924438188976378
0
LINE
8
BLACK
6
CONTINUOUS
10
0.9747656299212598
20
0.2924438188976378
11
0.9762654724409449
21
0.2924438188976378
0
LINE
8
BLACK
6
CONTINUOUS
10
0.9762654724409449
20
0.2924438188976378
11
0.9764513385826772
21
0.2924068503937008
0
LINE
8
BLACK
6
CONTINUOUS
10
0.9913216141732283
20
0.2924322834645669
11
0.9913472834645669
21
0.2924408267716536
0
LINE
8
BLACK
6
CONTINUOUS
10
0.9913472834645669
20
0.2924408267716536
11
0.9915298031496063
21
0.2923908661417323
0
LINE
8
BLACK
6
CONTINUOUS
10
0.9915298031496063
20
0.2923908661417323
11
0.9917155905511811
21
0.2923538976377953
0
LINE
8
BLACK
6
CONTINUOUS
10
0.9917155905511811
20
0.2923538976377953
11
0.9917347244094488
21
0.2923347637795276
0
LINE
8
BLACK
6
CONTINUOUS
10
0.9917347244094488
20
0.2923347637795276
11
0.991791811023622
21
0.2923191338582677
0
LINE
8
BLACK
6
CONTINUOUS
10
0.991791811023622
20
0.2923191338582677
11
0.9932916141732283
21
0.2915692125984252
0
LINE
8
BLACK
6
CONTINUOUS
10
0.9932916141732283
20
0.2915692125984252
11
0.993441062992126
21
0.291453188976378
0
LINE
8
BLACK
6
CONTINUOUS
10
0.993441062992126
20
0.291453188976378
11
0.9935985433070866
21
0.2913479921259842
0
LINE
8
BLACK
6
CONTINUOUS
10
0.9935985433070866
20
0.2913479921259842
11
0.9943484251968504
21
0.2905981102362205
0
LINE
8
BLACK
6
CONTINUOUS
10
0.9943484251968504
20
0.2905981102362205
11
0.9944535826771653
21
0.2904407480314961
0
LINE
8
BLACK
6
CONTINUOUS
10
0.9944535826771653
20
0.2904407480314961
11
0.9945697244094488
21
0.2902911023622047
0
LINE
8
BLACK
6
CONTINUOUS
10
0.9945697244094488
20
0.2902911023622047
11
0.9953196062992126
21
0.2887912598425197
0
LINE
8
BLACK
6
CONTINUOUS
10
0.9953196062992126
20
0.2887912598425197
11
0.9953351968503937
21
0.2887342519685039
0
LINE
8
BLACK
6
CONTINUOUS
10
0.9953351968503937
20
0.2887342519685039
11
0.9953543700787402
21
0.2887150787401574
0
LINE
8
BLACK
6
CONTINUOUS
10
0.9953543700787402
20
0.2887150787401574
11
0.9953912992125984
21
0.2885292913385827
0
LINE
8
BLACK
6
CONTINUOUS
10
0.9953912992125984
20
0.2885292913385827
11
0.9954412992125984
21
0.2883467716535433
0
LINE
8
BLACK
6
CONTINUOUS
10
0.9954412992125984
20
0.2883467716535433
11
0.9954327165354331
21
0.2883211417322835
0
LINE
8
BLACK
6
CONTINUOUS
10
0.9954327165354331
20
0.2883211417322835
11
0.9954442913385827
21
0.2882630708661417
0
LINE
8
BLACK
6
CONTINUOUS
10
0.9954442913385827
20
0.2882630708661417
11
0.9954442913385827
21
0.2867632677165354
0
LINE
8
BLACK
6
CONTINUOUS
10
0.9954442913385827
20
0.2867632677165354
11
0.9954073228346456
21
0.2865776377952756
0
LINE
8
BLACK
6
CONTINUOUS
10
0.9954073228346456
20
0.2865776377952756
11
0.9953837007874016
21
0.2863898031496063
0
LINE
8
BLACK
6
CONTINUOUS
10
0.9953837007874016
20
0.2863898031496063
11
0.9946338188976378
21
0.2841400393700788
0
LINE
8
BLACK
6
CONTINUOUS
10
0.9946338188976378
20
0.2841400393700788
11
0.9946044881889764
21
0.2840886220472441
0
LINE
8
BLACK
6
CONTINUOUS
10
0.9946044881889764
20
0.2840886220472441
11
0.9946044881889764
21
0.2840615748031496
0
LINE
8
BLACK
6
CONTINUOUS
10
0.9946044881889764
20
0.2840615748031496
11
0.9944994094488189
21
0.2839043307086614
0
LINE
8
BLACK
6
CONTINUOUS
10
0.9944994094488189
20
0.2839043307086614
11
0.9944055511811023
21
0.2837396850393701
0
LINE
8
BLACK
6
CONTINUOUS
10
0.9944055511811023
20
0.2837396850393701
11
0.9943812992125984
21
0.2837275984251968
0
LINE
8
BLACK
6
CONTINUOUS
10
0.9943812992125984
20
0.2837275984251968
11
0.9943484645669292
21
0.2836783858267716
0
LINE
8
BLACK
6
CONTINUOUS
10
0.9943484645669292
20
0.2836783858267716
11
0.9873658267716535
21
0.2766957874015748
0
LINE
8
BLACK
6
CONTINUOUS
10
0.9873658267716535
20
0.2766957874015748
11
0.9942631889763779
21
0.2766957874015748
0
LINE
8
BLACK
6
CONTINUOUS
10
0.9942631889763779
20
0.2766957874015748
11
0.9947151968503937
21
0.2766058661417323
0
LINE
8
BLACK
6
CONTINUOUS
10
0.9947151968503937
20
0.2766058661417323
11
0.9953543700787402
21
0.2759666929133858
0
LINE
8
BLACK
6
CONTINUOUS
10
0.9953543700787402
20
0.2759666929133858
11
0.9953543700787402
21
0.2750626771653543
0
LINE
8
BLACK
6
CONTINUOUS
10
0.9953543700787402
20
0.2750626771653543
11
0.9947151968503937
21
0.2744235039370079
0
LINE
8
BLACK
6
CONTINUOUS
10
0.9947151968503937
20
0.2744235039370079
11
0.9942631889763779
21
0.2743335826771653
0
LINE
8
BLACK
6
CONTINUOUS
10
0.9942631889763779
20
0.2743335826771653
11
0.9845144094488189
21
0.2743335826771653
0
LINE
8
BLACK
6
CONTINUOUS
10
0.9845144094488189
20
0.2743335826771653
11
0.9840624015748032
21
0.2744235039370079
0
LINE
8
BLACK
6
CONTINUOUS
10
0.9840624015748032
20
0.2744235039370079
11
0.9834232283464567
21
0.2750626771653543
0
LINE
8
BLACK
6
CONTINUOUS
10
0.9834232283464567
20
0.2750626771653543
11
0.9834232283464567
21
0.2759666929133858
0
LINE
8
BLACK
6
CONTINUOUS
10
0.9834232283464567
20
0.2759666929133858
11
0.9834233070866142
21
0.275966811023622
0
LINE
8
BLACK
6
CONTINUOUS
10
0.9834233070866142
20
0.275966811023622
11
0.9836792519685039
21
0.276349842519685
0
LINE
8
BLACK
6
CONTINUOUS
10
0.9836792519685039
20
0.276349842519685
11
0.992480905511811
21
0.2851514960629921
0
LINE
8
BLACK
6
CONTINUOUS
10
0.992480905511811
20
0.2851514960629921
11
0.9930820866141732
21
0.286955
0
LINE
8
BLACK
6
CONTINUOUS
10
0.9930820866141732
20
0.286955
11
0.9930820866141732
21
0.2879842913385827
0
LINE
8
BLACK
6
CONTINUOUS
10
0.9930820866141732
20
0.2879842913385827
11
0.9925425984251969
21
0.2890632283464567
0
LINE
8
BLACK
6
CONTINUOUS
10
0.9925425984251969
20
0.2890632283464567
11
0.9920637007874016
21
0.2895421259842519
0
LINE
8
BLACK
6
CONTINUOUS
10
0.9920637007874016
20
0.2895421259842519
11
0.9909847244094488
21
0.2900816141732284
0
LINE
8
BLACK
6
CONTINUOUS
10
0.9909847244094488
20
0.2900816141732284
11
0.9877929133858268
21
0.2900816141732284
0
LINE
8
BLACK
6
CONTINUOUS
10
0.9877929133858268
20
0.2900816141732284
11
0.9867138188976378
21
0.2895420866141732
0
LINE
8
BLACK
6
CONTINUOUS
10
0.9867138188976378
20
0.2895420866141732
11
0.9860994881889763
21
0.2889277165354331
0
LINE
8
BLACK
6
CONTINUOUS
10
0.9860994881889763
20
0.2889277165354331
11
0.9857162598425196
21
0.2886716929133858
0
LINE
8
BLACK
6
CONTINUOUS
10
0.9857162598425196
20
0.2886716929133858
11
0.9848123228346456
21
0.2886717322834645
0
LINE
8
BLACK
6
CONTINUOUS
10
0.9848123228346456
20
0.2886717322834645
11
0.9841731102362204
21
0.2893109842519685
0
LINE
8
BLACK
6
CONTINUOUS
10
0.9841731102362204
20
0.2893109842519685
11
0.9841731496062992
21
0.2902149212598425
0
LINE
8
BLACK
6
CONTINUOUS
10
0.9841731496062992
20
0.2902149212598425
11
0.9844291732283464
21
0.2905981102362205
0
LINE
8
BLACK
6
CONTINUOUS
10
0.9844291732283464
20
0.2905981102362205
11
0.985179094488189
21
0.2913479921259842
0
LINE
8
BLACK
6
CONTINUOUS
10
0.985179094488189
20
0.2913479921259842
11
0.9853365354330709
21
0.291453188976378
0
LINE
8
BLACK
6
CONTINUOUS
10
0.9853365354330709
20
0.291453188976378
11
0.9854860236220472
21
0.2915692125984252
0
LINE
8
BLACK
6
CONTINUOUS
10
0.9854860236220472
20
0.2915692125984252
11
0.9869858661417322
21
0.2923191338582677
0
LINE
8
BLACK
6
CONTINUOUS
10
0.9869858661417322
20
0.2923191338582677
11
0.987042874015748
21
0.2923347637795276
0
LINE
8
BLACK
6
CONTINUOUS
10
0.987042874015748
20
0.2923347637795276
11
0.9870620472440945
21
0.2923538976377953
0
LINE
8
BLACK
6
CONTINUOUS
10
0.9870620472440945
20
0.2923538976377953
11
0.9872475196850393
21
0.2923908267716535
0
LINE
8
BLACK
6
CONTINUOUS
10
0.9872475196850393
20
0.2923908267716535
11
0.9874303543307087
21
0.2924408661417323
0
LINE
8
BLACK
6
CONTINUOUS
10
0.9874303543307087
20
0.2924408661417323
11
0.987456062992126
21
0.2924323228346457
0
LINE
8
BLACK
6
CONTINUOUS
10
0.987456062992126
20
0.2924323228346457
11
0.9875140551181102
21
0.2924438188976378
0
LINE
8
BLACK
6
CONTINUOUS
10
0.9875140551181102
20
0.2924438188976378
11
0.9912635826771653
21
0.2924438188976378
0
LINE
8
BLACK
6
CONTINUOUS
10
0.9912635826771653
20
0.2924438188976378
11
0.9913216141732283
21
0.2924322834645669
0
LINE
8
BLACK
6
CONTINUOUS
10
1.0141391338582677
20
0.3002438582677165
11
1.0152044881889764
21
0.2991785039370078
0
LINE
8
BLACK
6
CONTINUOUS
10
1.0152044881889764
20
0.2991785039370078
11
1.0153543307086614
21
0.2984251968503937
0
LINE
8
BLACK
6
CONTINUOUS
10
1.0153543307086614
20
0.2984251968503937
11
1.0153543307086614
21
0.2669291338582677
0
LINE
8
BLACK
6
CONTINUOUS
10
1.0153543307086614
20
0.2669291338582677
11
1.0152044881889764
21
0.2661758267716535
0
LINE
8
BLACK
6
CONTINUOUS
10
1.0152044881889764
20
0.2661758267716535
11
1.0141391338582677
21
0.2651104724409449
0
LINE
8
BLACK
6
CONTINUOUS
10
1.0141391338582677
20
0.2651104724409449
11
1.0133858267716536
21
0.2649606299212598
0
LINE
8
BLACK
6
CONTINUOUS
10
1.0133858267716536
20
0.2649606299212598
11
0.9503937007874016
21
0.2649606299212598
0
LINE
8
BLACK
6
CONTINUOUS
10
0.9503937007874016
20
0.2649606299212598
11
0.9496403937007873
21
0.2651104724409449
0
LINE
8
BLACK
6
CONTINUOUS
10
0.9496403937007873
20
0.2651104724409449
11
0.9485750393700787
21
0.2661758267716535
0
LINE
8
BLACK
6
CONTINUOUS
10
0.9485750393700787
20
0.2661758267716535
11
0.9484251968503937
21
0.2669291338582677
0
LINE
8
BLACK
6
CONTINUOUS
10
0.9484251968503937
20
0.2669291338582677
11
0.9484251968503937
21
0.2984251968503937
0
LINE
8
BLACK
6
CONTINUOUS
10
0.9484251968503937
20
0.2984251968503937
11
0.9485750393700787
21
0.2991785039370078
0
LINE
8
BLACK
6
CONTINUOUS
10
0.9485750393700787
20
0.2991785039370078
11
0.9496403937007873
21
0.3002438582677165
0
LINE
8
BLACK
6
CONTINUOUS
10
0.9496403937007873
20
0.3002438582677165
11
0.9503937007874016
21
0.3003937007874016
0
LINE
8
BLACK
6
CONTINUOUS
10
0.9503937007874016
20
0.3003937007874016
11
1.0133858267716536
21
0.3003937007874016
0
LINE
8
BLACK
6
CONTINUOUS
10
1.0133858267716536
20
0.3003937007874016
11
1.0141391338582677
21
0.3002438582677165
0
LINE
8
BLACK
6
CONTINUOUS
10
0.9523622047244095
20
0.2964566929133858
11
0.9523622047244095
21
0.2688976377952756
0
LINE
8
BLACK
6
CONTINUOUS
10
0.9523622047244095
20
0.2688976377952756
11
1.0114173228346457
21
0.2688976377952756
0
LINE
8
BLACK
6
CONTINUOUS
10
1.0114173228346457
20
0.2688976377952756
11
1.0114173228346457
21
0.2964566929133858
0
LINE
8
BLACK
6
CONTINUOUS
10
1.0114173228346457
20
0.2964566929133858
11
0.9523622047244095
21
0.2964566929133858
0
LINE
8
BLACK
6
CONTINUOUS
10
0.546880748031496
20
0.3366977165354331
11
0.5478393700787402
21
0.3360586220472441
0
LINE
8
BLACK
6
CONTINUOUS
10
0.5478393700787402
20
0.3360586220472441
11
0.5484804330708661
21
0.3351013385826772
0
LINE
8
BLACK
6
CONTINUOUS
10
0.5484804330708661
20
0.3351013385826772
11
0.5487063779527559
21
0.3339716141732283
0
LINE
8
BLACK
6
CONTINUOUS
10
0.5487063779527559
20
0.3339716141732283
11
0.5484827952755905
21
0.3328414173228346
0
LINE
8
BLACK
6
CONTINUOUS
10
0.5484827952755905
20
0.3328414173228346
11
0.5482104724409449
21
0.3323306299212598
0
LINE
8
BLACK
6
CONTINUOUS
10
0.5482104724409449
20
0.3323306299212598
11
0.5144647244094488
21
0.281711968503937
0
LINE
8
BLACK
6
CONTINUOUS
10
0.5144647244094488
20
0.281711968503937
11
0.5140979527559055
21
0.281264094488189
0
LINE
8
BLACK
6
CONTINUOUS
10
0.5140979527559055
20
0.281264094488189
11
0.5131406692913386
21
0.280623031496063
0
LINE
8
BLACK
6
CONTINUOUS
10
0.5131406692913386
20
0.280623031496063
11
0.5120109842519684
21
0.2803970866141732
0
LINE
8
BLACK
6
CONTINUOUS
10
0.5120109842519684
20
0.2803970866141732
11
0.5108807480314961
21
0.2806206692913386
0
LINE
8
BLACK
6
CONTINUOUS
10
0.5108807480314961
20
0.2806206692913386
11
0.5099221259842519
21
0.2812597637795275
0
LINE
8
BLACK
6
CONTINUOUS
10
0.5099221259842519
20
0.2812597637795275
11
0.5092810629921259
21
0.2822170472440945
0
LINE
8
BLACK
6
CONTINUOUS
10
0.5092810629921259
20
0.2822170472440945
11
0.5090551181102362
21
0.2833467322834646
0
LINE
8
BLACK
6
CONTINUOUS
10
0.5090551181102362
20
0.2833467322834646
11
0.5092787007874016
21
0.284476968503937
0
LINE
8
BLACK
6
CONTINUOUS
10
0.5092787007874016
20
0.284476968503937
11
0.5095510236220472
21
0.2849877165354331
0
LINE
8
BLACK
6
CONTINUOUS
10
0.5095510236220472
20
0.2849877165354331
11
0.5432967716535433
21
0.3356064173228346
0
LINE
8
BLACK
6
CONTINUOUS
10
0.5432967716535433
20
0.3356064173228346
11
0.5436635433070865
21
0.3360542519685039
0
LINE
8
BLACK
6
CONTINUOUS
10
0.5436635433070865
20
0.3360542519685039
11
0.5446208267716536
21
0.3366953149606299
0
LINE
8
BLACK
6
CONTINUOUS
10
0.5446208267716536
20
0.3366953149606299
11
0.5457505118110236
21
0.3369212598425197
0
LINE
8
BLACK
6
CONTINUOUS
10
0.5457505118110236
20
0.3369212598425197
11
0.546880748031496
21
0.3366977165354331
0
LINE
8
BLACK
6
CONTINUOUS
10
0.3454373622047244
20
0.3349897637795275
11
0.3457297637795276
21
0.3349897637795275
0
LINE
8
BLACK
6
CONTINUOUS
10
0.3457297637795276
20
0.3349897637795275
11
0.3459970078740157
21
0.3348790551181102
0
LINE
8
BLACK
6
CONTINUOUS
10
0.3459970078740157
20
0.3348790551181102
11
0.3462808267716536
21
0.3348229133858268
0
LINE
8
BLACK
6
CONTINUOUS
10
0.3462808267716536
20
0.3348229133858268
11
0.346524094488189
21
0.334660748031496
0
LINE
8
BLACK
6
CONTINUOUS
10
0.346524094488189
20
0.334660748031496
11
0.3467941732283464
21
0.3345488582677165
0
LINE
8
BLACK
6
CONTINUOUS
10
0.3467941732283464
20
0.3345488582677165
11
0.3469986220472441
21
0.3343444094488189
0
LINE
8
BLACK
6
CONTINUOUS
10
0.3469986220472441
20
0.3343444094488189
11
0.3472394488188976
21
0.3341838582677165
0
LINE
8
BLACK
6
CONTINUOUS
10
0.3472394488188976
20
0.3341838582677165
11
0.3474021653543307
21
0.3339408661417323
0
LINE
8
BLACK
6
CONTINUOUS
10
0.3474021653543307
20
0.3339408661417323
11
0.3476088188976378
21
0.3337342125984252
0
LINE
8
BLACK
6
CONTINUOUS
10
0.3476088188976378
20
0.3337342125984252
11
0.3477194881889764
21
0.3334670078740157
0
LINE
8
BLACK
6
CONTINUOUS
10
0.3477194881889764
20
0.3334670078740157
11
0.3478805118110236
21
0.3332265748031496
0
LINE
8
BLACK
6
CONTINUOUS
10
0.3478805118110236
20
0.3332265748031496
11
0.3479378346456693
21
0.3329399212598425
0
LINE
8
BLACK
6
CONTINUOUS
10
0.3479378346456693
20
0.3329399212598425
11
0.3480497244094488
21
0.3326698031496063
0
LINE
8
BLACK
6
CONTINUOUS
10
0.3480497244094488
20
0.3326698031496063
11
0.3481058267716535
21
0.3320998818897637
0
LINE
8
BLACK
6
CONTINUOUS
10
0.3481058267716535
20
0.3320998818897637
11
0.3481064566929134
21
0.3320968503937008
0
LINE
8
BLACK
6
CONTINUOUS
10
0.3481064566929134
20
0.3320968503937008
11
0.3481062204724409
21
0.3320958267716536
0
LINE
8
BLACK
6
CONTINUOUS
10
0.3481062204724409
20
0.3320958267716536
11
0.3481064566929134
21
0.3320937401574803
0
LINE
8
BLACK
6
CONTINUOUS
10
0.3481064566929134
20
0.3320937401574803
11
0.3481064566929134
21
0.2956764173228346
0
LINE
8
BLACK
6
CONTINUOUS
10
0.3481064566929134
20
0.2956764173228346
11
0.3564022834645669
21
0.2956764173228346
0
LINE
8
BLACK
6
CONTINUOUS
10
0.3564022834645669
20
0.2956764173228346
11
0.3569783464566929
21
0.2956196850393701
0
LINE
8
BLACK
6
CONTINUOUS
10
0.3569783464566929
20
0.2956196850393701
11
0.3580427559055118
21
0.2951787795275591
0
LINE
8
BLACK
6
CONTINUOUS
10
0.3580427559055118
20
0.2951787795275591
11
0.3588574015748031
21
0.2943641338582677
0
LINE
8
BLACK
6
CONTINUOUS
10
0.3588574015748031
20
0.2943641338582677
11
0.3592983070866141
21
0.2932997244094488
0
LINE
8
BLACK
6
CONTINUOUS
10
0.3592983070866141
20
0.2932997244094488
11
0.3592983070866141
21
0.2921475984251968
0
LINE
8
BLACK
6
CONTINUOUS
10
0.3592983070866141
20
0.2921475984251968
11
0.3588574015748031
21
0.291083188976378
0
LINE
8
BLACK
6
CONTINUOUS
10
0.3588574015748031
20
0.291083188976378
11
0.3580427559055118
21
0.2902685433070866
0
LINE
8
BLACK
6
CONTINUOUS
10
0.3580427559055118
20
0.2902685433070866
11
0.3569783464566929
21
0.2898276377952756
0
LINE
8
BLACK
6
CONTINUOUS
10
0.3569783464566929
20
0.2898276377952756
11
0.3564022834645669
21
0.289770905511811
0
LINE
8
BLACK
6
CONTINUOUS
10
0.3564022834645669
20
0.289770905511811
11
0.3339051181102362
21
0.289770905511811
0
LINE
8
BLACK
6
CONTINUOUS
10
0.3339051181102362
20
0.289770905511811
11
0.3333290551181102
21
0.2898276377952756
0
LINE
8
BLACK
6
CONTINUOUS
10
0.3333290551181102
20
0.2898276377952756
11
0.3322646456692913
21
0.2902685433070866
0
LINE
8
BLACK
6
CONTINUOUS
10
0.3322646456692913
20
0.2902685433070866
11
0.33145
21
0.291083188976378
0
LINE
8
BLACK
6
CONTINUOUS
10
0.33145
20
0.291083188976378
11
0.331009094488189
21
0.2921475984251968
0
LINE
8
BLACK
6
CONTINUOUS
10
0.331009094488189
20
0.2921475984251968
11
0.331009094488189
21
0.2932997244094488
0
LINE
8
BLACK
6
CONTINUOUS
10
0.331009094488189
20
0.2932997244094488
11
0.33145
21
0.2943641338582677
0
LINE
8
BLACK
6
CONTINUOUS
10
0.33145
20
0.2943641338582677
11
0.3322646456692913
21
0.2951787795275591
0
LINE
8
BLACK
6
CONTINUOUS
10
0.3322646456692913
20
0.2951787795275591
11
0.3333290551181102
21
0.2956196850393701
0
LINE
8
BLACK
6
CONTINUOUS
10
0.3333290551181102
20
0.2956196850393701
11
0.3339051181102362
21
0.2956764173228346
0
LINE
8
BLACK
6
CONTINUOUS
10
0.3339051181102362
20
0.2956764173228346
11
0.3422009448818897
21
0.2956764173228346
0
LINE
8
BLACK
6
CONTINUOUS
10
0.3422009448818897
20
0.2956764173228346
11
0.3422009448818897
21
0.3230903937007874
0
LINE
8
BLACK
6
CONTINUOUS
10
0.3422009448818897
20
0.3230903937007874
11
0.3397425590551181
21
0.3206320078740157
0
LINE
8
BLACK
6
CONTINUOUS
10
0.3397425590551181
20
0.3206320078740157
11
0.3395161811023622
21
0.3204462598425197
0
LINE
8
BLACK
6
CONTINUOUS
10
0.3395161811023622
20
0.3204462598425197
11
0.3394650393700787
21
0.3203872440944882
0
LINE
8
BLACK
6
CONTINUOUS
10
0.3394650393700787
20
0.3203872440944882
11
0.339376062992126
21
0.3203312992125984
0
LINE
8
BLACK
6
CONTINUOUS
10
0.339376062992126
20
0.3203312992125984
11
0.3392951181102362
21
0.3202648031496063
0
LINE
8
BLACK
6
CONTINUOUS
10
0.3392951181102362
20
0.3202648031496063
11
0.3392231496062992
21
0.320235
0
LINE
8
BLACK
6
CONTINUOUS
10
0.3392231496062992
20
0.320235
11
0.3389751574803149
21
0.3200788976377953
0
LINE
8
BLACK
6
CONTINUOUS
10
0.3389751574803149
20
0.3200788976377953
11
0.3352256299212598
21
0.3182041338582677
0
LINE
8
BLACK
6
CONTINUOUS
10
0.3352256299212598
20
0.3182041338582677
11
0.334685
21
0.3179972440944882
0
LINE
8
BLACK
6
CONTINUOUS
10
0.334685
20
0.3179972440944882
11
0.3335357874015748
21
0.3179155905511811
0
LINE
8
BLACK
6
CONTINUOUS
10
0.3335357874015748
20
0.3179155905511811
11
0.3324428346456693
21
0.3182799212598425
0
LINE
8
BLACK
6
CONTINUOUS
10
0.3324428346456693
20
0.3182799212598425
11
0.3315724409448819
21
0.3190347637795276
0
LINE
8
BLACK
6
CONTINUOUS
10
0.3315724409448819
20
0.3190347637795276
11
0.3310572047244094
21
0.3200652755905512
0
LINE
8
BLACK
6
CONTINUOUS
10
0.3310572047244094
20
0.3200652755905512
11
0.3309755511811023
21
0.3212144881889764
0
LINE
8
BLACK
6
CONTINUOUS
10
0.3309755511811023
20
0.3212144881889764
11
0.3313398818897638
21
0.3223074409448819
0
LINE
8
BLACK
6
CONTINUOUS
10
0.3313398818897638
20
0.3223074409448819
11
0.3320947244094488
21
0.3231778346456693
0
LINE
8
BLACK
6
CONTINUOUS
10
0.3320947244094488
20
0.3231778346456693
11
0.3325846062992126
21
0.3234861811023622
0
LINE
8
BLACK
6
CONTINUOUS
10
0.3325846062992126
20
0.3234861811023622
11
0.3359055511811024
21
0.3251466535433071
0
LINE
8
BLACK
6
CONTINUOUS
10
0.3359055511811024
20
0.3251466535433071
11
0.3391094488188977
21
0.3283505511811023
0
LINE
8
BLACK
6
CONTINUOUS
10
0.3391094488188977
20
0.3283505511811023
11
0.3426968503937008
21
0.3337316535433071
0
LINE
8
BLACK
6
CONTINUOUS
10
0.3426968503937008
20
0.3337316535433071
11
0.3426981889763779
21
0.3337333464566929
0
LINE
8
BLACK
6
CONTINUOUS
10
0.3426981889763779
20
0.3337333464566929
11
0.3426985826771654
21
0.3337342125984252
0
LINE
8
BLACK
6
CONTINUOUS
10
0.3426985826771654
20
0.3337342125984252
11
0.3427005905511811
21
0.3337362598425197
0
LINE
8
BLACK
6
CONTINUOUS
10
0.3427005905511811
20
0.3337362598425197
11
0.3430636220472441
21
0.3341794881889764
0
LINE
8
BLACK
6
CONTINUOUS
10
0.3430636220472441
20
0.3341794881889764
11
0.3433064960629921
21
0.3343421653543307
0
LINE
8
BLACK
6
CONTINUOUS
10
0.3433064960629921
20
0.3343421653543307
11
0.3435132283464567
21
0.3345488582677165
0
LINE
8
BLACK
6
CONTINUOUS
10
0.3435132283464567
20
0.3345488582677165
11
0.3437805118110236
21
0.3346596062992126
0
LINE
8
BLACK
6
CONTINUOUS
10
0.3437805118110236
20
0.3346596062992126
11
0.344020905511811
21
0.3348205511811024
0
LINE
8
BLACK
6
CONTINUOUS
10
0.344020905511811
20
0.3348205511811024
11
0.3443075196850394
21
0.3348779133858268
0
LINE
8
BLACK
6
CONTINUOUS
10
0.3443075196850394
20
0.3348779133858268
11
0.3445776377952756
21
0.3349897637795275
0
LINE
8
BLACK
6
CONTINUOUS
10
0.3445776377952756
20
0.3349897637795275
11
0.3448669291338582
21
0.3349897637795275
0
LINE
8
BLACK
6
CONTINUOUS
10
0.3448669291338582
20
0.3349897637795275
11
0.3451505905511811
21
0.3350464960629921
0
LINE
8
BLACK
6
CONTINUOUS
10
0.3451505905511811
20
0.3350464960629921
11
0.3454373622047244
21
0.3349897637795275
0
LINE
8
BLACK
6
CONTINUOUS
10
0.385099842519685
20
0.3349897637795275
11
0.3851978346456693
21
0.3349491732283464
0
LINE
8
BLACK
6
CONTINUOUS
10
0.3851978346456693
20
0.3349491732283464
11
0.3853036614173228
21
0.3349416535433071
0
LINE
8
BLACK
6
CONTINUOUS
10
0.3853036614173228
20
0.3349416535433071
11
0.3858442913385827
21
0.3347347637795275
0
LINE
8
BLACK
6
CONTINUOUS
10
0.3858442913385827
20
0.3347347637795275
11
0.3895938188976378
21
0.33286
0
LINE
8
BLACK
6
CONTINUOUS
10
0.3895938188976378
20
0.33286
11
0.389841811023622
21
0.332703937007874
0
LINE
8
BLACK
6
CONTINUOUS
10
0.389841811023622
20
0.332703937007874
11
0.3899137795275591
21
0.332674094488189
0
LINE
8
BLACK
6
CONTINUOUS
10
0.3899137795275591
20
0.332674094488189
11
0.3899947244094488
21
0.3326076377952756
0
LINE
8
BLACK
6
CONTINUOUS
10
0.3899947244094488
20
0.3326076377952756
11
0.3900837007874016
21
0.3325516535433071
0
LINE
8
BLACK
6
CONTINUOUS
10
0.3900837007874016
20
0.3325516535433071
11
0.3901348425196851
21
0.3324926771653543
0
LINE
8
BLACK
6
CONTINUOUS
10
0.3901348425196851
20
0.3324926771653543
11
0.3903612204724409
21
0.3323068897637795
0
LINE
8
BLACK
6
CONTINUOUS
10
0.3903612204724409
20
0.3323068897637795
11
0.3922359842519685
21
0.330432125984252
0
LINE
8
BLACK
6
CONTINUOUS
10
0.3922359842519685
20
0.330432125984252
11
0.3924217322834646
21
0.3302057874015748
0
LINE
8
BLACK
6
CONTINUOUS
10
0.3924217322834646
20
0.3302057874015748
11
0.3924807480314961
21
0.3301546062992126
0
LINE
8
BLACK
6
CONTINUOUS
10
0.3924807480314961
20
0.3301546062992126
11
0.3925366929133858
21
0.3300656692913386
0
LINE
8
BLACK
6
CONTINUOUS
10
0.3925366929133858
20
0.3300656692913386
11
0.392603188976378
21
0.3299846850393701
0
LINE
8
BLACK
6
CONTINUOUS
10
0.392603188976378
20
0.3299846850393701
11
0.3926329921259842
21
0.3299127559055118
0
LINE
8
BLACK
6
CONTINUOUS
10
0.3926329921259842
20
0.3299127559055118
11
0.392789094488189
21
0.3296647244094488
0
LINE
8
BLACK
6
CONTINUOUS
10
0.392789094488189
20
0.3296647244094488
11
0.3946638582677165
21
0.3259151968503937
0
LINE
8
BLACK
6
CONTINUOUS
10
0.3946638582677165
20
0.3259151968503937
11
0.3946799606299213
21
0.3258731102362205
0
LINE
8
BLACK
6
CONTINUOUS
10
0.3946799606299213
20
0.3258731102362205
11
0.3946926771653543
21
0.3258559448818897
0
LINE
8
BLACK
6
CONTINUOUS
10
0.3946926771653543
20
0.3258559448818897
11
0.3947789763779527
21
0.3256143700787402
0
LINE
8
BLACK
6
CONTINUOUS
10
0.3947789763779527
20
0.3256143700787402
11
0.3948707480314961
21
0.3253746062992126
0
LINE
8
BLACK
6
CONTINUOUS
10
0.3948707480314961
20
0.3253746062992126
11
0.3948722440944882
21
0.3253533464566929
0
LINE
8
BLACK
6
CONTINUOUS
10
0.3948722440944882
20
0.3253533464566929
11
0.3948874409448819
21
0.3253108267716535
0
LINE
8
BLACK
6
CONTINUOUS
10
0.3948874409448819
20
0.3253108267716535
11
0.3967622047244094
21
0.3178117716535433
0
LINE
8
BLACK
6
CONTINUOUS
10
0.3967622047244094
20
0.3178117716535433
11
0.396776968503937
21
0.3177119291338583
0
LINE
8
BLACK
6
CONTINUOUS
10
0.396776968503937
20
0.3177119291338583
11
0.3967936220472441
21
0.3176716929133858
0
LINE
8
BLACK
6
CONTINUOUS
10
0.3967936220472441
20
0.3176716929133858
11
0.3968149606299213
21
0.3174546850393701
0
LINE
8
BLACK
6
CONTINUOUS
10
0.3968149606299213
20
0.3174546850393701
11
0.3968468503937008
21
0.3172391732283464
0
LINE
8
BLACK
6
CONTINUOUS
10
0.3968468503937008
20
0.3172391732283464
11
0.3968404330708661
21
0.3171961811023622
0
LINE
8
BLACK
6
CONTINUOUS
10
0.3968404330708661
20
0.3171961811023622
11
0.3968503543307086
21
0.3170956299212598
0
LINE
8
BLACK
6
CONTINUOUS
10
0.3968503543307086
20
0.3170956299212598
11
0.3968503543307086
21
0.3077218110236221
0
LINE
8
BLACK
6
CONTINUOUS
10
0.3968503543307086
20
0.3077218110236221
11
0.3968404330708661
21
0.3076212992125984
0
LINE
8
BLACK
6
CONTINUOUS
10
0.3968404330708661
20
0.3076212992125984
11
0.3968468503937008
21
0.3075782677165354
0
LINE
8
BLACK
6
CONTINUOUS
10
0.3968468503937008
20
0.3075782677165354
11
0.3968149606299213
21
0.3073627952755905
0
LINE
8
BLACK
6
CONTINUOUS
10
0.3968149606299213
20
0.3073627952755905
11
0.3967936220472441
21
0.3071457480314961
0
LINE
8
BLACK
6
CONTINUOUS
10
0.3967936220472441
20
0.3071457480314961
11
0.396776968503937
21
0.3071055511811023
0
LINE
8
BLACK
6
CONTINUOUS
10
0.396776968503937
20
0.3071055511811023
11
0.3967622047244094
21
0.3070056692913386
0
LINE
8
BLACK
6
CONTINUOUS
10
0.3967622047244094
20
0.3070056692913386
11
0.3948874409448819
21
0.2995066141732283
0
LINE
8
BLACK
6
CONTINUOUS
10
0.3948874409448819
20
0.2995066141732283
11
0.3948722440944882
21
0.2994641338582677
0
LINE
8
BLACK
6
CONTINUOUS
10
0.3948722440944882
20
0.2994641338582677
11
0.3948707480314961
21
0.2994428346456693
0
LINE
8
BLACK
6
CONTINUOUS
10
0.3948707480314961
20
0.2994428346456693
11
0.3947789763779527
21
0.2992031102362205
0
LINE
8
BLACK
6
CONTINUOUS
10
0.3947789763779527
20
0.2992031102362205
11
0.3946926771653543
21
0.2989614960629921
0
LINE
8
BLACK
6
CONTINUOUS
10
0.3946926771653543
20
0.2989614960629921
11
0.3946799606299213
21
0.2989443700787401
0
LINE
8
BLACK
6
CONTINUOUS
10
0.3946799606299213
20
0.2989443700787401
11
0.3946638582677165
21
0.2989022440944882
0
LINE
8
BLACK
6
CONTINUOUS
10
0.3946638582677165
20
0.2989022440944882
11
0.392789094488189
21
0.2951527165354331
0
LINE
8
BLACK
6
CONTINUOUS
10
0.392789094488189
20
0.2951527165354331
11
0.392633031496063
21
0.294904842519685
0
LINE
8
BLACK
6
CONTINUOUS
10
0.392633031496063
20
0.294904842519685
11
0.3926032283464567
21
0.2948327952755905
0
LINE
8
BLACK
6
CONTINUOUS
10
0.3926032283464567
20
0.2948327952755905
11
0.3925366929133858
21
0.2947517716535433
0
LINE
8
BLACK
6
CONTINUOUS
10
0.3925366929133858
20
0.2947517716535433
11
0.3924807480314961
21
0.2946628346456693
0
LINE
8
BLACK
6
CONTINUOUS
10
0.3924807480314961
20
0.2946628346456693
11
0.3924217322834646
21
0.2946116929133858
0
LINE
8
BLACK
6
CONTINUOUS
10
0.3924217322834646
20
0.2946116929133858
11
0.3922359842519685
21
0.2943853149606299
0
LINE
8
BLACK
6
CONTINUOUS
10
0.3922359842519685
20
0.2943853149606299
11
0.3903612598425197
21
0.2925105511811024
0
LINE
8
BLACK
6
CONTINUOUS
10
0.3903612598425197
20
0.2925105511811024
11
0.3901348818897638
21
0.2923248031496063
0
LINE
8
BLACK
6
CONTINUOUS
10
0.3901348818897638
20
0.2923248031496063
11
0.3900837007874016
21
0.2922657480314961
0
LINE
8
BLACK
6
CONTINUOUS
10
0.3900837007874016
20
0.2922657480314961
11
0.3899947244094488
21
0.2922097637795276
0
LINE
8
BLACK
6
CONTINUOUS
10
0.3899947244094488
20
0.2922097637795276
11
0.3899137795275591
21
0.2921433070866142
0
LINE
8
BLACK
6
CONTINUOUS
10
0.3899137795275591
20
0.2921433070866142
11
0.389841811023622
21
0.2921135039370079
0
LINE
8
BLACK
6
CONTINUOUS
10
0.389841811023622
20
0.2921135039370079
11
0.3895938188976378
21
0.2919574015748032
0
LINE
8
BLACK
6
CONTINUOUS
10
0.3895938188976378
20
0.2919574015748032
11
0.3858442913385827
21
0.2900826377952756
0
LINE
8
BLACK
6
CONTINUOUS
10
0.3858442913385827
20
0.2900826377952756
11
0.3853036614173228
21
0.2898757480314961
0
LINE
8
BLACK
6
CONTINUOUS
10
0.3853036614173228
20
0.2898757480314961
11
0.3851978346456693
21
0.2898682677165354
0
LINE
8
BLACK
6
CONTINUOUS
10
0.3851978346456693
20
0.2898682677165354
11
0.385099842519685
21
0.2898276377952756
0
LINE
8
BLACK
6
CONTINUOUS
10
0.385099842519685
20
0.2898276377952756
11
0.3845237795275591
21
0.289770905511811
0
LINE
8
BLACK
6
CONTINUOUS
10
0.3845237795275591
20
0.289770905511811
11
0.380774251968504
21
0.289770905511811
0
LINE
8
BLACK
6
CONTINUOUS
10
0.380774251968504
20
0.289770905511811
11
0.380198188976378
21
0.2898276377952756
0
LINE
8
BLACK
6
CONTINUOUS
10
0.380198188976378
20
0.2898276377952756
11
0.3801001968503937
21
0.2898682283464567
0
LINE
8
BLACK
6
CONTINUOUS
10
0.3801001968503937
20
0.2898682283464567
11
0.3799943307086614
21
0.2898757480314961
0
LINE
8
BLACK
6
CONTINUOUS
10
0.3799943307086614
20
0.2898757480314961
11
0.3794537401574803
21
0.2900826377952756
0
LINE
8
BLACK
6
CONTINUOUS
10
0.3794537401574803
20
0.2900826377952756
11
0.3757042125984252
21
0.2919574015748032
0
LINE
8
BLACK
6
CONTINUOUS
10
0.3757042125984252
20
0.2919574015748032
11
0.3754561811023622
21
0.2921135039370079
0
LINE
8
BLACK
6
CONTINUOUS
10
0.3754561811023622
20
0.2921135039370079
11
0.3753842519685039
21
0.2921433070866142
0
LINE
8
BLACK
6
CONTINUOUS
10
0.3753842519685039
20
0.2921433070866142
11
0.3753032677165354
21
0.2922097637795276
0
LINE
8
BLACK
6
CONTINUOUS
10
0.3753032677165354
20
0.2922097637795276
11
0.3752143307086614
21
0.2922657480314961
0
LINE
8
BLACK
6
CONTINUOUS
10
0.3752143307086614
20
0.2922657480314961
11
0.3751631102362205
21
0.2923248031496063
0
LINE
8
BLACK
6
CONTINUOUS
10
0.3751631102362205
20
0.2923248031496063
11
0.3749367716535433
21
0.2925105511811024
0
LINE
8
BLACK
6
CONTINUOUS
10
0.3749367716535433
20
0.2925105511811024
11
0.3730620078740157
21
0.2943853543307087
0
LINE
8
BLACK
6
CONTINUOUS
10
0.3730620078740157
20
0.2943853543307087
11
0.3728762598425197
21
0.2946116929133858
0
LINE
8
BLACK
6
CONTINUOUS
10
0.3728762598425197
20
0.2946116929133858
11
0.3728172834645669
21
0.2946628346456693
0
LINE
8
BLACK
6
CONTINUOUS
10
0.3728172834645669
20
0.2946628346456693
11
0.3727612992125984
21
0.2947517716535433
0
LINE
8
BLACK
6
CONTINUOUS
10
0.3727612992125984
20
0.2947517716535433
11
0.3726948031496063
21
0.2948327952755905
0
LINE
8
BLACK
6
CONTINUOUS
10
0.3726948031496063
20
0.2948327952755905
11
0.3726649606299213
21
0.294904842519685
0
LINE
8
BLACK
6
CONTINUOUS
10
0.3726649606299213
20
0.294904842519685
11
0.372508937007874
21
0.2951527165354331
0
LINE
8
BLACK
6
CONTINUOUS
10
0.372508937007874
20
0.2951527165354331
11
0.3706341732283465
21
0.2989022440944882
0
LINE
8
BLACK
6
CONTINUOUS
10
0.3706341732283465
20
0.2989022440944882
11
0.370618031496063
21
0.2989443700787401
0
LINE
8
BLACK
6
CONTINUOUS
10
0.370618031496063
20
0.2989443700787401
11
0.3706053543307087
21
0.2989614960629921
0
LINE
8
BLACK
6
CONTINUOUS
10
0.3706053543307087
20
0.2989614960629921
11
0.3705188976377953
21
0.2992034645669291
0
LINE
8
BLACK
6
CONTINUOUS
10
0.3705188976377953
20
0.2992034645669291
11
0.3704272834645669
21
0.299442874015748
0
LINE
8
BLACK
6
CONTINUOUS
10
0.3704272834645669
20
0.299442874015748
11
0.370425748031496
21
0.2994641338582677
0
LINE
8
BLACK
6
CONTINUOUS
10
0.370425748031496
20
0.2994641338582677
11
0.3704105905511811
21
0.2995066141732283
0
LINE
8
BLACK
6
CONTINUOUS
10
0.3704105905511811
20
0.2995066141732283
11
0.3685358267716535
21
0.3070056692913386
0
LINE
8
BLACK
6
CONTINUOUS
10
0.3685358267716535
20
0.3070056692913386
11
0.3685210236220473
21
0.3071055511811023
0
LINE
8
BLACK
6
CONTINUOUS
10
0.3685210236220473
20
0.3071055511811023
11
0.3685044094488189
21
0.3071457480314961
0
LINE
8
BLACK
6
CONTINUOUS
10
0.3685044094488189
20
0.3071457480314961
11
0.368483031496063
21
0.3073627952755905
0
LINE
8
BLACK
6
CONTINUOUS
10
0.368483031496063
20
0.3073627952755905
11
0.3684511811023622
21
0.3075782677165354
0
LINE
8
BLACK
6
CONTINUOUS
10
0.3684511811023622
20
0.3075782677165354
11
0.3684575590551181
21
0.3076212992125984
0
LINE
8
BLACK
6
CONTINUOUS
10
0.3684575590551181
20
0.3076212992125984
11
0.3684476771653543
21
0.3077218110236221
0
LINE
8
BLACK
6
CONTINUOUS
10
0.3684476771653543
20
0.3077218110236221
11
0.3684476771653543
21
0.3170956299212598
0
LINE
8
BLACK
6
CONTINUOUS
10
0.3684476771653543
20
0.3170956299212598
11
0.3684575590551181
21
0.3171961811023622
0
LINE
8
BLACK
6
CONTINUOUS
10
0.3684575590551181
20
0.3171961811023622
11
0.3684511811023622
21
0.3172391732283464
0
LINE
8
BLACK
6
CONTINUOUS
10
0.3684511811023622
20
0.3172391732283464
11
0.368483031496063
21
0.3174546850393701
0
LINE
8
BLACK
6
CONTINUOUS
10
0.368483031496063
20
0.3174546850393701
11
0.3685044094488189
21
0.3176716929133858
0
LINE
8
BLACK
6
CONTINUOUS
10
0.3685044094488189
20
0.3176716929133858
11
0.3685210236220473
21
0.3177119291338583
0
LINE
8
BLACK
6
CONTINUOUS
10
0.3685210236220473
20
0.3177119291338583
11
0.3685358267716535
21
0.3178117716535433
0
LINE
8
BLACK
6
CONTINUOUS
10
0.3685358267716535
20
0.3178117716535433
11
0.3704105905511811
21
0.3253108267716535
0
LINE
8
BLACK
6
CONTINUOUS
10
0.3704105905511811
20
0.3253108267716535
11
0.370425748031496
21
0.3253533464566929
0
LINE
8
BLACK
6
CONTINUOUS
10
0.370425748031496
20
0.3253533464566929
11
0.3704272834645669
21
0.3253745669291339
0
LINE
8
BLACK
6
CONTINUOUS
10
0.3704272834645669
20
0.3253745669291339
11
0.3705188976377953
21
0.3256140157480315
0
LINE
8
BLACK
6
CONTINUOUS
10
0.3705188976377953
20
0.3256140157480315
11
0.3706053543307087
21
0.3258559448818897
0
LINE
8
BLACK
6
CONTINUOUS
10
0.3706053543307087
20
0.3258559448818897
11
0.370618031496063
21
0.3258731102362205
0
LINE
8
BLACK
6
CONTINUOUS
10
0.370618031496063
20
0.3258731102362205
11
0.3706341732283465
21
0.3259151968503937
0
LINE
8
BLACK
6
CONTINUOUS
10
0.3706341732283465
20
0.3259151968503937
11
0.372508937007874
21
0.3296647244094488
0
LINE
8
BLACK
6
CONTINUOUS
10
0.372508937007874
20
0.3296647244094488
11
0.372665
21
0.3299127559055118
0
LINE
8
BLACK
6
CONTINUOUS
10
0.372665
20
0.3299127559055118
11
0.372694842519685
21
0.3299846850393701
0
LINE
8
BLACK
6
CONTINUOUS
10
0.372694842519685
20
0.3299846850393701
11
0.3727612992125984
21
0.3300656692913386
0
LINE
8
BLACK
6
CONTINUOUS
10
0.3727612992125984
20
0.3300656692913386
11
0.3728172834645669
21
0.3301546062992126
0
LINE
8
BLACK
6
CONTINUOUS
10
0.3728172834645669
20
0.3301546062992126
11
0.3728762598425197
21
0.3302057874015748
0
LINE
8
BLACK
6
CONTINUOUS
10
0.3728762598425197
20
0.3302057874015748
11
0.3730620472440945
21
0.330432125984252
0
LINE
8
BLACK
6
CONTINUOUS
10
0.3730620472440945
20
0.330432125984252
11
0.374936811023622
21
0.3323068897637795
0
LINE
8
BLACK
6
CONTINUOUS
10
0.374936811023622
20
0.3323068897637795
11
0.3751631496062992
21
0.3324926771653543
0
LINE
8
BLACK
6
CONTINUOUS
10
0.3751631496062992
20
0.3324926771653543
11
0.3752143307086614
21
0.3325516535433071
0
LINE
8
BLACK
6
CONTINUOUS
10
0.3752143307086614
20
0.3325516535433071
11
0.3753032677165354
21
0.3326076377952756
0
LINE
8
BLACK
6
CONTINUOUS
10
0.3753032677165354
20
0.3326076377952756
11
0.3753842519685039
21
0.332674094488189
0
LINE
8
BLACK
6
CONTINUOUS
10
0.3753842519685039
20
0.332674094488189
11
0.3754561811023622
21
0.332703937007874
0
LINE
8
BLACK
6
CONTINUOUS
10
0.3754561811023622
20
0.332703937007874
11
0.3757042125984252
21
0.33286
0
LINE
8
BLACK
6
CONTINUOUS
10
0.3757042125984252
20
0.33286
11
0.3794537401574803
21
0.3347347637795275
0
LINE
8
BLACK
6
CONTINUOUS
10
0.3794537401574803
20
0.3347347637795275
11
0.3799943307086614
21
0.3349416535433071
0
LINE
8
BLACK
6
CONTINUOUS
10
0.3799943307086614
20
0.3349416535433071
11
0.3801001968503937
21
0.3349492125984252
0
LINE
8
BLACK
6
CONTINUOUS
10
0.3801001968503937
20
0.3349492125984252
11
0.380198188976378
21
0.3349897637795275
0
LINE
8
BLACK
6
CONTINUOUS
10
0.380198188976378
20
0.3349897637795275
11
0.380774251968504
21
0.3350464960629921
0
LINE
8
BLACK
6
CONTINUOUS
10
0.380774251968504
20
0.3350464960629921
11
0.3845237795275591
21
0.3350464960629921
0
LINE
8
BLACK
6
CONTINUOUS
10
0.3845237795275591
20
0.3350464960629921
11
0.385099842519685
21
0.3349897637795275
0
LINE
8
BLACK
6
CONTINUOUS
10
0.3787738188976378
20
0.3277922440944882
11
0.3775766929133858
21
0.3265951181102362
0
LINE
8
BLACK
6
CONTINUOUS
10
0.3775766929133858
20
0.3265951181102362
11
0.3760611811023622
21
0.3235641338582677
0
LINE
8
BLACK
6
CONTINUOUS
10
0.3760611811023622
20
0.3235641338582677
11
0.3743531889763779
21
0.3167320866141732
0
LINE
8
BLACK
6
CONTINUOUS
10
0.3743531889763779
20
0.3167320866141732
11
0.3743531889763779
21
0.3080853543307087
0
LINE
8
BLACK
6
CONTINUOUS
10
0.3743531889763779
20
0.3080853543307087
11
0.3760611811023622
21
0.3012533070866142
0
LINE
8
BLACK
6
CONTINUOUS
10
0.3760611811023622
20
0.3012533070866142
11
0.3775766929133858
21
0.2982223228346457
0
LINE
8
BLACK
6
CONTINUOUS
10
0.3775766929133858
20
0.2982223228346457
11
0.3787738188976378
21
0.2970251574803149
0
LINE
8
BLACK
6
CONTINUOUS
10
0.3787738188976378
20
0.2970251574803149
11
0.3814712992125984
21
0.2956764173228346
0
LINE
8
BLACK
6
CONTINUOUS
10
0.3814712992125984
20
0.2956764173228346
11
0.3838267322834645
21
0.2956764173228346
0
LINE
8
BLACK
6
CONTINUOUS
10
0.3838267322834645
20
0.2956764173228346
11
0.3865241732283464
21
0.2970251574803149
0
LINE
8
BLACK
6
CONTINUOUS
10
0.3865241732283464
20
0.2970251574803149
11
0.3877212992125984
21
0.2982223228346457
0
LINE
8
BLACK
6
CONTINUOUS
10
0.3877212992125984
20
0.2982223228346457
11
0.3892368110236221
21
0.3012533070866142
0
LINE
8
BLACK
6
CONTINUOUS
10
0.3892368110236221
20
0.3012533070866142
11
0.390944842519685
21
0.3080853543307087
0
LINE
8
BLACK
6
CONTINUOUS
10
0.390944842519685
20
0.3080853543307087
11
0.390944842519685
21
0.3167320866141732
0
LINE
8
BLACK
6
CONTINUOUS
10
0.390944842519685
20
0.3167320866141732
11
0.3892368110236221
21
0.3235641338582677
0
LINE
8
BLACK
6
CONTINUOUS
10
0.3892368110236221
20
0.3235641338582677
11
0.3877213385826772
21
0.3265951181102362
0
LINE
8
BLACK
6
CONTINUOUS
10
0.3877213385826772
20
0.3265951181102362
11
0.3865242125984252
21
0.3277922440944882
0
LINE
8
BLACK
6
CONTINUOUS
10
0.3865242125984252
20
0.3277922440944882
11
0.3838267322834645
21
0.3291409842519685
0
LINE
8
BLACK
6
CONTINUOUS
10
0.3838267322834645
20
0.3291409842519685
11
0.3814712992125984
21
0.3291409842519685
0
LINE
8
BLACK
6
CONTINUOUS
10
0.3814712992125984
20
0.3291409842519685
11
0.3787738188976378
21
0.3277922440944882
0
LINE
8
BLACK
6
CONTINUOUS
10
0.422595157480315
20
0.3349897637795275
11
0.4226931496062992
21
0.3349491732283464
0
LINE
8
BLACK
6
CONTINUOUS
10
0.4226931496062992
20
0.3349491732283464
11
0.4227989763779528
21
0.3349416535433071
0
LINE
8
BLACK
6
CONTINUOUS
10
0.4227989763779528
20
0.3349416535433071
11
0.4233396062992126
21
0.3347347637795275
0
LINE
8
BLACK
6
CONTINUOUS
10
0.4233396062992126
20
0.3347347637795275
11
0.4270891338582677
21
0.33286
0
LINE
8
BLACK
6
CONTINUOUS
10
0.4270891338582677
20
0.33286
11
0.4273371259842519
21
0.332703937007874
0
LINE
8
BLACK
6
CONTINUOUS
10
0.4273371259842519
20
0.332703937007874
11
0.427409094488189
21
0.332674094488189
0
LINE
8
BLACK
6
CONTINUOUS
10
0.427409094488189
20
0.332674094488189
11
0.4274900393700787
21
0.3326076377952756
0
LINE
8
BLACK
6
CONTINUOUS
10
0.4274900393700787
20
0.3326076377952756
11
0.4275790157480315
21
0.3325516535433071
0
LINE
8
BLACK
6
CONTINUOUS
10
0.4275790157480315
20
0.3325516535433071
11
0.427630157480315
21
0.3324926771653543
0
LINE
8
BLACK
6
CONTINUOUS
10
0.427630157480315
20
0.3324926771653543
11
0.4278565354330708
21
0.3323068897637795
0
LINE
8
BLACK
6
CONTINUOUS
10
0.4278565354330708
20
0.3323068897637795
11
0.4297312992125984
21
0.330432125984252
0
LINE
8
BLACK
6
CONTINUOUS
10
0.4297312992125984
20
0.330432125984252
11
0.4299170472440945
21
0.3302057874015748
0
LINE
8
BLACK
6
CONTINUOUS
10
0.4299170472440945
20
0.3302057874015748
11
0.429976062992126
21
0.3301546062992126
0
LINE
8
BLACK
6
CONTINUOUS
10
0.429976062992126
20
0.3301546062992126
11
0.4300320078740157
21
0.3300656692913386
0
LINE
8
BLACK
6
CONTINUOUS
10
0.4300320078740157
20
0.3300656692913386
11
0.4300985039370079
21
0.3299846850393701
0
LINE
8
BLACK
6
CONTINUOUS
10
0.4300985039370079
20
0.3299846850393701
11
0.4301283070866141
21
0.3299127559055118
0
LINE
8
BLACK
6
CONTINUOUS
10
0.4301283070866141
20
0.3299127559055118
11
0.4302844094488189
21
0.3296647244094488
0
LINE
8
BLACK
6
CONTINUOUS
10
0.4302844094488189
20
0.3296647244094488
11
0.4321591732283465
21
0.3259151968503937
0
LINE
8
BLACK
6
CONTINUOUS
10
0.4321591732283465
20
0.3259151968503937
11
0.4321752755905512
21
0.3258731102362205
0
LINE
8
BLACK
6
CONTINUOUS
10
0.4321752755905512
20
0.3258731102362205
11
0.4321879921259842
21
0.3258559448818897
0
LINE
8
BLACK
6
CONTINUOUS
10
0.4321879921259842
20
0.3258559448818897
11
0.4322742913385827
21
0.3256143700787402
0
LINE
8
BLACK
6
CONTINUOUS
10
0.4322742913385827
20
0.3256143700787402
11
0.432366062992126
21
0.3253746062992126
0
LINE
8
BLACK
6
CONTINUOUS
10
0.432366062992126
20
0.3253746062992126
11
0.4323675590551181
21
0.3253533464566929
0
LINE
8
BLACK
6
CONTINUOUS
10
0.4323675590551181
20
0.3253533464566929
11
0.4323827559055118
21
0.3253108267716535
0
LINE
8
BLACK
6
CONTINUOUS
10
0.4323827559055118
20
0.3253108267716535
11
0.4342575196850393
21
0.3178117716535433
0
LINE
8
BLACK
6
CONTINUOUS
10
0.4342575196850393
20
0.3178117716535433
11
0.4342722834645669
21
0.3177119291338583
0
LINE
8
BLACK
6
CONTINUOUS
10
0.4342722834645669
20
0.3177119291338583
11
0.434288937007874
21
0.3176716929133858
0
LINE
8
BLACK
6
CONTINUOUS
10
0.434288937007874
20
0.3176716929133858
11
0.4343102755905512
21
0.3174546850393701
0
LINE
8
BLACK
6
CONTINUOUS
10
0.4343102755905512
20
0.3174546850393701
11
0.4343421653543307
21
0.3172391732283464
0
LINE
8
BLACK
6
CONTINUOUS
10
0.4343421653543307
20
0.3172391732283464
11
0.434335748031496
21
0.3171961811023622
0
LINE
8
BLACK
6
CONTINUOUS
10
0.434335748031496
20
0.3171961811023622
11
0.4343456692913386
21
0.3170956299212598
0
LINE
8
BLACK
6
CONTINUOUS
10
0.4343456692913386
20
0.3170956299212598
11
0.4343456692913386
21
0.3077218110236221
0
LINE
8
BLACK
6
CONTINUOUS
10
0.4343456692913386
20
0.3077218110236221
11
0.434335748031496
21
0.3076212992125984
0
LINE
8
BLACK
6
CONTINUOUS
10
0.434335748031496
20
0.3076212992125984
11
0.4343421653543307
21
0.3075782677165354
0
LINE
8
BLACK
6
CONTINUOUS
10
0.4343421653543307
20
0.3075782677165354
11
0.4343102755905512
21
0.3073627952755905
0
LINE
8
BLACK
6
CONTINUOUS
10
0.4343102755905512
20
0.3073627952755905
11
0.434288937007874
21
0.3071457480314961
0
LINE
8
BLACK
6
CONTINUOUS
10
0.434288937007874
20
0.3071457480314961
11
0.4342722834645669
21
0.3071055511811023
0
LINE
8
BLACK
6
CONTINUOUS
10
0.4342722834645669
20
0.3071055511811023
11
0.4342575196850393
21
0.3070056692913386
0
LINE
8
BLACK
6
CONTINUOUS
10
0.4342575196850393
20
0.3070056692913386
11
0.4323827559055118
21
0.2995066141732283
0
LINE
8
BLACK
6
CONTINUOUS
10
0.4323827559055118
20
0.2995066141732283
11
0.4323675590551181
21
0.2994641338582677
0
LINE
8
BLACK
6
CONTINUOUS
10
0.4323675590551181
20
0.2994641338582677
11
0.432366062992126
21
0.2994428346456693
0
LINE
8
BLACK
6
CONTINUOUS
10
0.432366062992126
20
0.2994428346456693
11
0.4322742913385827
21
0.2992031102362205
0
LINE
8
BLACK
6
CONTINUOUS
10
0.4322742913385827
20
0.2992031102362205
11
0.4321879921259842
21
0.2989614960629921
0
LINE
8
BLACK
6
CONTINUOUS
10
0.4321879921259842
20
0.2989614960629921
11
0.4321752755905512
21
0.2989443700787401
0
LINE
8
BLACK
6
CONTINUOUS
10
0.4321752755905512
20
0.2989443700787401
11
0.4321591732283465
21
0.2989022440944882
0
LINE
8
BLACK
6
CONTINUOUS
10
0.4321591732283465
20
0.2989022440944882
11
0.4302844094488189
21
0.2951527165354331
0
LINE
8
BLACK
6
CONTINUOUS
10
0.4302844094488189
20
0.2951527165354331
11
0.4301283464566929
21
0.294904842519685
0
LINE
8
BLACK
6
CONTINUOUS
10
0.4301283464566929
20
0.294904842519685
11
0.4300985433070866
21
0.2948327952755905
0
LINE
8
BLACK
6
CONTINUOUS
10
0.4300985433070866
20
0.2948327952755905
11
0.4300320078740157
21
0.2947517716535433
0
LINE
8
BLACK
6
CONTINUOUS
10
0.4300320078740157
20
0.2947517716535433
11
0.429976062992126
21
0.2946628346456693
0
LINE
8
BLACK
6
CONTINUOUS
10
0.429976062992126
20
0.2946628346456693
11
0.4299170472440945
21
0.2946116929133858
0
LINE
8
BLACK
6
CONTINUOUS
10
0.4299170472440945
20
0.2946116929133858
11
0.4297312992125984
21
0.2943853149606299
0
LINE
8
BLACK
6
CONTINUOUS
10
0.4297312992125984
20
0.2943853149606299
11
0.4278565748031496
21
0.2925105511811024
0
LINE
8
BLACK
6
CONTINUOUS
10
0.4278565748031496
20
0.2925105511811024
11
0.4276301968503937
21
0.2923248031496063
0
LINE
8
BLACK
6
CONTINUOUS
10
0.4276301968503937
20
0.2923248031496063
11
0.4275790157480315
21
0.2922657480314961
0
LINE
8
BLACK
6
CONTINUOUS
10
0.4275790157480315
20
0.2922657480314961
11
0.4274900393700787
21
0.2922097637795276
0
LINE
8
BLACK
6
CONTINUOUS
10
0.4274900393700787
20
0.2922097637795276
11
0.427409094488189
21
0.2921433070866142
0
LINE
8
BLACK
6
CONTINUOUS
10
0.427409094488189
20
0.2921433070866142
11
0.4273371259842519
21
0.2921135039370079
0
LINE
8
BLACK
6
CONTINUOUS
10
0.4273371259842519
20
0.2921135039370079
11
0.4270891338582677
21
0.2919574015748032
0
LINE
8
BLACK
6
CONTINUOUS
10
0.4270891338582677
20
0.2919574015748032
11
0.4233396062992126
21
0.2900826377952756
0
LINE
8
BLACK
6
CONTINUOUS
10
0.4233396062992126
20
0.2900826377952756
11
0.4227989763779528
21
0.2898757480314961
0
LINE
8
BLACK
6
CONTINUOUS
10
0.4227989763779528
20
0.2898757480314961
11
0.4226931496062992
21
0.2898682677165354
0
LINE
8
BLACK
6
CONTINUOUS
10
0.4226931496062992
20
0.2898682677165354
11
0.422595157480315
21
0.2898276377952756
0
LINE
8
BLACK
6
CONTINUOUS
10
0.422595157480315
20
0.2898276377952756
11
0.422019094488189
21
0.289770905511811
0
LINE
8
BLACK
6
CONTINUOUS
10
0.422019094488189
20
0.289770905511811
11
0.4182695669291339
21
0.289770905511811
0
LINE
8
BLACK
6
CONTINUOUS
10
0.4182695669291339
20
0.289770905511811
11
0.4176935039370079
21
0.2898276377952756
0
LINE
8
BLACK
6
CONTINUOUS
10
0.4176935039370079
20
0.2898276377952756
11
0.4175955118110236
21
0.2898682283464567
0
LINE
8
BLACK
6
CONTINUOUS
10
0.4175955118110236
20
0.2898682283464567
11
0.4174896456692913
21
0.2898757480314961
0
LINE
8
BLACK
6
CONTINUOUS
10
0.4174896456692913
20
0.2898757480314961
11
0.4169490551181102
21
0.2900826377952756
0
LINE
8
BLACK
6
CONTINUOUS
10
0.4169490551181102
20
0.2900826377952756
11
0.4131995275590551
21
0.2919574015748032
0
LINE
8
BLACK
6
CONTINUOUS
10
0.4131995275590551
20
0.2919574015748032
11
0.4129514960629921
21
0.2921135039370079
0
LINE
8
BLACK
6
CONTINUOUS
10
0.4129514960629921
20
0.2921135039370079
11
0.4128795669291339
21
0.2921433070866142
0
LINE
8
BLACK
6
CONTINUOUS
10
0.4128795669291339
20
0.2921433070866142
11
0.4127985826771653
21
0.2922097637795276
0
LINE
8
BLACK
6
CONTINUOUS
10
0.4127985826771653
20
0.2922097637795276
11
0.4127096456692913
21
0.2922657480314961
0
LINE
8
BLACK
6
CONTINUOUS
10
0.4127096456692913
20
0.2922657480314961
11
0.4126584251968504
21
0.2923248031496063
0
LINE
8
BLACK
6
CONTINUOUS
10
0.4126584251968504
20
0.2923248031496063
11
0.4124320866141732
21
0.2925105511811024
0
LINE
8
BLACK
6
CONTINUOUS
10
0.4124320866141732
20
0.2925105511811024
11
0.4105573228346456
21
0.2943853543307087
0
LINE
8
BLACK
6
CONTINUOUS
10
0.4105573228346456
20
0.2943853543307087
11
0.4103715748031496
21
0.2946116929133858
0
LINE
8
BLACK
6
CONTINUOUS
10
0.4103715748031496
20
0.2946116929133858
11
0.4103125984251969
21
0.2946628346456693
0
LINE
8
BLACK
6
CONTINUOUS
10
0.4103125984251969
20
0.2946628346456693
11
0.4102566141732283
21
0.2947517716535433
0
LINE
8
BLACK
6
CONTINUOUS
10
0.4102566141732283
20
0.2947517716535433
11
0.4101901181102362
21
0.2948327952755905
0
LINE
8
BLACK
6
CONTINUOUS
10
0.4101901181102362
20
0.2948327952755905
11
0.4101602755905512
21
0.294904842519685
0
LINE
8
BLACK
6
CONTINUOUS
10
0.4101602755905512
20
0.294904842519685
11
0.4100042519685039
21
0.2951527165354331
0
LINE
8
BLACK
6
CONTINUOUS
10
0.4100042519685039
20
0.2951527165354331
11
0.4081294881889764
21
0.2989022440944882
0
LINE
8
BLACK
6
CONTINUOUS
10
0.4081294881889764
20
0.2989022440944882
11
0.4081133464566929
21
0.2989443700787401
0
LINE
8
BLACK
6
CONTINUOUS
10
0.4081133464566929
20
0.2989443700787401
11
0.4081006692913386
21
0.2989614960629921
0
LINE
8
BLACK
6
CONTINUOUS
10
0.4081006692913386
20
0.2989614960629921
11
0.4080142125984252
21
0.2992034645669291
0
LINE
8
BLACK
6
CONTINUOUS
10
0.4080142125984252
20
0.2992034645669291
11
0.4079225984251968
21
0.299442874015748
0
LINE
8
BLACK
6
CONTINUOUS
10
0.4079225984251968
20
0.299442874015748
11
0.407921062992126
21
0.2994641338582677
0
LINE
8
BLACK
6
CONTINUOUS
10
0.407921062992126
20
0.2994641338582677
11
0.407905905511811
21
0.2995066141732283
0
LINE
8
BLACK
6
CONTINUOUS
10
0.407905905511811
20
0.2995066141732283
11
0.4060311417322834
21
0.3070056692913386
0
LINE
8
BLACK
6
CONTINUOUS
10
0.4060311417322834
20
0.3070056692913386
11
0.4060163385826772
21
0.3071055511811023
0
LINE
8
BLACK
6
CONTINUOUS
10
0.4060163385826772
20
0.3071055511811023
11
0.4059997244094488
21
0.3071457480314961
0
LINE
8
BLACK
6
CONTINUOUS
10
0.4059997244094488
20
0.3071457480314961
11
0.4059783464566929
21
0.3073627952755905
0
LINE
8
BLACK
6
CONTINUOUS
10
0.4059783464566929
20
0.3073627952755905
11
0.4059464960629921
21
0.3075782677165354
0
LINE
8
BLACK
6
CONTINUOUS
10
0.4059464960629921
20
0.3075782677165354
11
0.405952874015748
21
0.3076212992125984
0
LINE
8
BLACK
6
CONTINUOUS
10
0.405952874015748
20
0.3076212992125984
11
0.4059429921259842
21
0.3077218110236221
0
LINE
8
BLACK
6
CONTINUOUS
10
0.4059429921259842
20
0.3077218110236221
11
0.4059429921259842
21
0.3170956299212598
0
LINE
8
BLACK
6
CONTINUOUS
10
0.4059429921259842
20
0.3170956299212598
11
0.405952874015748
21
0.3171961811023622
0
LINE
8
BLACK
6
CONTINUOUS
10
0.405952874015748
20
0.3171961811023622
11
0.4059464960629921
21
0.3172391732283464
0
LINE
8
BLACK
6
CONTINUOUS
10
0.4059464960629921
20
0.3172391732283464
11
0.4059783464566929
21
0.3174546850393701
0
LINE
8
BLACK
6
CONTINUOUS
10
0.4059783464566929
20
0.3174546850393701
11
0.4059997244094488
21
0.3176716929133858
0
LINE
8
BLACK
6
CONTINUOUS
10
0.4059997244094488
20
0.3176716929133858
11
0.4060163385826772
21
0.3177119291338583
0
LINE
8
BLACK
6
CONTINUOUS
10
0.4060163385826772
20
0.3177119291338583
11
0.4060311417322834
21
0.3178117716535433
0
LINE
8
BLACK
6
CONTINUOUS
10
0.4060311417322834
20
0.3178117716535433
11
0.407905905511811
21
0.3253108267716535
0
LINE
8
BLACK
6
CONTINUOUS
10
0.407905905511811
20
0.3253108267716535
11
0.407921062992126
21
0.3253533464566929
0
LINE
8
BLACK
6
CONTINUOUS
10
0.407921062992126
20
0.3253533464566929
11
0.4079225984251968
21
0.3253745669291339
0
LINE
8
BLACK
6
CONTINUOUS
10
0.4079225984251968
20
0.3253745669291339
11
0.4080142125984252
21
0.3256140157480315
0
LINE
8
BLACK
6
CONTINUOUS
10
0.4080142125984252
20
0.3256140157480315
11
0.4081006692913386
21
0.3258559448818897
0
LINE
8
BLACK
6
CONTINUOUS
10
0.4081006692913386
20
0.3258559448818897
11
0.4081133464566929
21
0.3258731102362205
0
LINE
8
BLACK
6
CONTINUOUS
10
0.4081133464566929
20
0.3258731102362205
11
0.4081294881889764
21
0.3259151968503937
0
LINE
8
BLACK
6
CONTINUOUS
10
0.4081294881889764
20
0.3259151968503937
11
0.4100042519685039
21
0.3296647244094488
0
LINE
8
BLACK
6
CONTINUOUS
10
0.4100042519685039
20
0.3296647244094488
11
0.4101603149606299
21
0.3299127559055118
0
LINE
8
BLACK
6
CONTINUOUS
10
0.4101603149606299
20
0.3299127559055118
11
0.410190157480315
21
0.3299846850393701
0
LINE
8
BLACK
6
CONTINUOUS
10
0.410190157480315
20
0.3299846850393701
11
0.4102566141732283
21
0.3300656692913386
0
LINE
8
BLACK
6
CONTINUOUS
10
0.4102566141732283
20
0.3300656692913386
11
0.4103125984251969
21
0.3301546062992126
0
LINE
8
BLACK
6
CONTINUOUS
10
0.4103125984251969
20
0.3301546062992126
11
0.4103715748031496
21
0.3302057874015748
0
LINE
8
BLACK
6
CONTINUOUS
10
0.4103715748031496
20
0.3302057874015748
11
0.4105573622047244
21
0.330432125984252
0
LINE
8
BLACK
6
CONTINUOUS
10
0.4105573622047244
20
0.330432125984252
11
0.4124321259842519
21
0.3323068897637795
0
LINE
8
BLACK
6
CONTINUOUS
10
0.4124321259842519
20
0.3323068897637795
11
0.4126584645669291
21
0.3324926771653543
0
LINE
8
BLACK
6
CONTINUOUS
10
0.4126584645669291
20
0.3324926771653543
11
0.4127096456692913
21
0.3325516535433071
0
LINE
8
BLACK
6
CONTINUOUS
10
0.4127096456692913
20
0.3325516535433071
11
0.4127985826771653
21
0.3326076377952756
0
LINE
8
BLACK
6
CONTINUOUS
10
0.4127985826771653
20
0.3326076377952756
11
0.4128795669291339
21
0.332674094488189
0
LINE
8
BLACK
6
CONTINUOUS
10
0.4128795669291339
20
0.332674094488189
11
0.4129514960629921
21
0.332703937007874
0
LINE
8
BLACK
6
CONTINUOUS
10
0.4129514960629921
20
0.332703937007874
11
0.4131995275590551
21
0.33286
0
LINE
8
BLACK
6
CONTINUOUS
10
0.4131995275590551
20
0.33286
11
0.4169490551181102
21
0.3347347637795275
0
LINE
8
BLACK
6
CONTINUOUS
10
0.4169490551181102
20
0.3347347637795275
11
0.4174896456692913
21
0.3349416535433071
0
LINE
8
BLACK
6
CONTINUOUS
10
0.4174896456692913
20
0.3349416535433071
11
0.4175955118110236
21
0.3349492125984252
0
LINE
8
BLACK
6
CONTINUOUS
10
0.4175955118110236
20
0.3349492125984252
11
0.4176935039370079
21
0.3349897637795275
0
LINE
8
BLACK
6
CONTINUOUS
10
0.4176935039370079
20
0.3349897637795275
11
0.4182695669291339
21
0.3350464960629921
0
LINE
8
BLACK
6
CONTINUOUS
10
0.4182695669291339
20
0.3350464960629921
11
0.422019094488189
21
0.3350464960629921
0
LINE
8
BLACK
6
CONTINUOUS
10
0.422019094488189
20
0.3350464960629921
11
0.422595157480315
21
0.3349897637795275
0
LINE
8
BLACK
6
CONTINUOUS
10
0.4162691338582677
20
0.3277922440944882
11
0.4150720078740157
21
0.3265951181102362
0
LINE
8
BLACK
6
CONTINUOUS
10
0.4150720078740157
20
0.3265951181102362
11
0.4135564960629921
21
0.3235641338582677
0
LINE
8
BLACK
6
CONTINUOUS
10
0.4135564960629921
20
0.3235641338582677
11
0.4118485039370078
21
0.3167320866141732
0
LINE
8
BLACK
6
CONTINUOUS
10
0.4118485039370078
20
0.3167320866141732
11
0.4118485039370078
21
0.3080853543307087
0
LINE
8
BLACK
6
CONTINUOUS
10
0.4118485039370078
20
0.3080853543307087
11
0.4135564960629921
21
0.3012533070866142
0
LINE
8
BLACK
6
CONTINUOUS
10
0.4135564960629921
20
0.3012533070866142
11
0.4150720078740157
21
0.2982223228346457
0
LINE
8
BLACK
6
CONTINUOUS
10
0.4150720078740157
20
0.2982223228346457
11
0.4162691338582677
21
0.2970251574803149
0
LINE
8
BLACK
6
CONTINUOUS
10
0.4162691338582677
20
0.2970251574803149
11
0.4189666141732283
21
0.2956764173228346
0
LINE
8
BLACK
6
CONTINUOUS
10
0.4189666141732283
20
0.2956764173228346
11
0.4213220472440945
21
0.2956764173228346
0
LINE
8
BLACK
6
CONTINUOUS
10
0.4213220472440945
20
0.2956764173228346
11
0.4240194881889764
21
0.2970251574803149
0
LINE
8
BLACK
6
CONTINUOUS
10
0.4240194881889764
20
0.2970251574803149
11
0.4252166141732283
21
0.2982223228346457
0
LINE
8
BLACK
6
CONTINUOUS
10
0.4252166141732283
20
0.2982223228346457
11
0.426732125984252
21
0.3012533070866142
0
LINE
8
BLACK
6
CONTINUOUS
10
0.426732125984252
20
0.3012533070866142
11
0.4284401574803149
21
0.3080853543307087
0
LINE
8
BLACK
6
CONTINUOUS
10
0.4284401574803149
20
0.3080853543307087
11
0.4284401574803149
21
0.3167320866141732
0
LINE
8
BLACK
6
CONTINUOUS
10
0.4284401574803149
20
0.3167320866141732
11
0.426732125984252
21
0.3235641338582677
0
LINE
8
BLACK
6
CONTINUOUS
10
0.426732125984252
20
0.3235641338582677
11
0.4252166535433071
21
0.3265951181102362
0
LINE
8
BLACK
6
CONTINUOUS
10
0.4252166535433071
20
0.3265951181102362
11
0.4240195275590551
21
0.3277922440944882
0
LINE
8
BLACK
6
CONTINUOUS
10
0.4240195275590551
20
0.3277922440944882
11
0.4213220472440945
21
0.3291409842519685
0
LINE
8
BLACK
6
CONTINUOUS
10
0.4213220472440945
20
0.3291409842519685
11
0.4189666141732283
21
0.3291409842519685
0
LINE
8
BLACK
6
CONTINUOUS
10
0.4189666141732283
20
0.3291409842519685
11
0.4162691338582677
21
0.3277922440944882
0
LINE
8
BLACK
6
CONTINUOUS
10
0.5763259448818897
20
0.3349897637795275
11
0.5773903543307086
21
0.3345488582677165
0
LINE
8
BLACK
6
CONTINUOUS
10
0.5773903543307086
20
0.3345488582677165
11
0.578205
21
0.3337342125984252
0
LINE
8
BLACK
6
CONTINUOUS
10
0.578205
20
0.3337342125984252
11
0.5786459055118111
21
0.3326698031496063
0
LINE
8
BLACK
6
CONTINUOUS
10
0.5786459055118111
20
0.3326698031496063
11
0.5786459055118111
21
0.3315176771653543
0
LINE
8
BLACK
6
CONTINUOUS
10
0.5786459055118111
20
0.3315176771653543
11
0.578205
21
0.3304532677165354
0
LINE
8
BLACK
6
CONTINUOUS
10
0.578205
20
0.3304532677165354
11
0.5773903543307086
21
0.3296386220472441
0
LINE
8
BLACK
6
CONTINUOUS
10
0.5773903543307086
20
0.3296386220472441
11
0.5763259448818897
21
0.3291977165354331
0
LINE
8
BLACK
6
CONTINUOUS
10
0.5763259448818897
20
0.3291977165354331
11
0.5757498818897637
21
0.3291409842519685
0
LINE
8
BLACK
6
CONTINUOUS
10
0.5757498818897637
20
0.3291409842519685
11
0.568947874015748
21
0.3291409842519685
0
LINE
8
BLACK
6
CONTINUOUS
10
0.568947874015748
20
0.3291409842519685
11
0.5662503937007873
21
0.3277922440944882
0
LINE
8
BLACK
6
CONTINUOUS
10
0.5662503937007873
20
0.3277922440944882
11
0.5649211811023622
21
0.3264630708661417
0
LINE
8
BLACK
6
CONTINUOUS
10
0.5649211811023622
20
0.3264630708661417
11
0.5616175590551181
21
0.3215075984251968
0
LINE
8
BLACK
6
CONTINUOUS
10
0.5616175590551181
20
0.3215075984251968
11
0.5608882677165354
21
0.3185903937007874
0
LINE
8
BLACK
6
CONTINUOUS
10
0.5608882677165354
20
0.3185903937007874
11
0.5631807874015748
21
0.3197366535433071
0
LINE
8
BLACK
6
CONTINUOUS
10
0.5631807874015748
20
0.3197366535433071
11
0.5637213779527559
21
0.3199435433070866
0
LINE
8
BLACK
6
CONTINUOUS
10
0.5637213779527559
20
0.3199435433070866
11
0.5638272440944881
21
0.3199511023622047
0
LINE
8
BLACK
6
CONTINUOUS
10
0.5638272440944881
20
0.3199511023622047
11
0.5639252362204724
21
0.3199916535433071
0
LINE
8
BLACK
6
CONTINUOUS
10
0.5639252362204724
20
0.3199916535433071
11
0.5645012992125984
21
0.3200483858267716
0
LINE
8
BLACK
6
CONTINUOUS
10
0.5645012992125984
20
0.3200483858267716
11
0.5720003543307086
21
0.3200483858267716
0
LINE
8
BLACK
6
CONTINUOUS
10
0.5720003543307086
20
0.3200483858267716
11
0.5725764173228346
21
0.3199916535433071
0
LINE
8
BLACK
6
CONTINUOUS
10
0.5725764173228346
20
0.3199916535433071
11
0.5726744094488189
21
0.319951062992126
0
LINE
8
BLACK
6
CONTINUOUS
10
0.5726744094488189
20
0.319951062992126
11
0.5727802362204725
21
0.3199435433070866
0
LINE
8
BLACK
6
CONTINUOUS
10
0.5727802362204725
20
0.3199435433070866
11
0.5733208661417323
21
0.3197366535433071
0
LINE
8
BLACK
6
CONTINUOUS
10
0.5733208661417323
20
0.3197366535433071
11
0.5770703937007874
21
0.3178618897637795
0
LINE
8
BLACK
6
CONTINUOUS
10
0.5770703937007874
20
0.3178618897637795
11
0.5773183858267716
21
0.3177058267716535
0
LINE
8
BLACK
6
CONTINUOUS
10
0.5773183858267716
20
0.3177058267716535
11
0.5773903543307086
21
0.3176759842519685
0
LINE
8
BLACK
6
CONTINUOUS
10
0.5773903543307086
20
0.3176759842519685
11
0.5774712992125984
21
0.3176095275590551
0
LINE
8
BLACK
6
CONTINUOUS
10
0.5774712992125984
20
0.3176095275590551
11
0.5775602755905511
21
0.3175535433070866
0
LINE
8
BLACK
6
CONTINUOUS
10
0.5775602755905511
20
0.3175535433070866
11
0.5776114173228346
21
0.3174945669291339
0
LINE
8
BLACK
6
CONTINUOUS
10
0.5776114173228346
20
0.3174945669291339
11
0.5778377952755905
21
0.317308779527559
0
LINE
8
BLACK
6
CONTINUOUS
10
0.5778377952755905
20
0.317308779527559
11
0.5797125590551181
21
0.3154340157480315
0
LINE
8
BLACK
6
CONTINUOUS
10
0.5797125590551181
20
0.3154340157480315
11
0.5798983070866142
21
0.3152076771653543
0
LINE
8
BLACK
6
CONTINUOUS
10
0.5798983070866142
20
0.3152076771653543
11
0.5799573228346456
21
0.3151564960629921
0
LINE
8
BLACK
6
CONTINUOUS
10
0.5799573228346456
20
0.3151564960629921
11
0.5800132677165354
21
0.3150675590551181
0
LINE
8
BLACK
6
CONTINUOUS
10
0.5800132677165354
20
0.3150675590551181
11
0.5800797637795275
21
0.3149865748031496
0
LINE
8
BLACK
6
CONTINUOUS
10
0.5800797637795275
20
0.3149865748031496
11
0.5801095669291338
21
0.3149146456692913
0
LINE
8
BLACK
6
CONTINUOUS
10
0.5801095669291338
20
0.3149146456692913
11
0.5802656692913386
21
0.3146666141732283
0
LINE
8
BLACK
6
CONTINUOUS
10
0.5802656692913386
20
0.3146666141732283
11
0.5821404330708662
21
0.3109170866141732
0
LINE
8
BLACK
6
CONTINUOUS
10
0.5821404330708662
20
0.3109170866141732
11
0.5823473228346456
21
0.3103764960629921
0
LINE
8
BLACK
6
CONTINUOUS
10
0.5823473228346456
20
0.3103764960629921
11
0.5823548425196851
21
0.3102706299212598
0
LINE
8
BLACK
6
CONTINUOUS
10
0.5823548425196851
20
0.3102706299212598
11
0.5823954330708662
21
0.3101726377952756
0
LINE
8
BLACK
6
CONTINUOUS
10
0.5823954330708662
20
0.3101726377952756
11
0.5824521653543306
21
0.3095965748031496
0
LINE
8
BLACK
6
CONTINUOUS
10
0.5824521653543306
20
0.3095965748031496
11
0.5824521653543306
21
0.3002227559055118
0
LINE
8
BLACK
6
CONTINUOUS
10
0.5824521653543306
20
0.3002227559055118
11
0.5823954330708662
21
0.2996466929133858
0
LINE
8
BLACK
6
CONTINUOUS
10
0.5823954330708662
20
0.2996466929133858
11
0.5823548425196851
21
0.2995487401574803
0
LINE
8
BLACK
6
CONTINUOUS
10
0.5823548425196851
20
0.2995487401574803
11
0.5823473228346456
21
0.2994428346456693
0
LINE
8
BLACK
6
CONTINUOUS
10
0.5823473228346456
20
0.2994428346456693
11
0.5821404330708662
21
0.2989022440944882
0
LINE
8
BLACK
6
CONTINUOUS
10
0.5821404330708662
20
0.2989022440944882
11
0.5802656692913386
21
0.2951527165354331
0
LINE
8
BLACK
6
CONTINUOUS
10
0.5802656692913386
20
0.2951527165354331
11
0.5801096062992126
21
0.294904842519685
0
LINE
8
BLACK
6
CONTINUOUS
10
0.5801096062992126
20
0.294904842519685
11
0.5800798031496063
21
0.2948327952755905
0
LINE
8
BLACK
6
CONTINUOUS
10
0.5800798031496063
20
0.2948327952755905
11
0.5800132677165354
21
0.2947517716535433
0
LINE
8
BLACK
6
CONTINUOUS
10
0.5800132677165354
20
0.2947517716535433
11
0.5799573228346456
21
0.2946628346456693
0
LINE
8
BLACK
6
CONTINUOUS
10
0.5799573228346456
20
0.2946628346456693
11
0.5798983070866142
21
0.2946116929133858
0
LINE
8
BLACK
6
CONTINUOUS
10
0.5798983070866142
20
0.2946116929133858
11
0.5797125590551181
21
0.2943853149606299
0
LINE
8
BLACK
6
CONTINUOUS
10
0.5797125590551181
20
0.2943853149606299
11
0.5778378346456693
21
0.2925105511811024
0
LINE
8
BLACK
6
CONTINUOUS
10
0.5778378346456693
20
0.2925105511811024
11
0.5776114566929134
21
0.2923248031496063
0
LINE
8
BLACK
6
CONTINUOUS
10
0.5776114566929134
20
0.2923248031496063
11
0.5775602755905511
21
0.2922657480314961
0
LINE
8
BLACK
6
CONTINUOUS
10
0.5775602755905511
20
0.2922657480314961
11
0.5774712992125984
21
0.2922097637795276
0
LINE
8
BLACK
6
CONTINUOUS
10
0.5774712992125984
20
0.2922097637795276
11
0.5773903543307086
21
0.2921433070866142
0
LINE
8
BLACK
6
CONTINUOUS
10
0.5773903543307086
20
0.2921433070866142
11
0.5773183858267716
21
0.2921135039370079
0
LINE
8
BLACK
6
CONTINUOUS
10
0.5773183858267716
20
0.2921135039370079
11
0.5770703937007874
21
0.2919574015748032
0
LINE
8
BLACK
6
CONTINUOUS
10
0.5770703937007874
20
0.2919574015748032
11
0.5733208661417323
21
0.2900826377952756
0
LINE
8
BLACK
6
CONTINUOUS
10
0.5733208661417323
20
0.2900826377952756
11
0.5727802362204725
21
0.2898757480314961
0
LINE
8
BLACK
6
CONTINUOUS
10
0.5727802362204725
20
0.2898757480314961
11
0.5726744094488189
21
0.2898682677165354
0
LINE
8
BLACK
6
CONTINUOUS
10
0.5726744094488189
20
0.2898682677165354
11
0.5725764173228346
21
0.2898276377952756
0
LINE
8
BLACK
6
CONTINUOUS
10
0.5725764173228346
20
0.2898276377952756
11
0.5720003543307086
21
0.289770905511811
0
LINE
8
BLACK
6
CONTINUOUS
10
0.5720003543307086
20
0.289770905511811
11
0.5645012992125984
21
0.289770905511811
0
LINE
8
BLACK
6
CONTINUOUS
10
0.5645012992125984
20
0.289770905511811
11
0.5639252362204724
21
0.2898276377952756
0
LINE
8
BLACK
6
CONTINUOUS
10
0.5639252362204724
20
0.2898276377952756
11
0.5638272440944881
21
0.2898682283464567
0
LINE
8
BLACK
6
CONTINUOUS
10
0.5638272440944881
20
0.2898682283464567
11
0.5637213779527559
21
0.2898757480314961
0
LINE
8
BLACK
6
CONTINUOUS
10
0.5637213779527559
20
0.2898757480314961
11
0.5631807874015748
21
0.2900826377952756
0
LINE
8
BLACK
6
CONTINUOUS
10
0.5631807874015748
20
0.2900826377952756
11
0.5594312598425196
21
0.2919574015748032
0
LINE
8
BLACK
6
CONTINUOUS
10
0.5594312598425196
20
0.2919574015748032
11
0.5591832283464567
21
0.2921135039370079
0
LINE
8
BLACK
6
CONTINUOUS
10
0.5591832283464567
20
0.2921135039370079
11
0.5591112992125984
21
0.2921433070866142
0
LINE
8
BLACK
6
CONTINUOUS
10
0.5591112992125984
20
0.2921433070866142
11
0.5590303149606299
21
0.2922097637795276
0
LINE
8
BLACK
6
CONTINUOUS
10
0.5590303149606299
20
0.2922097637795276
11
0.5589413779527559
21
0.2922657480314961
0
LINE
8
BLACK
6
CONTINUOUS
10
0.5589413779527559
20
0.2922657480314961
11
0.5588901574803149
21
0.2923248031496063
0
LINE
8
BLACK
6
CONTINUOUS
10
0.5588901574803149
20
0.2923248031496063
11
0.5586638188976378
21
0.2925105511811024
0
LINE
8
BLACK
6
CONTINUOUS
10
0.5586638188976378
20
0.2925105511811024
11
0.5567890551181103
21
0.2943853543307087
0
LINE
8
BLACK
6
CONTINUOUS
10
0.5567890551181103
20
0.2943853543307087
11
0.5566033070866142
21
0.2946116929133858
0
LINE
8
BLACK
6
CONTINUOUS
10
0.5566033070866142
20
0.2946116929133858
11
0.5565443307086614
21
0.2946628346456693
0
LINE
8
BLACK
6
CONTINUOUS
10
0.5565443307086614
20
0.2946628346456693
11
0.5564883464566929
21
0.2947517716535433
0
LINE
8
BLACK
6
CONTINUOUS
10
0.5564883464566929
20
0.2947517716535433
11
0.5564218503937007
21
0.2948327952755905
0
LINE
8
BLACK
6
CONTINUOUS
10
0.5564218503937007
20
0.2948327952755905
11
0.5563920078740158
21
0.294904842519685
0
LINE
8
BLACK
6
CONTINUOUS
10
0.5563920078740158
20
0.294904842519685
11
0.5562359842519685
21
0.2951527165354331
0
LINE
8
BLACK
6
CONTINUOUS
10
0.5562359842519685
20
0.2951527165354331
11
0.554361220472441
21
0.2989022440944882
0
LINE
8
BLACK
6
CONTINUOUS
10
0.554361220472441
20
0.2989022440944882
11
0.5541543307086614
21
0.299442874015748
0
LINE
8
BLACK
6
CONTINUOUS
10
0.5541543307086614
20
0.299442874015748
11
0.5541468110236221
21
0.2995487007874016
0
LINE
8
BLACK
6
CONTINUOUS
10
0.5541468110236221
20
0.2995487007874016
11
0.554106220472441
21
0.2996466929133858
0
LINE
8
BLACK
6
CONTINUOUS
10
0.554106220472441
20
0.2996466929133858
11
0.5540494881889764
21
0.3002227559055118
0
LINE
8
BLACK
6
CONTINUOUS
10
0.5540494881889764
20
0.3002227559055118
11
0.5540494881889764
21
0.3152208661417323
0
LINE
8
BLACK
6
CONTINUOUS
10
0.5540494881889764
20
0.3152208661417323
11
0.5540593700787402
21
0.3153214173228346
0
LINE
8
BLACK
6
CONTINUOUS
10
0.5540593700787402
20
0.3153214173228346
11
0.5540529921259842
21
0.3153644094488189
0
LINE
8
BLACK
6
CONTINUOUS
10
0.5540529921259842
20
0.3153644094488189
11
0.554084842519685
21
0.3155799212598425
0
LINE
8
BLACK
6
CONTINUOUS
10
0.554084842519685
20
0.3155799212598425
11
0.554106220472441
21
0.3157969291338583
0
LINE
8
BLACK
6
CONTINUOUS
10
0.554106220472441
20
0.3157969291338583
11
0.5541228346456692
21
0.3158371653543307
0
LINE
8
BLACK
6
CONTINUOUS
10
0.5541228346456692
20
0.3158371653543307
11
0.5541376377952756
21
0.3159370078740157
0
LINE
8
BLACK
6
CONTINUOUS
10
0.5541376377952756
20
0.3159370078740157
11
0.5560124015748031
21
0.323436062992126
0
LINE
8
BLACK
6
CONTINUOUS
10
0.5560124015748031
20
0.323436062992126
11
0.5561336614173228
21
0.3237755511811024
0
LINE
8
BLACK
6
CONTINUOUS
10
0.5561336614173228
20
0.3237755511811024
11
0.5561478346456693
21
0.3238470472440945
0
LINE
8
BLACK
6
CONTINUOUS
10
0.5561478346456693
20
0.3238470472440945
11
0.5561824015748031
21
0.3239119291338582
0
LINE
8
BLACK
6
CONTINUOUS
10
0.5561824015748031
20
0.3239119291338582
11
0.5562071653543307
21
0.3239811811023622
0
LINE
8
BLACK
6
CONTINUOUS
10
0.5562071653543307
20
0.3239811811023622
11
0.5562505905511811
21
0.3240398031496063
0
LINE
8
BLACK
6
CONTINUOUS
10
0.5562505905511811
20
0.3240398031496063
11
0.5564201574803149
21
0.3243578346456693
0
LINE
8
BLACK
6
CONTINUOUS
10
0.5564201574803149
20
0.3243578346456693
11
0.56016968503937
21
0.329982125984252
0
LINE
8
BLACK
6
CONTINUOUS
10
0.56016968503937
20
0.329982125984252
11
0.5601710236220472
21
0.3299838188976378
0
LINE
8
BLACK
6
CONTINUOUS
10
0.5601710236220472
20
0.3299838188976378
11
0.5601714173228346
21
0.3299846850393701
0
LINE
8
BLACK
6
CONTINUOUS
10
0.5601714173228346
20
0.3299846850393701
11
0.5603481102362204
21
0.3302
0
LINE
8
BLACK
6
CONTINUOUS
10
0.5603481102362204
20
0.3302
11
0.5605364566929134
21
0.3304299606299212
0
LINE
8
BLACK
6
CONTINUOUS
10
0.5605364566929134
20
0.3304299606299212
11
0.5605372834645669
21
0.3304305511811024
0
LINE
8
BLACK
6
CONTINUOUS
10
0.5605372834645669
20
0.3304305511811024
11
0.560538622047244
21
0.330432125984252
0
LINE
8
BLACK
6
CONTINUOUS
10
0.560538622047244
20
0.330432125984252
11
0.5624133858267717
21
0.3323068897637795
0
LINE
8
BLACK
6
CONTINUOUS
10
0.5624133858267717
20
0.3323068897637795
11
0.5626397244094488
21
0.3324926771653543
0
LINE
8
BLACK
6
CONTINUOUS
10
0.5626397244094488
20
0.3324926771653543
11
0.562690905511811
21
0.3325516535433071
0
LINE
8
BLACK
6
CONTINUOUS
10
0.562690905511811
20
0.3325516535433071
11
0.562779842519685
21
0.3326076377952756
0
LINE
8
BLACK
6
CONTINUOUS
10
0.562779842519685
20
0.3326076377952756
11
0.5628608267716535
21
0.332674094488189
0
LINE
8
BLACK
6
CONTINUOUS
10
0.5628608267716535
20
0.332674094488189
11
0.5629327559055118
21
0.332703937007874
0
LINE
8
BLACK
6
CONTINUOUS
10
0.5629327559055118
20
0.332703937007874
11
0.5631807874015748
21
0.33286
0
LINE
8
BLACK
6
CONTINUOUS
10
0.5631807874015748
20
0.33286
11
0.56693031496063
21
0.3347347637795275
0
LINE
8
BLACK
6
CONTINUOUS
10
0.56693031496063
20
0.3347347637795275
11
0.567470905511811
21
0.3349416535433071
0
LINE
8
BLACK
6
CONTINUOUS
10
0.567470905511811
20
0.3349416535433071
11
0.5675767716535433
21
0.3349492125984252
0
LINE
8
BLACK
6
CONTINUOUS
10
0.5675767716535433
20
0.3349492125984252
11
0.5676747637795275
21
0.3349897637795275
0
LINE
8
BLACK
6
CONTINUOUS
10
0.5676747637795275
20
0.3349897637795275
11
0.5682508267716535
21
0.3350464960629921
0
LINE
8
BLACK
6
CONTINUOUS
10
0.5682508267716535
20
0.3350464960629921
11
0.5757498818897637
21
0.3350464960629921
0
LINE
8
BLACK
6
CONTINUOUS
10
0.5757498818897637
20
0.3350464960629921
11
0.5763259448818897
21
0.3349897637795275
0
LINE
8
BLACK
6
CONTINUOUS
10
0.5625008661417322
20
0.3127941338582677
11
0.5613037401574803
21
0.3115970078740157
0
LINE
8
BLACK
6
CONTINUOUS
10
0.5613037401574803
20
0.3115970078740157
11
0.559955
21
0.3088995275590551
0
LINE
8
BLACK
6
CONTINUOUS
10
0.559955
20
0.3088995275590551
11
0.559955
21
0.3009198031496063
0
LINE
8
BLACK
6
CONTINUOUS
10
0.559955
20
0.3009198031496063
11
0.5613037401574803
21
0.2982223228346457
0
LINE
8
BLACK
6
CONTINUOUS
10
0.5613037401574803
20
0.2982223228346457
11
0.5625008661417322
21
0.2970251574803149
0
LINE
8
BLACK
6
CONTINUOUS
10
0.5625008661417322
20
0.2970251574803149
11
0.5651983464566929
21
0.2956764173228346
0
LINE
8
BLACK
6
CONTINUOUS
10
0.5651983464566929
20
0.2956764173228346
11
0.5713033070866141
21
0.2956764173228346
0
LINE
8
BLACK
6
CONTINUOUS
10
0.5713033070866141
20
0.2956764173228346
11
0.574000748031496
21
0.2970251574803149
0
LINE
8
BLACK
6
CONTINUOUS
10
0.574000748031496
20
0.2970251574803149
11
0.5751978740157481
21
0.2982223228346457
0
LINE
8
BLACK
6
CONTINUOUS
10
0.5751978740157481
20
0.2982223228346457
11
0.576546653543307
21
0.3009198031496063
0
LINE
8
BLACK
6
CONTINUOUS
10
0.576546653543307
20
0.3009198031496063
11
0.576546653543307
21
0.3088995275590551
0
LINE
8
BLACK
6
CONTINUOUS
10
0.576546653543307
20
0.3088995275590551
11
0.5751979133858267
21
0.3115970078740157
0
LINE
8
BLACK
6
CONTINUOUS
10
0.5751979133858267
20
0.3115970078740157
11
0.5740007874015748
21
0.3127941338582677
0
LINE
8
BLACK
6
CONTINUOUS
10
0.5740007874015748
20
0.3127941338582677
11
0.5713033070866141
21
0.314142874015748
0
LINE
8
BLACK
6
CONTINUOUS
10
0.5713033070866141
20
0.314142874015748
11
0.5651983464566929
21
0.314142874015748
0
LINE
8
BLACK
6
CONTINUOUS
10
0.5651983464566929
20
0.314142874015748
11
0.5625008661417322
21
0.3127941338582677
0
LINE
8
BLACK
6
CONTINUOUS
10
0.6172993700787401
20
0.3350164960629921
11
0.6173768503937008
21
0.3350216535433071
0
LINE
8
BLACK
6
CONTINUOUS
10
0.6173768503937008
20
0.3350216535433071
11
0.6174301968503937
21
0.3350036220472441
0
LINE
8
BLACK
6
CONTINUOUS
10
0.6174301968503937
20
0.3350036220472441
11
0.6175707874015748
21
0.3349897637795275
0
LINE
8
BLACK
6
CONTINUOUS
10
0.6175707874015748
20
0.3349897637795275
11
0.6180139763779527
21
0.3348061811023622
0
LINE
8
BLACK
6
CONTINUOUS
10
0.6180139763779527
20
0.3348061811023622
11
0.6184682283464566
21
0.3346525590551181
0
LINE
8
BLACK
6
CONTINUOUS
10
0.6184682283464566
20
0.3346525590551181
11
0.6185431889763779
21
0.3345870078740157
0
LINE
8
BLACK
6
CONTINUOUS
10
0.6185431889763779
20
0.3345870078740157
11
0.6186351968503937
21
0.3345488582677165
0
LINE
8
BLACK
6
CONTINUOUS
10
0.6186351968503937
20
0.3345488582677165
11
0.6189741732283465
21
0.3342098818897637
0
LINE
8
BLACK
6
CONTINUOUS
10
0.6189741732283465
20
0.3342098818897637
11
0.6193353149606299
21
0.3338938976377953
0
LINE
8
BLACK
6
CONTINUOUS
10
0.6193353149606299
20
0.3338938976377953
11
0.6193794881889764
21
0.3338045669291339
0
LINE
8
BLACK
6
CONTINUOUS
10
0.6193794881889764
20
0.3338045669291339
11
0.619449842519685
21
0.3337342125984252
0
LINE
8
BLACK
6
CONTINUOUS
10
0.619449842519685
20
0.3337342125984252
11
0.6196333070866141
21
0.3332912992125984
0
LINE
8
BLACK
6
CONTINUOUS
10
0.6196333070866141
20
0.3332912992125984
11
0.6198460236220472
21
0.3328611417322835
0
LINE
8
BLACK
6
CONTINUOUS
10
0.6198460236220472
20
0.3328611417322835
11
0.6198526377952756
21
0.3327618110236221
0
LINE
8
BLACK
6
CONTINUOUS
10
0.6198526377952756
20
0.3327618110236221
11
0.619890748031496
21
0.3326698031496063
0
LINE
8
BLACK
6
CONTINUOUS
10
0.619890748031496
20
0.3326698031496063
11
0.619890748031496
21
0.3321901181102362
0
LINE
8
BLACK
6
CONTINUOUS
10
0.619890748031496
20
0.3321901181102362
11
0.6199226377952756
21
0.3317116141732284
0
LINE
8
BLACK
6
CONTINUOUS
10
0.6199226377952756
20
0.3317116141732284
11
0.619890748031496
21
0.3316173228346457
0
LINE
8
BLACK
6
CONTINUOUS
10
0.619890748031496
20
0.3316173228346457
11
0.619890748031496
21
0.3315176771653543
0
LINE
8
BLACK
6
CONTINUOUS
10
0.619890748031496
20
0.3315176771653543
11
0.6197071259842519
21
0.3310744881889764
0
LINE
8
BLACK
6
CONTINUOUS
10
0.6197071259842519
20
0.3310744881889764
11
0.6195535433070866
21
0.3306202362204724
0
LINE
8
BLACK
6
CONTINUOUS
10
0.6195535433070866
20
0.3306202362204724
11
0.6194714173228346
21
0.3305053937007874
0
LINE
8
BLACK
6
CONTINUOUS
10
0.6194714173228346
20
0.3305053937007874
11
0.619449842519685
21
0.3304532677165354
0
LINE
8
BLACK
6
CONTINUOUS
10
0.619449842519685
20
0.3304532677165354
11
0.6193948818897638
21
0.3303983464566929
0
LINE
8
BLACK
6
CONTINUOUS
10
0.6193948818897638
20
0.3303983464566929
11
0.6192168897637795
21
0.3301493307086614
0
LINE
8
BLACK
6
CONTINUOUS
10
0.6192168897637795
20
0.3301493307086614
11
0.6102839763779527
21
0.3199403149606299
0
LINE
8
BLACK
6
CONTINUOUS
10
0.6102839763779527
20
0.3199403149606299
11
0.6108161811023622
21
0.3197366535433071
0
LINE
8
BLACK
6
CONTINUOUS
10
0.6108161811023622
20
0.3197366535433071
11
0.6145657086614174
21
0.3178618897637795
0
LINE
8
BLACK
6
CONTINUOUS
10
0.6145657086614174
20
0.3178618897637795
11
0.6148137007874016
21
0.3177058267716535
0
LINE
8
BLACK
6
CONTINUOUS
10
0.6148137007874016
20
0.3177058267716535
11
0.6148856692913386
21
0.3176759842519685
0
LINE
8
BLACK
6
CONTINUOUS
10
0.6148856692913386
20
0.3176759842519685
11
0.6149666141732283
21
0.3176095275590551
0
LINE
8
BLACK
6
CONTINUOUS
10
0.6149666141732283
20
0.3176095275590551
11
0.6150555905511811
21
0.3175535433070866
0
LINE
8
BLACK
6
CONTINUOUS
10
0.6150555905511811
20
0.3175535433070866
11
0.6151067322834646
21
0.3174945669291339
0
LINE
8
BLACK
6
CONTINUOUS
10
0.6151067322834646
20
0.3174945669291339
11
0.6153331102362205
21
0.317308779527559
0
LINE
8
BLACK
6
CONTINUOUS
10
0.6153331102362205
20
0.317308779527559
11
0.6172078740157481
21
0.3154340157480315
0
LINE
8
BLACK
6
CONTINUOUS
10
0.6172078740157481
20
0.3154340157480315
11
0.6173936220472441
21
0.3152076771653543
0
LINE
8
BLACK
6
CONTINUOUS
10
0.6173936220472441
20
0.3152076771653543
11
0.6174526377952756
21
0.3151564960629921
0
LINE
8
BLACK
6
CONTINUOUS
10
0.6174526377952756
20
0.3151564960629921
11
0.6175085826771654
21
0.3150675590551181
0
LINE
8
BLACK
6
CONTINUOUS
10
0.6175085826771654
20
0.3150675590551181
11
0.6175750787401575
21
0.3149865748031496
0
LINE
8
BLACK
6
CONTINUOUS
10
0.6175750787401575
20
0.3149865748031496
11
0.6176048818897638
21
0.3149146456692913
0
LINE
8
BLACK
6
CONTINUOUS
10
0.6176048818897638
20
0.3149146456692913
11
0.6177609842519685
21
0.3146666141732283
0
LINE
8
BLACK
6
CONTINUOUS
10
0.6177609842519685
20
0.3146666141732283
11
0.619635748031496
21
0.3109170866141732
0
LINE
8
BLACK
6
CONTINUOUS
10
0.619635748031496
20
0.3109170866141732
11
0.6198426377952756
21
0.3103764960629921
0
LINE
8
BLACK
6
CONTINUOUS
10
0.6198426377952756
20
0.3103764960629921
11
0.6198501574803149
21
0.3102706299212598
0
LINE
8
BLACK
6
CONTINUOUS
10
0.6198501574803149
20
0.3102706299212598
11
0.619890748031496
21
0.3101726377952756
0
LINE
8
BLACK
6
CONTINUOUS
10
0.619890748031496
20
0.3101726377952756
11
0.6199474803149606
21
0.3095965748031496
0
LINE
8
BLACK
6
CONTINUOUS
10
0.6199474803149606
20
0.3095965748031496
11
0.6199474803149606
21
0.3002227559055118
0
LINE
8
BLACK
6
CONTINUOUS
10
0.6199474803149606
20
0.3002227559055118
11
0.619890748031496
21
0.2996466929133858
0
LINE
8
BLACK
6
CONTINUOUS
10
0.619890748031496
20
0.2996466929133858
11
0.6198501574803149
21
0.2995487401574803
0
LINE
8
BLACK
6
CONTINUOUS
10
0.6198501574803149
20
0.2995487401574803
11
0.6198426377952756
21
0.2994428346456693
0
LINE
8
BLACK
6
CONTINUOUS
10
0.6198426377952756
20
0.2994428346456693
11
0.619635748031496
21
0.2989022440944882
0
LINE
8
BLACK
6
CONTINUOUS
10
0.619635748031496
20
0.2989022440944882
11
0.6177609842519685
21
0.2951527165354331
0
LINE
8
BLACK
6
CONTINUOUS
10
0.6177609842519685
20
0.2951527165354331
11
0.6176049212598425
21
0.294904842519685
0
LINE
8
BLACK
6
CONTINUOUS
10
0.6176049212598425
20
0.294904842519685
11
0.6175751181102362
21
0.2948327952755905
0
LINE
8
BLACK
6
CONTINUOUS
10
0.6175751181102362
20
0.2948327952755905
11
0.6175085826771654
21
0.2947517716535433
0
LINE
8
BLACK
6
CONTINUOUS
10
0.6175085826771654
20
0.2947517716535433
11
0.6174526377952756
21
0.2946628346456693
0
LINE
8
BLACK
6
CONTINUOUS
10
0.6174526377952756
20
0.2946628346456693
11
0.6173936220472441
21
0.2946116929133858
0
LINE
8
BLACK
6
CONTINUOUS
10
0.6173936220472441
20
0.2946116929133858
11
0.6172078740157481
21
0.2943853149606299
0
LINE
8
BLACK
6
CONTINUOUS
10
0.6172078740157481
20
0.2943853149606299
11
0.6153331496062991
21
0.2925105511811024
0
LINE
8
BLACK
6
CONTINUOUS
10
0.6153331496062991
20
0.2925105511811024
11
0.6151067716535433
21
0.2923248031496063
0
LINE
8
BLACK
6
CONTINUOUS
10
0.6151067716535433
20
0.2923248031496063
11
0.6150555905511811
21
0.2922657480314961
0
LINE
8
BLACK
6
CONTINUOUS
10
0.6150555905511811
20
0.2922657480314961
11
0.6149666141732283
21
0.2922097637795276
0
LINE
8
BLACK
6
CONTINUOUS
10
0.6149666141732283
20
0.2922097637795276
11
0.6148856692913386
21
0.2921433070866142
0
LINE
8
BLACK
6
CONTINUOUS
10
0.6148856692913386
20
0.2921433070866142
11
0.6148137007874016
21
0.2921135039370079
0
LINE
8
BLACK
6
CONTINUOUS
10
0.6148137007874016
20
0.2921135039370079
11
0.6145657086614174
21
0.2919574015748032
0
LINE
8
BLACK
6
CONTINUOUS
10
0.6145657086614174
20
0.2919574015748032
11
0.6108161811023622
21
0.2900826377952756
0
LINE
8
BLACK
6
CONTINUOUS
10
0.6108161811023622
20
0.2900826377952756
11
0.6102755511811023
21
0.2898757480314961
0
LINE
8
BLACK
6
CONTINUOUS
10
0.6102755511811023
20
0.2898757480314961
11
0.6101697244094488
21
0.2898682677165354
0
LINE
8
BLACK
6
CONTINUOUS
10
0.6101697244094488
20
0.2898682677165354
11
0.6100717322834646
21
0.2898276377952756
0
LINE
8
BLACK
6
CONTINUOUS
10
0.6100717322834646
20
0.2898276377952756
11
0.6094956692913386
21
0.289770905511811
0
LINE
8
BLACK
6
CONTINUOUS
10
0.6094956692913386
20
0.289770905511811
11
0.5982470866141733
21
0.289770905511811
0
LINE
8
BLACK
6
CONTINUOUS
10
0.5982470866141733
20
0.289770905511811
11
0.5976710236220473
21
0.2898276377952756
0
LINE
8
BLACK
6
CONTINUOUS
10
0.5976710236220473
20
0.2898276377952756
11
0.597573031496063
21
0.2898682283464567
0
LINE
8
BLACK
6
CONTINUOUS
10
0.597573031496063
20
0.2898682283464567
11
0.5974671653543306
21
0.2898757480314961
0
LINE
8
BLACK
6
CONTINUOUS
10
0.5974671653543306
20
0.2898757480314961
11
0.5969265748031496
21
0.2900826377952756
0
LINE
8
BLACK
6
CONTINUOUS
10
0.5969265748031496
20
0.2900826377952756
11
0.5931770472440945
21
0.2919574015748032
0
LINE
8
BLACK
6
CONTINUOUS
10
0.5931770472440945
20
0.2919574015748032
11
0.5929290157480315
21
0.2921135039370079
0
LINE
8
BLACK
6
CONTINUOUS
10
0.5929290157480315
20
0.2921135039370079
11
0.5928570866141732
21
0.2921433070866142
0
LINE
8
BLACK
6
CONTINUOUS
10
0.5928570866141732
20
0.2921433070866142
11
0.5927761023622047
21
0.2922097637795276
0
LINE
8
BLACK
6
CONTINUOUS
10
0.5927761023622047
20
0.2922097637795276
11
0.5926871653543307
21
0.2922657480314961
0
LINE
8
BLACK
6
CONTINUOUS
10
0.5926871653543307
20
0.2922657480314961
11
0.5926359448818898
21
0.2923248031496063
0
LINE
8
BLACK
6
CONTINUOUS
10
0.5926359448818898
20
0.2923248031496063
11
0.5924096062992126
21
0.2925105511811024
0
LINE
8
BLACK
6
CONTINUOUS
10
0.5924096062992126
20
0.2925105511811024
11
0.590534842519685
21
0.2943853543307087
0
LINE
8
BLACK
6
CONTINUOUS
10
0.590534842519685
20
0.2943853543307087
11
0.5901676377952756
21
0.2948327952755905
0
LINE
8
BLACK
6
CONTINUOUS
10
0.5901676377952756
20
0.2948327952755905
11
0.5897267716535433
21
0.2958972047244094
0
LINE
8
BLACK
6
CONTINUOUS
10
0.5897267716535433
20
0.2958972047244094
11
0.5897267716535433
21
0.2970492913385827
0
LINE
8
BLACK
6
CONTINUOUS
10
0.5897267716535433
20
0.2970492913385827
11
0.5901676771653543
21
0.2981137007874016
0
LINE
8
BLACK
6
CONTINUOUS
10
0.5901676771653543
20
0.2981137007874016
11
0.5909823622047244
21
0.2989283858267717
0
LINE
8
BLACK
6
CONTINUOUS
10
0.5909823622047244
20
0.2989283858267717
11
0.5920467716535432
21
0.2993692519685039
0
LINE
8
BLACK
6
CONTINUOUS
10
0.5920467716535432
20
0.2993692519685039
11
0.5931988582677166
21
0.2993692519685039
0
LINE
8
BLACK
6
CONTINUOUS
10
0.5931988582677166
20
0.2993692519685039
11
0.5942632677165354
21
0.2989283464566929
0
LINE
8
BLACK
6
CONTINUOUS
10
0.5942632677165354
20
0.2989283464566929
11
0.594710748031496
21
0.2985611023622047
0
LINE
8
BLACK
6
CONTINUOUS
10
0.594710748031496
20
0.2985611023622047
11
0.5962466535433071
21
0.2970251574803149
0
LINE
8
BLACK
6
CONTINUOUS
10
0.5962466535433071
20
0.2970251574803149
11
0.5989441338582677
21
0.2956764173228346
0
LINE
8
BLACK
6
CONTINUOUS
10
0.5989441338582677
20
0.2956764173228346
11
0.6087986220472441
21
0.2956764173228346
0
LINE
8
BLACK
6
CONTINUOUS
10
0.6087986220472441
20
0.2956764173228346
11
0.611496062992126
21
0.2970251574803149
0
LINE
8
BLACK
6
CONTINUOUS
10
0.611496062992126
20
0.2970251574803149
11
0.6126931889763779
21
0.2982223228346457
0
LINE
8
BLACK
6
CONTINUOUS
10
0.6126931889763779
20
0.2982223228346457
11
0.614041968503937
21
0.3009198031496063
0
LINE
8
BLACK
6
CONTINUOUS
10
0.614041968503937
20
0.3009198031496063
11
0.614041968503937
21
0.3088995275590551
0
LINE
8
BLACK
6
CONTINUOUS
10
0.614041968503937
20
0.3088995275590551
11
0.6126932283464567
21
0.3115970078740157
0
LINE
8
BLACK
6
CONTINUOUS
10
0.6126932283464567
20
0.3115970078740157
11
0.6114961023622048
21
0.3127941338582677
0
LINE
8
BLACK
6
CONTINUOUS
10
0.6114961023622048
20
0.3127941338582677
11
0.6087986220472441
21
0.314142874015748
0
LINE
8
BLACK
6
CONTINUOUS
10
0.6087986220472441
20
0.314142874015748
11
0.6038713779527559
21
0.314142874015748
0
LINE
8
BLACK
6
CONTINUOUS
10
0.6038713779527559
20
0.314142874015748
11
0.6035666929133858
21
0.3141729133858268
0
LINE
8
BLACK
6
CONTINUOUS
10
0.6035666929133858
20
0.3141729133858268
11
0.6034892519685039
21
0.3141677165354331
0
LINE
8
BLACK
6
CONTINUOUS
10
0.6034892519685039
20
0.3141677165354331
11
0.6034358661417323
21
0.3141857874015748
0
LINE
8
BLACK
6
CONTINUOUS
10
0.6034358661417323
20
0.3141857874015748
11
0.6032953149606299
21
0.3141996062992126
0
LINE
8
BLACK
6
CONTINUOUS
10
0.6032953149606299
20
0.3141996062992126
11
0.6028520866141732
21
0.3143832283464567
0
LINE
8
BLACK
6
CONTINUOUS
10
0.6028520866141732
20
0.3143832283464567
11
0.6023978740157481
21
0.314536811023622
0
LINE
8
BLACK
6
CONTINUOUS
10
0.6023978740157481
20
0.314536811023622
11
0.602322874015748
21
0.3146024015748031
0
LINE
8
BLACK
6
CONTINUOUS
10
0.602322874015748
20
0.3146024015748031
11
0.602230905511811
21
0.3146405118110236
0
LINE
8
BLACK
6
CONTINUOUS
10
0.602230905511811
20
0.3146405118110236
11
0.6018918897637795
21
0.3149795275590551
0
LINE
8
BLACK
6
CONTINUOUS
10
0.6018918897637795
20
0.3149795275590551
11
0.6015307874015748
21
0.3152954724409449
0
LINE
8
BLACK
6
CONTINUOUS
10
0.6015307874015748
20
0.3152954724409449
11
0.6014865748031496
21
0.315384842519685
0
LINE
8
BLACK
6
CONTINUOUS
10
0.6014865748031496
20
0.315384842519685
11
0.6014162598425197
21
0.3154551574803149
0
LINE
8
BLACK
6
CONTINUOUS
10
0.6014162598425197
20
0.3154551574803149
11
0.6012327559055118
21
0.3158981102362204
0
LINE
8
BLACK
6
CONTINUOUS
10
0.6012327559055118
20
0.3158981102362204
11
0.6010200787401575
21
0.3163282283464567
0
LINE
8
BLACK
6
CONTINUOUS
10
0.6010200787401575
20
0.3163282283464567
11
0.6010134251968504
21
0.3164275984251969
0
LINE
8
BLACK
6
CONTINUOUS
10
0.6010134251968504
20
0.3164275984251969
11
0.6009753543307087
21
0.3165195669291339
0
LINE
8
BLACK
6
CONTINUOUS
10
0.6009753543307087
20
0.3165195669291339
11
0.6009753543307087
21
0.3169992913385827
0
LINE
8
BLACK
6
CONTINUOUS
10
0.6009753543307087
20
0.3169992913385827
11
0.6009434645669292
21
0.3174777559055118
0
LINE
8
BLACK
6
CONTINUOUS
10
0.6009434645669292
20
0.3174777559055118
11
0.6009753543307087
21
0.3175720866141732
0
LINE
8
BLACK
6
CONTINUOUS
10
0.6009753543307087
20
0.3175720866141732
11
0.6009753543307087
21
0.3176716929133858
0
LINE
8
BLACK
6
CONTINUOUS
10
0.6009753543307087
20
0.3176716929133858
11
0.601158937007874
21
0.3181149212598425
0
LINE
8
BLACK
6
CONTINUOUS
10
0.601158937007874
20
0.3181149212598425
11
0.601312559055118
21
0.3185691338582677
0
LINE
8
BLACK
6
CONTINUOUS
10
0.601312559055118
20
0.3185691338582677
11
0.6013946456692914
21
0.3186840157480315
0
LINE
8
BLACK
6
CONTINUOUS
10
0.6013946456692914
20
0.3186840157480315
11
0.6014162598425197
21
0.3187361023622047
0
LINE
8
BLACK
6
CONTINUOUS
10
0.6014162598425197
20
0.3187361023622047
11
0.6014711811023622
21
0.318791062992126
0
LINE
8
BLACK
6
CONTINUOUS
10
0.6014711811023622
20
0.318791062992126
11
0.6016492125984252
21
0.3190400393700787
0
LINE
8
BLACK
6
CONTINUOUS
10
0.6016492125984252
20
0.3190400393700787
11
0.6104875590551181
21
0.3291409842519685
0
LINE
8
BLACK
6
CONTINUOUS
10
0.6104875590551181
20
0.3291409842519685
11
0.5926227952755906
21
0.3291409842519685
0
LINE
8
BLACK
6
CONTINUOUS
10
0.5926227952755906
20
0.3291409842519685
11
0.5920467322834646
21
0.3291977165354331
0
LINE
8
BLACK
6
CONTINUOUS
10
0.5920467322834646
20
0.3291977165354331
11
0.5909823228346457
21
0.3296386220472441
0
LINE
8
BLACK
6
CONTINUOUS
10
0.5909823228346457
20
0.3296386220472441
11
0.5901676771653543
21
0.3304532677165354
0
LINE
8
BLACK
6
CONTINUOUS
10
0.5901676771653543
20
0.3304532677165354
11
0.5897267716535433
21
0.3315176771653543
0
LINE
8
BLACK
6
CONTINUOUS
10
0.5897267716535433
20
0.3315176771653543
11
0.5897267716535433
21
0.3326698031496063
0
LINE
8
BLACK
6
CONTINUOUS
10
0.5897267716535433
20
0.3326698031496063
11
0.5901676771653543
21
0.3337342125984252
0
LINE
8
BLACK
6
CONTINUOUS
10
0.5901676771653543
20
0.3337342125984252
11
0.5909823228346457
21
0.3345488582677165
0
LINE
8
BLACK
6
CONTINUOUS
10
0.5909823228346457
20
0.3345488582677165
11
0.5920467322834646
21
0.3349897637795275
0
LINE
8
BLACK
6
CONTINUOUS
10
0.5920467322834646
20
0.3349897637795275
11
0.5926227952755906
21
0.3350464960629921
0
LINE
8
BLACK
6
CONTINUOUS
10
0.5926227952755906
20
0.3350464960629921
11
0.6169947244094488
21
0.3350464960629921
0
LINE
8
BLACK
6
CONTINUOUS
10
0.6169947244094488
20
0.3350464960629921
11
0.6172993700787401
21
0.3350164960629921
0
LINE
8
BLACK
6
CONTINUOUS
10
0.6559523228346457
20
0.3346589763779527
11
0.656822716535433
21
0.333904094488189
0
LINE
8
BLACK
6
CONTINUOUS
10
0.656822716535433
20
0.333904094488189
11
0.6573379133858268
21
0.3328736220472441
0
LINE
8
BLACK
6
CONTINUOUS
10
0.6573379133858268
20
0.3328736220472441
11
0.6574196062992126
21
0.3317244094488189
0
LINE
8
BLACK
6
CONTINUOUS
10
0.6574196062992126
20
0.3317244094488189
11
0.6572912598425197
21
0.33116
0
LINE
8
BLACK
6
CONTINUOUS
10
0.6572912598425197
20
0.33116
11
0.6441679133858268
21
0.2917899212598425
0
LINE
8
BLACK
6
CONTINUOUS
10
0.6441679133858268
20
0.2917899212598425
11
0.6439319291338582
21
0.2912613385826772
0
LINE
8
BLACK
6
CONTINUOUS
10
0.6439319291338582
20
0.2912613385826772
11
0.6437936614173229
21
0.291101968503937
0
LINE
8
BLACK
6
CONTINUOUS
10
0.6437936614173229
20
0.291101968503937
11
0.6436993700787401
21
0.2909133070866142
0
LINE
8
BLACK
6
CONTINUOUS
10
0.6436993700787401
20
0.2909133070866142
11
0.6434196850393701
21
0.2906707480314961
0
LINE
8
BLACK
6
CONTINUOUS
10
0.6434196850393701
20
0.2906707480314961
11
0.6431770472440945
21
0.2903909842519685
0
LINE
8
BLACK
6
CONTINUOUS
10
0.6431770472440945
20
0.2903909842519685
11
0.6429883070866141
21
0.2902966535433071
0
LINE
8
BLACK
6
CONTINUOUS
10
0.6429883070866141
20
0.2902966535433071
11
0.6428289763779528
21
0.2901584251968504
0
LINE
8
BLACK
6
CONTINUOUS
10
0.6428289763779528
20
0.2901584251968504
11
0.6424777165354331
21
0.2900413779527559
0
LINE
8
BLACK
6
CONTINUOUS
10
0.6424777165354331
20
0.2900413779527559
11
0.6421466141732284
21
0.2898757874015748
0
LINE
8
BLACK
6
CONTINUOUS
10
0.6421466141732284
20
0.2898757874015748
11
0.6419361811023622
21
0.2898608661417323
0
LINE
8
BLACK
6
CONTINUOUS
10
0.6419361811023622
20
0.2898608661417323
11
0.6417359842519685
21
0.289794094488189
0
LINE
8
BLACK
6
CONTINUOUS
10
0.6417359842519685
20
0.289794094488189
11
0.6413666929133858
21
0.2898203543307086
0
LINE
8
BLACK
6
CONTINUOUS
10
0.6413666929133858
20
0.2898203543307086
11
0.6409974015748031
21
0.289794094488189
0
LINE
8
BLACK
6
CONTINUOUS
10
0.6409974015748031
20
0.289794094488189
11
0.6407971653543307
21
0.2898608661417323
0
LINE
8
BLACK
6
CONTINUOUS
10
0.6407971653543307
20
0.2898608661417323
11
0.6405867716535433
21
0.2898757874015748
0
LINE
8
BLACK
6
CONTINUOUS
10
0.6405867716535433
20
0.2898757874015748
11
0.6402557480314961
21
0.2900413385826772
0
LINE
8
BLACK
6
CONTINUOUS
10
0.6402557480314961
20
0.2900413385826772
11
0.6399043700787401
21
0.2901584251968504
0
LINE
8
BLACK
6
CONTINUOUS
10
0.6399043700787401
20
0.2901584251968504
11
0.6397448818897638
21
0.2902967716535433
0
LINE
8
BLACK
6
CONTINUOUS
10
0.6397448818897638
20
0.2902967716535433
11
0.6395563385826771
21
0.2903910236220472
0
LINE
8
BLACK
6
CONTINUOUS
10
0.6395563385826771
20
0.2903910236220472
11
0.6393138582677165
21
0.2906705905511811
0
LINE
8
BLACK
6
CONTINUOUS
10
0.6393138582677165
20
0.2906705905511811
11
0.6390340157480315
21
0.2909133070866142
0
LINE
8
BLACK
6
CONTINUOUS
10
0.6390340157480315
20
0.2909133070866142
11
0.6389396456692913
21
0.2911020472440945
0
LINE
8
BLACK
6
CONTINUOUS
10
0.6389396456692913
20
0.2911020472440945
11
0.6388014566929133
21
0.2912613779527559
0
LINE
8
BLACK
6
CONTINUOUS
10
0.6388014566929133
20
0.2912613779527559
11
0.6385654724409449
21
0.2917899212598425
0
LINE
8
BLACK
6
CONTINUOUS
10
0.6385654724409449
20
0.2917899212598425
11
0.625442125984252
21
0.33116
0
LINE
8
BLACK
6
CONTINUOUS
10
0.625442125984252
20
0.33116
11
0.6253137795275591
21
0.3317244488188976
0
LINE
8
BLACK
6
CONTINUOUS
10
0.6253137795275591
20
0.3317244488188976
11
0.6253954724409448
21
0.3328736614173228
0
LINE
8
BLACK
6
CONTINUOUS
10
0.6253954724409448
20
0.3328736614173228
11
0.6259106692913385
21
0.333904094488189
0
LINE
8
BLACK
6
CONTINUOUS
10
0.6259106692913385
20
0.333904094488189
11
0.6267810236220472
21
0.3346589763779527
0
LINE
8
BLACK
6
CONTINUOUS
10
0.6267810236220472
20
0.3346589763779527
11
0.6278740551181102
21
0.3350233070866142
0
LINE
8
BLACK
6
CONTINUOUS
10
0.6278740551181102
20
0.3350233070866142
11
0.6290232677165354
21
0.3349416141732283
0
LINE
8
BLACK
6
CONTINUOUS
10
0.6290232677165354
20
0.3349416141732283
11
0.6300537007874015
21
0.3344264173228346
0
LINE
8
BLACK
6
CONTINUOUS
10
0.6300537007874015
20
0.3344264173228346
11
0.6308085826771653
21
0.333556062992126
0
LINE
8
BLACK
6
CONTINUOUS
10
0.6308085826771653
20
0.333556062992126
11
0.6310445669291338
21
0.3330274803149606
0
LINE
8
BLACK
6
CONTINUOUS
10
0.6310445669291338
20
0.3330274803149606
11
0.6413666929133858
21
0.3020611023622047
0
LINE
8
BLACK
6
CONTINUOUS
10
0.6413666929133858
20
0.3020611023622047
11
0.6516888188976377
21
0.3330274803149606
0
LINE
8
BLACK
6
CONTINUOUS
10
0.6516888188976377
20
0.3330274803149606
11
0.6519248031496063
21
0.3335560236220472
0
LINE
8
BLACK
6
CONTINUOUS
10
0.6519248031496063
20
0.3335560236220472
11
0.65267968503937
21
0.3344263779527559
0
LINE
8
BLACK
6
CONTINUOUS
10
0.65267968503937
20
0.3344263779527559
11
0.6537101181102362
21
0.3349416141732283
0
LINE
8
BLACK
6
CONTINUOUS
10
0.6537101181102362
20
0.3349416141732283
11
0.6548593307086614
21
0.3350233070866142
0
LINE
8
BLACK
6
CONTINUOUS
10
0.6548593307086614
20
0.3350233070866142
11
0.6559523228346457
21
0.3346589763779527
0
LINE
8
BLACK
6
CONTINUOUS
10
0.4600904724409449
20
0.3218664173228347
11
0.4601884645669291
21
0.3218258267716536
0
LINE
8
BLACK
6
CONTINUOUS
10
0.4601884645669291
20
0.3218258267716536
11
0.4602942913385827
21
0.3218183070866142
0
LINE
8
BLACK
6
CONTINUOUS
10
0.4602942913385827
20
0.3218183070866142
11
0.4608349212598425
21
0.3216114173228347
0
LINE
8
BLACK
6
CONTINUOUS
10
0.4608349212598425
20
0.3216114173228347
11
0.4645844488188976
21
0.3197366535433071
0
LINE
8
BLACK
6
CONTINUOUS
10
0.4645844488188976
20
0.3197366535433071
11
0.4646807874015748
21
0.3196760236220472
0
LINE
8
BLACK
6
CONTINUOUS
10
0.4646807874015748
20
0.3196760236220472
11
0.4647262204724409
21
0.3196608661417323
0
LINE
8
BLACK
6
CONTINUOUS
10
0.4647262204724409
20
0.3196608661417323
11
0.4647827559055118
21
0.3196118503937008
0
LINE
8
BLACK
6
CONTINUOUS
10
0.4647827559055118
20
0.3196118503937008
11
0.4650743307086614
21
0.3194283070866142
0
LINE
8
BLACK
6
CONTINUOUS
10
0.4650743307086614
20
0.3194283070866142
11
0.4653168897637795
21
0.3191486220472441
0
LINE
8
BLACK
6
CONTINUOUS
10
0.4653168897637795
20
0.3191486220472441
11
0.4655966141732283
21
0.3189060236220472
0
LINE
8
BLACK
6
CONTINUOUS
10
0.4655966141732283
20
0.3189060236220472
11
0.4657801181102362
21
0.3186144881889764
0
LINE
8
BLACK
6
CONTINUOUS
10
0.4657801181102362
20
0.3186144881889764
11
0.4658291732283464
21
0.3185579133858268
0
LINE
8
BLACK
6
CONTINUOUS
10
0.4658291732283464
20
0.3185579133858268
11
0.4658442913385827
21
0.3185125196850394
0
LINE
8
BLACK
6
CONTINUOUS
10
0.4658442913385827
20
0.3185125196850394
11
0.4659049606299213
21
0.3184161417322834
0
LINE
8
BLACK
6
CONTINUOUS
10
0.4659049606299213
20
0.3184161417322834
11
0.4677797244094488
21
0.3146666141732283
0
LINE
8
BLACK
6
CONTINUOUS
10
0.4677797244094488
20
0.3146666141732283
11
0.4679866141732283
21
0.3141260236220472
0
LINE
8
BLACK
6
CONTINUOUS
10
0.4679866141732283
20
0.3141260236220472
11
0.4679941338582677
21
0.314020157480315
0
LINE
8
BLACK
6
CONTINUOUS
10
0.4679941338582677
20
0.314020157480315
11
0.4680347244094488
21
0.3139221653543307
0
LINE
8
BLACK
6
CONTINUOUS
10
0.4680347244094488
20
0.3139221653543307
11
0.4680914566929134
21
0.3133461023622047
0
LINE
8
BLACK
6
CONTINUOUS
10
0.4680914566929134
20
0.3133461023622047
11
0.4680914566929134
21
0.2927236614173228
0
LINE
8
BLACK
6
CONTINUOUS
10
0.4680914566929134
20
0.2927236614173228
11
0.4680347244094488
21
0.2921475984251968
0
LINE
8
BLACK
6
CONTINUOUS
10
0.4680347244094488
20
0.2921475984251968
11
0.4675938188976378
21
0.291083188976378
0
LINE
8
BLACK
6
CONTINUOUS
10
0.4675938188976378
20
0.291083188976378
11
0.4667791732283464
21
0.2902685433070866
0
LINE
8
BLACK
6
CONTINUOUS
10
0.4667791732283464
20
0.2902685433070866
11
0.4657147637795275
21
0.2898276377952756
0
LINE
8
BLACK
6
CONTINUOUS
10
0.4657147637795275
20
0.2898276377952756
11
0.4645626377952756
21
0.2898276377952756
0
LINE
8
BLACK
6
CONTINUOUS
10
0.4645626377952756
20
0.2898276377952756
11
0.4634982283464567
21
0.2902685433070866
0
LINE
8
BLACK
6
CONTINUOUS
10
0.4634982283464567
20
0.2902685433070866
11
0.4626835826771654
21
0.291083188976378
0
LINE
8
BLACK
6
CONTINUOUS
10
0.4626835826771654
20
0.291083188976378
11
0.4622426771653543
21
0.2921475984251968
0
LINE
8
BLACK
6
CONTINUOUS
10
0.4622426771653543
20
0.2921475984251968
11
0.4621859448818897
21
0.2927236614173228
0
LINE
8
BLACK
6
CONTINUOUS
10
0.4621859448818897
20
0.2927236614173228
11
0.4621859448818897
21
0.3126490551181103
0
LINE
8
BLACK
6
CONTINUOUS
10
0.4621859448818897
20
0.3126490551181103
11
0.4610630708661417
21
0.3148948031496063
0
LINE
8
BLACK
6
CONTINUOUS
10
0.4610630708661417
20
0.3148948031496063
11
0.4588173622047244
21
0.3160176377952756
0
LINE
8
BLACK
6
CONTINUOUS
10
0.4588173622047244
20
0.3160176377952756
11
0.4545871653543307
21
0.3160176377952756
0
LINE
8
BLACK
6
CONTINUOUS
10
0.4545871653543307
20
0.3160176377952756
11
0.45188968503937
21
0.3146688976377953
0
LINE
8
BLACK
6
CONTINUOUS
10
0.45188968503937
20
0.3146688976377953
11
0.4512185826771654
21
0.3139977952755905
0
LINE
8
BLACK
6
CONTINUOUS
10
0.4512185826771654
20
0.3139977952755905
11
0.4512185826771654
21
0.2927236614173228
0
LINE
8
BLACK
6
CONTINUOUS
10
0.4512185826771654
20
0.2927236614173228
11
0.4511618503937008
21
0.2921475984251968
0
LINE
8
BLACK
6
CONTINUOUS
10
0.4511618503937008
20
0.2921475984251968
11
0.4507209448818897
21
0.291083188976378
0
LINE
8
BLACK
6
CONTINUOUS
10
0.4507209448818897
20
0.291083188976378
11
0.4499062992125984
21
0.2902685433070866
0
LINE
8
BLACK
6
CONTINUOUS
10
0.4499062992125984
20
0.2902685433070866
11
0.4488418897637795
21
0.2898276377952756
0
LINE
8
BLACK
6
CONTINUOUS
10
0.4488418897637795
20
0.2898276377952756
11
0.4476897637795276
21
0.2898276377952756
0
LINE
8
BLACK
6
CONTINUOUS
10
0.4476897637795276
20
0.2898276377952756
11
0.4466253543307087
21
0.2902685433070866
0
LINE
8
BLACK
6
CONTINUOUS
10
0.4466253543307087
20
0.2902685433070866
11
0.4458107086614173
21
0.291083188976378
0
LINE
8
BLACK
6
CONTINUOUS
10
0.4458107086614173
20
0.291083188976378
11
0.4453698031496063
21
0.2921475984251968
0
LINE
8
BLACK
6
CONTINUOUS
10
0.4453698031496063
20
0.2921475984251968
11
0.4453130708661417
21
0.2927236614173228
0
LINE
8
BLACK
6
CONTINUOUS
10
0.4453130708661417
20
0.2927236614173228
11
0.4453130708661417
21
0.3189703937007874
0
LINE
8
BLACK
6
CONTINUOUS
10
0.4453130708661417
20
0.3189703937007874
11
0.4453698031496063
21
0.3195464566929134
0
LINE
8
BLACK
6
CONTINUOUS
10
0.4453698031496063
20
0.3195464566929134
11
0.4458107086614173
21
0.3206108661417323
0
LINE
8
BLACK
6
CONTINUOUS
10
0.4458107086614173
20
0.3206108661417323
11
0.4466253543307087
21
0.3214255118110236
0
LINE
8
BLACK
6
CONTINUOUS
10
0.4466253543307087
20
0.3214255118110236
11
0.4476897637795276
21
0.3218664173228347
0
LINE
8
BLACK
6
CONTINUOUS
10
0.4476897637795276
20
0.3218664173228347
11
0.4488418897637795
21
0.3218664173228347
0
LINE
8
BLACK
6
CONTINUOUS
10
0.4488418897637795
20
0.3218664173228347
11
0.4499062992125984
21
0.3214255118110236
0
LINE
8
BLACK
6
CONTINUOUS
10
0.4499062992125984
20
0.3214255118110236
11
0.4506701181102362
21
0.3206616929133858
0
LINE
8
BLACK
6
CONTINUOUS
10
0.4506701181102362
20
0.3206616929133858
11
0.4525696062992126
21
0.3216114173228347
0
LINE
8
BLACK
6
CONTINUOUS
10
0.4525696062992126
20
0.3216114173228347
11
0.4531101968503937
21
0.3218183070866142
0
LINE
8
BLACK
6
CONTINUOUS
10
0.4531101968503937
20
0.3218183070866142
11
0.453216062992126
21
0.3218258661417323
0
LINE
8
BLACK
6
CONTINUOUS
10
0.453216062992126
20
0.3218258661417323
11
0.4533140551181102
21
0.3218664173228347
0
LINE
8
BLACK
6
CONTINUOUS
10
0.4533140551181102
20
0.3218664173228347
11
0.4538901181102362
21
0.3219231496062992
0
LINE
8
BLACK
6
CONTINUOUS
10
0.4538901181102362
20
0.3219231496062992
11
0.4595144094488189
21
0.3219231496062992
0
LINE
8
BLACK
6
CONTINUOUS
10
0.4595144094488189
20
0.3219231496062992
11
0.4600904724409449
21
0.3218664173228347
0
LINE
8
BLACK
6
CONTINUOUS
10
0.5032100787401574
20
0.3349897637795275
11
0.5042744881889764
21
0.3345488582677165
0
LINE
8
BLACK
6
CONTINUOUS
10
0.5042744881889764
20
0.3345488582677165
11
0.5050891338582677
21
0.3337342125984252
0
LINE
8
BLACK
6
CONTINUOUS
10
0.5050891338582677
20
0.3337342125984252
11
0.5055300393700787
21
0.3326698031496063
0
LINE
8
BLACK
6
CONTINUOUS
10
0.5055300393700787
20
0.3326698031496063
11
0.5055300393700787
21
0.3315176771653543
0
LINE
8
BLACK
6
CONTINUOUS
10
0.5055300393700787
20
0.3315176771653543
11
0.5050891338582677
21
0.3304532677165354
0
LINE
8
BLACK
6
CONTINUOUS
10
0.5050891338582677
20
0.3304532677165354
11
0.5042744881889764
21
0.3296386220472441
0
LINE
8
BLACK
6
CONTINUOUS
10
0.5042744881889764
20
0.3296386220472441
11
0.5032100787401574
21
0.3291977165354331
0
LINE
8
BLACK
6
CONTINUOUS
10
0.5032100787401574
20
0.3291977165354331
11
0.5026340157480315
21
0.3291409842519685
0
LINE
8
BLACK
6
CONTINUOUS
10
0.5026340157480315
20
0.3291409842519685
11
0.4868391338582677
21
0.3291409842519685
0
LINE
8
BLACK
6
CONTINUOUS
10
0.4868391338582677
20
0.3291409842519685
11
0.4868391338582677
21
0.3162988582677165
0
LINE
8
BLACK
6
CONTINUOUS
10
0.4868391338582677
20
0.3162988582677165
11
0.4970097244094488
21
0.3162988582677165
0
LINE
8
BLACK
6
CONTINUOUS
10
0.4970097244094488
20
0.3162988582677165
11
0.4975857874015748
21
0.3162421259842519
0
LINE
8
BLACK
6
CONTINUOUS
10
0.4975857874015748
20
0.3162421259842519
11
0.4986501968503937
21
0.3158012204724409
0
LINE
8
BLACK
6
CONTINUOUS
10
0.4986501968503937
20
0.3158012204724409
11
0.499464842519685
21
0.3149865748031496
0
LINE
8
BLACK
6
CONTINUOUS
10
0.499464842519685
20
0.3149865748031496
11
0.4999057480314961
21
0.3139221653543307
0
LINE
8
BLACK
6
CONTINUOUS
10
0.4999057480314961
20
0.3139221653543307
11
0.4999057480314961
21
0.3127700393700787
0
LINE
8
BLACK
6
CONTINUOUS
10
0.4999057480314961
20
0.3127700393700787
11
0.499464842519685
21
0.3117056299212598
0
LINE
8
BLACK
6
CONTINUOUS
10
0.499464842519685
20
0.3117056299212598
11
0.4986501968503937
21
0.3108909842519685
0
LINE
8
BLACK
6
CONTINUOUS
10
0.4986501968503937
20
0.3108909842519685
11
0.4975857874015748
21
0.3104500787401575
0
LINE
8
BLACK
6
CONTINUOUS
10
0.4975857874015748
20
0.3104500787401575
11
0.4970097244094488
21
0.3103933464566929
0
LINE
8
BLACK
6
CONTINUOUS
10
0.4970097244094488
20
0.3103933464566929
11
0.4868391338582677
21
0.3103933464566929
0
LINE
8
BLACK
6
CONTINUOUS
10
0.4868391338582677
20
0.3103933464566929
11
0.4868391338582677
21
0.2927236614173228
0
LINE
8
BLACK
6
CONTINUOUS
10
0.4868391338582677
20
0.2927236614173228
11
0.4867824015748031
21
0.2921475984251968
0
LINE
8
BLACK
6
CONTINUOUS
10
0.4867824015748031
20
0.2921475984251968
11
0.4863414960629921
21
0.291083188976378
0
LINE
8
BLACK
6
CONTINUOUS
10
0.4863414960629921
20
0.291083188976378
11
0.4855268503937008
21
0.2902685433070866
0
LINE
8
BLACK
6
CONTINUOUS
10
0.4855268503937008
20
0.2902685433070866
11
0.4844624409448819
21
0.2898276377952756
0
LINE
8
BLACK
6
CONTINUOUS
10
0.4844624409448819
20
0.2898276377952756
11
0.4833103149606299
21
0.2898276377952756
0
LINE
8
BLACK
6
CONTINUOUS
10
0.4833103149606299
20
0.2898276377952756
11
0.482245905511811
21
0.2902685433070866
0
LINE
8
BLACK
6
CONTINUOUS
10
0.482245905511811
20
0.2902685433070866
11
0.4814312598425197
21
0.291083188976378
0
LINE
8
BLACK
6
CONTINUOUS
10
0.4814312598425197
20
0.291083188976378
11
0.4809903543307086
21
0.2921475984251968
0
LINE
8
BLACK
6
CONTINUOUS
10
0.4809903543307086
20
0.2921475984251968
11
0.4809336220472441
21
0.2927236614173228
0
LINE
8
BLACK
6
CONTINUOUS
10
0.4809336220472441
20
0.2927236614173228
11
0.4809336220472441
21
0.3320937401574803
0
LINE
8
BLACK
6
CONTINUOUS
10
0.4809336220472441
20
0.3320937401574803
11
0.4809903543307086
21
0.3326698031496063
0
LINE
8
BLACK
6
CONTINUOUS
10
0.4809903543307086
20
0.3326698031496063
11
0.4814312598425197
21
0.3337342125984252
0
LINE
8
BLACK
6
CONTINUOUS
10
0.4814312598425197
20
0.3337342125984252
11
0.482245905511811
21
0.3345488582677165
0
LINE
8
BLACK
6
CONTINUOUS
10
0.482245905511811
20
0.3345488582677165
11
0.4833103149606299
21
0.3349897637795275
0
LINE
8
BLACK
6
CONTINUOUS
10
0.4833103149606299
20
0.3349897637795275
11
0.4838863779527559
21
0.3350464960629921
0
LINE
8
BLACK
6
CONTINUOUS
10
0.4838863779527559
20
0.3350464960629921
11
0.5026340157480315
21
0.3350464960629921
0
LINE
8
BLACK
6
CONTINUOUS
10
0.5026340157480315
20
0.3350464960629921
11
0.5032100787401574
21
0.3349897637795275
0
LINE
8
BLACK
6
CONTINUOUS
10
0.4868844094488189
20
0.3766588188976378
11
0.4870720472440945
21
0.376635157480315
0
LINE
8
BLACK
6
CONTINUOUS
10
0.4870720472440945
20
0.376635157480315
11
0.4893217322834645
21
0.3758852362204724
0
LINE
8
BLACK
6
CONTINUOUS
10
0.4893217322834645
20
0.3758852362204724
11
0.489373031496063
21
0.3758559842519685
0
LINE
8
BLACK
6
CONTINUOUS
10
0.489373031496063
20
0.3758559842519685
11
0.489400157480315
21
0.3758559842519685
0
LINE
8
BLACK
6
CONTINUOUS
10
0.489400157480315
20
0.3758559842519685
11
0.4895578346456693
21
0.3757506299212598
0
LINE
8
BLACK
6
CONTINUOUS
10
0.4895578346456693
20
0.3757506299212598
11
0.4897220866141732
21
0.3756570078740157
0
LINE
8
BLACK
6
CONTINUOUS
10
0.4897220866141732
20
0.3756570078740157
11
0.4897341338582677
21
0.375632874015748
0
LINE
8
BLACK
6
CONTINUOUS
10
0.4897341338582677
20
0.375632874015748
11
0.4897833858267717
21
0.3755999606299212
0
LINE
8
BLACK
6
CONTINUOUS
10
0.4897833858267717
20
0.3755999606299212
11
0.4905332677165354
21
0.3748500787401575
0
LINE
8
BLACK
6
CONTINUOUS
10
0.4905332677165354
20
0.3748500787401575
11
0.4907893307086614
21
0.3744668897637795
0
LINE
8
BLACK
6
CONTINUOUS
10
0.4907893307086614
20
0.3744668897637795
11
0.4907893700787401
21
0.3735629527559055
0
LINE
8
BLACK
6
CONTINUOUS
10
0.4907893700787401
20
0.3735629527559055
11
0.4901501181102362
21
0.3729237007874016
0
LINE
8
BLACK
6
CONTINUOUS
10
0.4901501181102362
20
0.3729237007874016
11
0.4892462204724409
21
0.3729236614173228
0
LINE
8
BLACK
6
CONTINUOUS
10
0.4892462204724409
20
0.3729236614173228
11
0.4888629921259842
21
0.37317968503937
0
LINE
8
BLACK
6
CONTINUOUS
10
0.4888629921259842
20
0.37317968503937
11
0.488310157480315
21
0.3737324803149606
0
LINE
8
BLACK
6
CONTINUOUS
10
0.488310157480315
20
0.3737324803149606
11
0.4865069291338582
21
0.3743335826771653
0
LINE
8
BLACK
6
CONTINUOUS
10
0.4865069291338582
20
0.3743335826771653
11
0.4853903149606299
21
0.3743335826771653
0
LINE
8
BLACK
6
CONTINUOUS
10
0.4853903149606299
20
0.3743335826771653
11
0.4835870078740158
21
0.3737324803149606
0
LINE
8
BLACK
6
CONTINUOUS
10
0.4835870078740158
20
0.3737324803149606
11
0.4824198818897638
21
0.3725653543307086
0
LINE
8
BLACK
6
CONTINUOUS
10
0.4824198818897638
20
0.3725653543307086
11
0.4818136614173228
21
0.3713529133858268
0
LINE
8
BLACK
6
CONTINUOUS
10
0.4818136614173228
20
0.3713529133858268
11
0.4811304724409449
21
0.368620157480315
0
LINE
8
BLACK
6
CONTINUOUS
10
0.4811304724409449
20
0.368620157480315
11
0.4811304724409449
21
0.3666611811023622
0
LINE
8
BLACK
6
CONTINUOUS
10
0.4811304724409449
20
0.3666611811023622
11
0.4818136220472441
21
0.3639284645669291
0
LINE
8
BLACK
6
CONTINUOUS
10
0.4818136220472441
20
0.3639284645669291
11
0.4824198818897638
21
0.3627159842519685
0
LINE
8
BLACK
6
CONTINUOUS
10
0.4824198818897638
20
0.3627159842519685
11
0.4835869291338583
21
0.361548937007874
0
LINE
8
BLACK
6
CONTINUOUS
10
0.4835869291338583
20
0.361548937007874
11
0.4853904330708662
21
0.3609477559055118
0
LINE
8
BLACK
6
CONTINUOUS
10
0.4853904330708662
20
0.3609477559055118
11
0.486506811023622
21
0.3609477559055118
0
LINE
8
BLACK
6
CONTINUOUS
10
0.486506811023622
20
0.3609477559055118
11
0.4883102755905512
21
0.361548937007874
0
LINE
8
BLACK
6
CONTINUOUS
10
0.4883102755905512
20
0.361548937007874
11
0.4888629921259842
21
0.3621016141732283
0
LINE
8
BLACK
6
CONTINUOUS
10
0.4888629921259842
20
0.3621016141732283
11
0.4892461811023622
21
0.3623576771653543
0
LINE
8
BLACK
6
CONTINUOUS
10
0.4892461811023622
20
0.3623576771653543
11
0.4901501181102362
21
0.3623576771653543
0
LINE
8
BLACK
6
CONTINUOUS
10
0.4901501181102362
20
0.3623576771653543
11
0.4907893700787401
21
0.3617184251968504
0
LINE
8
BLACK
6
CONTINUOUS
10
0.4907893700787401
20
0.3617184251968504
11
0.4907893700787401
21
0.3608144881889764
0
LINE
8
BLACK
6
CONTINUOUS
10
0.4907893700787401
20
0.3608144881889764
11
0.4905333070866142
21
0.3604312992125984
0
LINE
8
BLACK
6
CONTINUOUS
10
0.4905333070866142
20
0.3604312992125984
11
0.4897833858267717
21
0.3596813779527559
0
LINE
8
BLACK
6
CONTINUOUS
10
0.4897833858267717
20
0.3596813779527559
11
0.4897341732283464
21
0.3596485433070866
0
LINE
8
BLACK
6
CONTINUOUS
10
0.4897341732283464
20
0.3596485433070866
11
0.4897220866141732
21
0.3596242913385826
0
LINE
8
BLACK
6
CONTINUOUS
10
0.4897220866141732
20
0.3596242913385826
11
0.4895574409448819
21
0.3595304330708661
0
LINE
8
BLACK
6
CONTINUOUS
10
0.4895574409448819
20
0.3595304330708661
11
0.4894001968503937
21
0.3594253543307087
0
LINE
8
BLACK
6
CONTINUOUS
10
0.4894001968503937
20
0.3594253543307087
11
0.4893731889763779
21
0.3594253543307087
0
LINE
8
BLACK
6
CONTINUOUS
10
0.4893731889763779
20
0.3594253543307087
11
0.4893217322834645
21
0.3593960236220473
0
LINE
8
BLACK
6
CONTINUOUS
10
0.4893217322834645
20
0.3593960236220473
11
0.4870720472440945
21
0.3586461417322834
0
LINE
8
BLACK
6
CONTINUOUS
10
0.4870720472440945
20
0.3586461417322834
11
0.486884094488189
21
0.3586224803149606
0
LINE
8
BLACK
6
CONTINUOUS
10
0.486884094488189
20
0.3586224803149606
11
0.4866985433070866
21
0.3585855511811024
0
LINE
8
BLACK
6
CONTINUOUS
10
0.4866985433070866
20
0.3585855511811024
11
0.4851987007874016
21
0.3585855511811024
0
LINE
8
BLACK
6
CONTINUOUS
10
0.4851987007874016
20
0.3585855511811024
11
0.485013031496063
21
0.3586225196850394
0
LINE
8
BLACK
6
CONTINUOUS
10
0.485013031496063
20
0.3586225196850394
11
0.4848252362204724
21
0.3586461417322834
0
LINE
8
BLACK
6
CONTINUOUS
10
0.4848252362204724
20
0.3586461417322834
11
0.4825754724409449
21
0.3593960236220473
0
LINE
8
BLACK
6
CONTINUOUS
10
0.4825754724409449
20
0.3593960236220473
11
0.4825240157480315
21
0.3594253543307087
0
LINE
8
BLACK
6
CONTINUOUS
10
0.4825240157480315
20
0.3594253543307087
11
0.4824970078740157
21
0.3594253543307087
0
LINE
8
BLACK
6
CONTINUOUS
10
0.4824970078740157
20
0.3594253543307087
11
0.4823396062992126
21
0.3595305118110236
0
LINE
8
BLACK
6
CONTINUOUS
10
0.4823396062992126
20
0.3595305118110236
11
0.4821751181102362
21
0.3596242913385826
0
LINE
8
BLACK
6
CONTINUOUS
10
0.4821751181102362
20
0.3596242913385826
11
0.4821629921259842
21
0.3596485039370079
0
LINE
8
BLACK
6
CONTINUOUS
10
0.4821629921259842
20
0.3596485039370079
11
0.482113779527559
21
0.3596813779527559
0
LINE
8
BLACK
6
CONTINUOUS
10
0.482113779527559
20
0.3596813779527559
11
0.4806140157480315
21
0.3611812204724409
0
LINE
8
BLACK
6
CONTINUOUS
10
0.4806140157480315
20
0.3611812204724409
11
0.480508779527559
21
0.3613387007874015
0
LINE
8
BLACK
6
CONTINUOUS
10
0.480508779527559
20
0.3613387007874015
11
0.4803927559055118
21
0.361488188976378
0
LINE
8
BLACK
6
CONTINUOUS
10
0.4803927559055118
20
0.361488188976378
11
0.479642874015748
21
0.3629879921259843
0
LINE
8
BLACK
6
CONTINUOUS
10
0.479642874015748
20
0.3629879921259843
11
0.4796087007874016
21
0.3631127952755905
0
LINE
8
BLACK
6
CONTINUOUS
10
0.4796087007874016
20
0.3631127952755905
11
0.4795534645669291
21
0.3632297244094488
0
LINE
8
BLACK
6
CONTINUOUS
10
0.4795534645669291
20
0.3632297244094488
11
0.4788035433070866
21
0.3662293307086614
0
LINE
8
BLACK
6
CONTINUOUS
10
0.4788035433070866
20
0.3662293307086614
11
0.4787964960629921
21
0.3663738188976378
0
LINE
8
BLACK
6
CONTINUOUS
10
0.4787964960629921
20
0.3663738188976378
11
0.4787682677165354
21
0.3665157874015748
0
LINE
8
BLACK
6
CONTINUOUS
10
0.4787682677165354
20
0.3665157874015748
11
0.4787682677165354
21
0.3687655118110236
0
LINE
8
BLACK
6
CONTINUOUS
10
0.4787682677165354
20
0.3687655118110236
11
0.4787964960629921
21
0.3689075196850394
0
LINE
8
BLACK
6
CONTINUOUS
10
0.4787964960629921
20
0.3689075196850394
11
0.4788035433070866
21
0.369051968503937
0
LINE
8
BLACK
6
CONTINUOUS
10
0.4788035433070866
20
0.369051968503937
11
0.4795534645669291
21
0.3720516141732284
0
LINE
8
BLACK
6
CONTINUOUS
10
0.4795534645669291
20
0.3720516141732284
11
0.4796087007874016
21
0.3721685826771653
0
LINE
8
BLACK
6
CONTINUOUS
10
0.4796087007874016
20
0.3721685826771653
11
0.479642874015748
21
0.3722933464566929
0
LINE
8
BLACK
6
CONTINUOUS
10
0.479642874015748
20
0.3722933464566929
11
0.4803927559055118
21
0.3737931496062992
0
LINE
8
BLACK
6
CONTINUOUS
10
0.4803927559055118
20
0.3737931496062992
11
0.4805088976377953
21
0.3739427952755905
0
LINE
8
BLACK
6
CONTINUOUS
10
0.4805088976377953
20
0.3739427952755905
11
0.4806140157480315
21
0.3741001181102362
0
LINE
8
BLACK
6
CONTINUOUS
10
0.4806140157480315
20
0.3741001181102362
11
0.482113779527559
21
0.3755999212598425
0
LINE
8
BLACK
6
CONTINUOUS
10
0.482113779527559
20
0.3755999212598425
11
0.4821629527559055
21
0.3756327952755906
0
LINE
8
BLACK
6
CONTINUOUS
10
0.4821629527559055
20
0.3756327952755906
11
0.4821750787401575
21
0.3756570078740157
0
LINE
8
BLACK
6
CONTINUOUS
10
0.4821750787401575
20
0.3756570078740157
11
0.4823396062992126
21
0.3757508267716536
0
LINE
8
BLACK
6
CONTINUOUS
10
0.4823396062992126
20
0.3757508267716536
11
0.4824970078740157
21
0.3758559448818898
0
LINE
8
BLACK
6
CONTINUOUS
10
0.4824970078740157
20
0.3758559448818898
11
0.4825240944881889
21
0.3758559448818898
0
LINE
8
BLACK
6
CONTINUOUS
10
0.4825240944881889
20
0.3758559448818898
11
0.4825754724409449
21
0.3758852362204724
0
LINE
8
BLACK
6
CONTINUOUS
10
0.4825754724409449
20
0.3758852362204724
11
0.4848251968503937
21
0.376635157480315
0
LINE
8
BLACK
6
CONTINUOUS
10
0.4848251968503937
20
0.376635157480315
11
0.4850127952755905
21
0.3766588188976378
0
LINE
8
BLACK
6
CONTINUOUS
10
0.4850127952755905
20
0.3766588188976378
11
0.4851987007874016
21
0.3766957874015748
0
LINE
8
BLACK
6
CONTINUOUS
10
0.4851987007874016
20
0.3766957874015748
11
0.4866985433070866
21
0.3766957874015748
0
LINE
8
BLACK
6
CONTINUOUS
10
0.4866985433070866
20
0.3766957874015748
11
0.4868844094488189
21
0.3766588188976378
0
LINE
8
BLACK
6
CONTINUOUS
10
0.5050255511811024
20
0.3766302755905512
11
0.5050746456692913
21
0.3766335433070866
0
LINE
8
BLACK
6
CONTINUOUS
10
0.5050746456692913
20
0.3766335433070866
11
0.5050938976377952
21
0.3766166929133858
0
LINE
8
BLACK
6
CONTINUOUS
10
0.5050938976377952
20
0.3766166929133858
11
0.5051482677165354
21
0.3766058661417322
0
LINE
8
BLACK
6
CONTINUOUS
10
0.5051482677165354
20
0.3766058661417322
11
0.5054422047244095
21
0.3763119291338582
0
LINE
8
BLACK
6
CONTINUOUS
10
0.5054422047244095
20
0.3763119291338582
11
0.505755
21
0.3760382283464567
0
LINE
8
BLACK
6
CONTINUOUS
10
0.505755
20
0.3760382283464567
11
0.5057577559055118
21
0.3759963779527559
0
LINE
8
BLACK
6
CONTINUOUS
10
0.5057577559055118
20
0.3759963779527559
11
0.5057874409448819
21
0.3759666929133858
0
LINE
8
BLACK
6
CONTINUOUS
10
0.5057874409448819
20
0.3759666929133858
11
0.5057874409448819
21
0.3755515354330708
0
LINE
8
BLACK
6
CONTINUOUS
10
0.5057874409448819
20
0.3755515354330708
11
0.5058151181102362
21
0.3751362992125984
0
LINE
8
BLACK
6
CONTINUOUS
10
0.5058151181102362
20
0.3751362992125984
11
0.5057874409448819
21
0.3750882677165354
0
LINE
8
BLACK
6
CONTINUOUS
10
0.5057874409448819
20
0.3750882677165354
11
0.5057874409448819
21
0.3750626771653543
0
LINE
8
BLACK
6
CONTINUOUS
10
0.5057874409448819
20
0.3750626771653543
11
0.5057527165354331
21
0.3750279921259843
0
LINE
8
BLACK
6
CONTINUOUS
10
0.5057527165354331
20
0.3750279921259843
11
0.5055851181102362
21
0.3747369291338583
0
LINE
8
BLACK
6
CONTINUOUS
10
0.5055851181102362
20
0.3747369291338583
11
0.5019974015748031
21
0.3706367322834646
0
LINE
8
BLACK
6
CONTINUOUS
10
0.5019974015748031
20
0.3706367322834646
11
0.5021486614173228
21
0.3706066141732283
0
LINE
8
BLACK
6
CONTINUOUS
10
0.5021486614173228
20
0.3706066141732283
11
0.5021677952755905
21
0.3705874803149606
0
LINE
8
BLACK
6
CONTINUOUS
10
0.5021677952755905
20
0.3705874803149606
11
0.5022248818897638
21
0.3705718503937008
0
LINE
8
BLACK
6
CONTINUOUS
10
0.5022248818897638
20
0.3705718503937008
11
0.5037246850393701
21
0.3698219291338583
0
LINE
8
BLACK
6
CONTINUOUS
10
0.5037246850393701
20
0.3698219291338583
11
0.5038741338582677
21
0.369705905511811
0
LINE
8
BLACK
6
CONTINUOUS
10
0.5038741338582677
20
0.369705905511811
11
0.5040316141732283
21
0.3696007086614173
0
LINE
8
BLACK
6
CONTINUOUS
10
0.5040316141732283
20
0.3696007086614173
11
0.5047814960629922
21
0.3688508267716535
0
LINE
8
BLACK
6
CONTINUOUS
10
0.5047814960629922
20
0.3688508267716535
11
0.5048866535433071
21
0.3686934645669291
0
LINE
8
BLACK
6
CONTINUOUS
10
0.5048866535433071
20
0.3686934645669291
11
0.5050027952755906
21
0.3685438188976378
0
LINE
8
BLACK
6
CONTINUOUS
10
0.5050027952755906
20
0.3685438188976378
11
0.5057526771653543
21
0.3670439763779528
0
LINE
8
BLACK
6
CONTINUOUS
10
0.5057526771653543
20
0.3670439763779528
11
0.5057682677165354
21
0.366986968503937
0
LINE
8
BLACK
6
CONTINUOUS
10
0.5057682677165354
20
0.366986968503937
11
0.5057874409448819
21
0.3669677952755905
0
LINE
8
BLACK
6
CONTINUOUS
10
0.5057874409448819
20
0.3669677952755905
11
0.5058243700787401
21
0.3667820078740157
0
LINE
8
BLACK
6
CONTINUOUS
10
0.5058243700787401
20
0.3667820078740157
11
0.5058743700787401
21
0.3665994881889764
0
LINE
8
BLACK
6
CONTINUOUS
10
0.5058743700787401
20
0.3665994881889764
11
0.5058657874015748
21
0.3665738582677165
0
LINE
8
BLACK
6
CONTINUOUS
10
0.5058657874015748
20
0.3665738582677165
11
0.5058773622047243
21
0.3665157874015748
0
LINE
8
BLACK
6
CONTINUOUS
10
0.5058773622047243
20
0.3665157874015748
11
0.5058773622047243
21
0.3627662598425197
0
LINE
8
BLACK
6
CONTINUOUS
10
0.5058773622047243
20
0.3627662598425197
11
0.5058657874015748
21
0.3627082283464567
0
LINE
8
BLACK
6
CONTINUOUS
10
0.5058657874015748
20
0.3627082283464567
11
0.5058743700787401
21
0.3626825590551181
0
LINE
8
BLACK
6
CONTINUOUS
10
0.5058743700787401
20
0.3626825590551181
11
0.5058243700787401
21
0.3625000787401575
0
LINE
8
BLACK
6
CONTINUOUS
10
0.5058243700787401
20
0.3625000787401575
11
0.5057874409448819
21
0.3623142519685039
0
LINE
8
BLACK
6
CONTINUOUS
10
0.5057874409448819
20
0.3623142519685039
11
0.5057682677165354
21
0.3622951181102362
0
LINE
8
BLACK
6
CONTINUOUS
10
0.5057682677165354
20
0.3622951181102362
11
0.5057526771653543
21
0.3622380708661417
0
LINE
8
BLACK
6
CONTINUOUS
10
0.5057526771653543
20
0.3622380708661417
11
0.5050027952755906
21
0.3607382677165354
0
LINE
8
BLACK
6
CONTINUOUS
10
0.5050027952755906
20
0.3607382677165354
11
0.5048866535433071
21
0.3605886614173228
0
LINE
8
BLACK
6
CONTINUOUS
10
0.5048866535433071
20
0.3605886614173228
11
0.5047815354330708
21
0.3604312992125984
0
LINE
8
BLACK
6
CONTINUOUS
10
0.5047815354330708
20
0.3604312992125984
11
0.5040316141732283
21
0.3596813779527559
0
LINE
8
BLACK
6
CONTINUOUS
10
0.5040316141732283
20
0.3596813779527559
11
0.5038742519685039
21
0.3595762992125984
0
LINE
8
BLACK
6
CONTINUOUS
10
0.5038742519685039
20
0.3595762992125984
11
0.5037246456692913
21
0.3594601181102362
0
LINE
8
BLACK
6
CONTINUOUS
10
0.5037246456692913
20
0.3594601181102362
11
0.502224842519685
21
0.3587102362204724
0
LINE
8
BLACK
6
CONTINUOUS
10
0.502224842519685
20
0.3587102362204724
11
0.5021677952755905
21
0.3586946456692913
0
LINE
8
BLACK
6
CONTINUOUS
10
0.5021677952755905
20
0.3586946456692913
11
0.5021486614173228
21
0.3586754724409449
0
LINE
8
BLACK
6
CONTINUOUS
10
0.5021486614173228
20
0.3586754724409449
11
0.5019628346456693
21
0.3586385433070866
0
LINE
8
BLACK
6
CONTINUOUS
10
0.5019628346456693
20
0.3586385433070866
11
0.5017803543307087
21
0.3585885433070866
0
LINE
8
BLACK
6
CONTINUOUS
10
0.5017803543307087
20
0.3585885433070866
11
0.50175468503937
21
0.358597125984252
0
LINE
8
BLACK
6
CONTINUOUS
10
0.50175468503937
20
0.358597125984252
11
0.5016966535433071
21
0.3585855511811024
0
LINE
8
BLACK
6
CONTINUOUS
10
0.5016966535433071
20
0.3585855511811024
11
0.4971972047244094
21
0.3585855511811024
0
LINE
8
BLACK
6
CONTINUOUS
10
0.4971972047244094
20
0.3585855511811024
11
0.4971391338582677
21
0.358597125984252
0
LINE
8
BLACK
6
CONTINUOUS
10
0.4971391338582677
20
0.358597125984252
11
0.4971135039370079
21
0.3585885433070866
0
LINE
8
BLACK
6
CONTINUOUS
10
0.4971135039370079
20
0.3585885433070866
11
0.4969309842519685
21
0.3586385433070866
0
LINE
8
BLACK
6
CONTINUOUS
10
0.4969309842519685
20
0.3586385433070866
11
0.4967451968503937
21
0.3586754724409449
0
LINE
8
BLACK
6
CONTINUOUS
10
0.4967451968503937
20
0.3586754724409449
11
0.4967260236220472
21
0.3586946456692913
0
LINE
8
BLACK
6
CONTINUOUS
10
0.4967260236220472
20
0.3586946456692913
11
0.4966690157480315
21
0.3587102362204724
0
LINE
8
BLACK
6
CONTINUOUS
10
0.4966690157480315
20
0.3587102362204724
11
0.4951692125984252
21
0.3594601181102362
0
LINE
8
BLACK
6
CONTINUOUS
10
0.4951692125984252
20
0.3594601181102362
11
0.4950195669291338
21
0.3595762598425197
0
LINE
8
BLACK
6
CONTINUOUS
10
0.4950195669291338
20
0.3595762598425197
11
0.4948622440944882
21
0.3596813779527559
0
LINE
8
BLACK
6
CONTINUOUS
10
0.4948622440944882
20
0.3596813779527559
11
0.4941123228346457
21
0.3604312992125984
0
LINE
8
BLACK
6
CONTINUOUS
10
0.4941123228346457
20
0.3604312992125984
11
0.4938562992125984
21
0.3608144881889764
0
LINE
8
BLACK
6
CONTINUOUS
10
0.4938562992125984
20
0.3608144881889764
11
0.4938562992125984
21
0.3617184251968504
0
LINE
8
BLACK
6
CONTINUOUS
10
0.4938562992125984
20
0.3617184251968504
11
0.4944955118110236
21
0.3623576377952756
0
LINE
8
BLACK
6
CONTINUOUS
10
0.4944955118110236
20
0.3623576377952756
11
0.4953994488188976
21
0.3623576377952756
0
LINE
8
BLACK
6
CONTINUOUS
10
0.4953994488188976
20
0.3623576377952756
11
0.4957826377952756
21
0.3621016141732283
0
LINE
8
BLACK
6
CONTINUOUS
10
0.4957826377952756
20
0.3621016141732283
11
0.496396968503937
21
0.3614872834645669
0
LINE
8
BLACK
6
CONTINUOUS
10
0.496396968503937
20
0.3614872834645669
11
0.4974760236220472
21
0.3609477559055118
0
LINE
8
BLACK
6
CONTINUOUS
10
0.4974760236220472
20
0.3609477559055118
11
0.5014178346456692
21
0.3609477559055118
0
LINE
8
BLACK
6
CONTINUOUS
10
0.5014178346456692
20
0.3609477559055118
11
0.5024968503937007
21
0.3614872834645669
0
LINE
8
BLACK
6
CONTINUOUS
10
0.5024968503937007
20
0.3614872834645669
11
0.5029756299212599
21
0.361966062992126
0
LINE
8
BLACK
6
CONTINUOUS
10
0.5029756299212599
20
0.361966062992126
11
0.5035151574803149
21
0.3630450787401575
0
LINE
8
BLACK
6
CONTINUOUS
10
0.5035151574803149
20
0.3630450787401575
11
0.5035151574803149
21
0.3662370078740158
0
LINE
8
BLACK
6
CONTINUOUS
10
0.5035151574803149
20
0.3662370078740158
11
0.5029756692913385
21
0.3673159448818897
0
LINE
8
BLACK
6
CONTINUOUS
10
0.5029756692913385
20
0.3673159448818897
11
0.5024967716535433
21
0.367794842519685
0
LINE
8
BLACK
6
CONTINUOUS
10
0.5024967716535433
20
0.367794842519685
11
0.5014177952755905
21
0.3683343307086614
0
LINE
8
BLACK
6
CONTINUOUS
10
0.5014177952755905
20
0.3683343307086614
11
0.4994469291338582
21
0.3683343307086614
0
LINE
8
BLACK
6
CONTINUOUS
10
0.4994469291338582
20
0.3683343307086614
11
0.4991175984251968
21
0.3683998818897637
0
LINE
8
BLACK
6
CONTINUOUS
10
0.4991175984251968
20
0.3683998818897637
11
0.4990685433070866
21
0.3683965748031496
0
LINE
8
BLACK
6
CONTINUOUS
10
0.4990685433070866
20
0.3683965748031496
11
0.4990492519685039
21
0.3684134645669291
0
LINE
8
BLACK
6
CONTINUOUS
10
0.4990492519685039
20
0.3684134645669291
11
0.4989949212598425
21
0.3684242519685039
0
LINE
8
BLACK
6
CONTINUOUS
10
0.4989949212598425
20
0.3684242519685039
11
0.4987007874015748
21
0.3687183858267716
0
LINE
8
BLACK
6
CONTINUOUS
10
0.4987007874015748
20
0.3687183858267716
11
0.4983882283464567
21
0.3689918897637795
0
LINE
8
BLACK
6
CONTINUOUS
10
0.4983882283464567
20
0.3689918897637795
11
0.4983854330708661
21
0.3690337401574803
0
LINE
8
BLACK
6
CONTINUOUS
10
0.4983854330708661
20
0.3690337401574803
11
0.4983557480314961
21
0.3690634251968504
0
LINE
8
BLACK
6
CONTINUOUS
10
0.4983557480314961
20
0.3690634251968504
11
0.4983557480314961
21
0.3694788976377953
0
LINE
8
BLACK
6
CONTINUOUS
10
0.4983557480314961
20
0.3694788976377953
11
0.4983280708661417
21
0.3698938188976378
0
LINE
8
BLACK
6
CONTINUOUS
10
0.4983280708661417
20
0.3698938188976378
11
0.4983557480314961
21
0.3699418897637795
0
LINE
8
BLACK
6
CONTINUOUS
10
0.4983557480314961
20
0.3699418897637795
11
0.4983557480314961
21
0.3699674409448819
0
LINE
8
BLACK
6
CONTINUOUS
10
0.4983557480314961
20
0.3699674409448819
11
0.4983904330708661
21
0.3700021653543307
0
LINE
8
BLACK
6
CONTINUOUS
10
0.4983904330708661
20
0.3700021653543307
11
0.4985580708661417
21
0.3702931889763779
0
LINE
8
BLACK
6
CONTINUOUS
10
0.4985580708661417
20
0.3702931889763779
11
0.5020933858267717
21
0.3743335826771653
0
LINE
8
BLACK
6
CONTINUOUS
10
0.5020933858267717
20
0.3743335826771653
11
0.4949474803149606
21
0.3743335826771653
0
LINE
8
BLACK
6
CONTINUOUS
10
0.4949474803149606
20
0.3743335826771653
11
0.4944954724409449
21
0.3744235039370079
0
LINE
8
BLACK
6
CONTINUOUS
10
0.4944954724409449
20
0.3744235039370079
11
0.4938562992125984
21
0.3750626771653543
0
LINE
8
BLACK
6
CONTINUOUS
10
0.4938562992125984
20
0.3750626771653543
11
0.4938562992125984
21
0.3759666929133858
0
LINE
8
BLACK
6
CONTINUOUS
10
0.4938562992125984
20
0.3759666929133858
11
0.4944954724409449
21
0.3766058661417322
0
LINE
8
BLACK
6
CONTINUOUS
10
0.4944954724409449
20
0.3766058661417322
11
0.4949474803149606
21
0.3766957874015748
0
LINE
8
BLACK
6
CONTINUOUS
10
0.4949474803149606
20
0.3766957874015748
11
0.5046962598425196
21
0.3766957874015748
0
LINE
8
BLACK
6
CONTINUOUS
10
0.5046962598425196
20
0.3766957874015748
11
0.5050255511811024
21
0.3766302755905512
0
LINE
8
BLACK
6
CONTINUOUS
10
0.5245722047244095
20
0.3844958267716536
11
0.5256375590551181
21
0.3834304724409449
0
LINE
8
BLACK
6
CONTINUOUS
10
0.5256375590551181
20
0.3834304724409449
11
0.5257874015748032
21
0.3826771653543307
0
LINE
8
BLACK
6
CONTINUOUS
10
0.5257874015748032
20
0.3826771653543307
11
0.5257874015748032
21
0.3511811023622047
0
LINE
8
BLACK
6
CONTINUOUS
10
0.5257874015748032
20
0.3511811023622047
11
0.5256375590551181
21
0.3504277952755905
0
LINE
8
BLACK
6
CONTINUOUS
10
0.5256375590551181
20
0.3504277952755905
11
0.5245722047244095
21
0.3493624409448819
0
LINE
8
BLACK
6
CONTINUOUS
10
0.5245722047244095
20
0.3493624409448819
11
0.5238188976377952
21
0.3492125984251969
0
LINE
8
BLACK
6
CONTINUOUS
10
0.5238188976377952
20
0.3492125984251969
11
0.4608267716535433
21
0.3492125984251969
0
LINE
8
BLACK
6
CONTINUOUS
10
0.4608267716535433
20
0.3492125984251969
11
0.4600734645669291
21
0.3493624409448819
0
LINE
8
BLACK
6
CONTINUOUS
10
0.4600734645669291
20
0.3493624409448819
11
0.4590081102362205
21
0.3504277952755905
0
LINE
8
BLACK
6
CONTINUOUS
10
0.4590081102362205
20
0.3504277952755905
11
0.4588582677165354
21
0.3511811023622047
0
LINE
8
BLACK
6
CONTINUOUS
10
0.4588582677165354
20
0.3511811023622047
11
0.4588582677165354
21
0.3826771653543307
0
LINE
8
BLACK
6
CONTINUOUS
10
0.4588582677165354
20
0.3826771653543307
11
0.4590081102362205
21
0.3834304724409449
0
LINE
8
BLACK
6
CONTINUOUS
10
0.4590081102362205
20
0.3834304724409449
11
0.4600734645669291
21
0.3844958267716536
0
LINE
8
BLACK
6
CONTINUOUS
10
0.4600734645669291
20
0.3844958267716536
11
0.4608267716535433
21
0.3846456692913386
0
LINE
8
BLACK
6
CONTINUOUS
10
0.4608267716535433
20
0.3846456692913386
11
0.5238188976377952
21
0.3846456692913386
0
LINE
8
BLACK
6
CONTINUOUS
10
0.5238188976377952
20
0.3846456692913386
11
0.5245722047244095
21
0.3844958267716536
0
LINE
8
BLACK
6
CONTINUOUS
10
0.4627952755905512
20
0.3807086614173228
11
0.4627952755905512
21
0.3531496062992126
0
LINE
8
BLACK
6
CONTINUOUS
10
0.4627952755905512
20
0.3531496062992126
11
0.5218503937007873
21
0.3531496062992126
0
LINE
8
BLACK
6
CONTINUOUS
10
0.5218503937007873
20
0.3531496062992126
11
0.5218503937007873
21
0.3807086614173228
0
LINE
8
BLACK
6
CONTINUOUS
10
0.5218503937007873
20
0.3807086614173228
11
0.4627952755905512
21
0.3807086614173228
0
LINE
8
BLACK
6
CONTINUOUS
10
0.8452922834645669
20
0.4345401968503937
11
0.8453393700787402
21
0.4345558661417322
0
LINE
8
BLACK
6
CONTINUOUS
10
0.8453393700787402
20
0.4345558661417322
11
0.8456738582677166
21
0.4344642913385827
0
LINE
8
BLACK
6
CONTINUOUS
10
0.8456738582677166
20
0.4344642913385827
11
0.8460145669291338
21
0.4343964960629921
0
LINE
8
BLACK
6
CONTINUOUS
10
0.8460145669291338
20
0.4343964960629921
11
0.8460496850393701
21
0.4343613779527559
0
LINE
8
BLACK
6
CONTINUOUS
10
0.8460496850393701
20
0.4343613779527559
11
0.8461542913385827
21
0.434332716535433
0
LINE
8
BLACK
6
CONTINUOUS
10
0.8461542913385827
20
0.434332716535433
11
0.8488539763779528
21
0.432982874015748
0
LINE
8
BLACK
6
CONTINUOUS
10
0.8488539763779528
20
0.432982874015748
11
0.8491279921259842
21
0.4327701968503937
0
LINE
8
BLACK
6
CONTINUOUS
10
0.8491279921259842
20
0.4327701968503937
11
0.8494167322834646
21
0.4325772834645669
0
LINE
8
BLACK
6
CONTINUOUS
10
0.8494167322834646
20
0.4325772834645669
11
0.8507665748031495
21
0.4312274409448819
0
LINE
8
BLACK
6
CONTINUOUS
10
0.8507665748031495
20
0.4312274409448819
11
0.8509594488188976
21
0.430938779527559
0
LINE
8
BLACK
6
CONTINUOUS
10
0.8509594488188976
20
0.430938779527559
11
0.8511722047244095
21
0.4306646456692913
0
LINE
8
BLACK
6
CONTINUOUS
10
0.8511722047244095
20
0.4306646456692913
11
0.852521968503937
21
0.4279650393700787
0
LINE
8
BLACK
6
CONTINUOUS
10
0.852521968503937
20
0.4279650393700787
11
0.8525505905511811
21
0.4278604724409449
0
LINE
8
BLACK
6
CONTINUOUS
10
0.8525505905511811
20
0.4278604724409449
11
0.852585748031496
21
0.4278253149606299
0
LINE
8
BLACK
6
CONTINUOUS
10
0.852585748031496
20
0.4278253149606299
11
0.8526535039370079
21
0.4274846456692913
0
LINE
8
BLACK
6
CONTINUOUS
10
0.8526535039370079
20
0.4274846456692913
11
0.8527451181102362
21
0.4271501181102362
0
LINE
8
BLACK
6
CONTINUOUS
10
0.8527451181102362
20
0.4271501181102362
11
0.8527294094488189
21
0.4271030708661417
0
LINE
8
BLACK
6
CONTINUOUS
10
0.8527294094488189
20
0.4271030708661417
11
0.8527505905511811
21
0.4269966535433071
0
LINE
8
BLACK
6
CONTINUOUS
10
0.8527505905511811
20
0.4269966535433071
11
0.8527505905511811
21
0.4215973228346457
0
LINE
8
BLACK
6
CONTINUOUS
10
0.8527505905511811
20
0.4215973228346457
11
0.8527294094488189
21
0.4214909448818898
0
LINE
8
BLACK
6
CONTINUOUS
10
0.8527294094488189
20
0.4214909448818898
11
0.8527451181102362
21
0.4214438582677165
0
LINE
8
BLACK
6
CONTINUOUS
10
0.8527451181102362
20
0.4214438582677165
11
0.8526534645669291
21
0.4211091732283465
0
LINE
8
BLACK
6
CONTINUOUS
10
0.8526534645669291
20
0.4211091732283465
11
0.852585748031496
21
0.4207686614173228
0
LINE
8
BLACK
6
CONTINUOUS
10
0.852585748031496
20
0.4207686614173228
11
0.8525506299212599
21
0.4207335826771653
0
LINE
8
BLACK
6
CONTINUOUS
10
0.8525506299212599
20
0.4207335826771653
11
0.8525220078740158
21
0.420628937007874
0
LINE
8
BLACK
6
CONTINUOUS
10
0.8525220078740158
20
0.420628937007874
11
0.8511722047244095
21
0.4179292913385826
0
LINE
8
BLACK
6
CONTINUOUS
10
0.8511722047244095
20
0.4179292913385826
11
0.850959251968504
21
0.4176549606299212
0
LINE
8
BLACK
6
CONTINUOUS
10
0.850959251968504
20
0.4176549606299212
11
0.8507665354330708
21
0.4173664960629921
0
LINE
8
BLACK
6
CONTINUOUS
10
0.8507665354330708
20
0.4173664960629921
11
0.8494166929133858
21
0.4160166929133858
0
LINE
8
BLACK
6
CONTINUOUS
10
0.8494166929133858
20
0.4160166929133858
11
0.8491280708661417
21
0.4158238582677165
0
LINE
8
BLACK
6
CONTINUOUS
10
0.8491280708661417
20
0.4158238582677165
11
0.8488539763779528
21
0.4156111023622047
0
LINE
8
BLACK
6
CONTINUOUS
10
0.8488539763779528
20
0.4156111023622047
11
0.8461542913385827
21
0.4142612598425197
0
LINE
8
BLACK
6
CONTINUOUS
10
0.8461542913385827
20
0.4142612598425197
11
0.8460496850393701
21
0.4142326377952756
0
LINE
8
BLACK
6
CONTINUOUS
10
0.8460496850393701
20
0.4142326377952756
11
0.8460145669291338
21
0.4141974803149606
0
LINE
8
BLACK
6
CONTINUOUS
10
0.8460145669291338
20
0.4141974803149606
11
0.8456738582677166
21
0.4141297244094488
0
LINE
8
BLACK
6
CONTINUOUS
10
0.8456738582677166
20
0.4141297244094488
11
0.8453393700787402
21
0.4140381102362204
0
LINE
8
BLACK
6
CONTINUOUS
10
0.8453393700787402
20
0.4140381102362204
11
0.8452922834645669
21
0.4140538188976378
0
LINE
8
BLACK
6
CONTINUOUS
10
0.8452922834645669
20
0.4140538188976378
11
0.8451859055118111
21
0.4140326377952756
0
LINE
8
BLACK
6
CONTINUOUS
10
0.8451859055118111
20
0.4140326377952756
11
0.8222387795275591
21
0.4140326377952756
0
LINE
8
BLACK
6
CONTINUOUS
10
0.8222387795275591
20
0.4140326377952756
11
0.8214101181102362
21
0.4141974803149606
0
LINE
8
BLACK
6
CONTINUOUS
10
0.8214101181102362
20
0.4141974803149606
11
0.8202382677165354
21
0.4153693307086614
0
LINE
8
BLACK
6
CONTINUOUS
10
0.8202382677165354
20
0.4153693307086614
11
0.8202382677165354
21
0.4170266535433071
0
LINE
8
BLACK
6
CONTINUOUS
10
0.8202382677165354
20
0.4170266535433071
11
0.8214101181102362
21
0.4181985039370079
0
LINE
8
BLACK
6
CONTINUOUS
10
0.8214101181102362
20
0.4181985039370079
11
0.8222387795275591
21
0.4183633464566929
0
LINE
8
BLACK
6
CONTINUOUS
10
0.8222387795275591
20
0.4183633464566929
11
0.8446747637795275
21
0.4183633464566929
0
LINE
8
BLACK
6
CONTINUOUS
10
0.8446747637795275
20
0.4183633464566929
11
0.846603031496063
21
0.4193275196850393
0
LINE
8
BLACK
6
CONTINUOUS
10
0.846603031496063
20
0.4193275196850393
11
0.847455748031496
21
0.4201802755905512
0
LINE
8
BLACK
6
CONTINUOUS
10
0.847455748031496
20
0.4201802755905512
11
0.8484198818897638
21
0.4221085039370079
0
LINE
8
BLACK
6
CONTINUOUS
10
0.8484198818897638
20
0.4221085039370079
11
0.8484198818897638
21
0.4264855118110236
0
LINE
8
BLACK
6
CONTINUOUS
10
0.8484198818897638
20
0.4264855118110236
11
0.8474557874015748
21
0.4284136614173228
0
LINE
8
BLACK
6
CONTINUOUS
10
0.8474557874015748
20
0.4284136614173228
11
0.8466029133858267
21
0.4292665354330709
0
LINE
8
BLACK
6
CONTINUOUS
10
0.8466029133858267
20
0.4292665354330709
11
0.8446747637795275
21
0.4302306299212598
0
LINE
8
BLACK
6
CONTINUOUS
10
0.8446747637795275
20
0.4302306299212598
11
0.8222387795275591
21
0.4302306299212598
0
LINE
8
BLACK
6
CONTINUOUS
10
0.8222387795275591
20
0.4302306299212598
11
0.8214101181102362
21
0.4303954724409449
0
LINE
8
BLACK
6
CONTINUOUS
10
0.8214101181102362
20
0.4303954724409449
11
0.8202382677165354
21
0.4315673228346457
0
LINE
8
BLACK
6
CONTINUOUS
10
0.8202382677165354
20
0.4315673228346457
11
0.8202382677165354
21
0.4332246456692913
0
LINE
8
BLACK
6
CONTINUOUS
10
0.8202382677165354
20
0.4332246456692913
11
0.8214101181102362
21
0.4343964960629921
0
LINE
8
BLACK
6
CONTINUOUS
10
0.8214101181102362
20
0.4343964960629921
11
0.8222387795275591
21
0.4345613385826771
0
LINE
8
BLACK
6
CONTINUOUS
10
0.8222387795275591
20
0.4345613385826771
11
0.8451859055118111
21
0.4345613385826771
0
LINE
8
BLACK
6
CONTINUOUS
10
0.8451859055118111
20
0.4345613385826771
11
0.8452922834645669
21
0.4345401968503937
0
LINE
8
BLACK
6
CONTINUOUS
10
0.852585748031496
20
0.4615711023622047
11
0.8527505905511811
21
0.4607424409448819
0
LINE
8
BLACK
6
CONTINUOUS
10
0.8527505905511811
20
0.4607424409448819
11
0.8527505905511811
21
0.4445444488188977
0
LINE
8
BLACK
6
CONTINUOUS
10
0.8527505905511811
20
0.4445444488188977
11
0.852585748031496
21
0.4437157874015748
0
LINE
8
BLACK
6
CONTINUOUS
10
0.852585748031496
20
0.4437157874015748
11
0.8514138976377953
21
0.442543937007874
0
LINE
8
BLACK
6
CONTINUOUS
10
0.8514138976377953
20
0.442543937007874
11
0.8497565748031496
21
0.442543937007874
0
LINE
8
BLACK
6
CONTINUOUS
10
0.8497565748031496
20
0.442543937007874
11
0.8485847244094488
21
0.4437157874015748
0
LINE
8
BLACK
6
CONTINUOUS
10
0.8485847244094488
20
0.4437157874015748
11
0.8484198818897638
21
0.4445444488188977
0
LINE
8
BLACK
6
CONTINUOUS
10
0.8484198818897638
20
0.4445444488188977
11
0.8484198818897638
21
0.4504781102362205
0
LINE
8
BLACK
6
CONTINUOUS
10
0.8484198818897638
20
0.4504781102362205
11
0.828816220472441
21
0.4504781102362205
0
LINE
8
BLACK
6
CONTINUOUS
10
0.828816220472441
20
0.4504781102362205
11
0.8305190944881889
21
0.4487752755905512
0
LINE
8
BLACK
6
CONTINUOUS
10
0.8305190944881889
20
0.4487752755905512
11
0.8307118897637795
21
0.4484866929133858
0
LINE
8
BLACK
6
CONTINUOUS
10
0.8307118897637795
20
0.4484866929133858
11
0.8309246850393701
21
0.4482125196850393
0
LINE
8
BLACK
6
CONTINUOUS
10
0.8309246850393701
20
0.4482125196850393
11
0.8322745669291338
21
0.4455128346456693
0
LINE
8
BLACK
6
CONTINUOUS
10
0.8322745669291338
20
0.4455128346456693
11
0.832497716535433
21
0.4446979133858268
0
LINE
8
BLACK
6
CONTINUOUS
10
0.832497716535433
20
0.4446979133858268
11
0.8319736220472441
21
0.4431257086614173
0
LINE
8
BLACK
6
CONTINUOUS
10
0.8319736220472441
20
0.4431257086614173
11
0.8304912598425197
21
0.4423845275590551
0
LINE
8
BLACK
6
CONTINUOUS
10
0.8304912598425197
20
0.4423845275590551
11
0.828919094488189
21
0.4429086220472441
0
LINE
8
BLACK
6
CONTINUOUS
10
0.828919094488189
20
0.4429086220472441
11
0.828401062992126
21
0.443576062992126
0
LINE
8
BLACK
6
CONTINUOUS
10
0.828401062992126
20
0.443576062992126
11
0.8272083464566929
21
0.4459614960629921
0
LINE
8
BLACK
6
CONTINUOUS
10
0.8272083464566929
20
0.4459614960629921
11
0.824908779527559
21
0.4482609842519685
0
LINE
8
BLACK
6
CONTINUOUS
10
0.824908779527559
20
0.4482609842519685
11
0.8210376377952756
21
0.4508417716535433
0
LINE
8
BLACK
6
CONTINUOUS
10
0.8210376377952756
20
0.4508417716535433
11
0.8204396062992125
21
0.4514386220472441
0
LINE
8
BLACK
6
CONTINUOUS
10
0.8204396062992125
20
0.4514386220472441
11
0.8203958661417322
21
0.4516572047244095
0
LINE
8
BLACK
6
CONTINUOUS
10
0.8203958661417322
20
0.4516572047244095
11
0.8202382677165354
21
0.4518148031496063
0
LINE
8
BLACK
6
CONTINUOUS
10
0.8202382677165354
20
0.4518148031496063
11
0.8202382677165354
21
0.4524453543307086
0
LINE
8
BLACK
6
CONTINUOUS
10
0.8202382677165354
20
0.4524453543307086
11
0.8201146062992126
21
0.4530636614173228
0
LINE
8
BLACK
6
CONTINUOUS
10
0.8201146062992126
20
0.4530636614173228
11
0.8202382677165354
21
0.4532491732283465
0
LINE
8
BLACK
6
CONTINUOUS
10
0.8202382677165354
20
0.4532491732283465
11
0.8202382677165354
21
0.453472125984252
0
LINE
8
BLACK
6
CONTINUOUS
10
0.8202382677165354
20
0.453472125984252
11
0.8206842125984252
21
0.4539181102362205
0
LINE
8
BLACK
6
CONTINUOUS
10
0.8206842125984252
20
0.4539181102362205
11
0.821033937007874
21
0.4544426377952756
0
LINE
8
BLACK
6
CONTINUOUS
10
0.821033937007874
20
0.4544426377952756
11
0.8212524803149606
21
0.4544863779527559
0
LINE
8
BLACK
6
CONTINUOUS
10
0.8212524803149606
20
0.4544863779527559
11
0.8214101181102362
21
0.4546439763779527
0
LINE
8
BLACK
6
CONTINUOUS
10
0.8214101181102362
20
0.4546439763779527
11
0.8222387795275591
21
0.4548088188976378
0
LINE
8
BLACK
6
CONTINUOUS
10
0.8222387795275591
20
0.4548088188976378
11
0.8484198818897638
21
0.4548088188976378
0
LINE
8
BLACK
6
CONTINUOUS
10
0.8484198818897638
20
0.4548088188976378
11
0.8484198818897638
21
0.4607424409448819
0
LINE
8
BLACK
6
CONTINUOUS
10
0.8484198818897638
20
0.4607424409448819
11
0.8485847244094488
21
0.4615711023622047
0
LINE
8
BLACK
6
CONTINUOUS
10
0.8485847244094488
20
0.4615711023622047
11
0.8497565748031496
21
0.4627429527559055
0
LINE
8
BLACK
6
CONTINUOUS
10
0.8497565748031496
20
0.4627429527559055
11
0.8514138976377953
21
0.4627429527559055
0
LINE
8
BLACK
6
CONTINUOUS
10
0.8514138976377953
20
0.4627429527559055
11
0.852585748031496
21
0.4615711023622047
0
LINE
8
BLACK
6
CONTINUOUS
10
0.869946220472441
20
0.4967005511811023
11
0.8710115748031496
21
0.4956351968503937
0
LINE
8
BLACK
6
CONTINUOUS
10
0.8710115748031496
20
0.4956351968503937
11
0.8711614173228346
21
0.4948818897637795
0
LINE
8
BLACK
6
CONTINUOUS
10
0.8711614173228346
20
0.4948818897637795
11
0.8711614173228346
21
0.3964566929133858
0
LINE
8
BLACK
6
CONTINUOUS
10
0.8711614173228346
20
0.3964566929133858
11
0.8710115748031496
21
0.3957033858267717
0
LINE
8
BLACK
6
CONTINUOUS
10
0.8710115748031496
20
0.3957033858267717
11
0.8710115748031496
21
0.3957033464566929
0
LINE
8
BLACK
6
CONTINUOUS
10
0.8710115748031496
20
0.3957033464566929
11
0.870584842519685
21
0.3950647244094488
0
LINE
8
BLACK
6
CONTINUOUS
10
0.870584842519685
20
0.3950647244094488
11
0.8548368110236221
21
0.3793167322834646
0
LINE
8
BLACK
6
CONTINUOUS
10
0.8548368110236221
20
0.3793167322834646
11
0.8541981889763779
21
0.37889
0
LINE
8
BLACK
6
CONTINUOUS
10
0.8541981889763779
20
0.37889
11
0.8534448818897638
21
0.378740157480315
0
LINE
8
BLACK
6
CONTINUOUS
10
0.8534448818897638
20
0.378740157480315
11
0.8062007874015747
21
0.378740157480315
0
LINE
8
BLACK
6
CONTINUOUS
10
0.8062007874015747
20
0.378740157480315
11
0.8054474803149606
21
0.37889
0
LINE
8
BLACK
6
CONTINUOUS
10
0.8054474803149606
20
0.37889
11
0.804382125984252
21
0.3799553543307087
0
LINE
8
BLACK
6
CONTINUOUS
10
0.804382125984252
20
0.3799553543307087
11
0.8042322834645669
21
0.3807086614173228
0
LINE
8
BLACK
6
CONTINUOUS
10
0.8042322834645669
20
0.3807086614173228
11
0.8042322834645669
21
0.4948818897637795
0
LINE
8
BLACK
6
CONTINUOUS
10
0.8042322834645669
20
0.4948818897637795
11
0.804382125984252
21
0.4956351968503937
0
LINE
8
BLACK
6
CONTINUOUS
10
0.804382125984252
20
0.4956351968503937
11
0.8054474803149606
21
0.4967005511811023
0
LINE
8
BLACK
6
CONTINUOUS
10
0.8054474803149606
20
0.4967005511811023
11
0.8062007874015747
21
0.4968503937007874
0
LINE
8
BLACK
6
CONTINUOUS
10
0.8062007874015747
20
0.4968503937007874
11
0.8691929133858267
21
0.4968503937007874
0
LINE
8
BLACK
6
CONTINUOUS
10
0.8691929133858267
20
0.4968503937007874
11
0.869946220472441
21
0.4967005511811023
0
LINE
8
BLACK
6
CONTINUOUS
10
0.8081692913385826
20
0.4929133858267716
11
0.8081692913385826
21
0.3826771653543307
0
LINE
8
BLACK
6
CONTINUOUS
10
0.8081692913385826
20
0.3826771653543307
11
0.8526295275590551
21
0.3826771653543307
0
LINE
8
BLACK
6
CONTINUOUS
10
0.8526295275590551
20
0.3826771653543307
11
0.8672244094488188
21
0.3972720866141732
0
LINE
8
BLACK
6
CONTINUOUS
10
0.8672244094488188
20
0.3972720866141732
11
0.8672244094488188
21
0.4929133858267716
0
LINE
8
BLACK
6
CONTINUOUS
10
0.8672244094488188
20
0.4929133858267716
11
0.8081692913385826
21
0.4929133858267716
0
LINE
8
BLACK
6
CONTINUOUS
10
0.9600979133858267
20
0.4333325196850394
11
0.9609125590551181
21
0.432517874015748
0
LINE
8
BLACK
6
CONTINUOUS
10
0.9609125590551181
20
0.432517874015748
11
0.9613534645669292
21
0.4314534645669291
0
LINE
8
BLACK
6
CONTINUOUS
10
0.9613534645669292
20
0.4314534645669291
11
0.9614101968503936
21
0.4308774015748031
0
LINE
8
BLACK
6
CONTINUOUS
10
0.9614101968503936
20
0.4308774015748031
11
0.9614101968503936
21
0.4083802362204724
0
LINE
8
BLACK
6
CONTINUOUS
10
0.9614101968503936
20
0.4083802362204724
11
0.9613534645669292
21
0.4078041732283464
0
LINE
8
BLACK
6
CONTINUOUS
10
0.9613534645669292
20
0.4078041732283464
11
0.9609125590551181
21
0.4067397637795275
0
LINE
8
BLACK
6
CONTINUOUS
10
0.9609125590551181
20
0.4067397637795275
11
0.9600979133858267
21
0.4059251181102362
0
LINE
8
BLACK
6
CONTINUOUS
10
0.9600979133858267
20
0.4059251181102362
11
0.9590335039370078
21
0.4054842125984252
0
LINE
8
BLACK
6
CONTINUOUS
10
0.9590335039370078
20
0.4054842125984252
11
0.9578813779527559
21
0.4054842125984252
0
LINE
8
BLACK
6
CONTINUOUS
10
0.9578813779527559
20
0.4054842125984252
11
0.9568169685039369
21
0.4059251181102362
0
LINE
8
BLACK
6
CONTINUOUS
10
0.9568169685039369
20
0.4059251181102362
11
0.9560023228346457
21
0.4067397637795275
0
LINE
8
BLACK
6
CONTINUOUS
10
0.9560023228346457
20
0.4067397637795275
11
0.9555614173228346
21
0.4078041732283464
0
LINE
8
BLACK
6
CONTINUOUS
10
0.9555614173228346
20
0.4078041732283464
11
0.95550468503937
21
0.4083802362204724
0
LINE
8
BLACK
6
CONTINUOUS
10
0.95550468503937
20
0.4083802362204724
11
0.95550468503937
21
0.416676062992126
0
LINE
8
BLACK
6
CONTINUOUS
10
0.95550468503937
20
0.416676062992126
11
0.9280907086614173
21
0.416676062992126
0
LINE
8
BLACK
6
CONTINUOUS
10
0.9280907086614173
20
0.416676062992126
11
0.930549094488189
21
0.4142176771653543
0
LINE
8
BLACK
6
CONTINUOUS
10
0.930549094488189
20
0.4142176771653543
11
0.9307349212598425
21
0.4139912992125984
0
LINE
8
BLACK
6
CONTINUOUS
10
0.9307349212598425
20
0.4139912992125984
11
0.9307938582677165
21
0.4139401574803149
0
LINE
8
BLACK
6
CONTINUOUS
10
0.9307938582677165
20
0.4139401574803149
11
0.9308497244094488
21
0.4138514173228346
0
LINE
8
BLACK
6
CONTINUOUS
10
0.9308497244094488
20
0.4138514173228346
11
0.9309163385826772
21
0.4137702362204724
0
LINE
8
BLACK
6
CONTINUOUS
10
0.9309163385826772
20
0.4137702362204724
11
0.9309461811023622
21
0.4136981102362204
0
LINE
8
BLACK
6
CONTINUOUS
10
0.9309461811023622
20
0.4136981102362204
11
0.9311022047244094
21
0.4134502755905512
0
LINE
8
BLACK
6
CONTINUOUS
10
0.9311022047244094
20
0.4134502755905512
11
0.932976968503937
21
0.409700748031496
0
LINE
8
BLACK
6
CONTINUOUS
10
0.932976968503937
20
0.409700748031496
11
0.9331838582677165
21
0.409160157480315
0
LINE
8
BLACK
6
CONTINUOUS
10
0.9331838582677165
20
0.409160157480315
11
0.9332655118110236
21
0.4080109448818898
0
LINE
8
BLACK
6
CONTINUOUS
10
0.9332655118110236
20
0.4080109448818898
11
0.9329011811023622
21
0.4069179527559055
0
LINE
8
BLACK
6
CONTINUOUS
10
0.9329011811023622
20
0.4069179527559055
11
0.9321463385826771
21
0.4060475984251968
0
LINE
8
BLACK
6
CONTINUOUS
10
0.9321463385826771
20
0.4060475984251968
11
0.9311158267716535
21
0.4055323228346457
0
LINE
8
BLACK
6
CONTINUOUS
10
0.9311158267716535
20
0.4055323228346457
11
0.9299666141732283
21
0.4054506692913386
0
LINE
8
BLACK
6
CONTINUOUS
10
0.9299666141732283
20
0.4054506692913386
11
0.9288736614173229
21
0.405815
0
LINE
8
BLACK
6
CONTINUOUS
10
0.9288736614173229
20
0.405815
11
0.9280032677165354
21
0.406569842519685
0
LINE
8
BLACK
6
CONTINUOUS
10
0.9280032677165354
20
0.406569842519685
11
0.9276949212598425
21
0.4070597244094488
0
LINE
8
BLACK
6
CONTINUOUS
10
0.9276949212598425
20
0.4070597244094488
11
0.9260344488188976
21
0.4103806692913386
0
LINE
8
BLACK
6
CONTINUOUS
10
0.9260344488188976
20
0.4103806692913386
11
0.9228304724409448
21
0.4135846456692913
0
LINE
8
BLACK
6
CONTINUOUS
10
0.9228304724409448
20
0.4135846456692913
11
0.9174494488188976
21
0.417171968503937
0
LINE
8
BLACK
6
CONTINUOUS
10
0.9174494488188976
20
0.417171968503937
11
0.9174477559055118
21
0.4171733464566929
0
LINE
8
BLACK
6
CONTINUOUS
10
0.9174477559055118
20
0.4171733464566929
11
0.9174468897637795
21
0.4171737007874016
0
LINE
8
BLACK
6
CONTINUOUS
10
0.9174468897637795
20
0.4171737007874016
11
0.9174448425196851
21
0.417175748031496
0
LINE
8
BLACK
6
CONTINUOUS
10
0.9174448425196851
20
0.417175748031496
11
0.9170016141732283
21
0.4175387401574803
0
LINE
8
BLACK
6
CONTINUOUS
10
0.9170016141732283
20
0.4175387401574803
11
0.916838937007874
21
0.4177816535433071
0
LINE
8
BLACK
6
CONTINUOUS
10
0.916838937007874
20
0.4177816535433071
11
0.9166322440944882
21
0.4179883464566929
0
LINE
8
BLACK
6
CONTINUOUS
10
0.9166322440944882
20
0.4179883464566929
11
0.9165214960629922
21
0.4182556692913386
0
LINE
8
BLACK
6
CONTINUOUS
10
0.9165214960629922
20
0.4182556692913386
11
0.9163605511811024
21
0.4184960236220472
0
LINE
8
BLACK
6
CONTINUOUS
10
0.9163605511811024
20
0.4184960236220472
11
0.916303188976378
21
0.4187826771653543
0
LINE
8
BLACK
6
CONTINUOUS
10
0.916303188976378
20
0.4187826771653543
11
0.9161913385826771
21
0.4190527559055118
0
LINE
8
BLACK
6
CONTINUOUS
10
0.9161913385826771
20
0.4190527559055118
11
0.9161913385826771
21
0.4193420866141732
0
LINE
8
BLACK
6
CONTINUOUS
10
0.9161913385826771
20
0.4193420866141732
11
0.9161346062992126
21
0.4196257086614173
0
LINE
8
BLACK
6
CONTINUOUS
10
0.9161346062992126
20
0.4196257086614173
11
0.9161913385826771
21
0.4199125196850393
0
LINE
8
BLACK
6
CONTINUOUS
10
0.9161913385826771
20
0.4199125196850393
11
0.9161913385826771
21
0.4202048818897638
0
LINE
8
BLACK
6
CONTINUOUS
10
0.9161913385826771
20
0.4202048818897638
11
0.9163020472440945
21
0.4204721653543307
0
LINE
8
BLACK
6
CONTINUOUS
10
0.9163020472440945
20
0.4204721653543307
11
0.9163581889763779
21
0.4207559448818898
0
LINE
8
BLACK
6
CONTINUOUS
10
0.9163581889763779
20
0.4207559448818898
11
0.9165203543307087
21
0.4209992125984252
0
LINE
8
BLACK
6
CONTINUOUS
10
0.9165203543307087
20
0.4209992125984252
11
0.9166322440944882
21
0.4212692913385827
0
LINE
8
BLACK
6
CONTINUOUS
10
0.9166322440944882
20
0.4212692913385827
11
0.9168367716535433
21
0.4214738582677166
0
LINE
8
BLACK
6
CONTINUOUS
10
0.9168367716535433
20
0.4214738582677166
11
0.9169972834645669
21
0.4217145669291338
0
LINE
8
BLACK
6
CONTINUOUS
10
0.9169972834645669
20
0.4217145669291338
11
0.917240157480315
21
0.4218772440944882
0
LINE
8
BLACK
6
CONTINUOUS
10
0.917240157480315
20
0.4218772440944882
11
0.9174468897637795
21
0.422083937007874
0
LINE
8
BLACK
6
CONTINUOUS
10
0.9174468897637795
20
0.422083937007874
11
0.9177141732283465
21
0.4221946850393701
0
LINE
8
BLACK
6
CONTINUOUS
10
0.9177141732283465
20
0.4221946850393701
11
0.9179545669291338
21
0.4223556299212599
0
LINE
8
BLACK
6
CONTINUOUS
10
0.9179545669291338
20
0.4223556299212599
11
0.9182411811023622
21
0.4224129921259843
0
LINE
8
BLACK
6
CONTINUOUS
10
0.9182411811023622
20
0.4224129921259843
11
0.9185112992125984
21
0.422524842519685
0
LINE
8
BLACK
6
CONTINUOUS
10
0.9185112992125984
20
0.422524842519685
11
0.9190812204724409
21
0.4225809842519685
0
LINE
8
BLACK
6
CONTINUOUS
10
0.9190812204724409
20
0.4225809842519685
11
0.919084251968504
21
0.4225815748031496
0
LINE
8
BLACK
6
CONTINUOUS
10
0.919084251968504
20
0.4225815748031496
11
0.9190852755905512
21
0.4225813779527559
0
LINE
8
BLACK
6
CONTINUOUS
10
0.9190852755905512
20
0.4225813779527559
11
0.9190873622047244
21
0.4225815748031496
0
LINE
8
BLACK
6
CONTINUOUS
10
0.9190873622047244
20
0.4225815748031496
11
0.95550468503937
21
0.4225815748031496
0
LINE
8
BLACK
6
CONTINUOUS
10
0.95550468503937
20
0.4225815748031496
11
0.95550468503937
21
0.4308774015748031
0
LINE
8
BLACK
6
CONTINUOUS
10
0.95550468503937
20
0.4308774015748031
11
0.9555614173228346
21
0.4314534645669291
0
LINE
8
BLACK
6
CONTINUOUS
10
0.9555614173228346
20
0.4314534645669291
11
0.9560023228346457
21
0.432517874015748
0
LINE
8
BLACK
6
CONTINUOUS
10
0.9560023228346457
20
0.432517874015748
11
0.9568169685039369
21
0.4333325196850394
0
LINE
8
BLACK
6
CONTINUOUS
10
0.9568169685039369
20
0.4333325196850394
11
0.9578813779527559
21
0.4337734251968504
0
LINE
8
BLACK
6
CONTINUOUS
10
0.9578813779527559
20
0.4337734251968504
11
0.9590335039370078
21
0.4337734251968504
0
LINE
8
BLACK
6
CONTINUOUS
10
0.9590335039370078
20
0.4337734251968504
11
0.9600979133858267
21
0.4333325196850394
0
LINE
8
BLACK
6
CONTINUOUS
10
0.9935722047244094
20
0.440670905511811
11
0.9935978740157481
21
0.4406794488188976
0
LINE
8
BLACK
6
CONTINUOUS
10
0.9935978740157481
20
0.4406794488188976
11
0.9937803543307087
21
0.4406294881889763
0
LINE
8
BLACK
6
CONTINUOUS
10
0.9937803543307087
20
0.4406294881889763
11
0.9939661811023622
21
0.4405925196850394
0
LINE
8
BLACK
6
CONTINUOUS
10
0.9939661811023622
20
0.4405925196850394
11
0.9939853149606299
21
0.4405733858267716
0
LINE
8
BLACK
6
CONTINUOUS
10
0.9939853149606299
20
0.4405733858267716
11
0.9940423622047244
21
0.4405577559055118
0
LINE
8
BLACK
6
CONTINUOUS
10
0.9940423622047244
20
0.4405577559055118
11
0.9955422440944882
21
0.4398078346456693
0
LINE
8
BLACK
6
CONTINUOUS
10
0.9955422440944882
20
0.4398078346456693
11
0.9956919685039369
21
0.4396916141732283
0
LINE
8
BLACK
6
CONTINUOUS
10
0.9956919685039369
20
0.4396916141732283
11
0.9958491732283464
21
0.4395865748031496
0
LINE
8
BLACK
6
CONTINUOUS
10
0.9958491732283464
20
0.4395865748031496
11
0.996599094488189
21
0.4388366929133858
0
LINE
8
BLACK
6
CONTINUOUS
10
0.996599094488189
20
0.4388366929133858
11
0.9967043307086614
21
0.4386791732283464
0
LINE
8
BLACK
6
CONTINUOUS
10
0.9967043307086614
20
0.4386791732283464
11
0.9968203149606299
21
0.4385297637795276
0
LINE
8
BLACK
6
CONTINUOUS
10
0.9968203149606299
20
0.4385297637795276
11
0.9975702362204725
21
0.4370299212598425
0
LINE
8
BLACK
6
CONTINUOUS
10
0.9975702362204725
20
0.4370299212598425
11
0.9975858267716535
21
0.4369729133858268
0
LINE
8
BLACK
6
CONTINUOUS
10
0.9975858267716535
20
0.4369729133858268
11
0.997605
21
0.4369537401574803
0
LINE
8
BLACK
6
CONTINUOUS
10
0.997605
20
0.4369537401574803
11
0.9976418897637795
21
0.4367682677165354
0
LINE
8
BLACK
6
CONTINUOUS
10
0.9976418897637795
20
0.4367682677165354
11
0.9976919685039369
21
0.4365854330708661
0
LINE
8
BLACK
6
CONTINUOUS
10
0.9976919685039369
20
0.4365854330708661
11
0.9976833858267716
21
0.4365597244094488
0
LINE
8
BLACK
6
CONTINUOUS
10
0.9976833858267716
20
0.4365597244094488
11
0.9976916141732283
21
0.4365182283464567
0
LINE
8
BLACK
6
CONTINUOUS
10
0.9976916141732283
20
0.4365182283464567
11
1.0033355511811024
21
0.440468937007874
0
LINE
8
BLACK
6
CONTINUOUS
10
1.0033355511811024
20
0.440468937007874
11
1.0037574015748032
21
0.4406544488188976
0
LINE
8
BLACK
6
CONTINUOUS
10
1.0037574015748032
20
0.4406544488188976
11
1.0046475984251968
21
0.4404973622047244
0
LINE
8
BLACK
6
CONTINUOUS
10
1.0046475984251968
20
0.4404973622047244
11
1.0051659842519685
21
0.4397567716535433
0
LINE
8
BLACK
6
CONTINUOUS
10
1.0051659842519685
20
0.4397567716535433
11
1.0050088976377953
21
0.4388666141732283
0
LINE
8
BLACK
6
CONTINUOUS
10
1.0050088976377953
20
0.4388666141732283
11
1.0046901574803149
21
0.4385337401574803
0
LINE
8
BLACK
6
CONTINUOUS
10
1.0046901574803149
20
0.4385337401574803
11
0.9976949212598425
21
0.4336370866141732
0
LINE
8
BLACK
6
CONTINUOUS
10
0.9976949212598425
20
0.4336370866141732
11
0.9976949212598425
21
0.4316835826771653
0
LINE
8
BLACK
6
CONTINUOUS
10
0.9976949212598425
20
0.4316835826771653
11
1.0040128740157479
21
0.4316835826771653
0
LINE
8
BLACK
6
CONTINUOUS
10
1.0040128740157479
20
0.4316835826771653
11
1.0044648818897637
21
0.4315936614173228
0
LINE
8
BLACK
6
CONTINUOUS
10
1.0044648818897637
20
0.4315936614173228
11
1.0051040551181103
21
0.4309544881889764
0
LINE
8
BLACK
6
CONTINUOUS
10
1.0051040551181103
20
0.4309544881889764
11
1.0051040551181103
21
0.4300504724409449
0
LINE
8
BLACK
6
CONTINUOUS
10
1.0051040551181103
20
0.4300504724409449
11
1.0044648818897637
21
0.4294112992125984
0
LINE
8
BLACK
6
CONTINUOUS
10
1.0044648818897637
20
0.4294112992125984
11
1.0040128740157479
21
0.4293213779527559
0
LINE
8
BLACK
6
CONTINUOUS
10
1.0040128740157479
20
0.4293213779527559
11
0.988264842519685
21
0.4293213779527559
0
LINE
8
BLACK
6
CONTINUOUS
10
0.988264842519685
20
0.4293213779527559
11
0.9878128346456693
21
0.4294112992125984
0
LINE
8
BLACK
6
CONTINUOUS
10
0.9878128346456693
20
0.4294112992125984
11
0.9871736614173228
21
0.4300504724409449
0
LINE
8
BLACK
6
CONTINUOUS
10
0.9871736614173228
20
0.4300504724409449
11
0.9870837401574802
21
0.4305024803149606
0
LINE
8
BLACK
6
CONTINUOUS
10
0.9870837401574802
20
0.4305024803149606
11
0.9870837401574802
21
0.4365017322834646
0
LINE
8
BLACK
6
CONTINUOUS
10
0.9870837401574802
20
0.4365017322834646
11
0.9870952755905512
21
0.4365598031496063
0
LINE
8
BLACK
6
CONTINUOUS
10
0.9870952755905512
20
0.4365598031496063
11
0.9870867322834646
21
0.4365854330708661
0
LINE
8
BLACK
6
CONTINUOUS
10
0.9870867322834646
20
0.4365854330708661
11
0.9871366929133858
21
0.4367679921259842
0
LINE
8
BLACK
6
CONTINUOUS
10
0.9871366929133858
20
0.4367679921259842
11
0.9871736614173228
21
0.4369537401574803
0
LINE
8
BLACK
6
CONTINUOUS
10
0.9871736614173228
20
0.4369537401574803
11
0.9871927952755906
21
0.4369729133858268
0
LINE
8
BLACK
6
CONTINUOUS
10
0.9871927952755906
20
0.4369729133858268
11
0.9872084251968504
21
0.4370299606299213
0
LINE
8
BLACK
6
CONTINUOUS
10
0.9872084251968504
20
0.4370299606299213
11
0.9879583464566929
21
0.4385297637795276
0
LINE
8
BLACK
6
CONTINUOUS
10
0.9879583464566929
20
0.4385297637795276
11
0.9880745669291339
21
0.4386795275590551
0
LINE
8
BLACK
6
CONTINUOUS
10
0.9880745669291339
20
0.4386795275590551
11
0.9881796062992125
21
0.4388366929133858
0
LINE
8
BLACK
6
CONTINUOUS
10
0.9881796062992125
20
0.4388366929133858
11
0.9889294881889763
21
0.4395866141732284
0
LINE
8
BLACK
6
CONTINUOUS
10
0.9889294881889763
20
0.4395866141732284
11
0.9890872047244095
21
0.4396920078740157
0
LINE
8
BLACK
6
CONTINUOUS
10
0.9890872047244095
20
0.4396920078740157
11
0.9892364566929134
21
0.4398078346456693
0
LINE
8
BLACK
6
CONTINUOUS
10
0.9892364566929134
20
0.4398078346456693
11
0.9907362992125984
21
0.4405577559055118
0
LINE
8
BLACK
6
CONTINUOUS
10
0.9907362992125984
20
0.4405577559055118
11
0.9907933070866142
21
0.4405733858267716
0
LINE
8
BLACK
6
CONTINUOUS
10
0.9907933070866142
20
0.4405733858267716
11
0.9908124803149606
21
0.4405925196850394
0
LINE
8
BLACK
6
CONTINUOUS
10
0.9908124803149606
20
0.4405925196850394
11
0.9909979527559055
21
0.4406294488188977
0
LINE
8
BLACK
6
CONTINUOUS
10
0.9909979527559055
20
0.4406294488188977
11
0.9911807874015748
21
0.4406794881889763
0
LINE
8
BLACK
6
CONTINUOUS
10
0.9911807874015748
20
0.4406794881889763
11
0.991206496062992
21
0.4406709448818897
0
LINE
8
BLACK
6
CONTINUOUS
10
0.991206496062992
20
0.4406709448818897
11
0.9912644881889764
21
0.4406824409448819
0
LINE
8
BLACK
6
CONTINUOUS
10
0.9912644881889764
20
0.4406824409448819
11
0.9935141732283465
21
0.4406824409448819
0
LINE
8
BLACK
6
CONTINUOUS
10
0.9935141732283465
20
0.4406824409448819
11
0.9935722047244094
21
0.440670905511811
0
LINE
8
BLACK
6
CONTINUOUS
10
0.9904642913385826
20
0.437780748031496
11
0.9899854330708662
21
0.4373019291338582
0
LINE
8
BLACK
6
CONTINUOUS
10
0.9899854330708662
20
0.4373019291338582
11
0.9894459448818897
21
0.436222874015748
0
LINE
8
BLACK
6
CONTINUOUS
10
0.9894459448818897
20
0.436222874015748
11
0.9894459448818897
21
0.4316835826771653
0
LINE
8
BLACK
6
CONTINUOUS
10
0.9894459448818897
20
0.4316835826771653
11
0.9953327165354331
21
0.4316835826771653
0
LINE
8
BLACK
6
CONTINUOUS
10
0.9953327165354331
20
0.4316835826771653
11
0.9953327165354331
21
0.436222874015748
0
LINE
8
BLACK
6
CONTINUOUS
10
0.9953327165354331
20
0.436222874015748
11
0.9947931496062992
21
0.4373019291338582
0
LINE
8
BLACK
6
CONTINUOUS
10
0.9947931496062992
20
0.4373019291338582
11
0.9943143700787401
21
0.437780748031496
0
LINE
8
BLACK
6
CONTINUOUS
10
0.9943143700787401
20
0.437780748031496
11
0.9932353543307086
21
0.4383202362204724
0
LINE
8
BLACK
6
CONTINUOUS
10
0.9932353543307086
20
0.4383202362204724
11
0.9915433464566928
21
0.4383202362204724
0
LINE
8
BLACK
6
CONTINUOUS
10
0.9915433464566928
20
0.4383202362204724
11
0.9904642913385826
21
0.437780748031496
0
LINE
8
BLACK
6
CONTINUOUS
10
0.9998547244094488
20
0.4557013779527559
11
0.9999446456692913
21
0.4552493700787402
0
LINE
8
BLACK
6
CONTINUOUS
10
0.9999446456692913
20
0.4552493700787402
11
0.9999446456692913
21
0.4541807480314961
0
LINE
8
BLACK
6
CONTINUOUS
10
0.9999446456692913
20
0.4541807480314961
11
1.0040128740157479
21
0.4541807480314961
0
LINE
8
BLACK
6
CONTINUOUS
10
1.0040128740157479
20
0.4541807480314961
11
1.0044648818897637
21
0.4540908267716535
0
LINE
8
BLACK
6
CONTINUOUS
10
1.0044648818897637
20
0.4540908267716535
11
1.0051040551181103
21
0.4534516535433071
0
LINE
8
BLACK
6
CONTINUOUS
10
1.0051040551181103
20
0.4534516535433071
11
1.0051040551181103
21
0.4525476377952756
0
LINE
8
BLACK
6
CONTINUOUS
10
1.0051040551181103
20
0.4525476377952756
11
1.0044648818897637
21
0.4519084645669291
0
LINE
8
BLACK
6
CONTINUOUS
10
1.0044648818897637
20
0.4519084645669291
11
1.0040128740157479
21
0.4518185433070866
0
LINE
8
BLACK
6
CONTINUOUS
10
1.0040128740157479
20
0.4518185433070866
11
0.9999446456692913
21
0.4518185433070866
0
LINE
8
BLACK
6
CONTINUOUS
10
0.9999446456692913
20
0.4518185433070866
11
0.9999446456692913
21
0.4455005905511811
0
LINE
8
BLACK
6
CONTINUOUS
10
0.9999446456692913
20
0.4455005905511811
11
0.9998547244094488
21
0.4450485826771653
0
LINE
8
BLACK
6
CONTINUOUS
10
0.9998547244094488
20
0.4450485826771653
11
0.9997172440944881
21
0.4449111023622047
0
LINE
8
BLACK
6
CONTINUOUS
10
0.9997172440944881
20
0.4449111023622047
11
0.9996557874015748
21
0.4447267322834645
0
LINE
8
BLACK
6
CONTINUOUS
10
0.9996557874015748
20
0.4447267322834645
11
0.9994099606299213
21
0.4446038188976378
0
LINE
8
BLACK
6
CONTINUOUS
10
0.9994099606299213
20
0.4446038188976378
11
0.9992155511811024
21
0.4444094094488189
0
LINE
8
BLACK
6
CONTINUOUS
10
0.9992155511811024
20
0.4444094094488189
11
0.9990211417322834
21
0.4444094094488189
0
LINE
8
BLACK
6
CONTINUOUS
10
0.9990211417322834
20
0.4444094094488189
11
0.9988472834645669
21
0.4443224803149606
0
LINE
8
BLACK
6
CONTINUOUS
10
0.9988472834645669
20
0.4443224803149606
11
0.9983900393700788
21
0.4443801181102362
0
LINE
8
BLACK
6
CONTINUOUS
10
0.9983900393700788
20
0.4443801181102362
11
0.9871414566929133
21
0.4481296456692913
0
LINE
8
BLACK
6
CONTINUOUS
10
0.9871414566929133
20
0.4481296456692913
11
0.9867411023622047
21
0.448357874015748
0
LINE
8
BLACK
6
CONTINUOUS
10
0.9867411023622047
20
0.448357874015748
11
0.9863368503937008
21
0.4491663779527559
0
LINE
8
BLACK
6
CONTINUOUS
10
0.9863368503937008
20
0.4491663779527559
11
0.9866227165354331
21
0.4500239763779528
0
LINE
8
BLACK
6
CONTINUOUS
10
0.9866227165354331
20
0.4500239763779528
11
0.9874312204724409
21
0.4504282283464567
0
LINE
8
BLACK
6
CONTINUOUS
10
0.9874312204724409
20
0.4504282283464567
11
0.9878884645669291
21
0.4503705905511811
0
LINE
8
BLACK
6
CONTINUOUS
10
0.9878884645669291
20
0.4503705905511811
11
0.9975824409448819
21
0.4471392913385827
0
LINE
8
BLACK
6
CONTINUOUS
10
0.9975824409448819
20
0.4471392913385827
11
0.9975824409448819
21
0.4518185433070866
0
LINE
8
BLACK
6
CONTINUOUS
10
0.9975824409448819
20
0.4518185433070866
11
0.9935141732283465
21
0.4518185433070866
0
LINE
8
BLACK
6
CONTINUOUS
10
0.9935141732283465
20
0.4518185433070866
11
0.9930621653543307
21
0.4519084645669291
0
LINE
8
BLACK
6
CONTINUOUS
10
0.9930621653543307
20
0.4519084645669291
11
0.9924229921259843
21
0.4525476377952756
0
LINE
8
BLACK
6
CONTINUOUS
10
0.9924229921259843
20
0.4525476377952756
11
0.9924229921259843
21
0.4534516535433071
0
LINE
8
BLACK
6
CONTINUOUS
10
0.9924229921259843
20
0.4534516535433071
11
0.9930621653543307
21
0.4540908267716535
0
LINE
8
BLACK
6
CONTINUOUS
10
0.9930621653543307
20
0.4540908267716535
11
0.9935141732283465
21
0.4541807480314961
0
LINE
8
BLACK
6
CONTINUOUS
10
0.9935141732283465
20
0.4541807480314961
11
0.9975824409448819
21
0.4541807480314961
0
LINE
8
BLACK
6
CONTINUOUS
10
0.9975824409448819
20
0.4541807480314961
11
0.9975824409448819
21
0.4552493700787402
0
LINE
8
BLACK
6
CONTINUOUS
10
0.9975824409448819
20
0.4552493700787402
11
0.9976723622047244
21
0.4557013779527559
0
LINE
8
BLACK
6
CONTINUOUS
10
0.9976723622047244
20
0.4557013779527559
11
0.9983115354330708
21
0.4563405511811023
0
LINE
8
BLACK
6
CONTINUOUS
10
0.9983115354330708
20
0.4563405511811023
11
0.9992155511811024
21
0.4563405511811023
0
LINE
8
BLACK
6
CONTINUOUS
10
0.9992155511811024
20
0.4563405511811023
11
0.9998547244094488
21
0.4557013779527559
0
LINE
8
BLACK
6
CONTINUOUS
10
1.0138438582677165
20
0.4754407086614173
11
1.0149092125984251
21
0.4743753543307087
0
LINE
8
BLACK
6
CONTINUOUS
10
1.0149092125984251
20
0.4743753543307087
11
1.0150590551181102
21
0.4736220472440945
0
LINE
8
BLACK
6
CONTINUOUS
10
1.0150590551181102
20
0.4736220472440945
11
1.0150590551181102
21
0.4106299212598425
0
LINE
8
BLACK
6
CONTINUOUS
10
1.0150590551181102
20
0.4106299212598425
11
1.0149092125984251
21
0.4098766141732283
0
LINE
8
BLACK
6
CONTINUOUS
10
1.0149092125984251
20
0.4098766141732283
11
1.0138438582677165
21
0.4088112598425197
0
LINE
8
BLACK
6
CONTINUOUS
10
1.0138438582677165
20
0.4088112598425197
11
1.0130905511811024
21
0.4086614173228346
0
LINE
8
BLACK
6
CONTINUOUS
10
1.0130905511811024
20
0.4086614173228346
11
0.9806102362204724
21
0.4086614173228346
0
LINE
8
BLACK
6
CONTINUOUS
10
0.9806102362204724
20
0.4086614173228346
11
0.9798569291338582
21
0.4088112598425197
0
LINE
8
BLACK
6
CONTINUOUS
10
0.9798569291338582
20
0.4088112598425197
11
0.9787915748031496
21
0.4098766141732283
0
LINE
8
BLACK
6
CONTINUOUS
10
0.9787915748031496
20
0.4098766141732283
11
0.9786417322834645
21
0.4106299212598425
0
LINE
8
BLACK
6
CONTINUOUS
10
0.9786417322834645
20
0.4106299212598425
11
0.9786417322834645
21
0.4736220472440945
0
LINE
8
BLACK
6
CONTINUOUS
10
0.9786417322834645
20
0.4736220472440945
11
0.9787915748031496
21
0.4743753543307087
0
LINE
8
BLACK
6
CONTINUOUS
10
0.9787915748031496
20
0.4743753543307087
11
0.9798569291338582
21
0.4754407086614173
0
LINE
8
BLACK
6
CONTINUOUS
10
0.9798569291338582
20
0.4754407086614173
11
0.9806102362204724
21
0.4755905511811023
0
LINE
8
BLACK
6
CONTINUOUS
10
0.9806102362204724
20
0.4755905511811023
11
1.0130905511811024
21
0.4755905511811023
0
LINE
8
BLACK
6
CONTINUOUS
10
1.0130905511811024
20
0.4755905511811023
11
1.0138438582677165
21
0.4754407086614173
0
LINE
8
BLACK
6
CONTINUOUS
10
0.9825787401574803
20
0.4716535433070866
11
0.9825787401574803
21
0.4125984251968504
0
LINE
8
BLACK
6
CONTINUOUS
10
0.9825787401574803
20
0.4125984251968504
11
1.0111220472440945
21
0.4125984251968504
0
LINE
8
BLACK
6
CONTINUOUS
10
1.0111220472440945
20
0.4125984251968504
11
1.0111220472440945
21
0.4716535433070866
0
LINE
8
BLACK
6
CONTINUOUS
10
1.0111220472440945
20
0.4716535433070866
11
0.9825787401574803
21
0.4716535433070866
0
LINE
8
BLACK
6
CONTINUOUS
10
0.9590335039370078
20
0.476893031496063
11
0.9600979133858267
21
0.476452125984252
0
LINE
8
BLACK
6
CONTINUOUS
10
0.9600979133858267
20
0.476452125984252
11
0.9609125590551181
21
0.4756374803149606
0
LINE
8
BLACK
6
CONTINUOUS
10
0.9609125590551181
20
0.4756374803149606
11
0.9613534645669292
21
0.4745730708661417
0
LINE
8
BLACK
6
CONTINUOUS
10
0.9613534645669292
20
0.4745730708661417
11
0.9613534645669292
21
0.4734209448818897
0
LINE
8
BLACK
6
CONTINUOUS
10
0.9613534645669292
20
0.4734209448818897
11
0.9609125590551181
21
0.4723565354330709
0
LINE
8
BLACK
6
CONTINUOUS
10
0.9609125590551181
20
0.4723565354330709
11
0.9600979133858267
21
0.4715418897637795
0
LINE
8
BLACK
6
CONTINUOUS
10
0.9600979133858267
20
0.4715418897637795
11
0.9590335039370078
21
0.4711009842519685
0
LINE
8
BLACK
6
CONTINUOUS
10
0.9590335039370078
20
0.4711009842519685
11
0.9584574409448818
21
0.4710442519685039
0
LINE
8
BLACK
6
CONTINUOUS
10
0.9584574409448818
20
0.4710442519685039
11
0.932397125984252
21
0.4710442519685039
0
LINE
8
BLACK
6
CONTINUOUS
10
0.932397125984252
20
0.4710442519685039
11
0.9484575196850393
21
0.4635494094488189
0
LINE
8
BLACK
6
CONTINUOUS
10
0.9484575196850393
20
0.4635494094488189
11
0.9486685039370079
21
0.4634244488188976
0
LINE
8
BLACK
6
CONTINUOUS
10
0.9486685039370079
20
0.4634244488188976
11
0.9487398818897638
21
0.4633984645669291
0
LINE
8
BLACK
6
CONTINUOUS
10
0.9487398818897638
20
0.4633984645669291
11
0.9487903543307087
21
0.4633522440944882
0
LINE
8
BLACK
6
CONTINUOUS
10
0.9487903543307087
20
0.4633522440944882
11
0.9489555511811023
21
0.4632543700787402
0
LINE
8
BLACK
6
CONTINUOUS
10
0.9489555511811023
20
0.4632543700787402
11
0.9492585826771653
21
0.4629234645669291
0
LINE
8
BLACK
6
CONTINUOUS
10
0.9492585826771653
20
0.4629234645669291
11
0.9495895669291339
21
0.4626203543307086
0
LINE
8
BLACK
6
CONTINUOUS
10
0.9495895669291339
20
0.4626203543307086
11
0.9496450393700787
21
0.4625014566929134
0
LINE
8
BLACK
6
CONTINUOUS
10
0.9496450393700787
20
0.4625014566929134
11
0.9497336220472441
21
0.4624047244094488
0
LINE
8
BLACK
6
CONTINUOUS
10
0.9497336220472441
20
0.4624047244094488
11
0.9498869291338582
21
0.4619831102362205
0
LINE
8
BLACK
6
CONTINUOUS
10
0.9498869291338582
20
0.4619831102362205
11
0.9500767716535433
21
0.4615763385826772
0
LINE
8
BLACK
6
CONTINUOUS
10
0.9500767716535433
20
0.4615763385826772
11
0.9500825196850393
21
0.4614453149606299
0
LINE
8
BLACK
6
CONTINUOUS
10
0.9500825196850393
20
0.4614453149606299
11
0.9501273622047244
21
0.4613220078740157
0
LINE
8
BLACK
6
CONTINUOUS
10
0.9501273622047244
20
0.4613220078740157
11
0.9501076377952755
21
0.4608736614173228
0
LINE
8
BLACK
6
CONTINUOUS
10
0.9501076377952755
20
0.4608736614173228
11
0.9501273622047244
21
0.4604253149606299
0
LINE
8
BLACK
6
CONTINUOUS
10
0.9501273622047244
20
0.4604253149606299
11
0.9500825196850393
21
0.4603020472440945
0
LINE
8
BLACK
6
CONTINUOUS
10
0.9500825196850393
20
0.4603020472440945
11
0.9500767716535433
21
0.4601709842519685
0
LINE
8
BLACK
6
CONTINUOUS
10
0.9500767716535433
20
0.4601709842519685
11
0.9498869291338582
21
0.4597642519685039
0
LINE
8
BLACK
6
CONTINUOUS
10
0.9498869291338582
20
0.4597642519685039
11
0.9497336220472441
21
0.4593425984251968
0
LINE
8
BLACK
6
CONTINUOUS
10
0.9497336220472441
20
0.4593425984251968
11
0.9496450393700787
21
0.459245905511811
0
LINE
8
BLACK
6
CONTINUOUS
10
0.9496450393700787
20
0.459245905511811
11
0.9495895669291339
21
0.459126968503937
0
LINE
8
BLACK
6
CONTINUOUS
10
0.9495895669291339
20
0.459126968503937
11
0.9492585826771653
21
0.4588238976377952
0
LINE
8
BLACK
6
CONTINUOUS
10
0.9492585826771653
20
0.4588238976377952
11
0.9489555511811023
21
0.4584929527559055
0
LINE
8
BLACK
6
CONTINUOUS
10
0.9489555511811023
20
0.4584929527559055
11
0.9487903543307087
21
0.4583951181102362
0
LINE
8
BLACK
6
CONTINUOUS
10
0.9487903543307087
20
0.4583951181102362
11
0.9487398818897638
21
0.4583488582677165
0
LINE
8
BLACK
6
CONTINUOUS
10
0.9487398818897638
20
0.4583488582677165
11
0.9486685039370079
21
0.4583229133858268
0
LINE
8
BLACK
6
CONTINUOUS
10
0.9486685039370079
20
0.4583229133858268
11
0.9484575196850393
21
0.4581979133858268
0
LINE
8
BLACK
6
CONTINUOUS
10
0.9484575196850393
20
0.4581979133858268
11
0.932397125984252
21
0.4507030708661417
0
LINE
8
BLACK
6
CONTINUOUS
10
0.932397125984252
20
0.4507030708661417
11
0.9584574409448818
21
0.4507030708661417
0
LINE
8
BLACK
6
CONTINUOUS
10
0.9584574409448818
20
0.4507030708661417
11
0.9590335039370078
21
0.4506463385826772
0
LINE
8
BLACK
6
CONTINUOUS
10
0.9590335039370078
20
0.4506463385826772
11
0.9600979133858267
21
0.4502054330708661
0
LINE
8
BLACK
6
CONTINUOUS
10
0.9600979133858267
20
0.4502054330708661
11
0.9609125590551181
21
0.4493907874015748
0
LINE
8
BLACK
6
CONTINUOUS
10
0.9609125590551181
20
0.4493907874015748
11
0.9613534645669292
21
0.4483263779527559
0
LINE
8
BLACK
6
CONTINUOUS
10
0.9613534645669292
20
0.4483263779527559
11
0.9613534645669292
21
0.4471742519685039
0
LINE
8
BLACK
6
CONTINUOUS
10
0.9613534645669292
20
0.4471742519685039
11
0.9609125590551181
21
0.4461098425196851
0
LINE
8
BLACK
6
CONTINUOUS
10
0.9609125590551181
20
0.4461098425196851
11
0.9600979133858267
21
0.4452951968503937
0
LINE
8
BLACK
6
CONTINUOUS
10
0.9600979133858267
20
0.4452951968503937
11
0.9590335039370078
21
0.4448542913385827
0
LINE
8
BLACK
6
CONTINUOUS
10
0.9590335039370078
20
0.4448542913385827
11
0.9584574409448818
21
0.4447975590551181
0
LINE
8
BLACK
6
CONTINUOUS
10
0.9584574409448818
20
0.4447975590551181
11
0.9190873622047244
21
0.4447975590551181
0
LINE
8
BLACK
6
CONTINUOUS
10
0.9190873622047244
20
0.4447975590551181
11
0.9187085433070866
21
0.4448348818897638
0
LINE
8
BLACK
6
CONTINUOUS
10
0.9187085433070866
20
0.4448348818897638
11
0.9186390157480315
21
0.444831811023622
0
LINE
8
BLACK
6
CONTINUOUS
10
0.9186390157480315
20
0.444831811023622
11
0.918601653543307
21
0.4448453937007874
0
LINE
8
BLACK
6
CONTINUOUS
10
0.918601653543307
20
0.4448453937007874
11
0.9185112992125984
21
0.4448542913385827
0
LINE
8
BLACK
6
CONTINUOUS
10
0.9185112992125984
20
0.4448542913385827
11
0.9180377952755905
21
0.4450504330708661
0
LINE
8
BLACK
6
CONTINUOUS
10
0.9180377952755905
20
0.4450504330708661
11
0.9175562992125984
21
0.4452255118110236
0
LINE
8
BLACK
6
CONTINUOUS
10
0.9175562992125984
20
0.4452255118110236
11
0.9175077165354331
21
0.44527
0
LINE
8
BLACK
6
CONTINUOUS
10
0.9175077165354331
20
0.44527
11
0.9174468897637795
21
0.4452951968503937
0
LINE
8
BLACK
6
CONTINUOUS
10
0.9174468897637795
20
0.4452951968503937
11
0.9170844488188976
21
0.4456576377952756
0
LINE
8
BLACK
6
CONTINUOUS
10
0.9170844488188976
20
0.4456576377952756
11
0.916706653543307
21
0.4460036220472441
0
LINE
8
BLACK
6
CONTINUOUS
10
0.916706653543307
20
0.4460036220472441
11
0.9166787795275591
21
0.4460633070866142
0
LINE
8
BLACK
6
CONTINUOUS
10
0.9166787795275591
20
0.4460633070866142
11
0.9166322440944882
21
0.4461098425196851
0
LINE
8
BLACK
6
CONTINUOUS
10
0.9166322440944882
20
0.4461098425196851
11
0.9164361811023621
21
0.4465831496062992
0
LINE
8
BLACK
6
CONTINUOUS
10
0.9164361811023621
20
0.4465831496062992
11
0.9162194094488189
21
0.4470476377952756
0
LINE
8
BLACK
6
CONTINUOUS
10
0.9162194094488189
20
0.4470476377952756
11
0.9162164960629922
21
0.4471134645669291
0
LINE
8
BLACK
6
CONTINUOUS
10
0.9162164960629922
20
0.4471134645669291
11
0.9161913385826771
21
0.4471742519685039
0
LINE
8
BLACK
6
CONTINUOUS
10
0.9161913385826771
20
0.4471742519685039
11
0.9161913385826771
21
0.447686811023622
0
LINE
8
BLACK
6
CONTINUOUS
10
0.9161913385826771
20
0.447686811023622
11
0.9161688582677165
21
0.4481986614173228
0
LINE
8
BLACK
6
CONTINUOUS
10
0.9161688582677165
20
0.4481986614173228
11
0.9161913385826771
21
0.4482605118110236
0
LINE
8
BLACK
6
CONTINUOUS
10
0.9161913385826771
20
0.4482605118110236
11
0.9161913385826771
21
0.4483263779527559
0
LINE
8
BLACK
6
CONTINUOUS
10
0.9161913385826771
20
0.4483263779527559
11
0.9163874409448819
21
0.4487998818897638
0
LINE
8
BLACK
6
CONTINUOUS
10
0.9163874409448819
20
0.4487998818897638
11
0.9165625590551181
21
0.4492813779527559
0
LINE
8
BLACK
6
CONTINUOUS
10
0.9165625590551181
20
0.4492813779527559
11
0.9166070078740157
21
0.4493299606299213
0
LINE
8
BLACK
6
CONTINUOUS
10
0.9166070078740157
20
0.4493299606299213
11
0.9166322440944882
21
0.4493907874015748
0
LINE
8
BLACK
6
CONTINUOUS
10
0.9166322440944882
20
0.4493907874015748
11
0.9169946456692913
21
0.4497532283464567
0
LINE
8
BLACK
6
CONTINUOUS
10
0.9169946456692913
20
0.4497532283464567
11
0.9173406692913385
21
0.4501310236220472
0
LINE
8
BLACK
6
CONTINUOUS
10
0.9173406692913385
20
0.4501310236220472
11
0.9174187007874015
21
0.4501772834645669
0
LINE
8
BLACK
6
CONTINUOUS
10
0.9174187007874015
20
0.4501772834645669
11
0.9174468897637795
21
0.4502054330708661
0
LINE
8
BLACK
6
CONTINUOUS
10
0.9174468897637795
20
0.4502054330708661
11
0.9175112992125984
21
0.4502321653543307
0
LINE
8
BLACK
6
CONTINUOUS
10
0.9175112992125984
20
0.4502321653543307
11
0.9178387007874016
21
0.450426062992126
0
LINE
8
BLACK
6
CONTINUOUS
10
0.9178387007874016
20
0.450426062992126
11
0.9402263779527559
21
0.4608736614173228
0
LINE
8
BLACK
6
CONTINUOUS
10
0.9402263779527559
20
0.4608736614173228
11
0.9178387007874016
21
0.4713212598425197
0
LINE
8
BLACK
6
CONTINUOUS
10
0.9178387007874016
20
0.4713212598425197
11
0.9175112992125984
21
0.4715151968503937
0
LINE
8
BLACK
6
CONTINUOUS
10
0.9175112992125984
20
0.4715151968503937
11
0.9174468897637795
21
0.4715418897637795
0
LINE
8
BLACK
6
CONTINUOUS
10
0.9174468897637795
20
0.4715418897637795
11
0.9174187007874015
21
0.4715700787401575
0
LINE
8
BLACK
6
CONTINUOUS
10
0.9174187007874015
20
0.4715700787401575
11
0.9173406692913385
21
0.4716162992125984
0
LINE
8
BLACK
6
CONTINUOUS
10
0.9173406692913385
20
0.4716162992125984
11
0.9169946456692913
21
0.4719941338582677
0
LINE
8
BLACK
6
CONTINUOUS
10
0.9169946456692913
20
0.4719941338582677
11
0.9166322440944882
21
0.4723565354330709
0
LINE
8
BLACK
6
CONTINUOUS
10
0.9166322440944882
20
0.4723565354330709
11
0.9166070078740157
21
0.4724174015748032
0
LINE
8
BLACK
6
CONTINUOUS
10
0.9166070078740157
20
0.4724174015748032
11
0.9165625590551181
21
0.4724659448818898
0
LINE
8
BLACK
6
CONTINUOUS
10
0.9165625590551181
20
0.4724659448818898
11
0.9163874409448819
21
0.4729474803149606
0
LINE
8
BLACK
6
CONTINUOUS
10
0.9163874409448819
20
0.4729474803149606
11
0.9161913385826771
21
0.4734209448818897
0
LINE
8
BLACK
6
CONTINUOUS
10
0.9161913385826771
20
0.4734209448818897
11
0.9161913385826771
21
0.4734868503937008
0
LINE
8
BLACK
6
CONTINUOUS
10
0.9161913385826771
20
0.4734868503937008
11
0.9161688582677165
21
0.4735486614173228
0
LINE
8
BLACK
6
CONTINUOUS
10
0.9161688582677165
20
0.4735486614173228
11
0.9161913385826771
21
0.4740605511811024
0
LINE
8
BLACK
6
CONTINUOUS
10
0.9161913385826771
20
0.4740605511811024
11
0.9161913385826771
21
0.4745730708661417
0
LINE
8
BLACK
6
CONTINUOUS
10
0.9161913385826771
20
0.4745730708661417
11
0.9162164960629922
21
0.4746338976377953
0
LINE
8
BLACK
6
CONTINUOUS
10
0.9162164960629922
20
0.4746338976377953
11
0.9162194094488189
21
0.47469968503937
0
LINE
8
BLACK
6
CONTINUOUS
10
0.9162194094488189
20
0.47469968503937
11
0.9164361811023621
21
0.4751642125984252
0
LINE
8
BLACK
6
CONTINUOUS
10
0.9164361811023621
20
0.4751642125984252
11
0.9166322440944882
21
0.4756374803149606
0
LINE
8
BLACK
6
CONTINUOUS
10
0.9166322440944882
20
0.4756374803149606
11
0.9166787795275591
21
0.4756840551181102
0
LINE
8
BLACK
6
CONTINUOUS
10
0.9166787795275591
20
0.4756840551181102
11
0.916706653543307
21
0.4757437007874016
0
LINE
8
BLACK
6
CONTINUOUS
10
0.916706653543307
20
0.4757437007874016
11
0.9170844488188976
21
0.4760897244094488
0
LINE
8
BLACK
6
CONTINUOUS
10
0.9170844488188976
20
0.4760897244094488
11
0.9174468897637795
21
0.476452125984252
0
LINE
8
BLACK
6
CONTINUOUS
10
0.9174468897637795
20
0.476452125984252
11
0.9175077165354331
21
0.4764773622047244
0
LINE
8
BLACK
6
CONTINUOUS
10
0.9175077165354331
20
0.4764773622047244
11
0.9175562992125984
21
0.476521811023622
0
LINE
8
BLACK
6
CONTINUOUS
10
0.9175562992125984
20
0.476521811023622
11
0.9180377952755905
21
0.4766969291338582
0
LINE
8
BLACK
6
CONTINUOUS
10
0.9180377952755905
20
0.4766969291338582
11
0.9185112992125984
21
0.476893031496063
0
LINE
8
BLACK
6
CONTINUOUS
10
0.9185112992125984
20
0.476893031496063
11
0.918601653543307
21
0.476901968503937
0
LINE
8
BLACK
6
CONTINUOUS
10
0.918601653543307
20
0.476901968503937
11
0.9186390157480315
21
0.4769155118110236
0
LINE
8
BLACK
6
CONTINUOUS
10
0.9186390157480315
20
0.4769155118110236
11
0.9187085433070866
21
0.4769124803149606
0
LINE
8
BLACK
6
CONTINUOUS
10
0.9187085433070866
20
0.4769124803149606
11
0.9190873622047244
21
0.4769497637795275
0
LINE
8
BLACK
6
CONTINUOUS
10
0.9190873622047244
20
0.4769497637795275
11
0.9584574409448818
21
0.4769497637795275
0
LINE
8
BLACK
6
CONTINUOUS
10
0.9584574409448818
20
0.4769497637795275
11
0.9590335039370078
21
0.476893031496063
0
LINE
8
BLACK
6
CONTINUOUS
10
0.6823827952755905
20
0.5566713385826771
11
0.6824605511811024
21
0.5566768503937007
0
LINE
8
BLACK
6
CONTINUOUS
10
0.6824605511811024
20
0.5566768503937007
11
0.6825627952755905
21
0.5566536220472441
0
LINE
8
BLACK
6
CONTINUOUS
10
0.6825627952755905
20
0.5566536220472441
11
0.6826673228346457
21
0.5566433070866141
0
LINE
8
BLACK
6
CONTINUOUS
10
0.6826673228346457
20
0.5566433070866141
11
0.6827394094488188
21
0.5566134645669292
0
LINE
8
BLACK
6
CONTINUOUS
10
0.6827394094488188
20
0.5566134645669292
11
0.683025
21
0.5565485039370078
0
LINE
8
BLACK
6
CONTINUOUS
10
0.683025
20
0.5565485039370078
11
0.6886492913385827
21
0.5546737401574803
0
LINE
8
BLACK
6
CONTINUOUS
10
0.6886492913385827
20
0.5546737401574803
11
0.6891778346456693
21
0.5544377559055118
0
LINE
8
BLACK
6
CONTINUOUS
10
0.6891778346456693
20
0.5544377559055118
11
0.6892579527559055
21
0.5543682677165355
0
LINE
8
BLACK
6
CONTINUOUS
10
0.6892579527559055
20
0.5543682677165355
11
0.6893560236220472
21
0.5543276377952756
0
LINE
8
BLACK
6
CONTINUOUS
10
0.6893560236220472
20
0.5543276377952756
11
0.6898034645669291
21
0.5539604330708662
0
LINE
8
BLACK
6
CONTINUOUS
10
0.6898034645669291
20
0.5539604330708662
11
0.6916782283464566
21
0.5520856692913386
0
LINE
8
BLACK
6
CONTINUOUS
10
0.6916782283464566
20
0.5520856692913386
11
0.6920454330708661
21
0.5516382283464567
0
LINE
8
BLACK
6
CONTINUOUS
10
0.6920454330708661
20
0.5516382283464567
11
0.6924863385826772
21
0.5505738188976378
0
LINE
8
BLACK
6
CONTINUOUS
10
0.6924863385826772
20
0.5505738188976378
11
0.6924863385826772
21
0.5494217322834646
0
LINE
8
BLACK
6
CONTINUOUS
10
0.6924863385826772
20
0.5494217322834646
11
0.6920454330708661
21
0.5483573228346457
0
LINE
8
BLACK
6
CONTINUOUS
10
0.6920454330708661
20
0.5483573228346457
11
0.6912307480314961
21
0.5475426377952756
0
LINE
8
BLACK
6
CONTINUOUS
10
0.6912307480314961
20
0.5475426377952756
11
0.6901663385826772
21
0.5471017322834646
0
LINE
8
BLACK
6
CONTINUOUS
10
0.6901663385826772
20
0.5471017322834646
11
0.689014251968504
21
0.5471017322834646
0
LINE
8
BLACK
6
CONTINUOUS
10
0.689014251968504
20
0.5471017322834646
11
0.6879498425196851
21
0.5475426377952756
0
LINE
8
BLACK
6
CONTINUOUS
10
0.6879498425196851
20
0.5475426377952756
11
0.6875024015748031
21
0.547909842519685
0
LINE
8
BLACK
6
CONTINUOUS
10
0.6875024015748031
20
0.547909842519685
11
0.6861205118110236
21
0.5492917322834645
0
LINE
8
BLACK
6
CONTINUOUS
10
0.6861205118110236
20
0.5492917322834645
11
0.6816121259842519
21
0.5507945275590551
0
LINE
8
BLACK
6
CONTINUOUS
10
0.6816121259842519
20
0.5507945275590551
11
0.6788208661417323
21
0.5507945275590551
0
LINE
8
BLACK
6
CONTINUOUS
10
0.6788208661417323
20
0.5507945275590551
11
0.6743124803149606
21
0.5492917322834645
0
LINE
8
BLACK
6
CONTINUOUS
10
0.6743124803149606
20
0.5492917322834645
11
0.6713946456692913
21
0.5463738976377953
0
LINE
8
BLACK
6
CONTINUOUS
10
0.6713946456692913
20
0.5463738976377953
11
0.6698791338582677
21
0.5433429133858267
0
LINE
8
BLACK
6
CONTINUOUS
10
0.6698791338582677
20
0.5433429133858267
11
0.6681711417322834
21
0.5365108661417323
0
LINE
8
BLACK
6
CONTINUOUS
10
0.6681711417322834
20
0.5365108661417323
11
0.6681711417322834
21
0.5316136614173228
0
LINE
8
BLACK
6
CONTINUOUS
10
0.6681711417322834
20
0.5316136614173228
11
0.6698791338582677
21
0.5247816141732283
0
LINE
8
BLACK
6
CONTINUOUS
10
0.6698791338582677
20
0.5247816141732283
11
0.6713946456692913
21
0.5217506299212599
0
LINE
8
BLACK
6
CONTINUOUS
10
0.6713946456692913
20
0.5217506299212599
11
0.6743124803149606
21
0.5188327559055118
0
LINE
8
BLACK
6
CONTINUOUS
10
0.6743124803149606
20
0.5188327559055118
11
0.6788208661417323
21
0.5173299606299212
0
LINE
8
BLACK
6
CONTINUOUS
10
0.6788208661417323
20
0.5173299606299212
11
0.6816121259842519
21
0.5173299606299212
0
LINE
8
BLACK
6
CONTINUOUS
10
0.6816121259842519
20
0.5173299606299212
11
0.6861205118110236
21
0.5188327952755906
0
LINE
8
BLACK
6
CONTINUOUS
10
0.6861205118110236
20
0.5188327952755906
11
0.6875023622047244
21
0.5202146456692913
0
LINE
8
BLACK
6
CONTINUOUS
10
0.6875023622047244
20
0.5202146456692913
11
0.6879498425196851
21
0.5205818897637795
0
LINE
8
BLACK
6
CONTINUOUS
10
0.6879498425196851
20
0.5205818897637795
11
0.689014251968504
21
0.5210227952755906
0
LINE
8
BLACK
6
CONTINUOUS
10
0.689014251968504
20
0.5210227952755906
11
0.6901663385826772
21
0.5210227952755906
0
LINE
8
BLACK
6
CONTINUOUS
10
0.6901663385826772
20
0.5210227952755906
11
0.6912307480314961
21
0.5205819291338583
0
LINE
8
BLACK
6
CONTINUOUS
10
0.6912307480314961
20
0.5205819291338583
11
0.6920454330708661
21
0.5197672440944882
0
LINE
8
BLACK
6
CONTINUOUS
10
0.6920454330708661
20
0.5197672440944882
11
0.6924863385826772
21
0.5187028346456692
0
LINE
8
BLACK
6
CONTINUOUS
10
0.6924863385826772
20
0.5187028346456692
11
0.6924863385826772
21
0.517550748031496
0
LINE
8
BLACK
6
CONTINUOUS
10
0.6924863385826772
20
0.517550748031496
11
0.6920454724409448
21
0.5164863385826771
0
LINE
8
BLACK
6
CONTINUOUS
10
0.6920454724409448
20
0.5164863385826771
11
0.6916782283464566
21
0.5160388582677166
0
LINE
8
BLACK
6
CONTINUOUS
10
0.6916782283464566
20
0.5160388582677166
11
0.6898035039370078
21
0.514164094488189
0
LINE
8
BLACK
6
CONTINUOUS
10
0.6898035039370078
20
0.514164094488189
11
0.6893560236220472
21
0.5137968503937008
0
LINE
8
BLACK
6
CONTINUOUS
10
0.6893560236220472
20
0.5137968503937008
11
0.6892579527559055
21
0.5137562598425197
0
LINE
8
BLACK
6
CONTINUOUS
10
0.6892579527559055
20
0.5137562598425197
11
0.6891778346456693
21
0.5136867322834645
0
LINE
8
BLACK
6
CONTINUOUS
10
0.6891778346456693
20
0.5136867322834645
11
0.6886492913385827
21
0.513450748031496
0
LINE
8
BLACK
6
CONTINUOUS
10
0.6886492913385827
20
0.513450748031496
11
0.683025
21
0.5115759842519685
0
LINE
8
BLACK
6
CONTINUOUS
10
0.683025
20
0.5115759842519685
11
0.6827394094488188
21
0.511511062992126
0
LINE
8
BLACK
6
CONTINUOUS
10
0.6827394094488188
20
0.511511062992126
11
0.6826673228346457
21
0.5114811811023622
0
LINE
8
BLACK
6
CONTINUOUS
10
0.6826673228346457
20
0.5114811811023622
11
0.6825627952755905
21
0.511470905511811
0
LINE
8
BLACK
6
CONTINUOUS
10
0.6825627952755905
20
0.511470905511811
11
0.6824605511811024
21
0.5114476377952756
0
LINE
8
BLACK
6
CONTINUOUS
10
0.6824605511811024
20
0.5114476377952756
11
0.6823827952755905
21
0.5114531889763779
0
LINE
8
BLACK
6
CONTINUOUS
10
0.6823827952755905
20
0.5114531889763779
11
0.6820912598425196
21
0.5114244488188976
0
LINE
8
BLACK
6
CONTINUOUS
10
0.6820912598425196
20
0.5114244488188976
11
0.6783417322834645
21
0.5114244488188976
0
LINE
8
BLACK
6
CONTINUOUS
10
0.6783417322834645
20
0.5114244488188976
11
0.6780501181102362
21
0.5114531889763779
0
LINE
8
BLACK
6
CONTINUOUS
10
0.6780501181102362
20
0.5114531889763779
11
0.6779724015748031
21
0.5114476377952756
0
LINE
8
BLACK
6
CONTINUOUS
10
0.6779724015748031
20
0.5114476377952756
11
0.6778701181102362
21
0.511470905511811
0
LINE
8
BLACK
6
CONTINUOUS
10
0.6778701181102362
20
0.511470905511811
11
0.6777656692913385
21
0.5114811811023622
0
LINE
8
BLACK
6
CONTINUOUS
10
0.6777656692913385
20
0.5114811811023622
11
0.6776935826771653
21
0.511511062992126
0
LINE
8
BLACK
6
CONTINUOUS
10
0.6776935826771653
20
0.511511062992126
11
0.6774079527559055
21
0.5115759842519685
0
LINE
8
BLACK
6
CONTINUOUS
10
0.6774079527559055
20
0.5115759842519685
11
0.6717837007874016
21
0.513450748031496
0
LINE
8
BLACK
6
CONTINUOUS
10
0.6717837007874016
20
0.513450748031496
11
0.6712551181102362
21
0.5136867322834645
0
LINE
8
BLACK
6
CONTINUOUS
10
0.6712551181102362
20
0.5136867322834645
11
0.671175
21
0.513756220472441
0
LINE
8
BLACK
6
CONTINUOUS
10
0.671175
20
0.513756220472441
11
0.6710769685039369
21
0.5137968110236221
0
LINE
8
BLACK
6
CONTINUOUS
10
0.6710769685039369
20
0.5137968110236221
11
0.6706295275590551
21
0.5141640551181103
0
LINE
8
BLACK
6
CONTINUOUS
10
0.6706295275590551
20
0.5141640551181103
11
0.66688
21
0.5179136220472441
0
LINE
8
BLACK
6
CONTINUOUS
10
0.66688
20
0.5179136220472441
11
0.6666942125984252
21
0.5181399999999999
0
LINE
8
BLACK
6
CONTINUOUS
10
0.6666942125984252
20
0.5181399999999999
11
0.6666352362204724
21
0.5181911417322834
0
LINE
8
BLACK
6
CONTINUOUS
10
0.6666352362204724
20
0.5181911417322834
11
0.6665792519685039
21
0.5182800787401575
0
LINE
8
BLACK
6
CONTINUOUS
10
0.6665792519685039
20
0.5182800787401575
11
0.6665127559055118
21
0.5183611023622047
0
LINE
8
BLACK
6
CONTINUOUS
10
0.6665127559055118
20
0.5183611023622047
11
0.6664829133858268
21
0.5184331496062992
0
LINE
8
BLACK
6
CONTINUOUS
10
0.6664829133858268
20
0.5184331496062992
11
0.6663268897637795
21
0.5186810236220473
0
LINE
8
BLACK
6
CONTINUOUS
10
0.6663268897637795
20
0.5186810236220473
11
0.664452125984252
21
0.5224305511811024
0
LINE
8
BLACK
6
CONTINUOUS
10
0.664452125984252
20
0.5224305511811024
11
0.6644359842519685
21
0.5224726771653543
0
LINE
8
BLACK
6
CONTINUOUS
10
0.6644359842519685
20
0.5224726771653543
11
0.6644233070866141
21
0.5224898031496062
0
LINE
8
BLACK
6
CONTINUOUS
10
0.6644233070866141
20
0.5224898031496062
11
0.6643368503937007
21
0.5227317716535433
0
LINE
8
BLACK
6
CONTINUOUS
10
0.6643368503937007
20
0.5227317716535433
11
0.6642452362204724
21
0.5229711811023622
0
LINE
8
BLACK
6
CONTINUOUS
10
0.6642452362204724
20
0.5229711811023622
11
0.6642437007874016
21
0.5229924409448818
0
LINE
8
BLACK
6
CONTINUOUS
10
0.6642437007874016
20
0.5229924409448818
11
0.6642285433070866
21
0.5230349212598425
0
LINE
8
BLACK
6
CONTINUOUS
10
0.6642285433070866
20
0.5230349212598425
11
0.662353779527559
21
0.5305339763779527
0
LINE
8
BLACK
6
CONTINUOUS
10
0.662353779527559
20
0.5305339763779527
11
0.6623389763779527
21
0.5306338582677165
0
LINE
8
BLACK
6
CONTINUOUS
10
0.6623389763779527
20
0.5306338582677165
11
0.6623223622047244
21
0.5306740551181103
0
LINE
8
BLACK
6
CONTINUOUS
10
0.6623223622047244
20
0.5306740551181103
11
0.6623009842519685
21
0.5308911023622047
0
LINE
8
BLACK
6
CONTINUOUS
10
0.6623009842519685
20
0.5308911023622047
11
0.6622691338582677
21
0.5311065748031496
0
LINE
8
BLACK
6
CONTINUOUS
10
0.6622691338582677
20
0.5311065748031496
11
0.6622755118110236
21
0.5311496062992126
0
LINE
8
BLACK
6
CONTINUOUS
10
0.6622755118110236
20
0.5311496062992126
11
0.6622656299212598
21
0.5312501181102363
0
LINE
8
BLACK
6
CONTINUOUS
10
0.6622656299212598
20
0.5312501181102363
11
0.6622656299212598
21
0.5368744094488189
0
LINE
8
BLACK
6
CONTINUOUS
10
0.6622656299212598
20
0.5368744094488189
11
0.6622755118110236
21
0.5369749606299212
0
LINE
8
BLACK
6
CONTINUOUS
10
0.6622755118110236
20
0.5369749606299212
11
0.6622691338582677
21
0.5370179527559055
0
LINE
8
BLACK
6
CONTINUOUS
10
0.6622691338582677
20
0.5370179527559055
11
0.6623009842519685
21
0.5372334645669291
0
LINE
8
BLACK
6
CONTINUOUS
10
0.6623009842519685
20
0.5372334645669291
11
0.6623223622047244
21
0.5374504724409449
0
LINE
8
BLACK
6
CONTINUOUS
10
0.6623223622047244
20
0.5374504724409449
11
0.6623389763779527
21
0.5374907086614173
0
LINE
8
BLACK
6
CONTINUOUS
10
0.6623389763779527
20
0.5374907086614173
11
0.662353779527559
21
0.5375905511811023
0
LINE
8
BLACK
6
CONTINUOUS
10
0.662353779527559
20
0.5375905511811023
11
0.6642285433070866
21
0.5450896062992125
0
LINE
8
BLACK
6
CONTINUOUS
10
0.6642285433070866
20
0.5450896062992125
11
0.6642437007874016
21
0.545132125984252
0
LINE
8
BLACK
6
CONTINUOUS
10
0.6642437007874016
20
0.545132125984252
11
0.6642452362204724
21
0.5451533464566929
0
LINE
8
BLACK
6
CONTINUOUS
10
0.6642452362204724
20
0.5451533464566929
11
0.6643372440944881
21
0.5453938188976378
0
LINE
8
BLACK
6
CONTINUOUS
10
0.6643372440944881
20
0.5453938188976378
11
0.6644233070866141
21
0.5456347244094488
0
LINE
8
BLACK
6
CONTINUOUS
10
0.6644233070866141
20
0.5456347244094488
11
0.6644359842519685
21
0.5456518897637795
0
LINE
8
BLACK
6
CONTINUOUS
10
0.6644359842519685
20
0.5456518897637795
11
0.664452125984252
21
0.5456939763779527
0
LINE
8
BLACK
6
CONTINUOUS
10
0.664452125984252
20
0.5456939763779527
11
0.6663268897637795
21
0.5494435039370079
0
LINE
8
BLACK
6
CONTINUOUS
10
0.6663268897637795
20
0.5494435039370079
11
0.6664829527559055
21
0.5496915354330708
0
LINE
8
BLACK
6
CONTINUOUS
10
0.6664829527559055
20
0.5496915354330708
11
0.6665127952755905
21
0.5497634645669291
0
LINE
8
BLACK
6
CONTINUOUS
10
0.6665127952755905
20
0.5497634645669291
11
0.6665792519685039
21
0.5498444488188976
0
LINE
8
BLACK
6
CONTINUOUS
10
0.6665792519685039
20
0.5498444488188976
11
0.6666352362204724
21
0.5499333858267716
0
LINE
8
BLACK
6
CONTINUOUS
10
0.6666352362204724
20
0.5499333858267716
11
0.6666942125984252
21
0.5499845669291339
0
LINE
8
BLACK
6
CONTINUOUS
10
0.6666942125984252
20
0.5499845669291339
11
0.66688
21
0.5502109055118111
0
LINE
8
BLACK
6
CONTINUOUS
10
0.66688
20
0.5502109055118111
11
0.6706295275590551
21
0.5539604330708662
0
LINE
8
BLACK
6
CONTINUOUS
10
0.6706295275590551
20
0.5539604330708662
11
0.6710769685039369
21
0.5543276771653544
0
LINE
8
BLACK
6
CONTINUOUS
10
0.6710769685039369
20
0.5543276771653544
11
0.671175
21
0.5543683070866141
0
LINE
8
BLACK
6
CONTINUOUS
10
0.671175
20
0.5543683070866141
11
0.6712551181102362
21
0.5544377559055118
0
LINE
8
BLACK
6
CONTINUOUS
10
0.6712551181102362
20
0.5544377559055118
11
0.6717837007874016
21
0.5546737401574803
0
LINE
8
BLACK
6
CONTINUOUS
10
0.6717837007874016
20
0.5546737401574803
11
0.6774079527559055
21
0.5565485039370078
0
LINE
8
BLACK
6
CONTINUOUS
10
0.6774079527559055
20
0.5565485039370078
11
0.6776935826771653
21
0.5566134645669292
0
LINE
8
BLACK
6
CONTINUOUS
10
0.6776935826771653
20
0.5566134645669292
11
0.6777656692913385
21
0.5566433070866141
0
LINE
8
BLACK
6
CONTINUOUS
10
0.6777656692913385
20
0.5566433070866141
11
0.6778701181102362
21
0.5566536220472441
0
LINE
8
BLACK
6
CONTINUOUS
10
0.6778701181102362
20
0.5566536220472441
11
0.6779724015748031
21
0.5566768503937007
0
LINE
8
BLACK
6
CONTINUOUS
10
0.6779724015748031
20
0.5566768503937007
11
0.6780501181102362
21
0.5566713385826771
0
LINE
8
BLACK
6
CONTINUOUS
10
0.6780501181102362
20
0.5566713385826771
11
0.6783417322834645
21
0.5567000393700787
0
LINE
8
BLACK
6
CONTINUOUS
10
0.6783417322834645
20
0.5567000393700787
11
0.6820912598425196
21
0.5567000393700787
0
LINE
8
BLACK
6
CONTINUOUS
10
0.6820912598425196
20
0.5567000393700787
11
0.6823827952755905
21
0.5566713385826771
0
LINE
8
BLACK
6
CONTINUOUS
10
0.7161207086614173
20
0.5566433070866141
11
0.7164131102362205
21
0.5566433070866141
0
LINE
8
BLACK
6
CONTINUOUS
10
0.7164131102362205
20
0.5566433070866141
11
0.7166803543307086
21
0.5565325984251969
0
LINE
8
BLACK
6
CONTINUOUS
10
0.7166803543307086
20
0.5565325984251969
11
0.7169641732283465
21
0.5564764566929133
0
LINE
8
BLACK
6
CONTINUOUS
10
0.7169641732283465
20
0.5564764566929133
11
0.7172074409448819
21
0.5563142913385827
0
LINE
8
BLACK
6
CONTINUOUS
10
0.7172074409448819
20
0.5563142913385827
11
0.7174775196850394
21
0.5562024015748032
0
LINE
8
BLACK
6
CONTINUOUS
10
0.7174775196850394
20
0.5562024015748032
11
0.717681968503937
21
0.5559979527559055
0
LINE
8
BLACK
6
CONTINUOUS
10
0.717681968503937
20
0.5559979527559055
11
0.7179227952755906
21
0.5558374015748031
0
LINE
8
BLACK
6
CONTINUOUS
10
0.7179227952755906
20
0.5558374015748031
11
0.7180855118110236
21
0.5555944094488189
0
LINE
8
BLACK
6
CONTINUOUS
10
0.7180855118110236
20
0.5555944094488189
11
0.7182921653543307
21
0.5553877559055118
0
LINE
8
BLACK
6
CONTINUOUS
10
0.7182921653543307
20
0.5553877559055118
11
0.7184028346456692
21
0.5551205511811024
0
LINE
8
BLACK
6
CONTINUOUS
10
0.7184028346456692
20
0.5551205511811024
11
0.7185638582677165
21
0.5548801181102362
0
LINE
8
BLACK
6
CONTINUOUS
10
0.7185638582677165
20
0.5548801181102362
11
0.7186211811023622
21
0.5545934645669292
0
LINE
8
BLACK
6
CONTINUOUS
10
0.7186211811023622
20
0.5545934645669292
11
0.7187330708661417
21
0.5543233464566929
0
LINE
8
BLACK
6
CONTINUOUS
10
0.7187330708661417
20
0.5543233464566929
11
0.7187891732283465
21
0.5537534251968503
0
LINE
8
BLACK
6
CONTINUOUS
10
0.7187891732283465
20
0.5537534251968503
11
0.7187898031496063
21
0.5537503937007874
0
LINE
8
BLACK
6
CONTINUOUS
10
0.7187898031496063
20
0.5537503937007874
11
0.7187895669291339
21
0.5537493700787401
0
LINE
8
BLACK
6
CONTINUOUS
10
0.7187895669291339
20
0.5537493700787401
11
0.7187898031496063
21
0.5537472834645669
0
LINE
8
BLACK
6
CONTINUOUS
10
0.7187898031496063
20
0.5537472834645669
11
0.7187898031496063
21
0.5173299606299212
0
LINE
8
BLACK
6
CONTINUOUS
10
0.7187898031496063
20
0.5173299606299212
11
0.7270856299212598
21
0.5173299606299212
0
LINE
8
BLACK
6
CONTINUOUS
10
0.7270856299212598
20
0.5173299606299212
11
0.7276616929133858
21
0.5172732283464567
0
LINE
8
BLACK
6
CONTINUOUS
10
0.7276616929133858
20
0.5172732283464567
11
0.7287261023622047
21
0.5168323228346456
0
LINE
8
BLACK
6
CONTINUOUS
10
0.7287261023622047
20
0.5168323228346456
11
0.729540748031496
21
0.5160176771653543
0
LINE
8
BLACK
6
CONTINUOUS
10
0.729540748031496
20
0.5160176771653543
11
0.729981653543307
21
0.5149532677165354
0
LINE
8
BLACK
6
CONTINUOUS
10
0.729981653543307
20
0.5149532677165354
11
0.729981653543307
21
0.5138011417322834
0
LINE
8
BLACK
6
CONTINUOUS
10
0.729981653543307
20
0.5138011417322834
11
0.729540748031496
21
0.5127367322834645
0
LINE
8
BLACK
6
CONTINUOUS
10
0.729540748031496
20
0.5127367322834645
11
0.7287261023622047
21
0.5119220866141733
0
LINE
8
BLACK
6
CONTINUOUS
10
0.7287261023622047
20
0.5119220866141733
11
0.7276616929133858
21
0.5114811811023622
0
LINE
8
BLACK
6
CONTINUOUS
10
0.7276616929133858
20
0.5114811811023622
11
0.7270856299212598
21
0.5114244488188976
0
LINE
8
BLACK
6
CONTINUOUS
10
0.7270856299212598
20
0.5114244488188976
11
0.7045884645669291
21
0.5114244488188976
0
LINE
8
BLACK
6
CONTINUOUS
10
0.7045884645669291
20
0.5114244488188976
11
0.7040124015748032
21
0.5114811811023622
0
LINE
8
BLACK
6
CONTINUOUS
10
0.7040124015748032
20
0.5114811811023622
11
0.7029479921259842
21
0.5119220866141733
0
LINE
8
BLACK
6
CONTINUOUS
10
0.7029479921259842
20
0.5119220866141733
11
0.7021333464566929
21
0.5127367322834645
0
LINE
8
BLACK
6
CONTINUOUS
10
0.7021333464566929
20
0.5127367322834645
11
0.7016924409448819
21
0.5138011417322834
0
LINE
8
BLACK
6
CONTINUOUS
10
0.7016924409448819
20
0.5138011417322834
11
0.7016924409448819
21
0.5149532677165354
0
LINE
8
BLACK
6
CONTINUOUS
10
0.7016924409448819
20
0.5149532677165354
11
0.7021333464566929
21
0.5160176771653543
0
LINE
8
BLACK
6
CONTINUOUS
10
0.7021333464566929
20
0.5160176771653543
11
0.7029479921259842
21
0.5168323228346456
0
LINE
8
BLACK
6
CONTINUOUS
10
0.7029479921259842
20
0.5168323228346456
11
0.7040124015748032
21
0.5172732283464567
0
LINE
8
BLACK
6
CONTINUOUS
10
0.7040124015748032
20
0.5172732283464567
11
0.7045884645669291
21
0.5173299606299212
0
LINE
8
BLACK
6
CONTINUOUS
10
0.7045884645669291
20
0.5173299606299212
11
0.7128842913385827
21
0.5173299606299212
0
LINE
8
BLACK
6
CONTINUOUS
10
0.7128842913385827
20
0.5173299606299212
11
0.7128842913385827
21
0.544743937007874
0
LINE
8
BLACK
6
CONTINUOUS
10
0.7128842913385827
20
0.544743937007874
11
0.7104259055118111
21
0.5422855511811023
0
LINE
8
BLACK
6
CONTINUOUS
10
0.7104259055118111
20
0.5422855511811023
11
0.7101995275590551
21
0.5420998031496063
0
LINE
8
BLACK
6
CONTINUOUS
10
0.7101995275590551
20
0.5420998031496063
11
0.7101483858267716
21
0.5420407874015748
0
LINE
8
BLACK
6
CONTINUOUS
10
0.7101483858267716
20
0.5420407874015748
11
0.7100594094488188
21
0.541984842519685
0
LINE
8
BLACK
6
CONTINUOUS
10
0.7100594094488188
20
0.541984842519685
11
0.7099784645669291
21
0.5419183464566929
0
LINE
8
BLACK
6
CONTINUOUS
10
0.7099784645669291
20
0.5419183464566929
11
0.7099064960629922
21
0.5418885433070866
0
LINE
8
BLACK
6
CONTINUOUS
10
0.7099064960629922
20
0.5418885433070866
11
0.7096585039370079
21
0.5417324409448819
0
LINE
8
BLACK
6
CONTINUOUS
10
0.7096585039370079
20
0.5417324409448819
11
0.7059089763779527
21
0.5398576771653543
0
LINE
8
BLACK
6
CONTINUOUS
10
0.7059089763779527
20
0.5398576771653543
11
0.7053683464566929
21
0.5396507874015748
0
LINE
8
BLACK
6
CONTINUOUS
10
0.7053683464566929
20
0.5396507874015748
11
0.7042191338582677
21
0.5395691338582677
0
LINE
8
BLACK
6
CONTINUOUS
10
0.7042191338582677
20
0.5395691338582677
11
0.7031261811023621
21
0.5399334645669291
0
LINE
8
BLACK
6
CONTINUOUS
10
0.7031261811023621
20
0.5399334645669291
11
0.7022557874015748
21
0.5406883070866142
0
LINE
8
BLACK
6
CONTINUOUS
10
0.7022557874015748
20
0.5406883070866142
11
0.7017405511811023
21
0.5417188188976377
0
LINE
8
BLACK
6
CONTINUOUS
10
0.7017405511811023
20
0.5417188188976377
11
0.7016588976377952
21
0.542868031496063
0
LINE
8
BLACK
6
CONTINUOUS
10
0.7016588976377952
20
0.542868031496063
11
0.7020232283464567
21
0.5439609842519685
0
LINE
8
BLACK
6
CONTINUOUS
10
0.7020232283464567
20
0.5439609842519685
11
0.7027780708661417
21
0.5448313779527559
0
LINE
8
BLACK
6
CONTINUOUS
10
0.7027780708661417
20
0.5448313779527559
11
0.7032679527559055
21
0.5451397244094488
0
LINE
8
BLACK
6
CONTINUOUS
10
0.7032679527559055
20
0.5451397244094488
11
0.7065888976377953
21
0.5468001968503937
0
LINE
8
BLACK
6
CONTINUOUS
10
0.7065888976377953
20
0.5468001968503937
11
0.7097927952755906
21
0.550004094488189
0
LINE
8
BLACK
6
CONTINUOUS
10
0.7097927952755906
20
0.550004094488189
11
0.7133801968503937
21
0.5553851968503937
0
LINE
8
BLACK
6
CONTINUOUS
10
0.7133801968503937
20
0.5553851968503937
11
0.7133815354330708
21
0.5553868897637795
0
LINE
8
BLACK
6
CONTINUOUS
10
0.7133815354330708
20
0.5553868897637795
11
0.7133819291338582
21
0.5553877559055118
0
LINE
8
BLACK
6
CONTINUOUS
10
0.7133819291338582
20
0.5553877559055118
11
0.7133839370078739
21
0.5553898031496063
0
LINE
8
BLACK
6
CONTINUOUS
10
0.7133839370078739
20
0.5553898031496063
11
0.713746968503937
21
0.555833031496063
0
LINE
8
BLACK
6
CONTINUOUS
10
0.713746968503937
20
0.555833031496063
11
0.713989842519685
21
0.5559957086614173
0
LINE
8
BLACK
6
CONTINUOUS
10
0.713989842519685
20
0.5559957086614173
11
0.7141965748031496
21
0.5562024015748032
0
LINE
8
BLACK
6
CONTINUOUS
10
0.7141965748031496
20
0.5562024015748032
11
0.7144638582677165
21
0.5563131496062992
0
LINE
8
BLACK
6
CONTINUOUS
10
0.7144638582677165
20
0.5563131496062992
11
0.714704251968504
21
0.556474094488189
0
LINE
8
BLACK
6
CONTINUOUS
10
0.714704251968504
20
0.556474094488189
11
0.7149908661417322
21
0.5565314566929134
0
LINE
8
BLACK
6
CONTINUOUS
10
0.7149908661417322
20
0.5565314566929134
11
0.7152609842519685
21
0.5566433070866141
0
LINE
8
BLACK
6
CONTINUOUS
10
0.7152609842519685
20
0.5566433070866141
11
0.7155502755905512
21
0.5566433070866141
0
LINE
8
BLACK
6
CONTINUOUS
10
0.7155502755905512
20
0.5566433070866141
11
0.715833937007874
21
0.5567000393700787
0
LINE
8
BLACK
6
CONTINUOUS
10
0.715833937007874
20
0.5567000393700787
11
0.7161207086614173
21
0.5566433070866141
0
LINE
8
BLACK
6
CONTINUOUS
10
0.8310682677165354
20
0.661365905511811
11
0.8321336220472441
21
0.6603005511811023
0
LINE
8
BLACK
6
CONTINUOUS
10
0.8321336220472441
20
0.6603005511811023
11
0.8322834645669291
21
0.6595472440944882
0
LINE
8
BLACK
6
CONTINUOUS
10
0.8322834645669291
20
0.6595472440944882
11
0.8322834645669291
21
0.6270669291338583
0
LINE
8
BLACK
6
CONTINUOUS
10
0.8322834645669291
20
0.6270669291338583
11
0.8321336220472441
21
0.6263136220472441
0
LINE
8
BLACK
6
CONTINUOUS
10
0.8321336220472441
20
0.6263136220472441
11
0.8310682677165354
21
0.6252482677165354
0
LINE
8
BLACK
6
CONTINUOUS
10
0.8310682677165354
20
0.6252482677165354
11
0.8303149606299213
21
0.6250984251968503
0
LINE
8
BLACK
6
CONTINUOUS
10
0.8303149606299213
20
0.6250984251968503
11
0.7933351968503937
21
0.6250984251968503
0
LINE
8
BLACK
6
CONTINUOUS
10
0.7933351968503937
20
0.6250984251968503
11
0.7933351968503937
21
0.6162988582677166
0
LINE
8
BLACK
6
CONTINUOUS
10
0.7933351968503937
20
0.6162988582677166
11
0.8035057874015747
21
0.6162988582677166
0
LINE
8
BLACK
6
CONTINUOUS
10
0.8035057874015747
20
0.6162988582677166
11
0.8040818503937007
21
0.616242125984252
0
LINE
8
BLACK
6
CONTINUOUS
10
0.8040818503937007
20
0.616242125984252
11
0.8051462598425196
21
0.6158012204724409
0
LINE
8
BLACK
6
CONTINUOUS
10
0.8051462598425196
20
0.6158012204724409
11
0.805960905511811
21
0.6149865748031496
0
LINE
8
BLACK
6
CONTINUOUS
10
0.805960905511811
20
0.6149865748031496
11
0.8064018110236221
21
0.6139221653543306
0
LINE
8
BLACK
6
CONTINUOUS
10
0.8064018110236221
20
0.6139221653543306
11
0.8064018110236221
21
0.6127700393700787
0
LINE
8
BLACK
6
CONTINUOUS
10
0.8064018110236221
20
0.6127700393700787
11
0.805960905511811
21
0.6117056299212599
0
LINE
8
BLACK
6
CONTINUOUS
10
0.805960905511811
20
0.6117056299212599
11
0.8054461417322835
21
0.611190905511811
0
LINE
8
BLACK
6
CONTINUOUS
10
0.8054461417322835
20
0.611190905511811
11
0.8054927165354331
21
0.6111716141732283
0
LINE
8
BLACK
6
CONTINUOUS
10
0.8054927165354331
20
0.6111716141732283
11
0.8059742519685039
21
0.6109964960629921
0
LINE
8
BLACK
6
CONTINUOUS
10
0.8059742519685039
20
0.6109964960629921
11
0.8060227952755905
21
0.6109520472440945
0
LINE
8
BLACK
6
CONTINUOUS
10
0.8060227952755905
20
0.6109520472440945
11
0.8060836614173228
21
0.610926811023622
0
LINE
8
BLACK
6
CONTINUOUS
10
0.8060836614173228
20
0.610926811023622
11
0.806446062992126
21
0.6105644094488188
0
LINE
8
BLACK
6
CONTINUOUS
10
0.806446062992126
20
0.6105644094488188
11
0.8068238976377953
21
0.6102183858267717
0
LINE
8
BLACK
6
CONTINUOUS
10
0.8068238976377953
20
0.6102183858267717
11
0.8068701181102362
21
0.6101403543307087
0
LINE
8
BLACK
6
CONTINUOUS
10
0.8068701181102362
20
0.6101403543307087
11
0.8068983070866141
21
0.6101121653543307
0
LINE
8
BLACK
6
CONTINUOUS
10
0.8068983070866141
20
0.6101121653543307
11
0.806925
21
0.6100477559055117
0
LINE
8
BLACK
6
CONTINUOUS
10
0.806925
20
0.6100477559055117
11
0.807118937007874
21
0.6097203543307087
0
LINE
8
BLACK
6
CONTINUOUS
10
0.807118937007874
20
0.6097203543307087
11
0.8175664960629921
21
0.5873326771653543
0
LINE
8
BLACK
6
CONTINUOUS
10
0.8175664960629921
20
0.5873326771653543
11
0.8280141338582677
21
0.6097203937007873
0
LINE
8
BLACK
6
CONTINUOUS
10
0.8280141338582677
20
0.6097203937007873
11
0.8282081102362204
21
0.610047874015748
0
LINE
8
BLACK
6
CONTINUOUS
10
0.8282081102362204
20
0.610047874015748
11
0.8282347637795275
21
0.6101121653543307
0
LINE
8
BLACK
6
CONTINUOUS
10
0.8282347637795275
20
0.6101121653543307
11
0.8282628740157481
21
0.6101403149606299
0
LINE
8
BLACK
6
CONTINUOUS
10
0.8282628740157481
20
0.6101403149606299
11
0.8283091732283464
21
0.6102184251968504
0
LINE
8
BLACK
6
CONTINUOUS
10
0.8283091732283464
20
0.6102184251968504
11
0.8286872440944881
21
0.6105646850393701
0
LINE
8
BLACK
6
CONTINUOUS
10
0.8286872440944881
20
0.6105646850393701
11
0.8290494094488189
21
0.610926811023622
0
LINE
8
BLACK
6
CONTINUOUS
10
0.8290494094488189
20
0.610926811023622
11
0.8291102362204724
21
0.6109520078740157
0
LINE
8
BLACK
6
CONTINUOUS
10
0.8291102362204724
20
0.6109520078740157
11
0.8291588188976378
21
0.6109964960629921
0
LINE
8
BLACK
6
CONTINUOUS
10
0.8291588188976378
20
0.6109964960629921
11
0.8296406299212599
21
0.6111717322834646
0
LINE
8
BLACK
6
CONTINUOUS
10
0.8296406299212599
20
0.6111717322834646
11
0.8301138188976378
21
0.6113677165354331
0
LINE
8
BLACK
6
CONTINUOUS
10
0.8301138188976378
20
0.6113677165354331
11
0.8301796062992126
21
0.6113677165354331
0
LINE
8
BLACK
6
CONTINUOUS
10
0.8301796062992126
20
0.6113677165354331
11
0.8302415354330709
21
0.6113902362204724
0
LINE
8
BLACK
6
CONTINUOUS
10
0.8302415354330709
20
0.6113902362204724
11
0.8307538976377953
21
0.6113677165354331
0
LINE
8
BLACK
6
CONTINUOUS
10
0.8307538976377953
20
0.6113677165354331
11
0.8312659448818898
21
0.6113677165354331
0
LINE
8
BLACK
6
CONTINUOUS
10
0.8312659448818898
20
0.6113677165354331
11
0.8313266929133858
21
0.6113425590551181
0
LINE
8
BLACK
6
CONTINUOUS
10
0.8313266929133858
20
0.6113425590551181
11
0.8313925590551181
21
0.6113396456692913
0
LINE
8
BLACK
6
CONTINUOUS
10
0.8313925590551181
20
0.6113396456692913
11
0.8318574015748031
21
0.6111227559055118
0
LINE
8
BLACK
6
CONTINUOUS
10
0.8318574015748031
20
0.6111227559055118
11
0.8323303543307087
21
0.610926811023622
0
LINE
8
BLACK
6
CONTINUOUS
10
0.8323303543307087
20
0.610926811023622
11
0.8323768503937008
21
0.6108803149606299
0
LINE
8
BLACK
6
CONTINUOUS
10
0.8323768503937008
20
0.6108803149606299
11
0.8324365748031496
21
0.6108524409448819
0
LINE
8
BLACK
6
CONTINUOUS
10
0.8324365748031496
20
0.6108524409448819
11
0.8327827952755905
21
0.6104743700787402
0
LINE
8
BLACK
6
CONTINUOUS
10
0.8327827952755905
20
0.6104743700787402
11
0.8329359842519685
21
0.6103211811023622
0
LINE
8
BLACK
6
CONTINUOUS
10
0.8329359842519685
20
0.6103211811023622
11
0.8497928346456692
21
0.6356064173228346
0
LINE
8
BLACK
6
CONTINUOUS
10
0.8497928346456692
20
0.6356064173228346
11
0.8501596062992126
21
0.636054251968504
0
LINE
8
BLACK
6
CONTINUOUS
10
0.8501596062992126
20
0.636054251968504
11
0.8511168897637795
21
0.6366953149606299
0
LINE
8
BLACK
6
CONTINUOUS
10
0.8511168897637795
20
0.6366953149606299
11
0.8522465748031496
21
0.6369212598425197
0
LINE
8
BLACK
6
CONTINUOUS
10
0.8522465748031496
20
0.6369212598425197
11
0.8533768110236221
21
0.6366977165354331
0
LINE
8
BLACK
6
CONTINUOUS
10
0.8533768110236221
20
0.6366977165354331
11
0.8543354330708661
21
0.6360586220472441
0
LINE
8
BLACK
6
CONTINUOUS
10
0.8543354330708661
20
0.6360586220472441
11
0.8549764960629921
21
0.6351013385826771
0
LINE
8
BLACK
6
CONTINUOUS
10
0.8549764960629921
20
0.6351013385826771
11
0.8552024409448818
21
0.6339716141732283
0
LINE
8
BLACK
6
CONTINUOUS
10
0.8552024409448818
20
0.6339716141732283
11
0.8549788582677165
21
0.6328414173228346
0
LINE
8
BLACK
6
CONTINUOUS
10
0.8549788582677165
20
0.6328414173228346
11
0.8547065354330708
21
0.6323306299212599
0
LINE
8
BLACK
6
CONTINUOUS
10
0.8547065354330708
20
0.6323306299212599
11
0.8336426377952756
21
0.6007347637795275
0
LINE
8
BLACK
6
CONTINUOUS
10
0.8336426377952756
20
0.6007347637795275
11
0.8336426377952756
21
0.5691016141732284
0
LINE
8
BLACK
6
CONTINUOUS
10
0.8336426377952756
20
0.5691016141732284
11
0.833585905511811
21
0.5685255511811024
0
LINE
8
BLACK
6
CONTINUOUS
10
0.833585905511811
20
0.5685255511811024
11
0.833145
21
0.5674611417322835
0
LINE
8
BLACK
6
CONTINUOUS
10
0.833145
20
0.5674611417322835
11
0.8323303543307087
21
0.5666464960629921
0
LINE
8
BLACK
6
CONTINUOUS
10
0.8323303543307087
20
0.5666464960629921
11
0.8322834645669291
21
0.5666270866141733
0
LINE
8
BLACK
6
CONTINUOUS
10
0.8322834645669291
20
0.5666270866141733
11
0.8322834645669291
21
0.5567000393700787
0
LINE
8
BLACK
6
CONTINUOUS
10
0.8322834645669291
20
0.5567000393700787
11
0.8414463385826771
21
0.5567000393700787
0
LINE
8
BLACK
6
CONTINUOUS
10
0.8414463385826771
20
0.5567000393700787
11
0.8420224015748031
21
0.5566433070866141
0
LINE
8
BLACK
6
CONTINUOUS
10
0.8420224015748031
20
0.5566433070866141
11
0.8420393307086614
21
0.5566362992125984
0
LINE
8
BLACK
6
CONTINUOUS
10
0.8420393307086614
20
0.5566362992125984
11
0.8420576377952755
21
0.556636062992126
0
LINE
8
BLACK
6
CONTINUOUS
10
0.8420576377952755
20
0.556636062992126
11
0.84256968503937
21
0.5564166141732283
0
LINE
8
BLACK
6
CONTINUOUS
10
0.84256968503937
20
0.5564166141732283
11
0.843086811023622
21
0.5562024015748032
0
LINE
8
BLACK
6
CONTINUOUS
10
0.843086811023622
20
0.5562024015748032
11
0.8430997637795276
21
0.5561894488188976
0
LINE
8
BLACK
6
CONTINUOUS
10
0.8430997637795276
20
0.5561894488188976
11
0.8431166141732284
21
0.5561822047244095
0
LINE
8
BLACK
6
CONTINUOUS
10
0.8431166141732284
20
0.5561822047244095
11
0.8435061811023622
21
0.555783031496063
0
LINE
8
BLACK
6
CONTINUOUS
10
0.8435061811023622
20
0.555783031496063
11
0.8439014566929134
21
0.5553877559055118
0
LINE
8
BLACK
6
CONTINUOUS
10
0.8439014566929134
20
0.5553877559055118
11
0.8439084645669291
21
0.5553708267716535
0
LINE
8
BLACK
6
CONTINUOUS
10
0.8439084645669291
20
0.5553708267716535
11
0.8439212992125984
21
0.5553576771653543
0
LINE
8
BLACK
6
CONTINUOUS
10
0.8439212992125984
20
0.5553576771653543
11
0.8441288976377953
21
0.5548387007874016
0
LINE
8
BLACK
6
CONTINUOUS
10
0.8441288976377953
20
0.5548387007874016
11
0.8443423622047244
21
0.5543233464566929
0
LINE
8
BLACK
6
CONTINUOUS
10
0.8443423622047244
20
0.5543233464566929
11
0.8443423622047244
21
0.5543050393700787
0
LINE
8
BLACK
6
CONTINUOUS
10
0.8443423622047244
20
0.5543050393700787
11
0.8443491732283465
21
0.5542879921259842
0
LINE
8
BLACK
6
CONTINUOUS
10
0.8443491732283465
20
0.5542879921259842
11
0.8443423622047244
21
0.5537297244094488
0
LINE
8
BLACK
6
CONTINUOUS
10
0.8443423622047244
20
0.5537297244094488
11
0.8443423622047244
21
0.5531712204724409
0
LINE
8
BLACK
6
CONTINUOUS
10
0.8443423622047244
20
0.5531712204724409
11
0.8443353149606299
21
0.5531542913385826
0
LINE
8
BLACK
6
CONTINUOUS
10
0.8443353149606299
20
0.5531542913385826
11
0.8443351181102362
21
0.5531359448818898
0
LINE
8
BLACK
6
CONTINUOUS
10
0.8443351181102362
20
0.5531359448818898
11
0.8441603543307087
21
0.5525841338582677
0
LINE
8
BLACK
6
CONTINUOUS
10
0.8441603543307087
20
0.5525841338582677
11
0.8272874803149606
21
0.5132140551181102
0
LINE
8
BLACK
6
CONTINUOUS
10
0.8272874803149606
20
0.5132140551181102
11
0.8270084251968504
21
0.5127069291338583
0
LINE
8
BLACK
6
CONTINUOUS
10
0.8270084251968504
20
0.5127069291338583
11
0.8261838582677166
21
0.5119022440944881
0
LINE
8
BLACK
6
CONTINUOUS
10
0.8261838582677166
20
0.5119022440944881
11
0.8251141732283465
21
0.5114743700787402
0
LINE
8
BLACK
6
CONTINUOUS
10
0.8251141732283465
20
0.5114743700787402
11
0.8239621653543306
21
0.5114884251968503
0
LINE
8
BLACK
6
CONTINUOUS
10
0.8239621653543306
20
0.5114884251968503
11
0.8229031889763779
21
0.5119422440944882
0
LINE
8
BLACK
6
CONTINUOUS
10
0.8229031889763779
20
0.5119422440944882
11
0.8220985039370079
21
0.512766811023622
0
LINE
8
BLACK
6
CONTINUOUS
10
0.8220985039370079
20
0.512766811023622
11
0.8216706299212598
21
0.5138364960629921
0
LINE
8
BLACK
6
CONTINUOUS
10
0.8216706299212598
20
0.5138364960629921
11
0.8216846850393701
21
0.5149885039370079
0
LINE
8
BLACK
6
CONTINUOUS
10
0.8216846850393701
20
0.5149885039370079
11
0.8218594488188976
21
0.5155403543307087
0
LINE
8
BLACK
6
CONTINUOUS
10
0.8218594488188976
20
0.5155403543307087
11
0.8309447244094488
21
0.5367394488188977
0
LINE
8
BLACK
6
CONTINUOUS
10
0.8309447244094488
20
0.5367394488188977
11
0.8303149606299213
21
0.5366141732283465
0
LINE
8
BLACK
6
CONTINUOUS
10
0.8303149606299213
20
0.5366141732283465
11
0.8026673622047243
21
0.5366141732283465
0
LINE
8
BLACK
6
CONTINUOUS
10
0.8026673622047243
20
0.5366141732283465
11
0.8026864173228346
21
0.5365681889763779
0
LINE
8
BLACK
6
CONTINUOUS
10
0.8026864173228346
20
0.5365681889763779
11
0.8028425196850394
21
0.5363201574803149
0
LINE
8
BLACK
6
CONTINUOUS
10
0.8028425196850394
20
0.5363201574803149
11
0.8047172834645669
21
0.5325706299212598
0
LINE
8
BLACK
6
CONTINUOUS
10
0.8047172834645669
20
0.5325706299212598
11
0.8049241732283464
21
0.5320300393700788
0
LINE
8
BLACK
6
CONTINUOUS
10
0.8049241732283464
20
0.5320300393700788
11
0.8049316929133858
21
0.5319241732283464
0
LINE
8
BLACK
6
CONTINUOUS
10
0.8049316929133858
20
0.5319241732283464
11
0.804972283464567
21
0.5318261811023622
0
LINE
8
BLACK
6
CONTINUOUS
10
0.804972283464567
20
0.5318261811023622
11
0.8050290157480314
21
0.5312501181102363
0
LINE
8
BLACK
6
CONTINUOUS
10
0.8050290157480314
20
0.5312501181102363
11
0.8050290157480314
21
0.5218762992125984
0
LINE
8
BLACK
6
CONTINUOUS
10
0.8050290157480314
20
0.5218762992125984
11
0.804972283464567
21
0.5213002362204724
0
LINE
8
BLACK
6
CONTINUOUS
10
0.804972283464567
20
0.5213002362204724
11
0.8049316929133858
21
0.5212022834645669
0
LINE
8
BLACK
6
CONTINUOUS
10
0.8049316929133858
20
0.5212022834645669
11
0.8049241732283464
21
0.5210963779527559
0
LINE
8
BLACK
6
CONTINUOUS
10
0.8049241732283464
20
0.5210963779527559
11
0.8047172834645669
21
0.5205557874015748
0
LINE
8
BLACK
6
CONTINUOUS
10
0.8047172834645669
20
0.5205557874015748
11
0.8028425196850394
21
0.5168062598425197
0
LINE
8
BLACK
6
CONTINUOUS
10
0.8028425196850394
20
0.5168062598425197
11
0.8026864566929134
21
0.5165583858267716
0
LINE
8
BLACK
6
CONTINUOUS
10
0.8026864566929134
20
0.5165583858267716
11
0.8026566535433071
21
0.5164863385826771
0
LINE
8
BLACK
6
CONTINUOUS
10
0.8026566535433071
20
0.5164863385826771
11
0.8025901181102362
21
0.5164053149606299
0
LINE
8
BLACK
6
CONTINUOUS
10
0.8025901181102362
20
0.5164053149606299
11
0.8025341732283464
21
0.5163163779527559
0
LINE
8
BLACK
6
CONTINUOUS
10
0.8025341732283464
20
0.5163163779527559
11
0.8024751574803149
21
0.5162652362204724
0
LINE
8
BLACK
6
CONTINUOUS
10
0.8024751574803149
20
0.5162652362204724
11
0.8022894094488189
21
0.5160388582677166
0
LINE
8
BLACK
6
CONTINUOUS
10
0.8022894094488189
20
0.5160388582677166
11
0.8004146850393701
21
0.514164094488189
0
LINE
8
BLACK
6
CONTINUOUS
10
0.8004146850393701
20
0.514164094488189
11
0.8001883070866141
21
0.5139783464566929
0
LINE
8
BLACK
6
CONTINUOUS
10
0.8001883070866141
20
0.5139783464566929
11
0.8001371259842519
21
0.5139192913385827
0
LINE
8
BLACK
6
CONTINUOUS
10
0.8001371259842519
20
0.5139192913385827
11
0.8000481496062992
21
0.5138633070866142
0
LINE
8
BLACK
6
CONTINUOUS
10
0.8000481496062992
20
0.5138633070866142
11
0.7999672047244094
21
0.5137968503937008
0
LINE
8
BLACK
6
CONTINUOUS
10
0.7999672047244094
20
0.5137968503937008
11
0.7998952362204724
21
0.5137670472440945
0
LINE
8
BLACK
6
CONTINUOUS
10
0.7998952362204724
20
0.5137670472440945
11
0.7996472440944882
21
0.5136109448818897
0
LINE
8
BLACK
6
CONTINUOUS
10
0.7996472440944882
20
0.5136109448818897
11
0.7958977165354331
21
0.5117361811023622
0
LINE
8
BLACK
6
CONTINUOUS
10
0.7958977165354331
20
0.5117361811023622
11
0.7953570866141733
21
0.5115292913385827
0
LINE
8
BLACK
6
CONTINUOUS
10
0.7953570866141733
20
0.5115292913385827
11
0.7952512598425197
21
0.511521811023622
0
LINE
8
BLACK
6
CONTINUOUS
10
0.7952512598425197
20
0.511521811023622
11
0.7951532677165354
21
0.5114811811023622
0
LINE
8
BLACK
6
CONTINUOUS
10
0.7951532677165354
20
0.5114811811023622
11
0.7945772047244094
21
0.5114244488188976
0
LINE
8
BLACK
6
CONTINUOUS
10
0.7945772047244094
20
0.5114244488188976
11
0.7852033858267716
21
0.5114244488188976
0
LINE
8
BLACK
6
CONTINUOUS
10
0.7852033858267716
20
0.5114244488188976
11
0.7846273228346456
21
0.5114811811023622
0
LINE
8
BLACK
6
CONTINUOUS
10
0.7846273228346456
20
0.5114811811023622
11
0.7845293307086614
21
0.5115217716535433
0
LINE
8
BLACK
6
CONTINUOUS
10
0.7845293307086614
20
0.5115217716535433
11
0.7844234645669291
21
0.5115292913385827
0
LINE
8
BLACK
6
CONTINUOUS
10
0.7844234645669291
20
0.5115292913385827
11
0.783882874015748
21
0.5117361811023622
0
LINE
8
BLACK
6
CONTINUOUS
10
0.783882874015748
20
0.5117361811023622
11
0.7801333464566929
21
0.5136109448818897
0
LINE
8
BLACK
6
CONTINUOUS
10
0.7801333464566929
20
0.5136109448818897
11
0.7798853149606298
21
0.5137670472440945
0
LINE
8
BLACK
6
CONTINUOUS
10
0.7798853149606298
20
0.5137670472440945
11
0.7798133858267716
21
0.5137968503937008
0
LINE
8
BLACK
6
CONTINUOUS
10
0.7798133858267716
20
0.5137968503937008
11
0.7797324015748032
21
0.5138633070866142
0
LINE
8
BLACK
6
CONTINUOUS
10
0.7797324015748032
20
0.5138633070866142
11
0.7796434645669291
21
0.5139192913385827
0
LINE
8
BLACK
6
CONTINUOUS
10
0.7796434645669291
20
0.5139192913385827
11
0.7795922440944881
21
0.5139783464566929
0
LINE
8
BLACK
6
CONTINUOUS
10
0.7795922440944881
20
0.5139783464566929
11
0.779365905511811
21
0.514164094488189
0
LINE
8
BLACK
6
CONTINUOUS
10
0.779365905511811
20
0.514164094488189
11
0.7774911417322834
21
0.5160388976377953
0
LINE
8
BLACK
6
CONTINUOUS
10
0.7774911417322834
20
0.5160388976377953
11
0.777123937007874
21
0.5164863385826771
0
LINE
8
BLACK
6
CONTINUOUS
10
0.777123937007874
20
0.5164863385826771
11
0.7766830708661417
21
0.517550748031496
0
LINE
8
BLACK
6
CONTINUOUS
10
0.7766830708661417
20
0.517550748031496
11
0.7766830708661417
21
0.5187028346456692
0
LINE
8
BLACK
6
CONTINUOUS
10
0.7766830708661417
20
0.5187028346456692
11
0.7771239763779527
21
0.5197672440944882
0
LINE
8
BLACK
6
CONTINUOUS
10
0.7771239763779527
20
0.5197672440944882
11
0.7779386614173228
21
0.5205819291338583
0
LINE
8
BLACK
6
CONTINUOUS
10
0.7779386614173228
20
0.5205819291338583
11
0.7790030708661417
21
0.5210227952755906
0
LINE
8
BLACK
6
CONTINUOUS
10
0.7790030708661417
20
0.5210227952755906
11
0.7801551574803149
21
0.5210227952755906
0
LINE
8
BLACK
6
CONTINUOUS
10
0.7801551574803149
20
0.5210227952755906
11
0.7812195669291339
21
0.5205818897637795
0
LINE
8
BLACK
6
CONTINUOUS
10
0.7812195669291339
20
0.5205818897637795
11
0.7816670472440944
21
0.5202146456692913
0
LINE
8
BLACK
6
CONTINUOUS
10
0.7816670472440944
20
0.5202146456692913
11
0.7832029527559055
21
0.5186787007874015
0
LINE
8
BLACK
6
CONTINUOUS
10
0.7832029527559055
20
0.5186787007874015
11
0.7859004330708661
21
0.5173299606299212
0
LINE
8
BLACK
6
CONTINUOUS
10
0.7859004330708661
20
0.5173299606299212
11
0.7938801574803149
21
0.5173299606299212
0
LINE
8
BLACK
6
CONTINUOUS
10
0.7938801574803149
20
0.5173299606299212
11
0.7965775984251968
21
0.5186787007874015
0
LINE
8
BLACK
6
CONTINUOUS
10
0.7965775984251968
20
0.5186787007874015
11
0.7977747244094489
21
0.5198758661417323
0
LINE
8
BLACK
6
CONTINUOUS
10
0.7977747244094489
20
0.5198758661417323
11
0.7991235039370078
21
0.522573346456693
0
LINE
8
BLACK
6
CONTINUOUS
10
0.7991235039370078
20
0.522573346456693
11
0.7991235039370078
21
0.5305530708661417
0
LINE
8
BLACK
6
CONTINUOUS
10
0.7991235039370078
20
0.5305530708661417
11
0.7977747637795275
21
0.5332505511811023
0
LINE
8
BLACK
6
CONTINUOUS
10
0.7977747637795275
20
0.5332505511811023
11
0.7965776377952756
21
0.5344476771653544
0
LINE
8
BLACK
6
CONTINUOUS
10
0.7965776377952756
20
0.5344476771653544
11
0.7938801574803149
21
0.5357964173228347
0
LINE
8
BLACK
6
CONTINUOUS
10
0.7938801574803149
20
0.5357964173228347
11
0.7859004330708661
21
0.5357964173228347
0
LINE
8
BLACK
6
CONTINUOUS
10
0.7859004330708661
20
0.5357964173228347
11
0.7832029527559055
21
0.5344476771653544
0
LINE
8
BLACK
6
CONTINUOUS
10
0.7832029527559055
20
0.5344476771653544
11
0.7816670078740158
21
0.5329117322834646
0
LINE
8
BLACK
6
CONTINUOUS
10
0.7816670078740158
20
0.5329117322834646
11
0.7812195669291339
21
0.5325445275590551
0
LINE
8
BLACK
6
CONTINUOUS
10
0.7812195669291339
20
0.5325445275590551
11
0.7810822047244095
21
0.5324876377952755
0
LINE
8
BLACK
6
CONTINUOUS
10
0.7810822047244095
20
0.5324876377952755
11
0.780967125984252
21
0.5323934645669292
0
LINE
8
BLACK
6
CONTINUOUS
10
0.780967125984252
20
0.5323934645669292
11
0.7805537401574802
21
0.532268779527559
0
LINE
8
BLACK
6
CONTINUOUS
10
0.7805537401574802
20
0.532268779527559
11
0.7801551181102362
21
0.532103622047244
0
LINE
8
BLACK
6
CONTINUOUS
10
0.7801551181102362
20
0.532103622047244
11
0.7800064960629921
21
0.532103622047244
0
LINE
8
BLACK
6
CONTINUOUS
10
0.7800064960629921
20
0.532103622047244
11
0.7798641338582677
21
0.5320606692913386
0
LINE
8
BLACK
6
CONTINUOUS
10
0.7798641338582677
20
0.5320606692913386
11
0.7794346062992126
21
0.532103622047244
0
LINE
8
BLACK
6
CONTINUOUS
10
0.7794346062992126
20
0.532103622047244
11
0.7790030708661417
21
0.532103622047244
0
LINE
8
BLACK
6
CONTINUOUS
10
0.7790030708661417
20
0.532103622047244
11
0.7788657086614174
21
0.5321605511811024
0
LINE
8
BLACK
6
CONTINUOUS
10
0.7788657086614174
20
0.5321605511811024
11
0.7787177165354331
21
0.5321753149606299
0
LINE
8
BLACK
6
CONTINUOUS
10
0.7787177165354331
20
0.5321753149606299
11
0.7783373228346456
21
0.5323793700787401
0
LINE
8
BLACK
6
CONTINUOUS
10
0.7783373228346456
20
0.5323793700787401
11
0.7779386220472441
21
0.5325445275590551
0
LINE
8
BLACK
6
CONTINUOUS
10
0.7779386220472441
20
0.5325445275590551
11
0.7778334251968504
21
0.5326497244094488
0
LINE
8
BLACK
6
CONTINUOUS
10
0.7778334251968504
20
0.5326497244094488
11
0.7777024803149606
21
0.5327199606299212
0
LINE
8
BLACK
6
CONTINUOUS
10
0.7777024803149606
20
0.5327199606299212
11
0.7774292125984252
21
0.533053937007874
0
LINE
8
BLACK
6
CONTINUOUS
10
0.7774292125984252
20
0.533053937007874
11
0.7771239763779527
21
0.5333591732283465
0
LINE
8
BLACK
6
CONTINUOUS
10
0.7771239763779527
20
0.5333591732283465
11
0.7770670472440945
21
0.5334965354330709
0
LINE
8
BLACK
6
CONTINUOUS
10
0.7770670472440945
20
0.5334965354330709
11
0.7769729133858267
21
0.5336116141732283
0
LINE
8
BLACK
6
CONTINUOUS
10
0.7769729133858267
20
0.5336116141732283
11
0.776848188976378
21
0.534025
0
LINE
8
BLACK
6
CONTINUOUS
10
0.776848188976378
20
0.534025
11
0.7766830708661417
21
0.534423622047244
0
LINE
8
BLACK
6
CONTINUOUS
10
0.7766830708661417
20
0.534423622047244
11
0.7766830708661417
21
0.5345722834645669
0
LINE
8
BLACK
6
CONTINUOUS
10
0.7766830708661417
20
0.5345722834645669
11
0.7766401181102363
21
0.5347146062992126
0
LINE
8
BLACK
6
CONTINUOUS
10
0.7766401181102363
20
0.5347146062992126
11
0.7766409842519685
21
0.5352934645669292
0
LINE
8
BLACK
6
CONTINUOUS
10
0.7766409842519685
20
0.5352934645669292
11
0.7767730708661417
21
0.5366141732283465
0
LINE
8
BLACK
6
CONTINUOUS
10
0.7767730708661417
20
0.5366141732283465
11
0.7673228346456693
21
0.5366141732283465
0
LINE
8
BLACK
6
CONTINUOUS
10
0.7673228346456693
20
0.5366141732283465
11
0.7665695275590551
21
0.5367640157480315
0
LINE
8
BLACK
6
CONTINUOUS
10
0.7665695275590551
20
0.5367640157480315
11
0.7655041732283464
21
0.5378293700787401
0
LINE
8
BLACK
6
CONTINUOUS
10
0.7655041732283464
20
0.5378293700787401
11
0.7653543307086614
21
0.5385826771653544
0
LINE
8
BLACK
6
CONTINUOUS
10
0.7653543307086614
20
0.5385826771653544
11
0.7653543307086614
21
0.5525728346456693
0
LINE
8
BLACK
6
CONTINUOUS
10
0.7653543307086614
20
0.5525728346456693
11
0.7651612992125985
21
0.552106811023622
0
LINE
8
BLACK
6
CONTINUOUS
10
0.7651612992125985
20
0.552106811023622
11
0.7643466535433071
21
0.5512921653543307
0
LINE
8
BLACK
6
CONTINUOUS
10
0.7643466535433071
20
0.5512921653543307
11
0.7632822440944882
21
0.5508512598425197
0
LINE
8
BLACK
6
CONTINUOUS
10
0.7632822440944882
20
0.5508512598425197
11
0.7627061811023622
21
0.5507945275590551
0
LINE
8
BLACK
6
CONTINUOUS
10
0.7627061811023622
20
0.5507945275590551
11
0.7466307480314961
21
0.5507945275590551
0
LINE
8
BLACK
6
CONTINUOUS
10
0.7466307480314961
20
0.5507945275590551
11
0.7456536220472441
21
0.5410232677165354
0
LINE
8
BLACK
6
CONTINUOUS
10
0.7456536220472441
20
0.5410232677165354
11
0.7463875590551181
21
0.5413901968503937
0
LINE
8
BLACK
6
CONTINUOUS
10
0.7463875590551181
20
0.5413901968503937
11
0.7469281496062992
21
0.5415970866141732
0
LINE
8
BLACK
6
CONTINUOUS
10
0.7469281496062992
20
0.5415970866141732
11
0.7470340157480315
21
0.5416046456692913
0
LINE
8
BLACK
6
CONTINUOUS
10
0.7470340157480315
20
0.5416046456692913
11
0.7471320078740157
21
0.5416451968503937
0
LINE
8
BLACK
6
CONTINUOUS
10
0.7471320078740157
20
0.5416451968503937
11
0.7477080708661417
21
0.5417019291338583
0
LINE
8
BLACK
6
CONTINUOUS
10
0.7477080708661417
20
0.5417019291338583
11
0.7570818897637795
21
0.5417019291338583
0
LINE
8
BLACK
6
CONTINUOUS
10
0.7570818897637795
20
0.5417019291338583
11
0.7576579527559055
21
0.5416451968503937
0
LINE
8
BLACK
6
CONTINUOUS
10
0.7576579527559055
20
0.5416451968503937
11
0.7577559448818898
21
0.5416046062992126
0
LINE
8
BLACK
6
CONTINUOUS
10
0.7577559448818898
20
0.5416046062992126
11
0.7578617716535433
21
0.5415970866141732
0
LINE
8
BLACK
6
CONTINUOUS
10
0.7578617716535433
20
0.5415970866141732
11
0.7584024015748031
21
0.5413901968503937
0
LINE
8
BLACK
6
CONTINUOUS
10
0.7584024015748031
20
0.5413901968503937
11
0.7621519291338582
21
0.5395154330708661
0
LINE
8
BLACK
6
CONTINUOUS
10
0.7621519291338582
20
0.5395154330708661
11
0.7623999212598425
21
0.5393593700787401
0
LINE
8
BLACK
6
CONTINUOUS
10
0.7623999212598425
20
0.5393593700787401
11
0.7624718897637796
21
0.5393295275590551
0
LINE
8
BLACK
6
CONTINUOUS
10
0.7624718897637796
20
0.5393295275590551
11
0.7625528346456693
21
0.5392630708661417
0
LINE
8
BLACK
6
CONTINUOUS
10
0.7625528346456693
20
0.5392630708661417
11
0.7626418110236221
21
0.5392070866141733
0
LINE
8
BLACK
6
CONTINUOUS
10
0.7626418110236221
20
0.5392070866141733
11
0.7626929527559055
21
0.5391481102362204
0
LINE
8
BLACK
6
CONTINUOUS
10
0.7626929527559055
20
0.5391481102362204
11
0.7629193307086614
21
0.5389623228346456
0
LINE
8
BLACK
6
CONTINUOUS
10
0.7629193307086614
20
0.5389623228346456
11
0.7647940944881889
21
0.5370875590551181
0
LINE
8
BLACK
6
CONTINUOUS
10
0.7647940944881889
20
0.5370875590551181
11
0.764979842519685
21
0.5368612204724409
0
LINE
8
BLACK
6
CONTINUOUS
10
0.764979842519685
20
0.5368612204724409
11
0.7650388582677166
21
0.5368100393700788
0
LINE
8
BLACK
6
CONTINUOUS
10
0.7650388582677166
20
0.5368100393700788
11
0.7650948031496063
21
0.5367211023622047
0
LINE
8
BLACK
6
CONTINUOUS
10
0.7650948031496063
20
0.5367211023622047
11
0.7651612992125985
21
0.5366401181102362
0
LINE
8
BLACK
6
CONTINUOUS
10
0.7651612992125985
20
0.5366401181102362
11
0.7651911023622047
21
0.5365681889763779
0
LINE
8
BLACK
6
CONTINUOUS
10
0.7651911023622047
20
0.5365681889763779
11
0.7653472047244094
21
0.5363201574803149
0
LINE
8
BLACK
6
CONTINUOUS
10
0.7653472047244094
20
0.5363201574803149
11
0.767221968503937
21
0.5325706299212598
0
LINE
8
BLACK
6
CONTINUOUS
10
0.767221968503937
20
0.5325706299212598
11
0.7674288582677166
21
0.5320300393700788
0
LINE
8
BLACK
6
CONTINUOUS
10
0.7674288582677166
20
0.5320300393700788
11
0.7674363779527559
21
0.5319241732283464
0
LINE
8
BLACK
6
CONTINUOUS
10
0.7674363779527559
20
0.5319241732283464
11
0.767476968503937
21
0.5318261811023622
0
LINE
8
BLACK
6
CONTINUOUS
10
0.767476968503937
20
0.5318261811023622
11
0.7675337007874016
21
0.5312501181102363
0
LINE
8
BLACK
6
CONTINUOUS
10
0.7675337007874016
20
0.5312501181102363
11
0.7675337007874016
21
0.5218762992125984
0
LINE
8
BLACK
6
CONTINUOUS
10
0.7675337007874016
20
0.5218762992125984
11
0.767476968503937
21
0.5213002362204724
0
LINE
8
BLACK
6
CONTINUOUS
10
0.767476968503937
20
0.5213002362204724
11
0.7674363779527559
21
0.5212022834645669
0
LINE
8
BLACK
6
CONTINUOUS
10
0.7674363779527559
20
0.5212022834645669
11
0.7674288582677166
21
0.5210963779527559
0
LINE
8
BLACK
6
CONTINUOUS
10
0.7674288582677166
20
0.5210963779527559
11
0.767221968503937
21
0.5205557874015748
0
LINE
8
BLACK
6
CONTINUOUS
10
0.767221968503937
20
0.5205557874015748
11
0.7653472047244094
21
0.5168062598425197
0
LINE
8
BLACK
6
CONTINUOUS
10
0.7653472047244094
20
0.5168062598425197
11
0.7651911417322834
21
0.5165583858267716
0
LINE
8
BLACK
6
CONTINUOUS
10
0.7651911417322834
20
0.5165583858267716
11
0.7651613385826771
21
0.5164863385826771
0
LINE
8
BLACK
6
CONTINUOUS
10
0.7651613385826771
20
0.5164863385826771
11
0.7650948031496063
21
0.5164053149606299
0
LINE
8
BLACK
6
CONTINUOUS
10
0.7650948031496063
20
0.5164053149606299
11
0.7650388582677166
21
0.5163163779527559
0
LINE
8
BLACK
6
CONTINUOUS
10
0.7650388582677166
20
0.5163163779527559
11
0.764979842519685
21
0.5162652362204724
0
LINE
8
BLACK
6
CONTINUOUS
10
0.764979842519685
20
0.5162652362204724
11
0.7647940944881889
21
0.5160388582677166
0
LINE
8
BLACK
6
CONTINUOUS
10
0.7647940944881889
20
0.5160388582677166
11
0.7629193700787401
21
0.514164094488189
0
LINE
8
BLACK
6
CONTINUOUS
10
0.7629193700787401
20
0.514164094488189
11
0.7626929921259842
21
0.5139783464566929
0
LINE
8
BLACK
6
CONTINUOUS
10
0.7626929921259842
20
0.5139783464566929
11
0.7626418110236221
21
0.5139192913385827
0
LINE
8
BLACK
6
CONTINUOUS
10
0.7626418110236221
20
0.5139192913385827
11
0.7625528346456693
21
0.5138633070866142
0
LINE
8
BLACK
6
CONTINUOUS
10
0.7625528346456693
20
0.5138633070866142
11
0.7624718897637796
21
0.5137968503937008
0
LINE
8
BLACK
6
CONTINUOUS
10
0.7624718897637796
20
0.5137968503937008
11
0.7623999212598425
21
0.5137670472440945
0
LINE
8
BLACK
6
CONTINUOUS
10
0.7623999212598425
20
0.5137670472440945
11
0.7621519291338582
21
0.5136109448818897
0
LINE
8
BLACK
6
CONTINUOUS
10
0.7621519291338582
20
0.5136109448818897
11
0.7584024015748031
21
0.5117361811023622
0
LINE
8
BLACK
6
CONTINUOUS
10
0.7584024015748031
20
0.5117361811023622
11
0.7578617716535433
21
0.5115292913385827
0
LINE
8
BLACK
6
CONTINUOUS
10
0.7578617716535433
20
0.5115292913385827
11
0.7577559448818898
21
0.511521811023622
0
LINE
8
BLACK
6
CONTINUOUS
10
0.7577559448818898
20
0.511521811023622
11
0.7576579527559055
21
0.5114811811023622
0
LINE
8
BLACK
6
CONTINUOUS
10
0.7576579527559055
20
0.5114811811023622
11
0.7570818897637795
21
0.5114244488188976
0
LINE
8
BLACK
6
CONTINUOUS
10
0.7570818897637795
20
0.5114244488188976
11
0.7477080708661417
21
0.5114244488188976
0
LINE
8
BLACK
6
CONTINUOUS
10
0.7477080708661417
20
0.5114244488188976
11
0.7471320078740157
21
0.5114811811023622
0
LINE
8
BLACK
6
CONTINUOUS
10
0.7471320078740157
20
0.5114811811023622
11
0.7470340157480315
21
0.5115217716535433
0
LINE
8
BLACK
6
CONTINUOUS
10
0.7470340157480315
20
0.5115217716535433
11
0.7469281496062992
21
0.5115292913385827
0
LINE
8
BLACK
6
CONTINUOUS
10
0.7469281496062992
20
0.5115292913385827
11
0.7463875590551181
21
0.5117361811023622
0
LINE
8
BLACK
6
CONTINUOUS
10
0.7463875590551181
20
0.5117361811023622
11
0.742638031496063
21
0.5136109448818897
0
LINE
8
BLACK
6
CONTINUOUS
10
0.742638031496063
20
0.5136109448818897
11
0.74239
21
0.5137670472440945
0
LINE
8
BLACK
6
CONTINUOUS
10
0.74239
20
0.5137670472440945
11
0.7423180708661418
21
0.5137968503937008
0
LINE
8
BLACK
6
CONTINUOUS
10
0.7423180708661418
20
0.5137968503937008
11
0.7422370866141732
21
0.5138633070866142
0
LINE
8
BLACK
6
CONTINUOUS
10
0.7422370866141732
20
0.5138633070866142
11
0.7421481496062992
21
0.5139192913385827
0
LINE
8
BLACK
6
CONTINUOUS
10
0.7421481496062992
20
0.5139192913385827
11
0.7420969291338583
21
0.5139783464566929
0
LINE
8
BLACK
6
CONTINUOUS
10
0.7420969291338583
20
0.5139783464566929
11
0.7418705905511811
21
0.514164094488189
0
LINE
8
BLACK
6
CONTINUOUS
10
0.7418705905511811
20
0.514164094488189
11
0.7399958267716535
21
0.5160388976377953
0
LINE
8
BLACK
6
CONTINUOUS
10
0.7399958267716535
20
0.5160388976377953
11
0.7396286220472441
21
0.5164863385826771
0
LINE
8
BLACK
6
CONTINUOUS
10
0.7396286220472441
20
0.5164863385826771
11
0.7391877559055118
21
0.517550748031496
0
LINE
8
BLACK
6
CONTINUOUS
10
0.7391877559055118
20
0.517550748031496
11
0.7391877559055118
21
0.5187028346456692
0
LINE
8
BLACK
6
CONTINUOUS
10
0.7391877559055118
20
0.5187028346456692
11
0.7396286614173229
21
0.5197672440944882
0
LINE
8
BLACK
6
CONTINUOUS
10
0.7396286614173229
20
0.5197672440944882
11
0.7404433464566929
21
0.5205819291338583
0
LINE
8
BLACK
6
CONTINUOUS
10
0.7404433464566929
20
0.5205819291338583
11
0.7415077559055118
21
0.5210227952755906
0
LINE
8
BLACK
6
CONTINUOUS
10
0.7415077559055118
20
0.5210227952755906
11
0.742659842519685
21
0.5210227952755906
0
LINE
8
BLACK
6
CONTINUOUS
10
0.742659842519685
20
0.5210227952755906
11
0.7437242519685039
21
0.5205818897637795
0
LINE
8
BLACK
6
CONTINUOUS
10
0.7437242519685039
20
0.5205818897637795
11
0.7441717322834646
21
0.5202146456692913
0
LINE
8
BLACK
6
CONTINUOUS
10
0.7441717322834646
20
0.5202146456692913
11
0.7457076377952756
21
0.5186787007874015
0
LINE
8
BLACK
6
CONTINUOUS
10
0.7457076377952756
20
0.5186787007874015
11
0.7484051181102362
21
0.5173299606299212
0
LINE
8
BLACK
6
CONTINUOUS
10
0.7484051181102362
20
0.5173299606299212
11
0.7563848425196851
21
0.5173299606299212
0
LINE
8
BLACK
6
CONTINUOUS
10
0.7563848425196851
20
0.5173299606299212
11
0.759082283464567
21
0.5186787007874015
0
LINE
8
BLACK
6
CONTINUOUS
10
0.759082283464567
20
0.5186787007874015
11
0.7602794094488189
21
0.5198758661417323
0
LINE
8
BLACK
6
CONTINUOUS
10
0.7602794094488189
20
0.5198758661417323
11
0.761628188976378
21
0.522573346456693
0
LINE
8
BLACK
6
CONTINUOUS
10
0.761628188976378
20
0.522573346456693
11
0.761628188976378
21
0.5305530708661417
0
LINE
8
BLACK
6
CONTINUOUS
10
0.761628188976378
20
0.5305530708661417
11
0.7602794488188976
21
0.5332505511811023
0
LINE
8
BLACK
6
CONTINUOUS
10
0.7602794488188976
20
0.5332505511811023
11
0.7590823228346456
21
0.5344476771653544
0
LINE
8
BLACK
6
CONTINUOUS
10
0.7590823228346456
20
0.5344476771653544
11
0.7563848425196851
21
0.5357964173228347
0
LINE
8
BLACK
6
CONTINUOUS
10
0.7563848425196851
20
0.5357964173228347
11
0.7484051181102362
21
0.5357964173228347
0
LINE
8
BLACK
6
CONTINUOUS
10
0.7484051181102362
20
0.5357964173228347
11
0.7457076377952756
21
0.5344476771653544
0
LINE
8
BLACK
6
CONTINUOUS
10
0.7457076377952756
20
0.5344476771653544
11
0.7441716929133858
21
0.5329117322834646
0
LINE
8
BLACK
6
CONTINUOUS
10
0.7441716929133858
20
0.5329117322834646
11
0.7437242519685039
21
0.5325445275590551
0
LINE
8
BLACK
6
CONTINUOUS
10
0.7437242519685039
20
0.5325445275590551
11
0.7435868897637795
21
0.5324876377952755
0
LINE
8
BLACK
6
CONTINUOUS
10
0.7435868897637795
20
0.5324876377952755
11
0.743471811023622
21
0.5323934645669292
0
LINE
8
BLACK
6
CONTINUOUS
10
0.743471811023622
20
0.5323934645669292
11
0.7430584251968504
21
0.532268779527559
0
LINE
8
BLACK
6
CONTINUOUS
10
0.7430584251968504
20
0.532268779527559
11
0.7426598031496063
21
0.532103622047244
0
LINE
8
BLACK
6
CONTINUOUS
10
0.7426598031496063
20
0.532103622047244
11
0.7425111811023621
21
0.532103622047244
0
LINE
8
BLACK
6
CONTINUOUS
10
0.7425111811023621
20
0.532103622047244
11
0.7423688188976377
21
0.5320606692913386
0
LINE
8
BLACK
6
CONTINUOUS
10
0.7423688188976377
20
0.5320606692913386
11
0.7419392913385826
21
0.532103622047244
0
LINE
8
BLACK
6
CONTINUOUS
10
0.7419392913385826
20
0.532103622047244
11
0.7415077559055118
21
0.532103622047244
0
LINE
8
BLACK
6
CONTINUOUS
10
0.7415077559055118
20
0.532103622047244
11
0.7413703937007874
21
0.5321605511811024
0
LINE
8
BLACK
6
CONTINUOUS
10
0.7413703937007874
20
0.5321605511811024
11
0.7412224015748031
21
0.5321753149606299
0
LINE
8
BLACK
6
CONTINUOUS
10
0.7412224015748031
20
0.5321753149606299
11
0.7408420078740158
21
0.5323793700787401
0
LINE
8
BLACK
6
CONTINUOUS
10
0.7408420078740158
20
0.5323793700787401
11
0.7404433070866142
21
0.5325445275590551
0
LINE
8
BLACK
6
CONTINUOUS
10
0.7404433070866142
20
0.5325445275590551
11
0.7403381102362204
21
0.5326497244094488
0
LINE
8
BLACK
6
CONTINUOUS
10
0.7403381102362204
20
0.5326497244094488
11
0.7402071653543307
21
0.5327199606299212
0
LINE
8
BLACK
6
CONTINUOUS
10
0.7402071653543307
20
0.5327199606299212
11
0.7399338976377953
21
0.533053937007874
0
LINE
8
BLACK
6
CONTINUOUS
10
0.7399338976377953
20
0.533053937007874
11
0.7396286614173229
21
0.5333591732283465
0
LINE
8
BLACK
6
CONTINUOUS
10
0.7396286614173229
20
0.5333591732283465
11
0.7395717322834645
21
0.5334965354330709
0
LINE
8
BLACK
6
CONTINUOUS
10
0.7395717322834645
20
0.5334965354330709
11
0.7394775984251968
21
0.5336116141732283
0
LINE
8
BLACK
6
CONTINUOUS
10
0.7394775984251968
20
0.5336116141732283
11
0.739352874015748
21
0.534025
0
LINE
8
BLACK
6
CONTINUOUS
10
0.739352874015748
20
0.534025
11
0.7391877559055118
21
0.534423622047244
0
LINE
8
BLACK
6
CONTINUOUS
10
0.7391877559055118
20
0.534423622047244
11
0.7391877559055118
21
0.5345722834645669
0
LINE
8
BLACK
6
CONTINUOUS
10
0.7391877559055118
20
0.5345722834645669
11
0.7391448031496063
21
0.5347146062992126
0
LINE
8
BLACK
6
CONTINUOUS
10
0.7391448031496063
20
0.5347146062992126
11
0.7391456692913385
21
0.5352934645669292
0
LINE
8
BLACK
6
CONTINUOUS
10
0.7391456692913385
20
0.5352934645669292
11
0.7410204330708662
21
0.5540411023622047
0
LINE
8
BLACK
6
CONTINUOUS
10
0.7410204330708662
20
0.5540411023622047
11
0.7410625196850393
21
0.554251062992126
0
LINE
8
BLACK
6
CONTINUOUS
10
0.7410625196850393
20
0.554251062992126
11
0.7410625196850393
21
0.5543233464566929
0
LINE
8
BLACK
6
CONTINUOUS
10
0.7410625196850393
20
0.5543233464566929
11
0.7410905905511811
21
0.5543911811023622
0
LINE
8
BLACK
6
CONTINUOUS
10
0.7410905905511811
20
0.5543911811023622
11
0.7411342125984252
21
0.5546086614173228
0
LINE
8
BLACK
6
CONTINUOUS
10
0.7411342125984252
20
0.5546086614173228
11
0.7413382283464567
21
0.5549889763779527
0
LINE
8
BLACK
6
CONTINUOUS
10
0.7413382283464567
20
0.5549889763779527
11
0.7415034251968504
21
0.5553877559055118
0
LINE
8
BLACK
6
CONTINUOUS
10
0.7415034251968504
20
0.5553877559055118
11
0.7416085826771653
21
0.5554929527559055
0
LINE
8
BLACK
6
CONTINUOUS
10
0.7416085826771653
20
0.5554929527559055
11
0.7416788582677165
21
0.5556238976377953
0
LINE
8
BLACK
6
CONTINUOUS
10
0.7416788582677165
20
0.5556238976377953
11
0.7420127952755905
21
0.5558971653543306
0
LINE
8
BLACK
6
CONTINUOUS
10
0.7420127952755905
20
0.5558971653543306
11
0.7423180708661418
21
0.5562024015748032
0
LINE
8
BLACK
6
CONTINUOUS
10
0.7423180708661418
20
0.5562024015748032
11
0.7424553937007874
21
0.5562593307086614
0
LINE
8
BLACK
6
CONTINUOUS
10
0.7424553937007874
20
0.5562593307086614
11
0.7425705118110236
21
0.5563534645669291
0
LINE
8
BLACK
6
CONTINUOUS
10
0.7425705118110236
20
0.5563534645669291
11
0.742983779527559
21
0.5564781889763779
0
LINE
8
BLACK
6
CONTINUOUS
10
0.742983779527559
20
0.5564781889763779
11
0.7433824803149606
21
0.5566433070866141
0
LINE
8
BLACK
6
CONTINUOUS
10
0.7433824803149606
20
0.5566433070866141
11
0.7436031496062991
21
0.5566650787401575
0
LINE
8
BLACK
6
CONTINUOUS
10
0.7436031496062991
20
0.5566650787401575
11
0.7436735039370078
21
0.5566862598425196
0
LINE
8
BLACK
6
CONTINUOUS
10
0.7436735039370078
20
0.5566862598425196
11
0.7437454724409449
21
0.556679094488189
0
LINE
8
BLACK
6
CONTINUOUS
10
0.7437454724409449
20
0.556679094488189
11
0.7439585433070866
21
0.5567000393700787
0
LINE
8
BLACK
6
CONTINUOUS
10
0.7439585433070866
20
0.5567000393700787
11
0.7627061811023622
21
0.5567000393700787
0
LINE
8
BLACK
6
CONTINUOUS
10
0.7627061811023622
20
0.5567000393700787
11
0.7632822440944882
21
0.5566433070866141
0
LINE
8
BLACK
6
CONTINUOUS
10
0.7632822440944882
20
0.5566433070866141
11
0.7643466535433071
21
0.5562024015748032
0
LINE
8
BLACK
6
CONTINUOUS
10
0.7643466535433071
20
0.5562024015748032
11
0.7651612992125985
21
0.5553877559055118
0
LINE
8
BLACK
6
CONTINUOUS
10
0.7651612992125985
20
0.5553877559055118
11
0.7653543307086614
21
0.5549217716535433
0
LINE
8
BLACK
6
CONTINUOUS
10
0.7653543307086614
20
0.5549217716535433
11
0.7653543307086614
21
0.5661488582677165
0
LINE
8
BLACK
6
CONTINUOUS
10
0.7653543307086614
20
0.5661488582677165
11
0.7650731102362205
21
0.5661488582677165
0
LINE
8
BLACK
6
CONTINUOUS
10
0.7650731102362205
20
0.5661488582677165
11
0.7644970472440945
21
0.5662055905511811
0
LINE
8
BLACK
6
CONTINUOUS
10
0.7644970472440945
20
0.5662055905511811
11
0.7634326377952756
21
0.5666464960629921
0
LINE
8
BLACK
6
CONTINUOUS
10
0.7634326377952756
20
0.5666464960629921
11
0.7626179921259842
21
0.5674611417322835
0
LINE
8
BLACK
6
CONTINUOUS
10
0.7626179921259842
20
0.5674611417322835
11
0.7621770866141732
21
0.5685255511811024
0
LINE
8
BLACK
6
CONTINUOUS
10
0.7621770866141732
20
0.5685255511811024
11
0.7621770866141732
21
0.5696776771653543
0
LINE
8
BLACK
6
CONTINUOUS
10
0.7621770866141732
20
0.5696776771653543
11
0.7626179921259842
21
0.5707420866141732
0
LINE
8
BLACK
6
CONTINUOUS
10
0.7626179921259842
20
0.5707420866141732
11
0.7634326377952756
21
0.5715567322834646
0
LINE
8
BLACK
6
CONTINUOUS
10
0.7634326377952756
20
0.5715567322834646
11
0.7644970472440945
21
0.5719976377952756
0
LINE
8
BLACK
6
CONTINUOUS
10
0.7644970472440945
20
0.5719976377952756
11
0.7650731102362205
21
0.5720543700787402
0
LINE
8
BLACK
6
CONTINUOUS
10
0.7650731102362205
20
0.5720543700787402
11
0.773368937007874
21
0.5720543700787402
0
LINE
8
BLACK
6
CONTINUOUS
10
0.773368937007874
20
0.5720543700787402
11
0.773368937007874
21
0.5903622440944882
0
LINE
8
BLACK
6
CONTINUOUS
10
0.773368937007874
20
0.5903622440944882
11
0.7732752362204725
21
0.5902685433070866
0
LINE
8
BLACK
6
CONTINUOUS
10
0.7732752362204725
20
0.5902685433070866
11
0.7722108267716535
21
0.5898276377952756
0
LINE
8
BLACK
6
CONTINUOUS
10
0.7722108267716535
20
0.5898276377952756
11
0.7710587007874016
21
0.5898276377952756
0
LINE
8
BLACK
6
CONTINUOUS
10
0.7710587007874016
20
0.5898276377952756
11
0.7699942913385827
21
0.5902685433070866
0
LINE
8
BLACK
6
CONTINUOUS
10
0.7699942913385827
20
0.5902685433070866
11
0.7691796456692913
21
0.5910831889763779
0
LINE
8
BLACK
6
CONTINUOUS
10
0.7691796456692913
20
0.5910831889763779
11
0.7687387401574803
21
0.5921475984251968
0
LINE
8
BLACK
6
CONTINUOUS
10
0.7687387401574803
20
0.5921475984251968
11
0.7686820078740157
21
0.5927236614173228
0
LINE
8
BLACK
6
CONTINUOUS
10
0.7686820078740157
20
0.5927236614173228
11
0.7686820078740157
21
0.5957262992125985
0
LINE
8
BLACK
6
CONTINUOUS
10
0.7686820078740157
20
0.5957262992125985
11
0.766393622047244
21
0.5945820866141732
0
LINE
8
BLACK
6
CONTINUOUS
10
0.766393622047244
20
0.5945820866141732
11
0.7658529921259842
21
0.5943751968503936
0
LINE
8
BLACK
6
CONTINUOUS
10
0.7658529921259842
20
0.5943751968503936
11
0.7647037795275591
21
0.5942935433070866
0
LINE
8
BLACK
6
CONTINUOUS
10
0.7647037795275591
20
0.5942935433070866
11
0.7636108267716535
21
0.594657874015748
0
LINE
8
BLACK
6
CONTINUOUS
10
0.7636108267716535
20
0.594657874015748
11
0.7627404330708661
21
0.595412716535433
0
LINE
8
BLACK
6
CONTINUOUS
10
0.7627404330708661
20
0.595412716535433
11
0.7622251968503937
21
0.5964432283464567
0
LINE
8
BLACK
6
CONTINUOUS
10
0.7622251968503937
20
0.5964432283464567
11
0.7621435433070866
21
0.5975924409448818
0
LINE
8
BLACK
6
CONTINUOUS
10
0.7621435433070866
20
0.5975924409448818
11
0.762507874015748
21
0.5986853937007874
0
LINE
8
BLACK
6
CONTINUOUS
10
0.762507874015748
20
0.5986853937007874
11
0.7632627165354331
21
0.5995557874015748
0
LINE
8
BLACK
6
CONTINUOUS
10
0.7632627165354331
20
0.5995557874015748
11
0.7637525984251968
21
0.5998641338582678
0
LINE
8
BLACK
6
CONTINUOUS
10
0.7637525984251968
20
0.5998641338582678
11
0.7670735433070865
21
0.6015246062992126
0
LINE
8
BLACK
6
CONTINUOUS
10
0.7670735433070865
20
0.6015246062992126
11
0.7686820078740157
21
0.6031330708661418
0
LINE
8
BLACK
6
CONTINUOUS
10
0.7686820078740157
20
0.6031330708661418
11
0.7686820078740157
21
0.6126490551181102
0
LINE
8
BLACK
6
CONTINUOUS
10
0.7686820078740157
20
0.6126490551181102
11
0.7675591338582677
21
0.6148948031496063
0
LINE
8
BLACK
6
CONTINUOUS
10
0.7675591338582677
20
0.6148948031496063
11
0.7653134251968504
21
0.6160176377952756
0
LINE
8
BLACK
6
CONTINUOUS
10
0.7653134251968504
20
0.6160176377952756
11
0.7610832283464567
21
0.6160176377952756
0
LINE
8
BLACK
6
CONTINUOUS
10
0.7610832283464567
20
0.6160176377952756
11
0.7583857480314961
21
0.6146688976377953
0
LINE
8
BLACK
6
CONTINUOUS
10
0.7583857480314961
20
0.6146688976377953
11
0.7577146456692914
21
0.6139977952755905
0
LINE
8
BLACK
6
CONTINUOUS
10
0.7577146456692914
20
0.6139977952755905
11
0.7577146456692914
21
0.5927236614173228
0
LINE
8
BLACK
6
CONTINUOUS
10
0.7577146456692914
20
0.5927236614173228
11
0.7576579133858268
21
0.5921475984251968
0
LINE
8
BLACK
6
CONTINUOUS
10
0.7576579133858268
20
0.5921475984251968
11
0.7572170078740157
21
0.5910831889763779
0
LINE
8
BLACK
6
CONTINUOUS
10
0.7572170078740157
20
0.5910831889763779
11
0.7564023622047243
21
0.5902685433070866
0
LINE
8
BLACK
6
CONTINUOUS
10
0.7564023622047243
20
0.5902685433070866
11
0.7553379527559055
21
0.5898276377952756
0
LINE
8
BLACK
6
CONTINUOUS
10
0.7553379527559055
20
0.5898276377952756
11
0.7541858267716536
21
0.5898276377952756
0
LINE
8
BLACK
6
CONTINUOUS
10
0.7541858267716536
20
0.5898276377952756
11
0.7531214173228347
21
0.5902685433070866
0
LINE
8
BLACK
6
CONTINUOUS
10
0.7531214173228347
20
0.5902685433070866
11
0.7523067716535433
21
0.5910831889763779
0
LINE
8
BLACK
6
CONTINUOUS
10
0.7523067716535433
20
0.5910831889763779
11
0.7518658661417322
21
0.5921475984251968
0
LINE
8
BLACK
6
CONTINUOUS
10
0.7518658661417322
20
0.5921475984251968
11
0.7518091338582678
21
0.5927236614173228
0
LINE
8
BLACK
6
CONTINUOUS
10
0.7518091338582678
20
0.5927236614173228
11
0.7518091338582678
21
0.6189703937007874
0
LINE
8
BLACK
6
CONTINUOUS
10
0.7518091338582678
20
0.6189703937007874
11
0.7518658661417322
21
0.6195464566929134
0
LINE
8
BLACK
6
CONTINUOUS
10
0.7518658661417322
20
0.6195464566929134
11
0.7523067716535433
21
0.6206108661417322
0
LINE
8
BLACK
6
CONTINUOUS
10
0.7523067716535433
20
0.6206108661417322
11
0.7531214173228347
21
0.6214255118110236
0
LINE
8
BLACK
6
CONTINUOUS
10
0.7531214173228347
20
0.6214255118110236
11
0.7541858267716536
21
0.6218664173228347
0
LINE
8
BLACK
6
CONTINUOUS
10
0.7541858267716536
20
0.6218664173228347
11
0.7553379527559055
21
0.6218664173228347
0
LINE
8
BLACK
6
CONTINUOUS
10
0.7553379527559055
20
0.6218664173228347
11
0.7564023622047243
21
0.6214255118110236
0
LINE
8
BLACK
6
CONTINUOUS
10
0.7564023622047243
20
0.6214255118110236
11
0.7571661811023622
21
0.6206616929133858
0
LINE
8
BLACK
6
CONTINUOUS
10
0.7571661811023622
20
0.6206616929133858
11
0.7590656692913386
21
0.6216114173228346
0
LINE
8
BLACK
6
CONTINUOUS
10
0.7590656692913386
20
0.6216114173228346
11
0.7596062598425196
21
0.6218183070866141
0
LINE
8
BLACK
6
CONTINUOUS
10
0.7596062598425196
20
0.6218183070866141
11
0.759712125984252
21
0.6218258661417323
0
LINE
8
BLACK
6
CONTINUOUS
10
0.759712125984252
20
0.6218258661417323
11
0.7598101181102362
21
0.6218664173228347
0
LINE
8
BLACK
6
CONTINUOUS
10
0.7598101181102362
20
0.6218664173228347
11
0.7603861811023622
21
0.6219231496062992
0
LINE
8
BLACK
6
CONTINUOUS
10
0.7603861811023622
20
0.6219231496062992
11
0.7660104724409449
21
0.6219231496062992
0
LINE
8
BLACK
6
CONTINUOUS
10
0.7660104724409449
20
0.6219231496062992
11
0.7665865354330709
21
0.6218664173228347
0
LINE
8
BLACK
6
CONTINUOUS
10
0.7665865354330709
20
0.6218664173228347
11
0.7666845275590551
21
0.6218258267716535
0
LINE
8
BLACK
6
CONTINUOUS
10
0.7666845275590551
20
0.6218258267716535
11
0.7667903543307086
21
0.6218183070866141
0
LINE
8
BLACK
6
CONTINUOUS
10
0.7667903543307086
20
0.6218183070866141
11
0.7673309842519684
21
0.6216114173228346
0
LINE
8
BLACK
6
CONTINUOUS
10
0.7673309842519684
20
0.6216114173228346
11
0.7710805118110236
21
0.6197366535433071
0
LINE
8
BLACK
6
CONTINUOUS
10
0.7710805118110236
20
0.6197366535433071
11
0.7711768503937008
21
0.6196760236220472
0
LINE
8
BLACK
6
CONTINUOUS
10
0.7711768503937008
20
0.6196760236220472
11
0.7712222834645669
21
0.6196608661417322
0
LINE
8
BLACK
6
CONTINUOUS
10
0.7712222834645669
20
0.6196608661417322
11
0.7712788188976378
21
0.6196118503937008
0
LINE
8
BLACK
6
CONTINUOUS
10
0.7712788188976378
20
0.6196118503937008
11
0.7715703937007874
21
0.6194283070866141
0
LINE
8
BLACK
6
CONTINUOUS
10
0.7715703937007874
20
0.6194283070866141
11
0.7718129527559054
21
0.6191486220472441
0
LINE
8
BLACK
6
CONTINUOUS
10
0.7718129527559054
20
0.6191486220472441
11
0.7720926771653543
21
0.6189060236220473
0
LINE
8
BLACK
6
CONTINUOUS
10
0.7720926771653543
20
0.6189060236220473
11
0.7722761811023622
21
0.6186144881889764
0
LINE
8
BLACK
6
CONTINUOUS
10
0.7722761811023622
20
0.6186144881889764
11
0.7723252362204724
21
0.6185579133858268
0
LINE
8
BLACK
6
CONTINUOUS
10
0.7723252362204724
20
0.6185579133858268
11
0.7723403543307087
21
0.6185125196850394
0
LINE
8
BLACK
6
CONTINUOUS
10
0.7723403543307087
20
0.6185125196850394
11
0.7724010236220472
21
0.6184161417322834
0
LINE
8
BLACK
6
CONTINUOUS
10
0.7724010236220472
20
0.6184161417322834
11
0.7742757874015748
21
0.6146666141732283
0
LINE
8
BLACK
6
CONTINUOUS
10
0.7742757874015748
20
0.6146666141732283
11
0.7744826771653543
21
0.6141260236220473
0
LINE
8
BLACK
6
CONTINUOUS
10
0.7744826771653543
20
0.6141260236220473
11
0.7744901968503937
21
0.6140201574803149
0
LINE
8
BLACK
6
CONTINUOUS
10
0.7744901968503937
20
0.6140201574803149
11
0.7745307874015748
21
0.6139221653543306
0
LINE
8
BLACK
6
CONTINUOUS
10
0.7745307874015748
20
0.6139221653543306
11
0.7745875196850394
21
0.6133461023622047
0
LINE
8
BLACK
6
CONTINUOUS
10
0.7745875196850394
20
0.6133461023622047
11
0.7745875196850394
21
0.6108331496062992
0
LINE
8
BLACK
6
CONTINUOUS
10
0.7745875196850394
20
0.6108331496062992
11
0.7746812204724409
21
0.610926811023622
0
LINE
8
BLACK
6
CONTINUOUS
10
0.7746812204724409
20
0.610926811023622
11
0.7749485039370079
21
0.6110375590551181
0
LINE
8
BLACK
6
CONTINUOUS
10
0.7749485039370079
20
0.6110375590551181
11
0.7751888976377953
21
0.6111985039370078
0
LINE
8
BLACK
6
CONTINUOUS
10
0.7751888976377953
20
0.6111985039370078
11
0.7754755118110236
21
0.6112558661417322
0
LINE
8
BLACK
6
CONTINUOUS
10
0.7754755118110236
20
0.6112558661417322
11
0.7757456299212598
21
0.6113677165354331
0
LINE
8
BLACK
6
CONTINUOUS
10
0.7757456299212598
20
0.6113677165354331
11
0.7760349212598425
21
0.6113677165354331
0
LINE
8
BLACK
6
CONTINUOUS
10
0.7760349212598425
20
0.6113677165354331
11
0.7763185826771654
21
0.6114244488188976
0
LINE
8
BLACK
6
CONTINUOUS
10
0.7763185826771654
20
0.6114244488188976
11
0.7766053543307087
21
0.6113677165354331
0
LINE
8
BLACK
6
CONTINUOUS
10
0.7766053543307087
20
0.6113677165354331
11
0.7768977559055118
21
0.6113677165354331
0
LINE
8
BLACK
6
CONTINUOUS
10
0.7768977559055118
20
0.6113677165354331
11
0.777165
21
0.6112570078740157
0
LINE
8
BLACK
6
CONTINUOUS
10
0.777165
20
0.6112570078740157
11
0.7774488188976377
21
0.6112008661417323
0
LINE
8
BLACK
6
CONTINUOUS
10
0.7774488188976377
20
0.6112008661417323
11
0.7776920866141732
21
0.6110387007874015
0
LINE
8
BLACK
6
CONTINUOUS
10
0.7776920866141732
20
0.6110387007874015
11
0.7779621653543307
21
0.610926811023622
0
LINE
8
BLACK
6
CONTINUOUS
10
0.7779621653543307
20
0.610926811023622
11
0.7781666141732283
21
0.6107223622047244
0
LINE
8
BLACK
6
CONTINUOUS
10
0.7781666141732283
20
0.6107223622047244
11
0.7784074409448819
21
0.6105618110236221
0
LINE
8
BLACK
6
CONTINUOUS
10
0.7784074409448819
20
0.6105618110236221
11
0.778570157480315
21
0.6103188188976377
0
LINE
8
BLACK
6
CONTINUOUS
10
0.778570157480315
20
0.6103188188976377
11
0.7787768110236221
21
0.6101121653543307
0
LINE
8
BLACK
6
CONTINUOUS
10
0.7787768110236221
20
0.6101121653543307
11
0.7788874803149606
21
0.6098449606299212
0
LINE
8
BLACK
6
CONTINUOUS
10
0.7788874803149606
20
0.6098449606299212
11
0.7790485039370079
21
0.6096045275590551
0
LINE
8
BLACK
6
CONTINUOUS
10
0.7790485039370079
20
0.6096045275590551
11
0.7791058267716535
21
0.609317874015748
0
LINE
8
BLACK
6
CONTINUOUS
10
0.7791058267716535
20
0.609317874015748
11
0.779217716535433
21
0.6090477559055117
0
LINE
8
BLACK
6
CONTINUOUS
10
0.779217716535433
20
0.6090477559055117
11
0.7792738188976378
21
0.6084778346456693
0
LINE
8
BLACK
6
CONTINUOUS
10
0.7792738188976378
20
0.6084778346456693
11
0.7792744488188976
21
0.6084748031496063
0
LINE
8
BLACK
6
CONTINUOUS
10
0.7792744488188976
20
0.6084748031496063
11
0.7792742125984252
21
0.608473779527559
0
LINE
8
BLACK
6
CONTINUOUS
10
0.7792742125984252
20
0.608473779527559
11
0.7792744488188976
21
0.6084716929133858
0
LINE
8
BLACK
6
CONTINUOUS
10
0.7792744488188976
20
0.6084716929133858
11
0.7792744488188976
21
0.5720543700787402
0
LINE
8
BLACK
6
CONTINUOUS
10
0.7792744488188976
20
0.5720543700787402
11
0.7875702755905511
21
0.5720543700787402
0
LINE
8
BLACK
6
CONTINUOUS
10
0.7875702755905511
20
0.5720543700787402
11
0.7876426377952755
21
0.5720472440944881
0
LINE
8
BLACK
6
CONTINUOUS
10
0.7876426377952755
20
0.5720472440944881
11
0.8014904330708661
21
0.5720472440944881
0
LINE
8
BLACK
6
CONTINUOUS
10
0.8014904330708661
20
0.5720472440944881
11
0.8014904330708661
21
0.6084716929133858
0
LINE
8
BLACK
6
CONTINUOUS
10
0.8014904330708661
20
0.6084716929133858
11
0.8015277165354331
21
0.6088505118110236
0
LINE
8
BLACK
6
CONTINUOUS
10
0.8015277165354331
20
0.6088505118110236
11
0.80152468503937
21
0.6089200393700788
0
LINE
8
BLACK
6
CONTINUOUS
10
0.80152468503937
20
0.6089200393700788
11
0.8015382283464567
21
0.6089574015748032
0
LINE
8
BLACK
6
CONTINUOUS
10
0.8015382283464567
20
0.6089574015748032
11
0.8015471653543307
21
0.6090477559055117
0
LINE
8
BLACK
6
CONTINUOUS
10
0.8015471653543307
20
0.6090477559055117
11
0.8017432677165354
21
0.6095212598425197
0
LINE
8
BLACK
6
CONTINUOUS
10
0.8017432677165354
20
0.6095212598425197
11
0.8019183858267717
21
0.6100027559055118
0
LINE
8
BLACK
6
CONTINUOUS
10
0.8019183858267717
20
0.6100027559055118
11
0.8019628346456693
21
0.6100513385826771
0
LINE
8
BLACK
6
CONTINUOUS
10
0.8019628346456693
20
0.6100513385826771
11
0.8019880708661418
21
0.6101121653543307
0
LINE
8
BLACK
6
CONTINUOUS
10
0.8019880708661418
20
0.6101121653543307
11
0.8022692125984252
21
0.6103933464566929
0
LINE
8
BLACK
6
CONTINUOUS
10
0.8022692125984252
20
0.6103933464566929
11
0.7933351968503937
21
0.6103933464566929
0
LINE
8
BLACK
6
CONTINUOUS
10
0.7933351968503937
20
0.6103933464566929
11
0.7933351968503937
21
0.5927236614173228
0
LINE
8
BLACK
6
CONTINUOUS
10
0.7933351968503937
20
0.5927236614173228
11
0.7932784645669291
21
0.5921475984251968
0
LINE
8
BLACK
6
CONTINUOUS
10
0.7932784645669291
20
0.5921475984251968
11
0.7928375590551181
21
0.5910831889763779
0
LINE
8
BLACK
6
CONTINUOUS
10
0.7928375590551181
20
0.5910831889763779
11
0.7920229133858268
21
0.5902685433070866
0
LINE
8
BLACK
6
CONTINUOUS
10
0.7920229133858268
20
0.5902685433070866
11
0.7909585039370078
21
0.5898276377952756
0
LINE
8
BLACK
6
CONTINUOUS
10
0.7909585039370078
20
0.5898276377952756
11
0.7898063779527559
21
0.5898276377952756
0
LINE
8
BLACK
6
CONTINUOUS
10
0.7898063779527559
20
0.5898276377952756
11
0.788741968503937
21
0.5902685433070866
0
LINE
8
BLACK
6
CONTINUOUS
10
0.788741968503937
20
0.5902685433070866
11
0.7879273228346456
21
0.5910831889763779
0
LINE
8
BLACK
6
CONTINUOUS
10
0.7879273228346456
20
0.5910831889763779
11
0.7874864173228346
21
0.5921475984251968
0
LINE
8
BLACK
6
CONTINUOUS
10
0.7874864173228346
20
0.5921475984251968
11
0.7874296850393701
21
0.5927236614173228
0
LINE
8
BLACK
6
CONTINUOUS
10
0.7874296850393701
20
0.5927236614173228
11
0.7874296850393701
21
0.6250984251968503
0
LINE
8
BLACK
6
CONTINUOUS
10
0.7874296850393701
20
0.6250984251968503
11
0.7673228346456693
21
0.6250984251968503
0
LINE
8
BLACK
6
CONTINUOUS
10
0.7673228346456693
20
0.6250984251968503
11
0.7665695275590551
21
0.6252482677165354
0
LINE
8
BLACK
6
CONTINUOUS
10
0.7665695275590551
20
0.6252482677165354
11
0.7655041732283464
21
0.6263136220472441
0
LINE
8
BLACK
6
CONTINUOUS
10
0.7655041732283464
20
0.6263136220472441
11
0.7653543307086614
21
0.6270669291338583
0
LINE
8
BLACK
6
CONTINUOUS
10
0.7653543307086614
20
0.6270669291338583
11
0.7653543307086614
21
0.6595472440944882
0
LINE
8
BLACK
6
CONTINUOUS
10
0.7653543307086614
20
0.6595472440944882
11
0.7655041732283464
21
0.6603005511811023
0
LINE
8
BLACK
6
CONTINUOUS
10
0.7655041732283464
20
0.6603005511811023
11
0.7665695275590551
21
0.661365905511811
0
LINE
8
BLACK
6
CONTINUOUS
10
0.7665695275590551
20
0.661365905511811
11
0.7673228346456693
21
0.661515748031496
0
LINE
8
BLACK
6
CONTINUOUS
10
0.7673228346456693
20
0.661515748031496
11
0.8303149606299213
21
0.661515748031496
0
LINE
8
BLACK
6
CONTINUOUS
10
0.8303149606299213
20
0.661515748031496
11
0.8310682677165354
21
0.661365905511811
0
LINE
8
BLACK
6
CONTINUOUS
10
0.8322834645669291
20
0.5398631496062992
11
0.8369683464566929
21
0.5507945275590551
0
LINE
8
BLACK
6
CONTINUOUS
10
0.8369683464566929
20
0.5507945275590551
11
0.8322834645669291
21
0.5507945275590551
0
LINE
8
BLACK
6
CONTINUOUS
10
0.8322834645669291
20
0.5507945275590551
11
0.8322834645669291
21
0.5398631496062992
0
LINE
8
BLACK
6
CONTINUOUS
10
0.8071671653543306
20
0.5681102362204724
11
0.8068983070866141
21
0.5674611417322835
0
LINE
8
BLACK
6
CONTINUOUS
10
0.8068983070866141
20
0.5674611417322835
11
0.8060836614173228
21
0.5666464960629921
0
LINE
8
BLACK
6
CONTINUOUS
10
0.8060836614173228
20
0.5666464960629921
11
0.8050192519685039
21
0.5662055905511811
0
LINE
8
BLACK
6
CONTINUOUS
10
0.8050192519685039
20
0.5662055905511811
11
0.8038671259842519
21
0.5662055905511811
0
LINE
8
BLACK
6
CONTINUOUS
10
0.8038671259842519
20
0.5662055905511811
11
0.802802716535433
21
0.5666464960629921
0
LINE
8
BLACK
6
CONTINUOUS
10
0.802802716535433
20
0.5666464960629921
11
0.8019880708661418
21
0.5674611417322835
0
LINE
8
BLACK
6
CONTINUOUS
10
0.8019880708661418
20
0.5674611417322835
11
0.8017192125984252
21
0.5681102362204724
0
LINE
8
BLACK
6
CONTINUOUS
10
0.8017192125984252
20
0.5681102362204724
11
0.7902942519685039
21
0.5681102362204724
0
LINE
8
BLACK
6
CONTINUOUS
10
0.7902942519685039
20
0.5681102362204724
11
0.7900253937007874
21
0.5674611417322835
0
LINE
8
BLACK
6
CONTINUOUS
10
0.7900253937007874
20
0.5674611417322835
11
0.789210748031496
21
0.5666464960629921
0
LINE
8
BLACK
6
CONTINUOUS
10
0.789210748031496
20
0.5666464960629921
11
0.7881463385826771
21
0.5662055905511811
0
LINE
8
BLACK
6
CONTINUOUS
10
0.7881463385826771
20
0.5662055905511811
11
0.7875702755905511
21
0.5661488582677165
0
LINE
8
BLACK
6
CONTINUOUS
10
0.7875702755905511
20
0.5661488582677165
11
0.7692913385826772
21
0.5661488582677165
0
LINE
8
BLACK
6
CONTINUOUS
10
0.7692913385826772
20
0.5661488582677165
11
0.7692913385826772
21
0.5405511811023622
0
LINE
8
BLACK
6
CONTINUOUS
10
0.7692913385826772
20
0.5405511811023622
11
0.7771667716535433
21
0.5405511811023622
0
LINE
8
BLACK
6
CONTINUOUS
10
0.7771667716535433
20
0.5405511811023622
11
0.778515748031496
21
0.5540411023622047
0
LINE
8
BLACK
6
CONTINUOUS
10
0.778515748031496
20
0.5540411023622047
11
0.7785578346456693
21
0.554251062992126
0
LINE
8
BLACK
6
CONTINUOUS
10
0.7785578346456693
20
0.554251062992126
11
0.7785578346456693
21
0.5543233464566929
0
LINE
8
BLACK
6
CONTINUOUS
10
0.7785578346456693
20
0.5543233464566929
11
0.7785859055118111
21
0.5543911811023622
0
LINE
8
BLACK
6
CONTINUOUS
10
0.7785859055118111
20
0.5543911811023622
11
0.7786295275590551
21
0.5546086614173228
0
LINE
8
BLACK
6
CONTINUOUS
10
0.7786295275590551
20
0.5546086614173228
11
0.7788335433070867
21
0.5549889763779527
0
LINE
8
BLACK
6
CONTINUOUS
10
0.7788335433070867
20
0.5549889763779527
11
0.7789987401574803
21
0.5553877559055118
0
LINE
8
BLACK
6
CONTINUOUS
10
0.7789987401574803
20
0.5553877559055118
11
0.7791038976377953
21
0.5554929527559055
0
LINE
8
BLACK
6
CONTINUOUS
10
0.7791038976377953
20
0.5554929527559055
11
0.7791741732283465
21
0.5556238976377953
0
LINE
8
BLACK
6
CONTINUOUS
10
0.7791741732283465
20
0.5556238976377953
11
0.7795081102362205
21
0.5558971653543306
0
LINE
8
BLACK
6
CONTINUOUS
10
0.7795081102362205
20
0.5558971653543306
11
0.7798133858267716
21
0.5562024015748032
0
LINE
8
BLACK
6
CONTINUOUS
10
0.7798133858267716
20
0.5562024015748032
11
0.7799507086614174
21
0.5562593307086614
0
LINE
8
BLACK
6
CONTINUOUS
10
0.7799507086614174
20
0.5562593307086614
11
0.7800658267716535
21
0.5563534645669291
0
LINE
8
BLACK
6
CONTINUOUS
10
0.7800658267716535
20
0.5563534645669291
11
0.780479094488189
21
0.5564781889763779
0
LINE
8
BLACK
6
CONTINUOUS
10
0.780479094488189
20
0.5564781889763779
11
0.7808777952755905
21
0.5566433070866141
0
LINE
8
BLACK
6
CONTINUOUS
10
0.7808777952755905
20
0.5566433070866141
11
0.7810984645669291
21
0.5566650787401575
0
LINE
8
BLACK
6
CONTINUOUS
10
0.7810984645669291
20
0.5566650787401575
11
0.7811688188976378
21
0.5566862598425196
0
LINE
8
BLACK
6
CONTINUOUS
10
0.7811688188976378
20
0.5566862598425196
11
0.7812407874015748
21
0.556679094488189
0
LINE
8
BLACK
6
CONTINUOUS
10
0.7812407874015748
20
0.556679094488189
11
0.7814538582677165
21
0.5567000393700787
0
LINE
8
BLACK
6
CONTINUOUS
10
0.7814538582677165
20
0.5567000393700787
11
0.7853612204724409
21
0.5567000393700787
0
LINE
8
BLACK
6
CONTINUOUS
10
0.7853612204724409
20
0.5567000393700787
11
0.7860495275590551
21
0.559453188976378
0
LINE
8
BLACK
6
CONTINUOUS
10
0.7860495275590551
20
0.559453188976378
11
0.7861047637795275
21
0.5595701574803149
0
LINE
8
BLACK
6
CONTINUOUS
10
0.7861047637795275
20
0.5595701574803149
11
0.786138937007874
21
0.5596949212598425
0
LINE
8
BLACK
6
CONTINUOUS
10
0.786138937007874
20
0.5596949212598425
11
0.7868888188976377
21
0.5611947244094488
0
LINE
8
BLACK
6
CONTINUOUS
10
0.7868888188976377
20
0.5611947244094488
11
0.7870049606299212
21
0.5613443700787402
0
LINE
8
BLACK
6
CONTINUOUS
10
0.7870049606299212
20
0.5613443700787402
11
0.7871100787401575
21
0.5615016929133858
0
LINE
8
BLACK
6
CONTINUOUS
10
0.7871100787401575
20
0.5615016929133858
11
0.788609842519685
21
0.5630014960629921
0
LINE
8
BLACK
6
CONTINUOUS
10
0.788609842519685
20
0.5630014960629921
11
0.7886590157480314
21
0.5630343700787401
0
LINE
8
BLACK
6
CONTINUOUS
10
0.7886590157480314
20
0.5630343700787401
11
0.7886711417322835
21
0.5630585826771654
0
LINE
8
BLACK
6
CONTINUOUS
10
0.7886711417322835
20
0.5630585826771654
11
0.7888356692913385
21
0.5631524015748032
0
LINE
8
BLACK
6
CONTINUOUS
10
0.7888356692913385
20
0.5631524015748032
11
0.7889930708661417
21
0.5632575196850393
0
LINE
8
BLACK
6
CONTINUOUS
10
0.7889930708661417
20
0.5632575196850393
11
0.789020157480315
21
0.5632575196850393
0
LINE
8
BLACK
6
CONTINUOUS
10
0.789020157480315
20
0.5632575196850393
11
0.7890715354330708
21
0.563286811023622
0
LINE
8
BLACK
6
CONTINUOUS
10
0.7890715354330708
20
0.563286811023622
11
0.7913212598425197
21
0.5640367322834645
0
LINE
8
BLACK
6
CONTINUOUS
10
0.7913212598425197
20
0.5640367322834645
11
0.7915088582677166
21
0.5640603937007874
0
LINE
8
BLACK
6
CONTINUOUS
10
0.7915088582677166
20
0.5640603937007874
11
0.7916947637795275
21
0.5640973622047244
0
LINE
8
BLACK
6
CONTINUOUS
10
0.7916947637795275
20
0.5640973622047244
11
0.7931946062992126
21
0.5640973622047244
0
LINE
8
BLACK
6
CONTINUOUS
10
0.7931946062992126
20
0.5640973622047244
11
0.7933804724409449
21
0.5640603937007874
0
LINE
8
BLACK
6
CONTINUOUS
10
0.7933804724409449
20
0.5640603937007874
11
0.7935681102362204
21
0.5640367322834645
0
LINE
8
BLACK
6
CONTINUOUS
10
0.7935681102362204
20
0.5640367322834645
11
0.7958177952755905
21
0.563286811023622
0
LINE
8
BLACK
6
CONTINUOUS
10
0.7958177952755905
20
0.563286811023622
11
0.795869094488189
21
0.5632575590551181
0
LINE
8
BLACK
6
CONTINUOUS
10
0.795869094488189
20
0.5632575590551181
11
0.7958962204724409
21
0.5632575590551181
0
LINE
8
BLACK
6
CONTINUOUS
10
0.7958962204724409
20
0.5632575590551181
11
0.7960538976377952
21
0.5631522047244094
0
LINE
8
BLACK
6
CONTINUOUS
10
0.7960538976377952
20
0.5631522047244094
11
0.7962181496062992
21
0.5630585826771654
0
LINE
8
BLACK
6
CONTINUOUS
10
0.7962181496062992
20
0.5630585826771654
11
0.7962301968503936
21
0.5630344488188976
0
LINE
8
BLACK
6
CONTINUOUS
10
0.7962301968503936
20
0.5630344488188976
11
0.7962794488188977
21
0.5630015354330709
0
LINE
8
BLACK
6
CONTINUOUS
10
0.7962794488188977
20
0.5630015354330709
11
0.7970293307086614
21
0.5622516535433071
0
LINE
8
BLACK
6
CONTINUOUS
10
0.7970293307086614
20
0.5622516535433071
11
0.7972853937007874
21
0.5618684645669291
0
LINE
8
BLACK
6
CONTINUOUS
10
0.7972853937007874
20
0.5618684645669291
11
0.7972854330708661
21
0.5609645275590551
0
LINE
8
BLACK
6
CONTINUOUS
10
0.7972854330708661
20
0.5609645275590551
11
0.7966461811023622
21
0.5603252755905511
0
LINE
8
BLACK
6
CONTINUOUS
10
0.7966461811023622
20
0.5603252755905511
11
0.7957422834645669
21
0.5603252362204725
0
LINE
8
BLACK
6
CONTINUOUS
10
0.7957422834645669
20
0.5603252362204725
11
0.7953590551181102
21
0.5605812598425197
0
LINE
8
BLACK
6
CONTINUOUS
10
0.7953590551181102
20
0.5605812598425197
11
0.7948062204724409
21
0.5611340551181102
0
LINE
8
BLACK
6
CONTINUOUS
10
0.7948062204724409
20
0.5611340551181102
11
0.7930029921259842
21
0.561735157480315
0
LINE
8
BLACK
6
CONTINUOUS
10
0.7930029921259842
20
0.561735157480315
11
0.7918863779527558
21
0.561735157480315
0
LINE
8
BLACK
6
CONTINUOUS
10
0.7918863779527558
20
0.561735157480315
11
0.7900830708661417
21
0.5611340551181102
0
LINE
8
BLACK
6
CONTINUOUS
10
0.7900830708661417
20
0.5611340551181102
11
0.7889159448818898
21
0.5599669291338583
0
LINE
8
BLACK
6
CONTINUOUS
10
0.7889159448818898
20
0.5599669291338583
11
0.7883097244094488
21
0.5587544881889763
0
LINE
8
BLACK
6
CONTINUOUS
10
0.7883097244094488
20
0.5587544881889763
11
0.7877961023622047
21
0.5567000393700787
0
LINE
8
BLACK
6
CONTINUOUS
10
0.7877961023622047
20
0.5567000393700787
11
0.8002014960629921
21
0.5567000393700787
0
LINE
8
BLACK
6
CONTINUOUS
10
0.8002014960629921
20
0.5567000393700787
11
0.800777559055118
21
0.5566433070866141
0
LINE
8
BLACK
6
CONTINUOUS
10
0.800777559055118
20
0.5566433070866141
11
0.801841968503937
21
0.5562024015748032
0
LINE
8
BLACK
6
CONTINUOUS
10
0.801841968503937
20
0.5562024015748032
11
0.8021180708661417
21
0.5559262992125984
0
LINE
8
BLACK
6
CONTINUOUS
10
0.8021180708661417
20
0.5559262992125984
11
0.8048225196850394
21
0.5640396456692913
0
LINE
8
BLACK
6
CONTINUOUS
10
0.8048225196850394
20
0.5640396456692913
11
0.805050748031496
21
0.5644399999999999
0
LINE
8
BLACK
6
CONTINUOUS
10
0.805050748031496
20
0.5644399999999999
11
0.8058592519685039
21
0.564844251968504
0
LINE
8
BLACK
6
CONTINUOUS
10
0.8058592519685039
20
0.564844251968504
11
0.8067168503937008
21
0.5645583858267716
0
LINE
8
BLACK
6
CONTINUOUS
10
0.8067168503937008
20
0.5645583858267716
11
0.8071211023622047
21
0.5637498818897637
0
LINE
8
BLACK
6
CONTINUOUS
10
0.8071211023622047
20
0.5637498818897637
11
0.8070634645669291
21
0.5632926377952756
0
LINE
8
BLACK
6
CONTINUOUS
10
0.8070634645669291
20
0.5632926377952756
11
0.8038321259842519
21
0.5535986614173228
0
LINE
8
BLACK
6
CONTINUOUS
10
0.8038321259842519
20
0.5535986614173228
11
0.8085114173228346
21
0.5535986614173228
0
LINE
8
BLACK
6
CONTINUOUS
10
0.8085114173228346
20
0.5535986614173228
11
0.8085114173228346
21
0.5576669291338583
0
LINE
8
BLACK
6
CONTINUOUS
10
0.8085114173228346
20
0.5576669291338583
11
0.8086013385826771
21
0.558118937007874
0
LINE
8
BLACK
6
CONTINUOUS
10
0.8086013385826771
20
0.558118937007874
11
0.8092405118110236
21
0.5587581102362205
0
LINE
8
BLACK
6
CONTINUOUS
10
0.8092405118110236
20
0.5587581102362205
11
0.8101445275590551
21
0.5587581102362205
0
LINE
8
BLACK
6
CONTINUOUS
10
0.8101445275590551
20
0.5587581102362205
11
0.8107837007874016
21
0.558118937007874
0
LINE
8
BLACK
6
CONTINUOUS
10
0.8107837007874016
20
0.558118937007874
11
0.8108736220472441
21
0.5576669291338583
0
LINE
8
BLACK
6
CONTINUOUS
10
0.8108736220472441
20
0.5576669291338583
11
0.8108736220472441
21
0.5535986614173228
0
LINE
8
BLACK
6
CONTINUOUS
10
0.8108736220472441
20
0.5535986614173228
11
0.8119422440944881
21
0.5535986614173228
0
LINE
8
BLACK
6
CONTINUOUS
10
0.8119422440944881
20
0.5535986614173228
11
0.812303622047244
21
0.5535267716535432
0
LINE
8
BLACK
6
CONTINUOUS
10
0.812303622047244
20
0.5535267716535432
11
0.812303622047244
21
0.5543233464566929
0
LINE
8
BLACK
6
CONTINUOUS
10
0.812303622047244
20
0.5543233464566929
11
0.8127445275590551
21
0.5553877559055118
0
LINE
8
BLACK
6
CONTINUOUS
10
0.8127445275590551
20
0.5553877559055118
11
0.8135591732283465
21
0.5562024015748032
0
LINE
8
BLACK
6
CONTINUOUS
10
0.8135591732283465
20
0.5562024015748032
11
0.8146235826771653
21
0.5566433070866141
0
LINE
8
BLACK
6
CONTINUOUS
10
0.8146235826771653
20
0.5566433070866141
11
0.8151996456692914
21
0.5567000393700787
0
LINE
8
BLACK
6
CONTINUOUS
10
0.8151996456692914
20
0.5567000393700787
11
0.8283464566929134
21
0.5567000393700787
0
LINE
8
BLACK
6
CONTINUOUS
10
0.8283464566929134
20
0.5567000393700787
11
0.8283464566929134
21
0.5673494488188976
0
LINE
8
BLACK
6
CONTINUOUS
10
0.8283464566929134
20
0.5673494488188976
11
0.8282347637795275
21
0.5674611417322835
0
LINE
8
BLACK
6
CONTINUOUS
10
0.8282347637795275
20
0.5674611417322835
11
0.827965905511811
21
0.5681102362204724
0
LINE
8
BLACK
6
CONTINUOUS
10
0.827965905511811
20
0.5681102362204724
11
0.8071671653543306
21
0.5681102362204724
0
LINE
8
BLACK
6
CONTINUOUS
10
0.8123942519685039
20
0.5513263779527559
11
0.8119422440944881
21
0.5512364566929133
0
LINE
8
BLACK
6
CONTINUOUS
10
0.8119422440944881
20
0.5512364566929133
11
0.8108736220472441
21
0.5512364566929133
0
LINE
8
BLACK
6
CONTINUOUS
10
0.8108736220472441
20
0.5512364566929133
11
0.8108736220472441
21
0.5471682283464567
0
LINE
8
BLACK
6
CONTINUOUS
10
0.8108736220472441
20
0.5471682283464567
11
0.8107837007874016
21
0.546716220472441
0
LINE
8
BLACK
6
CONTINUOUS
10
0.8107837007874016
20
0.546716220472441
11
0.8101445275590551
21
0.5460770472440944
0
LINE
8
BLACK
6
CONTINUOUS
10
0.8101445275590551
20
0.5460770472440944
11
0.8092405118110236
21
0.5460770472440944
0
LINE
8
BLACK
6
CONTINUOUS
10
0.8092405118110236
20
0.5460770472440944
11
0.8086013385826771
21
0.546716220472441
0
LINE
8
BLACK
6
CONTINUOUS
10
0.8086013385826771
20
0.546716220472441
11
0.8085114173228346
21
0.5471682283464567
0
LINE
8
BLACK
6
CONTINUOUS
10
0.8085114173228346
20
0.5471682283464567
11
0.8085114173228346
21
0.5512364566929133
0
LINE
8
BLACK
6
CONTINUOUS
10
0.8085114173228346
20
0.5512364566929133
11
0.8021934645669291
21
0.5512364566929133
0
LINE
8
BLACK
6
CONTINUOUS
10
0.8021934645669291
20
0.5512364566929133
11
0.8018538188976377
21
0.5513040551181102
0
LINE
8
BLACK
6
CONTINUOUS
10
0.8018538188976377
20
0.5513040551181102
11
0.801841968503937
21
0.5512921653543307
0
LINE
8
BLACK
6
CONTINUOUS
10
0.801841968503937
20
0.5512921653543307
11
0.800777559055118
21
0.5508512598425197
0
LINE
8
BLACK
6
CONTINUOUS
10
0.800777559055118
20
0.5508512598425197
11
0.8002014960629921
21
0.5507945275590551
0
LINE
8
BLACK
6
CONTINUOUS
10
0.8002014960629921
20
0.5507945275590551
11
0.7885774409448819
21
0.5507945275590551
0
LINE
8
BLACK
6
CONTINUOUS
10
0.7885774409448819
20
0.5507945275590551
11
0.7889159448818898
21
0.5501175590551181
0
LINE
8
BLACK
6
CONTINUOUS
10
0.7889159448818898
20
0.5501175590551181
11
0.7900829921259842
21
0.5489505118110236
0
LINE
8
BLACK
6
CONTINUOUS
10
0.7900829921259842
20
0.5489505118110236
11
0.7918864960629921
21
0.5483493307086614
0
LINE
8
BLACK
6
CONTINUOUS
10
0.7918864960629921
20
0.5483493307086614
11
0.793002874015748
21
0.5483493307086614
0
LINE
8
BLACK
6
CONTINUOUS
10
0.793002874015748
20
0.5483493307086614
11
0.7948063385826771
21
0.5489505118110236
0
LINE
8
BLACK
6
CONTINUOUS
10
0.7948063385826771
20
0.5489505118110236
11
0.7953590551181102
21
0.549503188976378
0
LINE
8
BLACK
6
CONTINUOUS
10
0.7953590551181102
20
0.549503188976378
11
0.7957422440944881
21
0.5497592519685039
0
LINE
8
BLACK
6
CONTINUOUS
10
0.7957422440944881
20
0.5497592519685039
11
0.7966461811023622
21
0.5497592519685039
0
LINE
8
BLACK
6
CONTINUOUS
10
0.7966461811023622
20
0.5497592519685039
11
0.7972854330708661
21
0.5491199999999999
0
LINE
8
BLACK
6
CONTINUOUS
10
0.7972854330708661
20
0.5491199999999999
11
0.7972854330708661
21
0.548216062992126
0
LINE
8
BLACK
6
CONTINUOUS
10
0.7972854330708661
20
0.548216062992126
11
0.7970293700787401
21
0.547832874015748
0
LINE
8
BLACK
6
CONTINUOUS
10
0.7970293700787401
20
0.547832874015748
11
0.7962794488188977
21
0.5470829527559055
0
LINE
8
BLACK
6
CONTINUOUS
10
0.7962794488188977
20
0.5470829527559055
11
0.7962302362204724
21
0.5470501181102362
0
LINE
8
BLACK
6
CONTINUOUS
10
0.7962302362204724
20
0.5470501181102362
11
0.7962181496062992
21
0.5470258661417323
0
LINE
8
BLACK
6
CONTINUOUS
10
0.7962181496062992
20
0.5470258661417323
11
0.7960535039370079
21
0.5469320078740157
0
LINE
8
BLACK
6
CONTINUOUS
10
0.7960535039370079
20
0.5469320078740157
11
0.7958962598425197
21
0.5468269291338582
0
LINE
8
BLACK
6
CONTINUOUS
10
0.7958962598425197
20
0.5468269291338582
11
0.7958692519685039
21
0.5468269291338582
0
LINE
8
BLACK
6
CONTINUOUS
10
0.7958692519685039
20
0.5468269291338582
11
0.7958177952755905
21
0.5467975984251968
0
LINE
8
BLACK
6
CONTINUOUS
10
0.7958177952755905
20
0.5467975984251968
11
0.7935681102362204
21
0.546047716535433
0
LINE
8
BLACK
6
CONTINUOUS
10
0.7935681102362204
20
0.546047716535433
11
0.793380157480315
21
0.5460240551181103
0
LINE
8
BLACK
6
CONTINUOUS
10
0.793380157480315
20
0.5460240551181103
11
0.7931946062992126
21
0.5459871259842519
0
LINE
8
BLACK
6
CONTINUOUS
10
0.7931946062992126
20
0.5459871259842519
11
0.7916947637795275
21
0.5459871259842519
0
LINE
8
BLACK
6
CONTINUOUS
10
0.7916947637795275
20
0.5459871259842519
11
0.791509094488189
21
0.546024094488189
0
LINE
8
BLACK
6
CONTINUOUS
10
0.791509094488189
20
0.546024094488189
11
0.7913212992125984
21
0.546047716535433
0
LINE
8
BLACK
6
CONTINUOUS
10
0.7913212992125984
20
0.546047716535433
11
0.7890715354330708
21
0.5467975984251968
0
LINE
8
BLACK
6
CONTINUOUS
10
0.7890715354330708
20
0.5467975984251968
11
0.7890200787401574
21
0.5468269291338582
0
LINE
8
BLACK
6
CONTINUOUS
10
0.7890200787401574
20
0.5468269291338582
11
0.7889930708661417
21
0.5468269291338582
0
LINE
8
BLACK
6
CONTINUOUS
10
0.7889930708661417
20
0.5468269291338582
11
0.7888356692913385
21
0.5469320866141733
0
LINE
8
BLACK
6
CONTINUOUS
10
0.7888356692913385
20
0.5469320866141733
11
0.7886711811023622
21
0.5470258661417323
0
LINE
8
BLACK
6
CONTINUOUS
10
0.7886711811023622
20
0.5470258661417323
11
0.7886590551181102
21
0.5470500787401574
0
LINE
8
BLACK
6
CONTINUOUS
10
0.7886590551181102
20
0.5470500787401574
11
0.788609842519685
21
0.5470829527559055
0
LINE
8
BLACK
6
CONTINUOUS
10
0.788609842519685
20
0.5470829527559055
11
0.7871100787401575
21
0.5485827952755905
0
LINE
8
BLACK
6
CONTINUOUS
10
0.7871100787401575
20
0.5485827952755905
11
0.7870048425196851
21
0.5487402755905512
0
LINE
8
BLACK
6
CONTINUOUS
10
0.7870048425196851
20
0.5487402755905512
11
0.7868888188976377
21
0.5488897637795276
0
LINE
8
BLACK
6
CONTINUOUS
10
0.7868888188976377
20
0.5488897637795276
11
0.786138937007874
21
0.5503895669291339
0
LINE
8
BLACK
6
CONTINUOUS
10
0.786138937007874
20
0.5503895669291339
11
0.7861047637795275
21
0.5505143700787402
0
LINE
8
BLACK
6
CONTINUOUS
10
0.7861047637795275
20
0.5505143700787402
11
0.7860495275590551
21
0.5506312992125985
0
LINE
8
BLACK
6
CONTINUOUS
10
0.7860495275590551
20
0.5506312992125985
11
0.7860087007874016
21
0.5507945275590551
0
LINE
8
BLACK
6
CONTINUOUS
10
0.7860087007874016
20
0.5507945275590551
11
0.7841260629921259
21
0.5507945275590551
0
LINE
8
BLACK
6
CONTINUOUS
10
0.7841260629921259
20
0.5507945275590551
11
0.783148937007874
21
0.5410232677165354
0
LINE
8
BLACK
6
CONTINUOUS
10
0.783148937007874
20
0.5410232677165354
11
0.783882874015748
21
0.5413901968503937
0
LINE
8
BLACK
6
CONTINUOUS
10
0.783882874015748
20
0.5413901968503937
11
0.7844234645669291
21
0.5415970866141732
0
LINE
8
BLACK
6
CONTINUOUS
10
0.7844234645669291
20
0.5415970866141732
11
0.7845293307086614
21
0.5416046456692913
0
LINE
8
BLACK
6
CONTINUOUS
10
0.7845293307086614
20
0.5416046456692913
11
0.7846273228346456
21
0.5416451968503937
0
LINE
8
BLACK
6
CONTINUOUS
10
0.7846273228346456
20
0.5416451968503937
11
0.7852033858267716
21
0.5417019291338583
0
LINE
8
BLACK
6
CONTINUOUS
10
0.7852033858267716
20
0.5417019291338583
11
0.7945772047244094
21
0.5417019291338583
0
LINE
8
BLACK
6
CONTINUOUS
10
0.7945772047244094
20
0.5417019291338583
11
0.7951532677165354
21
0.5416451968503937
0
LINE
8
BLACK
6
CONTINUOUS
10
0.7951532677165354
20
0.5416451968503937
11
0.7952512598425197
21
0.5416046062992126
0
LINE
8
BLACK
6
CONTINUOUS
10
0.7952512598425197
20
0.5416046062992126
11
0.7953570866141733
21
0.5415970866141732
0
LINE
8
BLACK
6
CONTINUOUS
10
0.7953570866141733
20
0.5415970866141732
11
0.7958977165354331
21
0.5413901968503937
0
LINE
8
BLACK
6
CONTINUOUS
10
0.7958977165354331
20
0.5413901968503937
11
0.797575748031496
21
0.5405511811023622
0
LINE
8
BLACK
6
CONTINUOUS
10
0.797575748031496
20
0.5405511811023622
11
0.8283464566929134
21
0.5405511811023622
0
LINE
8
BLACK
6
CONTINUOUS
10
0.8283464566929134
20
0.5405511811023622
11
0.8283464566929134
21
0.5507945275590551
0
LINE
8
BLACK
6
CONTINUOUS
10
0.8283464566929134
20
0.5507945275590551
11
0.8151996456692914
21
0.5507945275590551
0
LINE
8
BLACK
6
CONTINUOUS
10
0.8151996456692914
20
0.5507945275590551
11
0.8146235826771653
21
0.5508512598425197
0
LINE
8
BLACK
6
CONTINUOUS
10
0.8146235826771653
20
0.5508512598425197
11
0.8135591732283465
21
0.5512921653543307
0
LINE
8
BLACK
6
CONTINUOUS
10
0.8135591732283465
20
0.5512921653543307
11
0.8129596062992126
21
0.5518917322834646
0
LINE
8
BLACK
6
CONTINUOUS
10
0.8129596062992126
20
0.5518917322834646
11
0.8123942519685039
21
0.5513263779527559
0
LINE
8
BLACK
6
CONTINUOUS
10
0.8073959448818897
20
0.5720472440944881
11
0.827737125984252
21
0.5720472440944881
0
LINE
8
BLACK
6
CONTINUOUS
10
0.827737125984252
20
0.5720472440944881
11
0.827737125984252
21
0.5918764960629921
0
LINE
8
BLACK
6
CONTINUOUS
10
0.827737125984252
20
0.5918764960629921
11
0.8226263779527558
21
0.5842103937007874
0
LINE
8
BLACK
6
CONTINUOUS
10
0.8226263779527558
20
0.5842103937007874
11
0.820242283464567
21
0.5791015748031496
0
LINE
8
BLACK
6
CONTINUOUS
10
0.820242283464567
20
0.5791015748031496
11
0.8201173228346457
21
0.5788906692913386
0
LINE
8
BLACK
6
CONTINUOUS
10
0.8201173228346457
20
0.5788906692913386
11
0.8200913385826771
21
0.5788191732283464
0
LINE
8
BLACK
6
CONTINUOUS
10
0.8200913385826771
20
0.5788191732283464
11
0.820045
21
0.5787686220472441
0
LINE
8
BLACK
6
CONTINUOUS
10
0.820045
20
0.5787686220472441
11
0.8199472440944882
21
0.5786035433070866
0
LINE
8
BLACK
6
CONTINUOUS
10
0.8199472440944882
20
0.5786035433070866
11
0.8196164173228346
21
0.5783006299212599
0
LINE
8
BLACK
6
CONTINUOUS
10
0.8196164173228346
20
0.5783006299212599
11
0.8193132283464567
21
0.5779694881889763
0
LINE
8
BLACK
6
CONTINUOUS
10
0.8193132283464567
20
0.5779694881889763
11
0.8191942519685039
21
0.5779140157480315
0
LINE
8
BLACK
6
CONTINUOUS
10
0.8191942519685039
20
0.5779140157480315
11
0.8190975984251968
21
0.5778254330708661
0
LINE
8
BLACK
6
CONTINUOUS
10
0.8190975984251968
20
0.5778254330708661
11
0.8186761023622047
21
0.5776722047244094
0
LINE
8
BLACK
6
CONTINUOUS
10
0.8186761023622047
20
0.5776722047244094
11
0.8182692125984252
21
0.5774822834645669
0
LINE
8
BLACK
6
CONTINUOUS
10
0.8182692125984252
20
0.5774822834645669
11
0.818138031496063
21
0.5774765354330709
0
LINE
8
BLACK
6
CONTINUOUS
10
0.818138031496063
20
0.5774765354330709
11
0.8180148818897638
21
0.5774317322834646
0
LINE
8
BLACK
6
CONTINUOUS
10
0.8180148818897638
20
0.5774317322834646
11
0.8175667716535433
21
0.5774514173228347
0
LINE
8
BLACK
6
CONTINUOUS
10
0.8175667716535433
20
0.5774514173228347
11
0.8171181889763779
21
0.5774316929133858
0
LINE
8
BLACK
6
CONTINUOUS
10
0.8171181889763779
20
0.5774316929133858
11
0.8169948818897638
21
0.5774765354330709
0
LINE
8
BLACK
6
CONTINUOUS
10
0.8169948818897638
20
0.5774765354330709
11
0.8168638582677166
21
0.5774822834645669
0
LINE
8
BLACK
6
CONTINUOUS
10
0.8168638582677166
20
0.5774822834645669
11
0.8164572047244094
21
0.5776720866141732
0
LINE
8
BLACK
6
CONTINUOUS
10
0.8164572047244094
20
0.5776720866141732
11
0.8160354724409449
21
0.5778254330708661
0
LINE
8
BLACK
6
CONTINUOUS
10
0.8160354724409449
20
0.5778254330708661
11
0.8159386614173229
21
0.577914094488189
0
LINE
8
BLACK
6
CONTINUOUS
10
0.8159386614173229
20
0.577914094488189
11
0.815819842519685
21
0.5779695275590551
0
LINE
8
BLACK
6
CONTINUOUS
10
0.815819842519685
20
0.5779695275590551
11
0.8155168897637796
21
0.5783003543307087
0
LINE
8
BLACK
6
CONTINUOUS
10
0.8155168897637796
20
0.5783003543307087
11
0.8151858267716535
21
0.5786035039370079
0
LINE
8
BLACK
6
CONTINUOUS
10
0.8151858267716535
20
0.5786035039370079
11
0.8150879527559055
21
0.5787687007874016
0
LINE
8
BLACK
6
CONTINUOUS
10
0.8150879527559055
20
0.5787687007874016
11
0.8150417322834645
21
0.5788191732283464
0
LINE
8
BLACK
6
CONTINUOUS
10
0.8150417322834645
20
0.5788191732283464
11
0.815015748031496
21
0.5788905511811023
0
LINE
8
BLACK
6
CONTINUOUS
10
0.815015748031496
20
0.5788905511811023
11
0.8148907874015748
21
0.5791015354330709
0
LINE
8
BLACK
6
CONTINUOUS
10
0.8148907874015748
20
0.5791015354330709
11
0.8073959448818897
21
0.595161968503937
0
LINE
8
BLACK
6
CONTINUOUS
10
0.8073959448818897
20
0.595161968503937
11
0.8073959448818897
21
0.5720472440944881
0
LINE
8
BLACK
6
CONTINUOUS
10
0.7692913385826772
20
0.6575787401574803
11
0.7692913385826772
21
0.6290354330708662
0
LINE
8
BLACK
6
CONTINUOUS
10
0.7692913385826772
20
0.6290354330708662
11
0.7874296850393701
21
0.6290354330708662
0
LINE
8
BLACK
6
CONTINUOUS
10
0.7874296850393701
20
0.6290354330708662
11
0.7874296850393701
21
0.6320937401574803
0
LINE
8
BLACK
6
CONTINUOUS
10
0.7874296850393701
20
0.6320937401574803
11
0.7874864173228346
21
0.6326698031496063
0
LINE
8
BLACK
6
CONTINUOUS
10
0.7874864173228346
20
0.6326698031496063
11
0.7879273228346456
21
0.6337342125984252
0
LINE
8
BLACK
6
CONTINUOUS
10
0.7879273228346456
20
0.6337342125984252
11
0.788741968503937
21
0.6345488582677166
0
LINE
8
BLACK
6
CONTINUOUS
10
0.788741968503937
20
0.6345488582677166
11
0.7898063779527559
21
0.6349897637795275
0
LINE
8
BLACK
6
CONTINUOUS
10
0.7898063779527559
20
0.6349897637795275
11
0.7903824409448819
21
0.6350464960629921
0
LINE
8
BLACK
6
CONTINUOUS
10
0.7903824409448819
20
0.6350464960629921
11
0.7961379921259842
21
0.6350464960629921
0
LINE
8
BLACK
6
CONTINUOUS
10
0.7961379921259842
20
0.6350464960629921
11
0.7955594881889764
21
0.6351485826771653
0
LINE
8
BLACK
6
CONTINUOUS
10
0.7955594881889764
20
0.6351485826771653
11
0.7952266141732284
21
0.6354673228346457
0
LINE
8
BLACK
6
CONTINUOUS
10
0.7952266141732284
20
0.6354673228346457
11
0.7903299212598425
21
0.6424625590551181
0
LINE
8
BLACK
6
CONTINUOUS
10
0.7903299212598425
20
0.6424625590551181
11
0.7883764566929133
21
0.6424625590551181
0
LINE
8
BLACK
6
CONTINUOUS
10
0.7883764566929133
20
0.6424625590551181
11
0.7883764566929133
21
0.6361446062992125
0
LINE
8
BLACK
6
CONTINUOUS
10
0.7883764566929133
20
0.6361446062992125
11
0.7882865354330708
21
0.6356925984251969
0
LINE
8
BLACK
6
CONTINUOUS
10
0.7882865354330708
20
0.6356925984251969
11
0.7876473622047244
21
0.6350534251968504
0
LINE
8
BLACK
6
CONTINUOUS
10
0.7876473622047244
20
0.6350534251968504
11
0.7867433464566929
21
0.6350534251968504
0
LINE
8
BLACK
6
CONTINUOUS
10
0.7867433464566929
20
0.6350534251968504
11
0.7861041732283465
21
0.6356925984251969
0
LINE
8
BLACK
6
CONTINUOUS
10
0.7861041732283465
20
0.6356925984251969
11
0.7860142519685039
21
0.6361446062992125
0
LINE
8
BLACK
6
CONTINUOUS
10
0.7860142519685039
20
0.6361446062992125
11
0.7860142519685039
21
0.6518926377952756
0
LINE
8
BLACK
6
CONTINUOUS
10
0.7860142519685039
20
0.6518926377952756
11
0.7861041732283465
21
0.6523446456692913
0
LINE
8
BLACK
6
CONTINUOUS
10
0.7861041732283465
20
0.6523446456692913
11
0.7867433464566929
21
0.6529838188976378
0
LINE
8
BLACK
6
CONTINUOUS
10
0.7867433464566929
20
0.6529838188976378
11
0.7871953543307086
21
0.6530737401574803
0
LINE
8
BLACK
6
CONTINUOUS
10
0.7871953543307086
20
0.6530737401574803
11
0.7931946062992126
21
0.6530737401574803
0
LINE
8
BLACK
6
CONTINUOUS
10
0.7931946062992126
20
0.6530737401574803
11
0.7932526377952756
21
0.6530622047244095
0
LINE
8
BLACK
6
CONTINUOUS
10
0.7932526377952756
20
0.6530622047244095
11
0.7932783070866142
21
0.653070748031496
0
LINE
8
BLACK
6
CONTINUOUS
10
0.7932783070866142
20
0.653070748031496
11
0.7934608267716535
21
0.6530207874015748
0
LINE
8
BLACK
6
CONTINUOUS
10
0.7934608267716535
20
0.6530207874015748
11
0.7936466141732283
21
0.6529838188976378
0
LINE
8
BLACK
6
CONTINUOUS
10
0.7936466141732283
20
0.6529838188976378
11
0.793665748031496
21
0.6529646850393701
0
LINE
8
BLACK
6
CONTINUOUS
10
0.793665748031496
20
0.6529646850393701
11
0.7937228346456693
21
0.6529490551181102
0
LINE
8
BLACK
6
CONTINUOUS
10
0.7937228346456693
20
0.6529490551181102
11
0.7952226377952756
21
0.6521991338582677
0
LINE
8
BLACK
6
CONTINUOUS
10
0.7952226377952756
20
0.6521991338582677
11
0.7953723622047244
21
0.6520829133858268
0
LINE
8
BLACK
6
CONTINUOUS
10
0.7953723622047244
20
0.6520829133858268
11
0.7955295669291338
21
0.651977874015748
0
LINE
8
BLACK
6
CONTINUOUS
10
0.7955295669291338
20
0.651977874015748
11
0.7962794881889763
21
0.6512279921259843
0
LINE
8
BLACK
6
CONTINUOUS
10
0.7962794881889763
20
0.6512279921259843
11
0.796384842519685
21
0.6510702755905512
0
LINE
8
BLACK
6
CONTINUOUS
10
0.796384842519685
20
0.6510702755905512
11
0.7965007086614173
21
0.6509210236220472
0
LINE
8
BLACK
6
CONTINUOUS
10
0.7965007086614173
20
0.6509210236220472
11
0.7972506299212598
21
0.6494211811023622
0
LINE
8
BLACK
6
CONTINUOUS
10
0.7972506299212598
20
0.6494211811023622
11
0.7972662204724409
21
0.6493641732283465
0
LINE
8
BLACK
6
CONTINUOUS
10
0.7972662204724409
20
0.6493641732283465
11
0.7972853937007874
21
0.649345
0
LINE
8
BLACK
6
CONTINUOUS
10
0.7972853937007874
20
0.649345
11
0.7973222834645669
21
0.6491595275590551
0
LINE
8
BLACK
6
CONTINUOUS
10
0.7973222834645669
20
0.6491595275590551
11
0.7973723622047244
21
0.6489766929133858
0
LINE
8
BLACK
6
CONTINUOUS
10
0.7973723622047244
20
0.6489766929133858
11
0.797363779527559
21
0.6489509842519685
0
LINE
8
BLACK
6
CONTINUOUS
10
0.797363779527559
20
0.6489509842519685
11
0.7973753149606299
21
0.6488929921259843
0
LINE
8
BLACK
6
CONTINUOUS
10
0.7973753149606299
20
0.6488929921259843
11
0.7973753149606299
21
0.6466433070866141
0
LINE
8
BLACK
6
CONTINUOUS
10
0.7973753149606299
20
0.6466433070866141
11
0.797363779527559
21
0.6465853543307086
0
LINE
8
BLACK
6
CONTINUOUS
10
0.797363779527559
20
0.6465853543307086
11
0.7973723622047244
21
0.6465596062992126
0
LINE
8
BLACK
6
CONTINUOUS
10
0.7973723622047244
20
0.6465596062992126
11
0.7973222834645669
21
0.646376811023622
0
LINE
8
BLACK
6
CONTINUOUS
10
0.7973222834645669
20
0.646376811023622
11
0.7972853937007874
21
0.6461912992125984
0
LINE
8
BLACK
6
CONTINUOUS
10
0.7972853937007874
20
0.6461912992125984
11
0.7972662204724409
21
0.6461721653543306
0
LINE
8
BLACK
6
CONTINUOUS
10
0.7972662204724409
20
0.6461721653543306
11
0.7972506299212598
21
0.6461151181102363
0
LINE
8
BLACK
6
CONTINUOUS
10
0.7972506299212598
20
0.6461151181102363
11
0.7965007086614173
21
0.6446152755905512
0
LINE
8
BLACK
6
CONTINUOUS
10
0.7965007086614173
20
0.6446152755905512
11
0.796384842519685
21
0.6444660629921259
0
LINE
8
BLACK
6
CONTINUOUS
10
0.796384842519685
20
0.6444660629921259
11
0.7962794881889763
21
0.6443083070866141
0
LINE
8
BLACK
6
CONTINUOUS
10
0.7962794881889763
20
0.6443083070866141
11
0.7955295669291338
21
0.6435584251968504
0
LINE
8
BLACK
6
CONTINUOUS
10
0.7955295669291338
20
0.6435584251968504
11
0.7953723622047244
21
0.6434534251968503
0
LINE
8
BLACK
6
CONTINUOUS
10
0.7953723622047244
20
0.6434534251968503
11
0.7952226377952756
21
0.6433371653543307
0
LINE
8
BLACK
6
CONTINUOUS
10
0.7952226377952756
20
0.6433371653543307
11
0.7937228346456693
21
0.6425872440944882
0
LINE
8
BLACK
6
CONTINUOUS
10
0.7937228346456693
20
0.6425872440944882
11
0.793665748031496
21
0.642571653543307
0
LINE
8
BLACK
6
CONTINUOUS
10
0.793665748031496
20
0.642571653543307
11
0.7936466141732283
21
0.6425524803149606
0
LINE
8
BLACK
6
CONTINUOUS
10
0.7936466141732283
20
0.6425524803149606
11
0.7934608267716535
21
0.6425155511811024
0
LINE
8
BLACK
6
CONTINUOUS
10
0.7934608267716535
20
0.6425155511811024
11
0.7932783070866142
21
0.6424655511811024
0
LINE
8
BLACK
6
CONTINUOUS
10
0.7932783070866142
20
0.6424655511811024
11
0.7932526377952756
21
0.6424741338582677
0
LINE
8
BLACK
6
CONTINUOUS
10
0.7932526377952756
20
0.6424741338582677
11
0.793211062992126
21
0.6424658661417323
0
LINE
8
BLACK
6
CONTINUOUS
10
0.793211062992126
20
0.6424658661417323
11
0.797161811023622
21
0.6368219291338583
0
LINE
8
BLACK
6
CONTINUOUS
10
0.797161811023622
20
0.6368219291338583
11
0.7973473228346456
21
0.6364000787401575
0
LINE
8
BLACK
6
CONTINUOUS
10
0.7973473228346456
20
0.6364000787401575
11
0.7971902362204725
21
0.6355098818897638
0
LINE
8
BLACK
6
CONTINUOUS
10
0.7971902362204725
20
0.6355098818897638
11
0.7965282283464566
21
0.6350464960629921
0
LINE
8
BLACK
6
CONTINUOUS
10
0.7965282283464566
20
0.6350464960629921
11
0.8010263779527559
21
0.6350464960629921
0
LINE
8
BLACK
6
CONTINUOUS
10
0.8010263779527559
20
0.6350464960629921
11
0.8009915354330709
21
0.6350534251968504
0
LINE
8
BLACK
6
CONTINUOUS
10
0.8009915354330709
20
0.6350534251968504
11
0.8003523622047244
21
0.6356925984251969
0
LINE
8
BLACK
6
CONTINUOUS
10
0.8003523622047244
20
0.6356925984251969
11
0.8003523622047244
21
0.6365966141732283
0
LINE
8
BLACK
6
CONTINUOUS
10
0.8003523622047244
20
0.6365966141732283
11
0.8003524409448819
21
0.6365967322834646
0
LINE
8
BLACK
6
CONTINUOUS
10
0.8003524409448819
20
0.6365967322834646
11
0.8006083858267716
21
0.6369797637795276
0
LINE
8
BLACK
6
CONTINUOUS
10
0.8006083858267716
20
0.6369797637795276
11
0.8094100393700787
21
0.6457814173228347
0
LINE
8
BLACK
6
CONTINUOUS
10
0.8094100393700787
20
0.6457814173228347
11
0.8100112204724409
21
0.6475849212598425
0
LINE
8
BLACK
6
CONTINUOUS
10
0.8100112204724409
20
0.6475849212598425
11
0.8100112204724409
21
0.6486142125984252
0
LINE
8
BLACK
6
CONTINUOUS
10
0.8100112204724409
20
0.6486142125984252
11
0.8094717322834646
21
0.6496931496062992
0
LINE
8
BLACK
6
CONTINUOUS
10
0.8094717322834646
20
0.6496931496062992
11
0.8089928346456693
21
0.6501720472440945
0
LINE
8
BLACK
6
CONTINUOUS
10
0.8089928346456693
20
0.6501720472440945
11
0.8079138582677166
21
0.6507115354330708
0
LINE
8
BLACK
6
CONTINUOUS
10
0.8079138582677166
20
0.6507115354330708
11
0.8047220472440945
21
0.6507115354330708
0
LINE
8
BLACK
6
CONTINUOUS
10
0.8047220472440945
20
0.6507115354330708
11
0.8036429527559055
21
0.6501720078740157
0
LINE
8
BLACK
6
CONTINUOUS
10
0.8036429527559055
20
0.6501720078740157
11
0.8030286220472441
21
0.6495576377952755
0
LINE
8
BLACK
6
CONTINUOUS
10
0.8030286220472441
20
0.6495576377952755
11
0.8026453937007874
21
0.6493016141732283
0
LINE
8
BLACK
6
CONTINUOUS
10
0.8026453937007874
20
0.6493016141732283
11
0.8017414566929134
21
0.649301653543307
0
LINE
8
BLACK
6
CONTINUOUS
10
0.8017414566929134
20
0.649301653543307
11
0.8011022440944882
21
0.6499409055118111
0
LINE
8
BLACK
6
CONTINUOUS
10
0.8011022440944882
20
0.6499409055118111
11
0.8011022834645669
21
0.650844842519685
0
LINE
8
BLACK
6
CONTINUOUS
10
0.8011022834645669
20
0.650844842519685
11
0.8013583070866142
21
0.651228031496063
0
LINE
8
BLACK
6
CONTINUOUS
10
0.8013583070866142
20
0.651228031496063
11
0.8021082283464567
21
0.6519779133858268
0
LINE
8
BLACK
6
CONTINUOUS
10
0.8021082283464567
20
0.6519779133858268
11
0.8022656692913386
21
0.6520831102362205
0
LINE
8
BLACK
6
CONTINUOUS
10
0.8022656692913386
20
0.6520831102362205
11
0.8024151574803149
21
0.6521991338582677
0
LINE
8
BLACK
6
CONTINUOUS
10
0.8024151574803149
20
0.6521991338582677
11
0.8039149999999999
21
0.6529490551181102
0
LINE
8
BLACK
6
CONTINUOUS
10
0.8039149999999999
20
0.6529490551181102
11
0.8039720078740157
21
0.6529646850393701
0
LINE
8
BLACK
6
CONTINUOUS
10
0.8039720078740157
20
0.6529646850393701
11
0.8039911811023622
21
0.6529838188976378
0
LINE
8
BLACK
6
CONTINUOUS
10
0.8039911811023622
20
0.6529838188976378
11
0.804176653543307
21
0.653020748031496
0
LINE
8
BLACK
6
CONTINUOUS
10
0.804176653543307
20
0.653020748031496
11
0.8043594881889764
21
0.6530707874015748
0
LINE
8
BLACK
6
CONTINUOUS
10
0.8043594881889764
20
0.6530707874015748
11
0.8043851968503937
21
0.6530622440944882
0
LINE
8
BLACK
6
CONTINUOUS
10
0.8043851968503937
20
0.6530622440944882
11
0.8044431889763779
21
0.6530737401574803
0
LINE
8
BLACK
6
CONTINUOUS
10
0.8044431889763779
20
0.6530737401574803
11
0.808192716535433
21
0.6530737401574803
0
LINE
8
BLACK
6
CONTINUOUS
10
0.808192716535433
20
0.6530737401574803
11
0.808250748031496
21
0.6530622047244095
0
LINE
8
BLACK
6
CONTINUOUS
10
0.808250748031496
20
0.6530622047244095
11
0.8082764173228346
21
0.653070748031496
0
LINE
8
BLACK
6
CONTINUOUS
10
0.8082764173228346
20
0.653070748031496
11
0.808458937007874
21
0.6530207874015748
0
LINE
8
BLACK
6
CONTINUOUS
10
0.808458937007874
20
0.6530207874015748
11
0.8086447244094488
21
0.6529838188976378
0
LINE
8
BLACK
6
CONTINUOUS
10
0.8086447244094488
20
0.6529838188976378
11
0.8086638582677165
21
0.6529646850393701
0
LINE
8
BLACK
6
CONTINUOUS
10
0.8086638582677165
20
0.6529646850393701
11
0.8087209448818897
21
0.6529490551181102
0
LINE
8
BLACK
6
CONTINUOUS
10
0.8087209448818897
20
0.6529490551181102
11
0.810220748031496
21
0.6521991338582677
0
LINE
8
BLACK
6
CONTINUOUS
10
0.810220748031496
20
0.6521991338582677
11
0.8103701968503937
21
0.6520831102362205
0
LINE
8
BLACK
6
CONTINUOUS
10
0.8103701968503937
20
0.6520831102362205
11
0.8105276771653543
21
0.6519779133858268
0
LINE
8
BLACK
6
CONTINUOUS
10
0.8105276771653543
20
0.6519779133858268
11
0.8112775590551181
21
0.651228031496063
0
LINE
8
BLACK
6
CONTINUOUS
10
0.8112775590551181
20
0.651228031496063
11
0.811382716535433
21
0.6510706692913386
0
LINE
8
BLACK
6
CONTINUOUS
10
0.811382716535433
20
0.6510706692913386
11
0.8114988582677165
21
0.6509210236220472
0
LINE
8
BLACK
6
CONTINUOUS
10
0.8114988582677165
20
0.6509210236220472
11
0.8122487401574803
21
0.6494211811023622
0
LINE
8
BLACK
6
CONTINUOUS
10
0.8122487401574803
20
0.6494211811023622
11
0.8122643307086614
21
0.6493641732283465
0
LINE
8
BLACK
6
CONTINUOUS
10
0.8122643307086614
20
0.6493641732283465
11
0.8122835039370079
21
0.649345
0
LINE
8
BLACK
6
CONTINUOUS
10
0.8122835039370079
20
0.649345
11
0.8123204330708661
21
0.6491592125984251
0
LINE
8
BLACK
6
CONTINUOUS
10
0.8123204330708661
20
0.6491592125984251
11
0.8123704330708661
21
0.6489766929133858
0
LINE
8
BLACK
6
CONTINUOUS
10
0.8123704330708661
20
0.6489766929133858
11
0.8123618503937008
21
0.648951062992126
0
LINE
8
BLACK
6
CONTINUOUS
10
0.8123618503937008
20
0.648951062992126
11
0.8123734251968504
21
0.6488929921259843
0
LINE
8
BLACK
6
CONTINUOUS
10
0.8123734251968504
20
0.6488929921259843
11
0.8123734251968504
21
0.647393188976378
0
LINE
8
BLACK
6
CONTINUOUS
10
0.8123734251968504
20
0.647393188976378
11
0.8123364566929133
21
0.6472075590551181
0
LINE
8
BLACK
6
CONTINUOUS
10
0.8123364566929133
20
0.6472075590551181
11
0.8123128346456693
21
0.6470197244094488
0
LINE
8
BLACK
6
CONTINUOUS
10
0.8123128346456693
20
0.6470197244094488
11
0.8115629527559055
21
0.6447699606299212
0
LINE
8
BLACK
6
CONTINUOUS
10
0.8115629527559055
20
0.6447699606299212
11
0.8115336220472441
21
0.6447185433070866
0
LINE
8
BLACK
6
CONTINUOUS
10
0.8115336220472441
20
0.6447185433070866
11
0.8115336220472441
21
0.6446914960629921
0
LINE
8
BLACK
6
CONTINUOUS
10
0.8115336220472441
20
0.6446914960629921
11
0.8114285433070866
21
0.6445342519685039
0
LINE
8
BLACK
6
CONTINUOUS
10
0.8114285433070866
20
0.6445342519685039
11
0.81133468503937
21
0.6443696062992126
0
LINE
8
BLACK
6
CONTINUOUS
10
0.81133468503937
20
0.6443696062992126
11
0.8113104330708661
21
0.6443575196850394
0
LINE
8
BLACK
6
CONTINUOUS
10
0.8113104330708661
20
0.6443575196850394
11
0.8112775984251969
21
0.6443083070866141
0
LINE
8
BLACK
6
CONTINUOUS
10
0.8112775984251969
20
0.6443083070866141
11
0.8042949606299212
21
0.6373257086614174
0
LINE
8
BLACK
6
CONTINUOUS
10
0.8042949606299212
20
0.6373257086614174
11
0.8111923228346456
21
0.6373257086614174
0
LINE
8
BLACK
6
CONTINUOUS
10
0.8111923228346456
20
0.6373257086614174
11
0.8116443307086614
21
0.6372357874015748
0
LINE
8
BLACK
6
CONTINUOUS
10
0.8116443307086614
20
0.6372357874015748
11
0.8122835039370079
21
0.6365966141732283
0
LINE
8
BLACK
6
CONTINUOUS
10
0.8122835039370079
20
0.6365966141732283
11
0.8122835039370079
21
0.6356925984251969
0
LINE
8
BLACK
6
CONTINUOUS
10
0.8122835039370079
20
0.6356925984251969
11
0.8116443307086614
21
0.6350534251968504
0
LINE
8
BLACK
6
CONTINUOUS
10
0.8116443307086614
20
0.6350534251968504
11
0.8111923228346456
21
0.6349635039370078
0
LINE
8
BLACK
6
CONTINUOUS
10
0.8111923228346456
20
0.6349635039370078
11
0.8097695275590551
21
0.6349635039370078
0
LINE
8
BLACK
6
CONTINUOUS
10
0.8097695275590551
20
0.6349635039370078
11
0.8107705511811023
21
0.6345488582677166
0
LINE
8
BLACK
6
CONTINUOUS
10
0.8107705511811023
20
0.6345488582677166
11
0.8115851968503937
21
0.6337342125984252
0
LINE
8
BLACK
6
CONTINUOUS
10
0.8115851968503937
20
0.6337342125984252
11
0.8120261023622047
21
0.6326698031496063
0
LINE
8
BLACK
6
CONTINUOUS
10
0.8120261023622047
20
0.6326698031496063
11
0.8120261023622047
21
0.6315176771653543
0
LINE
8
BLACK
6
CONTINUOUS
10
0.8120261023622047
20
0.6315176771653543
11
0.8115851968503937
21
0.6304532677165354
0
LINE
8
BLACK
6
CONTINUOUS
10
0.8115851968503937
20
0.6304532677165354
11
0.8107705511811023
21
0.6296386220472441
0
LINE
8
BLACK
6
CONTINUOUS
10
0.8107705511811023
20
0.6296386220472441
11
0.8097061417322834
21
0.6291977165354331
0
LINE
8
BLACK
6
CONTINUOUS
10
0.8097061417322834
20
0.6291977165354331
11
0.8091300787401574
21
0.6291409842519685
0
LINE
8
BLACK
6
CONTINUOUS
10
0.8091300787401574
20
0.6291409842519685
11
0.7933351968503937
21
0.6291409842519685
0
LINE
8
BLACK
6
CONTINUOUS
10
0.7933351968503937
20
0.6291409842519685
11
0.7933351968503937
21
0.6290354330708662
0
LINE
8
BLACK
6
CONTINUOUS
10
0.7933351968503937
20
0.6290354330708662
11
0.8283464566929134
21
0.6290354330708662
0
LINE
8
BLACK
6
CONTINUOUS
10
0.8283464566929134
20
0.6290354330708662
11
0.8283464566929134
21
0.6575787401574803
0
LINE
8
BLACK
6
CONTINUOUS
10
0.8283464566929134
20
0.6575787401574803
11
0.7692913385826772
21
0.6575787401574803
0
LINE
8
BLACK
6
CONTINUOUS
10
0.7883764566929133
20
0.6448247637795276
11
0.792915748031496
21
0.6448247637795276
0
LINE
8
BLACK
6
CONTINUOUS
10
0.792915748031496
20
0.6448247637795276
11
0.7939947637795275
21
0.6453642913385826
0
LINE
8
BLACK
6
CONTINUOUS
10
0.7939947637795275
20
0.6453642913385826
11
0.7944735826771654
21
0.6458431496062992
0
LINE
8
BLACK
6
CONTINUOUS
10
0.7944735826771654
20
0.6458431496062992
11
0.7950131102362205
21
0.6469221653543307
0
LINE
8
BLACK
6
CONTINUOUS
10
0.7950131102362205
20
0.6469221653543307
11
0.7950131102362205
21
0.6486141732283465
0
LINE
8
BLACK
6
CONTINUOUS
10
0.7950131102362205
20
0.6486141732283465
11
0.7944735826771654
21
0.649693188976378
0
LINE
8
BLACK
6
CONTINUOUS
10
0.7944735826771654
20
0.649693188976378
11
0.7939947637795275
21
0.6501720472440945
0
LINE
8
BLACK
6
CONTINUOUS
10
0.7939947637795275
20
0.6501720472440945
11
0.792915748031496
21
0.6507115354330708
0
LINE
8
BLACK
6
CONTINUOUS
10
0.792915748031496
20
0.6507115354330708
11
0.7883764566929133
21
0.6507115354330708
0
LINE
8
BLACK
6
CONTINUOUS
10
0.7883764566929133
20
0.6507115354330708
11
0.7883764566929133
21
0.6448247637795276
0
LINE
8
BLACK
6
CONTINUOUS
10
0.9545083464566929
20
0.5566433070866141
11
0.9555727559055118
21
0.5562024015748032
0
LINE
8
BLACK
6
CONTINUOUS
10
0.9555727559055118
20
0.5562024015748032
11
0.9563874015748032
21
0.5553877559055118
0
LINE
8
BLACK
6
CONTINUOUS
10
0.9563874015748032
20
0.5553877559055118
11
0.9568283070866141
21
0.5543233464566929
0
LINE
8
BLACK
6
CONTINUOUS
10
0.9568283070866141
20
0.5543233464566929
11
0.9568283070866141
21
0.5531712204724409
0
LINE
8
BLACK
6
CONTINUOUS
10
0.9568283070866141
20
0.5531712204724409
11
0.9563874015748032
21
0.552106811023622
0
LINE
8
BLACK
6
CONTINUOUS
10
0.9563874015748032
20
0.552106811023622
11
0.9555727559055118
21
0.5512921653543307
0
LINE
8
BLACK
6
CONTINUOUS
10
0.9555727559055118
20
0.5512921653543307
11
0.9545083464566929
21
0.5508512598425197
0
LINE
8
BLACK
6
CONTINUOUS
10
0.9545083464566929
20
0.5508512598425197
11
0.9539322834645669
21
0.5507945275590551
0
LINE
8
BLACK
6
CONTINUOUS
10
0.9539322834645669
20
0.5507945275590551
11
0.9378568503937008
21
0.5507945275590551
0
LINE
8
BLACK
6
CONTINUOUS
10
0.9378568503937008
20
0.5507945275590551
11
0.9368797244094488
21
0.5410232677165354
0
LINE
8
BLACK
6
CONTINUOUS
10
0.9368797244094488
20
0.5410232677165354
11
0.9376136614173228
21
0.5413901968503937
0
LINE
8
BLACK
6
CONTINUOUS
10
0.9376136614173228
20
0.5413901968503937
11
0.9381542519685039
21
0.5415970866141732
0
LINE
8
BLACK
6
CONTINUOUS
10
0.9381542519685039
20
0.5415970866141732
11
0.9382601181102362
21
0.5416046456692913
0
LINE
8
BLACK
6
CONTINUOUS
10
0.9382601181102362
20
0.5416046456692913
11
0.9383581102362204
21
0.5416451968503937
0
LINE
8
BLACK
6
CONTINUOUS
10
0.9383581102362204
20
0.5416451968503937
11
0.9389341732283464
21
0.5417019291338583
0
LINE
8
BLACK
6
CONTINUOUS
10
0.9389341732283464
20
0.5417019291338583
11
0.9483079921259843
21
0.5417019291338583
0
LINE
8
BLACK
6
CONTINUOUS
10
0.9483079921259843
20
0.5417019291338583
11
0.9488840551181102
21
0.5416451968503937
0
LINE
8
BLACK
6
CONTINUOUS
10
0.9488840551181102
20
0.5416451968503937
11
0.9489820472440945
21
0.5416046062992126
0
LINE
8
BLACK
6
CONTINUOUS
10
0.9489820472440945
20
0.5416046062992126
11
0.949087874015748
21
0.5415970866141732
0
LINE
8
BLACK
6
CONTINUOUS
10
0.949087874015748
20
0.5415970866141732
11
0.9496285039370078
21
0.5413901968503937
0
LINE
8
BLACK
6
CONTINUOUS
10
0.9496285039370078
20
0.5413901968503937
11
0.9533780314960629
21
0.5395154330708661
0
LINE
8
BLACK
6
CONTINUOUS
10
0.9533780314960629
20
0.5395154330708661
11
0.9536260236220472
21
0.5393593700787401
0
LINE
8
BLACK
6
CONTINUOUS
10
0.9536260236220472
20
0.5393593700787401
11
0.9536979921259843
21
0.5393295275590551
0
LINE
8
BLACK
6
CONTINUOUS
10
0.9536979921259843
20
0.5393295275590551
11
0.953778937007874
21
0.5392630708661417
0
LINE
8
BLACK
6
CONTINUOUS
10
0.953778937007874
20
0.5392630708661417
11
0.9538679133858268
21
0.5392070866141733
0
LINE
8
BLACK
6
CONTINUOUS
10
0.9538679133858268
20
0.5392070866141733
11
0.9539190551181103
21
0.5391481102362204
0
LINE
8
BLACK
6
CONTINUOUS
10
0.9539190551181103
20
0.5391481102362204
11
0.9541454330708661
21
0.5389623228346456
0
LINE
8
BLACK
6
CONTINUOUS
10
0.9541454330708661
20
0.5389623228346456
11
0.9560201968503936
21
0.5370875590551181
0
LINE
8
BLACK
6
CONTINUOUS
10
0.9560201968503936
20
0.5370875590551181
11
0.9562059448818897
21
0.5368612204724409
0
LINE
8
BLACK
6
CONTINUOUS
10
0.9562059448818897
20
0.5368612204724409
11
0.9562649606299213
21
0.5368100393700788
0
LINE
8
BLACK
6
CONTINUOUS
10
0.9562649606299213
20
0.5368100393700788
11
0.956320905511811
21
0.5367211023622047
0
LINE
8
BLACK
6
CONTINUOUS
10
0.956320905511811
20
0.5367211023622047
11
0.9563874015748032
21
0.5366401181102362
0
LINE
8
BLACK
6
CONTINUOUS
10
0.9563874015748032
20
0.5366401181102362
11
0.9564172047244094
21
0.5365681889763779
0
LINE
8
BLACK
6
CONTINUOUS
10
0.9564172047244094
20
0.5365681889763779
11
0.9565733070866141
21
0.5363201574803149
0
LINE
8
BLACK
6
CONTINUOUS
10
0.9565733070866141
20
0.5363201574803149
11
0.9584480708661417
21
0.5325706299212598
0
LINE
8
BLACK
6
CONTINUOUS
10
0.9584480708661417
20
0.5325706299212598
11
0.9586549606299213
21
0.5320300393700788
0
LINE
8
BLACK
6
CONTINUOUS
10
0.9586549606299213
20
0.5320300393700788
11
0.9586624803149606
21
0.5319241732283464
0
LINE
8
BLACK
6
CONTINUOUS
10
0.9586624803149606
20
0.5319241732283464
11
0.9587030708661417
21
0.5318261811023622
0
LINE
8
BLACK
6
CONTINUOUS
10
0.9587030708661417
20
0.5318261811023622
11
0.9587598031496063
21
0.5312501181102363
0
LINE
8
BLACK
6
CONTINUOUS
10
0.9587598031496063
20
0.5312501181102363
11
0.9587598031496063
21
0.5218762992125984
0
LINE
8
BLACK
6
CONTINUOUS
10
0.9587598031496063
20
0.5218762992125984
11
0.9587030708661417
21
0.5213002362204724
0
LINE
8
BLACK
6
CONTINUOUS
10
0.9587030708661417
20
0.5213002362204724
11
0.9586624803149606
21
0.5212022834645669
0
LINE
8
BLACK
6
CONTINUOUS
10
0.9586624803149606
20
0.5212022834645669
11
0.9586549606299213
21
0.5210963779527559
0
LINE
8
BLACK
6
CONTINUOUS
10
0.9586549606299213
20
0.5210963779527559
11
0.9584480708661417
21
0.5205557874015748
0
LINE
8
BLACK
6
CONTINUOUS
10
0.9584480708661417
20
0.5205557874015748
11
0.9565733070866141
21
0.5168062598425197
0
LINE
8
BLACK
6
CONTINUOUS
10
0.9565733070866141
20
0.5168062598425197
11
0.9564172440944881
21
0.5165583858267716
0
LINE
8
BLACK
6
CONTINUOUS
10
0.9564172440944881
20
0.5165583858267716
11
0.9563874409448818
21
0.5164863385826771
0
LINE
8
BLACK
6
CONTINUOUS
10
0.9563874409448818
20
0.5164863385826771
11
0.956320905511811
21
0.5164053149606299
0
LINE
8
BLACK
6
CONTINUOUS
10
0.956320905511811
20
0.5164053149606299
11
0.9562649606299213
21
0.5163163779527559
0
LINE
8
BLACK
6
CONTINUOUS
10
0.9562649606299213
20
0.5163163779527559
11
0.9562059448818897
21
0.5162652362204724
0
LINE
8
BLACK
6
CONTINUOUS
10
0.9562059448818897
20
0.5162652362204724
11
0.9560201968503936
21
0.5160388582677166
0
LINE
8
BLACK
6
CONTINUOUS
10
0.9560201968503936
20
0.5160388582677166
11
0.9541454724409448
21
0.514164094488189
0
LINE
8
BLACK
6
CONTINUOUS
10
0.9541454724409448
20
0.514164094488189
11
0.9539190944881889
21
0.5139783464566929
0
LINE
8
BLACK
6
CONTINUOUS
10
0.9539190944881889
20
0.5139783464566929
11
0.9538679133858268
21
0.5139192913385827
0
LINE
8
BLACK
6
CONTINUOUS
10
0.9538679133858268
20
0.5139192913385827
11
0.953778937007874
21
0.5138633070866142
0
LINE
8
BLACK
6
CONTINUOUS
10
0.953778937007874
20
0.5138633070866142
11
0.9536979921259843
21
0.5137968503937008
0
LINE
8
BLACK
6
CONTINUOUS
10
0.9536979921259843
20
0.5137968503937008
11
0.9536260236220472
21
0.5137670472440945
0
LINE
8
BLACK
6
CONTINUOUS
10
0.9536260236220472
20
0.5137670472440945
11
0.9533780314960629
21
0.5136109448818897
0
LINE
8
BLACK
6
CONTINUOUS
10
0.9533780314960629
20
0.5136109448818897
11
0.9496285039370078
21
0.5117361811023622
0
LINE
8
BLACK
6
CONTINUOUS
10
0.9496285039370078
20
0.5117361811023622
11
0.949087874015748
21
0.5115292913385827
0
LINE
8
BLACK
6
CONTINUOUS
10
0.949087874015748
20
0.5115292913385827
11
0.9489820472440945
21
0.511521811023622
0
LINE
8
BLACK
6
CONTINUOUS
10
0.9489820472440945
20
0.511521811023622
11
0.9488840551181102
21
0.5114811811023622
0
LINE
8
BLACK
6
CONTINUOUS
10
0.9488840551181102
20
0.5114811811023622
11
0.9483079921259843
21
0.5114244488188976
0
LINE
8
BLACK
6
CONTINUOUS
10
0.9483079921259843
20
0.5114244488188976
11
0.9389341732283464
21
0.5114244488188976
0
LINE
8
BLACK
6
CONTINUOUS
10
0.9389341732283464
20
0.5114244488188976
11
0.9383581102362204
21
0.5114811811023622
0
LINE
8
BLACK
6
CONTINUOUS
10
0.9383581102362204
20
0.5114811811023622
11
0.9382601181102362
21
0.5115217716535433
0
LINE
8
BLACK
6
CONTINUOUS
10
0.9382601181102362
20
0.5115217716535433
11
0.9381542519685039
21
0.5115292913385827
0
LINE
8
BLACK
6
CONTINUOUS
10
0.9381542519685039
20
0.5115292913385827
11
0.9376136614173228
21
0.5117361811023622
0
LINE
8
BLACK
6
CONTINUOUS
10
0.9376136614173228
20
0.5117361811023622
11
0.9338641338582677
21
0.5136109448818897
0
LINE
8
BLACK
6
CONTINUOUS
10
0.9338641338582677
20
0.5136109448818897
11
0.9336161023622047
21
0.5137670472440945
0
LINE
8
BLACK
6
CONTINUOUS
10
0.9336161023622047
20
0.5137670472440945
11
0.9335441732283465
21
0.5137968503937008
0
LINE
8
BLACK
6
CONTINUOUS
10
0.9335441732283465
20
0.5137968503937008
11
0.9334631889763779
21
0.5138633070866142
0
LINE
8
BLACK
6
CONTINUOUS
10
0.9334631889763779
20
0.5138633070866142
11
0.9333742519685039
21
0.5139192913385827
0
LINE
8
BLACK
6
CONTINUOUS
10
0.9333742519685039
20
0.5139192913385827
11
0.933323031496063
21
0.5139783464566929
0
LINE
8
BLACK
6
CONTINUOUS
10
0.933323031496063
20
0.5139783464566929
11
0.9330966929133858
21
0.514164094488189
0
LINE
8
BLACK
6
CONTINUOUS
10
0.9330966929133858
20
0.514164094488189
11
0.9312219291338583
21
0.5160388976377953
0
LINE
8
BLACK
6
CONTINUOUS
10
0.9312219291338583
20
0.5160388976377953
11
0.9308547244094488
21
0.5164863385826771
0
LINE
8
BLACK
6
CONTINUOUS
10
0.9308547244094488
20
0.5164863385826771
11
0.9304138582677165
21
0.517550748031496
0
LINE
8
BLACK
6
CONTINUOUS
10
0.9304138582677165
20
0.517550748031496
11
0.9304138582677165
21
0.5187028346456692
0
LINE
8
BLACK
6
CONTINUOUS
10
0.9304138582677165
20
0.5187028346456692
11
0.9308547637795276
21
0.5197672440944882
0
LINE
8
BLACK
6
CONTINUOUS
10
0.9308547637795276
20
0.5197672440944882
11
0.9316694488188976
21
0.5205819291338583
0
LINE
8
BLACK
6
CONTINUOUS
10
0.9316694488188976
20
0.5205819291338583
11
0.9327338582677165
21
0.5210227952755906
0
LINE
8
BLACK
6
CONTINUOUS
10
0.9327338582677165
20
0.5210227952755906
11
0.9338859448818897
21
0.5210227952755906
0
LINE
8
BLACK
6
CONTINUOUS
10
0.9338859448818897
20
0.5210227952755906
11
0.9349503543307086
21
0.5205818897637795
0
LINE
8
BLACK
6
CONTINUOUS
10
0.9349503543307086
20
0.5205818897637795
11
0.9353978346456693
21
0.5202146456692913
0
LINE
8
BLACK
6
CONTINUOUS
10
0.9353978346456693
20
0.5202146456692913
11
0.9369337401574803
21
0.5186787007874015
0
LINE
8
BLACK
6
CONTINUOUS
10
0.9369337401574803
20
0.5186787007874015
11
0.939631220472441
21
0.5173299606299212
0
LINE
8
BLACK
6
CONTINUOUS
10
0.939631220472441
20
0.5173299606299212
11
0.9476109448818898
21
0.5173299606299212
0
LINE
8
BLACK
6
CONTINUOUS
10
0.9476109448818898
20
0.5173299606299212
11
0.9503083858267717
21
0.5186787007874015
0
LINE
8
BLACK
6
CONTINUOUS
10
0.9503083858267717
20
0.5186787007874015
11
0.9515055118110236
21
0.5198758661417323
0
LINE
8
BLACK
6
CONTINUOUS
10
0.9515055118110236
20
0.5198758661417323
11
0.9528542913385827
21
0.522573346456693
0
LINE
8
BLACK
6
CONTINUOUS
10
0.9528542913385827
20
0.522573346456693
11
0.9528542913385827
21
0.5305530708661417
0
LINE
8
BLACK
6
CONTINUOUS
10
0.9528542913385827
20
0.5305530708661417
11
0.9515055511811024
21
0.5332505511811023
0
LINE
8
BLACK
6
CONTINUOUS
10
0.9515055511811024
20
0.5332505511811023
11
0.9503084251968503
21
0.5344476771653544
0
LINE
8
BLACK
6
CONTINUOUS
10
0.9503084251968503
20
0.5344476771653544
11
0.9476109448818898
21
0.5357964173228347
0
LINE
8
BLACK
6
CONTINUOUS
10
0.9476109448818898
20
0.5357964173228347
11
0.939631220472441
21
0.5357964173228347
0
LINE
8
BLACK
6
CONTINUOUS
10
0.939631220472441
20
0.5357964173228347
11
0.9369337401574803
21
0.5344476771653544
0
LINE
8
BLACK
6
CONTINUOUS
10
0.9369337401574803
20
0.5344476771653544
11
0.9353977952755905
21
0.5329117322834646
0
LINE
8
BLACK
6
CONTINUOUS
10
0.9353977952755905
20
0.5329117322834646
11
0.9349503543307086
21
0.5325445275590551
0
LINE
8
BLACK
6
CONTINUOUS
10
0.9349503543307086
20
0.5325445275590551
11
0.9348129921259842
21
0.5324876377952755
0
LINE
8
BLACK
6
CONTINUOUS
10
0.9348129921259842
20
0.5324876377952755
11
0.9346979133858268
21
0.5323934645669292
0
LINE
8
BLACK
6
CONTINUOUS
10
0.9346979133858268
20
0.5323934645669292
11
0.9342845275590551
21
0.532268779527559
0
LINE
8
BLACK
6
CONTINUOUS
10
0.9342845275590551
20
0.532268779527559
11
0.9338859055118111
21
0.532103622047244
0
LINE
8
BLACK
6
CONTINUOUS
10
0.9338859055118111
20
0.532103622047244
11
0.9337372834645669
21
0.532103622047244
0
LINE
8
BLACK
6
CONTINUOUS
10
0.9337372834645669
20
0.532103622047244
11
0.9335949212598424
21
0.5320606692913386
0
LINE
8
BLACK
6
CONTINUOUS
10
0.9335949212598424
20
0.5320606692913386
11
0.9331653937007873
21
0.532103622047244
0
LINE
8
BLACK
6
CONTINUOUS
10
0.9331653937007873
20
0.532103622047244
11
0.9327338582677165
21
0.532103622047244
0
LINE
8
BLACK
6
CONTINUOUS
10
0.9327338582677165
20
0.532103622047244
11
0.9325964960629921
21
0.5321605511811024
0
LINE
8
BLACK
6
CONTINUOUS
10
0.9325964960629921
20
0.5321605511811024
11
0.9324485039370078
21
0.5321753149606299
0
LINE
8
BLACK
6
CONTINUOUS
10
0.9324485039370078
20
0.5321753149606299
11
0.9320681102362205
21
0.5323793700787401
0
LINE
8
BLACK
6
CONTINUOUS
10
0.9320681102362205
20
0.5323793700787401
11
0.9316694094488189
21
0.5325445275590551
0
LINE
8
BLACK
6
CONTINUOUS
10
0.9316694094488189
20
0.5325445275590551
11
0.9315642125984251
21
0.5326497244094488
0
LINE
8
BLACK
6
CONTINUOUS
10
0.9315642125984251
20
0.5326497244094488
11
0.9314332677165355
21
0.5327199606299212
0
LINE
8
BLACK
6
CONTINUOUS
10
0.9314332677165355
20
0.5327199606299212
11
0.93116
21
0.533053937007874
0
LINE
8
BLACK
6
CONTINUOUS
10
0.93116
20
0.533053937007874
11
0.9308547637795276
21
0.5333591732283465
0
LINE
8
BLACK
6
CONTINUOUS
10
0.9308547637795276
20
0.5333591732283465
11
0.9307978346456692
21
0.5334965354330709
0
LINE
8
BLACK
6
CONTINUOUS
10
0.9307978346456692
20
0.5334965354330709
11
0.9307037007874015
21
0.5336116141732283
0
LINE
8
BLACK
6
CONTINUOUS
10
0.9307037007874015
20
0.5336116141732283
11
0.9305789763779527
21
0.534025
0
LINE
8
BLACK
6
CONTINUOUS
10
0.9305789763779527
20
0.534025
11
0.9304138582677165
21
0.534423622047244
0
LINE
8
BLACK
6
CONTINUOUS
10
0.9304138582677165
20
0.534423622047244
11
0.9304138582677165
21
0.5345722834645669
0
LINE
8
BLACK
6
CONTINUOUS
10
0.9304138582677165
20
0.5345722834645669
11
0.930370905511811
21
0.5347146062992126
0
LINE
8
BLACK
6
CONTINUOUS
10
0.930370905511811
20
0.5347146062992126
11
0.9303717716535432
21
0.5352934645669292
0
LINE
8
BLACK
6
CONTINUOUS
10
0.9303717716535432
20
0.5352934645669292
11
0.9322465354330709
21
0.5540411023622047
0
LINE
8
BLACK
6
CONTINUOUS
10
0.9322465354330709
20
0.5540411023622047
11
0.9322886220472441
21
0.554251062992126
0
LINE
8
BLACK
6
CONTINUOUS
10
0.9322886220472441
20
0.554251062992126
11
0.9322886220472441
21
0.5543233464566929
0
LINE
8
BLACK
6
CONTINUOUS
10
0.9322886220472441
20
0.5543233464566929
11
0.9323166929133858
21
0.5543911811023622
0
LINE
8
BLACK
6
CONTINUOUS
10
0.9323166929133858
20
0.5543911811023622
11
0.9323603149606299
21
0.5546086614173228
0
LINE
8
BLACK
6
CONTINUOUS
10
0.9323603149606299
20
0.5546086614173228
11
0.9325643307086614
21
0.5549889763779527
0
LINE
8
BLACK
6
CONTINUOUS
10
0.9325643307086614
20
0.5549889763779527
11
0.9327295275590551
21
0.5553877559055118
0
LINE
8
BLACK
6
CONTINUOUS
10
0.9327295275590551
20
0.5553877559055118
11
0.9328346850393701
21
0.5554929527559055
0
LINE
8
BLACK
6
CONTINUOUS
10
0.9328346850393701
20
0.5554929527559055
11
0.9329049606299212
21
0.5556238976377953
0
LINE
8
BLACK
6
CONTINUOUS
10
0.9329049606299212
20
0.5556238976377953
11
0.9332388976377952
21
0.5558971653543306
0
LINE
8
BLACK
6
CONTINUOUS
10
0.9332388976377952
20
0.5558971653543306
11
0.9335441732283465
21
0.5562024015748032
0
LINE
8
BLACK
6
CONTINUOUS
10
0.9335441732283465
20
0.5562024015748032
11
0.9336814960629921
21
0.5562593307086614
0
LINE
8
BLACK
6
CONTINUOUS
10
0.9336814960629921
20
0.5562593307086614
11
0.9337966141732283
21
0.5563534645669291
0
LINE
8
BLACK
6
CONTINUOUS
10
0.9337966141732283
20
0.5563534645669291
11
0.9342098818897637
21
0.5564781889763779
0
LINE
8
BLACK
6
CONTINUOUS
10
0.9342098818897637
20
0.5564781889763779
11
0.9346085826771653
21
0.5566433070866141
0
LINE
8
BLACK
6
CONTINUOUS
10
0.9346085826771653
20
0.5566433070866141
11
0.9348292519685039
21
0.5566650787401575
0
LINE
8
BLACK
6
CONTINUOUS
10
0.9348292519685039
20
0.5566650787401575
11
0.9348996062992125
21
0.5566862598425196
0
LINE
8
BLACK
6
CONTINUOUS
10
0.9348996062992125
20
0.5566862598425196
11
0.9349715748031496
21
0.556679094488189
0
LINE
8
BLACK
6
CONTINUOUS
10
0.9349715748031496
20
0.556679094488189
11
0.9351846456692913
21
0.5567000393700787
0
LINE
8
BLACK
6
CONTINUOUS
10
0.9351846456692913
20
0.5567000393700787
11
0.9539322834645669
21
0.5567000393700787
0
LINE
8
BLACK
6
CONTINUOUS
10
0.9539322834645669
20
0.5567000393700787
11
0.9545083464566929
21
0.5566433070866141
0
LINE
8
BLACK
6
CONTINUOUS
10
1.0669942913385826
20
0.5566433070866141
11
1.0670922834645669
21
0.556602716535433
0
LINE
8
BLACK
6
CONTINUOUS
10
1.0670922834645669
20
0.556602716535433
11
1.0671981102362205
21
0.5565951968503937
0
LINE
8
BLACK
6
CONTINUOUS
10
1.0671981102362205
20
0.5565951968503937
11
1.0677387401574803
21
0.5563883070866141
0
LINE
8
BLACK
6
CONTINUOUS
10
1.0677387401574803
20
0.5563883070866141
11
1.0714882677165354
21
0.5545135433070866
0
LINE
8
BLACK
6
CONTINUOUS
10
1.0714882677165354
20
0.5545135433070866
11
1.0717362598425197
21
0.5543574803149606
0
LINE
8
BLACK
6
CONTINUOUS
10
1.0717362598425197
20
0.5543574803149606
11
1.0718082283464567
21
0.5543276377952756
0
LINE
8
BLACK
6
CONTINUOUS
10
1.0718082283464567
20
0.5543276377952756
11
1.0718891732283464
21
0.5542611811023622
0
LINE
8
BLACK
6
CONTINUOUS
10
1.0718891732283464
20
0.5542611811023622
11
1.0719781496062992
21
0.5542051968503937
0
LINE
8
BLACK
6
CONTINUOUS
10
1.0719781496062992
20
0.5542051968503937
11
1.0720292913385827
21
0.5541462204724409
0
LINE
8
BLACK
6
CONTINUOUS
10
1.0720292913385827
20
0.5541462204724409
11
1.0722556692913385
21
0.5539604330708662
0
LINE
8
BLACK
6
CONTINUOUS
10
1.0722556692913385
20
0.5539604330708662
11
1.0741304330708661
21
0.5520856692913386
0
LINE
8
BLACK
6
CONTINUOUS
10
1.0741304330708661
20
0.5520856692913386
11
1.0743161811023623
21
0.5518593307086614
0
LINE
8
BLACK
6
CONTINUOUS
10
1.0743161811023623
20
0.5518593307086614
11
1.0743751968503936
21
0.5518081496062992
0
LINE
8
BLACK
6
CONTINUOUS
10
1.0743751968503936
20
0.5518081496062992
11
1.0744311417322834
21
0.5517192125984252
0
LINE
8
BLACK
6
CONTINUOUS
10
1.0744311417322834
20
0.5517192125984252
11
1.0744976377952755
21
0.5516382283464567
0
LINE
8
BLACK
6
CONTINUOUS
10
1.0744976377952755
20
0.5516382283464567
11
1.074527440944882
21
0.5515662992125984
0
LINE
8
BLACK
6
CONTINUOUS
10
1.074527440944882
20
0.5515662992125984
11
1.0746835433070865
21
0.5513182677165355
0
LINE
8
BLACK
6
CONTINUOUS
10
1.0746835433070865
20
0.5513182677165355
11
1.076558307086614
21
0.5475687401574802
0
LINE
8
BLACK
6
CONTINUOUS
10
1.076558307086614
20
0.5475687401574802
11
1.0767651968503937
21
0.5470281496062992
0
LINE
8
BLACK
6
CONTINUOUS
10
1.0767651968503937
20
0.5470281496062992
11
1.076772716535433
21
0.5469222834645669
0
LINE
8
BLACK
6
CONTINUOUS
10
1.076772716535433
20
0.5469222834645669
11
1.0768133070866142
21
0.5468242913385827
0
LINE
8
BLACK
6
CONTINUOUS
10
1.0768133070866142
20
0.5468242913385827
11
1.0768700393700787
21
0.5462482283464567
0
LINE
8
BLACK
6
CONTINUOUS
10
1.0768700393700787
20
0.5462482283464567
11
1.0768700393700787
21
0.540623937007874
0
LINE
8
BLACK
6
CONTINUOUS
10
1.0768700393700787
20
0.540623937007874
11
1.0768133070866142
21
0.5400478740157481
0
LINE
8
BLACK
6
CONTINUOUS
10
1.0768133070866142
20
0.5400478740157481
11
1.076772716535433
21
0.5399499212598425
0
LINE
8
BLACK
6
CONTINUOUS
10
1.076772716535433
20
0.5399499212598425
11
1.0767651968503937
21
0.5398440157480315
0
LINE
8
BLACK
6
CONTINUOUS
10
1.0767651968503937
20
0.5398440157480315
11
1.076558307086614
21
0.5393034251968504
0
LINE
8
BLACK
6
CONTINUOUS
10
1.076558307086614
20
0.5393034251968504
11
1.0746835433070865
21
0.5355538976377953
0
LINE
8
BLACK
6
CONTINUOUS
10
1.0746835433070865
20
0.5355538976377953
11
1.074527440944882
21
0.535305905511811
0
LINE
8
BLACK
6
CONTINUOUS
10
1.074527440944882
20
0.535305905511811
11
1.0744976377952755
21
0.535233937007874
0
LINE
8
BLACK
6
CONTINUOUS
10
1.0744976377952755
20
0.535233937007874
11
1.0744311417322834
21
0.5351529921259842
0
LINE
8
BLACK
6
CONTINUOUS
10
1.0744311417322834
20
0.5351529921259842
11
1.0743751968503936
21
0.5350640157480315
0
LINE
8
BLACK
6
CONTINUOUS
10
1.0743751968503936
20
0.5350640157480315
11
1.0743161811023623
21
0.535012874015748
0
LINE
8
BLACK
6
CONTINUOUS
10
1.0743161811023623
20
0.535012874015748
11
1.0741304330708661
21
0.5347864960629921
0
LINE
8
BLACK
6
CONTINUOUS
10
1.0741304330708661
20
0.5347864960629921
11
1.0722556692913385
21
0.5329117322834646
0
LINE
8
BLACK
6
CONTINUOUS
10
1.0722556692913385
20
0.5329117322834646
11
1.0720292913385827
21
0.5327259842519685
0
LINE
8
BLACK
6
CONTINUOUS
10
1.0720292913385827
20
0.5327259842519685
11
1.0719781496062992
21
0.532666968503937
0
LINE
8
BLACK
6
CONTINUOUS
10
1.0719781496062992
20
0.532666968503937
11
1.0718891732283464
21
0.5326110236220473
0
LINE
8
BLACK
6
CONTINUOUS
10
1.0718891732283464
20
0.5326110236220473
11
1.0718082283464567
21
0.5325445275590551
0
LINE
8
BLACK
6
CONTINUOUS
10
1.0718082283464567
20
0.5325445275590551
11
1.0717362598425197
21
0.5325147244094488
0
LINE
8
BLACK
6
CONTINUOUS
10
1.0717362598425197
20
0.5325147244094488
11
1.0714882677165354
21
0.532358622047244
0
LINE
8
BLACK
6
CONTINUOUS
10
1.0714882677165354
20
0.532358622047244
11
1.0677387401574803
21
0.5304838582677165
0
LINE
8
BLACK
6
CONTINUOUS
10
1.0677387401574803
20
0.5304838582677165
11
1.0671981102362205
21
0.530276968503937
0
LINE
8
BLACK
6
CONTINUOUS
10
1.0671981102362205
20
0.530276968503937
11
1.0670922834645669
21
0.5302694881889763
0
LINE
8
BLACK
6
CONTINUOUS
10
1.0670922834645669
20
0.5302694881889763
11
1.0669942913385826
21
0.5302288582677165
0
LINE
8
BLACK
6
CONTINUOUS
10
1.0669942913385826
20
0.5302288582677165
11
1.0664621259842519
21
0.5301764566929134
0
LINE
8
BLACK
6
CONTINUOUS
10
1.0664621259842519
20
0.5301764566929134
11
1.0763362992125984
21
0.5160704724409448
0
LINE
8
BLACK
6
CONTINUOUS
10
1.0763362992125984
20
0.5160704724409448
11
1.0766201574803149
21
0.5155660236220473
0
LINE
8
BLACK
6
CONTINUOUS
10
1.0766201574803149
20
0.5155660236220473
11
1.0768693307086614
21
0.5144411811023621
0
LINE
8
BLACK
6
CONTINUOUS
10
1.0768693307086614
20
0.5144411811023621
11
1.0766691338582677
21
0.5133066141732283
0
LINE
8
BLACK
6
CONTINUOUS
10
1.0766691338582677
20
0.5133066141732283
11
1.0760499606299212
21
0.5123350393700787
0
LINE
8
BLACK
6
CONTINUOUS
10
1.0760499606299212
20
0.5123350393700787
11
1.0751061023622046
21
0.5116743307086614
0
LINE
8
BLACK
6
CONTINUOUS
10
1.0751061023622046
20
0.5116743307086614
11
1.0739812598425196
21
0.5114251181102362
0
LINE
8
BLACK
6
CONTINUOUS
10
1.0739812598425196
20
0.5114251181102362
11
1.0728467322834645
21
0.5116253543307087
0
LINE
8
BLACK
6
CONTINUOUS
10
1.0728467322834645
20
0.5116253543307087
11
1.0718751181102362
21
0.5122445275590551
0
LINE
8
BLACK
6
CONTINUOUS
10
1.0718751181102362
20
0.5122445275590551
11
1.0714983070866142
21
0.5126838976377953
0
LINE
8
BLACK
6
CONTINUOUS
10
1.0714983070866142
20
0.5126838976377953
11
1.0592565748031495
21
0.530172125984252
0
LINE
8
BLACK
6
CONTINUOUS
10
1.0592565748031495
20
0.530172125984252
11
1.0543728740157481
21
0.530172125984252
0
LINE
8
BLACK
6
CONTINUOUS
10
1.0543728740157481
20
0.530172125984252
11
1.0543728740157481
21
0.5143772047244094
0
LINE
8
BLACK
6
CONTINUOUS
10
1.0543728740157481
20
0.5143772047244094
11
1.0543161417322835
21
0.5138011417322834
0
LINE
8
BLACK
6
CONTINUOUS
10
1.0543161417322835
20
0.5138011417322834
11
1.0538752362204724
21
0.5127367322834645
0
LINE
8
BLACK
6
CONTINUOUS
10
1.0538752362204724
20
0.5127367322834645
11
1.0530605905511812
21
0.5119220866141733
0
LINE
8
BLACK
6
CONTINUOUS
10
1.0530605905511812
20
0.5119220866141733
11
1.0519961811023621
21
0.5114811811023622
0
LINE
8
BLACK
6
CONTINUOUS
10
1.0519961811023621
20
0.5114811811023622
11
1.0508440551181102
21
0.5114811811023622
0
LINE
8
BLACK
6
CONTINUOUS
10
1.0508440551181102
20
0.5114811811023622
11
1.0497796456692914
21
0.5119220866141733
0
LINE
8
BLACK
6
CONTINUOUS
10
1.0497796456692914
20
0.5119220866141733
11
1.0489649999999999
21
0.5127367322834645
0
LINE
8
BLACK
6
CONTINUOUS
10
1.0489649999999999
20
0.5127367322834645
11
1.0485240944881891
21
0.5138011417322834
0
LINE
8
BLACK
6
CONTINUOUS
10
1.0485240944881891
20
0.5138011417322834
11
1.0484673622047245
21
0.5143772047244094
0
LINE
8
BLACK
6
CONTINUOUS
10
1.0484673622047245
20
0.5143772047244094
11
1.0484673622047245
21
0.5537472834645669
0
LINE
8
BLACK
6
CONTINUOUS
10
1.0484673622047245
20
0.5537472834645669
11
1.0485240944881891
21
0.5543233464566929
0
LINE
8
BLACK
6
CONTINUOUS
10
1.0485240944881891
20
0.5543233464566929
11
1.0489649999999999
21
0.5553877559055118
0
LINE
8
BLACK
6
CONTINUOUS
10
1.0489649999999999
20
0.5553877559055118
11
1.0497796456692914
21
0.5562024015748032
0
LINE
8
BLACK
6
CONTINUOUS
10
1.0497796456692914
20
0.5562024015748032
11
1.0508440551181102
21
0.5566433070866141
0
LINE
8
BLACK
6
CONTINUOUS
10
1.0508440551181102
20
0.5566433070866141
11
1.0514201181102363
21
0.5567000393700787
0
LINE
8
BLACK
6
CONTINUOUS
10
1.0514201181102363
20
0.5567000393700787
11
1.0664182283464567
21
0.5567000393700787
0
LINE
8
BLACK
6
CONTINUOUS
10
1.0664182283464567
20
0.5567000393700787
11
1.0669942913385826
21
0.5566433070866141
0
LINE
8
BLACK
6
CONTINUOUS
10
1.0543728740157481
20
0.5360776377952756
11
1.0657211811023621
21
0.5360776377952756
0
LINE
8
BLACK
6
CONTINUOUS
10
1.0657211811023621
20
0.5360776377952756
11
1.0684186614173228
21
0.5374263779527559
0
LINE
8
BLACK
6
CONTINUOUS
10
1.0684186614173228
20
0.5374263779527559
11
1.0696157874015748
21
0.5386235039370079
0
LINE
8
BLACK
6
CONTINUOUS
10
1.0696157874015748
20
0.5386235039370079
11
1.0709645275590551
21
0.5413209842519685
0
LINE
8
BLACK
6
CONTINUOUS
10
1.0709645275590551
20
0.5413209842519685
11
1.0709645275590551
21
0.5455511811023622
0
LINE
8
BLACK
6
CONTINUOUS
10
1.0709645275590551
20
0.5455511811023622
11
1.0696157874015748
21
0.5482486614173229
0
LINE
8
BLACK
6
CONTINUOUS
10
1.0696157874015748
20
0.5482486614173229
11
1.0684186614173228
21
0.5494457874015748
0
LINE
8
BLACK
6
CONTINUOUS
10
1.0684186614173228
20
0.5494457874015748
11
1.0657211811023621
21
0.5507945275590551
0
LINE
8
BLACK
6
CONTINUOUS
10
1.0657211811023621
20
0.5507945275590551
11
1.0543728740157481
21
0.5507945275590551
0
LINE
8
BLACK
6
CONTINUOUS
10
1.0543728740157481
20
0.5507945275590551
11
1.0543728740157481
21
0.5360776377952756
0
LINE
8
BLACK
6
CONTINUOUS
10
0.6296618503937008
20
0.5566433070866141
11
0.6301738976377953
21
0.5566433070866141
0
LINE
8
BLACK
6
CONTINUOUS
10
0.6301738976377953
20
0.5566433070866141
11
0.6302346456692913
21
0.5566181496062992
0
LINE
8
BLACK
6
CONTINUOUS
10
0.6302346456692913
20
0.5566181496062992
11
0.6303005118110236
21
0.5566152362204724
0
LINE
8
BLACK
6
CONTINUOUS
10
0.6303005118110236
20
0.5566152362204724
11
0.6307653543307087
21
0.5563983464566929
0
LINE
8
BLACK
6
CONTINUOUS
10
0.6307653543307087
20
0.5563983464566929
11
0.6312383070866142
21
0.5562024015748032
0
LINE
8
BLACK
6
CONTINUOUS
10
0.6312383070866142
20
0.5562024015748032
11
0.6312848031496063
21
0.556155905511811
0
LINE
8
BLACK
6
CONTINUOUS
10
0.6312848031496063
20
0.556155905511811
11
0.6313445275590551
21
0.5561280314960629
0
LINE
8
BLACK
6
CONTINUOUS
10
0.6313445275590551
20
0.5561280314960629
11
0.6316907480314961
21
0.5557499606299212
0
LINE
8
BLACK
6
CONTINUOUS
10
0.6316907480314961
20
0.5557499606299212
11
0.6320529527559055
21
0.5553877559055118
0
LINE
8
BLACK
6
CONTINUOUS
10
0.6320529527559055
20
0.5553877559055118
11
0.6320781496062992
21
0.5553269291338583
0
LINE
8
BLACK
6
CONTINUOUS
10
0.6320781496062992
20
0.5553269291338583
11
0.6321226377952756
21
0.5552783464566929
0
LINE
8
BLACK
6
CONTINUOUS
10
0.6321226377952756
20
0.5552783464566929
11
0.6322977165354331
21
0.5547968503937007
0
LINE
8
BLACK
6
CONTINUOUS
10
0.6322977165354331
20
0.5547968503937007
11
0.6324938582677165
21
0.5543233464566929
0
LINE
8
BLACK
6
CONTINUOUS
10
0.6324938582677165
20
0.5543233464566929
11
0.6325027559055117
21
0.5542329921259842
0
LINE
8
BLACK
6
CONTINUOUS
10
0.6325027559055117
20
0.5542329921259842
11
0.6325163385826772
21
0.5541956299212598
0
LINE
8
BLACK
6
CONTINUOUS
10
0.6325163385826772
20
0.5541956299212598
11
0.6325132677165354
21
0.5541261023622047
0
LINE
8
BLACK
6
CONTINUOUS
10
0.6325132677165354
20
0.5541261023622047
11
0.6325505905511811
21
0.5537472834645669
0
LINE
8
BLACK
6
CONTINUOUS
10
0.6325505905511811
20
0.5537472834645669
11
0.6325505905511811
21
0.5143772047244094
0
LINE
8
BLACK
6
CONTINUOUS
10
0.6325505905511811
20
0.5143772047244094
11
0.6324938582677165
21
0.5138011417322834
0
LINE
8
BLACK
6
CONTINUOUS
10
0.6324938582677165
20
0.5138011417322834
11
0.6320529527559055
21
0.5127367322834645
0
LINE
8
BLACK
6
CONTINUOUS
10
0.6320529527559055
20
0.5127367322834645
11
0.6312383070866142
21
0.5119220866141733
0
LINE
8
BLACK
6
CONTINUOUS
10
0.6312383070866142
20
0.5119220866141733
11
0.6301738976377953
21
0.5114811811023622
0
LINE
8
BLACK
6
CONTINUOUS
10
0.6301738976377953
20
0.5114811811023622
11
0.6290217716535433
21
0.5114811811023622
0
LINE
8
BLACK
6
CONTINUOUS
10
0.6290217716535433
20
0.5114811811023622
11
0.6279573622047244
21
0.5119220866141733
0
LINE
8
BLACK
6
CONTINUOUS
10
0.6279573622047244
20
0.5119220866141733
11
0.6271427165354331
21
0.5127367322834645
0
LINE
8
BLACK
6
CONTINUOUS
10
0.6271427165354331
20
0.5127367322834645
11
0.626701811023622
21
0.5138011417322834
0
LINE
8
BLACK
6
CONTINUOUS
10
0.626701811023622
20
0.5138011417322834
11
0.6266450787401575
21
0.5143772047244094
0
LINE
8
BLACK
6
CONTINUOUS
10
0.6266450787401575
20
0.5143772047244094
11
0.6266450787401575
21
0.5404375590551181
0
LINE
8
BLACK
6
CONTINUOUS
10
0.6266450787401575
20
0.5404375590551181
11
0.6191502362204724
21
0.5243771653543307
0
LINE
8
BLACK
6
CONTINUOUS
10
0.6191502362204724
20
0.5243771653543307
11
0.6190252755905512
21
0.5241662598425196
0
LINE
8
BLACK
6
CONTINUOUS
10
0.6190252755905512
20
0.5241662598425196
11
0.6189992913385827
21
0.5240947637795276
0
LINE
8
BLACK
6
CONTINUOUS
10
0.6189992913385827
20
0.5240947637795276
11
0.6189529527559055
21
0.5240442125984252
0
LINE
8
BLACK
6
CONTINUOUS
10
0.6189529527559055
20
0.5240442125984252
11
0.6188551968503937
21
0.5238791338582677
0
LINE
8
BLACK
6
CONTINUOUS
10
0.6188551968503937
20
0.5238791338582677
11
0.6185243700787402
21
0.5235762204724409
0
LINE
8
BLACK
6
CONTINUOUS
10
0.6185243700787402
20
0.5235762204724409
11
0.6182211811023622
21
0.5232450787401575
0
LINE
8
BLACK
6
CONTINUOUS
10
0.6182211811023622
20
0.5232450787401575
11
0.6181022047244095
21
0.5231896062992126
0
LINE
8
BLACK
6
CONTINUOUS
10
0.6181022047244095
20
0.5231896062992126
11
0.6180055511811023
21
0.5231010236220472
0
LINE
8
BLACK
6
CONTINUOUS
10
0.6180055511811023
20
0.5231010236220472
11
0.6175840551181102
21
0.5229477952755905
0
LINE
8
BLACK
6
CONTINUOUS
10
0.6175840551181102
20
0.5229477952755905
11
0.6171771653543306
21
0.522757874015748
0
LINE
8
BLACK
6
CONTINUOUS
10
0.6171771653543306
20
0.522757874015748
11
0.6170459842519684
21
0.5227521259842519
0
LINE
8
BLACK
6
CONTINUOUS
10
0.6170459842519684
20
0.5227521259842519
11
0.6169228346456693
21
0.5227073228346456
0
LINE
8
BLACK
6
CONTINUOUS
10
0.6169228346456693
20
0.5227073228346456
11
0.6164747244094488
21
0.5227270078740157
0
LINE
8
BLACK
6
CONTINUOUS
10
0.6164747244094488
20
0.5227270078740157
11
0.6160261417322834
21
0.522707283464567
0
LINE
8
BLACK
6
CONTINUOUS
10
0.6160261417322834
20
0.522707283464567
11
0.6159028346456693
21
0.5227521259842519
0
LINE
8
BLACK
6
CONTINUOUS
10
0.6159028346456693
20
0.5227521259842519
11
0.615771811023622
21
0.522757874015748
0
LINE
8
BLACK
6
CONTINUOUS
10
0.615771811023622
20
0.522757874015748
11
0.615365157480315
21
0.5229476771653543
0
LINE
8
BLACK
6
CONTINUOUS
10
0.615365157480315
20
0.5229476771653543
11
0.6149434251968504
21
0.5231010236220472
0
LINE
8
BLACK
6
CONTINUOUS
10
0.6149434251968504
20
0.5231010236220472
11
0.6148466141732283
21
0.52318968503937
0
LINE
8
BLACK
6
CONTINUOUS
10
0.6148466141732283
20
0.52318968503937
11
0.6147277952755905
21
0.5232451181102362
0
LINE
8
BLACK
6
CONTINUOUS
10
0.6147277952755905
20
0.5232451181102362
11
0.614424842519685
21
0.5235759448818897
0
LINE
8
BLACK
6
CONTINUOUS
10
0.614424842519685
20
0.5235759448818897
11
0.6140937795275591
21
0.5238790944881889
0
LINE
8
BLACK
6
CONTINUOUS
10
0.6140937795275591
20
0.5238790944881889
11
0.613995905511811
21
0.5240442913385827
0
LINE
8
BLACK
6
CONTINUOUS
10
0.613995905511811
20
0.5240442913385827
11
0.6139496850393701
21
0.5240947637795276
0
LINE
8
BLACK
6
CONTINUOUS
10
0.6139496850393701
20
0.5240947637795276
11
0.6139237007874015
21
0.5241661417322835
0
LINE
8
BLACK
6
CONTINUOUS
10
0.6139237007874015
20
0.5241661417322835
11
0.6137987401574803
21
0.5243771259842519
0
LINE
8
BLACK
6
CONTINUOUS
10
0.6137987401574803
20
0.5243771259842519
11
0.6063038976377952
21
0.5404375590551181
0
LINE
8
BLACK
6
CONTINUOUS
10
0.6063038976377952
20
0.5404375590551181
11
0.6063038976377952
21
0.5143772047244094
0
LINE
8
BLACK
6
CONTINUOUS
10
0.6063038976377952
20
0.5143772047244094
11
0.6062471653543307
21
0.5138011417322834
0
LINE
8
BLACK
6
CONTINUOUS
10
0.6062471653543307
20
0.5138011417322834
11
0.6058062598425197
21
0.5127367322834645
0
LINE
8
BLACK
6
CONTINUOUS
10
0.6058062598425197
20
0.5127367322834645
11
0.6049916141732283
21
0.5119220866141733
0
LINE
8
BLACK
6
CONTINUOUS
10
0.6049916141732283
20
0.5119220866141733
11
0.6039272047244094
21
0.5114811811023622
0
LINE
8
BLACK
6
CONTINUOUS
10
0.6039272047244094
20
0.5114811811023622
11
0.6027750787401575
21
0.5114811811023622
0
LINE
8
BLACK
6
CONTINUOUS
10
0.6027750787401575
20
0.5114811811023622
11
0.6017106692913385
21
0.5119220866141733
0
LINE
8
BLACK
6
CONTINUOUS
10
0.6017106692913385
20
0.5119220866141733
11
0.6008960236220472
21
0.5127367322834645
0
LINE
8
BLACK
6
CONTINUOUS
10
0.6008960236220472
20
0.5127367322834645
11
0.6004551181102362
21
0.5138011417322834
0
LINE
8
BLACK
6
CONTINUOUS
10
0.6004551181102362
20
0.5138011417322834
11
0.6003983858267716
21
0.5143772047244094
0
LINE
8
BLACK
6
CONTINUOUS
10
0.6003983858267716
20
0.5143772047244094
11
0.6003983858267716
21
0.5537472834645669
0
LINE
8
BLACK
6
CONTINUOUS
10
0.6003983858267716
20
0.5537472834645669
11
0.6004356692913385
21
0.5541261023622047
0
LINE
8
BLACK
6
CONTINUOUS
10
0.6004356692913385
20
0.5541261023622047
11
0.6004326377952756
21
0.5541956299212598
0
LINE
8
BLACK
6
CONTINUOUS
10
0.6004326377952756
20
0.5541956299212598
11
0.6004461811023621
21
0.5542329921259842
0
LINE
8
BLACK
6
CONTINUOUS
10
0.6004461811023621
20
0.5542329921259842
11
0.6004551181102362
21
0.5543233464566929
0
LINE
8
BLACK
6
CONTINUOUS
10
0.6004551181102362
20
0.5543233464566929
11
0.6006512204724409
21
0.5547968503937007
0
LINE
8
BLACK
6
CONTINUOUS
10
0.6006512204724409
20
0.5547968503937007
11
0.6008263385826772
21
0.5552783464566929
0
LINE
8
BLACK
6
CONTINUOUS
10
0.6008263385826772
20
0.5552783464566929
11
0.6008707874015747
21
0.5553269291338583
0
LINE
8
BLACK
6
CONTINUOUS
10
0.6008707874015747
20
0.5553269291338583
11
0.6008960236220472
21
0.5553877559055118
0
LINE
8
BLACK
6
CONTINUOUS
10
0.6008960236220472
20
0.5553877559055118
11
0.6012584251968504
21
0.5557501968503937
0
LINE
8
BLACK
6
CONTINUOUS
10
0.6012584251968504
20
0.5557501968503937
11
0.6016044488188976
21
0.5561279921259843
0
LINE
8
BLACK
6
CONTINUOUS
10
0.6016044488188976
20
0.5561279921259843
11
0.6016640944881889
21
0.5561558661417323
0
LINE
8
BLACK
6
CONTINUOUS
10
0.6016640944881889
20
0.5561558661417323
11
0.6017106692913385
21
0.5562024015748032
0
LINE
8
BLACK
6
CONTINUOUS
10
0.6017106692913385
20
0.5562024015748032
11
0.602183937007874
21
0.5563984645669291
0
LINE
8
BLACK
6
CONTINUOUS
10
0.602183937007874
20
0.5563984645669291
11
0.6026484645669291
21
0.5566152362204724
0
LINE
8
BLACK
6
CONTINUOUS
10
0.6026484645669291
20
0.5566152362204724
11
0.6027142519685039
21
0.5566181496062992
0
LINE
8
BLACK
6
CONTINUOUS
10
0.6027142519685039
20
0.5566181496062992
11
0.6027750787401575
21
0.5566433070866141
0
LINE
8
BLACK
6
CONTINUOUS
10
0.6027750787401575
20
0.5566433070866141
11
0.6032876377952756
21
0.5566433070866141
0
LINE
8
BLACK
6
CONTINUOUS
10
0.6032876377952756
20
0.5566433070866141
11
0.6037994881889763
21
0.5566657874015748
0
LINE
8
BLACK
6
CONTINUOUS
10
0.6037994881889763
20
0.5566657874015748
11
0.6038612992125985
21
0.5566433070866141
0
LINE
8
BLACK
6
CONTINUOUS
10
0.6038612992125985
20
0.5566433070866141
11
0.6039272047244094
21
0.5566433070866141
0
LINE
8
BLACK
6
CONTINUOUS
10
0.6039272047244094
20
0.5566433070866141
11
0.6044006692913386
21
0.5564472047244094
0
LINE
8
BLACK
6
CONTINUOUS
10
0.6044006692913386
20
0.5564472047244094
11
0.6048822047244095
21
0.5562720866141733
0
LINE
8
BLACK
6
CONTINUOUS
10
0.6048822047244095
20
0.5562720866141733
11
0.604930748031496
21
0.5562276377952756
0
LINE
8
BLACK
6
CONTINUOUS
10
0.604930748031496
20
0.5562276377952756
11
0.6049916141732283
21
0.5562024015748032
0
LINE
8
BLACK
6
CONTINUOUS
10
0.6049916141732283
20
0.5562024015748032
11
0.6053540157480315
21
0.55584
0
LINE
8
BLACK
6
CONTINUOUS
10
0.6053540157480315
20
0.55584
11
0.6057318503937008
21
0.5554939763779527
0
LINE
8
BLACK
6
CONTINUOUS
10
0.6057318503937008
20
0.5554939763779527
11
0.6057780708661418
21
0.5554159448818897
0
LINE
8
BLACK
6
CONTINUOUS
10
0.6057780708661418
20
0.5554159448818897
11
0.6058062598425197
21
0.5553877559055118
0
LINE
8
BLACK
6
CONTINUOUS
10
0.6058062598425197
20
0.5553877559055118
11
0.6058329527559055
21
0.5553233464566929
0
LINE
8
BLACK
6
CONTINUOUS
10
0.6058329527559055
20
0.5553233464566929
11
0.6060268897637795
21
0.5549959448818897
0
LINE
8
BLACK
6
CONTINUOUS
10
0.6060268897637795
20
0.5549959448818897
11
0.6164744488188976
21
0.5326082677165355
0
LINE
8
BLACK
6
CONTINUOUS
10
0.6164744488188976
20
0.5326082677165355
11
0.6269220866141733
21
0.5549959842519685
0
LINE
8
BLACK
6
CONTINUOUS
10
0.6269220866141733
20
0.5549959842519685
11
0.627116062992126
21
0.5553234645669292
0
LINE
8
BLACK
6
CONTINUOUS
10
0.627116062992126
20
0.5553234645669292
11
0.6271427165354331
21
0.5553877559055118
0
LINE
8
BLACK
6
CONTINUOUS
10
0.6271427165354331
20
0.5553877559055118
11
0.6271708267716535
21
0.555415905511811
0
LINE
8
BLACK
6
CONTINUOUS
10
0.6271708267716535
20
0.555415905511811
11
0.6272171259842519
21
0.5554940157480315
0
LINE
8
BLACK
6
CONTINUOUS
10
0.6272171259842519
20
0.5554940157480315
11
0.6275951968503937
21
0.5558402755905512
0
LINE
8
BLACK
6
CONTINUOUS
10
0.6275951968503937
20
0.5558402755905512
11
0.6279573622047244
21
0.5562024015748032
0
LINE
8
BLACK
6
CONTINUOUS
10
0.6279573622047244
20
0.5562024015748032
11
0.628018188976378
21
0.5562275984251969
0
LINE
8
BLACK
6
CONTINUOUS
10
0.628018188976378
20
0.5562275984251969
11
0.6280667716535433
21
0.5562720866141733
0
LINE
8
BLACK
6
CONTINUOUS
10
0.6280667716535433
20
0.5562720866141733
11
0.6285485826771653
21
0.5564473228346457
0
LINE
8
BLACK
6
CONTINUOUS
10
0.6285485826771653
20
0.5564473228346457
11
0.6290217716535433
21
0.5566433070866141
0
LINE
8
BLACK
6
CONTINUOUS
10
0.6290217716535433
20
0.5566433070866141
11
0.6290875590551182
21
0.5566433070866141
0
LINE
8
BLACK
6
CONTINUOUS
10
0.6290875590551182
20
0.5566433070866141
11
0.6291494881889763
21
0.5566658267716535
0
LINE
8
BLACK
6
CONTINUOUS
10
0.6291494881889763
20
0.5566658267716535
11
0.6296618503937008
21
0.5566433070866141
0
LINE
8
BLACK
6
CONTINUOUS
10
0.6499859842519685
20
0.5562024015748032
11
0.6508006299212599
21
0.5553877559055118
0
LINE
8
BLACK
6
CONTINUOUS
10
0.6508006299212599
20
0.5553877559055118
11
0.6512415354330708
21
0.5543233464566929
0
LINE
8
BLACK
6
CONTINUOUS
10
0.6512415354330708
20
0.5543233464566929
11
0.6512982677165354
21
0.5537472834645669
0
LINE
8
BLACK
6
CONTINUOUS
10
0.6512982677165354
20
0.5537472834645669
11
0.6512982677165354
21
0.5143772047244094
0
LINE
8
BLACK
6
CONTINUOUS
10
0.6512982677165354
20
0.5143772047244094
11
0.6512415354330708
21
0.5138011417322834
0
LINE
8
BLACK
6
CONTINUOUS
10
0.6512415354330708
20
0.5138011417322834
11
0.6508006299212599
21
0.5127367322834645
0
LINE
8
BLACK
6
CONTINUOUS
10
0.6508006299212599
20
0.5127367322834645
11
0.6499859842519685
21
0.5119220866141733
0
LINE
8
BLACK
6
CONTINUOUS
10
0.6499859842519685
20
0.5119220866141733
11
0.6489215748031496
21
0.5114811811023622
0
LINE
8
BLACK
6
CONTINUOUS
10
0.6489215748031496
20
0.5114811811023622
11
0.6477694488188976
21
0.5114811811023622
0
LINE
8
BLACK
6
CONTINUOUS
10
0.6477694488188976
20
0.5114811811023622
11
0.6467050393700787
21
0.5119220866141733
0
LINE
8
BLACK
6
CONTINUOUS
10
0.6467050393700787
20
0.5119220866141733
11
0.6458903937007874
21
0.5127367322834645
0
LINE
8
BLACK
6
CONTINUOUS
10
0.6458903937007874
20
0.5127367322834645
11
0.6454494881889764
21
0.5138011417322834
0
LINE
8
BLACK
6
CONTINUOUS
10
0.6454494881889764
20
0.5138011417322834
11
0.6453927559055118
21
0.5143772047244094
0
LINE
8
BLACK
6
CONTINUOUS
10
0.6453927559055118
20
0.5143772047244094
11
0.6453927559055118
21
0.5537472834645669
0
LINE
8
BLACK
6
CONTINUOUS
10
0.6453927559055118
20
0.5537472834645669
11
0.6454494881889764
21
0.5543233464566929
0
LINE
8
BLACK
6
CONTINUOUS
10
0.6454494881889764
20
0.5543233464566929
11
0.6458903937007874
21
0.5553877559055118
0
LINE
8
BLACK
6
CONTINUOUS
10
0.6458903937007874
20
0.5553877559055118
11
0.6467050393700787
21
0.5562024015748032
0
LINE
8
BLACK
6
CONTINUOUS
10
0.6467050393700787
20
0.5562024015748032
11
0.6477694488188976
21
0.5566433070866141
0
LINE
8
BLACK
6
CONTINUOUS
10
0.6477694488188976
20
0.5566433070866141
11
0.6489215748031496
21
0.5566433070866141
0
LINE
8
BLACK
6
CONTINUOUS
10
0.6489215748031496
20
0.5566433070866141
11
0.6499859842519685
21
0.5562024015748032
0
LINE
8
BLACK
6
CONTINUOUS
10
0.8781357086614173
20
0.556499842519685
11
0.8791077165354331
21
0.5558812992125984
0
LINE
8
BLACK
6
CONTINUOUS
10
0.8791077165354331
20
0.5558812992125984
11
0.8797689763779527
21
0.5549378346456693
0
LINE
8
BLACK
6
CONTINUOUS
10
0.8797689763779527
20
0.5549378346456693
11
0.8800188976377953
21
0.553813188976378
0
LINE
8
BLACK
6
CONTINUOUS
10
0.8800188976377953
20
0.553813188976378
11
0.8798194488188976
21
0.5526785039370079
0
LINE
8
BLACK
6
CONTINUOUS
10
0.8798194488188976
20
0.5526785039370079
11
0.8795580314960629
21
0.5521620472440945
0
LINE
8
BLACK
6
CONTINUOUS
10
0.8795580314960629
20
0.5521620472440945
11
0.8668962992125984
21
0.5322650393700787
0
LINE
8
BLACK
6
CONTINUOUS
10
0.8668962992125984
20
0.5322650393700787
11
0.8668962992125984
21
0.5143772047244094
0
LINE
8
BLACK
6
CONTINUOUS
10
0.8668962992125984
20
0.5143772047244094
11
0.8668395669291339
21
0.5138011417322834
0
LINE
8
BLACK
6
CONTINUOUS
10
0.8668395669291339
20
0.5138011417322834
11
0.8663986614173228
21
0.5127367322834645
0
LINE
8
BLACK
6
CONTINUOUS
10
0.8663986614173228
20
0.5127367322834645
11
0.8655840157480315
21
0.5119220866141733
0
LINE
8
BLACK
6
CONTINUOUS
10
0.8655840157480315
20
0.5119220866141733
11
0.8645196062992125
21
0.5114811811023622
0
LINE
8
BLACK
6
CONTINUOUS
10
0.8645196062992125
20
0.5114811811023622
11
0.8633674803149606
21
0.5114811811023622
0
LINE
8
BLACK
6
CONTINUOUS
10
0.8633674803149606
20
0.5114811811023622
11
0.8623030708661417
21
0.5119220866141733
0
LINE
8
BLACK
6
CONTINUOUS
10
0.8623030708661417
20
0.5119220866141733
11
0.8614884251968504
21
0.5127367322834645
0
LINE
8
BLACK
6
CONTINUOUS
10
0.8614884251968504
20
0.5127367322834645
11
0.8610475196850393
21
0.5138011417322834
0
LINE
8
BLACK
6
CONTINUOUS
10
0.8610475196850393
20
0.5138011417322834
11
0.8609907874015748
21
0.5143772047244094
0
LINE
8
BLACK
6
CONTINUOUS
10
0.8609907874015748
20
0.5143772047244094
11
0.8609907874015748
21
0.532265
0
LINE
8
BLACK
6
CONTINUOUS
10
0.8609907874015748
20
0.532265
11
0.8483290551181102
21
0.5521620078740157
0
LINE
8
BLACK
6
CONTINUOUS
10
0.8483290551181102
20
0.5521620078740157
11
0.8480676771653544
21
0.5526784645669292
0
LINE
8
BLACK
6
CONTINUOUS
10
0.8480676771653544
20
0.5526784645669292
11
0.8478681889763779
21
0.553813188976378
0
LINE
8
BLACK
6
CONTINUOUS
10
0.8478681889763779
20
0.553813188976378
11
0.8481181102362204
21
0.5549378346456693
0
LINE
8
BLACK
6
CONTINUOUS
10
0.8481181102362204
20
0.5549378346456693
11
0.8487794094488189
21
0.5558812598425197
0
LINE
8
BLACK
6
CONTINUOUS
10
0.8487794094488189
20
0.5558812598425197
11
0.8497513779527559
21
0.5564998031496062
0
LINE
8
BLACK
6
CONTINUOUS
10
0.8497513779527559
20
0.5564998031496062
11
0.8508861023622047
21
0.5566992913385826
0
LINE
8
BLACK
6
CONTINUOUS
10
0.8508861023622047
20
0.5566992913385826
11
0.852010748031496
21
0.5564493700787402
0
LINE
8
BLACK
6
CONTINUOUS
10
0.852010748031496
20
0.5564493700787402
11
0.8529541732283464
21
0.5557880708661417
0
LINE
8
BLACK
6
CONTINUOUS
10
0.8529541732283464
20
0.5557880708661417
11
0.8533113385826772
21
0.5553325590551181
0
LINE
8
BLACK
6
CONTINUOUS
10
0.8533113385826772
20
0.5553325590551181
11
0.8639435039370078
21
0.5386248031496063
0
LINE
8
BLACK
6
CONTINUOUS
10
0.8639435039370078
20
0.5386248031496063
11
0.8745757480314961
21
0.5553325590551181
0
LINE
8
BLACK
6
CONTINUOUS
10
0.8745757480314961
20
0.5553325590551181
11
0.8749329133858268
21
0.5557881102362204
0
LINE
8
BLACK
6
CONTINUOUS
10
0.8749329133858268
20
0.5557881102362204
11
0.8758763385826771
21
0.5564493700787402
0
LINE
8
BLACK
6
CONTINUOUS
10
0.8758763385826771
20
0.5564493700787402
11
0.8770009842519685
21
0.5566992913385826
0
LINE
8
BLACK
6
CONTINUOUS
10
0.8770009842519685
20
0.5566992913385826
11
0.8781357086614173
21
0.556499842519685
0
LINE
8
BLACK
6
CONTINUOUS
10
0.9165009842519685
20
0.5566433070866141
11
0.9170130314960629
21
0.5566433070866141
0
LINE
8
BLACK
6
CONTINUOUS
10
0.9170130314960629
20
0.5566433070866141
11
0.9170737795275591
21
0.5566181496062992
0
LINE
8
BLACK
6
CONTINUOUS
10
0.9170737795275591
20
0.5566181496062992
11
0.9171396456692913
21
0.5566152362204724
0
LINE
8
BLACK
6
CONTINUOUS
10
0.9171396456692913
20
0.5566152362204724
11
0.9176044881889763
21
0.5563983464566929
0
LINE
8
BLACK
6
CONTINUOUS
10
0.9176044881889763
20
0.5563983464566929
11
0.9180774409448819
21
0.5562024015748032
0
LINE
8
BLACK
6
CONTINUOUS
10
0.9180774409448819
20
0.5562024015748032
11
0.918123937007874
21
0.556155905511811
0
LINE
8
BLACK
6
CONTINUOUS
10
0.918123937007874
20
0.556155905511811
11
0.9181836614173228
21
0.5561280314960629
0
LINE
8
BLACK
6
CONTINUOUS
10
0.9181836614173228
20
0.5561280314960629
11
0.9185298818897638
21
0.5557499606299212
0
LINE
8
BLACK
6
CONTINUOUS
10
0.9185298818897638
20
0.5557499606299212
11
0.9188920866141732
21
0.5553877559055118
0
LINE
8
BLACK
6
CONTINUOUS
10
0.9188920866141732
20
0.5553877559055118
11
0.9189172834645669
21
0.5553269291338583
0
LINE
8
BLACK
6
CONTINUOUS
10
0.9189172834645669
20
0.5553269291338583
11
0.9189617716535433
21
0.5552783464566929
0
LINE
8
BLACK
6
CONTINUOUS
10
0.9189617716535433
20
0.5552783464566929
11
0.9191368503937007
21
0.5547968503937007
0
LINE
8
BLACK
6
CONTINUOUS
10
0.9191368503937007
20
0.5547968503937007
11
0.9193329921259842
21
0.5543233464566929
0
LINE
8
BLACK
6
CONTINUOUS
10
0.9193329921259842
20
0.5543233464566929
11
0.9193418897637795
21
0.5542329921259842
0
LINE
8
BLACK
6
CONTINUOUS
10
0.9193418897637795
20
0.5542329921259842
11
0.9193554724409448
21
0.5541956299212598
0
LINE
8
BLACK
6
CONTINUOUS
10
0.9193554724409448
20
0.5541956299212598
11
0.9193524015748031
21
0.5541261023622047
0
LINE
8
BLACK
6
CONTINUOUS
10
0.9193524015748031
20
0.5541261023622047
11
0.9193897244094488
21
0.5537472834645669
0
LINE
8
BLACK
6
CONTINUOUS
10
0.9193897244094488
20
0.5537472834645669
11
0.9193897244094488
21
0.5143772047244094
0
LINE
8
BLACK
6
CONTINUOUS
10
0.9193897244094488
20
0.5143772047244094
11
0.9193329921259842
21
0.5138011417322834
0
LINE
8
BLACK
6
CONTINUOUS
10
0.9193329921259842
20
0.5138011417322834
11
0.9188920866141732
21
0.5127367322834645
0
LINE
8
BLACK
6
CONTINUOUS
10
0.9188920866141732
20
0.5127367322834645
11
0.9180774409448819
21
0.5119220866141733
0
LINE
8
BLACK
6
CONTINUOUS
10
0.9180774409448819
20
0.5119220866141733
11
0.9170130314960629
21
0.5114811811023622
0
LINE
8
BLACK
6
CONTINUOUS
10
0.9170130314960629
20
0.5114811811023622
11
0.915860905511811
21
0.5114811811023622
0
LINE
8
BLACK
6
CONTINUOUS
10
0.915860905511811
20
0.5114811811023622
11
0.9147964960629921
21
0.5119220866141733
0
LINE
8
BLACK
6
CONTINUOUS
10
0.9147964960629921
20
0.5119220866141733
11
0.9139818503937007
21
0.5127367322834645
0
LINE
8
BLACK
6
CONTINUOUS
10
0.9139818503937007
20
0.5127367322834645
11
0.9135409448818897
21
0.5138011417322834
0
LINE
8
BLACK
6
CONTINUOUS
10
0.9135409448818897
20
0.5138011417322834
11
0.9134842125984252
21
0.5143772047244094
0
LINE
8
BLACK
6
CONTINUOUS
10
0.9134842125984252
20
0.5143772047244094
11
0.9134842125984252
21
0.5404375590551181
0
LINE
8
BLACK
6
CONTINUOUS
10
0.9134842125984252
20
0.5404375590551181
11
0.9059893700787401
21
0.5243771653543307
0
LINE
8
BLACK
6
CONTINUOUS
10
0.9059893700787401
20
0.5243771653543307
11
0.9058644094488189
21
0.5241662598425196
0
LINE
8
BLACK
6
CONTINUOUS
10
0.9058644094488189
20
0.5241662598425196
11
0.9058384251968504
21
0.5240947637795276
0
LINE
8
BLACK
6
CONTINUOUS
10
0.9058384251968504
20
0.5240947637795276
11
0.9057920866141732
21
0.5240442125984252
0
LINE
8
BLACK
6
CONTINUOUS
10
0.9057920866141732
20
0.5240442125984252
11
0.9056943307086613
21
0.5238791338582677
0
LINE
8
BLACK
6
CONTINUOUS
10
0.9056943307086613
20
0.5238791338582677
11
0.9053635039370078
21
0.5235762204724409
0
LINE
8
BLACK
6
CONTINUOUS
10
0.9053635039370078
20
0.5235762204724409
11
0.9050603149606299
21
0.5232450787401575
0
LINE
8
BLACK
6
CONTINUOUS
10
0.9050603149606299
20
0.5232450787401575
11
0.9049413385826771
21
0.5231896062992126
0
LINE
8
BLACK
6
CONTINUOUS
10
0.9049413385826771
20
0.5231896062992126
11
0.9048446850393701
21
0.5231010236220472
0
LINE
8
BLACK
6
CONTINUOUS
10
0.9048446850393701
20
0.5231010236220472
11
0.904423188976378
21
0.5229477952755905
0
LINE
8
BLACK
6
CONTINUOUS
10
0.904423188976378
20
0.5229477952755905
11
0.9040162992125984
21
0.522757874015748
0
LINE
8
BLACK
6
CONTINUOUS
10
0.9040162992125984
20
0.522757874015748
11
0.9038851181102362
21
0.5227521259842519
0
LINE
8
BLACK
6
CONTINUOUS
10
0.9038851181102362
20
0.5227521259842519
11
0.903761968503937
21
0.5227073228346456
0
LINE
8
BLACK
6
CONTINUOUS
10
0.903761968503937
20
0.5227073228346456
11
0.9033138582677165
21
0.5227270078740157
0
LINE
8
BLACK
6
CONTINUOUS
10
0.9033138582677165
20
0.5227270078740157
11
0.9028652755905512
21
0.522707283464567
0
LINE
8
BLACK
6
CONTINUOUS
10
0.9028652755905512
20
0.522707283464567
11
0.902741968503937
21
0.5227521259842519
0
LINE
8
BLACK
6
CONTINUOUS
10
0.902741968503937
20
0.5227521259842519
11
0.9026109448818898
21
0.522757874015748
0
LINE
8
BLACK
6
CONTINUOUS
10
0.9026109448818898
20
0.522757874015748
11
0.9022042913385827
21
0.5229476771653543
0
LINE
8
BLACK
6
CONTINUOUS
10
0.9022042913385827
20
0.5229476771653543
11
0.9017825590551181
21
0.5231010236220472
0
LINE
8
BLACK
6
CONTINUOUS
10
0.9017825590551181
20
0.5231010236220472
11
0.901685748031496
21
0.52318968503937
0
LINE
8
BLACK
6
CONTINUOUS
10
0.901685748031496
20
0.52318968503937
11
0.9015669291338583
21
0.5232451181102362
0
LINE
8
BLACK
6
CONTINUOUS
10
0.9015669291338583
20
0.5232451181102362
11
0.9012639763779527
21
0.5235759448818897
0
LINE
8
BLACK
6
CONTINUOUS
10
0.9012639763779527
20
0.5235759448818897
11
0.9009329133858267
21
0.5238790944881889
0
LINE
8
BLACK
6
CONTINUOUS
10
0.9009329133858267
20
0.5238790944881889
11
0.9008350393700787
21
0.5240442913385827
0
LINE
8
BLACK
6
CONTINUOUS
10
0.9008350393700787
20
0.5240442913385827
11
0.9007888188976377
21
0.5240947637795276
0
LINE
8
BLACK
6
CONTINUOUS
10
0.9007888188976377
20
0.5240947637795276
11
0.9007628346456693
21
0.5241661417322835
0
LINE
8
BLACK
6
CONTINUOUS
10
0.9007628346456693
20
0.5241661417322835
11
0.900637874015748
21
0.5243771259842519
0
LINE
8
BLACK
6
CONTINUOUS
10
0.900637874015748
20
0.5243771259842519
11
0.893143031496063
21
0.5404375590551181
0
LINE
8
BLACK
6
CONTINUOUS
10
0.893143031496063
20
0.5404375590551181
11
0.893143031496063
21
0.5143772047244094
0
LINE
8
BLACK
6
CONTINUOUS
10
0.893143031496063
20
0.5143772047244094
11
0.8930862992125984
21
0.5138011417322834
0
LINE
8
BLACK
6
CONTINUOUS
10
0.8930862992125984
20
0.5138011417322834
11
0.8926453937007873
21
0.5127367322834645
0
LINE
8
BLACK
6
CONTINUOUS
10
0.8926453937007873
20
0.5127367322834645
11
0.8918307480314961
21
0.5119220866141733
0
LINE
8
BLACK
6
CONTINUOUS
10
0.8918307480314961
20
0.5119220866141733
11
0.8907663385826772
21
0.5114811811023622
0
LINE
8
BLACK
6
CONTINUOUS
10
0.8907663385826772
20
0.5114811811023622
11
0.8896142125984252
21
0.5114811811023622
0
LINE
8
BLACK
6
CONTINUOUS
10
0.8896142125984252
20
0.5114811811023622
11
0.8885498031496063
21
0.5119220866141733
0
LINE
8
BLACK
6
CONTINUOUS
10
0.8885498031496063
20
0.5119220866141733
11
0.887735157480315
21
0.5127367322834645
0
LINE
8
BLACK
6
CONTINUOUS
10
0.887735157480315
20
0.5127367322834645
11
0.8872942519685039
21
0.5138011417322834
0
LINE
8
BLACK
6
CONTINUOUS
10
0.8872942519685039
20
0.5138011417322834
11
0.8872375196850394
21
0.5143772047244094
0
LINE
8
BLACK
6
CONTINUOUS
10
0.8872375196850394
20
0.5143772047244094
11
0.8872375196850394
21
0.5537472834645669
0
LINE
8
BLACK
6
CONTINUOUS
10
0.8872375196850394
20
0.5537472834645669
11
0.8872748031496063
21
0.5541261023622047
0
LINE
8
BLACK
6
CONTINUOUS
10
0.8872748031496063
20
0.5541261023622047
11
0.8872717716535433
21
0.5541956299212598
0
LINE
8
BLACK
6
CONTINUOUS
10
0.8872717716535433
20
0.5541956299212598
11
0.8872853149606299
21
0.5542329921259842
0
LINE
8
BLACK
6
CONTINUOUS
10
0.8872853149606299
20
0.5542329921259842
11
0.8872942519685039
21
0.5543233464566929
0
LINE
8
BLACK
6
CONTINUOUS
10
0.8872942519685039
20
0.5543233464566929
11
0.8874903543307087
21
0.5547968503937007
0
LINE
8
BLACK
6
CONTINUOUS
10
0.8874903543307087
20
0.5547968503937007
11
0.8876654724409448
21
0.5552783464566929
0
LINE
8
BLACK
6
CONTINUOUS
10
0.8876654724409448
20
0.5552783464566929
11
0.8877099212598425
21
0.5553269291338583
0
LINE
8
BLACK
6
CONTINUOUS
10
0.8877099212598425
20
0.5553269291338583
11
0.887735157480315
21
0.5553877559055118
0
LINE
8
BLACK
6
CONTINUOUS
10
0.887735157480315
20
0.5553877559055118
11
0.8880975590551181
21
0.5557501968503937
0
LINE
8
BLACK
6
CONTINUOUS
10
0.8880975590551181
20
0.5557501968503937
11
0.8884435826771654
21
0.5561279921259843
0
LINE
8
BLACK
6
CONTINUOUS
10
0.8884435826771654
20
0.5561279921259843
11
0.8885032283464567
21
0.5561558661417323
0
LINE
8
BLACK
6
CONTINUOUS
10
0.8885032283464567
20
0.5561558661417323
11
0.8885498031496063
21
0.5562024015748032
0
LINE
8
BLACK
6
CONTINUOUS
10
0.8885498031496063
20
0.5562024015748032
11
0.8890230708661417
21
0.5563984645669291
0
LINE
8
BLACK
6
CONTINUOUS
10
0.8890230708661417
20
0.5563984645669291
11
0.8894875984251969
21
0.5566152362204724
0
LINE
8
BLACK
6
CONTINUOUS
10
0.8894875984251969
20
0.5566152362204724
11
0.8895533858267717
21
0.5566181496062992
0
LINE
8
BLACK
6
CONTINUOUS
10
0.8895533858267717
20
0.5566181496062992
11
0.8896142125984252
21
0.5566433070866141
0
LINE
8
BLACK
6
CONTINUOUS
10
0.8896142125984252
20
0.5566433070866141
11
0.8901267716535433
21
0.5566433070866141
0
LINE
8
BLACK
6
CONTINUOUS
10
0.8901267716535433
20
0.5566433070866141
11
0.8906386220472441
21
0.5566657874015748
0
LINE
8
BLACK
6
CONTINUOUS
10
0.8906386220472441
20
0.5566657874015748
11
0.8907004330708661
21
0.5566433070866141
0
LINE
8
BLACK
6
CONTINUOUS
10
0.8907004330708661
20
0.5566433070866141
11
0.8907663385826772
21
0.5566433070866141
0
LINE
8
BLACK
6
CONTINUOUS
10
0.8907663385826772
20
0.5566433070866141
11
0.8912398031496063
21
0.5564472047244094
0
LINE
8
BLACK
6
CONTINUOUS
10
0.8912398031496063
20
0.5564472047244094
11
0.8917213385826771
21
0.5562720866141733
0
LINE
8
BLACK
6
CONTINUOUS
10
0.8917213385826771
20
0.5562720866141733
11
0.8917698818897638
21
0.5562276377952756
0
LINE
8
BLACK
6
CONTINUOUS
10
0.8917698818897638
20
0.5562276377952756
11
0.8918307480314961
21
0.5562024015748032
0
LINE
8
BLACK
6
CONTINUOUS
10
0.8918307480314961
20
0.5562024015748032
11
0.8921931496062991
21
0.55584
0
LINE
8
BLACK
6
CONTINUOUS
10
0.8921931496062991
20
0.55584
11
0.8925709842519685
21
0.5554939763779527
0
LINE
8
BLACK
6
CONTINUOUS
10
0.8925709842519685
20
0.5554939763779527
11
0.8926172047244094
21
0.5554159448818897
0
LINE
8
BLACK
6
CONTINUOUS
10
0.8926172047244094
20
0.5554159448818897
11
0.8926453937007873
21
0.5553877559055118
0
LINE
8
BLACK
6
CONTINUOUS
10
0.8926453937007873
20
0.5553877559055118
11
0.8926720866141732
21
0.5553233464566929
0
LINE
8
BLACK
6
CONTINUOUS
10
0.8926720866141732
20
0.5553233464566929
11
0.8928660236220473
21
0.5549959448818897
0
LINE
8
BLACK
6
CONTINUOUS
10
0.8928660236220473
20
0.5549959448818897
11
0.9033135826771653
21
0.5326082677165355
0
LINE
8
BLACK
6
CONTINUOUS
10
0.9033135826771653
20
0.5326082677165355
11
0.9137612204724409
21
0.5549959842519685
0
LINE
8
BLACK
6
CONTINUOUS
10
0.9137612204724409
20
0.5549959842519685
11
0.9139551968503937
21
0.5553234645669292
0
LINE
8
BLACK
6
CONTINUOUS
10
0.9139551968503937
20
0.5553234645669292
11
0.9139818503937007
21
0.5553877559055118
0
LINE
8
BLACK
6
CONTINUOUS
10
0.9139818503937007
20
0.5553877559055118
11
0.9140099606299212
21
0.555415905511811
0
LINE
8
BLACK
6
CONTINUOUS
10
0.9140099606299212
20
0.555415905511811
11
0.9140562598425197
21
0.5554940157480315
0
LINE
8
BLACK
6
CONTINUOUS
10
0.9140562598425197
20
0.5554940157480315
11
0.9144343307086614
21
0.5558402755905512
0
LINE
8
BLACK
6
CONTINUOUS
10
0.9144343307086614
20
0.5558402755905512
11
0.9147964960629921
21
0.5562024015748032
0
LINE
8
BLACK
6
CONTINUOUS
10
0.9147964960629921
20
0.5562024015748032
11
0.9148573228346456
21
0.5562275984251969
0
LINE
8
BLACK
6
CONTINUOUS
10
0.9148573228346456
20
0.5562275984251969
11
0.9149059055118111
21
0.5562720866141733
0
LINE
8
BLACK
6
CONTINUOUS
10
0.9149059055118111
20
0.5562720866141733
11
0.915387716535433
21
0.5564473228346457
0
LINE
8
BLACK
6
CONTINUOUS
10
0.915387716535433
20
0.5564473228346457
11
0.915860905511811
21
0.5566433070866141
0
LINE
8
BLACK
6
CONTINUOUS
10
0.915860905511811
20
0.5566433070866141
11
0.9159266929133858
21
0.5566433070866141
0
LINE
8
BLACK
6
CONTINUOUS
10
0.9159266929133858
20
0.5566433070866141
11
0.9159886220472441
21
0.5566658267716535
0
LINE
8
BLACK
6
CONTINUOUS
10
0.9159886220472441
20
0.5566658267716535
11
0.9165009842519685
21
0.5566433070866141
0
LINE
8
BLACK
6
CONTINUOUS
10
1.0388727952755905
20
0.5566433070866141
11
1.0399372047244093
21
0.5562024015748032
0
LINE
8
BLACK
6
CONTINUOUS
10
1.0399372047244093
20
0.5562024015748032
11
1.0407518503937008
21
0.5553877559055118
0
LINE
8
BLACK
6
CONTINUOUS
10
1.0407518503937008
20
0.5553877559055118
11
1.0411927559055119
21
0.5543233464566929
0
LINE
8
BLACK
6
CONTINUOUS
10
1.0411927559055119
20
0.5543233464566929
11
1.0411927559055119
21
0.5531712204724409
0
LINE
8
BLACK
6
CONTINUOUS
10
1.0411927559055119
20
0.5531712204724409
11
1.0407518503937008
21
0.552106811023622
0
LINE
8
BLACK
6
CONTINUOUS
10
1.0407518503937008
20
0.552106811023622
11
1.0399372047244093
21
0.5512921653543307
0
LINE
8
BLACK
6
CONTINUOUS
10
1.0399372047244093
20
0.5512921653543307
11
1.0388727952755905
21
0.5508512598425197
0
LINE
8
BLACK
6
CONTINUOUS
10
1.0388727952755905
20
0.5508512598425197
11
1.0382967322834646
21
0.5507945275590551
0
LINE
8
BLACK
6
CONTINUOUS
10
1.0382967322834646
20
0.5507945275590551
11
1.0300009055118109
21
0.5507945275590551
0
LINE
8
BLACK
6
CONTINUOUS
10
1.0300009055118109
20
0.5507945275590551
11
1.0300009055118109
21
0.5143772047244094
0
LINE
8
BLACK
6
CONTINUOUS
10
1.0300009055118109
20
0.5143772047244094
11
1.0299441732283465
21
0.5138011417322834
0
LINE
8
BLACK
6
CONTINUOUS
10
1.0299441732283465
20
0.5138011417322834
11
1.0295032677165354
21
0.5127367322834645
0
LINE
8
BLACK
6
CONTINUOUS
10
1.0295032677165354
20
0.5127367322834645
11
1.028688622047244
21
0.5119220866141733
0
LINE
8
BLACK
6
CONTINUOUS
10
1.028688622047244
20
0.5119220866141733
11
1.0276242125984252
21
0.5114811811023622
0
LINE
8
BLACK
6
CONTINUOUS
10
1.0276242125984252
20
0.5114811811023622
11
1.0264720866141732
21
0.5114811811023622
0
LINE
8
BLACK
6
CONTINUOUS
10
1.0264720866141732
20
0.5114811811023622
11
1.0254076771653544
21
0.5119220866141733
0
LINE
8
BLACK
6
CONTINUOUS
10
1.0254076771653544
20
0.5119220866141733
11
1.024593031496063
21
0.5127367322834645
0
LINE
8
BLACK
6
CONTINUOUS
10
1.024593031496063
20
0.5127367322834645
11
1.0241521259842519
21
0.5138011417322834
0
LINE
8
BLACK
6
CONTINUOUS
10
1.0241521259842519
20
0.5138011417322834
11
1.0240953937007873
21
0.5143772047244094
0
LINE
8
BLACK
6
CONTINUOUS
10
1.0240953937007873
20
0.5143772047244094
11
1.0240953937007873
21
0.5507945275590551
0
LINE
8
BLACK
6
CONTINUOUS
10
1.0240953937007873
20
0.5507945275590551
11
1.0157995669291338
21
0.5507945275590551
0
LINE
8
BLACK
6
CONTINUOUS
10
1.0157995669291338
20
0.5507945275590551
11
1.0152235039370079
21
0.5508512598425197
0
LINE
8
BLACK
6
CONTINUOUS
10
1.0152235039370079
20
0.5508512598425197
11
1.0141590944881889
21
0.5512921653543307
0
LINE
8
BLACK
6
CONTINUOUS
10
1.0141590944881889
20
0.5512921653543307
11
1.0133444488188976
21
0.552106811023622
0
LINE
8
BLACK
6
CONTINUOUS
10
1.0133444488188976
20
0.552106811023622
11
1.0129035433070865
21
0.5531712204724409
0
LINE
8
BLACK
6
CONTINUOUS
10
1.0129035433070865
20
0.5531712204724409
11
1.0129035433070865
21
0.5543233464566929
0
LINE
8
BLACK
6
CONTINUOUS
10
1.0129035433070865
20
0.5543233464566929
11
1.0133444488188976
21
0.5553877559055118
0
LINE
8
BLACK
6
CONTINUOUS
10
1.0133444488188976
20
0.5553877559055118
11
1.0141590944881889
21
0.5562024015748032
0
LINE
8
BLACK
6
CONTINUOUS
10
1.0141590944881889
20
0.5562024015748032
11
1.0152235039370079
21
0.5566433070866141
0
LINE
8
BLACK
6
CONTINUOUS
10
1.0152235039370079
20
0.5566433070866141
11
1.0157995669291338
21
0.5567000393700787
0
LINE
8
BLACK
6
CONTINUOUS
10
1.0157995669291338
20
0.5567000393700787
11
1.0382967322834646
21
0.5567000393700787
0
LINE
8
BLACK
6
CONTINUOUS
10
1.0382967322834646
20
0.5567000393700787
11
1.0388727952755905
21
0.5566433070866141
0
LINE
8
BLACK
6
CONTINUOUS
10
1.003252283464567
20
0.5322713779527559
11
1.0043166929133858
21
0.5318304724409448
0
LINE
8
BLACK
6
CONTINUOUS
10
1.0043166929133858
20
0.5318304724409448
11
1.0051313385826772
21
0.5310158267716535
0
LINE
8
BLACK
6
CONTINUOUS
10
1.0051313385826772
20
0.5310158267716535
11
1.0055722440944881
21
0.5299514173228347
0
LINE
8
BLACK
6
CONTINUOUS
10
1.0055722440944881
20
0.5299514173228347
11
1.0055722440944881
21
0.5287992913385826
0
LINE
8
BLACK
6
CONTINUOUS
10
1.0055722440944881
20
0.5287992913385826
11
1.0051313385826772
21
0.5277348818897638
0
LINE
8
BLACK
6
CONTINUOUS
10
1.0051313385826772
20
0.5277348818897638
11
1.0043166929133858
21
0.5269202362204725
0
LINE
8
BLACK
6
CONTINUOUS
10
1.0043166929133858
20
0.5269202362204725
11
1.003252283464567
21
0.5264793307086614
0
LINE
8
BLACK
6
CONTINUOUS
10
1.003252283464567
20
0.5264793307086614
11
1.0026762204724409
21
0.5264225984251968
0
LINE
8
BLACK
6
CONTINUOUS
10
1.0026762204724409
20
0.5264225984251968
11
0.9726799606299212
21
0.5264225984251968
0
LINE
8
BLACK
6
CONTINUOUS
10
0.9726799606299212
20
0.5264225984251968
11
0.9721038976377953
21
0.5264793307086614
0
LINE
8
BLACK
6
CONTINUOUS
10
0.9721038976377953
20
0.5264793307086614
11
0.9710394881889763
21
0.5269202362204725
0
LINE
8
BLACK
6
CONTINUOUS
10
0.9710394881889763
20
0.5269202362204725
11
0.970224842519685
21
0.5277348818897638
0
LINE
8
BLACK
6
CONTINUOUS
10
0.970224842519685
20
0.5277348818897638
11
0.969783937007874
21
0.5287992913385826
0
LINE
8
BLACK
6
CONTINUOUS
10
0.969783937007874
20
0.5287992913385826
11
0.969783937007874
21
0.5299514173228347
0
LINE
8
BLACK
6
CONTINUOUS
10
0.969783937007874
20
0.5299514173228347
11
0.970224842519685
21
0.5310158267716535
0
LINE
8
BLACK
6
CONTINUOUS
10
0.970224842519685
20
0.5310158267716535
11
0.9710394881889763
21
0.5318304724409448
0
LINE
8
BLACK
6
CONTINUOUS
10
0.9710394881889763
20
0.5318304724409448
11
0.9721038976377953
21
0.5322713779527559
0
LINE
8
BLACK
6
CONTINUOUS
10
0.9721038976377953
20
0.5322713779527559
11
0.9726799606299212
21
0.5323281102362205
0
LINE
8
BLACK
6
CONTINUOUS
10
0.9726799606299212
20
0.5323281102362205
11
1.0026762204724409
21
0.5323281102362205
0
LINE
8
BLACK
6
CONTINUOUS
10
1.0026762204724409
20
0.5323281102362205
11
1.003252283464567
21
0.5322713779527559
0
LINE
8
BLACK
6
CONTINUOUS
10
0.9687002755905512
20
0.6408450393700788
11
0.9692243307086614
21
0.6392728346456693
0
LINE
8
BLACK
6
CONTINUOUS
10
0.9692243307086614
20
0.6392728346456693
11
0.9690011811023622
21
0.6384579527559054
0
LINE
8
BLACK
6
CONTINUOUS
10
0.9690011811023622
20
0.6384579527559054
11
0.9676513385826772
21
0.6357583070866142
0
LINE
8
BLACK
6
CONTINUOUS
10
0.9676513385826772
20
0.6357583070866142
11
0.9674385826771653
21
0.6354842125984251
0
LINE
8
BLACK
6
CONTINUOUS
10
0.9674385826771653
20
0.6354842125984251
11
0.967245748031496
21
0.6351955905511811
0
LINE
8
BLACK
6
CONTINUOUS
10
0.967245748031496
20
0.6351955905511811
11
0.9656496456692913
21
0.6335994881889764
0
LINE
8
BLACK
6
CONTINUOUS
10
0.9656496456692913
20
0.6335994881889764
11
0.9663014960629921
21
0.632295748031496
0
LINE
8
BLACK
6
CONTINUOUS
10
0.9663014960629921
20
0.632295748031496
11
0.9663301181102362
21
0.6321911811023622
0
LINE
8
BLACK
6
CONTINUOUS
10
0.9663301181102362
20
0.6321911811023622
11
0.9663652755905512
21
0.6321560236220473
0
LINE
8
BLACK
6
CONTINUOUS
10
0.9663652755905512
20
0.6321560236220473
11
0.966433031496063
21
0.6318153543307087
0
LINE
8
BLACK
6
CONTINUOUS
10
0.966433031496063
20
0.6318153543307087
11
0.9665246456692913
21
0.6314808267716535
0
LINE
8
BLACK
6
CONTINUOUS
10
0.9665246456692913
20
0.6314808267716535
11
0.966508937007874
21
0.6314337795275591
0
LINE
8
BLACK
6
CONTINUOUS
10
0.966508937007874
20
0.6314337795275591
11
0.9665301181102361
21
0.6313273622047244
0
LINE
8
BLACK
6
CONTINUOUS
10
0.9665301181102361
20
0.6313273622047244
11
0.9665301181102361
21
0.625928031496063
0
LINE
8
BLACK
6
CONTINUOUS
10
0.9665301181102361
20
0.625928031496063
11
0.966508937007874
21
0.6258216535433071
0
LINE
8
BLACK
6
CONTINUOUS
10
0.966508937007874
20
0.6258216535433071
11
0.9665246456692913
21
0.6257745669291338
0
LINE
8
BLACK
6
CONTINUOUS
10
0.9665246456692913
20
0.6257745669291338
11
0.9664329921259842
21
0.6254398818897637
0
LINE
8
BLACK
6
CONTINUOUS
10
0.9664329921259842
20
0.6254398818897637
11
0.9663652755905512
21
0.6250993700787402
0
LINE
8
BLACK
6
CONTINUOUS
10
0.9663652755905512
20
0.6250993700787402
11
0.9663301574803149
21
0.6250642913385827
0
LINE
8
BLACK
6
CONTINUOUS
10
0.9663301574803149
20
0.6250642913385827
11
0.9663015354330708
21
0.6249596456692913
0
LINE
8
BLACK
6
CONTINUOUS
10
0.9663015354330708
20
0.6249596456692913
11
0.9649517322834645
21
0.62226
0
LINE
8
BLACK
6
CONTINUOUS
10
0.9649517322834645
20
0.62226
11
0.9647388582677165
21
0.6219857480314961
0
LINE
8
BLACK
6
CONTINUOUS
10
0.9647388582677165
20
0.6219857480314961
11
0.9645461023622047
21
0.6216972047244095
0
LINE
8
BLACK
6
CONTINUOUS
10
0.9645461023622047
20
0.6216972047244095
11
0.9618464173228346
21
0.6189975590551181
0
LINE
8
BLACK
6
CONTINUOUS
10
0.9618464173228346
20
0.6189975590551181
11
0.9616514173228347
21
0.6188672834645669
0
LINE
8
BLACK
6
CONTINUOUS
10
0.9616514173228347
20
0.6188672834645669
11
0.9616044094488189
21
0.6187888976377952
0
LINE
8
BLACK
6
CONTINUOUS
10
0.9616044094488189
20
0.6187888976377952
11
0.9613645275590551
21
0.618675590551181
0
LINE
8
BLACK
6
CONTINUOUS
10
0.9613645275590551
20
0.618675590551181
11
0.9611438976377953
21
0.6185281496062992
0
LINE
8
BLACK
6
CONTINUOUS
10
0.9611438976377953
20
0.6185281496062992
11
0.9610524803149606
21
0.618528188976378
0
LINE
8
BLACK
6
CONTINUOUS
10
0.9610524803149606
20
0.618528188976378
11
0.9608404724409448
21
0.6184279921259842
0
LINE
8
BLACK
6
CONTINUOUS
10
0.9608404724409448
20
0.6184279921259842
11
0.9594253937007874
21
0.618074251968504
0
LINE
8
BLACK
6
CONTINUOUS
10
0.9594253937007874
20
0.618074251968504
11
0.9506639763779527
21
0.5917899212598425
0
LINE
8
BLACK
6
CONTINUOUS
10
0.9506639763779527
20
0.5917899212598425
11
0.9504279921259843
21
0.5912613385826772
0
LINE
8
BLACK
6
CONTINUOUS
10
0.9504279921259843
20
0.5912613385826772
11
0.9502897244094488
21
0.591101968503937
0
LINE
8
BLACK
6
CONTINUOUS
10
0.9502897244094488
20
0.591101968503937
11
0.9501954330708661
21
0.5909133070866142
0
LINE
8
BLACK
6
CONTINUOUS
10
0.9501954330708661
20
0.5909133070866142
11
0.949915748031496
21
0.590670748031496
0
LINE
8
BLACK
6
CONTINUOUS
10
0.949915748031496
20
0.590670748031496
11
0.9496731102362205
21
0.5903909842519685
0
LINE
8
BLACK
6
CONTINUOUS
10
0.9496731102362205
20
0.5903909842519685
11
0.9494843700787401
21
0.5902966535433071
0
LINE
8
BLACK
6
CONTINUOUS
10
0.9494843700787401
20
0.5902966535433071
11
0.9493250393700787
21
0.5901584251968504
0
LINE
8
BLACK
6
CONTINUOUS
10
0.9493250393700787
20
0.5901584251968504
11
0.948973779527559
21
0.5900413779527559
0
LINE
8
BLACK
6
CONTINUOUS
10
0.948973779527559
20
0.5900413779527559
11
0.9486426771653543
21
0.5898757874015748
0
LINE
8
BLACK
6
CONTINUOUS
10
0.9486426771653543
20
0.5898757874015748
11
0.9484322440944881
21
0.5898608661417323
0
LINE
8
BLACK
6
CONTINUOUS
10
0.9484322440944881
20
0.5898608661417323
11
0.9482320472440945
21
0.589794094488189
0
LINE
8
BLACK
6
CONTINUOUS
10
0.9482320472440945
20
0.589794094488189
11
0.9478627559055118
21
0.5898203543307087
0
LINE
8
BLACK
6
CONTINUOUS
10
0.9478627559055118
20
0.5898203543307087
11
0.9474934645669291
21
0.589794094488189
0
LINE
8
BLACK
6
CONTINUOUS
10
0.9474934645669291
20
0.589794094488189
11
0.9472932283464567
21
0.5898608661417323
0
LINE
8
BLACK
6
CONTINUOUS
10
0.9472932283464567
20
0.5898608661417323
11
0.9470828346456692
21
0.5898757874015748
0
LINE
8
BLACK
6
CONTINUOUS
10
0.9470828346456692
20
0.5898757874015748
11
0.946751811023622
21
0.5900413385826772
0
LINE
8
BLACK
6
CONTINUOUS
10
0.946751811023622
20
0.5900413385826772
11
0.9464004330708661
21
0.5901584251968504
0
LINE
8
BLACK
6
CONTINUOUS
10
0.9464004330708661
20
0.5901584251968504
11
0.9462409448818897
21
0.5902967716535433
0
LINE
8
BLACK
6
CONTINUOUS
10
0.9462409448818897
20
0.5902967716535433
11
0.9460524015748031
21
0.5903910236220472
0
LINE
8
BLACK
6
CONTINUOUS
10
0.9460524015748031
20
0.5903910236220472
11
0.9458099212598425
21
0.5906705905511811
0
LINE
8
BLACK
6
CONTINUOUS
10
0.9458099212598425
20
0.5906705905511811
11
0.9455300787401575
21
0.5909133070866142
0
LINE
8
BLACK
6
CONTINUOUS
10
0.9455300787401575
20
0.5909133070866142
11
0.9454357086614174
21
0.5911020472440944
0
LINE
8
BLACK
6
CONTINUOUS
10
0.9454357086614174
20
0.5911020472440944
11
0.9452975196850394
21
0.5912613779527559
0
LINE
8
BLACK
6
CONTINUOUS
10
0.9452975196850394
20
0.5912613779527559
11
0.9450615354330708
21
0.5917899212598425
0
LINE
8
BLACK
6
CONTINUOUS
10
0.9450615354330708
20
0.5917899212598425
11
0.9319381889763779
21
0.6311599999999999
0
LINE
8
BLACK
6
CONTINUOUS
10
0.9319381889763779
20
0.6311599999999999
11
0.931809842519685
21
0.6317244488188977
0
LINE
8
BLACK
6
CONTINUOUS
10
0.931809842519685
20
0.6317244488188977
11
0.9318915354330708
21
0.6328736614173228
0
LINE
8
BLACK
6
CONTINUOUS
10
0.9318915354330708
20
0.6328736614173228
11
0.9324067322834646
21
0.633904094488189
0
LINE
8
BLACK
6
CONTINUOUS
10
0.9324067322834646
20
0.633904094488189
11
0.9332770866141732
21
0.6346589763779528
0
LINE
8
BLACK
6
CONTINUOUS
10
0.9332770866141732
20
0.6346589763779528
11
0.9343701181102362
21
0.6350233070866141
0
LINE
8
BLACK
6
CONTINUOUS
10
0.9343701181102362
20
0.6350233070866141
11
0.9354084645669292
21
0.6349495275590551
0
LINE
8
BLACK
6
CONTINUOUS
10
0.9354084645669292
20
0.6349495275590551
11
0.9354314173228346
21
0.6349953937007874
0
LINE
8
BLACK
6
CONTINUOUS
10
0.9354314173228346
20
0.6349953937007874
11
0.9356439763779527
21
0.6352692913385827
0
LINE
8
BLACK
6
CONTINUOUS
10
0.9356439763779527
20
0.6352692913385827
11
0.9358370078740157
21
0.6355581496062992
0
LINE
8
BLACK
6
CONTINUOUS
10
0.9358370078740157
20
0.6355581496062992
11
0.9385366535433071
21
0.6382578346456693
0
LINE
8
BLACK
6
CONTINUOUS
10
0.9385366535433071
20
0.6382578346456693
11
0.9387316535433071
21
0.6383881496062992
0
LINE
8
BLACK
6
CONTINUOUS
10
0.9387316535433071
20
0.6383881496062992
11
0.9387787007874016
21
0.6384664960629921
0
LINE
8
BLACK
6
CONTINUOUS
10
0.9387787007874016
20
0.6384664960629921
11
0.9390185826771653
21
0.638579842519685
0
LINE
8
BLACK
6
CONTINUOUS
10
0.9390185826771653
20
0.638579842519685
11
0.9392391732283464
21
0.6387272047244095
0
LINE
8
BLACK
6
CONTINUOUS
10
0.9392391732283464
20
0.6387272047244095
11
0.9393305511811023
21
0.6387272440944882
0
LINE
8
BLACK
6
CONTINUOUS
10
0.9393305511811023
20
0.6387272440944882
11
0.9395426377952756
21
0.6388274015748031
0
LINE
8
BLACK
6
CONTINUOUS
10
0.9395426377952756
20
0.6388274015748031
11
0.944941968503937
21
0.6401772047244094
0
LINE
8
BLACK
6
CONTINUOUS
10
0.944941968503937
20
0.6401772047244094
11
0.945206968503937
21
0.6401901181102362
0
LINE
8
BLACK
6
CONTINUOUS
10
0.945206968503937
20
0.6401901181102362
11
0.945467125984252
21
0.6402418503937007
0
LINE
8
BLACK
6
CONTINUOUS
10
0.945467125984252
20
0.6402418503937007
11
0.9549159448818897
21
0.6402418503937007
0
LINE
8
BLACK
6
CONTINUOUS
10
0.9549159448818897
20
0.6402418503937007
11
0.955176062992126
21
0.6401901181102362
0
LINE
8
BLACK
6
CONTINUOUS
10
0.955176062992126
20
0.6401901181102362
11
0.9554411023622047
21
0.6401772047244094
0
LINE
8
BLACK
6
CONTINUOUS
10
0.9554411023622047
20
0.6401772047244094
11
0.9608404724409448
21
0.6388274015748031
0
LINE
8
BLACK
6
CONTINUOUS
10
0.9608404724409448
20
0.6388274015748031
11
0.9610525590551181
21
0.6387272047244095
0
LINE
8
BLACK
6
CONTINUOUS
10
0.9610525590551181
20
0.6387272047244095
11
0.9611438976377953
21
0.6387272047244095
0
LINE
8
BLACK
6
CONTINUOUS
10
0.9611438976377953
20
0.6387272047244095
11
0.9613643700787401
21
0.6385799212598425
0
LINE
8
BLACK
6
CONTINUOUS
10
0.9613643700787401
20
0.6385799212598425
11
0.9616044094488189
21
0.6384664960629921
0
LINE
8
BLACK
6
CONTINUOUS
10
0.9616044094488189
20
0.6384664960629921
11
0.9616514173228347
21
0.6383881102362204
0
LINE
8
BLACK
6
CONTINUOUS
10
0.9616514173228347
20
0.6383881102362204
11
0.9618464173228346
21
0.6382578346456693
0
LINE
8
BLACK
6
CONTINUOUS
10
0.9618464173228346
20
0.6382578346456693
11
0.9630149212598424
21
0.6370893307086614
0
LINE
8
BLACK
6
CONTINUOUS
10
0.9630149212598424
20
0.6370893307086614
11
0.9639350393700787
21
0.6380094094488189
0
LINE
8
BLACK
6
CONTINUOUS
10
0.9639350393700787
20
0.6380094094488189
11
0.9651277165354331
21
0.6403947244094488
0
LINE
8
BLACK
6
CONTINUOUS
10
0.9651277165354331
20
0.6403947244094488
11
0.9656457480314961
21
0.6410621653543307
0
LINE
8
BLACK
6
CONTINUOUS
10
0.9656457480314961
20
0.6410621653543307
11
0.9672179527559055
21
0.6415862598425197
0
LINE
8
BLACK
6
CONTINUOUS
10
0.9672179527559055
20
0.6415862598425197
11
0.9687002755905512
21
0.6408450393700788
0
LINE
8
BLACK
6
CONTINUOUS
10
0.9478627559055118
20
0.6020611023622047
11
0.9528468897637795
21
0.6170135039370078
0
LINE
8
BLACK
6
CONTINUOUS
10
0.9528468897637795
20
0.6170135039370078
11
0.945467125984252
21
0.6170135039370078
0
LINE
8
BLACK
6
CONTINUOUS
10
0.945467125984252
20
0.6170135039370078
11
0.945206968503937
21
0.6170652755905511
0
LINE
8
BLACK
6
CONTINUOUS
10
0.945206968503937
20
0.6170652755905511
11
0.944941968503937
21
0.6170781496062993
0
LINE
8
BLACK
6
CONTINUOUS
10
0.944941968503937
20
0.6170781496062993
11
0.9426675196850394
21
0.6176467716535433
0
LINE
8
BLACK
6
CONTINUOUS
10
0.9426675196850394
20
0.6176467716535433
11
0.9478627559055118
21
0.6020611023622047
0
LINE
8
BLACK
6
CONTINUOUS
10
0.9411747637795276
20
0.6347714566929133
11
0.9391477165354331
21
0.6327443307086614
0
LINE
8
BLACK
6
CONTINUOUS
10
0.9391477165354331
20
0.6327443307086614
11
0.9382400787401575
21
0.630929094488189
0
LINE
8
BLACK
6
CONTINUOUS
10
0.9382400787401575
20
0.630929094488189
11
0.9409952755905512
21
0.6226635039370079
0
LINE
8
BLACK
6
CONTINUOUS
10
0.9409952755905512
20
0.6226635039370079
11
0.9411748031496063
21
0.6224839763779527
0
LINE
8
BLACK
6
CONTINUOUS
10
0.9411748031496063
20
0.6224839763779527
11
0.9457337401574802
21
0.6213442125984252
0
LINE
8
BLACK
6
CONTINUOUS
10
0.9457337401574802
20
0.6213442125984252
11
0.9542904724409449
21
0.6213442125984252
0
LINE
8
BLACK
6
CONTINUOUS
10
0.9542904724409449
20
0.6213442125984252
11
0.9554502755905512
21
0.6248236614173228
0
LINE
8
BLACK
6
CONTINUOUS
10
0.9554502755905512
20
0.6248236614173228
11
0.9554502755905512
21
0.627277874015748
0
LINE
8
BLACK
6
CONTINUOUS
10
0.9554502755905512
20
0.627277874015748
11
0.9554714173228346
21
0.6273842125984251
0
LINE
8
BLACK
6
CONTINUOUS
10
0.9554714173228346
20
0.6273842125984251
11
0.9554557086614173
21
0.6274313385826772
0
LINE
8
BLACK
6
CONTINUOUS
10
0.9554557086614173
20
0.6274313385826772
11
0.9555474015748031
21
0.6277663385826772
0
LINE
8
BLACK
6
CONTINUOUS
10
0.9555474015748031
20
0.6277663385826772
11
0.9556151181102363
21
0.6281065354330708
0
LINE
8
BLACK
6
CONTINUOUS
10
0.9556151181102363
20
0.6281065354330708
11
0.9556501968503937
21
0.6281416535433071
0
LINE
8
BLACK
6
CONTINUOUS
10
0.9556501968503937
20
0.6281416535433071
11
0.9556788582677165
21
0.6282462204724409
0
LINE
8
BLACK
6
CONTINUOUS
10
0.9556788582677165
20
0.6282462204724409
11
0.9570286614173228
21
0.6309458661417323
0
LINE
8
BLACK
6
CONTINUOUS
10
0.9570286614173228
20
0.6309458661417323
11
0.9572414960629921
21
0.6312201574803149
0
LINE
8
BLACK
6
CONTINUOUS
10
0.9572414960629921
20
0.6312201574803149
11
0.9574342913385827
21
0.6315086614173229
0
LINE
8
BLACK
6
CONTINUOUS
10
0.9574342913385827
20
0.6315086614173229
11
0.9578007480314961
21
0.631875157480315
0
LINE
8
BLACK
6
CONTINUOUS
10
0.9578007480314961
20
0.631875157480315
11
0.9581848818897638
21
0.6330274803149606
0
LINE
8
BLACK
6
CONTINUOUS
10
0.9581848818897638
20
0.6330274803149606
11
0.9584208661417323
21
0.6335560236220472
0
LINE
8
BLACK
6
CONTINUOUS
10
0.9584208661417323
20
0.6335560236220472
11
0.9591757480314961
21
0.6344263779527559
0
LINE
8
BLACK
6
CONTINUOUS
10
0.9591757480314961
20
0.6344263779527559
11
0.9594274409448819
21
0.6345522440944882
0
LINE
8
BLACK
6
CONTINUOUS
10
0.9594274409448819
20
0.6345522440944882
11
0.9592082283464567
21
0.6347714566929133
0
LINE
8
BLACK
6
CONTINUOUS
10
0.9592082283464567
20
0.6347714566929133
11
0.9546493700787402
21
0.6359111417322835
0
LINE
8
BLACK
6
CONTINUOUS
10
0.9546493700787402
20
0.6359111417322835
11
0.9457337401574802
21
0.6359111417322835
0
LINE
8
BLACK
6
CONTINUOUS
10
0.9457337401574802
20
0.6359111417322835
11
0.9411747637795276
21
0.6347714566929133
0
LINE
8
BLACK
6
CONTINUOUS
10
0.9663652755905512
20
0.665901811023622
11
0.9665301181102361
21
0.6650731496062992
0
LINE
8
BLACK
6
CONTINUOUS
10
0.9665301181102361
20
0.6650731496062992
11
0.9665301181102361
21
0.648875157480315
0
LINE
8
BLACK
6
CONTINUOUS
10
0.9665301181102361
20
0.648875157480315
11
0.9663652755905512
21
0.6480464960629921
0
LINE
8
BLACK
6
CONTINUOUS
10
0.9663652755905512
20
0.6480464960629921
11
0.9651934251968504
21
0.6468746456692913
0
LINE
8
BLACK
6
CONTINUOUS
10
0.9651934251968504
20
0.6468746456692913
11
0.9635361023622047
21
0.6468746456692913
0
LINE
8
BLACK
6
CONTINUOUS
10
0.9635361023622047
20
0.6468746456692913
11
0.9623642519685039
21
0.6480464960629921
0
LINE
8
BLACK
6
CONTINUOUS
10
0.9623642519685039
20
0.6480464960629921
11
0.9621994094488189
21
0.648875157480315
0
LINE
8
BLACK
6
CONTINUOUS
10
0.9621994094488189
20
0.648875157480315
11
0.9621994094488189
21
0.6548088188976378
0
LINE
8
BLACK
6
CONTINUOUS
10
0.9621994094488189
20
0.6548088188976378
11
0.942595748031496
21
0.6548088188976378
0
LINE
8
BLACK
6
CONTINUOUS
10
0.942595748031496
20
0.6548088188976378
11
0.944298622047244
21
0.6531059842519685
0
LINE
8
BLACK
6
CONTINUOUS
10
0.944298622047244
20
0.6531059842519685
11
0.9444914173228346
21
0.6528174015748032
0
LINE
8
BLACK
6
CONTINUOUS
10
0.9444914173228346
20
0.6528174015748032
11
0.9447042125984252
21
0.6525432283464567
0
LINE
8
BLACK
6
CONTINUOUS
10
0.9447042125984252
20
0.6525432283464567
11
0.946054094488189
21
0.6498435433070866
0
LINE
8
BLACK
6
CONTINUOUS
10
0.946054094488189
20
0.6498435433070866
11
0.9462772440944882
21
0.6490286220472441
0
LINE
8
BLACK
6
CONTINUOUS
10
0.9462772440944882
20
0.6490286220472441
11
0.9457531496062992
21
0.6474564173228347
0
LINE
8
BLACK
6
CONTINUOUS
10
0.9457531496062992
20
0.6474564173228347
11
0.9442707874015748
21
0.6467152362204724
0
LINE
8
BLACK
6
CONTINUOUS
10
0.9442707874015748
20
0.6467152362204724
11
0.9426986220472441
21
0.6472393307086614
0
LINE
8
BLACK
6
CONTINUOUS
10
0.9426986220472441
20
0.6472393307086614
11
0.9421805905511811
21
0.6479067716535433
0
LINE
8
BLACK
6
CONTINUOUS
10
0.9421805905511811
20
0.6479067716535433
11
0.940987874015748
21
0.6502922047244094
0
LINE
8
BLACK
6
CONTINUOUS
10
0.940987874015748
20
0.6502922047244094
11
0.9386883070866141
21
0.6525916929133858
0
LINE
8
BLACK
6
CONTINUOUS
10
0.9386883070866141
20
0.6525916929133858
11
0.9348171653543307
21
0.6551724803149607
0
LINE
8
BLACK
6
CONTINUOUS
10
0.9348171653543307
20
0.6551724803149607
11
0.9342191338582677
21
0.6557693307086614
0
LINE
8
BLACK
6
CONTINUOUS
10
0.9342191338582677
20
0.6557693307086614
11
0.9341753937007874
21
0.6559879133858267
0
LINE
8
BLACK
6
CONTINUOUS
10
0.9341753937007874
20
0.6559879133858267
11
0.9340177952755905
21
0.6561455118110237
0
LINE
8
BLACK
6
CONTINUOUS
10
0.9340177952755905
20
0.6561455118110237
11
0.9340177952755905
21
0.656776062992126
0
LINE
8
BLACK
6
CONTINUOUS
10
0.9340177952755905
20
0.656776062992126
11
0.9338941338582677
21
0.6573943700787401
0
LINE
8
BLACK
6
CONTINUOUS
10
0.9338941338582677
20
0.6573943700787401
11
0.9340177952755905
21
0.6575798818897638
0
LINE
8
BLACK
6
CONTINUOUS
10
0.9340177952755905
20
0.6575798818897638
11
0.9340177952755905
21
0.6578028346456692
0
LINE
8
BLACK
6
CONTINUOUS
10
0.9340177952755905
20
0.6578028346456692
11
0.9344637401574802
21
0.6582488188976378
0
LINE
8
BLACK
6
CONTINUOUS
10
0.9344637401574802
20
0.6582488188976378
11
0.9348134645669292
21
0.6587733464566929
0
LINE
8
BLACK
6
CONTINUOUS
10
0.9348134645669292
20
0.6587733464566929
11
0.9350320078740157
21
0.6588170866141733
0
LINE
8
BLACK
6
CONTINUOUS
10
0.9350320078740157
20
0.6588170866141733
11
0.9351896456692913
21
0.6589746850393701
0
LINE
8
BLACK
6
CONTINUOUS
10
0.9351896456692913
20
0.6589746850393701
11
0.9360183070866142
21
0.6591395275590551
0
LINE
8
BLACK
6
CONTINUOUS
10
0.9360183070866142
20
0.6591395275590551
11
0.9621994094488189
21
0.6591395275590551
0
LINE
8
BLACK
6
CONTINUOUS
10
0.9621994094488189
20
0.6591395275590551
11
0.9621994094488189
21
0.6650731496062992
0
LINE
8
BLACK
6
CONTINUOUS
10
0.9621994094488189
20
0.6650731496062992
11
0.9623642519685039
21
0.665901811023622
0
LINE
8
BLACK
6
CONTINUOUS
10
0.9623642519685039
20
0.665901811023622
11
0.9635361023622047
21
0.6670736614173228
0
LINE
8
BLACK
6
CONTINUOUS
10
0.9635361023622047
20
0.6670736614173228
11
0.9651934251968504
21
0.6670736614173228
0
LINE
8
BLACK
6
CONTINUOUS
10
0.9651934251968504
20
0.6670736614173228
11
0.9663652755905512
21
0.665901811023622
0
LINE
8
BLACK
6
CONTINUOUS
10
0.9778202362204724
20
0.7010312598425197
11
0.9788855905511811
21
0.699965905511811
0
LINE
8
BLACK
6
CONTINUOUS
10
0.9788855905511811
20
0.699965905511811
11
0.9790354330708662
21
0.6992125984251968
0
LINE
8
BLACK
6
CONTINUOUS
10
0.9790354330708662
20
0.6992125984251968
11
0.9790354330708662
21
0.5978346456692913
0
LINE
8
BLACK
6
CONTINUOUS
10
0.9790354330708662
20
0.5978346456692913
11
0.9788855905511811
21
0.5970813385826772
0
LINE
8
BLACK
6
CONTINUOUS
10
0.9788855905511811
20
0.5970813385826772
11
0.9788855905511811
21
0.5970812992125984
0
LINE
8
BLACK
6
CONTINUOUS
10
0.9788855905511811
20
0.5970812992125984
11
0.9784588582677165
21
0.5964426771653543
0
LINE
8
BLACK
6
CONTINUOUS
10
0.9784588582677165
20
0.5964426771653543
11
0.9656635826771653
21
0.5836474409448819
0
LINE
8
BLACK
6
CONTINUOUS
10
0.9656635826771653
20
0.5836474409448819
11
0.9650249606299213
21
0.5832207086614173
0
LINE
8
BLACK
6
CONTINUOUS
10
0.9650249606299213
20
0.5832207086614173
11
0.964271653543307
21
0.5830708661417323
0
LINE
8
BLACK
6
CONTINUOUS
10
0.964271653543307
20
0.5830708661417323
11
0.9258858267716535
21
0.5830708661417323
0
LINE
8
BLACK
6
CONTINUOUS
10
0.9258858267716535
20
0.5830708661417323
11
0.9251325196850394
21
0.5832207086614173
0
LINE
8
BLACK
6
CONTINUOUS
10
0.9251325196850394
20
0.5832207086614173
11
0.9240671653543306
21
0.5842860629921259
0
LINE
8
BLACK
6
CONTINUOUS
10
0.9240671653543306
20
0.5842860629921259
11
0.9239173228346457
21
0.5850393700787402
0
LINE
8
BLACK
6
CONTINUOUS
10
0.9239173228346457
20
0.5850393700787402
11
0.9239173228346457
21
0.5946356692913386
0
LINE
8
BLACK
6
CONTINUOUS
10
0.9239173228346457
20
0.5946356692913386
11
0.9238896850393701
21
0.5946116929133858
0
LINE
8
BLACK
6
CONTINUOUS
10
0.9238896850393701
20
0.5946116929133858
11
0.923703937007874
21
0.59438531496063
0
LINE
8
BLACK
6
CONTINUOUS
10
0.923703937007874
20
0.59438531496063
11
0.9218292125984252
21
0.5925105511811023
0
LINE
8
BLACK
6
CONTINUOUS
10
0.9218292125984252
20
0.5925105511811023
11
0.9216028346456693
21
0.5923248031496063
0
LINE
8
BLACK
6
CONTINUOUS
10
0.9216028346456693
20
0.5923248031496063
11
0.921551653543307
21
0.592265748031496
0
LINE
8
BLACK
6
CONTINUOUS
10
0.921551653543307
20
0.592265748031496
11
0.9214626771653543
21
0.5922097637795275
0
LINE
8
BLACK
6
CONTINUOUS
10
0.9214626771653543
20
0.5922097637795275
11
0.9213817322834645
21
0.5921433070866141
0
LINE
8
BLACK
6
CONTINUOUS
10
0.9213817322834645
20
0.5921433070866141
11
0.9213097637795276
21
0.5921135039370079
0
LINE
8
BLACK
6
CONTINUOUS
10
0.9213097637795276
20
0.5921135039370079
11
0.9210617716535433
21
0.5919574015748031
0
LINE
8
BLACK
6
CONTINUOUS
10
0.9210617716535433
20
0.5919574015748031
11
0.9173122440944882
21
0.5900826377952756
0
LINE
8
BLACK
6
CONTINUOUS
10
0.9173122440944882
20
0.5900826377952756
11
0.9167716141732283
21
0.589875748031496
0
LINE
8
BLACK
6
CONTINUOUS
10
0.9167716141732283
20
0.589875748031496
11
0.9166657874015748
21
0.5898682677165354
0
LINE
8
BLACK
6
CONTINUOUS
10
0.9166657874015748
20
0.5898682677165354
11
0.9165677952755905
21
0.5898276377952756
0
LINE
8
BLACK
6
CONTINUOUS
10
0.9165677952755905
20
0.5898276377952756
11
0.9159917322834645
21
0.589770905511811
0
LINE
8
BLACK
6
CONTINUOUS
10
0.9159917322834645
20
0.589770905511811
11
0.9047431496062992
21
0.589770905511811
0
LINE
8
BLACK
6
CONTINUOUS
10
0.9047431496062992
20
0.589770905511811
11
0.9041670866141732
21
0.5898276377952756
0
LINE
8
BLACK
6
CONTINUOUS
10
0.9041670866141732
20
0.5898276377952756
11
0.904069094488189
21
0.5898682283464567
0
LINE
8
BLACK
6
CONTINUOUS
10
0.904069094488189
20
0.5898682283464567
11
0.9039632283464567
21
0.589875748031496
0
LINE
8
BLACK
6
CONTINUOUS
10
0.9039632283464567
20
0.589875748031496
11
0.9034226377952755
21
0.5900826377952756
0
LINE
8
BLACK
6
CONTINUOUS
10
0.9034226377952755
20
0.5900826377952756
11
0.8996731102362204
21
0.5919574015748031
0
LINE
8
BLACK
6
CONTINUOUS
10
0.8996731102362204
20
0.5919574015748031
11
0.8994250787401574
21
0.5921135039370079
0
LINE
8
BLACK
6
CONTINUOUS
10
0.8994250787401574
20
0.5921135039370079
11
0.8993531496062992
21
0.5921433070866141
0
LINE
8
BLACK
6
CONTINUOUS
10
0.8993531496062992
20
0.5921433070866141
11
0.8992721653543307
21
0.5922097637795275
0
LINE
8
BLACK
6
CONTINUOUS
10
0.8992721653543307
20
0.5922097637795275
11
0.8991832283464567
21
0.592265748031496
0
LINE
8
BLACK
6
CONTINUOUS
10
0.8991832283464567
20
0.592265748031496
11
0.8991320078740157
21
0.5923248031496063
0
LINE
8
BLACK
6
CONTINUOUS
10
0.8991320078740157
20
0.5923248031496063
11
0.8989056692913385
21
0.5925105511811023
0
LINE
8
BLACK
6
CONTINUOUS
10
0.8989056692913385
20
0.5925105511811023
11
0.897030905511811
21
0.5943853543307086
0
LINE
8
BLACK
6
CONTINUOUS
10
0.897030905511811
20
0.5943853543307086
11
0.8966637007874015
21
0.5948327952755905
0
LINE
8
BLACK
6
CONTINUOUS
10
0.8966637007874015
20
0.5948327952755905
11
0.8962228346456693
21
0.5958972047244094
0
LINE
8
BLACK
6
CONTINUOUS
10
0.8962228346456693
20
0.5958972047244094
11
0.8962228346456693
21
0.5970492913385826
0
LINE
8
BLACK
6
CONTINUOUS
10
0.8962228346456693
20
0.5970492913385826
11
0.8966637401574803
21
0.5981137007874016
0
LINE
8
BLACK
6
CONTINUOUS
10
0.8966637401574803
20
0.5981137007874016
11
0.8974784251968504
21
0.5989283858267717
0
LINE
8
BLACK
6
CONTINUOUS
10
0.8974784251968504
20
0.5989283858267717
11
0.8985428346456693
21
0.5993692519685039
0
LINE
8
BLACK
6
CONTINUOUS
10
0.8985428346456693
20
0.5993692519685039
11
0.8996949212598425
21
0.5993692519685039
0
LINE
8
BLACK
6
CONTINUOUS
10
0.8996949212598425
20
0.5993692519685039
11
0.9007593307086614
21
0.5989283464566929
0
LINE
8
BLACK
6
CONTINUOUS
10
0.9007593307086614
20
0.5989283464566929
11
0.901206811023622
21
0.5985611023622047
0
LINE
8
BLACK
6
CONTINUOUS
10
0.901206811023622
20
0.5985611023622047
11
0.902742716535433
21
0.5970251574803149
0
LINE
8
BLACK
6
CONTINUOUS
10
0.902742716535433
20
0.5970251574803149
11
0.9054401968503937
21
0.5956764173228346
0
LINE
8
BLACK
6
CONTINUOUS
10
0.9054401968503937
20
0.5956764173228346
11
0.9152946850393701
21
0.5956764173228346
0
LINE
8
BLACK
6
CONTINUOUS
10
0.9152946850393701
20
0.5956764173228346
11
0.9179921259842519
21
0.5970251574803149
0
LINE
8
BLACK
6
CONTINUOUS
10
0.9179921259842519
20
0.5970251574803149
11
0.9191892519685039
21
0.5982223228346456
0
LINE
8
BLACK
6
CONTINUOUS
10
0.9191892519685039
20
0.5982223228346456
11
0.9205380314960629
21
0.6009198031496062
0
LINE
8
BLACK
6
CONTINUOUS
10
0.9205380314960629
20
0.6009198031496062
11
0.9205380314960629
21
0.6088995275590551
0
LINE
8
BLACK
6
CONTINUOUS
10
0.9205380314960629
20
0.6088995275590551
11
0.9191892913385826
21
0.6115970078740157
0
LINE
8
BLACK
6
CONTINUOUS
10
0.9191892913385826
20
0.6115970078740157
11
0.9179921653543307
21
0.6127941338582678
0
LINE
8
BLACK
6
CONTINUOUS
10
0.9179921653543307
20
0.6127941338582678
11
0.9152946850393701
21
0.614142874015748
0
LINE
8
BLACK
6
CONTINUOUS
10
0.9152946850393701
20
0.614142874015748
11
0.9103674409448819
21
0.614142874015748
0
LINE
8
BLACK
6
CONTINUOUS
10
0.9103674409448819
20
0.614142874015748
11
0.9100627559055118
21
0.6141729133858268
0
LINE
8
BLACK
6
CONTINUOUS
10
0.9100627559055118
20
0.6141729133858268
11
0.90998531496063
21
0.614167716535433
0
LINE
8
BLACK
6
CONTINUOUS
10
0.90998531496063
20
0.614167716535433
11
0.9099319291338582
21
0.6141857874015748
0
LINE
8
BLACK
6
CONTINUOUS
10
0.9099319291338582
20
0.6141857874015748
11
0.9097913779527559
21
0.6141996062992126
0
LINE
8
BLACK
6
CONTINUOUS
10
0.9097913779527559
20
0.6141996062992126
11
0.9093481496062992
21
0.6143832283464566
0
LINE
8
BLACK
6
CONTINUOUS
10
0.9093481496062992
20
0.6143832283464566
11
0.908893937007874
21
0.614536811023622
0
LINE
8
BLACK
6
CONTINUOUS
10
0.908893937007874
20
0.614536811023622
11
0.908818937007874
21
0.6146024015748032
0
LINE
8
BLACK
6
CONTINUOUS
10
0.908818937007874
20
0.6146024015748032
11
0.908726968503937
21
0.6146405118110236
0
LINE
8
BLACK
6
CONTINUOUS
10
0.908726968503937
20
0.6146405118110236
11
0.9083879527559054
21
0.6149795275590551
0
LINE
8
BLACK
6
CONTINUOUS
10
0.9083879527559054
20
0.6149795275590551
11
0.9080268503937008
21
0.6152954724409448
0
LINE
8
BLACK
6
CONTINUOUS
10
0.9080268503937008
20
0.6152954724409448
11
0.9079826377952755
21
0.6153848425196851
0
LINE
8
BLACK
6
CONTINUOUS
10
0.9079826377952755
20
0.6153848425196851
11
0.9079123228346456
21
0.615455157480315
0
LINE
8
BLACK
6
CONTINUOUS
10
0.9079123228346456
20
0.615455157480315
11
0.9077288188976378
21
0.6158981102362204
0
LINE
8
BLACK
6
CONTINUOUS
10
0.9077288188976378
20
0.6158981102362204
11
0.9075161417322835
21
0.6163282283464567
0
LINE
8
BLACK
6
CONTINUOUS
10
0.9075161417322835
20
0.6163282283464567
11
0.9075094881889764
21
0.6164275984251968
0
LINE
8
BLACK
6
CONTINUOUS
10
0.9075094881889764
20
0.6164275984251968
11
0.9074714173228347
21
0.6165195669291338
0
LINE
8
BLACK
6
CONTINUOUS
10
0.9074714173228347
20
0.6165195669291338
11
0.9074714173228347
21
0.6169992913385827
0
LINE
8
BLACK
6
CONTINUOUS
10
0.9074714173228347
20
0.6169992913385827
11
0.9074395275590551
21
0.6174777559055118
0
LINE
8
BLACK
6
CONTINUOUS
10
0.9074395275590551
20
0.6174777559055118
11
0.9074714173228347
21
0.6175720866141732
0
LINE
8
BLACK
6
CONTINUOUS
10
0.9074714173228347
20
0.6175720866141732
11
0.9074714173228347
21
0.6176716929133859
0
LINE
8
BLACK
6
CONTINUOUS
10
0.9074714173228347
20
0.6176716929133859
11
0.907655
21
0.6181149212598425
0
LINE
8
BLACK
6
CONTINUOUS
10
0.907655
20
0.6181149212598425
11
0.9078086220472441
21
0.6185691338582677
0
LINE
8
BLACK
6
CONTINUOUS
10
0.9078086220472441
20
0.6185691338582677
11
0.9078907086614173
21
0.6186840157480314
0
LINE
8
BLACK
6
CONTINUOUS
10
0.9078907086614173
20
0.6186840157480314
11
0.9079123228346456
21
0.6187361023622047
0
LINE
8
BLACK
6
CONTINUOUS
10
0.9079123228346456
20
0.6187361023622047
11
0.9079672440944881
21
0.6187910629921259
0
LINE
8
BLACK
6
CONTINUOUS
10
0.9079672440944881
20
0.6187910629921259
11
0.9081452755905511
21
0.6190400393700787
0
LINE
8
BLACK
6
CONTINUOUS
10
0.9081452755905511
20
0.6190400393700787
11
0.916983622047244
21
0.6291409842519685
0
LINE
8
BLACK
6
CONTINUOUS
10
0.916983622047244
20
0.6291409842519685
11
0.8991188582677165
21
0.6291409842519685
0
LINE
8
BLACK
6
CONTINUOUS
10
0.8991188582677165
20
0.6291409842519685
11
0.8985427952755906
21
0.6291977165354331
0
LINE
8
BLACK
6
CONTINUOUS
10
0.8985427952755906
20
0.6291977165354331
11
0.8974783858267716
21
0.6296386220472441
0
LINE
8
BLACK
6
CONTINUOUS
10
0.8974783858267716
20
0.6296386220472441
11
0.8966637401574803
21
0.6304532677165354
0
LINE
8
BLACK
6
CONTINUOUS
10
0.8966637401574803
20
0.6304532677165354
11
0.8962228346456693
21
0.6315176771653543
0
LINE
8
BLACK
6
CONTINUOUS
10
0.8962228346456693
20
0.6315176771653543
11
0.8962228346456693
21
0.6326698031496063
0
LINE
8
BLACK
6
CONTINUOUS
10
0.8962228346456693
20
0.6326698031496063
11
0.8966637401574803
21
0.6337342125984252
0
LINE
8
BLACK
6
CONTINUOUS
10
0.8966637401574803
20
0.6337342125984252
11
0.8974783858267716
21
0.6345488582677166
0
LINE
8
BLACK
6
CONTINUOUS
10
0.8974783858267716
20
0.6345488582677166
11
0.8985427952755906
21
0.6349897637795275
0
LINE
8
BLACK
6
CONTINUOUS
10
0.8985427952755906
20
0.6349897637795275
11
0.8991188582677165
21
0.6350464960629921
0
LINE
8
BLACK
6
CONTINUOUS
10
0.8991188582677165
20
0.6350464960629921
11
0.9234907874015748
21
0.6350464960629921
0
LINE
8
BLACK
6
CONTINUOUS
10
0.9234907874015748
20
0.6350464960629921
11
0.9237954330708661
21
0.6350164960629922
0
LINE
8
BLACK
6
CONTINUOUS
10
0.9237954330708661
20
0.6350164960629922
11
0.9238729133858268
21
0.6350216535433071
0
LINE
8
BLACK
6
CONTINUOUS
10
0.9238729133858268
20
0.6350216535433071
11
0.9239173228346457
21
0.6350066535433071
0
LINE
8
BLACK
6
CONTINUOUS
10
0.9239173228346457
20
0.6350066535433071
11
0.9239173228346457
21
0.6992125984251968
0
LINE
8
BLACK
6
CONTINUOUS
10
0.9239173228346457
20
0.6992125984251968
11
0.9240671653543306
21
0.699965905511811
0
LINE
8
BLACK
6
CONTINUOUS
10
0.9240671653543306
20
0.699965905511811
11
0.9251325196850394
21
0.7010312598425197
0
LINE
8
BLACK
6
CONTINUOUS
10
0.9251325196850394
20
0.7010312598425197
11
0.9258858267716535
21
0.7011811023622047
0
LINE
8
BLACK
6
CONTINUOUS
10
0.9258858267716535
20
0.7011811023622047
11
0.9770669291338583
21
0.7011811023622047
0
LINE
8
BLACK
6
CONTINUOUS
10
0.9770669291338583
20
0.7011811023622047
11
0.9778202362204724
21
0.7010312598425197
0
LINE
8
BLACK
6
CONTINUOUS
10
0.9278543307086614
20
0.6972440944881889
11
0.9278543307086614
21
0.5870078740157481
0
LINE
8
BLACK
6
CONTINUOUS
10
0.9278543307086614
20
0.5870078740157481
11
0.9634562992125985
21
0.5870078740157481
0
LINE
8
BLACK
6
CONTINUOUS
10
0.9634562992125985
20
0.5870078740157481
11
0.9750984251968504
21
0.5986500393700788
0
LINE
8
BLACK
6
CONTINUOUS
10
0.9750984251968504
20
0.5986500393700788
11
0.9750984251968504
21
0.6972440944881889
0
LINE
8
BLACK
6
CONTINUOUS
10
0.9750984251968504
20
0.6972440944881889
11
0.9278543307086614
21
0.6972440944881889
0
LINE
8
BLACK
6
CONTINUOUS
10
0.9167800393700787
20
0.61994031496063
11
0.9173122440944882
21
0.6197366535433071
0
LINE
8
BLACK
6
CONTINUOUS
10
0.9173122440944882
20
0.6197366535433071
11
0.9210617716535433
21
0.6178618897637795
0
LINE
8
BLACK
6
CONTINUOUS
10
0.9210617716535433
20
0.6178618897637795
11
0.9213097637795276
21
0.6177058267716535
0
LINE
8
BLACK
6
CONTINUOUS
10
0.9213097637795276
20
0.6177058267716535
11
0.9213817322834645
21
0.6176759842519685
0
LINE
8
BLACK
6
CONTINUOUS
10
0.9213817322834645
20
0.6176759842519685
11
0.9214626771653543
21
0.6176095275590551
0
LINE
8
BLACK
6
CONTINUOUS
10
0.9214626771653543
20
0.6176095275590551
11
0.921551653543307
21
0.6175535433070866
0
LINE
8
BLACK
6
CONTINUOUS
10
0.921551653543307
20
0.6175535433070866
11
0.9216027952755905
21
0.6174945669291338
0
LINE
8
BLACK
6
CONTINUOUS
10
0.9216027952755905
20
0.6174945669291338
11
0.9218291732283465
21
0.617308779527559
0
LINE
8
BLACK
6
CONTINUOUS
10
0.9218291732283465
20
0.617308779527559
11
0.923703937007874
21
0.6154340157480315
0
LINE
8
BLACK
6
CONTINUOUS
10
0.923703937007874
20
0.6154340157480315
11
0.9238896850393701
21
0.6152076771653543
0
LINE
8
BLACK
6
CONTINUOUS
10
0.9238896850393701
20
0.6152076771653543
11
0.9239173228346457
21
0.6151837401574803
0
LINE
8
BLACK
6
CONTINUOUS
10
0.9239173228346457
20
0.6151837401574803
11
0.9239173228346457
21
0.6280972047244094
0
LINE
8
BLACK
6
CONTINUOUS
10
0.9239173228346457
20
0.6280972047244094
11
0.9167800393700787
21
0.61994031496063
0
LINE
8
BLACK
6
CONTINUOUS
10
0.6519334251968504
20
0.6349897637795275
11
0.6522258267716535
21
0.6349897637795275
0
LINE
8
BLACK
6
CONTINUOUS
10
0.6522258267716535
20
0.6349897637795275
11
0.6524930708661417
21
0.6348790551181103
0
LINE
8
BLACK
6
CONTINUOUS
10
0.6524930708661417
20
0.6348790551181103
11
0.6527768897637796
21
0.6348229133858267
0
LINE
8
BLACK
6
CONTINUOUS
10
0.6527768897637796
20
0.6348229133858267
11
0.6530201574803149
21
0.6346607480314961
0
LINE
8
BLACK
6
CONTINUOUS
10
0.6530201574803149
20
0.6346607480314961
11
0.6532902362204724
21
0.6345488582677166
0
LINE
8
BLACK
6
CONTINUOUS
10
0.6532902362204724
20
0.6345488582677166
11
0.65349468503937
21
0.6343444094488189
0
LINE
8
BLACK
6
CONTINUOUS
10
0.65349468503937
20
0.6343444094488189
11
0.6537355118110236
21
0.6341838582677165
0
LINE
8
BLACK
6
CONTINUOUS
10
0.6537355118110236
20
0.6341838582677165
11
0.6538982283464567
21
0.6339408661417323
0
LINE
8
BLACK
6
CONTINUOUS
10
0.6538982283464567
20
0.6339408661417323
11
0.6541048818897638
21
0.6337342125984252
0
LINE
8
BLACK
6
CONTINUOUS
10
0.6541048818897638
20
0.6337342125984252
11
0.6542155511811023
21
0.6334670078740158
0
LINE
8
BLACK
6
CONTINUOUS
10
0.6542155511811023
20
0.6334670078740158
11
0.6543765748031496
21
0.6332265748031496
0
LINE
8
BLACK
6
CONTINUOUS
10
0.6543765748031496
20
0.6332265748031496
11
0.6544338976377952
21
0.6329399212598426
0
LINE
8
BLACK
6
CONTINUOUS
10
0.6544338976377952
20
0.6329399212598426
11
0.6545457874015748
21
0.6326698031496063
0
LINE
8
BLACK
6
CONTINUOUS
10
0.6545457874015748
20
0.6326698031496063
11
0.6546018897637795
21
0.6320998818897637
0
LINE
8
BLACK
6
CONTINUOUS
10
0.6546018897637795
20
0.6320998818897637
11
0.6546025196850394
21
0.6320968503937008
0
LINE
8
BLACK
6
CONTINUOUS
10
0.6546025196850394
20
0.6320968503937008
11
0.6546022834645669
21
0.6320958267716535
0
LINE
8
BLACK
6
CONTINUOUS
10
0.6546022834645669
20
0.6320958267716535
11
0.6546025196850394
21
0.6320937401574803
0
LINE
8
BLACK
6
CONTINUOUS
10
0.6546025196850394
20
0.6320937401574803
11
0.6546025196850394
21
0.5956764173228346
0
LINE
8
BLACK
6
CONTINUOUS
10
0.6546025196850394
20
0.5956764173228346
11
0.6628983464566929
21
0.5956764173228346
0
LINE
8
BLACK
6
CONTINUOUS
10
0.6628983464566929
20
0.5956764173228346
11
0.6634744094488189
21
0.59561968503937
0
LINE
8
BLACK
6
CONTINUOUS
10
0.6634744094488189
20
0.59561968503937
11
0.6645388188976378
21
0.595178779527559
0
LINE
8
BLACK
6
CONTINUOUS
10
0.6645388188976378
20
0.595178779527559
11
0.6653534645669291
21
0.5943641338582677
0
LINE
8
BLACK
6
CONTINUOUS
10
0.6653534645669291
20
0.5943641338582677
11
0.6657943700787401
21
0.5932997244094488
0
LINE
8
BLACK
6
CONTINUOUS
10
0.6657943700787401
20
0.5932997244094488
11
0.6657943700787401
21
0.5921475984251968
0
LINE
8
BLACK
6
CONTINUOUS
10
0.6657943700787401
20
0.5921475984251968
11
0.6653534645669291
21
0.5910831889763779
0
LINE
8
BLACK
6
CONTINUOUS
10
0.6653534645669291
20
0.5910831889763779
11
0.6645388188976378
21
0.5902685433070866
0
LINE
8
BLACK
6
CONTINUOUS
10
0.6645388188976378
20
0.5902685433070866
11
0.6634744094488189
21
0.5898276377952756
0
LINE
8
BLACK
6
CONTINUOUS
10
0.6634744094488189
20
0.5898276377952756
11
0.6628983464566929
21
0.589770905511811
0
LINE
8
BLACK
6
CONTINUOUS
10
0.6628983464566929
20
0.589770905511811
11
0.6404011811023622
21
0.589770905511811
0
LINE
8
BLACK
6
CONTINUOUS
10
0.6404011811023622
20
0.589770905511811
11
0.6398251181102362
21
0.5898276377952756
0
LINE
8
BLACK
6
CONTINUOUS
10
0.6398251181102362
20
0.5898276377952756
11
0.6387607086614173
21
0.5902685433070866
0
LINE
8
BLACK
6
CONTINUOUS
10
0.6387607086614173
20
0.5902685433070866
11
0.637946062992126
21
0.5910831889763779
0
LINE
8
BLACK
6
CONTINUOUS
10
0.637946062992126
20
0.5910831889763779
11
0.637505157480315
21
0.5921475984251968
0
LINE
8
BLACK
6
CONTINUOUS
10
0.637505157480315
20
0.5921475984251968
11
0.637505157480315
21
0.5932997244094488
0
LINE
8
BLACK
6
CONTINUOUS
10
0.637505157480315
20
0.5932997244094488
11
0.637946062992126
21
0.5943641338582677
0
LINE
8
BLACK
6
CONTINUOUS
10
0.637946062992126
20
0.5943641338582677
11
0.6387607086614173
21
0.595178779527559
0
LINE
8
BLACK
6
CONTINUOUS
10
0.6387607086614173
20
0.595178779527559
11
0.6398251181102362
21
0.59561968503937
0
LINE
8
BLACK
6
CONTINUOUS
10
0.6398251181102362
20
0.59561968503937
11
0.6404011811023622
21
0.5956764173228346
0
LINE
8
BLACK
6
CONTINUOUS
10
0.6404011811023622
20
0.5956764173228346
11
0.6486970078740157
21
0.5956764173228346
0
LINE
8
BLACK
6
CONTINUOUS
10
0.6486970078740157
20
0.5956764173228346
11
0.6486970078740157
21
0.6230903937007873
0
LINE
8
BLACK
6
CONTINUOUS
10
0.6486970078740157
20
0.6230903937007873
11
0.646238622047244
21
0.6206320078740157
0
LINE
8
BLACK
6
CONTINUOUS
10
0.646238622047244
20
0.6206320078740157
11
0.6460122440944882
21
0.6204462598425197
0
LINE
8
BLACK
6
CONTINUOUS
10
0.6460122440944882
20
0.6204462598425197
11
0.6459611023622047
21
0.6203872440944882
0
LINE
8
BLACK
6
CONTINUOUS
10
0.6459611023622047
20
0.6203872440944882
11
0.6458721259842519
21
0.6203312992125984
0
LINE
8
BLACK
6
CONTINUOUS
10
0.6458721259842519
20
0.6203312992125984
11
0.6457911811023622
21
0.6202648031496063
0
LINE
8
BLACK
6
CONTINUOUS
10
0.6457911811023622
20
0.6202648031496063
11
0.6457192125984251
21
0.620235
0
LINE
8
BLACK
6
CONTINUOUS
10
0.6457192125984251
20
0.620235
11
0.6454712204724409
21
0.6200788976377952
0
LINE
8
BLACK
6
CONTINUOUS
10
0.6454712204724409
20
0.6200788976377952
11
0.6417216929133858
21
0.6182041338582677
0
LINE
8
BLACK
6
CONTINUOUS
10
0.6417216929133858
20
0.6182041338582677
11
0.641181062992126
21
0.6179972440944882
0
LINE
8
BLACK
6
CONTINUOUS
10
0.641181062992126
20
0.6179972440944882
11
0.6400318503937008
21
0.6179155905511811
0
LINE
8
BLACK
6
CONTINUOUS
10
0.6400318503937008
20
0.6179155905511811
11
0.6389388976377952
21
0.6182799212598425
0
LINE
8
BLACK
6
CONTINUOUS
10
0.6389388976377952
20
0.6182799212598425
11
0.6380685039370079
21
0.6190347637795276
0
LINE
8
BLACK
6
CONTINUOUS
10
0.6380685039370079
20
0.6190347637795276
11
0.6375532677165354
21
0.6200652755905511
0
LINE
8
BLACK
6
CONTINUOUS
10
0.6375532677165354
20
0.6200652755905511
11
0.6374716141732283
21
0.6212144881889764
0
LINE
8
BLACK
6
CONTINUOUS
10
0.6374716141732283
20
0.6212144881889764
11
0.6378359448818898
21
0.6223074409448819
0
LINE
8
BLACK
6
CONTINUOUS
10
0.6378359448818898
20
0.6223074409448819
11
0.6385907874015748
21
0.6231778346456692
0
LINE
8
BLACK
6
CONTINUOUS
10
0.6385907874015748
20
0.6231778346456692
11
0.6390806692913386
21
0.6234861811023622
0
LINE
8
BLACK
6
CONTINUOUS
10
0.6390806692913386
20
0.6234861811023622
11
0.6424016141732284
21
0.6251466535433071
0
LINE
8
BLACK
6
CONTINUOUS
10
0.6424016141732284
20
0.6251466535433071
11
0.6456055118110237
21
0.6283505511811024
0
LINE
8
BLACK
6
CONTINUOUS
10
0.6456055118110237
20
0.6283505511811024
11
0.6491929133858267
21
0.6337316535433071
0
LINE
8
BLACK
6
CONTINUOUS
10
0.6491929133858267
20
0.6337316535433071
11
0.6491942519685039
21
0.6337333464566929
0
LINE
8
BLACK
6
CONTINUOUS
10
0.6491942519685039
20
0.6337333464566929
11
0.6491946456692913
21
0.6337342125984252
0
LINE
8
BLACK
6
CONTINUOUS
10
0.6491946456692913
20
0.6337342125984252
11
0.649196653543307
21
0.6337362598425197
0
LINE
8
BLACK
6
CONTINUOUS
10
0.649196653543307
20
0.6337362598425197
11
0.6495596850393701
21
0.6341794881889764
0
LINE
8
BLACK
6
CONTINUOUS
10
0.6495596850393701
20
0.6341794881889764
11
0.6498025590551181
21
0.6343421653543307
0
LINE
8
BLACK
6
CONTINUOUS
10
0.6498025590551181
20
0.6343421653543307
11
0.6500092913385827
21
0.6345488582677166
0
LINE
8
BLACK
6
CONTINUOUS
10
0.6500092913385827
20
0.6345488582677166
11
0.6502765748031496
21
0.6346596062992126
0
LINE
8
BLACK
6
CONTINUOUS
10
0.6502765748031496
20
0.6346596062992126
11
0.650516968503937
21
0.6348205511811024
0
LINE
8
BLACK
6
CONTINUOUS
10
0.650516968503937
20
0.6348205511811024
11
0.6508035826771653
21
0.6348779133858268
0
LINE
8
BLACK
6
CONTINUOUS
10
0.6508035826771653
20
0.6348779133858268
11
0.6510737007874016
21
0.6349897637795275
0
LINE
8
BLACK
6
CONTINUOUS
10
0.6510737007874016
20
0.6349897637795275
11
0.6513629921259843
21
0.6349897637795275
0
LINE
8
BLACK
6
CONTINUOUS
10
0.6513629921259843
20
0.6349897637795275
11
0.6516466535433071
21
0.6350464960629921
0
LINE
8
BLACK
6
CONTINUOUS
10
0.6516466535433071
20
0.6350464960629921
11
0.6519334251968504
21
0.6349897637795275
0
LINE
8
BLACK
6
CONTINUOUS
10
0.691595905511811
20
0.6349897637795275
11
0.6916938976377952
21
0.6349491732283464
0
LINE
8
BLACK
6
CONTINUOUS
10
0.6916938976377952
20
0.6349491732283464
11
0.6917997244094488
21
0.6349416535433071
0
LINE
8
BLACK
6
CONTINUOUS
10
0.6917997244094488
20
0.6349416535433071
11
0.6923403543307086
21
0.6347347637795275
0
LINE
8
BLACK
6
CONTINUOUS
10
0.6923403543307086
20
0.6347347637795275
11
0.6960898818897637
21
0.63286
0
LINE
8
BLACK
6
CONTINUOUS
10
0.6960898818897637
20
0.63286
11
0.696337874015748
21
0.632703937007874
0
LINE
8
BLACK
6
CONTINUOUS
10
0.696337874015748
20
0.632703937007874
11
0.6964098425196851
21
0.632674094488189
0
LINE
8
BLACK
6
CONTINUOUS
10
0.6964098425196851
20
0.632674094488189
11
0.6964907874015748
21
0.6326076377952756
0
LINE
8
BLACK
6
CONTINUOUS
10
0.6964907874015748
20
0.6326076377952756
11
0.6965797637795276
21
0.6325516535433071
0
LINE
8
BLACK
6
CONTINUOUS
10
0.6965797637795276
20
0.6325516535433071
11
0.6966309055118111
21
0.6324926771653543
0
LINE
8
BLACK
6
CONTINUOUS
10
0.6966309055118111
20
0.6324926771653543
11
0.6968572834645669
21
0.6323068897637795
0
LINE
8
BLACK
6
CONTINUOUS
10
0.6968572834645669
20
0.6323068897637795
11
0.6987320472440944
21
0.6304321259842519
0
LINE
8
BLACK
6
CONTINUOUS
10
0.6987320472440944
20
0.6304321259842519
11
0.6989177952755905
21
0.6302057874015747
0
LINE
8
BLACK
6
CONTINUOUS
10
0.6989177952755905
20
0.6302057874015747
11
0.6989768110236221
21
0.6301546062992126
0
LINE
8
BLACK
6
CONTINUOUS
10
0.6989768110236221
20
0.6301546062992126
11
0.6990327559055118
21
0.6300656692913386
0
LINE
8
BLACK
6
CONTINUOUS
10
0.6990327559055118
20
0.6300656692913386
11
0.699099251968504
21
0.6299846850393701
0
LINE
8
BLACK
6
CONTINUOUS
10
0.699099251968504
20
0.6299846850393701
11
0.6991290551181102
21
0.6299127559055118
0
LINE
8
BLACK
6
CONTINUOUS
10
0.6991290551181102
20
0.6299127559055118
11
0.6992851574803149
21
0.6296647244094488
0
LINE
8
BLACK
6
CONTINUOUS
10
0.6992851574803149
20
0.6296647244094488
11
0.7011599212598425
21
0.6259151968503937
0
LINE
8
BLACK
6
CONTINUOUS
10
0.7011599212598425
20
0.6259151968503937
11
0.7011760236220472
21
0.6258731102362205
0
LINE
8
BLACK
6
CONTINUOUS
10
0.7011760236220472
20
0.6258731102362205
11
0.7011887401574803
21
0.6258559448818898
0
LINE
8
BLACK
6
CONTINUOUS
10
0.7011887401574803
20
0.6258559448818898
11
0.7012750393700787
21
0.6256143700787401
0
LINE
8
BLACK
6
CONTINUOUS
10
0.7012750393700787
20
0.6256143700787401
11
0.7013668110236221
21
0.6253746062992126
0
LINE
8
BLACK
6
CONTINUOUS
10
0.7013668110236221
20
0.6253746062992126
11
0.7013683070866141
21
0.6253533464566929
0
LINE
8
BLACK
6
CONTINUOUS
10
0.7013683070866141
20
0.6253533464566929
11
0.7013835039370079
21
0.6253108267716535
0
LINE
8
BLACK
6
CONTINUOUS
10
0.7013835039370079
20
0.6253108267716535
11
0.7032582677165354
21
0.6178117716535433
0
LINE
8
BLACK
6
CONTINUOUS
10
0.7032582677165354
20
0.6178117716535433
11
0.703273031496063
21
0.6177119291338583
0
LINE
8
BLACK
6
CONTINUOUS
10
0.703273031496063
20
0.6177119291338583
11
0.7032896850393701
21
0.6176716929133859
0
LINE
8
BLACK
6
CONTINUOUS
10
0.7032896850393701
20
0.6176716929133859
11
0.7033110236220472
21
0.6174546850393701
0
LINE
8
BLACK
6
CONTINUOUS
10
0.7033110236220472
20
0.6174546850393701
11
0.7033429133858268
21
0.6172391732283464
0
LINE
8
BLACK
6
CONTINUOUS
10
0.7033429133858268
20
0.6172391732283464
11
0.7033364960629921
21
0.6171961811023622
0
LINE
8
BLACK
6
CONTINUOUS
10
0.7033364960629921
20
0.6171961811023622
11
0.7033464173228346
21
0.6170956299212599
0
LINE
8
BLACK
6
CONTINUOUS
10
0.7033464173228346
20
0.6170956299212599
11
0.7033464173228346
21
0.607721811023622
0
LINE
8
BLACK
6
CONTINUOUS
10
0.7033464173228346
20
0.607721811023622
11
0.7033364960629921
21
0.6076212992125984
0
LINE
8
BLACK
6
CONTINUOUS
10
0.7033364960629921
20
0.6076212992125984
11
0.7033429133858268
21
0.6075782677165354
0
LINE
8
BLACK
6
CONTINUOUS
10
0.7033429133858268
20
0.6075782677165354
11
0.7033110236220472
21
0.6073627952755906
0
LINE
8
BLACK
6
CONTINUOUS
10
0.7033110236220472
20
0.6073627952755906
11
0.7032896850393701
21
0.607145748031496
0
LINE
8
BLACK
6
CONTINUOUS
10
0.7032896850393701
20
0.607145748031496
11
0.703273031496063
21
0.6071055511811023
0
LINE
8
BLACK
6
CONTINUOUS
10
0.703273031496063
20
0.6071055511811023
11
0.7032582677165354
21
0.6070056692913386
0
LINE
8
BLACK
6
CONTINUOUS
10
0.7032582677165354
20
0.6070056692913386
11
0.7013835039370079
21
0.5995066141732284
0
LINE
8
BLACK
6
CONTINUOUS
10
0.7013835039370079
20
0.5995066141732284
11
0.7013683070866141
21
0.5994641338582677
0
LINE
8
BLACK
6
CONTINUOUS
10
0.7013683070866141
20
0.5994641338582677
11
0.7013668110236221
21
0.5994428346456693
0
LINE
8
BLACK
6
CONTINUOUS
10
0.7013668110236221
20
0.5994428346456693
11
0.7012750393700787
21
0.5992031102362204
0
LINE
8
BLACK
6
CONTINUOUS
10
0.7012750393700787
20
0.5992031102362204
11
0.7011887401574803
21
0.5989614960629921
0
LINE
8
BLACK
6
CONTINUOUS
10
0.7011887401574803
20
0.5989614960629921
11
0.7011760236220472
21
0.5989443700787401
0
LINE
8
BLACK
6
CONTINUOUS
10
0.7011760236220472
20
0.5989443700787401
11
0.7011599212598425
21
0.5989022440944882
0
LINE
8
BLACK
6
CONTINUOUS
10
0.7011599212598425
20
0.5989022440944882
11
0.6992851574803149
21
0.5951527165354331
0
LINE
8
BLACK
6
CONTINUOUS
10
0.6992851574803149
20
0.5951527165354331
11
0.6991290944881889
21
0.594904842519685
0
LINE
8
BLACK
6
CONTINUOUS
10
0.6991290944881889
20
0.594904842519685
11
0.6990992913385826
21
0.5948327952755905
0
LINE
8
BLACK
6
CONTINUOUS
10
0.6990992913385826
20
0.5948327952755905
11
0.6990327559055118
21
0.5947517716535433
0
LINE
8
BLACK
6
CONTINUOUS
10
0.6990327559055118
20
0.5947517716535433
11
0.6989768110236221
21
0.5946628346456693
0
LINE
8
BLACK
6
CONTINUOUS
10
0.6989768110236221
20
0.5946628346456693
11
0.6989177952755905
21
0.5946116929133858
0
LINE
8
BLACK
6
CONTINUOUS
10
0.6989177952755905
20
0.5946116929133858
11
0.6987320472440944
21
0.59438531496063
0
LINE
8
BLACK
6
CONTINUOUS
10
0.6987320472440944
20
0.59438531496063
11
0.6968573228346456
21
0.5925105511811023
0
LINE
8
BLACK
6
CONTINUOUS
10
0.6968573228346456
20
0.5925105511811023
11
0.6966309448818897
21
0.5923248031496063
0
LINE
8
BLACK
6
CONTINUOUS
10
0.6966309448818897
20
0.5923248031496063
11
0.6965797637795276
21
0.592265748031496
0
LINE
8
BLACK
6
CONTINUOUS
10
0.6965797637795276
20
0.592265748031496
11
0.6964907874015748
21
0.5922097637795275
0
LINE
8
BLACK
6
CONTINUOUS
10
0.6964907874015748
20
0.5922097637795275
11
0.6964098425196851
21
0.5921433070866141
0
LINE
8
BLACK
6
CONTINUOUS
10
0.6964098425196851
20
0.5921433070866141
11
0.696337874015748
21
0.5921135039370079
0
LINE
8
BLACK
6
CONTINUOUS
10
0.696337874015748
20
0.5921135039370079
11
0.6960898818897637
21
0.5919574015748031
0
LINE
8
BLACK
6
CONTINUOUS
10
0.6960898818897637
20
0.5919574015748031
11
0.6923403543307086
21
0.5900826377952756
0
LINE
8
BLACK
6
CONTINUOUS
10
0.6923403543307086
20
0.5900826377952756
11
0.6917997244094488
21
0.589875748031496
0
LINE
8
BLACK
6
CONTINUOUS
10
0.6917997244094488
20
0.589875748031496
11
0.6916938976377952
21
0.5898682677165354
0
LINE
8
BLACK
6
CONTINUOUS
10
0.6916938976377952
20
0.5898682677165354
11
0.691595905511811
21
0.5898276377952756
0
LINE
8
BLACK
6
CONTINUOUS
10
0.691595905511811
20
0.5898276377952756
11
0.6910198425196851
21
0.589770905511811
0
LINE
8
BLACK
6
CONTINUOUS
10
0.6910198425196851
20
0.589770905511811
11
0.68727031496063
21
0.589770905511811
0
LINE
8
BLACK
6
CONTINUOUS
10
0.68727031496063
20
0.589770905511811
11
0.6866942519685039
21
0.5898276377952756
0
LINE
8
BLACK
6
CONTINUOUS
10
0.6866942519685039
20
0.5898276377952756
11
0.6865962598425197
21
0.5898682283464567
0
LINE
8
BLACK
6
CONTINUOUS
10
0.6865962598425197
20
0.5898682283464567
11
0.6864903937007873
21
0.589875748031496
0
LINE
8
BLACK
6
CONTINUOUS
10
0.6864903937007873
20
0.589875748031496
11
0.6859498031496063
21
0.5900826377952756
0
LINE
8
BLACK
6
CONTINUOUS
10
0.6859498031496063
20
0.5900826377952756
11
0.6822002755905512
21
0.5919574015748031
0
LINE
8
BLACK
6
CONTINUOUS
10
0.6822002755905512
20
0.5919574015748031
11
0.6819522440944882
21
0.5921135039370079
0
LINE
8
BLACK
6
CONTINUOUS
10
0.6819522440944882
20
0.5921135039370079
11
0.68188031496063
21
0.5921433070866141
0
LINE
8
BLACK
6
CONTINUOUS
10
0.68188031496063
20
0.5921433070866141
11
0.6817993307086614
21
0.5922097637795275
0
LINE
8
BLACK
6
CONTINUOUS
10
0.6817993307086614
20
0.5922097637795275
11
0.6817103937007873
21
0.592265748031496
0
LINE
8
BLACK
6
CONTINUOUS
10
0.6817103937007873
20
0.592265748031496
11
0.6816591732283465
21
0.5923248031496063
0
LINE
8
BLACK
6
CONTINUOUS
10
0.6816591732283465
20
0.5923248031496063
11
0.6814328346456693
21
0.5925105511811023
0
LINE
8
BLACK
6
CONTINUOUS
10
0.6814328346456693
20
0.5925105511811023
11
0.6795580708661417
21
0.5943853543307086
0
LINE
8
BLACK
6
CONTINUOUS
10
0.6795580708661417
20
0.5943853543307086
11
0.6793723228346457
21
0.5946116929133858
0
LINE
8
BLACK
6
CONTINUOUS
10
0.6793723228346457
20
0.5946116929133858
11
0.6793133464566929
21
0.5946628346456693
0
LINE
8
BLACK
6
CONTINUOUS
10
0.6793133464566929
20
0.5946628346456693
11
0.6792573622047244
21
0.5947517716535433
0
LINE
8
BLACK
6
CONTINUOUS
10
0.6792573622047244
20
0.5947517716535433
11
0.6791908661417323
21
0.5948327952755905
0
LINE
8
BLACK
6
CONTINUOUS
10
0.6791908661417323
20
0.5948327952755905
11
0.6791610236220472
21
0.594904842519685
0
LINE
8
BLACK
6
CONTINUOUS
10
0.6791610236220472
20
0.594904842519685
11
0.679005
21
0.5951527165354331
0
LINE
8
BLACK
6
CONTINUOUS
10
0.679005
20
0.5951527165354331
11
0.6771302362204724
21
0.5989022440944882
0
LINE
8
BLACK
6
CONTINUOUS
10
0.6771302362204724
20
0.5989022440944882
11
0.6771140944881889
21
0.5989443700787401
0
LINE
8
BLACK
6
CONTINUOUS
10
0.6771140944881889
20
0.5989443700787401
11
0.6771014173228346
21
0.5989614960629921
0
LINE
8
BLACK
6
CONTINUOUS
10
0.6771014173228346
20
0.5989614960629921
11
0.6770149606299213
21
0.5992034645669291
0
LINE
8
BLACK
6
CONTINUOUS
10
0.6770149606299213
20
0.5992034645669291
11
0.6769233464566929
21
0.599442874015748
0
LINE
8
BLACK
6
CONTINUOUS
10
0.6769233464566929
20
0.599442874015748
11
0.676921811023622
21
0.5994641338582677
0
LINE
8
BLACK
6
CONTINUOUS
10
0.676921811023622
20
0.5994641338582677
11
0.676906653543307
21
0.5995066141732284
0
LINE
8
BLACK
6
CONTINUOUS
10
0.676906653543307
20
0.5995066141732284
11
0.6750318897637795
21
0.6070056692913386
0
LINE
8
BLACK
6
CONTINUOUS
10
0.6750318897637795
20
0.6070056692913386
11
0.6750170866141733
21
0.6071055511811023
0
LINE
8
BLACK
6
CONTINUOUS
10
0.6750170866141733
20
0.6071055511811023
11
0.6750004724409449
21
0.607145748031496
0
LINE
8
BLACK
6
CONTINUOUS
10
0.6750004724409449
20
0.607145748031496
11
0.6749790944881889
21
0.6073627952755906
0
LINE
8
BLACK
6
CONTINUOUS
10
0.6749790944881889
20
0.6073627952755906
11
0.6749472440944881
21
0.6075782677165354
0
LINE
8
BLACK
6
CONTINUOUS
10
0.6749472440944881
20
0.6075782677165354
11
0.6749536220472441
21
0.6076212992125984
0
LINE
8
BLACK
6
CONTINUOUS
10
0.6749536220472441
20
0.6076212992125984
11
0.6749437401574803
21
0.607721811023622
0
LINE
8
BLACK
6
CONTINUOUS
10
0.6749437401574803
20
0.607721811023622
11
0.6749437401574803
21
0.6170956299212599
0
LINE
8
BLACK
6
CONTINUOUS
10
0.6749437401574803
20
0.6170956299212599
11
0.6749536220472441
21
0.6171961811023622
0
LINE
8
BLACK
6
CONTINUOUS
10
0.6749536220472441
20
0.6171961811023622
11
0.6749472440944881
21
0.6172391732283464
0
LINE
8
BLACK
6
CONTINUOUS
10
0.6749472440944881
20
0.6172391732283464
11
0.6749790944881889
21
0.6174546850393701
0
LINE
8
BLACK
6
CONTINUOUS
10
0.6749790944881889
20
0.6174546850393701
11
0.6750004724409449
21
0.6176716929133859
0
LINE
8
BLACK
6
CONTINUOUS
10
0.6750004724409449
20
0.6176716929133859
11
0.6750170866141733
21
0.6177119291338583
0
LINE
8
BLACK
6
CONTINUOUS
10
0.6750170866141733
20
0.6177119291338583
11
0.6750318897637795
21
0.6178117716535433
0
LINE
8
BLACK
6
CONTINUOUS
10
0.6750318897637795
20
0.6178117716535433
11
0.676906653543307
21
0.6253108267716535
0
LINE
8
BLACK
6
CONTINUOUS
10
0.676906653543307
20
0.6253108267716535
11
0.676921811023622
21
0.6253533464566929
0
LINE
8
BLACK
6
CONTINUOUS
10
0.676921811023622
20
0.6253533464566929
11
0.6769233464566929
21
0.6253745669291338
0
LINE
8
BLACK
6
CONTINUOUS
10
0.6769233464566929
20
0.6253745669291338
11
0.6770149606299213
21
0.6256140157480314
0
LINE
8
BLACK
6
CONTINUOUS
10
0.6770149606299213
20
0.6256140157480314
11
0.6771014173228346
21
0.6258559448818898
0
LINE
8
BLACK
6
CONTINUOUS
10
0.6771014173228346
20
0.6258559448818898
11
0.6771140944881889
21
0.6258731102362205
0
LINE
8
BLACK
6
CONTINUOUS
10
0.6771140944881889
20
0.6258731102362205
11
0.6771302362204724
21
0.6259151968503937
0
LINE
8
BLACK
6
CONTINUOUS
10
0.6771302362204724
20
0.6259151968503937
11
0.679005
21
0.6296647244094488
0
LINE
8
BLACK
6
CONTINUOUS
10
0.679005
20
0.6296647244094488
11
0.679161062992126
21
0.6299127559055118
0
LINE
8
BLACK
6
CONTINUOUS
10
0.679161062992126
20
0.6299127559055118
11
0.679190905511811
21
0.6299846850393701
0
LINE
8
BLACK
6
CONTINUOUS
10
0.679190905511811
20
0.6299846850393701
11
0.6792573622047244
21
0.6300656692913386
0
LINE
8
BLACK
6
CONTINUOUS
10
0.6792573622047244
20
0.6300656692913386
11
0.6793133464566929
21
0.6301546062992126
0
LINE
8
BLACK
6
CONTINUOUS
10
0.6793133464566929
20
0.6301546062992126
11
0.6793723228346457
21
0.6302057874015747
0
LINE
8
BLACK
6
CONTINUOUS
10
0.6793723228346457
20
0.6302057874015747
11
0.6795581102362205
21
0.6304321259842519
0
LINE
8
BLACK
6
CONTINUOUS
10
0.6795581102362205
20
0.6304321259842519
11
0.681432874015748
21
0.6323068897637795
0
LINE
8
BLACK
6
CONTINUOUS
10
0.681432874015748
20
0.6323068897637795
11
0.6816592125984252
21
0.6324926771653543
0
LINE
8
BLACK
6
CONTINUOUS
10
0.6816592125984252
20
0.6324926771653543
11
0.6817103937007873
21
0.6325516535433071
0
LINE
8
BLACK
6
CONTINUOUS
10
0.6817103937007873
20
0.6325516535433071
11
0.6817993307086614
21
0.6326076377952756
0
LINE
8
BLACK
6
CONTINUOUS
10
0.6817993307086614
20
0.6326076377952756
11
0.68188031496063
21
0.632674094488189
0
LINE
8
BLACK
6
CONTINUOUS
10
0.68188031496063
20
0.632674094488189
11
0.6819522440944882
21
0.632703937007874
0
LINE
8
BLACK
6
CONTINUOUS
10
0.6819522440944882
20
0.632703937007874
11
0.6822002755905512
21
0.63286
0
LINE
8
BLACK
6
CONTINUOUS
10
0.6822002755905512
20
0.63286
11
0.6859498031496063
21
0.6347347637795275
0
LINE
8
BLACK
6
CONTINUOUS
10
0.6859498031496063
20
0.6347347637795275
11
0.6864903937007873
21
0.6349416535433071
0
LINE
8
BLACK
6
CONTINUOUS
10
0.6864903937007873
20
0.6349416535433071
11
0.6865962598425197
21
0.6349492125984252
0
LINE
8
BLACK
6
CONTINUOUS
10
0.6865962598425197
20
0.6349492125984252
11
0.6866942519685039
21
0.6349897637795275
0
LINE
8
BLACK
6
CONTINUOUS
10
0.6866942519685039
20
0.6349897637795275
11
0.68727031496063
21
0.6350464960629921
0
LINE
8
BLACK
6
CONTINUOUS
10
0.68727031496063
20
0.6350464960629921
11
0.6910198425196851
21
0.6350464960629921
0
LINE
8
BLACK
6
CONTINUOUS
10
0.6910198425196851
20
0.6350464960629921
11
0.691595905511811
21
0.6349897637795275
0
LINE
8
BLACK
6
CONTINUOUS
10
0.6852698818897638
20
0.6277922440944882
11
0.6840727559055118
21
0.6265951181102362
0
LINE
8
BLACK
6
CONTINUOUS
10
0.6840727559055118
20
0.6265951181102362
11
0.6825572440944881
21
0.6235641338582677
0
LINE
8
BLACK
6
CONTINUOUS
10
0.6825572440944881
20
0.6235641338582677
11
0.6808492519685039
21
0.6167320866141732
0
LINE
8
BLACK
6
CONTINUOUS
10
0.6808492519685039
20
0.6167320866141732
11
0.6808492519685039
21
0.6080853543307086
0
LINE
8
BLACK
6
CONTINUOUS
10
0.6808492519685039
20
0.6080853543307086
11
0.6825572440944881
21
0.6012533070866142
0
LINE
8
BLACK
6
CONTINUOUS
10
0.6825572440944881
20
0.6012533070866142
11
0.6840727559055118
21
0.5982223228346456
0
LINE
8
BLACK
6
CONTINUOUS
10
0.6840727559055118
20
0.5982223228346456
11
0.6852698818897638
21
0.5970251574803149
0
LINE
8
BLACK
6
CONTINUOUS
10
0.6852698818897638
20
0.5970251574803149
11
0.6879673622047244
21
0.5956764173228346
0
LINE
8
BLACK
6
CONTINUOUS
10
0.6879673622047244
20
0.5956764173228346
11
0.6903227952755905
21
0.5956764173228346
0
LINE
8
BLACK
6
CONTINUOUS
10
0.6903227952755905
20
0.5956764173228346
11
0.6930202362204724
21
0.5970251574803149
0
LINE
8
BLACK
6
CONTINUOUS
10
0.6930202362204724
20
0.5970251574803149
11
0.6942173622047244
21
0.5982223228346456
0
LINE
8
BLACK
6
CONTINUOUS
10
0.6942173622047244
20
0.5982223228346456
11
0.695732874015748
21
0.6012533070866142
0
LINE
8
BLACK
6
CONTINUOUS
10
0.695732874015748
20
0.6012533070866142
11
0.697440905511811
21
0.6080853543307086
0
LINE
8
BLACK
6
CONTINUOUS
10
0.697440905511811
20
0.6080853543307086
11
0.697440905511811
21
0.6167320866141732
0
LINE
8
BLACK
6
CONTINUOUS
10
0.697440905511811
20
0.6167320866141732
11
0.695732874015748
21
0.6235641338582677
0
LINE
8
BLACK
6
CONTINUOUS
10
0.695732874015748
20
0.6235641338582677
11
0.6942174015748032
21
0.6265951181102362
0
LINE
8
BLACK
6
CONTINUOUS
10
0.6942174015748032
20
0.6265951181102362
11
0.6930202755905511
21
0.6277922440944882
0
LINE
8
BLACK
6
CONTINUOUS
10
0.6930202755905511
20
0.6277922440944882
11
0.6903227952755905
21
0.6291409842519685
0
LINE
8
BLACK
6
CONTINUOUS
10
0.6903227952755905
20
0.6291409842519685
11
0.6879673622047244
21
0.6291409842519685
0
LINE
8
BLACK
6
CONTINUOUS
10
0.6879673622047244
20
0.6291409842519685
11
0.6852698818897638
21
0.6277922440944882
0
LINE
8
BLACK
6
CONTINUOUS
10
0.7290912204724409
20
0.6349897637795275
11
0.7291892125984252
21
0.6349491732283464
0
LINE
8
BLACK
6
CONTINUOUS
10
0.7291892125984252
20
0.6349491732283464
11
0.7292950393700787
21
0.6349416535433071
0
LINE
8
BLACK
6
CONTINUOUS
10
0.7292950393700787
20
0.6349416535433071
11
0.7298356692913386
21
0.6347347637795275
0
LINE
8
BLACK
6
CONTINUOUS
10
0.7298356692913386
20
0.6347347637795275
11
0.7335851968503937
21
0.63286
0
LINE
8
BLACK
6
CONTINUOUS
10
0.7335851968503937
20
0.63286
11
0.7338331889763779
21
0.632703937007874
0
LINE
8
BLACK
6
CONTINUOUS
10
0.7338331889763779
20
0.632703937007874
11
0.7339051574803149
21
0.632674094488189
0
LINE
8
BLACK
6
CONTINUOUS
10
0.7339051574803149
20
0.632674094488189
11
0.7339861023622047
21
0.6326076377952756
0
LINE
8
BLACK
6
CONTINUOUS
10
0.7339861023622047
20
0.6326076377952756
11
0.7340750787401574
21
0.6325516535433071
0
LINE
8
BLACK
6
CONTINUOUS
10
0.7340750787401574
20
0.6325516535433071
11
0.7341262204724409
21
0.6324926771653543
0
LINE
8
BLACK
6
CONTINUOUS
10
0.7341262204724409
20
0.6324926771653543
11
0.7343525984251968
21
0.6323068897637795
0
LINE
8
BLACK
6
CONTINUOUS
10
0.7343525984251968
20
0.6323068897637795
11
0.7362273622047244
21
0.6304321259842519
0
LINE
8
BLACK
6
CONTINUOUS
10
0.7362273622047244
20
0.6304321259842519
11
0.7364131102362205
21
0.6302057874015747
0
LINE
8
BLACK
6
CONTINUOUS
10
0.7364131102362205
20
0.6302057874015747
11
0.7364721259842519
21
0.6301546062992126
0
LINE
8
BLACK
6
CONTINUOUS
10
0.7364721259842519
20
0.6301546062992126
11
0.7365280708661417
21
0.6300656692913386
0
LINE
8
BLACK
6
CONTINUOUS
10
0.7365280708661417
20
0.6300656692913386
11
0.7365945669291338
21
0.6299846850393701
0
LINE
8
BLACK
6
CONTINUOUS
10
0.7365945669291338
20
0.6299846850393701
11
0.7366243700787402
21
0.6299127559055118
0
LINE
8
BLACK
6
CONTINUOUS
10
0.7366243700787402
20
0.6299127559055118
11
0.7367804724409449
21
0.6296647244094488
0
LINE
8
BLACK
6
CONTINUOUS
10
0.7367804724409449
20
0.6296647244094488
11
0.7386552362204725
21
0.6259151968503937
0
LINE
8
BLACK
6
CONTINUOUS
10
0.7386552362204725
20
0.6259151968503937
11
0.7386713385826772
21
0.6258731102362205
0
LINE
8
BLACK
6
CONTINUOUS
10
0.7386713385826772
20
0.6258731102362205
11
0.7386840551181102
21
0.6258559448818898
0
LINE
8
BLACK
6
CONTINUOUS
10
0.7386840551181102
20
0.6258559448818898
11
0.7387703543307086
21
0.6256143700787401
0
LINE
8
BLACK
6
CONTINUOUS
10
0.7387703543307086
20
0.6256143700787401
11
0.7388621259842519
21
0.6253746062992126
0
LINE
8
BLACK
6
CONTINUOUS
10
0.7388621259842519
20
0.6253746062992126
11
0.7388636220472441
21
0.6253533464566929
0
LINE
8
BLACK
6
CONTINUOUS
10
0.7388636220472441
20
0.6253533464566929
11
0.7388788188976377
21
0.6253108267716535
0
LINE
8
BLACK
6
CONTINUOUS
10
0.7388788188976377
20
0.6253108267716535
11
0.7407535826771653
21
0.6178117716535433
0
LINE
8
BLACK
6
CONTINUOUS
10
0.7407535826771653
20
0.6178117716535433
11
0.7407683464566929
21
0.6177119291338583
0
LINE
8
BLACK
6
CONTINUOUS
10
0.7407683464566929
20
0.6177119291338583
11
0.740785
21
0.6176716929133859
0
LINE
8
BLACK
6
CONTINUOUS
10
0.740785
20
0.6176716929133859
11
0.7408063385826772
21
0.6174546850393701
0
LINE
8
BLACK
6
CONTINUOUS
10
0.7408063385826772
20
0.6174546850393701
11
0.7408382283464566
21
0.6172391732283464
0
LINE
8
BLACK
6
CONTINUOUS
10
0.7408382283464566
20
0.6172391732283464
11
0.7408318110236221
21
0.6171961811023622
0
LINE
8
BLACK
6
CONTINUOUS
10
0.7408318110236221
20
0.6171961811023622
11
0.7408417322834645
21
0.6170956299212599
0
LINE
8
BLACK
6
CONTINUOUS
10
0.7408417322834645
20
0.6170956299212599
11
0.7408417322834645
21
0.607721811023622
0
LINE
8
BLACK
6
CONTINUOUS
10
0.7408417322834645
20
0.607721811023622
11
0.7408318110236221
21
0.6076212992125984
0
LINE
8
BLACK
6
CONTINUOUS
10
0.7408318110236221
20
0.6076212992125984
11
0.7408382283464566
21
0.6075782677165354
0
LINE
8
BLACK
6
CONTINUOUS
10
0.7408382283464566
20
0.6075782677165354
11
0.7408063385826772
21
0.6073627952755906
0
LINE
8
BLACK
6
CONTINUOUS
10
0.7408063385826772
20
0.6073627952755906
11
0.740785
21
0.607145748031496
0
LINE
8
BLACK
6
CONTINUOUS
10
0.740785
20
0.607145748031496
11
0.7407683464566929
21
0.6071055511811023
0
LINE
8
BLACK
6
CONTINUOUS
10
0.7407683464566929
20
0.6071055511811023
11
0.7407535826771653
21
0.6070056692913386
0
LINE
8
BLACK
6
CONTINUOUS
10
0.7407535826771653
20
0.6070056692913386
11
0.7388788188976377
21
0.5995066141732284
0
LINE
8
BLACK
6
CONTINUOUS
10
0.7388788188976377
20
0.5995066141732284
11
0.7388636220472441
21
0.5994641338582677
0
LINE
8
BLACK
6
CONTINUOUS
10
0.7388636220472441
20
0.5994641338582677
11
0.7388621259842519
21
0.5994428346456693
0
LINE
8
BLACK
6
CONTINUOUS
10
0.7388621259842519
20
0.5994428346456693
11
0.7387703543307086
21
0.5992031102362204
0
LINE
8
BLACK
6
CONTINUOUS
10
0.7387703543307086
20
0.5992031102362204
11
0.7386840551181102
21
0.5989614960629921
0
LINE
8
BLACK
6
CONTINUOUS
10
0.7386840551181102
20
0.5989614960629921
11
0.7386713385826772
21
0.5989443700787401
0
LINE
8
BLACK
6
CONTINUOUS
10
0.7386713385826772
20
0.5989443700787401
11
0.7386552362204725
21
0.5989022440944882
0
LINE
8
BLACK
6
CONTINUOUS
10
0.7386552362204725
20
0.5989022440944882
11
0.7367804724409449
21
0.5951527165354331
0
LINE
8
BLACK
6
CONTINUOUS
10
0.7367804724409449
20
0.5951527165354331
11
0.7366244094488189
21
0.594904842519685
0
LINE
8
BLACK
6
CONTINUOUS
10
0.7366244094488189
20
0.594904842519685
11
0.7365946062992126
21
0.5948327952755905
0
LINE
8
BLACK
6
CONTINUOUS
10
0.7365946062992126
20
0.5948327952755905
11
0.7365280708661417
21
0.5947517716535433
0
LINE
8
BLACK
6
CONTINUOUS
10
0.7365280708661417
20
0.5947517716535433
11
0.7364721259842519
21
0.5946628346456693
0
LINE
8
BLACK
6
CONTINUOUS
10
0.7364721259842519
20
0.5946628346456693
11
0.7364131102362205
21
0.5946116929133858
0
LINE
8
BLACK
6
CONTINUOUS
10
0.7364131102362205
20
0.5946116929133858
11
0.7362273622047244
21
0.59438531496063
0
LINE
8
BLACK
6
CONTINUOUS
10
0.7362273622047244
20
0.59438531496063
11
0.7343526377952756
21
0.5925105511811023
0
LINE
8
BLACK
6
CONTINUOUS
10
0.7343526377952756
20
0.5925105511811023
11
0.7341262598425197
21
0.5923248031496063
0
LINE
8
BLACK
6
CONTINUOUS
10
0.7341262598425197
20
0.5923248031496063
11
0.7340750787401574
21
0.592265748031496
0
LINE
8
BLACK
6
CONTINUOUS
10
0.7340750787401574
20
0.592265748031496
11
0.7339861023622047
21
0.5922097637795275
0
LINE
8
BLACK
6
CONTINUOUS
10
0.7339861023622047
20
0.5922097637795275
11
0.7339051574803149
21
0.5921433070866141
0
LINE
8
BLACK
6
CONTINUOUS
10
0.7339051574803149
20
0.5921433070866141
11
0.7338331889763779
21
0.5921135039370079
0
LINE
8
BLACK
6
CONTINUOUS
10
0.7338331889763779
20
0.5921135039370079
11
0.7335851968503937
21
0.5919574015748031
0
LINE
8
BLACK
6
CONTINUOUS
10
0.7335851968503937
20
0.5919574015748031
11
0.7298356692913386
21
0.5900826377952756
0
LINE
8
BLACK
6
CONTINUOUS
10
0.7298356692913386
20
0.5900826377952756
11
0.7292950393700787
21
0.589875748031496
0
LINE
8
BLACK
6
CONTINUOUS
10
0.7292950393700787
20
0.589875748031496
11
0.7291892125984252
21
0.5898682677165354
0
LINE
8
BLACK
6
CONTINUOUS
10
0.7291892125984252
20
0.5898682677165354
11
0.7290912204724409
21
0.5898276377952756
0
LINE
8
BLACK
6
CONTINUOUS
10
0.7290912204724409
20
0.5898276377952756
11
0.7285151574803149
21
0.589770905511811
0
LINE
8
BLACK
6
CONTINUOUS
10
0.7285151574803149
20
0.589770905511811
11
0.7247656299212598
21
0.589770905511811
0
LINE
8
BLACK
6
CONTINUOUS
10
0.7247656299212598
20
0.589770905511811
11
0.7241895669291338
21
0.5898276377952756
0
LINE
8
BLACK
6
CONTINUOUS
10
0.7241895669291338
20
0.5898276377952756
11
0.7240915748031496
21
0.5898682283464567
0
LINE
8
BLACK
6
CONTINUOUS
10
0.7240915748031496
20
0.5898682283464567
11
0.7239857086614173
21
0.589875748031496
0
LINE
8
BLACK
6
CONTINUOUS
10
0.7239857086614173
20
0.589875748031496
11
0.7234451181102362
21
0.5900826377952756
0
LINE
8
BLACK
6
CONTINUOUS
10
0.7234451181102362
20
0.5900826377952756
11
0.719695590551181
21
0.5919574015748031
0
LINE
8
BLACK
6
CONTINUOUS
10
0.719695590551181
20
0.5919574015748031
11
0.7194475590551181
21
0.5921135039370079
0
LINE
8
BLACK
6
CONTINUOUS
10
0.7194475590551181
20
0.5921135039370079
11
0.7193756299212598
21
0.5921433070866141
0
LINE
8
BLACK
6
CONTINUOUS
10
0.7193756299212598
20
0.5921433070866141
11
0.7192946456692914
21
0.5922097637795275
0
LINE
8
BLACK
6
CONTINUOUS
10
0.7192946456692914
20
0.5922097637795275
11
0.7192057086614173
21
0.592265748031496
0
LINE
8
BLACK
6
CONTINUOUS
10
0.7192057086614173
20
0.592265748031496
11
0.7191544881889763
21
0.5923248031496063
0
LINE
8
BLACK
6
CONTINUOUS
10
0.7191544881889763
20
0.5923248031496063
11
0.7189281496062992
21
0.5925105511811023
0
LINE
8
BLACK
6
CONTINUOUS
10
0.7189281496062992
20
0.5925105511811023
11
0.7170533858267716
21
0.5943853543307086
0
LINE
8
BLACK
6
CONTINUOUS
10
0.7170533858267716
20
0.5943853543307086
11
0.7168676377952756
21
0.5946116929133858
0
LINE
8
BLACK
6
CONTINUOUS
10
0.7168676377952756
20
0.5946116929133858
11
0.7168086614173228
21
0.5946628346456693
0
LINE
8
BLACK
6
CONTINUOUS
10
0.7168086614173228
20
0.5946628346456693
11
0.7167526771653543
21
0.5947517716535433
0
LINE
8
BLACK
6
CONTINUOUS
10
0.7167526771653543
20
0.5947517716535433
11
0.7166861811023622
21
0.5948327952755905
0
LINE
8
BLACK
6
CONTINUOUS
10
0.7166861811023622
20
0.5948327952755905
11
0.7166563385826772
21
0.594904842519685
0
LINE
8
BLACK
6
CONTINUOUS
10
0.7166563385826772
20
0.594904842519685
11
0.7165003149606299
21
0.5951527165354331
0
LINE
8
BLACK
6
CONTINUOUS
10
0.7165003149606299
20
0.5951527165354331
11
0.7146255511811024
21
0.5989022440944882
0
LINE
8
BLACK
6
CONTINUOUS
10
0.7146255511811024
20
0.5989022440944882
11
0.7146094094488189
21
0.5989443700787401
0
LINE
8
BLACK
6
CONTINUOUS
10
0.7146094094488189
20
0.5989443700787401
11
0.7145967322834645
21
0.5989614960629921
0
LINE
8
BLACK
6
CONTINUOUS
10
0.7145967322834645
20
0.5989614960629921
11
0.7145102755905511
21
0.5992034645669291
0
LINE
8
BLACK
6
CONTINUOUS
10
0.7145102755905511
20
0.5992034645669291
11
0.7144186614173228
21
0.599442874015748
0
LINE
8
BLACK
6
CONTINUOUS
10
0.7144186614173228
20
0.599442874015748
11
0.714417125984252
21
0.5994641338582677
0
LINE
8
BLACK
6
CONTINUOUS
10
0.714417125984252
20
0.5994641338582677
11
0.714401968503937
21
0.5995066141732284
0
LINE
8
BLACK
6
CONTINUOUS
10
0.714401968503937
20
0.5995066141732284
11
0.7125272047244094
21
0.6070056692913386
0
LINE
8
BLACK
6
CONTINUOUS
10
0.7125272047244094
20
0.6070056692913386
11
0.7125124015748031
21
0.6071055511811023
0
LINE
8
BLACK
6
CONTINUOUS
10
0.7125124015748031
20
0.6071055511811023
11
0.7124957874015748
21
0.607145748031496
0
LINE
8
BLACK
6
CONTINUOUS
10
0.7124957874015748
20
0.607145748031496
11
0.7124744094488189
21
0.6073627952755906
0
LINE
8
BLACK
6
CONTINUOUS
10
0.7124744094488189
20
0.6073627952755906
11
0.7124425590551181
21
0.6075782677165354
0
LINE
8
BLACK
6
CONTINUOUS
10
0.7124425590551181
20
0.6075782677165354
11
0.712448937007874
21
0.6076212992125984
0
LINE
8
BLACK
6
CONTINUOUS
10
0.712448937007874
20
0.6076212992125984
11
0.7124390551181102
21
0.607721811023622
0
LINE
8
BLACK
6
CONTINUOUS
10
0.7124390551181102
20
0.607721811023622
11
0.7124390551181102
21
0.6170956299212599
0
LINE
8
BLACK
6
CONTINUOUS
10
0.7124390551181102
20
0.6170956299212599
11
0.712448937007874
21
0.6171961811023622
0
LINE
8
BLACK
6
CONTINUOUS
10
0.712448937007874
20
0.6171961811023622
11
0.7124425590551181
21
0.6172391732283464
0
LINE
8
BLACK
6
CONTINUOUS
10
0.7124425590551181
20
0.6172391732283464
11
0.7124744094488189
21
0.6174546850393701
0
LINE
8
BLACK
6
CONTINUOUS
10
0.7124744094488189
20
0.6174546850393701
11
0.7124957874015748
21
0.6176716929133859
0
LINE
8
BLACK
6
CONTINUOUS
10
0.7124957874015748
20
0.6176716929133859
11
0.7125124015748031
21
0.6177119291338583
0
LINE
8
BLACK
6
CONTINUOUS
10
0.7125124015748031
20
0.6177119291338583
11
0.7125272047244094
21
0.6178117716535433
0
LINE
8
BLACK
6
CONTINUOUS
10
0.7125272047244094
20
0.6178117716535433
11
0.714401968503937
21
0.6253108267716535
0
LINE
8
BLACK
6
CONTINUOUS
10
0.714401968503937
20
0.6253108267716535
11
0.714417125984252
21
0.6253533464566929
0
LINE
8
BLACK
6
CONTINUOUS
10
0.714417125984252
20
0.6253533464566929
11
0.7144186614173228
21
0.6253745669291338
0
LINE
8
BLACK
6
CONTINUOUS
10
0.7144186614173228
20
0.6253745669291338
11
0.7145102755905511
21
0.6256140157480314
0
LINE
8
BLACK
6
CONTINUOUS
10
0.7145102755905511
20
0.6256140157480314
11
0.7145967322834645
21
0.6258559448818898
0
LINE
8
BLACK
6
CONTINUOUS
10
0.7145967322834645
20
0.6258559448818898
11
0.7146094094488189
21
0.6258731102362205
0
LINE
8
BLACK
6
CONTINUOUS
10
0.7146094094488189
20
0.6258731102362205
11
0.7146255511811024
21
0.6259151968503937
0
LINE
8
BLACK
6
CONTINUOUS
10
0.7146255511811024
20
0.6259151968503937
11
0.7165003149606299
21
0.6296647244094488
0
LINE
8
BLACK
6
CONTINUOUS
10
0.7165003149606299
20
0.6296647244094488
11
0.7166563779527559
21
0.6299127559055118
0
LINE
8
BLACK
6
CONTINUOUS
10
0.7166563779527559
20
0.6299127559055118
11
0.7166862204724409
21
0.6299846850393701
0
LINE
8
BLACK
6
CONTINUOUS
10
0.7166862204724409
20
0.6299846850393701
11
0.7167526771653543
21
0.6300656692913386
0
LINE
8
BLACK
6
CONTINUOUS
10
0.7167526771653543
20
0.6300656692913386
11
0.7168086614173228
21
0.6301546062992126
0
LINE
8
BLACK
6
CONTINUOUS
10
0.7168086614173228
20
0.6301546062992126
11
0.7168676377952756
21
0.6302057874015747
0
LINE
8
BLACK
6
CONTINUOUS
10
0.7168676377952756
20
0.6302057874015747
11
0.7170534251968503
21
0.6304321259842519
0
LINE
8
BLACK
6
CONTINUOUS
10
0.7170534251968503
20
0.6304321259842519
11
0.7189281889763779
21
0.6323068897637795
0
LINE
8
BLACK
6
CONTINUOUS
10
0.7189281889763779
20
0.6323068897637795
11
0.7191545275590551
21
0.6324926771653543
0
LINE
8
BLACK
6
CONTINUOUS
10
0.7191545275590551
20
0.6324926771653543
11
0.7192057086614173
21
0.6325516535433071
0
LINE
8
BLACK
6
CONTINUOUS
10
0.7192057086614173
20
0.6325516535433071
11
0.7192946456692914
21
0.6326076377952756
0
LINE
8
BLACK
6
CONTINUOUS
10
0.7192946456692914
20
0.6326076377952756
11
0.7193756299212598
21
0.632674094488189
0
LINE
8
BLACK
6
CONTINUOUS
10
0.7193756299212598
20
0.632674094488189
11
0.7194475590551181
21
0.632703937007874
0
LINE
8
BLACK
6
CONTINUOUS
10
0.7194475590551181
20
0.632703937007874
11
0.719695590551181
21
0.63286
0
LINE
8
BLACK
6
CONTINUOUS
10
0.719695590551181
20
0.63286
11
0.7234451181102362
21
0.6347347637795275
0
LINE
8
BLACK
6
CONTINUOUS
10
0.7234451181102362
20
0.6347347637795275
11
0.7239857086614173
21
0.6349416535433071
0
LINE
8
BLACK
6
CONTINUOUS
10
0.7239857086614173
20
0.6349416535433071
11
0.7240915748031496
21
0.6349492125984252
0
LINE
8
BLACK
6
CONTINUOUS
10
0.7240915748031496
20
0.6349492125984252
11
0.7241895669291338
21
0.6349897637795275
0
LINE
8
BLACK
6
CONTINUOUS
10
0.7241895669291338
20
0.6349897637795275
11
0.7247656299212598
21
0.6350464960629921
0
LINE
8
BLACK
6
CONTINUOUS
10
0.7247656299212598
20
0.6350464960629921
11
0.7285151574803149
21
0.6350464960629921
0
LINE
8
BLACK
6
CONTINUOUS
10
0.7285151574803149
20
0.6350464960629921
11
0.7290912204724409
21
0.6349897637795275
0
LINE
8
BLACK
6
CONTINUOUS
10
0.7227651968503936
20
0.6277922440944882
11
0.7215680708661417
21
0.6265951181102362
0
LINE
8
BLACK
6
CONTINUOUS
10
0.7215680708661417
20
0.6265951181102362
11
0.7200525590551181
21
0.6235641338582677
0
LINE
8
BLACK
6
CONTINUOUS
10
0.7200525590551181
20
0.6235641338582677
11
0.7183445669291338
21
0.6167320866141732
0
LINE
8
BLACK
6
CONTINUOUS
10
0.7183445669291338
20
0.6167320866141732
11
0.7183445669291338
21
0.6080853543307086
0
LINE
8
BLACK
6
CONTINUOUS
10
0.7183445669291338
20
0.6080853543307086
11
0.7200525590551181
21
0.6012533070866142
0
LINE
8
BLACK
6
CONTINUOUS
10
0.7200525590551181
20
0.6012533070866142
11
0.7215680708661417
21
0.5982223228346456
0
LINE
8
BLACK
6
CONTINUOUS
10
0.7215680708661417
20
0.5982223228346456
11
0.7227651968503936
21
0.5970251574803149
0
LINE
8
BLACK
6
CONTINUOUS
10
0.7227651968503936
20
0.5970251574803149
11
0.7254626771653543
21
0.5956764173228346
0
LINE
8
BLACK
6
CONTINUOUS
10
0.7254626771653543
20
0.5956764173228346
11
0.7278181102362205
21
0.5956764173228346
0
LINE
8
BLACK
6
CONTINUOUS
10
0.7278181102362205
20
0.5956764173228346
11
0.7305155511811023
21
0.5970251574803149
0
LINE
8
BLACK
6
CONTINUOUS
10
0.7305155511811023
20
0.5970251574803149
11
0.7317126771653543
21
0.5982223228346456
0
LINE
8
BLACK
6
CONTINUOUS
10
0.7317126771653543
20
0.5982223228346456
11
0.733228188976378
21
0.6012533070866142
0
LINE
8
BLACK
6
CONTINUOUS
10
0.733228188976378
20
0.6012533070866142
11
0.7349362204724409
21
0.6080853543307086
0
LINE
8
BLACK
6
CONTINUOUS
10
0.7349362204724409
20
0.6080853543307086
11
0.7349362204724409
21
0.6167320866141732
0
LINE
8
BLACK
6
CONTINUOUS
10
0.7349362204724409
20
0.6167320866141732
11
0.733228188976378
21
0.6235641338582677
0
LINE
8
BLACK
6
CONTINUOUS
10
0.733228188976378
20
0.6235641338582677
11
0.731712716535433
21
0.6265951181102362
0
LINE
8
BLACK
6
CONTINUOUS
10
0.731712716535433
20
0.6265951181102362
11
0.7305155905511811
21
0.6277922440944882
0
LINE
8
BLACK
6
CONTINUOUS
10
0.7305155905511811
20
0.6277922440944882
11
0.7278181102362205
21
0.6291409842519685
0
LINE
8
BLACK
6
CONTINUOUS
10
0.7278181102362205
20
0.6291409842519685
11
0.7254626771653543
21
0.6291409842519685
0
LINE
8
BLACK
6
CONTINUOUS
10
0.7254626771653543
20
0.6291409842519685
11
0.7227651968503936
21
0.6277922440944882
0
LINE
8
BLACK
6
CONTINUOUS
10
0.8828220078740158
20
0.6349897637795275
11
0.8838864173228346
21
0.6345488582677166
0
LINE
8
BLACK
6
CONTINUOUS
10
0.8838864173228346
20
0.6345488582677166
11
0.8847010629921259
21
0.6337342125984252
0
LINE
8
BLACK
6
CONTINUOUS
10
0.8847010629921259
20
0.6337342125984252
11
0.885141968503937
21
0.6326698031496063
0
LINE
8
BLACK
6
CONTINUOUS
10
0.885141968503937
20
0.6326698031496063
11
0.885141968503937
21
0.6315176771653543
0
LINE
8
BLACK
6
CONTINUOUS
10
0.885141968503937
20
0.6315176771653543
11
0.8847010629921259
21
0.6304532677165354
0
LINE
8
BLACK
6
CONTINUOUS
10
0.8847010629921259
20
0.6304532677165354
11
0.8838864173228346
21
0.6296386220472441
0
LINE
8
BLACK
6
CONTINUOUS
10
0.8838864173228346
20
0.6296386220472441
11
0.8828220078740158
21
0.6291977165354331
0
LINE
8
BLACK
6
CONTINUOUS
10
0.8828220078740158
20
0.6291977165354331
11
0.8822459448818898
21
0.6291409842519685
0
LINE
8
BLACK
6
CONTINUOUS
10
0.8822459448818898
20
0.6291409842519685
11
0.875443937007874
21
0.6291409842519685
0
LINE
8
BLACK
6
CONTINUOUS
10
0.875443937007874
20
0.6291409842519685
11
0.8727464566929134
21
0.6277922440944882
0
LINE
8
BLACK
6
CONTINUOUS
10
0.8727464566929134
20
0.6277922440944882
11
0.8714172440944882
21
0.6264630708661417
0
LINE
8
BLACK
6
CONTINUOUS
10
0.8714172440944882
20
0.6264630708661417
11
0.8681136220472441
21
0.6215075984251969
0
LINE
8
BLACK
6
CONTINUOUS
10
0.8681136220472441
20
0.6215075984251969
11
0.8673843307086614
21
0.6185903937007874
0
LINE
8
BLACK
6
CONTINUOUS
10
0.8673843307086614
20
0.6185903937007874
11
0.8696768503937008
21
0.6197366535433071
0
LINE
8
BLACK
6
CONTINUOUS
10
0.8696768503937008
20
0.6197366535433071
11
0.8702174409448818
21
0.6199435433070866
0
LINE
8
BLACK
6
CONTINUOUS
10
0.8702174409448818
20
0.6199435433070866
11
0.8703233070866142
21
0.6199511023622047
0
LINE
8
BLACK
6
CONTINUOUS
10
0.8703233070866142
20
0.6199511023622047
11
0.8704212992125984
21
0.6199916535433071
0
LINE
8
BLACK
6
CONTINUOUS
10
0.8704212992125984
20
0.6199916535433071
11
0.8709973622047243
21
0.6200483858267717
0
LINE
8
BLACK
6
CONTINUOUS
10
0.8709973622047243
20
0.6200483858267717
11
0.8784964173228347
21
0.6200483858267717
0
LINE
8
BLACK
6
CONTINUOUS
10
0.8784964173228347
20
0.6200483858267717
11
0.8790724803149607
21
0.6199916535433071
0
LINE
8
BLACK
6
CONTINUOUS
10
0.8790724803149607
20
0.6199916535433071
11
0.8791704724409448
21
0.619951062992126
0
LINE
8
BLACK
6
CONTINUOUS
10
0.8791704724409448
20
0.619951062992126
11
0.8792762992125984
21
0.6199435433070866
0
LINE
8
BLACK
6
CONTINUOUS
10
0.8792762992125984
20
0.6199435433070866
11
0.8798169291338582
21
0.6197366535433071
0
LINE
8
BLACK
6
CONTINUOUS
10
0.8798169291338582
20
0.6197366535433071
11
0.8835664566929133
21
0.6178618897637795
0
LINE
8
BLACK
6
CONTINUOUS
10
0.8835664566929133
20
0.6178618897637795
11
0.8838144488188976
21
0.6177058267716535
0
LINE
8
BLACK
6
CONTINUOUS
10
0.8838144488188976
20
0.6177058267716535
11
0.8838864173228346
21
0.6176759842519685
0
LINE
8
BLACK
6
CONTINUOUS
10
0.8838864173228346
20
0.6176759842519685
11
0.8839673622047244
21
0.6176095275590551
0
LINE
8
BLACK
6
CONTINUOUS
10
0.8839673622047244
20
0.6176095275590551
11
0.8840563385826772
21
0.6175535433070866
0
LINE
8
BLACK
6
CONTINUOUS
10
0.8840563385826772
20
0.6175535433070866
11
0.8841074803149606
21
0.6174945669291338
0
LINE
8
BLACK
6
CONTINUOUS
10
0.8841074803149606
20
0.6174945669291338
11
0.8843338582677165
21
0.617308779527559
0
LINE
8
BLACK
6
CONTINUOUS
10
0.8843338582677165
20
0.617308779527559
11
0.886208622047244
21
0.6154340157480315
0
LINE
8
BLACK
6
CONTINUOUS
10
0.886208622047244
20
0.6154340157480315
11
0.8863943700787401
21
0.6152076771653543
0
LINE
8
BLACK
6
CONTINUOUS
10
0.8863943700787401
20
0.6152076771653543
11
0.8864533858267716
21
0.6151564960629922
0
LINE
8
BLACK
6
CONTINUOUS
10
0.8864533858267716
20
0.6151564960629922
11
0.8865093307086614
21
0.6150675590551181
0
LINE
8
BLACK
6
CONTINUOUS
10
0.8865093307086614
20
0.6150675590551181
11
0.8865758267716535
21
0.6149865748031496
0
LINE
8
BLACK
6
CONTINUOUS
10
0.8865758267716535
20
0.6149865748031496
11
0.8866056299212598
21
0.6149146456692913
0
LINE
8
BLACK
6
CONTINUOUS
10
0.8866056299212598
20
0.6149146456692913
11
0.8867617322834646
21
0.6146666141732283
0
LINE
8
BLACK
6
CONTINUOUS
10
0.8867617322834646
20
0.6146666141732283
11
0.8886364960629921
21
0.6109170866141732
0
LINE
8
BLACK
6
CONTINUOUS
10
0.8886364960629921
20
0.6109170866141732
11
0.8888433858267716
21
0.6103764960629922
0
LINE
8
BLACK
6
CONTINUOUS
10
0.8888433858267716
20
0.6103764960629922
11
0.888850905511811
21
0.6102706299212598
0
LINE
8
BLACK
6
CONTINUOUS
10
0.888850905511811
20
0.6102706299212598
11
0.8888914960629921
21
0.6101726377952755
0
LINE
8
BLACK
6
CONTINUOUS
10
0.8888914960629921
20
0.6101726377952755
11
0.8889482283464567
21
0.6095965748031495
0
LINE
8
BLACK
6
CONTINUOUS
10
0.8889482283464567
20
0.6095965748031495
11
0.8889482283464567
21
0.6002227559055118
0
LINE
8
BLACK
6
CONTINUOUS
10
0.8889482283464567
20
0.6002227559055118
11
0.8888914960629921
21
0.5996466929133858
0
LINE
8
BLACK
6
CONTINUOUS
10
0.8888914960629921
20
0.5996466929133858
11
0.888850905511811
21
0.5995487401574803
0
LINE
8
BLACK
6
CONTINUOUS
10
0.888850905511811
20
0.5995487401574803
11
0.8888433858267716
21
0.5994428346456693
0
LINE
8
BLACK
6
CONTINUOUS
10
0.8888433858267716
20
0.5994428346456693
11
0.8886364960629921
21
0.5989022440944882
0
LINE
8
BLACK
6
CONTINUOUS
10
0.8886364960629921
20
0.5989022440944882
11
0.8867617322834646
21
0.5951527165354331
0
LINE
8
BLACK
6
CONTINUOUS
10
0.8867617322834646
20
0.5951527165354331
11
0.8866056692913385
21
0.594904842519685
0
LINE
8
BLACK
6
CONTINUOUS
10
0.8866056692913385
20
0.594904842519685
11
0.8865758661417322
21
0.5948327952755905
0
LINE
8
BLACK
6
CONTINUOUS
10
0.8865758661417322
20
0.5948327952755905
11
0.8865093307086614
21
0.5947517716535433
0
LINE
8
BLACK
6
CONTINUOUS
10
0.8865093307086614
20
0.5947517716535433
11
0.8864533858267716
21
0.5946628346456693
0
LINE
8
BLACK
6
CONTINUOUS
10
0.8864533858267716
20
0.5946628346456693
11
0.8863943700787401
21
0.5946116929133858
0
LINE
8
BLACK
6
CONTINUOUS
10
0.8863943700787401
20
0.5946116929133858
11
0.886208622047244
21
0.59438531496063
0
LINE
8
BLACK
6
CONTINUOUS
10
0.886208622047244
20
0.59438531496063
11
0.8843338976377952
21
0.5925105511811023
0
LINE
8
BLACK
6
CONTINUOUS
10
0.8843338976377952
20
0.5925105511811023
11
0.8841075196850393
21
0.5923248031496063
0
LINE
8
BLACK
6
CONTINUOUS
10
0.8841075196850393
20
0.5923248031496063
11
0.8840563385826772
21
0.592265748031496
0
LINE
8
BLACK
6
CONTINUOUS
10
0.8840563385826772
20
0.592265748031496
11
0.8839673622047244
21
0.5922097637795275
0
LINE
8
BLACK
6
CONTINUOUS
10
0.8839673622047244
20
0.5922097637795275
11
0.8838864173228346
21
0.5921433070866141
0
LINE
8
BLACK
6
CONTINUOUS
10
0.8838864173228346
20
0.5921433070866141
11
0.8838144488188976
21
0.5921135039370079
0
LINE
8
BLACK
6
CONTINUOUS
10
0.8838144488188976
20
0.5921135039370079
11
0.8835664566929133
21
0.5919574015748031
0
LINE
8
BLACK
6
CONTINUOUS
10
0.8835664566929133
20
0.5919574015748031
11
0.8798169291338582
21
0.5900826377952756
0
LINE
8
BLACK
6
CONTINUOUS
10
0.8798169291338582
20
0.5900826377952756
11
0.8792762992125984
21
0.589875748031496
0
LINE
8
BLACK
6
CONTINUOUS
10
0.8792762992125984
20
0.589875748031496
11
0.8791704724409448
21
0.5898682677165354
0
LINE
8
BLACK
6
CONTINUOUS
10
0.8791704724409448
20
0.5898682677165354
11
0.8790724803149607
21
0.5898276377952756
0
LINE
8
BLACK
6
CONTINUOUS
10
0.8790724803149607
20
0.5898276377952756
11
0.8784964173228347
21
0.589770905511811
0
LINE
8
BLACK
6
CONTINUOUS
10
0.8784964173228347
20
0.589770905511811
11
0.8709973622047243
21
0.589770905511811
0
LINE
8
BLACK
6
CONTINUOUS
10
0.8709973622047243
20
0.589770905511811
11
0.8704212992125984
21
0.5898276377952756
0
LINE
8
BLACK
6
CONTINUOUS
10
0.8704212992125984
20
0.5898276377952756
11
0.8703233070866142
21
0.5898682283464567
0
LINE
8
BLACK
6
CONTINUOUS
10
0.8703233070866142
20
0.5898682283464567
11
0.8702174409448818
21
0.589875748031496
0
LINE
8
BLACK
6
CONTINUOUS
10
0.8702174409448818
20
0.589875748031496
11
0.8696768503937008
21
0.5900826377952756
0
LINE
8
BLACK
6
CONTINUOUS
10
0.8696768503937008
20
0.5900826377952756
11
0.8659273228346457
21
0.5919574015748031
0
LINE
8
BLACK
6
CONTINUOUS
10
0.8659273228346457
20
0.5919574015748031
11
0.8656792913385827
21
0.5921135039370079
0
LINE
8
BLACK
6
CONTINUOUS
10
0.8656792913385827
20
0.5921135039370079
11
0.8656073622047243
21
0.5921433070866141
0
LINE
8
BLACK
6
CONTINUOUS
10
0.8656073622047243
20
0.5921433070866141
11
0.8655263779527559
21
0.5922097637795275
0
LINE
8
BLACK
6
CONTINUOUS
10
0.8655263779527559
20
0.5922097637795275
11
0.8654374409448818
21
0.592265748031496
0
LINE
8
BLACK
6
CONTINUOUS
10
0.8654374409448818
20
0.592265748031496
11
0.865386220472441
21
0.5923248031496063
0
LINE
8
BLACK
6
CONTINUOUS
10
0.865386220472441
20
0.5923248031496063
11
0.8651598818897638
21
0.5925105511811023
0
LINE
8
BLACK
6
CONTINUOUS
10
0.8651598818897638
20
0.5925105511811023
11
0.8632851181102362
21
0.5943853543307086
0
LINE
8
BLACK
6
CONTINUOUS
10
0.8632851181102362
20
0.5943853543307086
11
0.8630993700787402
21
0.5946116929133858
0
LINE
8
BLACK
6
CONTINUOUS
10
0.8630993700787402
20
0.5946116929133858
11
0.8630403937007873
21
0.5946628346456693
0
LINE
8
BLACK
6
CONTINUOUS
10
0.8630403937007873
20
0.5946628346456693
11
0.8629844094488188
21
0.5947517716535433
0
LINE
8
BLACK
6
CONTINUOUS
10
0.8629844094488188
20
0.5947517716535433
11
0.8629179133858268
21
0.5948327952755905
0
LINE
8
BLACK
6
CONTINUOUS
10
0.8629179133858268
20
0.5948327952755905
11
0.8628880708661417
21
0.594904842519685
0
LINE
8
BLACK
6
CONTINUOUS
10
0.8628880708661417
20
0.594904842519685
11
0.8627320472440945
21
0.5951527165354331
0
LINE
8
BLACK
6
CONTINUOUS
10
0.8627320472440945
20
0.5951527165354331
11
0.8608572834645669
21
0.5989022440944882
0
LINE
8
BLACK
6
CONTINUOUS
10
0.8608572834645669
20
0.5989022440944882
11
0.8606503937007873
21
0.599442874015748
0
LINE
8
BLACK
6
CONTINUOUS
10
0.8606503937007873
20
0.599442874015748
11
0.860642874015748
21
0.5995487007874015
0
LINE
8
BLACK
6
CONTINUOUS
10
0.860642874015748
20
0.5995487007874015
11
0.8606022834645669
21
0.5996466929133858
0
LINE
8
BLACK
6
CONTINUOUS
10
0.8606022834645669
20
0.5996466929133858
11
0.8605455511811023
21
0.6002227559055118
0
LINE
8
BLACK
6
CONTINUOUS
10
0.8605455511811023
20
0.6002227559055118
11
0.8605455511811023
21
0.6152208661417322
0
LINE
8
BLACK
6
CONTINUOUS
10
0.8605455511811023
20
0.6152208661417322
11
0.8605554330708661
21
0.6153214173228346
0
LINE
8
BLACK
6
CONTINUOUS
10
0.8605554330708661
20
0.6153214173228346
11
0.8605490551181102
21
0.6153644094488189
0
LINE
8
BLACK
6
CONTINUOUS
10
0.8605490551181102
20
0.6153644094488189
11
0.860580905511811
21
0.6155799212598425
0
LINE
8
BLACK
6
CONTINUOUS
10
0.860580905511811
20
0.6155799212598425
11
0.8606022834645669
21
0.6157969291338583
0
LINE
8
BLACK
6
CONTINUOUS
10
0.8606022834645669
20
0.6157969291338583
11
0.8606188976377953
21
0.6158371653543306
0
LINE
8
BLACK
6
CONTINUOUS
10
0.8606188976377953
20
0.6158371653543306
11
0.8606337007874015
21
0.6159370078740157
0
LINE
8
BLACK
6
CONTINUOUS
10
0.8606337007874015
20
0.6159370078740157
11
0.8625084645669291
21
0.623436062992126
0
LINE
8
BLACK
6
CONTINUOUS
10
0.8625084645669291
20
0.623436062992126
11
0.8626297244094489
21
0.6237755511811024
0
LINE
8
BLACK
6
CONTINUOUS
10
0.8626297244094489
20
0.6237755511811024
11
0.8626438976377953
21
0.6238470472440945
0
LINE
8
BLACK
6
CONTINUOUS
10
0.8626438976377953
20
0.6238470472440945
11
0.8626784645669291
21
0.6239119291338583
0
LINE
8
BLACK
6
CONTINUOUS
10
0.8626784645669291
20
0.6239119291338583
11
0.8627032283464566
21
0.6239811811023622
0
LINE
8
BLACK
6
CONTINUOUS
10
0.8627032283464566
20
0.6239811811023622
11
0.862746653543307
21
0.6240398031496063
0
LINE
8
BLACK
6
CONTINUOUS
10
0.862746653543307
20
0.6240398031496063
11
0.8629162204724409
21
0.6243578346456693
0
LINE
8
BLACK
6
CONTINUOUS
10
0.8629162204724409
20
0.6243578346456693
11
0.8666657480314961
21
0.629982125984252
0
LINE
8
BLACK
6
CONTINUOUS
10
0.8666657480314961
20
0.629982125984252
11
0.8666670866141732
21
0.6299838188976378
0
LINE
8
BLACK
6
CONTINUOUS
10
0.8666670866141732
20
0.6299838188976378
11
0.8666674803149607
21
0.6299846850393701
0
LINE
8
BLACK
6
CONTINUOUS
10
0.8666674803149607
20
0.6299846850393701
11
0.8668441732283464
21
0.6302
0
LINE
8
BLACK
6
CONTINUOUS
10
0.8668441732283464
20
0.6302
11
0.8670325196850394
21
0.6304299606299213
0
LINE
8
BLACK
6
CONTINUOUS
10
0.8670325196850394
20
0.6304299606299213
11
0.8670333464566929
21
0.6304305511811024
0
LINE
8
BLACK
6
CONTINUOUS
10
0.8670333464566929
20
0.6304305511811024
11
0.8670346850393701
21
0.6304321259842519
0
LINE
8
BLACK
6
CONTINUOUS
10
0.8670346850393701
20
0.6304321259842519
11
0.8689094488188976
21
0.6323068897637795
0
LINE
8
BLACK
6
CONTINUOUS
10
0.8689094488188976
20
0.6323068897637795
11
0.8691357874015748
21
0.6324926771653543
0
LINE
8
BLACK
6
CONTINUOUS
10
0.8691357874015748
20
0.6324926771653543
11
0.869186968503937
21
0.6325516535433071
0
LINE
8
BLACK
6
CONTINUOUS
10
0.869186968503937
20
0.6325516535433071
11
0.869275905511811
21
0.6326076377952756
0
LINE
8
BLACK
6
CONTINUOUS
10
0.869275905511811
20
0.6326076377952756
11
0.8693568897637796
21
0.632674094488189
0
LINE
8
BLACK
6
CONTINUOUS
10
0.8693568897637796
20
0.632674094488189
11
0.8694288188976378
21
0.632703937007874
0
LINE
8
BLACK
6
CONTINUOUS
10
0.8694288188976378
20
0.632703937007874
11
0.8696768503937008
21
0.63286
0
LINE
8
BLACK
6
CONTINUOUS
10
0.8696768503937008
20
0.63286
11
0.8734263779527559
21
0.6347347637795275
0
LINE
8
BLACK
6
CONTINUOUS
10
0.8734263779527559
20
0.6347347637795275
11
0.873966968503937
21
0.6349416535433071
0
LINE
8
BLACK
6
CONTINUOUS
10
0.873966968503937
20
0.6349416535433071
11
0.8740728346456693
21
0.6349492125984252
0
LINE
8
BLACK
6
CONTINUOUS
10
0.8740728346456693
20
0.6349492125984252
11
0.8741708267716535
21
0.6349897637795275
0
LINE
8
BLACK
6
CONTINUOUS
10
0.8741708267716535
20
0.6349897637795275
11
0.8747468897637795
21
0.6350464960629921
0
LINE
8
BLACK
6
CONTINUOUS
10
0.8747468897637795
20
0.6350464960629921
11
0.8822459448818898
21
0.6350464960629921
0
LINE
8
BLACK
6
CONTINUOUS
10
0.8822459448818898
20
0.6350464960629921
11
0.8828220078740158
21
0.6349897637795275
0
LINE
8
BLACK
6
CONTINUOUS
10
0.8689969291338583
20
0.6127941338582678
11
0.8677998031496063
21
0.6115970078740157
0
LINE
8
BLACK
6
CONTINUOUS
10
0.8677998031496063
20
0.6115970078740157
11
0.8664510629921259
21
0.6088995275590551
0
LINE
8
BLACK
6
CONTINUOUS
10
0.8664510629921259
20
0.6088995275590551
11
0.8664510629921259
21
0.6009198031496062
0
LINE
8
BLACK
6
CONTINUOUS
10
0.8664510629921259
20
0.6009198031496062
11
0.8677998031496063
21
0.5982223228346456
0
LINE
8
BLACK
6
CONTINUOUS
10
0.8677998031496063
20
0.5982223228346456
11
0.8689969291338583
21
0.5970251574803149
0
LINE
8
BLACK
6
CONTINUOUS
10
0.8689969291338583
20
0.5970251574803149
11
0.8716944094488189
21
0.5956764173228346
0
LINE
8
BLACK
6
CONTINUOUS
10
0.8716944094488189
20
0.5956764173228346
11
0.8777993700787401
21
0.5956764173228346
0
LINE
8
BLACK
6
CONTINUOUS
10
0.8777993700787401
20
0.5956764173228346
11
0.880496811023622
21
0.5970251574803149
0
LINE
8
BLACK
6
CONTINUOUS
10
0.880496811023622
20
0.5970251574803149
11
0.881693937007874
21
0.5982223228346456
0
LINE
8
BLACK
6
CONTINUOUS
10
0.881693937007874
20
0.5982223228346456
11
0.8830427165354331
21
0.6009198031496062
0
LINE
8
BLACK
6
CONTINUOUS
10
0.8830427165354331
20
0.6009198031496062
11
0.8830427165354331
21
0.6088995275590551
0
LINE
8
BLACK
6
CONTINUOUS
10
0.8830427165354331
20
0.6088995275590551
11
0.8816939763779528
21
0.6115970078740157
0
LINE
8
BLACK
6
CONTINUOUS
10
0.8816939763779528
20
0.6115970078740157
11
0.8804968503937007
21
0.6127941338582678
0
LINE
8
BLACK
6
CONTINUOUS
10
0.8804968503937007
20
0.6127941338582678
11
0.8777993700787401
21
0.614142874015748
0
LINE
8
BLACK
6
CONTINUOUS
10
0.8777993700787401
20
0.614142874015748
11
0.8716944094488189
21
0.614142874015748
0
LINE
8
BLACK
6
CONTINUOUS
10
0.8716944094488189
20
0.614142874015748
11
0.8689969291338583
21
0.6127941338582678
0
LINE
8
BLACK
6
CONTINUOUS
10
0.8611262992125984
20
0.7609740157480315
11
0.8612242913385827
21
0.7609334251968504
0
LINE
8
BLACK
6
CONTINUOUS
10
0.8612242913385827
20
0.7609334251968504
11
0.8613301181102362
21
0.7609259055118111
0
LINE
8
BLACK
6
CONTINUOUS
10
0.8613301181102362
20
0.7609259055118111
11
0.861870748031496
21
0.7607190157480315
0
LINE
8
BLACK
6
CONTINUOUS
10
0.861870748031496
20
0.7607190157480315
11
0.8656202755905512
21
0.7588442519685039
0
LINE
8
BLACK
6
CONTINUOUS
10
0.8656202755905512
20
0.7588442519685039
11
0.8658682677165355
21
0.7586881889763779
0
LINE
8
BLACK
6
CONTINUOUS
10
0.8658682677165355
20
0.7586881889763779
11
0.8659402362204724
21
0.7586583464566929
0
LINE
8
BLACK
6
CONTINUOUS
10
0.8659402362204724
20
0.7586583464566929
11
0.8660211811023621
21
0.7585918897637796
0
LINE
8
BLACK
6
CONTINUOUS
10
0.8660211811023621
20
0.7585918897637796
11
0.8661101574803149
21
0.758535905511811
0
LINE
8
BLACK
6
CONTINUOUS
10
0.8661101574803149
20
0.758535905511811
11
0.8661612992125984
21
0.7584769291338582
0
LINE
8
BLACK
6
CONTINUOUS
10
0.8661612992125984
20
0.7584769291338582
11
0.8663876771653544
21
0.7582911417322834
0
LINE
8
BLACK
6
CONTINUOUS
10
0.8663876771653544
20
0.7582911417322834
11
0.8682624409448819
21
0.7564163779527558
0
LINE
8
BLACK
6
CONTINUOUS
10
0.8682624409448819
20
0.7564163779527558
11
0.868448188976378
21
0.7561900393700787
0
LINE
8
BLACK
6
CONTINUOUS
10
0.868448188976378
20
0.7561900393700787
11
0.8685072047244095
21
0.7561388582677165
0
LINE
8
BLACK
6
CONTINUOUS
10
0.8685072047244095
20
0.7561388582677165
11
0.8685631496062992
21
0.7560499212598425
0
LINE
8
BLACK
6
CONTINUOUS
10
0.8685631496062992
20
0.7560499212598425
11
0.8686296456692914
21
0.755968937007874
0
LINE
8
BLACK
6
CONTINUOUS
10
0.8686296456692914
20
0.755968937007874
11
0.8686594488188977
21
0.7558970078740157
0
LINE
8
BLACK
6
CONTINUOUS
10
0.8686594488188977
20
0.7558970078740157
11
0.8688155511811023
21
0.7556489763779527
0
LINE
8
BLACK
6
CONTINUOUS
10
0.8688155511811023
20
0.7556489763779527
11
0.8706903149606299
21
0.7518994488188976
0
LINE
8
BLACK
6
CONTINUOUS
10
0.8706903149606299
20
0.7518994488188976
11
0.8708972047244095
21
0.7513588582677165
0
LINE
8
BLACK
6
CONTINUOUS
10
0.8708972047244095
20
0.7513588582677165
11
0.8709047244094488
21
0.7512529921259843
0
LINE
8
BLACK
6
CONTINUOUS
10
0.8709047244094488
20
0.7512529921259843
11
0.8709453149606299
21
0.751155
0
LINE
8
BLACK
6
CONTINUOUS
10
0.8709453149606299
20
0.751155
11
0.8710020472440945
21
0.750578937007874
0
LINE
8
BLACK
6
CONTINUOUS
10
0.8710020472440945
20
0.750578937007874
11
0.8710020472440945
21
0.7468294094488189
0
LINE
8
BLACK
6
CONTINUOUS
10
0.8710020472440945
20
0.7468294094488189
11
0.8709453149606299
21
0.7462533464566929
0
LINE
8
BLACK
6
CONTINUOUS
10
0.8709453149606299
20
0.7462533464566929
11
0.8709047244094488
21
0.7461553937007874
0
LINE
8
BLACK
6
CONTINUOUS
10
0.8709047244094488
20
0.7461553937007874
11
0.8708972047244095
21
0.7460494881889763
0
LINE
8
BLACK
6
CONTINUOUS
10
0.8708972047244095
20
0.7460494881889763
11
0.8706903149606299
21
0.7455088976377953
0
LINE
8
BLACK
6
CONTINUOUS
10
0.8706903149606299
20
0.7455088976377953
11
0.8688155511811023
21
0.7417593700787402
0
LINE
8
BLACK
6
CONTINUOUS
10
0.8688155511811023
20
0.7417593700787402
11
0.8686594488188977
21
0.7415113779527559
0
LINE
8
BLACK
6
CONTINUOUS
10
0.8686594488188977
20
0.7415113779527559
11
0.8686296456692914
21
0.7414394094488189
0
LINE
8
BLACK
6
CONTINUOUS
10
0.8686296456692914
20
0.7414394094488189
11
0.8685631496062992
21
0.7413584645669291
0
LINE
8
BLACK
6
CONTINUOUS
10
0.8685631496062992
20
0.7413584645669291
11
0.8685072047244095
21
0.7412694881889763
0
LINE
8
BLACK
6
CONTINUOUS
10
0.8685072047244095
20
0.7412694881889763
11
0.868448188976378
21
0.7412183464566929
0
LINE
8
BLACK
6
CONTINUOUS
10
0.868448188976378
20
0.7412183464566929
11
0.8682624409448819
21
0.740991968503937
0
LINE
8
BLACK
6
CONTINUOUS
10
0.8682624409448819
20
0.740991968503937
11
0.8673979133858267
21
0.7401274803149606
0
LINE
8
BLACK
6
CONTINUOUS
10
0.8673979133858267
20
0.7401274803149606
11
0.867636811023622
21
0.7400208267716535
0
LINE
8
BLACK
6
CONTINUOUS
10
0.867636811023622
20
0.7400208267716535
11
0.8677169291338582
21
0.7399513385826771
0
LINE
8
BLACK
6
CONTINUOUS
10
0.8677169291338582
20
0.7399513385826771
11
0.867815
21
0.7399107086614173
0
LINE
8
BLACK
6
CONTINUOUS
10
0.867815
20
0.7399107086614173
11
0.8682624409448819
21
0.7395435039370079
0
LINE
8
BLACK
6
CONTINUOUS
10
0.8682624409448819
20
0.7395435039370079
11
0.8701372047244095
21
0.7376687401574803
0
LINE
8
BLACK
6
CONTINUOUS
10
0.8701372047244095
20
0.7376687401574803
11
0.8703229527559055
21
0.7374424015748031
0
LINE
8
BLACK
6
CONTINUOUS
10
0.8703229527559055
20
0.7374424015748031
11
0.870381968503937
21
0.7373912204724409
0
LINE
8
BLACK
6
CONTINUOUS
10
0.870381968503937
20
0.7373912204724409
11
0.8704379133858268
21
0.7373022834645669
0
LINE
8
BLACK
6
CONTINUOUS
10
0.8704379133858268
20
0.7373022834645669
11
0.8705044094488189
21
0.7372212992125984
0
LINE
8
BLACK
6
CONTINUOUS
10
0.8705044094488189
20
0.7372212992125984
11
0.8705342125984252
21
0.7371493700787402
0
LINE
8
BLACK
6
CONTINUOUS
10
0.8705342125984252
20
0.7371493700787402
11
0.8706903149606299
21
0.7369013385826771
0
LINE
8
BLACK
6
CONTINUOUS
10
0.8706903149606299
20
0.7369013385826771
11
0.8725650787401574
21
0.733151811023622
0
LINE
8
BLACK
6
CONTINUOUS
10
0.8725650787401574
20
0.733151811023622
11
0.872771968503937
21
0.732611220472441
0
LINE
8
BLACK
6
CONTINUOUS
10
0.872771968503937
20
0.732611220472441
11
0.8727794881889763
21
0.7325053543307086
0
LINE
8
BLACK
6
CONTINUOUS
10
0.8727794881889763
20
0.7325053543307086
11
0.8728200787401574
21
0.7324073622047244
0
LINE
8
BLACK
6
CONTINUOUS
10
0.8728200787401574
20
0.7324073622047244
11
0.872876811023622
21
0.7318312992125984
0
LINE
8
BLACK
6
CONTINUOUS
10
0.872876811023622
20
0.7318312992125984
11
0.872876811023622
21
0.7262070078740157
0
LINE
8
BLACK
6
CONTINUOUS
10
0.872876811023622
20
0.7262070078740157
11
0.8728200787401574
21
0.7256309448818897
0
LINE
8
BLACK
6
CONTINUOUS
10
0.8728200787401574
20
0.7256309448818897
11
0.8727794881889763
21
0.7255329921259842
0
LINE
8
BLACK
6
CONTINUOUS
10
0.8727794881889763
20
0.7255329921259842
11
0.872771968503937
21
0.7254270866141732
0
LINE
8
BLACK
6
CONTINUOUS
10
0.872771968503937
20
0.7254270866141732
11
0.8725650787401574
21
0.7248864960629922
0
LINE
8
BLACK
6
CONTINUOUS
10
0.8725650787401574
20
0.7248864960629922
11
0.8706903149606299
21
0.7211369685039369
0
LINE
8
BLACK
6
CONTINUOUS
10
0.8706903149606299
20
0.7211369685039369
11
0.8705342519685039
21
0.7208890944881889
0
LINE
8
BLACK
6
CONTINUOUS
10
0.8705342519685039
20
0.7208890944881889
11
0.8705044488188977
21
0.7208170472440945
0
LINE
8
BLACK
6
CONTINUOUS
10
0.8705044488188977
20
0.7208170472440945
11
0.8704379133858268
21
0.7207360236220473
0
LINE
8
BLACK
6
CONTINUOUS
10
0.8704379133858268
20
0.7207360236220473
11
0.870381968503937
21
0.7206470866141732
0
LINE
8
BLACK
6
CONTINUOUS
10
0.870381968503937
20
0.7206470866141732
11
0.8703229527559055
21
0.7205959448818897
0
LINE
8
BLACK
6
CONTINUOUS
10
0.8703229527559055
20
0.7205959448818897
11
0.8701372047244095
21
0.7203695669291338
0
LINE
8
BLACK
6
CONTINUOUS
10
0.8701372047244095
20
0.7203695669291338
11
0.8682624803149606
21
0.7184948031496062
0
LINE
8
BLACK
6
CONTINUOUS
10
0.8682624803149606
20
0.7184948031496062
11
0.8680361023622047
21
0.7183090551181103
0
LINE
8
BLACK
6
CONTINUOUS
10
0.8680361023622047
20
0.7183090551181103
11
0.8679849212598425
21
0.7182499999999999
0
LINE
8
BLACK
6
CONTINUOUS
10
0.8679849212598425
20
0.7182499999999999
11
0.8678959448818897
21
0.7181940157480314
0
LINE
8
BLACK
6
CONTINUOUS
10
0.8678959448818897
20
0.7181940157480314
11
0.867815
21
0.718127559055118
0
LINE
8
BLACK
6
CONTINUOUS
10
0.867815
20
0.718127559055118
11
0.867743031496063
21
0.7180977559055118
0
LINE
8
BLACK
6
CONTINUOUS
10
0.867743031496063
20
0.7180977559055118
11
0.8674950393700788
21
0.7179416535433071
0
LINE
8
BLACK
6
CONTINUOUS
10
0.8674950393700788
20
0.7179416535433071
11
0.8637455118110235
21
0.7160668897637795
0
LINE
8
BLACK
6
CONTINUOUS
10
0.8637455118110235
20
0.7160668897637795
11
0.8632048818897637
21
0.7158599999999999
0
LINE
8
BLACK
6
CONTINUOUS
10
0.8632048818897637
20
0.7158599999999999
11
0.8630990551181102
21
0.7158525196850394
0
LINE
8
BLACK
6
CONTINUOUS
10
0.8630990551181102
20
0.7158525196850394
11
0.863001062992126
21
0.7158118897637795
0
LINE
8
BLACK
6
CONTINUOUS
10
0.863001062992126
20
0.7158118897637795
11
0.862425
21
0.7157551574803149
0
LINE
8
BLACK
6
CONTINUOUS
10
0.862425
20
0.7157551574803149
11
0.8474268897637796
21
0.7157551574803149
0
LINE
8
BLACK
6
CONTINUOUS
10
0.8474268897637796
20
0.7157551574803149
11
0.8468508267716536
21
0.7158118897637795
0
LINE
8
BLACK
6
CONTINUOUS
10
0.8468508267716536
20
0.7158118897637795
11
0.8457864173228347
21
0.7162527952755905
0
LINE
8
BLACK
6
CONTINUOUS
10
0.8457864173228347
20
0.7162527952755905
11
0.8449717716535433
21
0.7170674409448818
0
LINE
8
BLACK
6
CONTINUOUS
10
0.8449717716535433
20
0.7170674409448818
11
0.8445308661417322
21
0.7181318503937008
0
LINE
8
BLACK
6
CONTINUOUS
10
0.8445308661417322
20
0.7181318503937008
11
0.8444741338582678
21
0.7187079133858267
0
LINE
8
BLACK
6
CONTINUOUS
10
0.8444741338582678
20
0.7187079133858267
11
0.8444741338582678
21
0.7580779921259843
0
LINE
8
BLACK
6
CONTINUOUS
10
0.8444741338582678
20
0.7580779921259843
11
0.8445308661417322
21
0.7586540551181102
0
LINE
8
BLACK
6
CONTINUOUS
10
0.8445308661417322
20
0.7586540551181102
11
0.8449717716535433
21
0.7597184645669292
0
LINE
8
BLACK
6
CONTINUOUS
10
0.8449717716535433
20
0.7597184645669292
11
0.8457864173228347
21
0.7605331102362205
0
LINE
8
BLACK
6
CONTINUOUS
10
0.8457864173228347
20
0.7605331102362205
11
0.8468508267716536
21
0.7609740157480315
0
LINE
8
BLACK
6
CONTINUOUS
10
0.8468508267716536
20
0.7609740157480315
11
0.8474268897637796
21
0.7610307480314961
0
LINE
8
BLACK
6
CONTINUOUS
10
0.8474268897637796
20
0.7610307480314961
11
0.8605502362204724
21
0.7610307480314961
0
LINE
8
BLACK
6
CONTINUOUS
10
0.8605502362204724
20
0.7610307480314961
11
0.8611262992125984
21
0.7609740157480315
0
LINE
8
BLACK
6
CONTINUOUS
10
0.8503796456692914
20
0.7216606692913385
11
0.8617279527559055
21
0.7216606692913385
0
LINE
8
BLACK
6
CONTINUOUS
10
0.8617279527559055
20
0.7216606692913385
11
0.8644253937007874
21
0.7230094094488189
0
LINE
8
BLACK
6
CONTINUOUS
10
0.8644253937007874
20
0.7230094094488189
11
0.8656225196850393
21
0.7242065748031495
0
LINE
8
BLACK
6
CONTINUOUS
10
0.8656225196850393
20
0.7242065748031495
11
0.8669712992125984
21
0.7269040551181102
0
LINE
8
BLACK
6
CONTINUOUS
10
0.8669712992125984
20
0.7269040551181102
11
0.8669712992125984
21
0.7311342519685039
0
LINE
8
BLACK
6
CONTINUOUS
10
0.8669712992125984
20
0.7311342519685039
11
0.8656225590551181
21
0.7338317322834645
0
LINE
8
BLACK
6
CONTINUOUS
10
0.8656225590551181
20
0.7338317322834645
11
0.8645794881889763
21
0.7348748031496063
0
LINE
8
BLACK
6
CONTINUOUS
10
0.8645794881889763
20
0.7348748031496063
11
0.8600711023622047
21
0.7363775984251968
0
LINE
8
BLACK
6
CONTINUOUS
10
0.8600711023622047
20
0.7363775984251968
11
0.8503796456692914
21
0.7363775984251968
0
LINE
8
BLACK
6
CONTINUOUS
10
0.8503796456692914
20
0.7363775984251968
11
0.8503796456692914
21
0.7216606692913385
0
LINE
8
BLACK
6
CONTINUOUS
10
0.8503796456692914
20
0.7422831102362204
11
0.859853188976378
21
0.7422831102362204
0
LINE
8
BLACK
6
CONTINUOUS
10
0.859853188976378
20
0.7422831102362204
11
0.8625506692913386
21
0.7436318503937007
0
LINE
8
BLACK
6
CONTINUOUS
10
0.8625506692913386
20
0.7436318503937007
11
0.8637477952755905
21
0.7448289763779528
0
LINE
8
BLACK
6
CONTINUOUS
10
0.8637477952755905
20
0.7448289763779528
11
0.8650965354330709
21
0.7475264566929134
0
LINE
8
BLACK
6
CONTINUOUS
10
0.8650965354330709
20
0.7475264566929134
11
0.8650965354330709
21
0.7498818897637796
0
LINE
8
BLACK
6
CONTINUOUS
10
0.8650965354330709
20
0.7498818897637796
11
0.8637477952755905
21
0.7525793700787401
0
LINE
8
BLACK
6
CONTINUOUS
10
0.8637477952755905
20
0.7525793700787401
11
0.8625506692913386
21
0.7537764960629921
0
LINE
8
BLACK
6
CONTINUOUS
10
0.8625506692913386
20
0.7537764960629921
11
0.859853188976378
21
0.7551252362204725
0
LINE
8
BLACK
6
CONTINUOUS
10
0.859853188976378
20
0.7551252362204725
11
0.8503796456692914
21
0.7551252362204725
0
LINE
8
BLACK
6
CONTINUOUS
10
0.8503796456692914
20
0.7551252362204725
11
0.8503796456692914
21
0.7422831102362204
0
LINE
8
BLACK
6
CONTINUOUS
10
0.9020866141732283
20
0.7610020472440945
11
0.9021643700787402
21
0.7610075590551181
0
LINE
8
BLACK
6
CONTINUOUS
10
0.9021643700787402
20
0.7610075590551181
11
0.9022666141732283
21
0.7609843307086614
0
LINE
8
BLACK
6
CONTINUOUS
10
0.9022666141732283
20
0.7609843307086614
11
0.9023711417322835
21
0.7609740157480315
0
LINE
8
BLACK
6
CONTINUOUS
10
0.9023711417322835
20
0.7609740157480315
11
0.9024432283464566
21
0.7609441732283464
0
LINE
8
BLACK
6
CONTINUOUS
10
0.9024432283464566
20
0.7609441732283464
11
0.9027288188976378
21
0.7608792125984252
0
LINE
8
BLACK
6
CONTINUOUS
10
0.9027288188976378
20
0.7608792125984252
11
0.9083531102362205
21
0.7590044488188976
0
LINE
8
BLACK
6
CONTINUOUS
10
0.9083531102362205
20
0.7590044488188976
11
0.9088816535433071
21
0.7587684645669291
0
LINE
8
BLACK
6
CONTINUOUS
10
0.9088816535433071
20
0.7587684645669291
11
0.9097520078740158
21
0.7580135826771653
0
LINE
8
BLACK
6
CONTINUOUS
10
0.9097520078740158
20
0.7580135826771653
11
0.9102672440944881
21
0.7569831496062992
0
LINE
8
BLACK
6
CONTINUOUS
10
0.9102672440944881
20
0.7569831496062992
11
0.910348937007874
21
0.755833937007874
0
LINE
8
BLACK
6
CONTINUOUS
10
0.910348937007874
20
0.755833937007874
11
0.9099846062992126
21
0.7547409448818897
0
LINE
8
BLACK
6
CONTINUOUS
10
0.9099846062992126
20
0.7547409448818897
11
0.9092297244094488
21
0.7538705511811024
0
LINE
8
BLACK
6
CONTINUOUS
10
0.9092297244094488
20
0.7538705511811024
11
0.9081992519685039
21
0.7533553543307087
0
LINE
8
BLACK
6
CONTINUOUS
10
0.9081992519685039
20
0.7533553543307087
11
0.9070500393700787
21
0.7532736614173228
0
LINE
8
BLACK
6
CONTINUOUS
10
0.9070500393700787
20
0.7532736614173228
11
0.9064855905511811
21
0.7534020078740157
0
LINE
8
BLACK
6
CONTINUOUS
10
0.9064855905511811
20
0.7534020078740157
11
0.9013159448818897
21
0.7551252362204725
0
LINE
8
BLACK
6
CONTINUOUS
10
0.9013159448818897
20
0.7551252362204725
11
0.8931183070866141
21
0.7551252362204725
0
LINE
8
BLACK
6
CONTINUOUS
10
0.8931183070866141
20
0.7551252362204725
11
0.8904208267716536
21
0.7537764960629921
0
LINE
8
BLACK
6
CONTINUOUS
10
0.8904208267716536
20
0.7537764960629921
11
0.8892237007874015
21
0.7525793700787401
0
LINE
8
BLACK
6
CONTINUOUS
10
0.8892237007874015
20
0.7525793700787401
11
0.8878749606299212
21
0.7498818897637796
0
LINE
8
BLACK
6
CONTINUOUS
10
0.8878749606299212
20
0.7498818897637796
11
0.8878749606299212
21
0.7475264566929134
0
LINE
8
BLACK
6
CONTINUOUS
10
0.8878749606299212
20
0.7475264566929134
11
0.8892237007874015
21
0.7448289763779528
0
LINE
8
BLACK
6
CONTINUOUS
10
0.8892237007874015
20
0.7448289763779528
11
0.8904208267716536
21
0.7436318503937007
0
LINE
8
BLACK
6
CONTINUOUS
10
0.8904208267716536
20
0.7436318503937007
11
0.893451811023622
21
0.7421163779527559
0
LINE
8
BLACK
6
CONTINUOUS
10
0.893451811023622
20
0.7421163779527559
11
0.9006364566929134
21
0.7403201968503936
0
LINE
8
BLACK
6
CONTINUOUS
10
0.9006364566929134
20
0.7403201968503936
11
0.900678937007874
21
0.7403050393700787
0
LINE
8
BLACK
6
CONTINUOUS
10
0.900678937007874
20
0.7403050393700787
11
0.9007001968503937
21
0.7403035039370078
0
LINE
8
BLACK
6
CONTINUOUS
10
0.9007001968503937
20
0.7403035039370078
11
0.9009396062992125
21
0.7402118897637795
0
LINE
8
BLACK
6
CONTINUOUS
10
0.9009396062992125
20
0.7402118897637795
11
0.9011815748031495
21
0.7401254330708661
0
LINE
8
BLACK
6
CONTINUOUS
10
0.9011815748031495
20
0.7401254330708661
11
0.9011987007874016
21
0.7401127559055118
0
LINE
8
BLACK
6
CONTINUOUS
10
0.9011987007874016
20
0.7401127559055118
11
0.9012408267716535
21
0.7400966141732284
0
LINE
8
BLACK
6
CONTINUOUS
10
0.9012408267716535
20
0.7400966141732284
11
0.9049903543307086
21
0.7382218503937008
0
LINE
8
BLACK
6
CONTINUOUS
10
0.9049903543307086
20
0.7382218503937008
11
0.9052383464566929
21
0.7380657874015748
0
LINE
8
BLACK
6
CONTINUOUS
10
0.9052383464566929
20
0.7380657874015748
11
0.9053103149606299
21
0.7380359448818897
0
LINE
8
BLACK
6
CONTINUOUS
10
0.9053103149606299
20
0.7380359448818897
11
0.9053912598425197
21
0.7379694881889763
0
LINE
8
BLACK
6
CONTINUOUS
10
0.9053912598425197
20
0.7379694881889763
11
0.9054802362204725
21
0.7379135039370078
0
LINE
8
BLACK
6
CONTINUOUS
10
0.9054802362204725
20
0.7379135039370078
11
0.9055313779527558
21
0.7378545275590551
0
LINE
8
BLACK
6
CONTINUOUS
10
0.9055313779527558
20
0.7378545275590551
11
0.9057577559055118
21
0.7376687401574803
0
LINE
8
BLACK
6
CONTINUOUS
10
0.9057577559055118
20
0.7376687401574803
11
0.9076325196850393
21
0.7357939763779527
0
LINE
8
BLACK
6
CONTINUOUS
10
0.9076325196850393
20
0.7357939763779527
11
0.9078182677165354
21
0.7355676377952756
0
LINE
8
BLACK
6
CONTINUOUS
10
0.9078182677165354
20
0.7355676377952756
11
0.9078772834645669
21
0.7355164566929133
0
LINE
8
BLACK
6
CONTINUOUS
10
0.9078772834645669
20
0.7355164566929133
11
0.9079332283464566
21
0.7354275196850394
0
LINE
8
BLACK
6
CONTINUOUS
10
0.9079332283464566
20
0.7354275196850394
11
0.9079997244094488
21
0.7353465354330708
0
LINE
8
BLACK
6
CONTINUOUS
10
0.9079997244094488
20
0.7353465354330708
11
0.9080295275590551
21
0.7352746062992126
0
LINE
8
BLACK
6
CONTINUOUS
10
0.9080295275590551
20
0.7352746062992126
11
0.9081856299212598
21
0.7350265748031496
0
LINE
8
BLACK
6
CONTINUOUS
10
0.9081856299212598
20
0.7350265748031496
11
0.9100603937007874
21
0.7312770472440945
0
LINE
8
BLACK
6
CONTINUOUS
10
0.9100603937007874
20
0.7312770472440945
11
0.9102672834645669
21
0.7307364566929133
0
LINE
8
BLACK
6
CONTINUOUS
10
0.9102672834645669
20
0.7307364566929133
11
0.9102748031496063
21
0.7306305905511811
0
LINE
8
BLACK
6
CONTINUOUS
10
0.9102748031496063
20
0.7306305905511811
11
0.9103153937007874
21
0.7305325984251968
0
LINE
8
BLACK
6
CONTINUOUS
10
0.9103153937007874
20
0.7305325984251968
11
0.910372125984252
21
0.7299565354330708
0
LINE
8
BLACK
6
CONTINUOUS
10
0.910372125984252
20
0.7299565354330708
11
0.910372125984252
21
0.7262070078740157
0
LINE
8
BLACK
6
CONTINUOUS
10
0.910372125984252
20
0.7262070078740157
11
0.9103153937007874
21
0.7256309448818897
0
LINE
8
BLACK
6
CONTINUOUS
10
0.9103153937007874
20
0.7256309448818897
11
0.9102748031496063
21
0.7255329921259842
0
LINE
8
BLACK
6
CONTINUOUS
10
0.9102748031496063
20
0.7255329921259842
11
0.9102672834645669
21
0.7254270866141732
0
LINE
8
BLACK
6
CONTINUOUS
10
0.9102672834645669
20
0.7254270866141732
11
0.9100603937007874
21
0.7248864960629922
0
LINE
8
BLACK
6
CONTINUOUS
10
0.9100603937007874
20
0.7248864960629922
11
0.9081856299212598
21
0.7211369685039369
0
LINE
8
BLACK
6
CONTINUOUS
10
0.9081856299212598
20
0.7211369685039369
11
0.9080295669291338
21
0.7208890944881889
0
LINE
8
BLACK
6
CONTINUOUS
10
0.9080295669291338
20
0.7208890944881889
11
0.9079997637795275
21
0.7208170472440945
0
LINE
8
BLACK
6
CONTINUOUS
10
0.9079997637795275
20
0.7208170472440945
11
0.9079332283464566
21
0.7207360236220473
0
LINE
8
BLACK
6
CONTINUOUS
10
0.9079332283464566
20
0.7207360236220473
11
0.9078772834645669
21
0.7206470866141732
0
LINE
8
BLACK
6
CONTINUOUS
10
0.9078772834645669
20
0.7206470866141732
11
0.9078182677165354
21
0.7205959448818897
0
LINE
8
BLACK
6
CONTINUOUS
10
0.9078182677165354
20
0.7205959448818897
11
0.9076325196850393
21
0.7203695669291338
0
LINE
8
BLACK
6
CONTINUOUS
10
0.9076325196850393
20
0.7203695669291338
11
0.9057577952755905
21
0.7184948031496062
0
LINE
8
BLACK
6
CONTINUOUS
10
0.9057577952755905
20
0.7184948031496062
11
0.9055314173228346
21
0.7183090551181103
0
LINE
8
BLACK
6
CONTINUOUS
10
0.9055314173228346
20
0.7183090551181103
11
0.9054802362204725
21
0.7182499999999999
0
LINE
8
BLACK
6
CONTINUOUS
10
0.9054802362204725
20
0.7182499999999999
11
0.9053912598425197
21
0.7181940157480314
0
LINE
8
BLACK
6
CONTINUOUS
10
0.9053912598425197
20
0.7181940157480314
11
0.9053103149606299
21
0.718127559055118
0
LINE
8
BLACK
6
CONTINUOUS
10
0.9053103149606299
20
0.718127559055118
11
0.9052383464566929
21
0.7180977559055118
0
LINE
8
BLACK
6
CONTINUOUS
10
0.9052383464566929
20
0.7180977559055118
11
0.9049903543307086
21
0.7179416535433071
0
LINE
8
BLACK
6
CONTINUOUS
10
0.9049903543307086
20
0.7179416535433071
11
0.9012408267716535
21
0.7160668897637795
0
LINE
8
BLACK
6
CONTINUOUS
10
0.9012408267716535
20
0.7160668897637795
11
0.9007001968503937
21
0.7158599999999999
0
LINE
8
BLACK
6
CONTINUOUS
10
0.9007001968503937
20
0.7158599999999999
11
0.9005943700787401
21
0.7158525196850394
0
LINE
8
BLACK
6
CONTINUOUS
10
0.9005943700787401
20
0.7158525196850394
11
0.9004963779527558
21
0.7158118897637795
0
LINE
8
BLACK
6
CONTINUOUS
10
0.9004963779527558
20
0.7158118897637795
11
0.8999203149606299
21
0.7157551574803149
0
LINE
8
BLACK
6
CONTINUOUS
10
0.8999203149606299
20
0.7157551574803149
11
0.8905464960629921
21
0.7157551574803149
0
LINE
8
BLACK
6
CONTINUOUS
10
0.8905464960629921
20
0.7157551574803149
11
0.8902548818897638
21
0.7157838976377953
0
LINE
8
BLACK
6
CONTINUOUS
10
0.8902548818897638
20
0.7157838976377953
11
0.8901771653543307
21
0.7157783464566929
0
LINE
8
BLACK
6
CONTINUOUS
10
0.8901771653543307
20
0.7157783464566929
11
0.8900748818897638
21
0.7158016141732283
0
LINE
8
BLACK
6
CONTINUOUS
10
0.8900748818897638
20
0.7158016141732283
11
0.8899704330708661
21
0.7158118897637795
0
LINE
8
BLACK
6
CONTINUOUS
10
0.8899704330708661
20
0.7158118897637795
11
0.8898983464566929
21
0.7158417716535433
0
LINE
8
BLACK
6
CONTINUOUS
10
0.8898983464566929
20
0.7158417716535433
11
0.8896127165354331
21
0.7159066929133858
0
LINE
8
BLACK
6
CONTINUOUS
10
0.8896127165354331
20
0.7159066929133858
11
0.8839884645669291
21
0.7177814566929134
0
LINE
8
BLACK
6
CONTINUOUS
10
0.8839884645669291
20
0.7177814566929134
11
0.8834598818897638
21
0.7180174409448818
0
LINE
8
BLACK
6
CONTINUOUS
10
0.8834598818897638
20
0.7180174409448818
11
0.8825895275590551
21
0.7187723228346456
0
LINE
8
BLACK
6
CONTINUOUS
10
0.8825895275590551
20
0.7187723228346456
11
0.8820743307086614
21
0.7198027559055118
0
LINE
8
BLACK
6
CONTINUOUS
10
0.8820743307086614
20
0.7198027559055118
11
0.8819926377952756
21
0.7209519685039369
0
LINE
8
BLACK
6
CONTINUOUS
10
0.8819926377952756
20
0.7209519685039369
11
0.882356968503937
21
0.7220449999999999
0
LINE
8
BLACK
6
CONTINUOUS
10
0.882356968503937
20
0.7220449999999999
11
0.8831118503937008
21
0.7229153543307086
0
LINE
8
BLACK
6
CONTINUOUS
10
0.8831118503937008
20
0.7229153543307086
11
0.8841422834645669
21
0.7234305511811023
0
LINE
8
BLACK
6
CONTINUOUS
10
0.8841422834645669
20
0.7234305511811023
11
0.8852914960629921
21
0.7235122440944882
0
LINE
8
BLACK
6
CONTINUOUS
10
0.8852914960629921
20
0.7235122440944882
11
0.8858559448818898
21
0.7233838976377953
0
LINE
8
BLACK
6
CONTINUOUS
10
0.8858559448818898
20
0.7233838976377953
11
0.8910256299212598
21
0.7216606692913385
0
LINE
8
BLACK
6
CONTINUOUS
10
0.8910256299212598
20
0.7216606692913385
11
0.8992232677165354
21
0.7216606692913385
0
LINE
8
BLACK
6
CONTINUOUS
10
0.8992232677165354
20
0.7216606692913385
11
0.9019207086614173
21
0.7230094094488189
0
LINE
8
BLACK
6
CONTINUOUS
10
0.9019207086614173
20
0.7230094094488189
11
0.9031178346456693
21
0.7242065748031495
0
LINE
8
BLACK
6
CONTINUOUS
10
0.9031178346456693
20
0.7242065748031495
11
0.9044666141732284
21
0.7269040551181102
0
LINE
8
BLACK
6
CONTINUOUS
10
0.9044666141732284
20
0.7269040551181102
11
0.9044666141732284
21
0.7292594881889763
0
LINE
8
BLACK
6
CONTINUOUS
10
0.9044666141732284
20
0.7292594881889763
11
0.9031178740157481
21
0.731956968503937
0
LINE
8
BLACK
6
CONTINUOUS
10
0.9031178740157481
20
0.731956968503937
11
0.901920748031496
21
0.7331540944881889
0
LINE
8
BLACK
6
CONTINUOUS
10
0.901920748031496
20
0.7331540944881889
11
0.8988897637795276
21
0.7346696062992126
0
LINE
8
BLACK
6
CONTINUOUS
10
0.8988897637795276
20
0.7346696062992126
11
0.8917051181102362
21
0.736465748031496
0
LINE
8
BLACK
6
CONTINUOUS
10
0.8917051181102362
20
0.736465748031496
11
0.8916625984251968
21
0.7364809448818898
0
LINE
8
BLACK
6
CONTINUOUS
10
0.8916625984251968
20
0.7364809448818898
11
0.8916413385826771
21
0.7364824409448819
0
LINE
8
BLACK
6
CONTINUOUS
10
0.8916413385826771
20
0.7364824409448819
11
0.8914015748031496
21
0.7365742125984251
0
LINE
8
BLACK
6
CONTINUOUS
10
0.8914015748031496
20
0.7365742125984251
11
0.89116
21
0.7366605118110237
0
LINE
8
BLACK
6
CONTINUOUS
10
0.89116
20
0.7366605118110237
11
0.8911428346456692
21
0.7366732283464567
0
LINE
8
BLACK
6
CONTINUOUS
10
0.8911428346456692
20
0.7366732283464567
11
0.8911007480314961
21
0.7366893307086614
0
LINE
8
BLACK
6
CONTINUOUS
10
0.8911007480314961
20
0.7366893307086614
11
0.887351220472441
21
0.7385640944881889
0
LINE
8
BLACK
6
CONTINUOUS
10
0.887351220472441
20
0.7385640944881889
11
0.887103188976378
21
0.7387201968503937
0
LINE
8
BLACK
6
CONTINUOUS
10
0.887103188976378
20
0.7387201968503937
11
0.8870312598425196
21
0.73875
0
LINE
8
BLACK
6
CONTINUOUS
10
0.8870312598425196
20
0.73875
11
0.8869502755905512
21
0.7388164960629922
0
LINE
8
BLACK
6
CONTINUOUS
10
0.8869502755905512
20
0.7388164960629922
11
0.8868613385826771
21
0.7388724409448819
0
LINE
8
BLACK
6
CONTINUOUS
10
0.8868613385826771
20
0.7388724409448819
11
0.8868101574803149
21
0.7389314566929134
0
LINE
8
BLACK
6
CONTINUOUS
10
0.8868101574803149
20
0.7389314566929134
11
0.8865838188976378
21
0.7391172047244094
0
LINE
8
BLACK
6
CONTINUOUS
10
0.8865838188976378
20
0.7391172047244094
11
0.8847090551181103
21
0.740991968503937
0
LINE
8
BLACK
6
CONTINUOUS
10
0.8847090551181103
20
0.740991968503937
11
0.8845232677165354
21
0.7412183464566929
0
LINE
8
BLACK
6
CONTINUOUS
10
0.8845232677165354
20
0.7412183464566929
11
0.8844642913385826
21
0.7412694881889763
0
LINE
8
BLACK
6
CONTINUOUS
10
0.8844642913385826
20
0.7412694881889763
11
0.8844083070866141
21
0.7413584645669291
0
LINE
8
BLACK
6
CONTINUOUS
10
0.8844083070866141
20
0.7413584645669291
11
0.8843418503937007
21
0.7414394094488189
0
LINE
8
BLACK
6
CONTINUOUS
10
0.8843418503937007
20
0.7414394094488189
11
0.8843120078740158
21
0.7415113779527559
0
LINE
8
BLACK
6
CONTINUOUS
10
0.8843120078740158
20
0.7415113779527559
11
0.8841559448818898
21
0.7417593700787402
0
LINE
8
BLACK
6
CONTINUOUS
10
0.8841559448818898
20
0.7417593700787402
11
0.8822811811023622
21
0.7455088976377953
0
LINE
8
BLACK
6
CONTINUOUS
10
0.8822811811023622
20
0.7455088976377953
11
0.8820742913385826
21
0.7460495275590551
0
LINE
8
BLACK
6
CONTINUOUS
10
0.8820742913385826
20
0.7460495275590551
11
0.8820667716535433
21
0.7461553543307087
0
LINE
8
BLACK
6
CONTINUOUS
10
0.8820667716535433
20
0.7461553543307087
11
0.8820261811023622
21
0.7462533464566929
0
LINE
8
BLACK
6
CONTINUOUS
10
0.8820261811023622
20
0.7462533464566929
11
0.8819694488188976
21
0.7468294094488189
0
LINE
8
BLACK
6
CONTINUOUS
10
0.8819694488188976
20
0.7468294094488189
11
0.8819694488188976
21
0.750578937007874
0
LINE
8
BLACK
6
CONTINUOUS
10
0.8819694488188976
20
0.750578937007874
11
0.8820261811023622
21
0.751155
0
LINE
8
BLACK
6
CONTINUOUS
10
0.8820261811023622
20
0.751155
11
0.8820667716535433
21
0.7512530314960629
0
LINE
8
BLACK
6
CONTINUOUS
10
0.8820667716535433
20
0.7512530314960629
11
0.8820742913385826
21
0.7513588188976378
0
LINE
8
BLACK
6
CONTINUOUS
10
0.8820742913385826
20
0.7513588188976378
11
0.8822811811023622
21
0.7518994488188976
0
LINE
8
BLACK
6
CONTINUOUS
10
0.8822811811023622
20
0.7518994488188976
11
0.8841559448818898
21
0.7556489763779527
0
LINE
8
BLACK
6
CONTINUOUS
10
0.8841559448818898
20
0.7556489763779527
11
0.8843120078740158
21
0.7558970078740157
0
LINE
8
BLACK
6
CONTINUOUS
10
0.8843120078740158
20
0.7558970078740157
11
0.8843418503937007
21
0.755968937007874
0
LINE
8
BLACK
6
CONTINUOUS
10
0.8843418503937007
20
0.755968937007874
11
0.8844083070866141
21
0.7560499212598425
0
LINE
8
BLACK
6
CONTINUOUS
10
0.8844083070866141
20
0.7560499212598425
11
0.8844642913385826
21
0.7561388582677165
0
LINE
8
BLACK
6
CONTINUOUS
10
0.8844642913385826
20
0.7561388582677165
11
0.8845232677165354
21
0.7561900393700787
0
LINE
8
BLACK
6
CONTINUOUS
10
0.8845232677165354
20
0.7561900393700787
11
0.8847090551181103
21
0.7564163779527558
0
LINE
8
BLACK
6
CONTINUOUS
10
0.8847090551181103
20
0.7564163779527558
11
0.8865838188976378
21
0.7582911417322834
0
LINE
8
BLACK
6
CONTINUOUS
10
0.8865838188976378
20
0.7582911417322834
11
0.8868101574803149
21
0.7584769291338582
0
LINE
8
BLACK
6
CONTINUOUS
10
0.8868101574803149
20
0.7584769291338582
11
0.8868613385826771
21
0.758535905511811
0
LINE
8
BLACK
6
CONTINUOUS
10
0.8868613385826771
20
0.758535905511811
11
0.8869502755905512
21
0.7585918897637796
0
LINE
8
BLACK
6
CONTINUOUS
10
0.8869502755905512
20
0.7585918897637796
11
0.8870312598425196
21
0.7586583464566929
0
LINE
8
BLACK
6
CONTINUOUS
10
0.8870312598425196
20
0.7586583464566929
11
0.887103188976378
21
0.7586881889763779
0
LINE
8
BLACK
6
CONTINUOUS
10
0.887103188976378
20
0.7586881889763779
11
0.887351220472441
21
0.7588442519685039
0
LINE
8
BLACK
6
CONTINUOUS
10
0.887351220472441
20
0.7588442519685039
11
0.8911007480314961
21
0.7607190157480315
0
LINE
8
BLACK
6
CONTINUOUS
10
0.8911007480314961
20
0.7607190157480315
11
0.8916413385826771
21
0.7609259055118111
0
LINE
8
BLACK
6
CONTINUOUS
10
0.8916413385826771
20
0.7609259055118111
11
0.8917472047244094
21
0.7609334645669291
0
LINE
8
BLACK
6
CONTINUOUS
10
0.8917472047244094
20
0.7609334645669291
11
0.8918451968503937
21
0.7609740157480315
0
LINE
8
BLACK
6
CONTINUOUS
10
0.8918451968503937
20
0.7609740157480315
11
0.8924212598425196
21
0.7610307480314961
0
LINE
8
BLACK
6
CONTINUOUS
10
0.8924212598425196
20
0.7610307480314961
11
0.9017950787401574
21
0.7610307480314961
0
LINE
8
BLACK
6
CONTINUOUS
10
0.9017950787401574
20
0.7610307480314961
11
0.9020866141732283
21
0.7610020472440945
0
LINE
8
BLACK
6
CONTINUOUS
10
0.9378914566929134
20
0.7656984251968504
11
0.9381838582677166
21
0.7656984251968504
0
LINE
8
BLACK
6
CONTINUOUS
10
0.9381838582677166
20
0.7656984251968504
11
0.9384511023622047
21
0.765587716535433
0
LINE
8
BLACK
6
CONTINUOUS
10
0.9384511023622047
20
0.765587716535433
11
0.9387349212598425
21
0.7655315748031496
0
LINE
8
BLACK
6
CONTINUOUS
10
0.9387349212598425
20
0.7655315748031496
11
0.938978188976378
21
0.7653694094488189
0
LINE
8
BLACK
6
CONTINUOUS
10
0.938978188976378
20
0.7653694094488189
11
0.9392482677165354
21
0.7652575196850393
0
LINE
8
BLACK
6
CONTINUOUS
10
0.9392482677165354
20
0.7652575196850393
11
0.9394527165354331
21
0.7650530708661417
0
LINE
8
BLACK
6
CONTINUOUS
10
0.9394527165354331
20
0.7650530708661417
11
0.9396935433070865
21
0.7648925196850394
0
LINE
8
BLACK
6
CONTINUOUS
10
0.9396935433070865
20
0.7648925196850394
11
0.9398562598425196
21
0.7646495275590551
0
LINE
8
BLACK
6
CONTINUOUS
10
0.9398562598425196
20
0.7646495275590551
11
0.9400629133858267
21
0.7644428740157481
0
LINE
8
BLACK
6
CONTINUOUS
10
0.9400629133858267
20
0.7644428740157481
11
0.9401735826771653
21
0.7641756692913385
0
LINE
8
BLACK
6
CONTINUOUS
10
0.9401735826771653
20
0.7641756692913385
11
0.9403346062992126
21
0.7639352362204724
0
LINE
8
BLACK
6
CONTINUOUS
10
0.9403346062992126
20
0.7639352362204724
11
0.9403919291338583
21
0.7636485826771653
0
LINE
8
BLACK
6
CONTINUOUS
10
0.9403919291338583
20
0.7636485826771653
11
0.9405038188976378
21
0.7633784645669291
0
LINE
8
BLACK
6
CONTINUOUS
10
0.9405038188976378
20
0.7633784645669291
11
0.9405599212598424
21
0.7628085433070866
0
LINE
8
BLACK
6
CONTINUOUS
10
0.9405599212598424
20
0.7628085433070866
11
0.9405605511811024
21
0.7628055118110236
0
LINE
8
BLACK
6
CONTINUOUS
10
0.9405605511811024
20
0.7628055118110236
11
0.9405603149606299
21
0.7628044881889764
0
LINE
8
BLACK
6
CONTINUOUS
10
0.9405603149606299
20
0.7628044881889764
11
0.9405605511811024
21
0.7628024015748032
0
LINE
8
BLACK
6
CONTINUOUS
10
0.9405605511811024
20
0.7628024015748032
11
0.9405605511811024
21
0.7607670866141732
0
LINE
8
BLACK
6
CONTINUOUS
10
0.9405605511811024
20
0.7607670866141732
11
0.9458484251968504
21
0.7590044488188976
0
LINE
8
BLACK
6
CONTINUOUS
10
0.9458484251968504
20
0.7590044488188976
11
0.9463769685039369
21
0.7587684645669291
0
LINE
8
BLACK
6
CONTINUOUS
10
0.9463769685039369
20
0.7587684645669291
11
0.9472473228346456
21
0.7580135826771653
0
LINE
8
BLACK
6
CONTINUOUS
10
0.9472473228346456
20
0.7580135826771653
11
0.9477625590551181
21
0.7569831496062992
0
LINE
8
BLACK
6
CONTINUOUS
10
0.9477625590551181
20
0.7569831496062992
11
0.947844251968504
21
0.755833937007874
0
LINE
8
BLACK
6
CONTINUOUS
10
0.947844251968504
20
0.755833937007874
11
0.9474799212598425
21
0.7547409448818897
0
LINE
8
BLACK
6
CONTINUOUS
10
0.9474799212598425
20
0.7547409448818897
11
0.9467250393700787
21
0.7538705511811024
0
LINE
8
BLACK
6
CONTINUOUS
10
0.9467250393700787
20
0.7538705511811024
11
0.9456945669291338
21
0.7533553543307087
0
LINE
8
BLACK
6
CONTINUOUS
10
0.9456945669291338
20
0.7533553543307087
11
0.9445453543307086
21
0.7532736614173228
0
LINE
8
BLACK
6
CONTINUOUS
10
0.9445453543307086
20
0.7532736614173228
11
0.943980905511811
21
0.7534020078740157
0
LINE
8
BLACK
6
CONTINUOUS
10
0.943980905511811
20
0.7534020078740157
11
0.9405605511811024
21
0.7545421653543307
0
LINE
8
BLACK
6
CONTINUOUS
10
0.9405605511811024
20
0.7545421653543307
11
0.9405605511811024
21
0.7391844094488189
0
LINE
8
BLACK
6
CONTINUOUS
10
0.9405605511811024
20
0.7391844094488189
11
0.9424856692913386
21
0.7382218503937008
0
LINE
8
BLACK
6
CONTINUOUS
10
0.9424856692913386
20
0.7382218503937008
11
0.9427336614173228
21
0.7380657874015748
0
LINE
8
BLACK
6
CONTINUOUS
10
0.9427336614173228
20
0.7380657874015748
11
0.9428056299212598
21
0.7380359448818897
0
LINE
8
BLACK
6
CONTINUOUS
10
0.9428056299212598
20
0.7380359448818897
11
0.9428865748031496
21
0.7379694881889763
0
LINE
8
BLACK
6
CONTINUOUS
10
0.9428865748031496
20
0.7379694881889763
11
0.9429755511811023
21
0.7379135039370078
0
LINE
8
BLACK
6
CONTINUOUS
10
0.9429755511811023
20
0.7379135039370078
11
0.9430266929133858
21
0.7378545275590551
0
LINE
8
BLACK
6
CONTINUOUS
10
0.9430266929133858
20
0.7378545275590551
11
0.9432530708661417
21
0.7376687401574803
0
LINE
8
BLACK
6
CONTINUOUS
10
0.9432530708661417
20
0.7376687401574803
11
0.9451278346456693
21
0.7357939763779527
0
LINE
8
BLACK
6
CONTINUOUS
10
0.9451278346456693
20
0.7357939763779527
11
0.9453135826771654
21
0.7355676377952756
0
LINE
8
BLACK
6
CONTINUOUS
10
0.9453135826771654
20
0.7355676377952756
11
0.9453725984251968
21
0.7355164566929133
0
LINE
8
BLACK
6
CONTINUOUS
10
0.9453725984251968
20
0.7355164566929133
11
0.9454285433070866
21
0.7354275196850394
0
LINE
8
BLACK
6
CONTINUOUS
10
0.9454285433070866
20
0.7354275196850394
11
0.9454950393700787
21
0.7353465354330708
0
LINE
8
BLACK
6
CONTINUOUS
10
0.9454950393700787
20
0.7353465354330708
11
0.945524842519685
21
0.7352746062992126
0
LINE
8
BLACK
6
CONTINUOUS
10
0.945524842519685
20
0.7352746062992126
11
0.9456809448818897
21
0.7350265748031496
0
LINE
8
BLACK
6
CONTINUOUS
10
0.9456809448818897
20
0.7350265748031496
11
0.9475557086614173
21
0.7312770472440945
0
LINE
8
BLACK
6
CONTINUOUS
10
0.9475557086614173
20
0.7312770472440945
11
0.9477625984251968
21
0.7307364566929133
0
LINE
8
BLACK
6
CONTINUOUS
10
0.9477625984251968
20
0.7307364566929133
11
0.9477701181102361
21
0.7306305905511811
0
LINE
8
BLACK
6
CONTINUOUS
10
0.9477701181102361
20
0.7306305905511811
11
0.9478107086614173
21
0.7305325984251968
0
LINE
8
BLACK
6
CONTINUOUS
10
0.9478107086614173
20
0.7305325984251968
11
0.9478674409448818
21
0.7299565354330708
0
LINE
8
BLACK
6
CONTINUOUS
10
0.9478674409448818
20
0.7299565354330708
11
0.9478674409448818
21
0.7263850787401575
0
LINE
8
BLACK
6
CONTINUOUS
10
0.9478674409448818
20
0.7263850787401575
11
0.9488563779527559
21
0.7263850787401575
0
LINE
8
BLACK
6
CONTINUOUS
10
0.9488563779527559
20
0.7263850787401575
11
0.9494324409448819
21
0.7263283464566929
0
LINE
8
BLACK
6
CONTINUOUS
10
0.9494324409448819
20
0.7263283464566929
11
0.9504968503937008
21
0.7258874409448819
0
LINE
8
BLACK
6
CONTINUOUS
10
0.9504968503937008
20
0.7258874409448819
11
0.9513114960629921
21
0.7250727952755905
0
LINE
8
BLACK
6
CONTINUOUS
10
0.9513114960629921
20
0.7250727952755905
11
0.9517524015748031
21
0.7240083858267716
0
LINE
8
BLACK
6
CONTINUOUS
10
0.9517524015748031
20
0.7240083858267716
11
0.9517524015748031
21
0.7228562598425197
0
LINE
8
BLACK
6
CONTINUOUS
10
0.9517524015748031
20
0.7228562598425197
11
0.9513114960629921
21
0.7217918503937008
0
LINE
8
BLACK
6
CONTINUOUS
10
0.9513114960629921
20
0.7217918503937008
11
0.9504968503937008
21
0.7209772047244094
0
LINE
8
BLACK
6
CONTINUOUS
10
0.9504968503937008
20
0.7209772047244094
11
0.9494324409448819
21
0.7205362992125984
0
LINE
8
BLACK
6
CONTINUOUS
10
0.9494324409448819
20
0.7205362992125984
11
0.9488563779527559
21
0.7204795669291338
0
LINE
8
BLACK
6
CONTINUOUS
10
0.9488563779527559
20
0.7204795669291338
11
0.9452181102362205
21
0.7204795669291338
0
LINE
8
BLACK
6
CONTINUOUS
10
0.9452181102362205
20
0.7204795669291338
11
0.9451278346456693
21
0.7203695669291338
0
LINE
8
BLACK
6
CONTINUOUS
10
0.9451278346456693
20
0.7203695669291338
11
0.9432531102362205
21
0.7184948031496062
0
LINE
8
BLACK
6
CONTINUOUS
10
0.9432531102362205
20
0.7184948031496062
11
0.9430267322834646
21
0.7183090551181103
0
LINE
8
BLACK
6
CONTINUOUS
10
0.9430267322834646
20
0.7183090551181103
11
0.9429755511811023
21
0.7182499999999999
0
LINE
8
BLACK
6
CONTINUOUS
10
0.9429755511811023
20
0.7182499999999999
11
0.9428865748031496
21
0.7181940157480314
0
LINE
8
BLACK
6
CONTINUOUS
10
0.9428865748031496
20
0.7181940157480314
11
0.9428056299212598
21
0.718127559055118
0
LINE
8
BLACK
6
CONTINUOUS
10
0.9428056299212598
20
0.718127559055118
11
0.9427336614173228
21
0.7180977559055118
0
LINE
8
BLACK
6
CONTINUOUS
10
0.9427336614173228
20
0.7180977559055118
11
0.9424856692913386
21
0.7179416535433071
0
LINE
8
BLACK
6
CONTINUOUS
10
0.9424856692913386
20
0.7179416535433071
11
0.9387361417322835
21
0.7160668897637795
0
LINE
8
BLACK
6
CONTINUOUS
10
0.9387361417322835
20
0.7160668897637795
11
0.9381955118110236
21
0.7158599999999999
0
LINE
8
BLACK
6
CONTINUOUS
10
0.9381955118110236
20
0.7158599999999999
11
0.9380896850393701
21
0.7158525196850394
0
LINE
8
BLACK
6
CONTINUOUS
10
0.9380896850393701
20
0.7158525196850394
11
0.9379916929133858
21
0.7158118897637795
0
LINE
8
BLACK
6
CONTINUOUS
10
0.9379916929133858
20
0.7158118897637795
11
0.9374156299212598
21
0.7157551574803149
0
LINE
8
BLACK
6
CONTINUOUS
10
0.9374156299212598
20
0.7157551574803149
11
0.928041811023622
21
0.7157551574803149
0
LINE
8
BLACK
6
CONTINUOUS
10
0.928041811023622
20
0.7157551574803149
11
0.9277501968503937
21
0.7157838976377953
0
LINE
8
BLACK
6
CONTINUOUS
10
0.9277501968503937
20
0.7157838976377953
11
0.9276724803149606
21
0.7157783464566929
0
LINE
8
BLACK
6
CONTINUOUS
10
0.9276724803149606
20
0.7157783464566929
11
0.9275701968503937
21
0.7158016141732283
0
LINE
8
BLACK
6
CONTINUOUS
10
0.9275701968503937
20
0.7158016141732283
11
0.9274657480314961
21
0.7158118897637795
0
LINE
8
BLACK
6
CONTINUOUS
10
0.9274657480314961
20
0.7158118897637795
11
0.9273936614173228
21
0.7158417716535433
0
LINE
8
BLACK
6
CONTINUOUS
10
0.9273936614173228
20
0.7158417716535433
11
0.927108031496063
21
0.7159066929133858
0
LINE
8
BLACK
6
CONTINUOUS
10
0.927108031496063
20
0.7159066929133858
11
0.921483779527559
21
0.7177814566929134
0
LINE
8
BLACK
6
CONTINUOUS
10
0.921483779527559
20
0.7177814566929134
11
0.9209551968503937
21
0.7180174409448818
0
LINE
8
BLACK
6
CONTINUOUS
10
0.9209551968503937
20
0.7180174409448818
11
0.920084842519685
21
0.7187723228346456
0
LINE
8
BLACK
6
CONTINUOUS
10
0.920084842519685
20
0.7187723228346456
11
0.9195696456692913
21
0.7198027559055118
0
LINE
8
BLACK
6
CONTINUOUS
10
0.9195696456692913
20
0.7198027559055118
11
0.9194879527559054
21
0.7209519685039369
0
LINE
8
BLACK
6
CONTINUOUS
10
0.9194879527559054
20
0.7209519685039369
11
0.9198522834645669
21
0.7220449999999999
0
LINE
8
BLACK
6
CONTINUOUS
10
0.9198522834645669
20
0.7220449999999999
11
0.9206071653543307
21
0.7229153543307086
0
LINE
8
BLACK
6
CONTINUOUS
10
0.9206071653543307
20
0.7229153543307086
11
0.9216375984251969
21
0.7234305511811023
0
LINE
8
BLACK
6
CONTINUOUS
10
0.9216375984251969
20
0.7234305511811023
11
0.922786811023622
21
0.7235122440944882
0
LINE
8
BLACK
6
CONTINUOUS
10
0.922786811023622
20
0.7235122440944882
11
0.9233512598425196
21
0.7233838976377953
0
LINE
8
BLACK
6
CONTINUOUS
10
0.9233512598425196
20
0.7233838976377953
11
0.9234631889763779
21
0.7233466141732283
0
LINE
8
BLACK
6
CONTINUOUS
10
0.9234631889763779
20
0.7233466141732283
11
0.9234631889763779
21
0.7240083858267716
0
LINE
8
BLACK
6
CONTINUOUS
10
0.9234631889763779
20
0.7240083858267716
11
0.923904094488189
21
0.7250727952755905
0
LINE
8
BLACK
6
CONTINUOUS
10
0.923904094488189
20
0.7250727952755905
11
0.9247187401574803
21
0.7258874409448819
0
LINE
8
BLACK
6
CONTINUOUS
10
0.9247187401574803
20
0.7258874409448819
11
0.9257831496062991
21
0.7263283464566929
0
LINE
8
BLACK
6
CONTINUOUS
10
0.9257831496062991
20
0.7263283464566929
11
0.9263592125984251
21
0.7263850787401575
0
LINE
8
BLACK
6
CONTINUOUS
10
0.9263592125984251
20
0.7263850787401575
11
0.9346550393700788
21
0.7263850787401575
0
LINE
8
BLACK
6
CONTINUOUS
10
0.9346550393700788
20
0.7263850787401575
11
0.9346550393700788
21
0.735102125984252
0
LINE
8
BLACK
6
CONTINUOUS
10
0.9346550393700788
20
0.735102125984252
11
0.9292004330708661
21
0.736465748031496
0
LINE
8
BLACK
6
CONTINUOUS
10
0.9292004330708661
20
0.736465748031496
11
0.9291579133858268
21
0.7364809448818898
0
LINE
8
BLACK
6
CONTINUOUS
10
0.9291579133858268
20
0.7364809448818898
11
0.9291366535433071
21
0.7364824409448819
0
LINE
8
BLACK
6
CONTINUOUS
10
0.9291366535433071
20
0.7364824409448819
11
0.9288968897637795
21
0.7365742125984251
0
LINE
8
BLACK
6
CONTINUOUS
10
0.9288968897637795
20
0.7365742125984251
11
0.9286553149606299
21
0.7366605118110237
0
LINE
8
BLACK
6
CONTINUOUS
10
0.9286553149606299
20
0.7366605118110237
11
0.9286381496062992
21
0.7366732283464567
0
LINE
8
BLACK
6
CONTINUOUS
10
0.9286381496062992
20
0.7366732283464567
11
0.9285960629921259
21
0.7366893307086614
0
LINE
8
BLACK
6
CONTINUOUS
10
0.9285960629921259
20
0.7366893307086614
11
0.9248465354330708
21
0.7385640944881889
0
LINE
8
BLACK
6
CONTINUOUS
10
0.9248465354330708
20
0.7385640944881889
11
0.9245985039370078
21
0.7387201968503937
0
LINE
8
BLACK
6
CONTINUOUS
10
0.9245985039370078
20
0.7387201968503937
11
0.9245265748031496
21
0.73875
0
LINE
8
BLACK
6
CONTINUOUS
10
0.9245265748031496
20
0.73875
11
0.924445590551181
21
0.7388164960629922
0
LINE
8
BLACK
6
CONTINUOUS
10
0.924445590551181
20
0.7388164960629922
11
0.9243566535433071
21
0.7388724409448819
0
LINE
8
BLACK
6
CONTINUOUS
10
0.9243566535433071
20
0.7388724409448819
11
0.9243054724409449
21
0.7389314566929134
0
LINE
8
BLACK
6
CONTINUOUS
10
0.9243054724409449
20
0.7389314566929134
11
0.9240791338582677
21
0.7391172047244094
0
LINE
8
BLACK
6
CONTINUOUS
10
0.9240791338582677
20
0.7391172047244094
11
0.9222043700787401
21
0.740991968503937
0
LINE
8
BLACK
6
CONTINUOUS
10
0.9222043700787401
20
0.740991968503937
11
0.9220185826771653
21
0.7412183464566929
0
LINE
8
BLACK
6
CONTINUOUS
10
0.9220185826771653
20
0.7412183464566929
11
0.9219596062992126
21
0.7412694881889763
0
LINE
8
BLACK
6
CONTINUOUS
10
0.9219596062992126
20
0.7412694881889763
11
0.9219036220472441
21
0.7413584645669291
0
LINE
8
BLACK
6
CONTINUOUS
10
0.9219036220472441
20
0.7413584645669291
11
0.9218371653543307
21
0.7414394094488189
0
LINE
8
BLACK
6
CONTINUOUS
10
0.9218371653543307
20
0.7414394094488189
11
0.9218073228346456
21
0.7415113779527559
0
LINE
8
BLACK
6
CONTINUOUS
10
0.9218073228346456
20
0.7415113779527559
11
0.9216512598425196
21
0.7417593700787402
0
LINE
8
BLACK
6
CONTINUOUS
10
0.9216512598425196
20
0.7417593700787402
11
0.9197764960629921
21
0.7455088976377953
0
LINE
8
BLACK
6
CONTINUOUS
10
0.9197764960629921
20
0.7455088976377953
11
0.9195696062992126
21
0.7460495275590551
0
LINE
8
BLACK
6
CONTINUOUS
10
0.9195696062992126
20
0.7460495275590551
11
0.9195620866141732
21
0.7461553543307087
0
LINE
8
BLACK
6
CONTINUOUS
10
0.9195620866141732
20
0.7461553543307087
11
0.919521496062992
21
0.7462533464566929
0
LINE
8
BLACK
6
CONTINUOUS
10
0.919521496062992
20
0.7462533464566929
11
0.9194647637795276
21
0.7468294094488189
0
LINE
8
BLACK
6
CONTINUOUS
10
0.9194647637795276
20
0.7468294094488189
11
0.9194647637795276
21
0.750578937007874
0
LINE
8
BLACK
6
CONTINUOUS
10
0.9194647637795276
20
0.750578937007874
11
0.919521496062992
21
0.751155
0
LINE
8
BLACK
6
CONTINUOUS
10
0.919521496062992
20
0.751155
11
0.9195620866141732
21
0.7512530314960629
0
LINE
8
BLACK
6
CONTINUOUS
10
0.9195620866141732
20
0.7512530314960629
11
0.9195696062992126
21
0.7513588188976378
0
LINE
8
BLACK
6
CONTINUOUS
10
0.9195696062992126
20
0.7513588188976378
11
0.9197764960629921
21
0.7518994488188976
0
LINE
8
BLACK
6
CONTINUOUS
10
0.9197764960629921
20
0.7518994488188976
11
0.9216512598425196
21
0.7556489763779527
0
LINE
8
BLACK
6
CONTINUOUS
10
0.9216512598425196
20
0.7556489763779527
11
0.9218073228346456
21
0.7558970078740157
0
LINE
8
BLACK
6
CONTINUOUS
10
0.9218073228346456
20
0.7558970078740157
11
0.9218371653543307
21
0.755968937007874
0
LINE
8
BLACK
6
CONTINUOUS
10
0.9218371653543307
20
0.755968937007874
11
0.9219036220472441
21
0.7560499212598425
0
LINE
8
BLACK
6
CONTINUOUS
10
0.9219036220472441
20
0.7560499212598425
11
0.9219596062992126
21
0.7561388582677165
0
LINE
8
BLACK
6
CONTINUOUS
10
0.9219596062992126
20
0.7561388582677165
11
0.9220185826771653
21
0.7561900393700787
0
LINE
8
BLACK
6
CONTINUOUS
10
0.9220185826771653
20
0.7561900393700787
11
0.9222043700787401
21
0.7564163779527558
0
LINE
8
BLACK
6
CONTINUOUS
10
0.9222043700787401
20
0.7564163779527558
11
0.9240791338582677
21
0.7582911417322834
0
LINE
8
BLACK
6
CONTINUOUS
10
0.9240791338582677
20
0.7582911417322834
11
0.9243054724409449
21
0.7584769291338582
0
LINE
8
BLACK
6
CONTINUOUS
10
0.9243054724409449
20
0.7584769291338582
11
0.9243566535433071
21
0.758535905511811
0
LINE
8
BLACK
6
CONTINUOUS
10
0.9243566535433071
20
0.758535905511811
11
0.924445590551181
21
0.7585918897637796
0
LINE
8
BLACK
6
CONTINUOUS
10
0.924445590551181
20
0.7585918897637796
11
0.9245265748031496
21
0.7586583464566929
0
LINE
8
BLACK
6
CONTINUOUS
10
0.9245265748031496
20
0.7586583464566929
11
0.9245985039370078
21
0.7586881889763779
0
LINE
8
BLACK
6
CONTINUOUS
10
0.9245985039370078
20
0.7586881889763779
11
0.9248465354330708
21
0.7588442519685039
0
LINE
8
BLACK
6
CONTINUOUS
10
0.9248465354330708
20
0.7588442519685039
11
0.9285960629921259
21
0.7607190157480315
0
LINE
8
BLACK
6
CONTINUOUS
10
0.9285960629921259
20
0.7607190157480315
11
0.9291366535433071
21
0.7609259055118111
0
LINE
8
BLACK
6
CONTINUOUS
10
0.9291366535433071
20
0.7609259055118111
11
0.9292425196850393
21
0.7609334645669291
0
LINE
8
BLACK
6
CONTINUOUS
10
0.9292425196850393
20
0.7609334645669291
11
0.9293405118110236
21
0.7609740157480315
0
LINE
8
BLACK
6
CONTINUOUS
10
0.9293405118110236
20
0.7609740157480315
11
0.9299165748031496
21
0.7610307480314961
0
LINE
8
BLACK
6
CONTINUOUS
10
0.9299165748031496
20
0.7610307480314961
11
0.9328779133858267
21
0.7610307480314961
0
LINE
8
BLACK
6
CONTINUOUS
10
0.9328779133858267
20
0.7610307480314961
11
0.9351509448818898
21
0.7644403149606299
0
LINE
8
BLACK
6
CONTINUOUS
10
0.9351509448818898
20
0.7644403149606299
11
0.9351522834645669
21
0.7644420078740157
0
LINE
8
BLACK
6
CONTINUOUS
10
0.9351522834645669
20
0.7644420078740157
11
0.9351526771653543
21
0.7644428740157481
0
LINE
8
BLACK
6
CONTINUOUS
10
0.9351526771653543
20
0.7644428740157481
11
0.93515468503937
21
0.7644449212598425
0
LINE
8
BLACK
6
CONTINUOUS
10
0.93515468503937
20
0.7644449212598425
11
0.935517716535433
21
0.7648881496062993
0
LINE
8
BLACK
6
CONTINUOUS
10
0.935517716535433
20
0.7648881496062993
11
0.9357605905511811
21
0.7650508267716535
0
LINE
8
BLACK
6
CONTINUOUS
10
0.9357605905511811
20
0.7650508267716535
11
0.9359673228346457
21
0.7652575196850393
0
LINE
8
BLACK
6
CONTINUOUS
10
0.9359673228346457
20
0.7652575196850393
11
0.9362346062992126
21
0.7653682677165354
0
LINE
8
BLACK
6
CONTINUOUS
10
0.9362346062992126
20
0.7653682677165354
11
0.9364749999999999
21
0.7655292125984252
0
LINE
8
BLACK
6
CONTINUOUS
10
0.9364749999999999
20
0.7655292125984252
11
0.9367616141732283
21
0.7655865748031496
0
LINE
8
BLACK
6
CONTINUOUS
10
0.9367616141732283
20
0.7655865748031496
11
0.9370317322834646
21
0.7656984251968504
0
LINE
8
BLACK
6
CONTINUOUS
10
0.9370317322834646
20
0.7656984251968504
11
0.9373210236220473
21
0.7656984251968504
0
LINE
8
BLACK
6
CONTINUOUS
10
0.9373210236220473
20
0.7656984251968504
11
0.9376046850393701
21
0.765755157480315
0
LINE
8
BLACK
6
CONTINUOUS
10
0.9376046850393701
20
0.765755157480315
11
0.9378914566929134
21
0.7656984251968504
0
LINE
8
BLACK
6
CONTINUOUS
10
0.9405605511811024
20
0.7263850787401575
11
0.9417024409448819
21
0.7263850787401575
0
LINE
8
BLACK
6
CONTINUOUS
10
0.9417024409448819
20
0.7263850787401575
11
0.9419619291338582
21
0.7269040551181102
0
LINE
8
BLACK
6
CONTINUOUS
10
0.9419619291338582
20
0.7269040551181102
11
0.9419619291338582
21
0.7292594881889763
0
LINE
8
BLACK
6
CONTINUOUS
10
0.9419619291338582
20
0.7292594881889763
11
0.9406131889763779
21
0.731956968503937
0
LINE
8
BLACK
6
CONTINUOUS
10
0.9406131889763779
20
0.731956968503937
11
0.9405605511811024
21
0.7320096062992126
0
LINE
8
BLACK
6
CONTINUOUS
10
0.9405605511811024
20
0.7320096062992126
11
0.9405605511811024
21
0.7263850787401575
0
LINE
8
BLACK
6
CONTINUOUS
10
0.9321966535433071
20
0.7513406692913386
11
0.9319702755905511
21
0.7511549212598425
0
LINE
8
BLACK
6
CONTINUOUS
10
0.9319702755905511
20
0.7511549212598425
11
0.9319191338582677
21
0.751095905511811
0
LINE
8
BLACK
6
CONTINUOUS
10
0.9319191338582677
20
0.751095905511811
11
0.9318301574803149
21
0.7510399606299213
0
LINE
8
BLACK
6
CONTINUOUS
10
0.9318301574803149
20
0.7510399606299213
11
0.9317492125984251
21
0.7509734645669291
0
LINE
8
BLACK
6
CONTINUOUS
10
0.9317492125984251
20
0.7509734645669291
11
0.9316772440944882
21
0.7509436614173228
0
LINE
8
BLACK
6
CONTINUOUS
10
0.9316772440944882
20
0.7509436614173228
11
0.9314292519685039
21
0.7507875590551181
0
LINE
8
BLACK
6
CONTINUOUS
10
0.9314292519685039
20
0.7507875590551181
11
0.9276797244094488
21
0.7489127952755905
0
LINE
8
BLACK
6
CONTINUOUS
10
0.9276797244094488
20
0.7489127952755905
11
0.927139094488189
21
0.748705905511811
0
LINE
8
BLACK
6
CONTINUOUS
10
0.927139094488189
20
0.748705905511811
11
0.9259898818897637
21
0.7486242519685039
0
LINE
8
BLACK
6
CONTINUOUS
10
0.9259898818897637
20
0.7486242519685039
11
0.9253702755905512
21
0.7488308267716536
0
LINE
8
BLACK
6
CONTINUOUS
10
0.9253702755905512
20
0.7488308267716536
11
0.9253702755905512
21
0.7475264566929134
0
LINE
8
BLACK
6
CONTINUOUS
10
0.9253702755905512
20
0.7475264566929134
11
0.9267190157480315
21
0.7448289763779528
0
LINE
8
BLACK
6
CONTINUOUS
10
0.9267190157480315
20
0.7448289763779528
11
0.9279161417322834
21
0.7436318503937007
0
LINE
8
BLACK
6
CONTINUOUS
10
0.9279161417322834
20
0.7436318503937007
11
0.930947125984252
21
0.7421163779527559
0
LINE
8
BLACK
6
CONTINUOUS
10
0.930947125984252
20
0.7421163779527559
11
0.9346550393700788
21
0.7411894094488188
0
LINE
8
BLACK
6
CONTINUOUS
10
0.9346550393700788
20
0.7411894094488188
11
0.9346550393700788
21
0.7537990551181102
0
LINE
8
BLACK
6
CONTINUOUS
10
0.9346550393700788
20
0.7537990551181102
11
0.9321966535433071
21
0.7513406692913386
0
LINE
8
BLACK
6
CONTINUOUS
10
0.9673697637795275
20
0.7652575196850393
11
0.9681844094488189
21
0.7644428740157481
0
LINE
8
BLACK
6
CONTINUOUS
10
0.9681844094488189
20
0.7644428740157481
11
0.9686253149606299
21
0.7633784645669291
0
LINE
8
BLACK
6
CONTINUOUS
10
0.9686253149606299
20
0.7633784645669291
11
0.9686820472440945
21
0.7628024015748032
0
LINE
8
BLACK
6
CONTINUOUS
10
0.9686820472440945
20
0.7628024015748032
11
0.9686820472440945
21
0.759682125984252
0
LINE
8
BLACK
6
CONTINUOUS
10
0.9686820472440945
20
0.759682125984252
11
0.9687045669291339
21
0.759715905511811
0
LINE
8
BLACK
6
CONTINUOUS
10
0.9687045669291339
20
0.759715905511811
11
0.968705905511811
21
0.7597175984251968
0
LINE
8
BLACK
6
CONTINUOUS
10
0.968705905511811
20
0.7597175984251968
11
0.9687062992125984
21
0.7597184645669292
0
LINE
8
BLACK
6
CONTINUOUS
10
0.9687062992125984
20
0.7597184645669292
11
0.9687083070866142
21
0.7597205118110236
0
LINE
8
BLACK
6
CONTINUOUS
10
0.9687083070866142
20
0.7597205118110236
11
0.9690713385826771
21
0.7601637401574803
0
LINE
8
BLACK
6
CONTINUOUS
10
0.9690713385826771
20
0.7601637401574803
11
0.9693142125984252
21
0.7603264173228347
0
LINE
8
BLACK
6
CONTINUOUS
10
0.9693142125984252
20
0.7603264173228347
11
0.9695209448818898
21
0.7605331102362205
0
LINE
8
BLACK
6
CONTINUOUS
10
0.9695209448818898
20
0.7605331102362205
11
0.9697882283464566
21
0.7606438582677165
0
LINE
8
BLACK
6
CONTINUOUS
10
0.9697882283464566
20
0.7606438582677165
11
0.970028622047244
21
0.7608048031496063
0
LINE
8
BLACK
6
CONTINUOUS
10
0.970028622047244
20
0.7608048031496063
11
0.9703152362204724
21
0.7608621653543307
0
LINE
8
BLACK
6
CONTINUOUS
10
0.9703152362204724
20
0.7608621653543307
11
0.9705853543307087
21
0.7609740157480315
0
LINE
8
BLACK
6
CONTINUOUS
10
0.9705853543307087
20
0.7609740157480315
11
0.9708746456692913
21
0.7609740157480315
0
LINE
8
BLACK
6
CONTINUOUS
10
0.9708746456692913
20
0.7609740157480315
11
0.9711583070866141
21
0.7610307480314961
0
LINE
8
BLACK
6
CONTINUOUS
10
0.9711583070866141
20
0.7610307480314961
11
0.9714450787401575
21
0.7609740157480315
0
LINE
8
BLACK
6
CONTINUOUS
10
0.9714450787401575
20
0.7609740157480315
11
0.9717374803149607
21
0.7609740157480315
0
LINE
8
BLACK
6
CONTINUOUS
10
0.9717374803149607
20
0.7609740157480315
11
0.9720047244094489
21
0.7608633070866142
0
LINE
8
BLACK
6
CONTINUOUS
10
0.9720047244094489
20
0.7608633070866142
11
0.9722885433070866
21
0.7608071653543307
0
LINE
8
BLACK
6
CONTINUOUS
10
0.9722885433070866
20
0.7608071653543307
11
0.9725318110236221
21
0.760645
0
LINE
8
BLACK
6
CONTINUOUS
10
0.9725318110236221
20
0.760645
11
0.9728018897637795
21
0.7605331102362205
0
LINE
8
BLACK
6
CONTINUOUS
10
0.9728018897637795
20
0.7605331102362205
11
0.9730063385826772
21
0.7603286614173228
0
LINE
8
BLACK
6
CONTINUOUS
10
0.9730063385826772
20
0.7603286614173228
11
0.9732471653543306
21
0.7601681102362204
0
LINE
8
BLACK
6
CONTINUOUS
10
0.9732471653543306
20
0.7601681102362204
11
0.9734098818897637
21
0.7599251181102362
0
LINE
8
BLACK
6
CONTINUOUS
10
0.9734098818897637
20
0.7599251181102362
11
0.9736165354330708
21
0.7597184645669292
0
LINE
8
BLACK
6
CONTINUOUS
10
0.9736165354330708
20
0.7597184645669292
11
0.9737272047244094
21
0.7594512598425197
0
LINE
8
BLACK
6
CONTINUOUS
10
0.9737272047244094
20
0.7594512598425197
11
0.9738882283464567
21
0.7592108267716535
0
LINE
8
BLACK
6
CONTINUOUS
10
0.9738882283464567
20
0.7592108267716535
11
0.9739455511811024
21
0.7589241732283465
0
LINE
8
BLACK
6
CONTINUOUS
10
0.9739455511811024
20
0.7589241732283465
11
0.9740574409448819
21
0.7586540551181102
0
LINE
8
BLACK
6
CONTINUOUS
10
0.9740574409448819
20
0.7586540551181102
11
0.9741135433070865
21
0.7580841338582677
0
LINE
8
BLACK
6
CONTINUOUS
10
0.9741135433070865
20
0.7580841338582677
11
0.9741141732283465
21
0.7580811023622047
0
LINE
8
BLACK
6
CONTINUOUS
10
0.9741141732283465
20
0.7580811023622047
11
0.974113937007874
21
0.7580800787401575
0
LINE
8
BLACK
6
CONTINUOUS
10
0.974113937007874
20
0.7580800787401575
11
0.9741141732283465
21
0.7580779921259843
0
LINE
8
BLACK
6
CONTINUOUS
10
0.9741141732283465
20
0.7580779921259843
11
0.9741141732283465
21
0.7472416535433071
0
LINE
8
BLACK
6
CONTINUOUS
10
0.9741141732283465
20
0.7472416535433071
11
0.9786394881889764
21
0.751766968503937
0
LINE
8
BLACK
6
CONTINUOUS
10
0.9786394881889764
20
0.751766968503937
11
0.9790869291338582
21
0.7521341732283464
0
LINE
8
BLACK
6
CONTINUOUS
10
0.9790869291338582
20
0.7521341732283464
11
0.9801513385826771
21
0.7525750787401575
0
LINE
8
BLACK
6
CONTINUOUS
10
0.9801513385826771
20
0.7525750787401575
11
0.9813034251968503
21
0.7525750787401575
0
LINE
8
BLACK
6
CONTINUOUS
10
0.9813034251968503
20
0.7525750787401575
11
0.9823678346456692
21
0.7521341732283464
0
LINE
8
BLACK
6
CONTINUOUS
10
0.9823678346456692
20
0.7521341732283464
11
0.9831825196850393
21
0.7513194881889763
0
LINE
8
BLACK
6
CONTINUOUS
10
0.9831825196850393
20
0.7513194881889763
11
0.9836234251968504
21
0.7502550787401575
0
LINE
8
BLACK
6
CONTINUOUS
10
0.9836234251968504
20
0.7502550787401575
11
0.9836234251968504
21
0.7491029921259842
0
LINE
8
BLACK
6
CONTINUOUS
10
0.9836234251968504
20
0.7491029921259842
11
0.9831825196850393
21
0.7480385826771654
0
LINE
8
BLACK
6
CONTINUOUS
10
0.9831825196850393
20
0.7480385826771654
11
0.9828153149606299
21
0.7475911417322835
0
LINE
8
BLACK
6
CONTINUOUS
10
0.9828153149606299
20
0.7475911417322835
11
0.9741141732283465
21
0.7388900393700787
0
LINE
8
BLACK
6
CONTINUOUS
10
0.9741141732283465
20
0.7388900393700787
11
0.9741141732283465
21
0.7371712992125984
0
LINE
8
BLACK
6
CONTINUOUS
10
0.9741141732283465
20
0.7371712992125984
11
0.9830896062992126
21
0.7252039763779528
0
LINE
8
BLACK
6
CONTINUOUS
10
0.9830896062992126
20
0.7252039763779528
11
0.9833898818897637
21
0.724709094488189
0
LINE
8
BLACK
6
CONTINUOUS
10
0.9833898818897637
20
0.724709094488189
11
0.9836757874015748
21
0.7235929921259843
0
LINE
8
BLACK
6
CONTINUOUS
10
0.9836757874015748
20
0.7235929921259843
11
0.9835128346456693
21
0.7224525196850393
0
LINE
8
BLACK
6
CONTINUOUS
10
0.9835128346456693
20
0.7224525196850393
11
0.9830055905511811
21
0.7215958661417322
0
LINE
8
BLACK
6
CONTINUOUS
10
0.9830055905511811
20
0.7215958661417322
11
0.9840504724409449
21
0.721163031496063
0
LINE
8
BLACK
6
CONTINUOUS
10
0.9840504724409449
20
0.721163031496063
11
0.9848651181102362
21
0.7203483858267716
0
LINE
8
BLACK
6
CONTINUOUS
10
0.9848651181102362
20
0.7203483858267716
11
0.9853060236220472
21
0.7192839763779527
0
LINE
8
BLACK
6
CONTINUOUS
10
0.9853060236220472
20
0.7192839763779527
11
0.9853060236220472
21
0.7181318503937008
0
LINE
8
BLACK
6
CONTINUOUS
10
0.9853060236220472
20
0.7181318503937008
11
0.9848651181102362
21
0.7170674409448818
0
LINE
8
BLACK
6
CONTINUOUS
10
0.9848651181102362
20
0.7170674409448818
11
0.9840504724409449
21
0.7162527952755905
0
LINE
8
BLACK
6
CONTINUOUS
10
0.9840504724409449
20
0.7162527952755905
11
0.982986062992126
21
0.7158118897637795
0
LINE
8
BLACK
6
CONTINUOUS
10
0.982986062992126
20
0.7158118897637795
11
0.98241
21
0.7157551574803149
0
LINE
8
BLACK
6
CONTINUOUS
10
0.98241
20
0.7157551574803149
11
0.9599128346456692
21
0.7157551574803149
0
LINE
8
BLACK
6
CONTINUOUS
10
0.9599128346456692
20
0.7157551574803149
11
0.9593367716535433
21
0.7158118897637795
0
LINE
8
BLACK
6
CONTINUOUS
10
0.9593367716535433
20
0.7158118897637795
11
0.9582723622047243
21
0.7162527952755905
0
LINE
8
BLACK
6
CONTINUOUS
10
0.9582723622047243
20
0.7162527952755905
11
0.9574577165354331
21
0.7170674409448818
0
LINE
8
BLACK
6
CONTINUOUS
10
0.9574577165354331
20
0.7170674409448818
11
0.957016811023622
21
0.7181318503937008
0
LINE
8
BLACK
6
CONTINUOUS
10
0.957016811023622
20
0.7181318503937008
11
0.957016811023622
21
0.7192839763779527
0
LINE
8
BLACK
6
CONTINUOUS
10
0.957016811023622
20
0.7192839763779527
11
0.9574577165354331
21
0.7203483858267716
0
LINE
8
BLACK
6
CONTINUOUS
10
0.9574577165354331
20
0.7203483858267716
11
0.9582723622047243
21
0.721163031496063
0
LINE
8
BLACK
6
CONTINUOUS
10
0.9582723622047243
20
0.721163031496063
11
0.9593367716535433
21
0.721603937007874
0
LINE
8
BLACK
6
CONTINUOUS
10
0.9593367716535433
20
0.721603937007874
11
0.9599128346456692
21
0.7216606692913385
0
LINE
8
BLACK
6
CONTINUOUS
10
0.9599128346456692
20
0.7216606692913385
11
0.9634053543307086
21
0.7216606692913385
0
LINE
8
BLACK
6
CONTINUOUS
10
0.9634053543307086
20
0.7216606692913385
11
0.9632741732283464
21
0.7217918503937008
0
LINE
8
BLACK
6
CONTINUOUS
10
0.9632741732283464
20
0.7217918503937008
11
0.9628332677165354
21
0.7228562598425197
0
LINE
8
BLACK
6
CONTINUOUS
10
0.9628332677165354
20
0.7228562598425197
11
0.9627765354330708
21
0.7234323228346456
0
LINE
8
BLACK
6
CONTINUOUS
10
0.9627765354330708
20
0.7234323228346456
11
0.9627765354330708
21
0.74496
0
LINE
8
BLACK
6
CONTINUOUS
10
0.9627765354330708
20
0.74496
11
0.9612333464566929
21
0.7441883858267716
0
LINE
8
BLACK
6
CONTINUOUS
10
0.9612333464566929
20
0.7441883858267716
11
0.9606927165354331
21
0.7439814960629921
0
LINE
8
BLACK
6
CONTINUOUS
10
0.9606927165354331
20
0.7439814960629921
11
0.9595435039370078
21
0.743899842519685
0
LINE
8
BLACK
6
CONTINUOUS
10
0.9595435039370078
20
0.743899842519685
11
0.9584505511811023
21
0.7442641732283465
0
LINE
8
BLACK
6
CONTINUOUS
10
0.9584505511811023
20
0.7442641732283465
11
0.9575801574803149
21
0.7450190157480315
0
LINE
8
BLACK
6
CONTINUOUS
10
0.9575801574803149
20
0.7450190157480315
11
0.9570649212598425
21
0.7460495275590551
0
LINE
8
BLACK
6
CONTINUOUS
10
0.9570649212598425
20
0.7460495275590551
11
0.9569832677165354
21
0.7471987401574803
0
LINE
8
BLACK
6
CONTINUOUS
10
0.9569832677165354
20
0.7471987401574803
11
0.9573475984251968
21
0.7482916929133858
0
LINE
8
BLACK
6
CONTINUOUS
10
0.9573475984251968
20
0.7482916929133858
11
0.9581024409448818
21
0.7491620866141732
0
LINE
8
BLACK
6
CONTINUOUS
10
0.9581024409448818
20
0.7491620866141732
11
0.9585923228346457
21
0.7494704330708661
0
LINE
8
BLACK
6
CONTINUOUS
10
0.9585923228346457
20
0.7494704330708661
11
0.9619132677165354
21
0.7511309055118111
0
LINE
8
BLACK
6
CONTINUOUS
10
0.9619132677165354
20
0.7511309055118111
11
0.9627765354330708
21
0.7519941732283464
0
LINE
8
BLACK
6
CONTINUOUS
10
0.9627765354330708
20
0.7519941732283464
11
0.9627765354330708
21
0.7628024015748032
0
LINE
8
BLACK
6
CONTINUOUS
10
0.9627765354330708
20
0.7628024015748032
11
0.9628332677165354
21
0.7633784645669291
0
LINE
8
BLACK
6
CONTINUOUS
10
0.9628332677165354
20
0.7633784645669291
11
0.9632741732283464
21
0.7644428740157481
0
LINE
8
BLACK
6
CONTINUOUS
10
0.9632741732283464
20
0.7644428740157481
11
0.9640888188976378
21
0.7652575196850393
0
LINE
8
BLACK
6
CONTINUOUS
10
0.9640888188976378
20
0.7652575196850393
11
0.9651532283464567
21
0.7656984251968504
0
LINE
8
BLACK
6
CONTINUOUS
10
0.9651532283464567
20
0.7656984251968504
11
0.9663053543307086
21
0.7656984251968504
0
LINE
8
BLACK
6
CONTINUOUS
10
0.9663053543307086
20
0.7656984251968504
11
0.9673697637795275
21
0.7652575196850393
0
LINE
8
BLACK
6
CONTINUOUS
10
0.9741141732283465
20
0.7216606692913385
11
0.9783651968503937
21
0.7216606692913385
0
LINE
8
BLACK
6
CONTINUOUS
10
0.9783651968503937
20
0.7216606692913385
11
0.9741141732283465
21
0.7273287401574803
0
LINE
8
BLACK
6
CONTINUOUS
10
0.9741141732283465
20
0.7273287401574803
11
0.9741141732283465
21
0.7216606692913385
0
LINE
8
BLACK
6
CONTINUOUS
10
0.9681844094488189
20
0.7217918503937008
11
0.9680532283464567
21
0.7216606692913385
0
LINE
8
BLACK
6
CONTINUOUS
10
0.9680532283464567
20
0.7216606692913385
11
0.9682086614173228
21
0.7216606692913385
0
LINE
8
BLACK
6
CONTINUOUS
10
0.9682086614173228
20
0.7216606692913385
11
0.9682086614173228
21
0.7218504330708662
0
LINE
8
BLACK
6
CONTINUOUS
10
0.9682086614173228
20
0.7218504330708662
11
0.9681844094488189
21
0.7217918503937008
0
LINE
8
BLACK
6
CONTINUOUS
10
1.0202099606299213
20
0.7610007480314961
11
1.0202874409448819
21
0.761005905511811
0
LINE
8
BLACK
6
CONTINUOUS
10
1.0202874409448819
20
0.761005905511811
11
1.0203407874015749
21
0.760987874015748
0
LINE
8
BLACK
6
CONTINUOUS
10
1.0203407874015749
20
0.760987874015748
11
1.020481377952756
21
0.7609740157480315
0
LINE
8
BLACK
6
CONTINUOUS
10
1.020481377952756
20
0.7609740157480315
11
1.0209245669291338
21
0.7607904330708661
0
LINE
8
BLACK
6
CONTINUOUS
10
1.0209245669291338
20
0.7607904330708661
11
1.0213788188976378
21
0.760636811023622
0
LINE
8
BLACK
6
CONTINUOUS
10
1.0213788188976378
20
0.760636811023622
11
1.0214537795275591
21
0.7605712598425197
0
LINE
8
BLACK
6
CONTINUOUS
10
1.0214537795275591
20
0.7605712598425197
11
1.0215457874015748
21
0.7605331102362205
0
LINE
8
BLACK
6
CONTINUOUS
10
1.0215457874015748
20
0.7605331102362205
11
1.0218847637795276
21
0.7601941338582677
0
LINE
8
BLACK
6
CONTINUOUS
10
1.0218847637795276
20
0.7601941338582677
11
1.0222459055118109
21
0.7598781496062992
0
LINE
8
BLACK
6
CONTINUOUS
10
1.0222459055118109
20
0.7598781496062992
11
1.0222900787401574
21
0.7597888188976378
0
LINE
8
BLACK
6
CONTINUOUS
10
1.0222900787401574
20
0.7597888188976378
11
1.0223604330708662
21
0.7597184645669292
0
LINE
8
BLACK
6
CONTINUOUS
10
1.0223604330708662
20
0.7597184645669292
11
1.0225438976377952
21
0.7592755511811023
0
LINE
8
BLACK
6
CONTINUOUS
10
1.0225438976377952
20
0.7592755511811023
11
1.0227566141732283
21
0.7588453937007874
0
LINE
8
BLACK
6
CONTINUOUS
10
1.0227566141732283
20
0.7588453937007874
11
1.0227632283464567
21
0.758746062992126
0
LINE
8
BLACK
6
CONTINUOUS
10
1.0227632283464567
20
0.758746062992126
11
1.0228013385826771
21
0.7586540551181102
0
LINE
8
BLACK
6
CONTINUOUS
10
1.0228013385826771
20
0.7586540551181102
11
1.0228013385826771
21
0.7581743700787401
0
LINE
8
BLACK
6
CONTINUOUS
10
1.0228013385826771
20
0.7581743700787401
11
1.0228332283464567
21
0.7576958661417322
0
LINE
8
BLACK
6
CONTINUOUS
10
1.0228332283464567
20
0.7576958661417322
11
1.0228013385826771
21
0.7576015748031496
0
LINE
8
BLACK
6
CONTINUOUS
10
1.0228013385826771
20
0.7576015748031496
11
1.0228013385826771
21
0.7575019291338583
0
LINE
8
BLACK
6
CONTINUOUS
10
1.0228013385826771
20
0.7575019291338583
11
1.0226177165354331
21
0.7570587401574803
0
LINE
8
BLACK
6
CONTINUOUS
10
1.0226177165354331
20
0.7570587401574803
11
1.0224641338582676
21
0.7566044881889764
0
LINE
8
BLACK
6
CONTINUOUS
10
1.0224641338582676
20
0.7566044881889764
11
1.0223820078740158
21
0.7564896456692913
0
LINE
8
BLACK
6
CONTINUOUS
10
1.0223820078740158
20
0.7564896456692913
11
1.0223604330708662
21
0.7564375196850394
0
LINE
8
BLACK
6
CONTINUOUS
10
1.0223604330708662
20
0.7564375196850394
11
1.0223054724409448
21
0.7563825984251968
0
LINE
8
BLACK
6
CONTINUOUS
10
1.0223054724409448
20
0.7563825984251968
11
1.0221274803149607
21
0.7561335826771654
0
LINE
8
BLACK
6
CONTINUOUS
10
1.0221274803149607
20
0.7561335826771654
11
1.0131945669291338
21
0.7459245669291339
0
LINE
8
BLACK
6
CONTINUOUS
10
1.0131945669291338
20
0.7459245669291339
11
1.0137267716535432
21
0.745720905511811
0
LINE
8
BLACK
6
CONTINUOUS
10
1.0137267716535432
20
0.745720905511811
11
1.0174762992125983
21
0.7438461417322835
0
LINE
8
BLACK
6
CONTINUOUS
10
1.0174762992125983
20
0.7438461417322835
11
1.0177242913385827
21
0.7436900787401575
0
LINE
8
BLACK
6
CONTINUOUS
10
1.0177242913385827
20
0.7436900787401575
11
1.0177962598425196
21
0.7436602362204724
0
LINE
8
BLACK
6
CONTINUOUS
10
1.0177962598425196
20
0.7436602362204724
11
1.0178772047244093
21
0.743593779527559
0
LINE
8
BLACK
6
CONTINUOUS
10
1.0178772047244093
20
0.743593779527559
11
1.0179661811023621
21
0.7435377952755905
0
LINE
8
BLACK
6
CONTINUOUS
10
1.0179661811023621
20
0.7435377952755905
11
1.0180173228346456
21
0.7434788188976378
0
LINE
8
BLACK
6
CONTINUOUS
10
1.0180173228346456
20
0.7434788188976378
11
1.0182437007874015
21
0.743293031496063
0
LINE
8
BLACK
6
CONTINUOUS
10
1.0182437007874015
20
0.743293031496063
11
1.020118464566929
21
0.7414182677165354
0
LINE
8
BLACK
6
CONTINUOUS
10
1.020118464566929
20
0.7414182677165354
11
1.0203042125984252
21
0.7411919291338582
0
LINE
8
BLACK
6
CONTINUOUS
10
1.0203042125984252
20
0.7411919291338582
11
1.0203632283464568
21
0.7411407480314961
0
LINE
8
BLACK
6
CONTINUOUS
10
1.0203632283464568
20
0.7411407480314961
11
1.0204191732283465
21
0.7410518110236221
0
LINE
8
BLACK
6
CONTINUOUS
10
1.0204191732283465
20
0.7410518110236221
11
1.0204856692913387
21
0.7409708267716535
0
LINE
8
BLACK
6
CONTINUOUS
10
1.0204856692913387
20
0.7409708267716535
11
1.0205154724409449
21
0.7408988976377953
0
LINE
8
BLACK
6
CONTINUOUS
10
1.0205154724409449
20
0.7408988976377953
11
1.0206715748031496
21
0.7406508661417323
0
LINE
8
BLACK
6
CONTINUOUS
10
1.0206715748031496
20
0.7406508661417323
11
1.0225463385826772
21
0.7369013385826771
0
LINE
8
BLACK
6
CONTINUOUS
10
1.0225463385826772
20
0.7369013385826771
11
1.0227532283464567
21
0.7363607480314961
0
LINE
8
BLACK
6
CONTINUOUS
10
1.0227532283464567
20
0.7363607480314961
11
1.022760748031496
21
0.7362548818897637
0
LINE
8
BLACK
6
CONTINUOUS
10
1.022760748031496
20
0.7362548818897637
11
1.0228013385826771
21
0.7361568897637795
0
LINE
8
BLACK
6
CONTINUOUS
10
1.0228013385826771
20
0.7361568897637795
11
1.0228580708661417
21
0.7355808267716535
0
LINE
8
BLACK
6
CONTINUOUS
10
1.0228580708661417
20
0.7355808267716535
11
1.0228580708661417
21
0.7262070078740157
0
LINE
8
BLACK
6
CONTINUOUS
10
1.0228580708661417
20
0.7262070078740157
11
1.0228013385826771
21
0.7256309448818897
0
LINE
8
BLACK
6
CONTINUOUS
10
1.0228013385826771
20
0.7256309448818897
11
1.022760748031496
21
0.7255329921259842
0
LINE
8
BLACK
6
CONTINUOUS
10
1.022760748031496
20
0.7255329921259842
11
1.0227532283464567
21
0.7254270866141732
0
LINE
8
BLACK
6
CONTINUOUS
10
1.0227532283464567
20
0.7254270866141732
11
1.0225463385826772
21
0.7248864960629922
0
LINE
8
BLACK
6
CONTINUOUS
10
1.0225463385826772
20
0.7248864960629922
11
1.0206715748031496
21
0.7211369685039369
0
LINE
8
BLACK
6
CONTINUOUS
10
1.0206715748031496
20
0.7211369685039369
11
1.0205155118110236
21
0.7208890944881889
0
LINE
8
BLACK
6
CONTINUOUS
10
1.0205155118110236
20
0.7208890944881889
11
1.0204857086614172
21
0.7208170472440945
0
LINE
8
BLACK
6
CONTINUOUS
10
1.0204857086614172
20
0.7208170472440945
11
1.0204191732283465
21
0.7207360236220473
0
LINE
8
BLACK
6
CONTINUOUS
10
1.0204191732283465
20
0.7207360236220473
11
1.0203632283464568
21
0.7206470866141732
0
LINE
8
BLACK
6
CONTINUOUS
10
1.0203632283464568
20
0.7206470866141732
11
1.0203042125984252
21
0.7205959448818897
0
LINE
8
BLACK
6
CONTINUOUS
10
1.0203042125984252
20
0.7205959448818897
11
1.020118464566929
21
0.7203695669291338
0
LINE
8
BLACK
6
CONTINUOUS
10
1.020118464566929
20
0.7203695669291338
11
1.0182437401574802
21
0.7184948031496062
0
LINE
8
BLACK
6
CONTINUOUS
10
1.0182437401574802
20
0.7184948031496062
11
1.0180173622047244
21
0.7183090551181103
0
LINE
8
BLACK
6
CONTINUOUS
10
1.0180173622047244
20
0.7183090551181103
11
1.0179661811023621
21
0.7182499999999999
0
LINE
8
BLACK
6
CONTINUOUS
10
1.0179661811023621
20
0.7182499999999999
11
1.0178772047244093
21
0.7181940157480314
0
LINE
8
BLACK
6
CONTINUOUS
10
1.0178772047244093
20
0.7181940157480314
11
1.0177962598425196
21
0.718127559055118
0
LINE
8
BLACK
6
CONTINUOUS
10
1.0177962598425196
20
0.718127559055118
11
1.0177242913385827
21
0.7180977559055118
0
LINE
8
BLACK
6
CONTINUOUS
10
1.0177242913385827
20
0.7180977559055118
11
1.0174762992125983
21
0.7179416535433071
0
LINE
8
BLACK
6
CONTINUOUS
10
1.0174762992125983
20
0.7179416535433071
11
1.0137267716535432
21
0.7160668897637795
0
LINE
8
BLACK
6
CONTINUOUS
10
1.0137267716535432
20
0.7160668897637795
11
1.0131861417322834
21
0.7158599999999999
0
LINE
8
BLACK
6
CONTINUOUS
10
1.0131861417322834
20
0.7158599999999999
11
1.01308031496063
21
0.7158525196850394
0
LINE
8
BLACK
6
CONTINUOUS
10
1.01308031496063
20
0.7158525196850394
11
1.0129823228346457
21
0.7158118897637795
0
LINE
8
BLACK
6
CONTINUOUS
10
1.0129823228346457
20
0.7158118897637795
11
1.0124062598425196
21
0.7157551574803149
0
LINE
8
BLACK
6
CONTINUOUS
10
1.0124062598425196
20
0.7157551574803149
11
1.0011576771653543
21
0.7157551574803149
0
LINE
8
BLACK
6
CONTINUOUS
10
1.0011576771653543
20
0.7157551574803149
11
1.0005816141732282
21
0.7158118897637795
0
LINE
8
BLACK
6
CONTINUOUS
10
1.0005816141732282
20
0.7158118897637795
11
1.0004836220472442
21
0.7158524803149606
0
LINE
8
BLACK
6
CONTINUOUS
10
1.0004836220472442
20
0.7158524803149606
11
1.0003777559055118
21
0.7158599999999999
0
LINE
8
BLACK
6
CONTINUOUS
10
1.0003777559055118
20
0.7158599999999999
11
0.9998371653543306
21
0.7160668897637795
0
LINE
8
BLACK
6
CONTINUOUS
10
0.9998371653543306
20
0.7160668897637795
11
0.9960876377952755
21
0.7179416535433071
0
LINE
8
BLACK
6
CONTINUOUS
10
0.9960876377952755
20
0.7179416535433071
11
0.9958396062992125
21
0.7180977559055118
0
LINE
8
BLACK
6
CONTINUOUS
10
0.9958396062992125
20
0.7180977559055118
11
0.9957676771653543
21
0.718127559055118
0
LINE
8
BLACK
6
CONTINUOUS
10
0.9957676771653543
20
0.718127559055118
11
0.9956866929133859
21
0.7181940157480314
0
LINE
8
BLACK
6
CONTINUOUS
10
0.9956866929133859
20
0.7181940157480314
11
0.9955977559055118
21
0.7182499999999999
0
LINE
8
BLACK
6
CONTINUOUS
10
0.9955977559055118
20
0.7182499999999999
11
0.9955465354330708
21
0.7183090551181103
0
LINE
8
BLACK
6
CONTINUOUS
10
0.9955465354330708
20
0.7183090551181103
11
0.9953201968503936
21
0.7184948031496062
0
LINE
8
BLACK
6
CONTINUOUS
10
0.9953201968503936
20
0.7184948031496062
11
0.9934454330708661
21
0.7203696062992125
0
LINE
8
BLACK
6
CONTINUOUS
10
0.9934454330708661
20
0.7203696062992125
11
0.9930782283464566
21
0.7208170472440945
0
LINE
8
BLACK
6
CONTINUOUS
10
0.9930782283464566
20
0.7208170472440945
11
0.9926373622047244
21
0.7218814566929134
0
LINE
8
BLACK
6
CONTINUOUS
10
0.9926373622047244
20
0.7218814566929134
11
0.9926373622047244
21
0.7230335433070866
0
LINE
8
BLACK
6
CONTINUOUS
10
0.9926373622047244
20
0.7230335433070866
11
0.9930782677165354
21
0.7240979527559055
0
LINE
8
BLACK
6
CONTINUOUS
10
0.9930782677165354
20
0.7240979527559055
11
0.9938929527559055
21
0.7249126377952756
0
LINE
8
BLACK
6
CONTINUOUS
10
0.9938929527559055
20
0.7249126377952756
11
0.9949573622047244
21
0.7253535039370078
0
LINE
8
BLACK
6
CONTINUOUS
10
0.9949573622047244
20
0.7253535039370078
11
0.9961094488188976
21
0.7253535039370078
0
LINE
8
BLACK
6
CONTINUOUS
10
0.9961094488188976
20
0.7253535039370078
11
0.9971738582677165
21
0.7249125984251968
0
LINE
8
BLACK
6
CONTINUOUS
10
0.9971738582677165
20
0.7249125984251968
11
0.9976213385826771
21
0.7245453543307087
0
LINE
8
BLACK
6
CONTINUOUS
10
0.9976213385826771
20
0.7245453543307087
11
0.9991572440944881
21
0.7230094094488189
0
LINE
8
BLACK
6
CONTINUOUS
10
0.9991572440944881
20
0.7230094094488189
11
1.0018547244094489
21
0.7216606692913385
0
LINE
8
BLACK
6
CONTINUOUS
10
1.0018547244094489
20
0.7216606692913385
11
1.0117092125984253
21
0.7216606692913385
0
LINE
8
BLACK
6
CONTINUOUS
10
1.0117092125984253
20
0.7216606692913385
11
1.0144066535433072
21
0.7230094094488189
0
LINE
8
BLACK
6
CONTINUOUS
10
1.0144066535433072
20
0.7230094094488189
11
1.015603779527559
21
0.7242065748031495
0
LINE
8
BLACK
6
CONTINUOUS
10
1.015603779527559
20
0.7242065748031495
11
1.0169525590551181
21
0.7269040551181102
0
LINE
8
BLACK
6
CONTINUOUS
10
1.0169525590551181
20
0.7269040551181102
11
1.0169525590551181
21
0.734883779527559
0
LINE
8
BLACK
6
CONTINUOUS
10
1.0169525590551181
20
0.734883779527559
11
1.0156038188976377
21
0.7375812598425197
0
LINE
8
BLACK
6
CONTINUOUS
10
1.0156038188976377
20
0.7375812598425197
11
1.0144066929133857
21
0.7387783858267717
0
LINE
8
BLACK
6
CONTINUOUS
10
1.0144066929133857
20
0.7387783858267717
11
1.0117092125984253
21
0.7401271259842519
0
LINE
8
BLACK
6
CONTINUOUS
10
1.0117092125984253
20
0.7401271259842519
11
1.006781968503937
21
0.7401271259842519
0
LINE
8
BLACK
6
CONTINUOUS
10
1.006781968503937
20
0.7401271259842519
11
1.006477283464567
21
0.7401571653543307
0
LINE
8
BLACK
6
CONTINUOUS
10
1.006477283464567
20
0.7401571653543307
11
1.006399842519685
21
0.7401519685039369
0
LINE
8
BLACK
6
CONTINUOUS
10
1.006399842519685
20
0.7401519685039369
11
1.0063464566929134
21
0.7401700393700787
0
LINE
8
BLACK
6
CONTINUOUS
10
1.0063464566929134
20
0.7401700393700787
11
1.0062059055118111
21
0.7401838582677165
0
LINE
8
BLACK
6
CONTINUOUS
10
1.0062059055118111
20
0.7401838582677165
11
1.0057626771653543
21
0.7403674803149606
0
LINE
8
BLACK
6
CONTINUOUS
10
1.0057626771653543
20
0.7403674803149606
11
1.005308464566929
21
0.7405210629921259
0
LINE
8
BLACK
6
CONTINUOUS
10
1.005308464566929
20
0.7405210629921259
11
1.0052334645669292
21
0.7405866535433071
0
LINE
8
BLACK
6
CONTINUOUS
10
1.0052334645669292
20
0.7405866535433071
11
1.0051414960629921
21
0.7406247637795276
0
LINE
8
BLACK
6
CONTINUOUS
10
1.0051414960629921
20
0.7406247637795276
11
1.0048024803149607
21
0.740963779527559
0
LINE
8
BLACK
6
CONTINUOUS
10
1.0048024803149607
20
0.740963779527559
11
1.0044413779527559
21
0.7412797244094488
0
LINE
8
BLACK
6
CONTINUOUS
10
1.0044413779527559
20
0.7412797244094488
11
1.0043971653543307
21
0.741369094488189
0
LINE
8
BLACK
6
CONTINUOUS
10
1.0043971653543307
20
0.741369094488189
11
1.0043268503937008
21
0.7414394094488189
0
LINE
8
BLACK
6
CONTINUOUS
10
1.0043268503937008
20
0.7414394094488189
11
1.0041433464566929
21
0.7418823622047244
0
LINE
8
BLACK
6
CONTINUOUS
10
1.0041433464566929
20
0.7418823622047244
11
1.0039306692913386
21
0.7423124803149607
0
LINE
8
BLACK
6
CONTINUOUS
10
1.0039306692913386
20
0.7423124803149607
11
1.0039240157480316
21
0.7424118503937007
0
LINE
8
BLACK
6
CONTINUOUS
10
1.0039240157480316
20
0.7424118503937007
11
1.0038859448818898
21
0.7425038188976377
0
LINE
8
BLACK
6
CONTINUOUS
10
1.0038859448818898
20
0.7425038188976377
11
1.0038859448818898
21
0.7429835433070866
0
LINE
8
BLACK
6
CONTINUOUS
10
1.0038859448818898
20
0.7429835433070866
11
1.0038540551181103
21
0.7434620078740157
0
LINE
8
BLACK
6
CONTINUOUS
10
1.0038540551181103
20
0.7434620078740157
11
1.0038859448818898
21
0.7435563385826771
0
LINE
8
BLACK
6
CONTINUOUS
10
1.0038859448818898
20
0.7435563385826771
11
1.0038859448818898
21
0.7436559448818898
0
LINE
8
BLACK
6
CONTINUOUS
10
1.0038859448818898
20
0.7436559448818898
11
1.004069527559055
21
0.7440991732283464
0
LINE
8
BLACK
6
CONTINUOUS
10
1.004069527559055
20
0.7440991732283464
11
1.0042231496062992
21
0.7445533858267717
0
LINE
8
BLACK
6
CONTINUOUS
10
1.0042231496062992
20
0.7445533858267717
11
1.0043052362204725
21
0.7446682677165354
0
LINE
8
BLACK
6
CONTINUOUS
10
1.0043052362204725
20
0.7446682677165354
11
1.0043268503937008
21
0.7447203543307086
0
LINE
8
BLACK
6
CONTINUOUS
10
1.0043268503937008
20
0.7447203543307086
11
1.0043817716535433
21
0.7447753149606299
0
LINE
8
BLACK
6
CONTINUOUS
10
1.0043817716535433
20
0.7447753149606299
11
1.0045598031496064
21
0.7450242913385826
0
LINE
8
BLACK
6
CONTINUOUS
10
1.0045598031496064
20
0.7450242913385826
11
1.0133981496062991
21
0.7551252362204725
0
LINE
8
BLACK
6
CONTINUOUS
10
1.0133981496062991
20
0.7551252362204725
11
0.9955333858267716
21
0.7551252362204725
0
LINE
8
BLACK
6
CONTINUOUS
10
0.9955333858267716
20
0.7551252362204725
11
0.9949573228346457
21
0.755181968503937
0
LINE
8
BLACK
6
CONTINUOUS
10
0.9949573228346457
20
0.755181968503937
11
0.9938929133858267
21
0.755622874015748
0
LINE
8
BLACK
6
CONTINUOUS
10
0.9938929133858267
20
0.755622874015748
11
0.9930782677165354
21
0.7564375196850394
0
LINE
8
BLACK
6
CONTINUOUS
10
0.9930782677165354
20
0.7564375196850394
11
0.9926373622047244
21
0.7575019291338583
0
LINE
8
BLACK
6
CONTINUOUS
10
0.9926373622047244
20
0.7575019291338583
11
0.9926373622047244
21
0.7586540551181102
0
LINE
8
BLACK
6
CONTINUOUS
10
0.9926373622047244
20
0.7586540551181102
11
0.9930782677165354
21
0.7597184645669292
0
LINE
8
BLACK
6
CONTINUOUS
10
0.9930782677165354
20
0.7597184645669292
11
0.9938929133858267
21
0.7605331102362205
0
LINE
8
BLACK
6
CONTINUOUS
10
0.9938929133858267
20
0.7605331102362205
11
0.9949573228346457
21
0.7609740157480315
0
LINE
8
BLACK
6
CONTINUOUS
10
0.9949573228346457
20
0.7609740157480315
11
0.9955333858267716
21
0.7610307480314961
0
LINE
8
BLACK
6
CONTINUOUS
10
0.9955333858267716
20
0.7610307480314961
11
1.0199053149606299
21
0.7610307480314961
0
LINE
8
BLACK
6
CONTINUOUS
10
1.0199053149606299
20
0.7610307480314961
11
1.0202099606299213
21
0.7610007480314961
0
LINE
8
BLACK
6
CONTINUOUS
10
1.0504776377952756
20
0.7609740157480315
11
1.0505756299212599
21
0.7609334251968504
0
LINE
8
BLACK
6
CONTINUOUS
10
1.0505756299212599
20
0.7609334251968504
11
1.0506814566929135
21
0.7609259055118111
0
LINE
8
BLACK
6
CONTINUOUS
10
1.0506814566929135
20
0.7609259055118111
11
1.0512220866141733
21
0.7607190157480315
0
LINE
8
BLACK
6
CONTINUOUS
10
1.0512220866141733
20
0.7607190157480315
11
1.0549716141732284
21
0.7588442519685039
0
LINE
8
BLACK
6
CONTINUOUS
10
1.0549716141732284
20
0.7588442519685039
11
1.0552196062992125
21
0.7586881889763779
0
LINE
8
BLACK
6
CONTINUOUS
10
1.0552196062992125
20
0.7586881889763779
11
1.0552915748031495
21
0.7586583464566929
0
LINE
8
BLACK
6
CONTINUOUS
10
1.0552915748031495
20
0.7586583464566929
11
1.0553725196850394
21
0.7585918897637796
0
LINE
8
BLACK
6
CONTINUOUS
10
1.0553725196850394
20
0.7585918897637796
11
1.055461496062992
21
0.758535905511811
0
LINE
8
BLACK
6
CONTINUOUS
10
1.055461496062992
20
0.758535905511811
11
1.0555126377952755
21
0.7584769291338582
0
LINE
8
BLACK
6
CONTINUOUS
10
1.0555126377952755
20
0.7584769291338582
11
1.0557390157480315
21
0.7582911417322834
0
LINE
8
BLACK
6
CONTINUOUS
10
1.0557390157480315
20
0.7582911417322834
11
1.0576137795275591
21
0.7564163779527558
0
LINE
8
BLACK
6
CONTINUOUS
10
1.0576137795275591
20
0.7564163779527558
11
1.057799527559055
21
0.7561900393700787
0
LINE
8
BLACK
6
CONTINUOUS
10
1.057799527559055
20
0.7561900393700787
11
1.0578585433070866
21
0.7561388582677165
0
LINE
8
BLACK
6
CONTINUOUS
10
1.0578585433070866
20
0.7561388582677165
11
1.0579144881889764
21
0.7560499212598425
0
LINE
8
BLACK
6
CONTINUOUS
10
1.0579144881889764
20
0.7560499212598425
11
1.0579809842519685
21
0.755968937007874
0
LINE
8
BLACK
6
CONTINUOUS
10
1.0579809842519685
20
0.755968937007874
11
1.0580107874015747
21
0.7558970078740157
0
LINE
8
BLACK
6
CONTINUOUS
10
1.0580107874015747
20
0.7558970078740157
11
1.0581668897637795
21
0.7556489763779527
0
LINE
8
BLACK
6
CONTINUOUS
10
1.0581668897637795
20
0.7556489763779527
11
1.060041653543307
21
0.7518994488188976
0
LINE
8
BLACK
6
CONTINUOUS
10
1.060041653543307
20
0.7518994488188976
11
1.0602485433070865
21
0.7513588582677165
0
LINE
8
BLACK
6
CONTINUOUS
10
1.0602485433070865
20
0.7513588582677165
11
1.060256062992126
21
0.7512529921259843
0
LINE
8
BLACK
6
CONTINUOUS
10
1.060256062992126
20
0.7512529921259843
11
1.0602966535433072
21
0.751155
0
LINE
8
BLACK
6
CONTINUOUS
10
1.0602966535433072
20
0.751155
11
1.0603533858267715
21
0.750578937007874
0
LINE
8
BLACK
6
CONTINUOUS
10
1.0603533858267715
20
0.750578937007874
11
1.0603533858267715
21
0.7487041732283465
0
LINE
8
BLACK
6
CONTINUOUS
10
1.0603533858267715
20
0.7487041732283465
11
1.0602966535433072
21
0.7481281102362205
0
LINE
8
BLACK
6
CONTINUOUS
10
1.0602966535433072
20
0.7481281102362205
11
1.060256062992126
21
0.748030157480315
0
LINE
8
BLACK
6
CONTINUOUS
10
1.060256062992126
20
0.748030157480315
11
1.0602485433070865
21
0.7479242519685039
0
LINE
8
BLACK
6
CONTINUOUS
10
1.0602485433070865
20
0.7479242519685039
11
1.060041653543307
21
0.7473836614173228
0
LINE
8
BLACK
6
CONTINUOUS
10
1.060041653543307
20
0.7473836614173228
11
1.0581668897637795
21
0.7436341338582677
0
LINE
8
BLACK
6
CONTINUOUS
10
1.0581668897637795
20
0.7436341338582677
11
1.0580107874015747
21
0.7433861417322835
0
LINE
8
BLACK
6
CONTINUOUS
10
1.0580107874015747
20
0.7433861417322835
11
1.0579809842519685
21
0.7433141732283465
0
LINE
8
BLACK
6
CONTINUOUS
10
1.0579809842519685
20
0.7433141732283465
11
1.0579144881889764
21
0.7432332283464567
0
LINE
8
BLACK
6
CONTINUOUS
10
1.0579144881889764
20
0.7432332283464567
11
1.0578585433070866
21
0.7431442519685039
0
LINE
8
BLACK
6
CONTINUOUS
10
1.0578585433070866
20
0.7431442519685039
11
1.057799527559055
21
0.7430931102362205
0
LINE
8
BLACK
6
CONTINUOUS
10
1.057799527559055
20
0.7430931102362205
11
1.0576137795275591
21
0.7428667322834646
0
LINE
8
BLACK
6
CONTINUOUS
10
1.0576137795275591
20
0.7428667322834646
11
1.0559521653543307
21
0.7412051181102361
0
LINE
8
BLACK
6
CONTINUOUS
10
1.0559521653543307
20
0.7412051181102361
11
1.0576137795275591
21
0.7395435039370079
0
LINE
8
BLACK
6
CONTINUOUS
10
1.0576137795275591
20
0.7395435039370079
11
1.057799527559055
21
0.7393171653543307
0
LINE
8
BLACK
6
CONTINUOUS
10
1.057799527559055
20
0.7393171653543307
11
1.0578585433070866
21
0.7392659842519684
0
LINE
8
BLACK
6
CONTINUOUS
10
1.0578585433070866
20
0.7392659842519684
11
1.0579144881889764
21
0.7391770472440945
0
LINE
8
BLACK
6
CONTINUOUS
10
1.0579144881889764
20
0.7391770472440945
11
1.0579809842519685
21
0.7390960629921259
0
LINE
8
BLACK
6
CONTINUOUS
10
1.0579809842519685
20
0.7390960629921259
11
1.0580107874015747
21
0.7390241338582677
0
LINE
8
BLACK
6
CONTINUOUS
10
1.0580107874015747
20
0.7390241338582677
11
1.0581668897637795
21
0.7387761023622047
0
LINE
8
BLACK
6
CONTINUOUS
10
1.0581668897637795
20
0.7387761023622047
11
1.060041653543307
21
0.7350265748031496
0
LINE
8
BLACK
6
CONTINUOUS
10
1.060041653543307
20
0.7350265748031496
11
1.0602485433070865
21
0.7344859842519685
0
LINE
8
BLACK
6
CONTINUOUS
10
1.0602485433070865
20
0.7344859842519685
11
1.060256062992126
21
0.7343801181102362
0
LINE
8
BLACK
6
CONTINUOUS
10
1.060256062992126
20
0.7343801181102362
11
1.0602966535433072
21
0.7342821259842519
0
LINE
8
BLACK
6
CONTINUOUS
10
1.0602966535433072
20
0.7342821259842519
11
1.0603533858267715
21
0.7337060629921259
0
LINE
8
BLACK
6
CONTINUOUS
10
1.0603533858267715
20
0.7337060629921259
11
1.0603533858267715
21
0.7262070078740157
0
LINE
8
BLACK
6
CONTINUOUS
10
1.0603533858267715
20
0.7262070078740157
11
1.0602966535433072
21
0.7256309448818897
0
LINE
8
BLACK
6
CONTINUOUS
10
1.0602966535433072
20
0.7256309448818897
11
1.060256062992126
21
0.7255329921259842
0
LINE
8
BLACK
6
CONTINUOUS
10
1.060256062992126
20
0.7255329921259842
11
1.0602485433070865
21
0.7254270866141732
0
LINE
8
BLACK
6
CONTINUOUS
10
1.0602485433070865
20
0.7254270866141732
11
1.060041653543307
21
0.7248864960629922
0
LINE
8
BLACK
6
CONTINUOUS
10
1.060041653543307
20
0.7248864960629922
11
1.0581668897637795
21
0.7211369685039369
0
LINE
8
BLACK
6
CONTINUOUS
10
1.0581668897637795
20
0.7211369685039369
11
1.0580108267716535
21
0.7208890944881889
0
LINE
8
BLACK
6
CONTINUOUS
10
1.0580108267716535
20
0.7208890944881889
11
1.0579810236220473
21
0.7208170472440945
0
LINE
8
BLACK
6
CONTINUOUS
10
1.0579810236220473
20
0.7208170472440945
11
1.0579144881889764
21
0.7207360236220473
0
LINE
8
BLACK
6
CONTINUOUS
10
1.0579144881889764
20
0.7207360236220473
11
1.0578585433070866
21
0.7206470866141732
0
LINE
8
BLACK
6
CONTINUOUS
10
1.0578585433070866
20
0.7206470866141732
11
1.057799527559055
21
0.7205959448818897
0
LINE
8
BLACK
6
CONTINUOUS
10
1.057799527559055
20
0.7205959448818897
11
1.0576137795275591
21
0.7203695669291338
0
LINE
8
BLACK
6
CONTINUOUS
10
1.0576137795275591
20
0.7203695669291338
11
1.0557390551181103
21
0.7184948031496062
0
LINE
8
BLACK
6
CONTINUOUS
10
1.0557390551181103
20
0.7184948031496062
11
1.0555126771653542
21
0.7183090551181103
0
LINE
8
BLACK
6
CONTINUOUS
10
1.0555126771653542
20
0.7183090551181103
11
1.055461496062992
21
0.7182499999999999
0
LINE
8
BLACK
6
CONTINUOUS
10
1.055461496062992
20
0.7182499999999999
11
1.0553725196850394
21
0.7181940157480314
0
LINE
8
BLACK
6
CONTINUOUS
10
1.0553725196850394
20
0.7181940157480314
11
1.0552915748031495
21
0.718127559055118
0
LINE
8
BLACK
6
CONTINUOUS
10
1.0552915748031495
20
0.718127559055118
11
1.0552196062992125
21
0.7180977559055118
0
LINE
8
BLACK
6
CONTINUOUS
10
1.0552196062992125
20
0.7180977559055118
11
1.0549716141732284
21
0.7179416535433071
0
LINE
8
BLACK
6
CONTINUOUS
10
1.0549716141732284
20
0.7179416535433071
11
1.0512220866141733
21
0.7160668897637795
0
LINE
8
BLACK
6
CONTINUOUS
10
1.0512220866141733
20
0.7160668897637795
11
1.0506814566929135
21
0.7158599999999999
0
LINE
8
BLACK
6
CONTINUOUS
10
1.0506814566929135
20
0.7158599999999999
11
1.0505756299212599
21
0.7158525196850394
0
LINE
8
BLACK
6
CONTINUOUS
10
1.0505756299212599
20
0.7158525196850394
11
1.0504776377952756
21
0.7158118897637795
0
LINE
8
BLACK
6
CONTINUOUS
10
1.0504776377952756
20
0.7158118897637795
11
1.0499015748031495
21
0.7157551574803149
0
LINE
8
BLACK
6
CONTINUOUS
10
1.0499015748031495
20
0.7157551574803149
11
1.0424025196850393
21
0.7157551574803149
0
LINE
8
BLACK
6
CONTINUOUS
10
1.0424025196850393
20
0.7157551574803149
11
1.0418264566929134
21
0.7158118897637795
0
LINE
8
BLACK
6
CONTINUOUS
10
1.0418264566929134
20
0.7158118897637795
11
1.0417284645669291
21
0.7158524803149606
0
LINE
8
BLACK
6
CONTINUOUS
10
1.0417284645669291
20
0.7158524803149606
11
1.0416225984251968
21
0.7158599999999999
0
LINE
8
BLACK
6
CONTINUOUS
10
1.0416225984251968
20
0.7158599999999999
11
1.0410820078740157
21
0.7160668897637795
0
LINE
8
BLACK
6
CONTINUOUS
10
1.0410820078740157
20
0.7160668897637795
11
1.0373324803149606
21
0.7179416535433071
0
LINE
8
BLACK
6
CONTINUOUS
10
1.0373324803149606
20
0.7179416535433071
11
1.0370844488188977
21
0.7180977559055118
0
LINE
8
BLACK
6
CONTINUOUS
10
1.0370844488188977
20
0.7180977559055118
11
1.0370125196850393
21
0.718127559055118
0
LINE
8
BLACK
6
CONTINUOUS
10
1.0370125196850393
20
0.718127559055118
11
1.0369315354330708
21
0.7181940157480314
0
LINE
8
BLACK
6
CONTINUOUS
10
1.0369315354330708
20
0.7181940157480314
11
1.0368425984251968
21
0.7182499999999999
0
LINE
8
BLACK
6
CONTINUOUS
10
1.0368425984251968
20
0.7182499999999999
11
1.0367913779527558
21
0.7183090551181103
0
LINE
8
BLACK
6
CONTINUOUS
10
1.0367913779527558
20
0.7183090551181103
11
1.0365650393700787
21
0.7184948031496062
0
LINE
8
BLACK
6
CONTINUOUS
10
1.0365650393700787
20
0.7184948031496062
11
1.0346902755905512
21
0.7203696062992125
0
LINE
8
BLACK
6
CONTINUOUS
10
1.0346902755905512
20
0.7203696062992125
11
1.0345045275590552
21
0.7205959448818897
0
LINE
8
BLACK
6
CONTINUOUS
10
1.0345045275590552
20
0.7205959448818897
11
1.0344455511811024
21
0.7206470866141732
0
LINE
8
BLACK
6
CONTINUOUS
10
1.0344455511811024
20
0.7206470866141732
11
1.0343895669291339
21
0.7207360236220473
0
LINE
8
BLACK
6
CONTINUOUS
10
1.0343895669291339
20
0.7207360236220473
11
1.0343230708661417
21
0.7208170472440945
0
LINE
8
BLACK
6
CONTINUOUS
10
1.0343230708661417
20
0.7208170472440945
11
1.0342932283464568
21
0.7208890944881889
0
LINE
8
BLACK
6
CONTINUOUS
10
1.0342932283464568
20
0.7208890944881889
11
1.0341372047244095
21
0.7211369685039369
0
LINE
8
BLACK
6
CONTINUOUS
10
1.0341372047244095
20
0.7211369685039369
11
1.032262440944882
21
0.7248864960629922
0
LINE
8
BLACK
6
CONTINUOUS
10
1.032262440944882
20
0.7248864960629922
11
1.0320555511811023
21
0.725427125984252
0
LINE
8
BLACK
6
CONTINUOUS
10
1.0320555511811023
20
0.725427125984252
11
1.0320480314960629
21
0.7255329527559055
0
LINE
8
BLACK
6
CONTINUOUS
10
1.0320480314960629
20
0.7255329527559055
11
1.0320074409448818
21
0.7256309448818897
0
LINE
8
BLACK
6
CONTINUOUS
10
1.0320074409448818
20
0.7256309448818897
11
1.0319507086614172
21
0.7262070078740157
0
LINE
8
BLACK
6
CONTINUOUS
10
1.0319507086614172
20
0.7262070078740157
11
1.0319507086614172
21
0.7337060629921259
0
LINE
8
BLACK
6
CONTINUOUS
10
1.0319507086614172
20
0.7337060629921259
11
1.0320074409448818
21
0.7342821259842519
0
LINE
8
BLACK
6
CONTINUOUS
10
1.0320074409448818
20
0.7342821259842519
11
1.0320480314960629
21
0.7343801574803149
0
LINE
8
BLACK
6
CONTINUOUS
10
1.0320480314960629
20
0.7343801574803149
11
1.0320555511811023
21
0.7344859448818898
0
LINE
8
BLACK
6
CONTINUOUS
10
1.0320555511811023
20
0.7344859448818898
11
1.032262440944882
21
0.7350265748031496
0
LINE
8
BLACK
6
CONTINUOUS
10
1.032262440944882
20
0.7350265748031496
11
1.0341372047244095
21
0.7387761023622047
0
LINE
8
BLACK
6
CONTINUOUS
10
1.0341372047244095
20
0.7387761023622047
11
1.0342932677165355
21
0.7390241338582677
0
LINE
8
BLACK
6
CONTINUOUS
10
1.0342932677165355
20
0.7390241338582677
11
1.0343231102362205
21
0.7390960629921259
0
LINE
8
BLACK
6
CONTINUOUS
10
1.0343231102362205
20
0.7390960629921259
11
1.0343895669291339
21
0.7391770472440945
0
LINE
8
BLACK
6
CONTINUOUS
10
1.0343895669291339
20
0.7391770472440945
11
1.0344455511811024
21
0.7392659842519684
0
LINE
8
BLACK
6
CONTINUOUS
10
1.0344455511811024
20
0.7392659842519684
11
1.0345045275590552
21
0.7393171653543307
0
LINE
8
BLACK
6
CONTINUOUS
10
1.0345045275590552
20
0.7393171653543307
11
1.0346903149606299
21
0.7395435039370079
0
LINE
8
BLACK
6
CONTINUOUS
10
1.0346903149606299
20
0.7395435039370079
11
1.0363519291338583
21
0.7412051181102361
0
LINE
8
BLACK
6
CONTINUOUS
10
1.0363519291338583
20
0.7412051181102361
11
1.0346903149606299
21
0.7428667322834646
0
LINE
8
BLACK
6
CONTINUOUS
10
1.0346903149606299
20
0.7428667322834646
11
1.0345045275590552
21
0.7430931102362205
0
LINE
8
BLACK
6
CONTINUOUS
10
1.0345045275590552
20
0.7430931102362205
11
1.0344455511811024
21
0.7431442519685039
0
LINE
8
BLACK
6
CONTINUOUS
10
1.0344455511811024
20
0.7431442519685039
11
1.0343895669291339
21
0.7432332283464567
0
LINE
8
BLACK
6
CONTINUOUS
10
1.0343895669291339
20
0.7432332283464567
11
1.0343231102362205
21
0.7433141732283465
0
LINE
8
BLACK
6
CONTINUOUS
10
1.0343231102362205
20
0.7433141732283465
11
1.0342932677165355
21
0.7433861417322835
0
LINE
8
BLACK
6
CONTINUOUS
10
1.0342932677165355
20
0.7433861417322835
11
1.0341372047244095
21
0.7436341338582677
0
LINE
8
BLACK
6
CONTINUOUS
10
1.0341372047244095
20
0.7436341338582677
11
1.032262440944882
21
0.7473836614173228
0
LINE
8
BLACK
6
CONTINUOUS
10
1.032262440944882
20
0.7473836614173228
11
1.0320555511811023
21
0.7479242913385826
0
LINE
8
BLACK
6
CONTINUOUS
10
1.0320555511811023
20
0.7479242913385826
11
1.0320480314960629
21
0.7480301181102362
0
LINE
8
BLACK
6
CONTINUOUS
10
1.0320480314960629
20
0.7480301181102362
11
1.0320074409448818
21
0.7481281102362205
0
LINE
8
BLACK
6
CONTINUOUS
10
1.0320074409448818
20
0.7481281102362205
11
1.0319507086614172
21
0.7487041732283465
0
LINE
8
BLACK
6
CONTINUOUS
10
1.0319507086614172
20
0.7487041732283465
11
1.0319507086614172
21
0.750578937007874
0
LINE
8
BLACK
6
CONTINUOUS
10
1.0319507086614172
20
0.750578937007874
11
1.0320074409448818
21
0.751155
0
LINE
8
BLACK
6
CONTINUOUS
10
1.0320074409448818
20
0.751155
11
1.0320480314960629
21
0.7512530314960629
0
LINE
8
BLACK
6
CONTINUOUS
10
1.0320480314960629
20
0.7512530314960629
11
1.0320555511811023
21
0.7513588188976378
0
LINE
8
BLACK
6
CONTINUOUS
10
1.0320555511811023
20
0.7513588188976378
11
1.032262440944882
21
0.7518994488188976
0
LINE
8
BLACK
6
CONTINUOUS
10
1.032262440944882
20
0.7518994488188976
11
1.0341372047244095
21
0.7556489763779527
0
LINE
8
BLACK
6
CONTINUOUS
10
1.0341372047244095
20
0.7556489763779527
11
1.0342932677165355
21
0.7558970078740157
0
LINE
8
BLACK
6
CONTINUOUS
10
1.0342932677165355
20
0.7558970078740157
11
1.0343231102362205
21
0.755968937007874
0
LINE
8
BLACK
6
CONTINUOUS
10
1.0343231102362205
20
0.755968937007874
11
1.0343895669291339
21
0.7560499212598425
0
LINE
8
BLACK
6
CONTINUOUS
10
1.0343895669291339
20
0.7560499212598425
11
1.0344455511811024
21
0.7561388582677165
0
LINE
8
BLACK
6
CONTINUOUS
10
1.0344455511811024
20
0.7561388582677165
11
1.0345045275590552
21
0.7561900393700787
0
LINE
8
BLACK
6
CONTINUOUS
10
1.0345045275590552
20
0.7561900393700787
11
1.0346903149606299
21
0.7564163779527558
0
LINE
8
BLACK
6
CONTINUOUS
10
1.0346903149606299
20
0.7564163779527558
11
1.0365650787401575
21
0.7582911417322834
0
LINE
8
BLACK
6
CONTINUOUS
10
1.0365650787401575
20
0.7582911417322834
11
1.0367914173228345
21
0.7584769291338582
0
LINE
8
BLACK
6
CONTINUOUS
10
1.0367914173228345
20
0.7584769291338582
11
1.0368425984251968
21
0.758535905511811
0
LINE
8
BLACK
6
CONTINUOUS
10
1.0368425984251968
20
0.758535905511811
11
1.0369315354330708
21
0.7585918897637796
0
LINE
8
BLACK
6
CONTINUOUS
10
1.0369315354330708
20
0.7585918897637796
11
1.0370125196850393
21
0.7586583464566929
0
LINE
8
BLACK
6
CONTINUOUS
10
1.0370125196850393
20
0.7586583464566929
11
1.0370844488188977
21
0.7586881889763779
0
LINE
8
BLACK
6
CONTINUOUS
10
1.0370844488188977
20
0.7586881889763779
11
1.0373324803149606
21
0.7588442519685039
0
LINE
8
BLACK
6
CONTINUOUS
10
1.0373324803149606
20
0.7588442519685039
11
1.0410820078740157
21
0.7607190157480315
0
LINE
8
BLACK
6
CONTINUOUS
10
1.0410820078740157
20
0.7607190157480315
11
1.0416225984251968
21
0.7609259055118111
0
LINE
8
BLACK
6
CONTINUOUS
10
1.0416225984251968
20
0.7609259055118111
11
1.0417284645669291
21
0.7609334645669291
0
LINE
8
BLACK
6
CONTINUOUS
10
1.0417284645669291
20
0.7609334645669291
11
1.0418264566929134
21
0.7609740157480315
0
LINE
8
BLACK
6
CONTINUOUS
10
1.0418264566929134
20
0.7609740157480315
11
1.0424025196850393
21
0.7610307480314961
0
LINE
8
BLACK
6
CONTINUOUS
10
1.0424025196850393
20
0.7610307480314961
11
1.0499015748031495
21
0.7610307480314961
0
LINE
8
BLACK
6
CONTINUOUS
10
1.0499015748031495
20
0.7610307480314961
11
1.0504776377952756
21
0.7609740157480315
0
LINE
8
BLACK
6
CONTINUOUS
10
1.0404020866141732
20
0.736903622047244
11
1.0392049606299212
21
0.7357064960629921
0
LINE
8
BLACK
6
CONTINUOUS
10
1.0392049606299212
20
0.7357064960629921
11
1.0378562204724409
21
0.7330090157480315
0
LINE
8
BLACK
6
CONTINUOUS
10
1.0378562204724409
20
0.7330090157480315
11
1.0378562204724409
21
0.7269040551181102
0
LINE
8
BLACK
6
CONTINUOUS
10
1.0378562204724409
20
0.7269040551181102
11
1.0392049606299212
21
0.7242065748031495
0
LINE
8
BLACK
6
CONTINUOUS
10
1.0392049606299212
20
0.7242065748031495
11
1.0404020866141732
21
0.7230094094488189
0
LINE
8
BLACK
6
CONTINUOUS
10
1.0404020866141732
20
0.7230094094488189
11
1.0430995669291339
21
0.7216606692913385
0
LINE
8
BLACK
6
CONTINUOUS
10
1.0430995669291339
20
0.7216606692913385
11
1.0492045275590551
21
0.7216606692913385
0
LINE
8
BLACK
6
CONTINUOUS
10
1.0492045275590551
20
0.7216606692913385
11
1.051901968503937
21
0.7230094094488189
0
LINE
8
BLACK
6
CONTINUOUS
10
1.051901968503937
20
0.7230094094488189
11
1.0530990944881891
21
0.7242065748031495
0
LINE
8
BLACK
6
CONTINUOUS
10
1.0530990944881891
20
0.7242065748031495
11
1.0544478740157479
21
0.7269040551181102
0
LINE
8
BLACK
6
CONTINUOUS
10
1.0544478740157479
20
0.7269040551181102
11
1.0544478740157479
21
0.7330090157480315
0
LINE
8
BLACK
6
CONTINUOUS
10
1.0544478740157479
20
0.7330090157480315
11
1.0530991338582676
21
0.7357064960629921
0
LINE
8
BLACK
6
CONTINUOUS
10
1.0530991338582676
20
0.7357064960629921
11
1.0519020078740158
21
0.736903622047244
0
LINE
8
BLACK
6
CONTINUOUS
10
1.0519020078740158
20
0.736903622047244
11
1.0492045275590551
21
0.7382523622047243
0
LINE
8
BLACK
6
CONTINUOUS
10
1.0492045275590551
20
0.7382523622047243
11
1.0430995669291339
21
0.7382523622047243
0
LINE
8
BLACK
6
CONTINUOUS
10
1.0430995669291339
20
0.7382523622047243
11
1.0404020866141732
21
0.736903622047244
0
LINE
8
BLACK
6
CONTINUOUS
10
1.0404020866141732
20
0.7537764960629921
11
1.0392049606299212
21
0.7525793700787401
0
LINE
8
BLACK
6
CONTINUOUS
10
1.0392049606299212
20
0.7525793700787401
11
1.0378562204724409
21
0.7498818897637796
0
LINE
8
BLACK
6
CONTINUOUS
10
1.0378562204724409
20
0.7498818897637796
11
1.0378562204724409
21
0.749401220472441
0
LINE
8
BLACK
6
CONTINUOUS
10
1.0378562204724409
20
0.749401220472441
11
1.0392049606299212
21
0.7467037401574803
0
LINE
8
BLACK
6
CONTINUOUS
10
1.0392049606299212
20
0.7467037401574803
11
1.0404020866141732
21
0.7455066141732283
0
LINE
8
BLACK
6
CONTINUOUS
10
1.0404020866141732
20
0.7455066141732283
11
1.0430995669291339
21
0.7441578740157481
0
LINE
8
BLACK
6
CONTINUOUS
10
1.0430995669291339
20
0.7441578740157481
11
1.0492045275590551
21
0.7441578740157481
0
LINE
8
BLACK
6
CONTINUOUS
10
1.0492045275590551
20
0.7441578740157481
11
1.0519020078740158
21
0.7455066141732283
0
LINE
8
BLACK
6
CONTINUOUS
10
1.0519020078740158
20
0.7455066141732283
11
1.0530991338582676
21
0.7467037401574803
0
LINE
8
BLACK
6
CONTINUOUS
10
1.0530991338582676
20
0.7467037401574803
11
1.0544478740157479
21
0.749401220472441
0
LINE
8
BLACK
6
CONTINUOUS
10
1.0544478740157479
20
0.749401220472441
11
1.0544478740157479
21
0.7498818897637796
0
LINE
8
BLACK
6
CONTINUOUS
10
1.0544478740157479
20
0.7498818897637796
11
1.0530991338582676
21
0.7525793700787401
0
LINE
8
BLACK
6
CONTINUOUS
10
1.0530991338582676
20
0.7525793700787401
11
1.0519020078740158
21
0.7537764960629921
0
LINE
8
BLACK
6
CONTINUOUS
10
1.0519020078740158
20
0.7537764960629921
11
1.0492045275590551
21
0.7551252362204725
0
LINE
8
BLACK
6
CONTINUOUS
10
1.0492045275590551
20
0.7551252362204725
11
1.0430995669291339
21
0.7551252362204725
0
LINE
8
BLACK
6
CONTINUOUS
10
1.0430995669291339
20
0.7551252362204725
11
1.0404020866141732
21
0.7537764960629921
0
LINE
8
BLACK
6
CONTINUOUS
10
0.9662460236220473
20
0.807338937007874
11
0.9662951181102362
21
0.8073422047244094
0
LINE
8
BLACK
6
CONTINUOUS
10
0.9662951181102362
20
0.8073422047244094
11
0.9663143700787401
21
0.8073253543307086
0
LINE
8
BLACK
6
CONTINUOUS
10
0.9663143700787401
20
0.8073253543307086
11
0.9663687401574803
21
0.8073145275590551
0
LINE
8
BLACK
6
CONTINUOUS
10
0.9663687401574803
20
0.8073145275590551
11
0.9666626771653543
21
0.8070205905511811
0
LINE
8
BLACK
6
CONTINUOUS
10
0.9666626771653543
20
0.8070205905511811
11
0.9669754724409448
21
0.8067468897637795
0
LINE
8
BLACK
6
CONTINUOUS
10
0.9669754724409448
20
0.8067468897637795
11
0.9669782283464566
21
0.8067050393700788
0
LINE
8
BLACK
6
CONTINUOUS
10
0.9669782283464566
20
0.8067050393700788
11
0.9670079133858267
21
0.8066753543307087
0
LINE
8
BLACK
6
CONTINUOUS
10
0.9670079133858267
20
0.8066753543307087
11
0.9670079133858267
21
0.8062601968503936
0
LINE
8
BLACK
6
CONTINUOUS
10
0.9670079133858267
20
0.8062601968503936
11
0.967035590551181
21
0.8058449606299213
0
LINE
8
BLACK
6
CONTINUOUS
10
0.967035590551181
20
0.8058449606299213
11
0.9670079133858267
21
0.8057969291338583
0
LINE
8
BLACK
6
CONTINUOUS
10
0.9670079133858267
20
0.8057969291338583
11
0.9670079133858267
21
0.8057713385826771
0
LINE
8
BLACK
6
CONTINUOUS
10
0.9670079133858267
20
0.8057713385826771
11
0.966973188976378
21
0.805736653543307
0
LINE
8
BLACK
6
CONTINUOUS
10
0.966973188976378
20
0.805736653543307
11
0.9668055905511811
21
0.805445590551181
0
LINE
8
BLACK
6
CONTINUOUS
10
0.9668055905511811
20
0.805445590551181
11
0.963217874015748
21
0.8013453937007874
0
LINE
8
BLACK
6
CONTINUOUS
10
0.963217874015748
20
0.8013453937007874
11
0.9633691338582677
21
0.8013152755905512
0
LINE
8
BLACK
6
CONTINUOUS
10
0.9633691338582677
20
0.8013152755905512
11
0.9633882677165354
21
0.8012961417322835
0
LINE
8
BLACK
6
CONTINUOUS
10
0.9633882677165354
20
0.8012961417322835
11
0.9634453543307087
21
0.8012805118110236
0
LINE
8
BLACK
6
CONTINUOUS
10
0.9634453543307087
20
0.8012805118110236
11
0.964945157480315
21
0.800530590551181
0
LINE
8
BLACK
6
CONTINUOUS
10
0.964945157480315
20
0.800530590551181
11
0.9650946062992126
21
0.8004145669291338
0
LINE
8
BLACK
6
CONTINUOUS
10
0.9650946062992126
20
0.8004145669291338
11
0.9652520866141732
21
0.8003093700787401
0
LINE
8
BLACK
6
CONTINUOUS
10
0.9652520866141732
20
0.8003093700787401
11
0.9660019685039369
21
0.7995594881889764
0
LINE
8
BLACK
6
CONTINUOUS
10
0.9660019685039369
20
0.7995594881889764
11
0.966107125984252
21
0.799402125984252
0
LINE
8
BLACK
6
CONTINUOUS
10
0.966107125984252
20
0.799402125984252
11
0.9662232677165354
21
0.7992524803149607
0
LINE
8
BLACK
6
CONTINUOUS
10
0.9662232677165354
20
0.7992524803149607
11
0.9669731496062992
21
0.7977526377952756
0
LINE
8
BLACK
6
CONTINUOUS
10
0.9669731496062992
20
0.7977526377952756
11
0.9669887401574803
21
0.7976956299212599
0
LINE
8
BLACK
6
CONTINUOUS
10
0.9669887401574803
20
0.7976956299212599
11
0.9670079133858267
21
0.7976764566929133
0
LINE
8
BLACK
6
CONTINUOUS
10
0.9670079133858267
20
0.7976764566929133
11
0.967044842519685
21
0.7974906692913386
0
LINE
8
BLACK
6
CONTINUOUS
10
0.967044842519685
20
0.7974906692913386
11
0.967094842519685
21
0.7973081496062991
0
LINE
8
BLACK
6
CONTINUOUS
10
0.967094842519685
20
0.7973081496062991
11
0.9670862598425196
21
0.7972825196850394
0
LINE
8
BLACK
6
CONTINUOUS
10
0.9670862598425196
20
0.7972825196850394
11
0.9670978346456692
21
0.7972244488188976
0
LINE
8
BLACK
6
CONTINUOUS
10
0.9670978346456692
20
0.7972244488188976
11
0.9670978346456692
21
0.7934749212598425
0
LINE
8
BLACK
6
CONTINUOUS
10
0.9670978346456692
20
0.7934749212598425
11
0.9670862598425196
21
0.7934168897637796
0
LINE
8
BLACK
6
CONTINUOUS
10
0.9670862598425196
20
0.7934168897637796
11
0.967094842519685
21
0.7933912204724409
0
LINE
8
BLACK
6
CONTINUOUS
10
0.967094842519685
20
0.7933912204724409
11
0.967044842519685
21
0.7932087401574803
0
LINE
8
BLACK
6
CONTINUOUS
10
0.967044842519685
20
0.7932087401574803
11
0.9670079133858267
21
0.7930229133858268
0
LINE
8
BLACK
6
CONTINUOUS
10
0.9670079133858267
20
0.7930229133858268
11
0.9669887401574803
21
0.7930037795275591
0
LINE
8
BLACK
6
CONTINUOUS
10
0.9669887401574803
20
0.7930037795275591
11
0.9669731496062992
21
0.7929467322834646
0
LINE
8
BLACK
6
CONTINUOUS
10
0.9669731496062992
20
0.7929467322834646
11
0.9662232677165354
21
0.7914469291338583
0
LINE
8
BLACK
6
CONTINUOUS
10
0.9662232677165354
20
0.7914469291338583
11
0.966107125984252
21
0.7912973228346456
0
LINE
8
BLACK
6
CONTINUOUS
10
0.966107125984252
20
0.7912973228346456
11
0.9660020078740157
21
0.7911399606299212
0
LINE
8
BLACK
6
CONTINUOUS
10
0.9660020078740157
20
0.7911399606299212
11
0.9652520866141732
21
0.7903900393700787
0
LINE
8
BLACK
6
CONTINUOUS
10
0.9652520866141732
20
0.7903900393700787
11
0.9650947244094488
21
0.7902849606299213
0
LINE
8
BLACK
6
CONTINUOUS
10
0.9650947244094488
20
0.7902849606299213
11
0.9649451181102362
21
0.790168779527559
0
LINE
8
BLACK
6
CONTINUOUS
10
0.9649451181102362
20
0.790168779527559
11
0.9634453149606299
21
0.7894188976377953
0
LINE
8
BLACK
6
CONTINUOUS
10
0.9634453149606299
20
0.7894188976377953
11
0.9633882677165354
21
0.7894033070866141
0
LINE
8
BLACK
6
CONTINUOUS
10
0.9633882677165354
20
0.7894033070866141
11
0.9633691338582677
21
0.7893841338582677
0
LINE
8
BLACK
6
CONTINUOUS
10
0.9633691338582677
20
0.7893841338582677
11
0.9631833070866141
21
0.7893472047244094
0
LINE
8
BLACK
6
CONTINUOUS
10
0.9631833070866141
20
0.7893472047244094
11
0.9630008267716536
21
0.7892972047244095
0
LINE
8
BLACK
6
CONTINUOUS
10
0.9630008267716536
20
0.7892972047244095
11
0.9629751574803149
21
0.7893057874015748
0
LINE
8
BLACK
6
CONTINUOUS
10
0.9629751574803149
20
0.7893057874015748
11
0.9629171259842519
21
0.7892942125984251
0
LINE
8
BLACK
6
CONTINUOUS
10
0.9629171259842519
20
0.7892942125984251
11
0.9584176771653543
21
0.7892942125984251
0
LINE
8
BLACK
6
CONTINUOUS
10
0.9584176771653543
20
0.7892942125984251
11
0.9583596062992126
21
0.7893057874015748
0
LINE
8
BLACK
6
CONTINUOUS
10
0.9583596062992126
20
0.7893057874015748
11
0.9583339763779527
21
0.7892972047244095
0
LINE
8
BLACK
6
CONTINUOUS
10
0.9583339763779527
20
0.7892972047244095
11
0.9581514566929134
21
0.7893472047244094
0
LINE
8
BLACK
6
CONTINUOUS
10
0.9581514566929134
20
0.7893472047244094
11
0.9579656692913385
21
0.7893841338582677
0
LINE
8
BLACK
6
CONTINUOUS
10
0.9579656692913385
20
0.7893841338582677
11
0.9579464960629921
21
0.7894033070866141
0
LINE
8
BLACK
6
CONTINUOUS
10
0.9579464960629921
20
0.7894033070866141
11
0.9578894881889763
21
0.7894188976377953
0
LINE
8
BLACK
6
CONTINUOUS
10
0.9578894881889763
20
0.7894188976377953
11
0.9563896850393701
21
0.790168779527559
0
LINE
8
BLACK
6
CONTINUOUS
10
0.9563896850393701
20
0.790168779527559
11
0.9562400393700787
21
0.7902849212598425
0
LINE
8
BLACK
6
CONTINUOUS
10
0.9562400393700787
20
0.7902849212598425
11
0.9560827165354331
21
0.7903900393700787
0
LINE
8
BLACK
6
CONTINUOUS
10
0.9560827165354331
20
0.7903900393700787
11
0.9553327952755906
21
0.7911399606299212
0
LINE
8
BLACK
6
CONTINUOUS
10
0.9553327952755906
20
0.7911399606299212
11
0.9550767716535433
21
0.7915231496062992
0
LINE
8
BLACK
6
CONTINUOUS
10
0.9550767716535433
20
0.7915231496062992
11
0.9550767716535433
21
0.7924270866141732
0
LINE
8
BLACK
6
CONTINUOUS
10
0.9550767716535433
20
0.7924270866141732
11
0.9557159842519685
21
0.7930662992125984
0
LINE
8
BLACK
6
CONTINUOUS
10
0.9557159842519685
20
0.7930662992125984
11
0.9566199212598425
21
0.7930662992125984
0
LINE
8
BLACK
6
CONTINUOUS
10
0.9566199212598425
20
0.7930662992125984
11
0.9570031102362204
21
0.7928102755905512
0
LINE
8
BLACK
6
CONTINUOUS
10
0.9570031102362204
20
0.7928102755905512
11
0.9576174409448819
21
0.7921959448818897
0
LINE
8
BLACK
6
CONTINUOUS
10
0.9576174409448819
20
0.7921959448818897
11
0.9586964960629921
21
0.7916564173228346
0
LINE
8
BLACK
6
CONTINUOUS
10
0.9586964960629921
20
0.7916564173228346
11
0.9626383070866141
21
0.7916564173228346
0
LINE
8
BLACK
6
CONTINUOUS
10
0.9626383070866141
20
0.7916564173228346
11
0.9637173228346456
21
0.7921959448818897
0
LINE
8
BLACK
6
CONTINUOUS
10
0.9637173228346456
20
0.7921959448818897
11
0.9641961023622047
21
0.7926747244094487
0
LINE
8
BLACK
6
CONTINUOUS
10
0.9641961023622047
20
0.7926747244094487
11
0.9647356299212598
21
0.7937537401574803
0
LINE
8
BLACK
6
CONTINUOUS
10
0.9647356299212598
20
0.7937537401574803
11
0.9647356299212598
21
0.7969456692913386
0
LINE
8
BLACK
6
CONTINUOUS
10
0.9647356299212598
20
0.7969456692913386
11
0.9641961417322834
21
0.7980246062992126
0
LINE
8
BLACK
6
CONTINUOUS
10
0.9641961417322834
20
0.7980246062992126
11
0.9637172440944881
21
0.7985035039370079
0
LINE
8
BLACK
6
CONTINUOUS
10
0.9637172440944881
20
0.7985035039370079
11
0.9626382677165354
21
0.7990429921259843
0
LINE
8
BLACK
6
CONTINUOUS
10
0.9626382677165354
20
0.7990429921259843
11
0.9606674015748031
21
0.7990429921259843
0
LINE
8
BLACK
6
CONTINUOUS
10
0.9606674015748031
20
0.7990429921259843
11
0.9603380708661418
21
0.7991085433070866
0
LINE
8
BLACK
6
CONTINUOUS
10
0.9603380708661418
20
0.7991085433070866
11
0.9602890157480315
21
0.7991052362204725
0
LINE
8
BLACK
6
CONTINUOUS
10
0.9602890157480315
20
0.7991052362204725
11
0.9602697244094488
21
0.7991221259842519
0
LINE
8
BLACK
6
CONTINUOUS
10
0.9602697244094488
20
0.7991221259842519
11
0.9602153937007873
21
0.7991329133858267
0
LINE
8
BLACK
6
CONTINUOUS
10
0.9602153937007873
20
0.7991329133858267
11
0.9599212598425196
21
0.7994270472440945
0
LINE
8
BLACK
6
CONTINUOUS
10
0.9599212598425196
20
0.7994270472440945
11
0.9596087007874016
21
0.7997005511811024
0
LINE
8
BLACK
6
CONTINUOUS
10
0.9596087007874016
20
0.7997005511811024
11
0.959605905511811
21
0.7997424015748031
0
LINE
8
BLACK
6
CONTINUOUS
10
0.959605905511811
20
0.7997424015748031
11
0.959576220472441
21
0.7997720866141732
0
LINE
8
BLACK
6
CONTINUOUS
10
0.959576220472441
20
0.7997720866141732
11
0.959576220472441
21
0.8001875590551181
0
LINE
8
BLACK
6
CONTINUOUS
10
0.959576220472441
20
0.8001875590551181
11
0.9595485433070866
21
0.8006024803149606
0
LINE
8
BLACK
6
CONTINUOUS
10
0.9595485433070866
20
0.8006024803149606
11
0.959576220472441
21
0.8006505511811024
0
LINE
8
BLACK
6
CONTINUOUS
10
0.959576220472441
20
0.8006505511811024
11
0.959576220472441
21
0.8006761023622047
0
LINE
8
BLACK
6
CONTINUOUS
10
0.959576220472441
20
0.8006761023622047
11
0.9596109055118111
21
0.8007108267716535
0
LINE
8
BLACK
6
CONTINUOUS
10
0.9596109055118111
20
0.8007108267716535
11
0.9597785433070866
21
0.8010018503937008
0
LINE
8
BLACK
6
CONTINUOUS
10
0.9597785433070866
20
0.8010018503937008
11
0.9633138582677165
21
0.8050422440944882
0
LINE
8
BLACK
6
CONTINUOUS
10
0.9633138582677165
20
0.8050422440944882
11
0.9561679527559055
21
0.8050422440944882
0
LINE
8
BLACK
6
CONTINUOUS
10
0.9561679527559055
20
0.8050422440944882
11
0.9557159448818897
21
0.8051321653543307
0
LINE
8
BLACK
6
CONTINUOUS
10
0.9557159448818897
20
0.8051321653543307
11
0.9550767716535433
21
0.8057713385826771
0
LINE
8
BLACK
6
CONTINUOUS
10
0.9550767716535433
20
0.8057713385826771
11
0.9550767716535433
21
0.8066753543307087
0
LINE
8
BLACK
6
CONTINUOUS
10
0.9550767716535433
20
0.8066753543307087
11
0.9557159448818897
21
0.8073145275590551
0
LINE
8
BLACK
6
CONTINUOUS
10
0.9557159448818897
20
0.8073145275590551
11
0.9561679527559055
21
0.8074044488188976
0
LINE
8
BLACK
6
CONTINUOUS
10
0.9561679527559055
20
0.8074044488188976
11
0.9659167322834645
21
0.8074044488188976
0
LINE
8
BLACK
6
CONTINUOUS
10
0.9659167322834645
20
0.8074044488188976
11
0.9662460236220473
21
0.807338937007874
0
LINE
8
BLACK
6
CONTINUOUS
10
0.9479770472440945
20
0.8073929133858267
11
0.948002716535433
21
0.8074014566929134
0
LINE
8
BLACK
6
CONTINUOUS
10
0.948002716535433
20
0.8074014566929134
11
0.9481852362204725
21
0.8073514960629921
0
LINE
8
BLACK
6
CONTINUOUS
10
0.9481852362204725
20
0.8073514960629921
11
0.9483710236220472
21
0.8073145275590551
0
LINE
8
BLACK
6
CONTINUOUS
10
0.9483710236220472
20
0.8073145275590551
11
0.948390157480315
21
0.8072953937007874
0
LINE
8
BLACK
6
CONTINUOUS
10
0.948390157480315
20
0.8072953937007874
11
0.9484472440944882
21
0.8072797637795276
0
LINE
8
BLACK
6
CONTINUOUS
10
0.9484472440944882
20
0.8072797637795276
11
0.9499470472440945
21
0.8065298425196851
0
LINE
8
BLACK
6
CONTINUOUS
10
0.9499470472440945
20
0.8065298425196851
11
0.9500967716535433
21
0.8064136220472441
0
LINE
8
BLACK
6
CONTINUOUS
10
0.9500967716535433
20
0.8064136220472441
11
0.9502539763779527
21
0.8063085826771653
0
LINE
8
BLACK
6
CONTINUOUS
10
0.9502539763779527
20
0.8063085826771653
11
0.9510038976377952
21
0.8055587007874015
0
LINE
8
BLACK
6
CONTINUOUS
10
0.9510038976377952
20
0.8055587007874015
11
0.9511092519685039
21
0.8054009842519685
0
LINE
8
BLACK
6
CONTINUOUS
10
0.9511092519685039
20
0.8054009842519685
11
0.9512251181102362
21
0.8052517322834646
0
LINE
8
BLACK
6
CONTINUOUS
10
0.9512251181102362
20
0.8052517322834646
11
0.9519750393700788
21
0.8037518897637795
0
LINE
8
BLACK
6
CONTINUOUS
10
0.9519750393700788
20
0.8037518897637795
11
0.9519906299212598
21
0.8036948818897638
0
LINE
8
BLACK
6
CONTINUOUS
10
0.9519906299212598
20
0.8036948818897638
11
0.9520098031496063
21
0.8036757086614174
0
LINE
8
BLACK
6
CONTINUOUS
10
0.9520098031496063
20
0.8036757086614174
11
0.9520466929133858
21
0.8034902362204724
0
LINE
8
BLACK
6
CONTINUOUS
10
0.9520466929133858
20
0.8034902362204724
11
0.9520967716535433
21
0.8033074015748032
0
LINE
8
BLACK
6
CONTINUOUS
10
0.9520967716535433
20
0.8033074015748032
11
0.9520881889763779
21
0.8032816929133858
0
LINE
8
BLACK
6
CONTINUOUS
10
0.9520881889763779
20
0.8032816929133858
11
0.9520997244094488
21
0.8032237007874016
0
LINE
8
BLACK
6
CONTINUOUS
10
0.9520997244094488
20
0.8032237007874016
11
0.9520997244094488
21
0.8009740157480315
0
LINE
8
BLACK
6
CONTINUOUS
10
0.9520997244094488
20
0.8009740157480315
11
0.9520881889763779
21
0.8009160629921259
0
LINE
8
BLACK
6
CONTINUOUS
10
0.9520881889763779
20
0.8009160629921259
11
0.9520967716535433
21
0.8008903149606299
0
LINE
8
BLACK
6
CONTINUOUS
10
0.9520967716535433
20
0.8008903149606299
11
0.9520466929133858
21
0.8007075196850394
0
LINE
8
BLACK
6
CONTINUOUS
10
0.9520466929133858
20
0.8007075196850394
11
0.9520098031496063
21
0.8005220078740157
0
LINE
8
BLACK
6
CONTINUOUS
10
0.9520098031496063
20
0.8005220078740157
11
0.9519906299212598
21
0.800502874015748
0
LINE
8
BLACK
6
CONTINUOUS
10
0.9519906299212598
20
0.800502874015748
11
0.9519750393700788
21
0.8004458267716535
0
LINE
8
BLACK
6
CONTINUOUS
10
0.9519750393700788
20
0.8004458267716535
11
0.9512251181102362
21
0.7989459842519685
0
LINE
8
BLACK
6
CONTINUOUS
10
0.9512251181102362
20
0.7989459842519685
11
0.9511092519685039
21
0.7987967716535432
0
LINE
8
BLACK
6
CONTINUOUS
10
0.9511092519685039
20
0.7987967716535432
11
0.9510038976377952
21
0.7986390157480315
0
LINE
8
BLACK
6
CONTINUOUS
10
0.9510038976377952
20
0.7986390157480315
11
0.9502539763779527
21
0.7978891338582677
0
LINE
8
BLACK
6
CONTINUOUS
10
0.9502539763779527
20
0.7978891338582677
11
0.9500967716535433
21
0.7977841338582677
0
LINE
8
BLACK
6
CONTINUOUS
10
0.9500967716535433
20
0.7977841338582677
11
0.9499470472440945
21
0.797667874015748
0
LINE
8
BLACK
6
CONTINUOUS
10
0.9499470472440945
20
0.797667874015748
11
0.9484472440944882
21
0.7969179527559055
0
LINE
8
BLACK
6
CONTINUOUS
10
0.9484472440944882
20
0.7969179527559055
11
0.948390157480315
21
0.7969023622047244
0
LINE
8
BLACK
6
CONTINUOUS
10
0.948390157480315
20
0.7969023622047244
11
0.9483710236220472
21
0.7968831889763779
0
LINE
8
BLACK
6
CONTINUOUS
10
0.9483710236220472
20
0.7968831889763779
11
0.9481852362204725
21
0.7968462598425197
0
LINE
8
BLACK
6
CONTINUOUS
10
0.9481852362204725
20
0.7968462598425197
11
0.948002716535433
21
0.7967962598425197
0
LINE
8
BLACK
6
CONTINUOUS
10
0.948002716535433
20
0.7967962598425197
11
0.9479770472440945
21
0.796804842519685
0
LINE
8
BLACK
6
CONTINUOUS
10
0.9479770472440945
20
0.796804842519685
11
0.9479354724409449
21
0.7967965748031496
0
LINE
8
BLACK
6
CONTINUOUS
10
0.9479354724409449
20
0.7967965748031496
11
0.9518862204724409
21
0.7911526377952756
0
LINE
8
BLACK
6
CONTINUOUS
10
0.9518862204724409
20
0.7911526377952756
11
0.9520717322834645
21
0.7907307874015748
0
LINE
8
BLACK
6
CONTINUOUS
10
0.9520717322834645
20
0.7907307874015748
11
0.9519146456692913
21
0.7898405905511811
0
LINE
8
BLACK
6
CONTINUOUS
10
0.9519146456692913
20
0.7898405905511811
11
0.9511740551181103
21
0.7893222047244094
0
LINE
8
BLACK
6
CONTINUOUS
10
0.9511740551181103
20
0.7893222047244094
11
0.9502838976377953
21
0.7894792913385826
0
LINE
8
BLACK
6
CONTINUOUS
10
0.9502838976377953
20
0.7894792913385826
11
0.9499510236220472
21
0.789798031496063
0
LINE
8
BLACK
6
CONTINUOUS
10
0.9499510236220472
20
0.789798031496063
11
0.9450543307086614
21
0.7967932677165355
0
LINE
8
BLACK
6
CONTINUOUS
10
0.9450543307086614
20
0.7967932677165355
11
0.9431008661417323
21
0.7967932677165355
0
LINE
8
BLACK
6
CONTINUOUS
10
0.9431008661417323
20
0.7967932677165355
11
0.9431008661417323
21
0.7904753149606299
0
LINE
8
BLACK
6
CONTINUOUS
10
0.9431008661417323
20
0.7904753149606299
11
0.9430109448818897
21
0.7900233070866142
0
LINE
8
BLACK
6
CONTINUOUS
10
0.9430109448818897
20
0.7900233070866142
11
0.9423717716535432
21
0.7893841338582677
0
LINE
8
BLACK
6
CONTINUOUS
10
0.9423717716535432
20
0.7893841338582677
11
0.9414677559055118
21
0.7893841338582677
0
LINE
8
BLACK
6
CONTINUOUS
10
0.9414677559055118
20
0.7893841338582677
11
0.9408285826771653
21
0.7900233070866142
0
LINE
8
BLACK
6
CONTINUOUS
10
0.9408285826771653
20
0.7900233070866142
11
0.9407386614173228
21
0.7904753149606299
0
LINE
8
BLACK
6
CONTINUOUS
10
0.9407386614173228
20
0.7904753149606299
11
0.9407386614173228
21
0.8062233464566929
0
LINE
8
BLACK
6
CONTINUOUS
10
0.9407386614173228
20
0.8062233464566929
11
0.9408285826771653
21
0.8066753543307087
0
LINE
8
BLACK
6
CONTINUOUS
10
0.9408285826771653
20
0.8066753543307087
11
0.9414677559055118
21
0.8073145275590551
0
LINE
8
BLACK
6
CONTINUOUS
10
0.9414677559055118
20
0.8073145275590551
11
0.9419197637795276
21
0.8074044488188976
0
LINE
8
BLACK
6
CONTINUOUS
10
0.9419197637795276
20
0.8074044488188976
11
0.9479190157480315
21
0.8074044488188976
0
LINE
8
BLACK
6
CONTINUOUS
10
0.9479190157480315
20
0.8074044488188976
11
0.9479770472440945
21
0.8073929133858267
0
LINE
8
BLACK
6
CONTINUOUS
10
0.9431008661417323
20
0.7991554724409449
11
0.9476401574803149
21
0.7991554724409449
0
LINE
8
BLACK
6
CONTINUOUS
10
0.9476401574803149
20
0.7991554724409449
11
0.9487191732283464
21
0.7996949999999999
0
LINE
8
BLACK
6
CONTINUOUS
10
0.9487191732283464
20
0.7996949999999999
11
0.9491979921259842
21
0.8001738582677165
0
LINE
8
BLACK
6
CONTINUOUS
10
0.9491979921259842
20
0.8001738582677165
11
0.9497375196850394
21
0.801252874015748
0
LINE
8
BLACK
6
CONTINUOUS
10
0.9497375196850394
20
0.801252874015748
11
0.9497375196850394
21
0.8029448818897638
0
LINE
8
BLACK
6
CONTINUOUS
10
0.9497375196850394
20
0.8029448818897638
11
0.9491979921259842
21
0.8040238976377952
0
LINE
8
BLACK
6
CONTINUOUS
10
0.9491979921259842
20
0.8040238976377952
11
0.9487191732283464
21
0.8045027559055118
0
LINE
8
BLACK
6
CONTINUOUS
10
0.9487191732283464
20
0.8045027559055118
11
0.9476401574803149
21
0.8050422440944882
0
LINE
8
BLACK
6
CONTINUOUS
10
0.9476401574803149
20
0.8050422440944882
11
0.9431008661417323
21
0.8050422440944882
0
LINE
8
BLACK
6
CONTINUOUS
10
0.9431008661417323
20
0.8050422440944882
11
0.9431008661417323
21
0.7991554724409449
0
LINE
8
BLACK
6
CONTINUOUS
10
0.9857926771653543
20
0.8156966141732284
11
0.986858031496063
21
0.8146312598425197
0
LINE
8
BLACK
6
CONTINUOUS
10
0.986858031496063
20
0.8146312598425197
11
0.987007874015748
21
0.8138779527559055
0
LINE
8
BLACK
6
CONTINUOUS
10
0.987007874015748
20
0.8138779527559055
11
0.987007874015748
21
0.7813976377952756
0
LINE
8
BLACK
6
CONTINUOUS
10
0.987007874015748
20
0.7813976377952756
11
0.986858031496063
21
0.7806443307086613
0
LINE
8
BLACK
6
CONTINUOUS
10
0.986858031496063
20
0.7806443307086613
11
0.9857926771653543
21
0.7795789763779527
0
LINE
8
BLACK
6
CONTINUOUS
10
0.9857926771653543
20
0.7795789763779527
11
0.9850393700787401
21
0.7794291338582677
0
LINE
8
BLACK
6
CONTINUOUS
10
0.9850393700787401
20
0.7794291338582677
11
0.9220472440944881
21
0.7794291338582677
0
LINE
8
BLACK
6
CONTINUOUS
10
0.9220472440944881
20
0.7794291338582677
11
0.921293937007874
21
0.7795789763779527
0
LINE
8
BLACK
6
CONTINUOUS
10
0.921293937007874
20
0.7795789763779527
11
0.9202285826771653
21
0.7806443307086613
0
LINE
8
BLACK
6
CONTINUOUS
10
0.9202285826771653
20
0.7806443307086613
11
0.9200787401574803
21
0.7813976377952756
0
LINE
8
BLACK
6
CONTINUOUS
10
0.9200787401574803
20
0.7813976377952756
11
0.9200787401574803
21
0.8138779527559055
0
LINE
8
BLACK
6
CONTINUOUS
10
0.9200787401574803
20
0.8138779527559055
11
0.9202285826771653
21
0.8146312598425197
0
LINE
8
BLACK
6
CONTINUOUS
10
0.9202285826771653
20
0.8146312598425197
11
0.921293937007874
21
0.8156966141732284
0
LINE
8
BLACK
6
CONTINUOUS
10
0.921293937007874
20
0.8156966141732284
11
0.9220472440944881
21
0.8158464566929133
0
LINE
8
BLACK
6
CONTINUOUS
10
0.9220472440944881
20
0.8158464566929133
11
0.9850393700787401
21
0.8158464566929133
0
LINE
8
BLACK
6
CONTINUOUS
10
0.9850393700787401
20
0.8158464566929133
11
0.9857926771653543
21
0.8156966141732284
0
LINE
8
BLACK
6
CONTINUOUS
10
0.924015748031496
20
0.8119094488188976
11
0.924015748031496
21
0.7833661417322835
0
LINE
8
BLACK
6
CONTINUOUS
10
0.924015748031496
20
0.7833661417322835
11
0.9830708661417322
21
0.7833661417322835
0
LINE
8
BLACK
6
CONTINUOUS
10
0.9830708661417322
20
0.7833661417322835
11
0.9830708661417322
21
0.8119094488188976
0
LINE
8
BLACK
6
CONTINUOUS
10
0.9830708661417322
20
0.8119094488188976
11
0.924015748031496
21
0.8119094488188976
0
LINE
8
BLACK
6
CONTINUOUS
10
0.0210387795275591
20
1.3238253937007873
11
0.0347705511811024
21
1.3206912204724408
0
LINE
8
BLACK
6
CONTINUOUS
10
0.0347705511811024
20
1.3206912204724408
11
0.0480650393700787
21
1.3160392519685038
0
LINE
8
BLACK
6
CONTINUOUS
10
0.0480650393700787
20
1.3160392519685038
11
0.0607550787401575
21
1.3099280708661416
0
LINE
8
BLACK
6
CONTINUOUS
10
0.0607550787401575
20
1.3099280708661416
11
0.0726811023622047
21
1.3024344488188977
0
LINE
8
BLACK
6
CONTINUOUS
10
0.0726811023622047
20
1.3024344488188977
11
0.0836931496062992
21
1.2936526377952755
0
LINE
8
BLACK
6
CONTINUOUS
10
0.0836931496062992
20
1.2936526377952755
11
0.0936526377952756
21
1.2836931496062991
0
LINE
8
BLACK
6
CONTINUOUS
10
0.0936526377952756
20
1.2836931496062991
11
0.1024344488188976
21
1.2726811023622047
0
LINE
8
BLACK
6
CONTINUOUS
10
0.1024344488188976
20
1.2726811023622047
11
0.1099280708661417
21
1.2607550787401574
0
LINE
8
BLACK
6
CONTINUOUS
10
0.1099280708661417
20
1.2607550787401574
11
0.1160392519685039
21
1.2480650393700787
0
LINE
8
BLACK
6
CONTINUOUS
10
0.1160392519685039
20
1.2480650393700787
11
0.1206912204724409
21
1.2347705511811022
0
LINE
8
BLACK
6
CONTINUOUS
10
0.1206912204724409
20
1.2347705511811022
11
0.1238253937007874
21
1.221038779527559
0
LINE
8
BLACK
6
CONTINUOUS
10
0.1238253937007874
20
1.221038779527559
11
0.1254024015748031
21
1.2070424409448819
0
LINE
8
BLACK
6
CONTINUOUS
10
0.1254024015748031
20
1.2070424409448819
11
0.1254024015748031
21
1.192957559055118
0
LINE
8
BLACK
6
CONTINUOUS
10
0.1254024015748031
20
1.192957559055118
11
0.1238253937007874
21
1.1789612204724409
0
LINE
8
BLACK
6
CONTINUOUS
10
0.1238253937007874
20
1.1789612204724409
11
0.1206912204724409
21
1.1652294488188977
0
LINE
8
BLACK
6
CONTINUOUS
10
0.1206912204724409
20
1.1652294488188977
11
0.1160392519685039
21
1.1519349606299212
0
LINE
8
BLACK
6
CONTINUOUS
10
0.1160392519685039
20
1.1519349606299212
11
0.1099280708661417
21
1.1392449212598426
0
LINE
8
BLACK
6
CONTINUOUS
10
0.1099280708661417
20
1.1392449212598426
11
0.1024344488188976
21
1.1273188976377952
0
LINE
8
BLACK
6
CONTINUOUS
10
0.1024344488188976
20
1.1273188976377952
11
0.0936526377952756
21
1.1163068503937008
0
LINE
8
BLACK
6
CONTINUOUS
10
0.0936526377952756
20
1.1163068503937008
11
0.0836931496062992
21
1.1063473622047244
0
LINE
8
BLACK
6
CONTINUOUS
10
0.0836931496062992
20
1.1063473622047244
11
0.0726811023622047
21
1.0975655511811024
0
LINE
8
BLACK
6
CONTINUOUS
10
0.0726811023622047
20
1.0975655511811024
11
0.0607550787401575
21
1.0900719291338583
0
LINE
8
BLACK
6
CONTINUOUS
10
0.0607550787401575
20
1.0900719291338583
11
0.0480650393700787
21
1.0839607480314961
0
LINE
8
BLACK
6
CONTINUOUS
10
0.0480650393700787
20
1.0839607480314961
11
0.0347705511811024
21
1.0793087795275591
0
LINE
8
BLACK
6
CONTINUOUS
10
0.0347705511811024
20
1.0793087795275591
11
0.0210387795275591
21
1.0761746062992126
0
LINE
8
BLACK
6
CONTINUOUS
10
0.0210387795275591
20
1.0761746062992126
11
0.0070424409448819
21
1.0745975984251968
0
LINE
8
BLACK
6
CONTINUOUS
10
0.0070424409448819
20
1.0745975984251968
11
-0.0070424409448819
21
1.0745975984251968
0
LINE
8
BLACK
6
CONTINUOUS
10
-0.0070424409448819
20
1.0745975984251968
11
-0.0210387795275591
21
1.0761746062992126
0
LINE
8
BLACK
6
CONTINUOUS
10
-0.0210387795275591
20
1.0761746062992126
11
-0.0347705511811024
21
1.0793087795275591
0
LINE
8
BLACK
6
CONTINUOUS
10
-0.0347705511811024
20
1.0793087795275591
11
-0.0480650393700787
21
1.0839607480314961
0
LINE
8
BLACK
6
CONTINUOUS
10
-0.0480650393700787
20
1.0839607480314961
11
-0.0607550787401575
21
1.0900719291338583
0
LINE
8
BLACK
6
CONTINUOUS
10
-0.0607550787401575
20
1.0900719291338583
11
-0.0726811023622047
21
1.0975655511811024
0
LINE
8
BLACK
6
CONTINUOUS
10
-0.0726811023622047
20
1.0975655511811024
11
-0.0836931496062992
21
1.1063473622047244
0
LINE
8
BLACK
6
CONTINUOUS
10
-0.0836931496062992
20
1.1063473622047244
11
-0.0936526377952756
21
1.1163068503937008
0
LINE
8
BLACK
6
CONTINUOUS
10
-0.0936526377952756
20
1.1163068503937008
11
-0.1024344488188976
21
1.1273188976377952
0
LINE
8
BLACK
6
CONTINUOUS
10
-0.1024344488188976
20
1.1273188976377952
11
-0.1099280708661417
21
1.1392449212598426
0
LINE
8
BLACK
6
CONTINUOUS
10
-0.1099280708661417
20
1.1392449212598426
11
-0.1160392519685039
21
1.1519349606299212
0
LINE
8
BLACK
6
CONTINUOUS
10
-0.1160392519685039
20
1.1519349606299212
11
-0.1206912204724409
21
1.1652294488188977
0
LINE
8
BLACK
6
CONTINUOUS
10
-0.1206912204724409
20
1.1652294488188977
11
-0.1238253937007874
21
1.1789612204724409
0
LINE
8
BLACK
6
CONTINUOUS
10
-0.1238253937007874
20
1.1789612204724409
11
-0.1254024015748031
21
1.192957559055118
0
LINE
8
BLACK
6
CONTINUOUS
10
-0.1254024015748031
20
1.192957559055118
11
-0.1254024015748031
21
1.2062111811023621
0
LINE
8
BLACK
6
CONTINUOUS
10
-0.1254024015748031
20
1.2062111811023621
11
-0.1254024015748031
21
1.2070424409448819
0
LINE
8
BLACK
6
CONTINUOUS
10
-0.1254024015748031
20
1.2070424409448819
11
-0.1238253937007874
21
1.221038779527559
0
LINE
8
BLACK
6
CONTINUOUS
10
-0.1238253937007874
20
1.221038779527559
11
-0.1206912204724409
21
1.2347705511811022
0
LINE
8
BLACK
6
CONTINUOUS
10
-0.1206912204724409
20
1.2347705511811022
11
-0.1160392519685039
21
1.2480650393700787
0
LINE
8
BLACK
6
CONTINUOUS
10
-0.1160392519685039
20
1.2480650393700787
11
-0.1099280708661417
21
1.2607550787401574
0
LINE
8
BLACK
6
CONTINUOUS
10
-0.1099280708661417
20
1.2607550787401574
11
-0.1024344488188976
21
1.2726811023622047
0
LINE
8
BLACK
6
CONTINUOUS
10
-0.1024344488188976
20
1.2726811023622047
11
-0.0936526377952756
21
1.2836931496062991
0
LINE
8
BLACK
6
CONTINUOUS
10
-0.0936526377952756
20
1.2836931496062991
11
-0.0836931496062992
21
1.2936526377952755
0
LINE
8
BLACK
6
CONTINUOUS
10
-0.0836931496062992
20
1.2936526377952755
11
-0.0726811023622047
21
1.3024344488188977
0
LINE
8
BLACK
6
CONTINUOUS
10
-0.0726811023622047
20
1.3024344488188977
11
-0.0607550787401575
21
1.3099280708661416
0
LINE
8
BLACK
6
CONTINUOUS
10
-0.0607550787401575
20
1.3099280708661416
11
-0.0480650393700787
21
1.3160392519685038
0
LINE
8
BLACK
6
CONTINUOUS
10
-0.0480650393700787
20
1.3160392519685038
11
-0.0347705511811024
21
1.3206912204724408
0
LINE
8
BLACK
6
CONTINUOUS
10
-0.0347705511811024
20
1.3206912204724408
11
-0.0210387795275591
21
1.3238253937007873
0
LINE
8
BLACK
6
CONTINUOUS
10
-0.0210387795275591
20
1.3238253937007873
11
-0.0070424409448819
21
1.3254024015748032
0
LINE
8
BLACK
6
CONTINUOUS
10
-0.0070424409448819
20
1.3254024015748032
11
0.0070424409448819
21
1.3254024015748032
0
LINE
8
BLACK
6
CONTINUOUS
10
0.0070424409448819
20
1.3254024015748032
11
0.0210387795275591
21
1.3238253937007873
0
LINE
8
BLACK
6
CONTINUOUS
10
-0.1106
20
1.1937888188976378
11
-0.1092091338582677
21
1.1814446062992126
0
LINE
8
BLACK
6
CONTINUOUS
10
-0.1092091338582677
20
1.1814446062992126
11
-0.1064448818897638
21
1.1693337401574804
0
LINE
8
BLACK
6
CONTINUOUS
10
-0.1064448818897638
20
1.1693337401574804
11
-0.1023420472440945
21
1.1576085433070866
0
LINE
8
BLACK
6
CONTINUOUS
10
-0.1023420472440945
20
1.1576085433070866
11
-0.0969522047244094
21
1.1464164173228346
0
LINE
8
BLACK
6
CONTINUOUS
10
-0.0969522047244094
20
1.1464164173228346
11
-0.0903431496062992
21
1.1358981102362204
0
LINE
8
BLACK
6
CONTINUOUS
10
-0.0903431496062992
20
1.1358981102362204
11
-0.0825979527559055
21
1.1261859448818898
0
LINE
8
BLACK
6
CONTINUOUS
10
-0.0825979527559055
20
1.1261859448818898
11
-0.0738140551181102
21
1.1174020472440944
0
LINE
8
BLACK
6
CONTINUOUS
10
-0.0738140551181102
20
1.1174020472440944
11
-0.0641018897637795
21
1.1096568503937008
0
LINE
8
BLACK
6
CONTINUOUS
10
-0.0641018897637795
20
1.1096568503937008
11
-0.0535835826771654
21
1.1030477952755906
0
LINE
8
BLACK
6
CONTINUOUS
10
-0.0535835826771654
20
1.1030477952755906
11
-0.0423914566929134
21
1.0976579527559054
0
LINE
8
BLACK
6
CONTINUOUS
10
-0.0423914566929134
20
1.0976579527559054
11
-0.0306662598425197
21
1.0935551181102361
0
LINE
8
BLACK
6
CONTINUOUS
10
-0.0306662598425197
20
1.0935551181102361
11
-0.0185553937007874
21
1.0907908661417323
0
LINE
8
BLACK
6
CONTINUOUS
10
-0.0185553937007874
20
1.0907908661417323
11
-0.0062111811023622
21
1.0893999999999999
0
LINE
8
BLACK
6
CONTINUOUS
10
-0.0062111811023622
20
1.0893999999999999
11
0.0062111811023622
21
1.0893999999999999
0
LINE
8
BLACK
6
CONTINUOUS
10
0.0062111811023622
20
1.0893999999999999
11
0.0185553937007874
21
1.0907908661417323
0
LINE
8
BLACK
6
CONTINUOUS
10
0.0185553937007874
20
1.0907908661417323
11
0.0306662598425197
21
1.0935551181102361
0
LINE
8
BLACK
6
CONTINUOUS
10
0.0306662598425197
20
1.0935551181102361
11
0.0423914566929134
21
1.0976579527559054
0
LINE
8
BLACK
6
CONTINUOUS
10
0.0423914566929134
20
1.0976579527559054
11
0.0535835826771654
21
1.1030477952755906
0
LINE
8
BLACK
6
CONTINUOUS
10
0.0535835826771654
20
1.1030477952755906
11
0.0641018897637795
21
1.1096568503937008
0
LINE
8
BLACK
6
CONTINUOUS
10
0.0641018897637795
20
1.1096568503937008
11
0.0738140551181102
21
1.1174020472440944
0
LINE
8
BLACK
6
CONTINUOUS
10
0.0738140551181102
20
1.1174020472440944
11
0.0825979527559055
21
1.1261859448818898
0
LINE
8
BLACK
6
CONTINUOUS
10
0.0825979527559055
20
1.1261859448818898
11
0.0903431496062992
21
1.1358981102362204
0
LINE
8
BLACK
6
CONTINUOUS
10
0.0903431496062992
20
1.1358981102362204
11
0.0969522047244094
21
1.1464164173228346
0
LINE
8
BLACK
6
CONTINUOUS
10
0.0969522047244094
20
1.1464164173228346
11
0.1023420472440945
21
1.1576085433070866
0
LINE
8
BLACK
6
CONTINUOUS
10
0.1023420472440945
20
1.1576085433070866
11
0.1064448818897638
21
1.1693337401574804
0
LINE
8
BLACK
6
CONTINUOUS
10
0.1064448818897638
20
1.1693337401574804
11
0.1092091338582677
21
1.1814446062992126
0
LINE
8
BLACK
6
CONTINUOUS
10
0.1092091338582677
20
1.1814446062992126
11
0.1106
21
1.1937888188976378
0
LINE
8
BLACK
6
CONTINUOUS
10
0.1106
20
1.1937888188976378
11
0.1106
21
1.2062111811023621
0
LINE
8
BLACK
6
CONTINUOUS
10
0.1106
20
1.2062111811023621
11
0.1092091338582677
21
1.2185553937007874
0
LINE
8
BLACK
6
CONTINUOUS
10
0.1092091338582677
20
1.2185553937007874
11
0.1064448818897638
21
1.2306662598425198
0
LINE
8
BLACK
6
CONTINUOUS
10
0.1064448818897638
20
1.2306662598425198
11
0.1023420472440945
21
1.2423914566929133
0
LINE
8
BLACK
6
CONTINUOUS
10
0.1023420472440945
20
1.2423914566929133
11
0.0969522047244094
21
1.2535835826771653
0
LINE
8
BLACK
6
CONTINUOUS
10
0.0969522047244094
20
1.2535835826771653
11
0.0903431496062992
21
1.2641018897637795
0
LINE
8
BLACK
6
CONTINUOUS
10
0.0903431496062992
20
1.2641018897637795
11
0.0825979527559055
21
1.2738140551181103
0
LINE
8
BLACK
6
CONTINUOUS
10
0.0825979527559055
20
1.2738140551181103
11
0.0738140551181102
21
1.2825979527559055
0
LINE
8
BLACK
6
CONTINUOUS
10
0.0738140551181102
20
1.2825979527559055
11
0.0641018897637795
21
1.2903431496062991
0
LINE
8
BLACK
6
CONTINUOUS
10
0.0641018897637795
20
1.2903431496062991
11
0.0535835826771654
21
1.2969522047244095
0
LINE
8
BLACK
6
CONTINUOUS
10
0.0535835826771654
20
1.2969522047244095
11
0.0423914566929134
21
1.3023420472440945
0
LINE
8
BLACK
6
CONTINUOUS
10
0.0423914566929134
20
1.3023420472440945
11
0.0306662598425197
21
1.3064448818897638
0
LINE
8
BLACK
6
CONTINUOUS
10
0.0306662598425197
20
1.3064448818897638
11
0.0185553937007874
21
1.3092091338582676
0
LINE
8
BLACK
6
CONTINUOUS
10
0.0185553937007874
20
1.3092091338582676
11
0.0062111811023622
21
1.3106
0
LINE
8
BLACK
6
CONTINUOUS
10
0.0062111811023622
20
1.3106
11
-0.0062111811023622
21
1.3106
0
LINE
8
BLACK
6
CONTINUOUS
10
-0.0062111811023622
20
1.3106
11
-0.0185553937007874
21
1.3092091338582676
0
LINE
8
BLACK
6
CONTINUOUS
10
-0.0185553937007874
20
1.3092091338582676
11
-0.0306662598425197
21
1.3064448818897638
0
LINE
8
BLACK
6
CONTINUOUS
10
-0.0306662598425197
20
1.3064448818897638
11
-0.0423914566929134
21
1.3023420472440945
0
LINE
8
BLACK
6
CONTINUOUS
10
-0.0423914566929134
20
1.3023420472440945
11
-0.0535835826771654
21
1.2969522047244095
0
LINE
8
BLACK
6
CONTINUOUS
10
-0.0535835826771654
20
1.2969522047244095
11
-0.0641018897637795
21
1.2903431496062991
0
LINE
8
BLACK
6
CONTINUOUS
10
-0.0641018897637795
20
1.2903431496062991
11
-0.0738140551181102
21
1.2825979527559055
0
LINE
8
BLACK
6
CONTINUOUS
10
-0.0738140551181102
20
1.2825979527559055
11
-0.0825979527559055
21
1.2738140551181103
0
LINE
8
BLACK
6
CONTINUOUS
10
-0.0825979527559055
20
1.2738140551181103
11
-0.0903431496062992
21
1.2641018897637795
0
LINE
8
BLACK
6
CONTINUOUS
10
-0.0903431496062992
20
1.2641018897637795
11
-0.0969522047244094
21
1.2535835826771653
0
LINE
8
BLACK
6
CONTINUOUS
10
-0.0969522047244094
20
1.2535835826771653
11
-0.1023420472440945
21
1.2423914566929133
0
LINE
8
BLACK
6
CONTINUOUS
10
-0.1023420472440945
20
1.2423914566929133
11
-0.1064448818897638
21
1.2306662598425198
0
LINE
8
BLACK
6
CONTINUOUS
10
-0.1064448818897638
20
1.2306662598425198
11
-0.1092091338582677
21
1.2185553937007874
0
LINE
8
BLACK
6
CONTINUOUS
10
-0.1092091338582677
20
1.2185553937007874
11
-0.1106
21
1.2062111811023621
0
LINE
8
BLACK
6
CONTINUOUS
10
-0.1106
20
1.2062111811023621
11
-0.1106
21
1.1937888188976378
0
LINE
8
BLACK
6
CONTINUOUS
10
1.221038779527559
20
1.3238253937007873
11
1.2347705511811022
21
1.3206912204724408
0
LINE
8
BLACK
6
CONTINUOUS
10
1.2347705511811022
20
1.3206912204724408
11
1.2480650393700787
21
1.3160392519685038
0
LINE
8
BLACK
6
CONTINUOUS
10
1.2480650393700787
20
1.3160392519685038
11
1.2607550787401574
21
1.3099280708661416
0
LINE
8
BLACK
6
CONTINUOUS
10
1.2607550787401574
20
1.3099280708661416
11
1.2726811023622047
21
1.3024344488188977
0
LINE
8
BLACK
6
CONTINUOUS
10
1.2726811023622047
20
1.3024344488188977
11
1.2836931496062991
21
1.2936526377952755
0
LINE
8
BLACK
6
CONTINUOUS
10
1.2836931496062991
20
1.2936526377952755
11
1.2936526377952755
21
1.2836931496062991
0
LINE
8
BLACK
6
CONTINUOUS
10
1.2936526377952755
20
1.2836931496062991
11
1.3024344488188977
21
1.2726811023622047
0
LINE
8
BLACK
6
CONTINUOUS
10
1.3024344488188977
20
1.2726811023622047
11
1.3099280708661416
21
1.2607550787401574
0
LINE
8
BLACK
6
CONTINUOUS
10
1.3099280708661416
20
1.2607550787401574
11
1.3160392519685038
21
1.2480650393700787
0
LINE
8
BLACK
6
CONTINUOUS
10
1.3160392519685038
20
1.2480650393700787
11
1.3206912204724408
21
1.2347705511811022
0
LINE
8
BLACK
6
CONTINUOUS
10
1.3206912204724408
20
1.2347705511811022
11
1.3238253937007873
21
1.221038779527559
0
LINE
8
BLACK
6
CONTINUOUS
10
1.3238253937007873
20
1.221038779527559
11
1.3254024015748032
21
1.2070424409448819
0
LINE
8
BLACK
6
CONTINUOUS
10
1.3254024015748032
20
1.2070424409448819
11
1.3254024015748032
21
1.192957559055118
0
LINE
8
BLACK
6
CONTINUOUS
10
1.3254024015748032
20
1.192957559055118
11
1.3238253937007873
21
1.1789612204724409
0
LINE
8
BLACK
6
CONTINUOUS
10
1.3238253937007873
20
1.1789612204724409
11
1.3206912204724408
21
1.1652294488188977
0
LINE
8
BLACK
6
CONTINUOUS
10
1.3206912204724408
20
1.1652294488188977
11
1.3160392519685038
21
1.1519349606299212
0
LINE
8
BLACK
6
CONTINUOUS
10
1.3160392519685038
20
1.1519349606299212
11
1.3099280708661416
21
1.1392449212598426
0
LINE
8
BLACK
6
CONTINUOUS
10
1.3099280708661416
20
1.1392449212598426
11
1.3024344488188977
21
1.1273188976377952
0
LINE
8
BLACK
6
CONTINUOUS
10
1.3024344488188977
20
1.1273188976377952
11
1.2936526377952755
21
1.1163068503937008
0
LINE
8
BLACK
6
CONTINUOUS
10
1.2936526377952755
20
1.1163068503937008
11
1.2836931496062991
21
1.1063473622047244
0
LINE
8
BLACK
6
CONTINUOUS
10
1.2836931496062991
20
1.1063473622047244
11
1.2726811023622047
21
1.0975655511811024
0
LINE
8
BLACK
6
CONTINUOUS
10
1.2726811023622047
20
1.0975655511811024
11
1.2607550787401574
21
1.0900719291338583
0
LINE
8
BLACK
6
CONTINUOUS
10
1.2607550787401574
20
1.0900719291338583
11
1.2480650393700787
21
1.0839607480314961
0
LINE
8
BLACK
6
CONTINUOUS
10
1.2480650393700787
20
1.0839607480314961
11
1.2347705511811022
21
1.0793087795275591
0
LINE
8
BLACK
6
CONTINUOUS
10
1.2347705511811022
20
1.0793087795275591
11
1.221038779527559
21
1.0761746062992126
0
LINE
8
BLACK
6
CONTINUOUS
10
1.221038779527559
20
1.0761746062992126
11
1.2070424409448819
21
1.0745975984251968
0
LINE
8
BLACK
6
CONTINUOUS
10
1.2070424409448819
20
1.0745975984251968
11
1.192957559055118
21
1.0745975984251968
0
LINE
8
BLACK
6
CONTINUOUS
10
1.192957559055118
20
1.0745975984251968
11
1.1789612204724409
21
1.0761746062992126
0
LINE
8
BLACK
6
CONTINUOUS
10
1.1789612204724409
20
1.0761746062992126
11
1.1652294488188977
21
1.0793087795275591
0
LINE
8
BLACK
6
CONTINUOUS
10
1.1652294488188977
20
1.0793087795275591
11
1.1519349606299212
21
1.0839607480314961
0
LINE
8
BLACK
6
CONTINUOUS
10
1.1519349606299212
20
1.0839607480314961
11
1.1392449212598426
21
1.0900719291338583
0
LINE
8
BLACK
6
CONTINUOUS
10
1.1392449212598426
20
1.0900719291338583
11
1.1273188976377952
21
1.0975655511811024
0
LINE
8
BLACK
6
CONTINUOUS
10
1.1273188976377952
20
1.0975655511811024
11
1.1163068503937008
21
1.1063473622047244
0
LINE
8
BLACK
6
CONTINUOUS
10
1.1163068503937008
20
1.1063473622047244
11
1.1063473622047244
21
1.1163068503937008
0
LINE
8
BLACK
6
CONTINUOUS
10
1.1063473622047244
20
1.1163068503937008
11
1.0975655511811024
21
1.1273188976377952
0
LINE
8
BLACK
6
CONTINUOUS
10
1.0975655511811024
20
1.1273188976377952
11
1.0900719291338583
21
1.1392449212598426
0
LINE
8
BLACK
6
CONTINUOUS
10
1.0900719291338583
20
1.1392449212598426
11
1.0839607480314961
21
1.1519349606299212
0
LINE
8
BLACK
6
CONTINUOUS
10
1.0839607480314961
20
1.1519349606299212
11
1.0793087795275591
21
1.1652294488188977
0
LINE
8
BLACK
6
CONTINUOUS
10
1.0793087795275591
20
1.1652294488188977
11
1.0761746062992126
21
1.1789612204724409
0
LINE
8
BLACK
6
CONTINUOUS
10
1.0761746062992126
20
1.1789612204724409
11
1.0745975984251968
21
1.192957559055118
0
LINE
8
BLACK
6
CONTINUOUS
10
1.0745975984251968
20
1.192957559055118
11
1.0745975984251968
21
1.2062111811023621
0
LINE
8
BLACK
6
CONTINUOUS
10
1.0745975984251968
20
1.2062111811023621
11
1.0745975984251968
21
1.2070424409448819
0
LINE
8
BLACK
6
CONTINUOUS
10
1.0745975984251968
20
1.2070424409448819
11
1.0761746062992126
21
1.221038779527559
0
LINE
8
BLACK
6
CONTINUOUS
10
1.0761746062992126
20
1.221038779527559
11
1.0793087795275591
21
1.2347705511811022
0
LINE
8
BLACK
6
CONTINUOUS
10
1.0793087795275591
20
1.2347705511811022
11
1.0839607480314961
21
1.2480650393700787
0
LINE
8
BLACK
6
CONTINUOUS
10
1.0839607480314961
20
1.2480650393700787
11
1.0900719291338583
21
1.2607550787401574
0
LINE
8
BLACK
6
CONTINUOUS
10
1.0900719291338583
20
1.2607550787401574
11
1.0975655511811024
21
1.2726811023622047
0
LINE
8
BLACK
6
CONTINUOUS
10
1.0975655511811024
20
1.2726811023622047
11
1.1063473622047244
21
1.2836931496062991
0
LINE
8
BLACK
6
CONTINUOUS
10
1.1063473622047244
20
1.2836931496062991
11
1.1163068503937008
21
1.2936526377952755
0
LINE
8
BLACK
6
CONTINUOUS
10
1.1163068503937008
20
1.2936526377952755
11
1.1273188976377952
21
1.3024344488188977
0
LINE
8
BLACK
6
CONTINUOUS
10
1.1273188976377952
20
1.3024344488188977
11
1.1392449212598426
21
1.3099280708661416
0
LINE
8
BLACK
6
CONTINUOUS
10
1.1392449212598426
20
1.3099280708661416
11
1.1519349606299212
21
1.3160392519685038
0
LINE
8
BLACK
6
CONTINUOUS
10
1.1519349606299212
20
1.3160392519685038
11
1.1652294488188977
21
1.3206912204724408
0
LINE
8
BLACK
6
CONTINUOUS
10
1.1652294488188977
20
1.3206912204724408
11
1.1789612204724409
21
1.3238253937007873
0
LINE
8
BLACK
6
CONTINUOUS
10
1.1789612204724409
20
1.3238253937007873
11
1.192957559055118
21
1.3254024015748032
0
LINE
8
BLACK
6
CONTINUOUS
10
1.192957559055118
20
1.3254024015748032
11
1.2070424409448819
21
1.3254024015748032
0
LINE
8
BLACK
6
CONTINUOUS
10
1.2070424409448819
20
1.3254024015748032
11
1.221038779527559
21
1.3238253937007873
0
LINE
8
BLACK
6
CONTINUOUS
10
1.0893999999999999
20
1.1937888188976378
11
1.0907908661417323
21
1.1814446062992126
0
LINE
8
BLACK
6
CONTINUOUS
10
1.0907908661417323
20
1.1814446062992126
11
1.0935551181102361
21
1.1693337401574804
0
LINE
8
BLACK
6
CONTINUOUS
10
1.0935551181102361
20
1.1693337401574804
11
1.0976579527559054
21
1.1576085433070866
0
LINE
8
BLACK
6
CONTINUOUS
10
1.0976579527559054
20
1.1576085433070866
11
1.1030477952755906
21
1.1464164173228346
0
LINE
8
BLACK
6
CONTINUOUS
10
1.1030477952755906
20
1.1464164173228346
11
1.1096568503937008
21
1.1358981102362204
0
LINE
8
BLACK
6
CONTINUOUS
10
1.1096568503937008
20
1.1358981102362204
11
1.1174020472440944
21
1.1261859448818898
0
LINE
8
BLACK
6
CONTINUOUS
10
1.1174020472440944
20
1.1261859448818898
11
1.1261859448818898
21
1.1174020472440944
0
LINE
8
BLACK
6
CONTINUOUS
10
1.1261859448818898
20
1.1174020472440944
11
1.1358981102362204
21
1.1096568503937008
0
LINE
8
BLACK
6
CONTINUOUS
10
1.1358981102362204
20
1.1096568503937008
11
1.1464164173228346
21
1.1030477952755906
0
LINE
8
BLACK
6
CONTINUOUS
10
1.1464164173228346
20
1.1030477952755906
11
1.1576085433070866
21
1.0976579527559054
0
LINE
8
BLACK
6
CONTINUOUS
10
1.1576085433070866
20
1.0976579527559054
11
1.1693337401574804
21
1.0935551181102361
0
LINE
8
BLACK
6
CONTINUOUS
10
1.1693337401574804
20
1.0935551181102361
11
1.1814446062992126
21
1.0907908661417323
0
LINE
8
BLACK
6
CONTINUOUS
10
1.1814446062992126
20
1.0907908661417323
11
1.1937888188976378
21
1.0893999999999999
0
LINE
8
BLACK
6
CONTINUOUS
10
1.1937888188976378
20
1.0893999999999999
11
1.2062111811023621
21
1.0893999999999999
0
LINE
8
BLACK
6
CONTINUOUS
10
1.2062111811023621
20
1.0893999999999999
11
1.2185553937007874
21
1.0907908661417323
0
LINE
8
BLACK
6
CONTINUOUS
10
1.2185553937007874
20
1.0907908661417323
11
1.2306662598425198
21
1.0935551181102361
0
LINE
8
BLACK
6
CONTINUOUS
10
1.2306662598425198
20
1.0935551181102361
11
1.2423914566929133
21
1.0976579527559054
0
LINE
8
BLACK
6
CONTINUOUS
10
1.2423914566929133
20
1.0976579527559054
11
1.2535835826771653
21
1.1030477952755906
0
LINE
8
BLACK
6
CONTINUOUS
10
1.2535835826771653
20
1.1030477952755906
11
1.2641018897637795
21
1.1096568503937008
0
LINE
8
BLACK
6
CONTINUOUS
10
1.2641018897637795
20
1.1096568503937008
11
1.2738140551181103
21
1.1174020472440944
0
LINE
8
BLACK
6
CONTINUOUS
10
1.2738140551181103
20
1.1174020472440944
11
1.2825979527559055
21
1.1261859448818898
0
LINE
8
BLACK
6
CONTINUOUS
10
1.2825979527559055
20
1.1261859448818898
11
1.2903431496062991
21
1.1358981102362204
0
LINE
8
BLACK
6
CONTINUOUS
10
1.2903431496062991
20
1.1358981102362204
11
1.2969522047244095
21
1.1464164173228346
0
LINE
8
BLACK
6
CONTINUOUS
10
1.2969522047244095
20
1.1464164173228346
11
1.3023420472440945
21
1.1576085433070866
0
LINE
8
BLACK
6
CONTINUOUS
10
1.3023420472440945
20
1.1576085433070866
11
1.3064448818897638
21
1.1693337401574804
0
LINE
8
BLACK
6
CONTINUOUS
10
1.3064448818897638
20
1.1693337401574804
11
1.3092091338582676
21
1.1814446062992126
0
LINE
8
BLACK
6
CONTINUOUS
10
1.3092091338582676
20
1.1814446062992126
11
1.3106
21
1.1937888188976378
0
LINE
8
BLACK
6
CONTINUOUS
10
1.3106
20
1.1937888188976378
11
1.3106
21
1.2062111811023621
0
LINE
8
BLACK
6
CONTINUOUS
10
1.3106
20
1.2062111811023621
11
1.3092091338582676
21
1.2185553937007874
0
LINE
8
BLACK
6
CONTINUOUS
10
1.3092091338582676
20
1.2185553937007874
11
1.3064448818897638
21
1.2306662598425198
0
LINE
8
BLACK
6
CONTINUOUS
10
1.3064448818897638
20
1.2306662598425198
11
1.3023420472440945
21
1.2423914566929133
0
LINE
8
BLACK
6
CONTINUOUS
10
1.3023420472440945
20
1.2423914566929133
11
1.2969522047244095
21
1.2535835826771653
0
LINE
8
BLACK
6
CONTINUOUS
10
1.2969522047244095
20
1.2535835826771653
11
1.2903431496062991
21
1.2641018897637795
0
LINE
8
BLACK
6
CONTINUOUS
10
1.2903431496062991
20
1.2641018897637795
11
1.2825979527559055
21
1.2738140551181103
0
LINE
8
BLACK
6
CONTINUOUS
10
1.2825979527559055
20
1.2738140551181103
11
1.2738140551181103
21
1.2825979527559055
0
LINE
8
BLACK
6
CONTINUOUS
10
1.2738140551181103
20
1.2825979527559055
11
1.2641018897637795
21
1.2903431496062991
0
LINE
8
BLACK
6
CONTINUOUS
10
1.2641018897637795
20
1.2903431496062991
11
1.2535835826771653
21
1.2969522047244095
0
LINE
8
BLACK
6
CONTINUOUS
10
1.2535835826771653
20
1.2969522047244095
11
1.2423914566929133
21
1.3023420472440945
0
LINE
8
BLACK
6
CONTINUOUS
10
1.2423914566929133
20
1.3023420472440945
11
1.2306662598425198
21
1.3064448818897638
0
LINE
8
BLACK
6
CONTINUOUS
10
1.2306662598425198
20
1.3064448818897638
11
1.2185553937007874
21
1.3092091338582676
0
LINE
8
BLACK
6
CONTINUOUS
10
1.2185553937007874
20
1.3092091338582676
11
1.2062111811023621
21
1.3106
0
LINE
8
BLACK
6
CONTINUOUS
10
1.2062111811023621
20
1.3106
11
1.1937888188976378
21
1.3106
0
LINE
8
BLACK
6
CONTINUOUS
10
1.1937888188976378
20
1.3106
11
1.1814446062992126
21
1.3092091338582676
0
LINE
8
BLACK
6
CONTINUOUS
10
1.1814446062992126
20
1.3092091338582676
11
1.1693337401574804
21
1.3064448818897638
0
LINE
8
BLACK
6
CONTINUOUS
10
1.1693337401574804
20
1.3064448818897638
11
1.1576085433070866
21
1.3023420472440945
0
LINE
8
BLACK
6
CONTINUOUS
10
1.1576085433070866
20
1.3023420472440945
11
1.1464164173228346
21
1.2969522047244095
0
LINE
8
BLACK
6
CONTINUOUS
10
1.1464164173228346
20
1.2969522047244095
11
1.1358981102362204
21
1.2903431496062991
0
LINE
8
BLACK
6
CONTINUOUS
10
1.1358981102362204
20
1.2903431496062991
11
1.1261859448818898
21
1.2825979527559055
0
LINE
8
BLACK
6
CONTINUOUS
10
1.1261859448818898
20
1.2825979527559055
11
1.1174020472440944
21
1.2738140551181103
0
LINE
8
BLACK
6
CONTINUOUS
10
1.1174020472440944
20
1.2738140551181103
11
1.1096568503937008
21
1.2641018897637795
0
LINE
8
BLACK
6
CONTINUOUS
10
1.1096568503937008
20
1.2641018897637795
11
1.1030477952755906
21
1.2535835826771653
0
LINE
8
BLACK
6
CONTINUOUS
10
1.1030477952755906
20
1.2535835826771653
11
1.0976579527559054
21
1.2423914566929133
0
LINE
8
BLACK
6
CONTINUOUS
10
1.0976579527559054
20
1.2423914566929133
11
1.0935551181102361
21
1.2306662598425198
0
LINE
8
BLACK
6
CONTINUOUS
10
1.0935551181102361
20
1.2306662598425198
11
1.0907908661417323
21
1.2185553937007874
0
LINE
8
BLACK
6
CONTINUOUS
10
1.0907908661417323
20
1.2185553937007874
11
1.0893999999999999
21
1.2062111811023621
0
LINE
8
BLACK
6
CONTINUOUS
10
1.0893999999999999
20
1.2062111811023621
11
1.0893999999999999
21
1.1937888188976378
0
CIRCLE
8
BLACK
10
0.
20
1.2
40
0.0068897637795276
0
CIRCLE
8
BLACK
10
1.2
20
0.
40
0.0068897637795276
0
CIRCLE
8
BLACK
10
0.
20
0.
40
0.0068897637795276
0
CIRCLE
8
BLACK
10
1.2
20
1.2
40
0.0068897637795276
0
CIRCLE
8
BLACK
10
0.2897637795275591
20
1.1507874015748032
40
0.0068897637795276
0
CIRCLE
8
BLACK
10
0.2897637795275591
20
1.2507874015748031
40
0.0068897637795276
0
CIRCLE
8
BLACK
10
0.389763779527559
20
1.1507874015748032
40
0.0068897637795276
0
CIRCLE
8
BLACK
10
0.389763779527559
20
1.2507874015748031
40
0.0068897637795276
0
CIRCLE
8
BLACK
10
0.4897637795275591
20
1.1507874015748032
40
0.0068897637795276
0
CIRCLE
8
BLACK
10
0.4897637795275591
20
1.2507874015748031
40
0.0068897637795276
0
CIRCLE
8
BLACK
10
0.5897637795275591
20
1.1507874015748032
40
0.0068897637795276
0
CIRCLE
8
BLACK
10
0.5897637795275591
20
1.2507874015748031
40
0.0068897637795276
0
CIRCLE
8
BLACK
10
0.6897637795275591
20
1.1507874015748032
40
0.0068897637795276
0
CIRCLE
8
BLACK
10
0.6897637795275591
20
1.2507874015748031
40
0.0068897637795276
0
CIRCLE
8
BLACK
10
0.7897637795275591
20
1.1507874015748032
40
0.0068897637795276
0
CIRCLE
8
BLACK
10
0.7897637795275591
20
1.2507874015748031
40
0.0068897637795276
0
CIRCLE
8
BLACK
10
0.889763779527559
20
1.1507874015748032
40
0.0068897637795276
0
CIRCLE
8
BLACK
10
0.889763779527559
20
1.2507874015748031
40
0.0068897637795276
0
CIRCLE
8
BLACK
10
0.
20
1.2
40
0.0068897637795276
0
CIRCLE
8
BLACK
10
1.2
20
0.
40
0.0068897637795276
0
CIRCLE
8
BLACK
10
0.
20
0.
40
0.0068897637795276
0
CIRCLE
8
BLACK
10
1.2
20
1.2
40
0.0068897637795276
0
CIRCLE
8
BLACK
10
0.2897637795275591
20
1.1507874015748032
40
0.0068897637795276
0
CIRCLE
8
BLACK
10
0.2897637795275591
20
1.2507874015748031
40
0.0068897637795276
0
CIRCLE
8
BLACK
10
0.389763779527559
20
1.1507874015748032
40
0.0068897637795276
0
CIRCLE
8
BLACK
10
0.389763779527559
20
1.2507874015748031
40
0.0068897637795276
0
CIRCLE
8
BLACK
10
0.4897637795275591
20
1.1507874015748032
40
0.0068897637795276
0
CIRCLE
8
BLACK
10
0.4897637795275591
20
1.2507874015748031
40
0.0068897637795276
0
CIRCLE
8
BLACK
10
0.5897637795275591
20
1.1507874015748032
40
0.0068897637795276
0
CIRCLE
8
BLACK
10
0.5897637795275591
20
1.2507874015748031
40
0.0068897637795276
0
CIRCLE
8
BLACK
10
0.6897637795275591
20
1.1507874015748032
40
0.0068897637795276
0
CIRCLE
8
BLACK
10
0.6897637795275591
20
1.2507874015748031
40
0.0068897637795276
0
CIRCLE
8
BLACK
10
0.7897637795275591
20
1.1507874015748032
40
0.0068897637795276
0
CIRCLE
8
BLACK
10
0.7897637795275591
20
1.2507874015748031
40
0.0068897637795276
0
CIRCLE
8
BLACK
10
0.889763779527559
20
1.1507874015748032
40
0.0068897637795276
0
CIRCLE
8
BLACK
10
0.889763779527559
20
1.2507874015748031
40
0.0068897637795276
  0
ENDSEC
  0
EOF
