  0
SECTION
  2
HEADER
  9
$ANGBASE
  50
0.0
  9
$ANGDIR
  70
1
  9
$MEASUREMENT
  70
0
  0
ENDSEC
  0
SECTION
  2
TABLES
  0
TABLE
  2
LTYPE
  70
4
  0
LTYPE
  5
40F
  2
CONTINUOUS
  70
0
  3
Solid line
  72
65
  73
0
  40
0.0
  0
LTYPE
  5
410
  2
DASHDOT
 70
0
  3
Dash Dot ____ _ ____ _
 72
65
 73
4
 40
2.0
 49
1.25
 49
-0.25
 49
0.25
 49
-0.25
  0
LTYPE
  5
411
  2
DASHED
 70
0
  3
Dashed __ __ __ __ __
 72
65
 73
2
 40
0.75
 49
0.5
 49
-0.25
  0
LTYPE
  5
43B
  2
DOTTED
 70
0
  3
Dotted .  .  .  .
 72
65
 73
2
 40
0.2
 49
0.0
 49
-0.2
  0
ENDTAB
  0
TABLE
  2
STYLE
  70
4
  0
STYLE
  2
KICAD
  70
0
  40
0
  41
1
  42
1
  50
0
  71
0
  3
isocp.shx
  0
STYLE
  2
KICADB
  70
0
  40
0
  41
1
  42
1
  50
0
  71
0
  3
isocp.shx
  0
STYLE
  2
KICADI
  70
0
  40
0
  41
1
  42
1
  50
15
  71
0
  3
isocp.shx
  0
STYLE
  2
KICADBI
  70
0
  40
0
  41
1
  42
1
  50
15
  71
0
  3
isocp.shx
  0
ENDTAB
  0
TABLE
  2
LAYER
  70
1
  0
LAYER
  2
BLACK
  70
0
  62
7
  6
CONTINUOUS
  0
ENDTAB
  0
ENDSEC
  0
SECTION
  2
ENTITIES
0
LINE
8
BLACK
6
CONTINUOUS
10
0.9740697637795276
20
-0.3988685039370078
11
0.9743621653543307
21
-0.3988685039370078
0
LINE
8
BLACK
6
CONTINUOUS
10
0.9743621653543307
20
-0.3988685039370078
11
0.9746294094488189
21
-0.3989792125984252
0
LINE
8
BLACK
6
CONTINUOUS
10
0.9746294094488189
20
-0.3989792125984252
11
0.9749132283464567
21
-0.3990353543307086
0
LINE
8
BLACK
6
CONTINUOUS
10
0.9749132283464567
20
-0.3990353543307086
11
0.9751564960629922
21
-0.3991975196850394
0
LINE
8
BLACK
6
CONTINUOUS
10
0.9751564960629922
20
-0.3991975196850394
11
0.9754265748031495
21
-0.3993094094488189
0
LINE
8
BLACK
6
CONTINUOUS
10
0.9754265748031495
20
-0.3993094094488189
11
0.9756310236220472
21
-0.3995138582677165
0
LINE
8
BLACK
6
CONTINUOUS
10
0.9756310236220472
20
-0.3995138582677165
11
0.9758718503937007
21
-0.3996744094488189
0
LINE
8
BLACK
6
CONTINUOUS
10
0.9758718503937007
20
-0.3996744094488189
11
0.9760345669291338
21
-0.3999174015748032
0
LINE
8
BLACK
6
CONTINUOUS
10
0.9760345669291338
20
-0.3999174015748032
11
0.9762412204724409
21
-0.4001240551181102
0
LINE
8
BLACK
6
CONTINUOUS
10
0.9762412204724409
20
-0.4001240551181102
11
0.9763518897637795
21
-0.4003912598425197
0
LINE
8
BLACK
6
CONTINUOUS
10
0.9763518897637795
20
-0.4003912598425197
11
0.9765129133858268
21
-0.4006316929133858
0
LINE
8
BLACK
6
CONTINUOUS
10
0.9765129133858268
20
-0.4006316929133858
11
0.9765702362204725
21
-0.4009183464566929
0
LINE
8
BLACK
6
CONTINUOUS
10
0.9765702362204725
20
-0.4009183464566929
11
0.976682125984252
21
-0.4011884645669291
0
LINE
8
BLACK
6
CONTINUOUS
10
0.976682125984252
20
-0.4011884645669291
11
0.9767382283464566
21
-0.4017583858267716
0
LINE
8
BLACK
6
CONTINUOUS
10
0.9767382283464566
20
-0.4017583858267716
11
0.9767388582677166
21
-0.4017614173228347
0
LINE
8
BLACK
6
CONTINUOUS
10
0.9767388582677166
20
-0.4017614173228347
11
0.976738622047244
21
-0.4017624409448819
0
LINE
8
BLACK
6
CONTINUOUS
10
0.976738622047244
20
-0.4017624409448819
11
0.9767388582677166
21
-0.4017645275590551
0
LINE
8
BLACK
6
CONTINUOUS
10
0.9767388582677166
20
-0.4017645275590551
11
0.9767388582677166
21
-0.4381818503937008
0
LINE
8
BLACK
6
CONTINUOUS
10
0.9767388582677166
20
-0.4381818503937008
11
0.9850346850393701
21
-0.4381818503937008
0
LINE
8
BLACK
6
CONTINUOUS
10
0.9850346850393701
20
-0.4381818503937008
11
0.9856107480314961
21
-0.4382385826771654
0
LINE
8
BLACK
6
CONTINUOUS
10
0.9856107480314961
20
-0.4382385826771654
11
0.986675157480315
21
-0.4386794881889763
0
LINE
8
BLACK
6
CONTINUOUS
10
0.986675157480315
20
-0.4386794881889763
11
0.9874898031496063
21
-0.4394941338582677
0
LINE
8
BLACK
6
CONTINUOUS
10
0.9874898031496063
20
-0.4394941338582677
11
0.9879307086614173
21
-0.4405585433070866
0
LINE
8
BLACK
6
CONTINUOUS
10
0.9879307086614173
20
-0.4405585433070866
11
0.9879307086614173
21
-0.4417106692913386
0
LINE
8
BLACK
6
CONTINUOUS
10
0.9879307086614173
20
-0.4417106692913386
11
0.9874898031496063
21
-0.4427750787401575
0
LINE
8
BLACK
6
CONTINUOUS
10
0.9874898031496063
20
-0.4427750787401575
11
0.986675157480315
21
-0.4435897244094488
0
LINE
8
BLACK
6
CONTINUOUS
10
0.986675157480315
20
-0.4435897244094488
11
0.9856107480314961
21
-0.4440306299212599
0
LINE
8
BLACK
6
CONTINUOUS
10
0.9856107480314961
20
-0.4440306299212599
11
0.9850346850393701
21
-0.4440873622047244
0
LINE
8
BLACK
6
CONTINUOUS
10
0.9850346850393701
20
-0.4440873622047244
11
0.9625375196850393
21
-0.4440873622047244
0
LINE
8
BLACK
6
CONTINUOUS
10
0.9625375196850393
20
-0.4440873622047244
11
0.9619614566929133
21
-0.4440306299212599
0
LINE
8
BLACK
6
CONTINUOUS
10
0.9619614566929133
20
-0.4440306299212599
11
0.9608970472440944
21
-0.4435897244094488
0
LINE
8
BLACK
6
CONTINUOUS
10
0.9608970472440944
20
-0.4435897244094488
11
0.9600824015748032
21
-0.4427750787401575
0
LINE
8
BLACK
6
CONTINUOUS
10
0.9600824015748032
20
-0.4427750787401575
11
0.9596414960629921
21
-0.4417106692913386
0
LINE
8
BLACK
6
CONTINUOUS
10
0.9596414960629921
20
-0.4417106692913386
11
0.9596414960629921
21
-0.4405585433070866
0
LINE
8
BLACK
6
CONTINUOUS
10
0.9596414960629921
20
-0.4405585433070866
11
0.9600824015748032
21
-0.4394941338582677
0
LINE
8
BLACK
6
CONTINUOUS
10
0.9600824015748032
20
-0.4394941338582677
11
0.9608970472440944
21
-0.4386794881889763
0
LINE
8
BLACK
6
CONTINUOUS
10
0.9608970472440944
20
-0.4386794881889763
11
0.9619614566929133
21
-0.4382385826771654
0
LINE
8
BLACK
6
CONTINUOUS
10
0.9619614566929133
20
-0.4382385826771654
11
0.9625375196850393
21
-0.4381818503937008
0
LINE
8
BLACK
6
CONTINUOUS
10
0.9625375196850393
20
-0.4381818503937008
11
0.9708333464566928
21
-0.4381818503937008
0
LINE
8
BLACK
6
CONTINUOUS
10
0.9708333464566928
20
-0.4381818503937008
11
0.9708333464566928
21
-0.410767874015748
0
LINE
8
BLACK
6
CONTINUOUS
10
0.9708333464566928
20
-0.410767874015748
11
0.9683749606299212
21
-0.4132262598425196
0
LINE
8
BLACK
6
CONTINUOUS
10
0.9683749606299212
20
-0.4132262598425196
11
0.9681485826771653
21
-0.4134120078740157
0
LINE
8
BLACK
6
CONTINUOUS
10
0.9681485826771653
20
-0.4134120078740157
11
0.9680974409448818
21
-0.4134710236220472
0
LINE
8
BLACK
6
CONTINUOUS
10
0.9680974409448818
20
-0.4134710236220472
11
0.9680084645669291
21
-0.413526968503937
0
LINE
8
BLACK
6
CONTINUOUS
10
0.9680084645669291
20
-0.413526968503937
11
0.9679275196850393
21
-0.4135934645669291
0
LINE
8
BLACK
6
CONTINUOUS
10
0.9679275196850393
20
-0.4135934645669291
11
0.9678555511811023
21
-0.4136232677165354
0
LINE
8
BLACK
6
CONTINUOUS
10
0.9678555511811023
20
-0.4136232677165354
11
0.9676075590551181
21
-0.4137793700787402
0
LINE
8
BLACK
6
CONTINUOUS
10
0.9676075590551181
20
-0.4137793700787402
11
0.963858031496063
21
-0.4156541338582677
0
LINE
8
BLACK
6
CONTINUOUS
10
0.963858031496063
20
-0.4156541338582677
11
0.9633174015748032
21
-0.4158610236220472
0
LINE
8
BLACK
6
CONTINUOUS
10
0.9633174015748032
20
-0.4158610236220472
11
0.9621681889763779
21
-0.4159426771653543
0
LINE
8
BLACK
6
CONTINUOUS
10
0.9621681889763779
20
-0.4159426771653543
11
0.9610752362204724
21
-0.4155783464566929
0
LINE
8
BLACK
6
CONTINUOUS
10
0.9610752362204724
20
-0.4155783464566929
11
0.960204842519685
21
-0.4148235039370078
0
LINE
8
BLACK
6
CONTINUOUS
10
0.960204842519685
20
-0.4148235039370078
11
0.9596896062992126
21
-0.4137929921259842
0
LINE
8
BLACK
6
CONTINUOUS
10
0.9596896062992126
20
-0.4137929921259842
11
0.9596079527559055
21
-0.412643779527559
0
LINE
8
BLACK
6
CONTINUOUS
10
0.9596079527559055
20
-0.412643779527559
11
0.9599722834645669
21
-0.4115508267716536
0
LINE
8
BLACK
6
CONTINUOUS
10
0.9599722834645669
20
-0.4115508267716536
11
0.9607271259842519
21
-0.4106804330708662
0
LINE
8
BLACK
6
CONTINUOUS
10
0.9607271259842519
20
-0.4106804330708662
11
0.9612170078740158
21
-0.4103720866141732
0
LINE
8
BLACK
6
CONTINUOUS
10
0.9612170078740158
20
-0.4103720866141732
11
0.9645379527559055
21
-0.4087116141732283
0
LINE
8
BLACK
6
CONTINUOUS
10
0.9645379527559055
20
-0.4087116141732283
11
0.9677418503937008
21
-0.405507716535433
0
LINE
8
BLACK
6
CONTINUOUS
10
0.9677418503937008
20
-0.405507716535433
11
0.9713292519685039
21
-0.4001266141732283
0
LINE
8
BLACK
6
CONTINUOUS
10
0.9713292519685039
20
-0.4001266141732283
11
0.9713305905511811
21
-0.4001249212598425
0
LINE
8
BLACK
6
CONTINUOUS
10
0.9713305905511811
20
-0.4001249212598425
11
0.9713309842519685
21
-0.4001240551181102
0
LINE
8
BLACK
6
CONTINUOUS
10
0.9713309842519685
20
-0.4001240551181102
11
0.9713329921259842
21
-0.4001220078740158
0
LINE
8
BLACK
6
CONTINUOUS
10
0.9713329921259842
20
-0.4001220078740158
11
0.9716960236220472
21
-0.399678779527559
0
LINE
8
BLACK
6
CONTINUOUS
10
0.9716960236220472
20
-0.399678779527559
11
0.9719388976377953
21
-0.3995161023622047
0
LINE
8
BLACK
6
CONTINUOUS
10
0.9719388976377953
20
-0.3995161023622047
11
0.9721456299212599
21
-0.3993094094488189
0
LINE
8
BLACK
6
CONTINUOUS
10
0.9721456299212599
20
-0.3993094094488189
11
0.9724129133858268
21
-0.3991986614173229
0
LINE
8
BLACK
6
CONTINUOUS
10
0.9724129133858268
20
-0.3991986614173229
11
0.9726533070866141
21
-0.3990377165354331
0
LINE
8
BLACK
6
CONTINUOUS
10
0.9726533070866141
20
-0.3990377165354331
11
0.9729399212598425
21
-0.3989803543307087
0
LINE
8
BLACK
6
CONTINUOUS
10
0.9729399212598425
20
-0.3989803543307087
11
0.9732100393700788
21
-0.3988685039370078
0
LINE
8
BLACK
6
CONTINUOUS
10
0.9732100393700788
20
-0.3988685039370078
11
0.9734993307086613
21
-0.3988685039370078
0
LINE
8
BLACK
6
CONTINUOUS
10
0.9734993307086613
20
-0.3988685039370078
11
0.9737829921259842
21
-0.3988117716535433
0
LINE
8
BLACK
6
CONTINUOUS
10
0.9737829921259842
20
-0.3988117716535433
11
0.9740697637795276
21
-0.3988685039370078
0
LINE
8
BLACK
6
CONTINUOUS
10
1.0228346456692914
20
-0.3988417716535433
11
1.022912125984252
21
-0.3988366141732284
0
LINE
8
BLACK
6
CONTINUOUS
10
1.022912125984252
20
-0.3988366141732284
11
1.0229654724409449
21
-0.3988546456692914
0
LINE
8
BLACK
6
CONTINUOUS
10
1.0229654724409449
20
-0.3988546456692914
11
1.023106062992126
21
-0.3988685039370078
0
LINE
8
BLACK
6
CONTINUOUS
10
1.023106062992126
20
-0.3988685039370078
11
1.0235492519685039
21
-0.3990520866141732
0
LINE
8
BLACK
6
CONTINUOUS
10
1.0235492519685039
20
-0.3990520866141732
11
1.0240035039370079
21
-0.3992057086614173
0
LINE
8
BLACK
6
CONTINUOUS
10
1.0240035039370079
20
-0.3992057086614173
11
1.0240784645669292
21
-0.3992712598425197
0
LINE
8
BLACK
6
CONTINUOUS
10
1.0240784645669292
20
-0.3992712598425197
11
1.0241704724409448
21
-0.3993094094488189
0
LINE
8
BLACK
6
CONTINUOUS
10
1.0241704724409448
20
-0.3993094094488189
11
1.0245094488188977
21
-0.3996483858267716
0
LINE
8
BLACK
6
CONTINUOUS
10
1.0245094488188977
20
-0.3996483858267716
11
1.024870590551181
21
-0.3999643700787401
0
LINE
8
BLACK
6
CONTINUOUS
10
1.024870590551181
20
-0.3999643700787401
11
1.0249147637795275
21
-0.4000537007874015
0
LINE
8
BLACK
6
CONTINUOUS
10
1.0249147637795275
20
-0.4000537007874015
11
1.0249851181102363
21
-0.4001240551181102
0
LINE
8
BLACK
6
CONTINUOUS
10
1.0249851181102363
20
-0.4001240551181102
11
1.0251685826771653
21
-0.400566968503937
0
LINE
8
BLACK
6
CONTINUOUS
10
1.0251685826771653
20
-0.400566968503937
11
1.0253812992125984
21
-0.400997125984252
0
LINE
8
BLACK
6
CONTINUOUS
10
1.0253812992125984
20
-0.400997125984252
11
1.0253879133858268
21
-0.4010964566929134
0
LINE
8
BLACK
6
CONTINUOUS
10
1.0253879133858268
20
-0.4010964566929134
11
1.0254260236220472
21
-0.4011884645669291
0
LINE
8
BLACK
6
CONTINUOUS
10
1.0254260236220472
20
-0.4011884645669291
11
1.0254260236220472
21
-0.4016681496062992
0
LINE
8
BLACK
6
CONTINUOUS
10
1.0254260236220472
20
-0.4016681496062992
11
1.0254579133858268
21
-0.4021466535433071
0
LINE
8
BLACK
6
CONTINUOUS
10
1.0254579133858268
20
-0.4021466535433071
11
1.0254260236220472
21
-0.4022409448818898
0
LINE
8
BLACK
6
CONTINUOUS
10
1.0254260236220472
20
-0.4022409448818898
11
1.0254260236220472
21
-0.4023405905511811
0
LINE
8
BLACK
6
CONTINUOUS
10
1.0254260236220472
20
-0.4023405905511811
11
1.0252424015748032
21
-0.4027837795275591
0
LINE
8
BLACK
6
CONTINUOUS
10
1.0252424015748032
20
-0.4027837795275591
11
1.0250888188976377
21
-0.403238031496063
0
LINE
8
BLACK
6
CONTINUOUS
10
1.0250888188976377
20
-0.403238031496063
11
1.0250066929133859
21
-0.403352874015748
0
LINE
8
BLACK
6
CONTINUOUS
10
1.0250066929133859
20
-0.403352874015748
11
1.0249851181102363
21
-0.403405
0
LINE
8
BLACK
6
CONTINUOUS
10
1.0249851181102363
20
-0.403405
11
1.0249301574803149
21
-0.4034599212598425
0
LINE
8
BLACK
6
CONTINUOUS
10
1.0249301574803149
20
-0.4034599212598425
11
1.0247521653543308
21
-0.403708937007874
0
LINE
8
BLACK
6
CONTINUOUS
10
1.0247521653543308
20
-0.403708937007874
11
1.0158192519685039
21
-0.4139179527559055
0
LINE
8
BLACK
6
CONTINUOUS
10
1.0158192519685039
20
-0.4139179527559055
11
1.0163514566929133
21
-0.4141216141732283
0
LINE
8
BLACK
6
CONTINUOUS
10
1.0163514566929133
20
-0.4141216141732283
11
1.0201009842519684
21
-0.4159963779527559
0
LINE
8
BLACK
6
CONTINUOUS
10
1.0201009842519684
20
-0.4159963779527559
11
1.0203489763779527
21
-0.4161524409448819
0
LINE
8
BLACK
6
CONTINUOUS
10
1.0203489763779527
20
-0.4161524409448819
11
1.0204209448818897
21
-0.4161822834645669
0
LINE
8
BLACK
6
CONTINUOUS
10
1.0204209448818897
20
-0.4161822834645669
11
1.0205018897637794
21
-0.4162487401574803
0
LINE
8
BLACK
6
CONTINUOUS
10
1.0205018897637794
20
-0.4162487401574803
11
1.0205908661417322
21
-0.4163047244094488
0
LINE
8
BLACK
6
CONTINUOUS
10
1.0205908661417322
20
-0.4163047244094488
11
1.0206420078740157
21
-0.4163637007874016
0
LINE
8
BLACK
6
CONTINUOUS
10
1.0206420078740157
20
-0.4163637007874016
11
1.0208683858267715
21
-0.4165494881889764
0
LINE
8
BLACK
6
CONTINUOUS
10
1.0208683858267715
20
-0.4165494881889764
11
1.0227431496062991
21
-0.4184242519685039
0
LINE
8
BLACK
6
CONTINUOUS
10
1.0227431496062991
20
-0.4184242519685039
11
1.0229288976377953
21
-0.4186505905511811
0
LINE
8
BLACK
6
CONTINUOUS
10
1.0229288976377953
20
-0.4186505905511811
11
1.0229879133858268
21
-0.4187017716535433
0
LINE
8
BLACK
6
CONTINUOUS
10
1.0229879133858268
20
-0.4187017716535433
11
1.0230438582677166
21
-0.4187907086614173
0
LINE
8
BLACK
6
CONTINUOUS
10
1.0230438582677166
20
-0.4187907086614173
11
1.0231103543307087
21
-0.4188716929133858
0
LINE
8
BLACK
6
CONTINUOUS
10
1.0231103543307087
20
-0.4188716929133858
11
1.0231401574803149
21
-0.4189436220472441
0
LINE
8
BLACK
6
CONTINUOUS
10
1.0231401574803149
20
-0.4189436220472441
11
1.0232962598425197
21
-0.4191916535433071
0
LINE
8
BLACK
6
CONTINUOUS
10
1.0232962598425197
20
-0.4191916535433071
11
1.0251710236220473
21
-0.4229411811023622
0
LINE
8
BLACK
6
CONTINUOUS
10
1.0251710236220473
20
-0.4229411811023622
11
1.0253779133858267
21
-0.4234817716535433
0
LINE
8
BLACK
6
CONTINUOUS
10
1.0253779133858267
20
-0.4234817716535433
11
1.025385433070866
21
-0.4235876377952756
0
LINE
8
BLACK
6
CONTINUOUS
10
1.025385433070866
20
-0.4235876377952756
11
1.0254260236220472
21
-0.4236856299212599
0
LINE
8
BLACK
6
CONTINUOUS
10
1.0254260236220472
20
-0.4236856299212599
11
1.0254827559055117
21
-0.4242616929133858
0
LINE
8
BLACK
6
CONTINUOUS
10
1.0254827559055117
20
-0.4242616929133858
11
1.0254827559055117
21
-0.4336355118110236
0
LINE
8
BLACK
6
CONTINUOUS
10
1.0254827559055117
20
-0.4336355118110236
11
1.0254260236220472
21
-0.4342115748031496
0
LINE
8
BLACK
6
CONTINUOUS
10
1.0254260236220472
20
-0.4342115748031496
11
1.025385433070866
21
-0.4343095275590551
0
LINE
8
BLACK
6
CONTINUOUS
10
1.025385433070866
20
-0.4343095275590551
11
1.0253779133858267
21
-0.4344154330708661
0
LINE
8
BLACK
6
CONTINUOUS
10
1.0253779133858267
20
-0.4344154330708661
11
1.0251710236220473
21
-0.4349560236220472
0
LINE
8
BLACK
6
CONTINUOUS
10
1.0251710236220473
20
-0.4349560236220472
11
1.0232962598425197
21
-0.4387055511811023
0
LINE
8
BLACK
6
CONTINUOUS
10
1.0232962598425197
20
-0.4387055511811023
11
1.0231401968503937
21
-0.4389534251968504
0
LINE
8
BLACK
6
CONTINUOUS
10
1.0231401968503937
20
-0.4389534251968504
11
1.0231103937007873
21
-0.4390254724409449
0
LINE
8
BLACK
6
CONTINUOUS
10
1.0231103937007873
20
-0.4390254724409449
11
1.0230438582677166
21
-0.4391064960629921
0
LINE
8
BLACK
6
CONTINUOUS
10
1.0230438582677166
20
-0.4391064960629921
11
1.0229879133858268
21
-0.4391954330708661
0
LINE
8
BLACK
6
CONTINUOUS
10
1.0229879133858268
20
-0.4391954330708661
11
1.0229288976377953
21
-0.4392465748031496
0
LINE
8
BLACK
6
CONTINUOUS
10
1.0229288976377953
20
-0.4392465748031496
11
1.0227431496062991
21
-0.4394729527559055
0
LINE
8
BLACK
6
CONTINUOUS
10
1.0227431496062991
20
-0.4394729527559055
11
1.0208684251968503
21
-0.4413477165354331
0
LINE
8
BLACK
6
CONTINUOUS
10
1.0208684251968503
20
-0.4413477165354331
11
1.0206420472440945
21
-0.4415334645669291
0
LINE
8
BLACK
6
CONTINUOUS
10
1.0206420472440945
20
-0.4415334645669291
11
1.0205908661417322
21
-0.4415925196850394
0
LINE
8
BLACK
6
CONTINUOUS
10
1.0205908661417322
20
-0.4415925196850394
11
1.0205018897637794
21
-0.4416485039370079
0
LINE
8
BLACK
6
CONTINUOUS
10
1.0205018897637794
20
-0.4416485039370079
11
1.0204209448818897
21
-0.4417149606299213
0
LINE
8
BLACK
6
CONTINUOUS
10
1.0204209448818897
20
-0.4417149606299213
11
1.0203489763779527
21
-0.4417447637795275
0
LINE
8
BLACK
6
CONTINUOUS
10
1.0203489763779527
20
-0.4417447637795275
11
1.0201009842519684
21
-0.4419008661417323
0
LINE
8
BLACK
6
CONTINUOUS
10
1.0201009842519684
20
-0.4419008661417323
11
1.0163514566929133
21
-0.4437756299212599
0
LINE
8
BLACK
6
CONTINUOUS
10
1.0163514566929133
20
-0.4437756299212599
11
1.0158108267716535
21
-0.4439825196850394
0
LINE
8
BLACK
6
CONTINUOUS
10
1.0158108267716535
20
-0.4439825196850394
11
1.0157050000000001
21
-0.44399
0
LINE
8
BLACK
6
CONTINUOUS
10
1.0157050000000001
20
-0.44399
11
1.0156070078740158
21
-0.4440306299212599
0
LINE
8
BLACK
6
CONTINUOUS
10
1.0156070078740158
20
-0.4440306299212599
11
1.0150309448818897
21
-0.4440873622047244
0
LINE
8
BLACK
6
CONTINUOUS
10
1.0150309448818897
20
-0.4440873622047244
11
1.0037823622047244
21
-0.4440873622047244
0
LINE
8
BLACK
6
CONTINUOUS
10
1.0037823622047244
20
-0.4440873622047244
11
1.0032062992125983
21
-0.4440306299212599
0
LINE
8
BLACK
6
CONTINUOUS
10
1.0032062992125983
20
-0.4440306299212599
11
1.0031083070866142
21
-0.4439900393700787
0
LINE
8
BLACK
6
CONTINUOUS
10
1.0031083070866142
20
-0.4439900393700787
11
1.0030024409448819
21
-0.4439825196850394
0
LINE
8
BLACK
6
CONTINUOUS
10
1.0030024409448819
20
-0.4439825196850394
11
1.0024618503937008
21
-0.4437756299212599
0
LINE
8
BLACK
6
CONTINUOUS
10
1.0024618503937008
20
-0.4437756299212599
11
0.9987123228346456
21
-0.4419008661417323
0
LINE
8
BLACK
6
CONTINUOUS
10
0.9987123228346456
20
-0.4419008661417323
11
0.9984642913385826
21
-0.4417447637795275
0
LINE
8
BLACK
6
CONTINUOUS
10
0.9984642913385826
20
-0.4417447637795275
11
0.9983923622047244
21
-0.4417149606299213
0
LINE
8
BLACK
6
CONTINUOUS
10
0.9983923622047244
20
-0.4417149606299213
11
0.9983113779527559
21
-0.4416485039370079
0
LINE
8
BLACK
6
CONTINUOUS
10
0.9983113779527559
20
-0.4416485039370079
11
0.9982224409448819
21
-0.4415925196850394
0
LINE
8
BLACK
6
CONTINUOUS
10
0.9982224409448819
20
-0.4415925196850394
11
0.9981712204724409
21
-0.4415334645669291
0
LINE
8
BLACK
6
CONTINUOUS
10
0.9981712204724409
20
-0.4415334645669291
11
0.9979448818897637
21
-0.4413477165354331
0
LINE
8
BLACK
6
CONTINUOUS
10
0.9979448818897637
20
-0.4413477165354331
11
0.9960701181102362
21
-0.4394729133858268
0
LINE
8
BLACK
6
CONTINUOUS
10
0.9960701181102362
20
-0.4394729133858268
11
0.9957029133858267
21
-0.4390254724409449
0
LINE
8
BLACK
6
CONTINUOUS
10
0.9957029133858267
20
-0.4390254724409449
11
0.9952620472440945
21
-0.4379610629921259
0
LINE
8
BLACK
6
CONTINUOUS
10
0.9952620472440945
20
-0.4379610629921259
11
0.9952620472440945
21
-0.4368089763779527
0
LINE
8
BLACK
6
CONTINUOUS
10
0.9952620472440945
20
-0.4368089763779527
11
0.9957029527559055
21
-0.4357445669291338
0
LINE
8
BLACK
6
CONTINUOUS
10
0.9957029527559055
20
-0.4357445669291338
11
0.9965176377952756
21
-0.4349298818897638
0
LINE
8
BLACK
6
CONTINUOUS
10
0.9965176377952756
20
-0.4349298818897638
11
0.9975820472440945
21
-0.4344890157480315
0
LINE
8
BLACK
6
CONTINUOUS
10
0.9975820472440945
20
-0.4344890157480315
11
0.9987341338582677
21
-0.4344890157480315
0
LINE
8
BLACK
6
CONTINUOUS
10
0.9987341338582677
20
-0.4344890157480315
11
0.9997985433070866
21
-0.4349299212598425
0
LINE
8
BLACK
6
CONTINUOUS
10
0.9997985433070866
20
-0.4349299212598425
11
1.0002460236220472
21
-0.4352971653543307
0
LINE
8
BLACK
6
CONTINUOUS
10
1.0002460236220472
20
-0.4352971653543307
11
1.0017819291338583
21
-0.4368331102362205
0
LINE
8
BLACK
6
CONTINUOUS
10
1.0017819291338583
20
-0.4368331102362205
11
1.004479409448819
21
-0.4381818503937008
0
LINE
8
BLACK
6
CONTINUOUS
10
1.004479409448819
20
-0.4381818503937008
11
1.0143338976377954
21
-0.4381818503937008
0
LINE
8
BLACK
6
CONTINUOUS
10
1.0143338976377954
20
-0.4381818503937008
11
1.0170313385826772
21
-0.4368331102362205
0
LINE
8
BLACK
6
CONTINUOUS
10
1.0170313385826772
20
-0.4368331102362205
11
1.0182284645669291
21
-0.4356359448818898
0
LINE
8
BLACK
6
CONTINUOUS
10
1.0182284645669291
20
-0.4356359448818898
11
1.0195772440944881
21
-0.4329384645669291
0
LINE
8
BLACK
6
CONTINUOUS
10
1.0195772440944881
20
-0.4329384645669291
11
1.0195772440944881
21
-0.4249587401574803
0
LINE
8
BLACK
6
CONTINUOUS
10
1.0195772440944881
20
-0.4249587401574803
11
1.0182285039370078
21
-0.4222612598425197
0
LINE
8
BLACK
6
CONTINUOUS
10
1.0182285039370078
20
-0.4222612598425197
11
1.0170313779527558
21
-0.4210641338582677
0
LINE
8
BLACK
6
CONTINUOUS
10
1.0170313779527558
20
-0.4210641338582677
11
1.0143338976377954
21
-0.4197153937007874
0
LINE
8
BLACK
6
CONTINUOUS
10
1.0143338976377954
20
-0.4197153937007874
11
1.0094066535433071
21
-0.4197153937007874
0
LINE
8
BLACK
6
CONTINUOUS
10
1.0094066535433071
20
-0.4197153937007874
11
1.0091019685039371
21
-0.4196853543307086
0
LINE
8
BLACK
6
CONTINUOUS
10
1.0091019685039371
20
-0.4196853543307086
11
1.009024527559055
21
-0.4196905511811024
0
LINE
8
BLACK
6
CONTINUOUS
10
1.009024527559055
20
-0.4196905511811024
11
1.0089711417322835
21
-0.4196724803149606
0
LINE
8
BLACK
6
CONTINUOUS
10
1.0089711417322835
20
-0.4196724803149606
11
1.0088305905511812
21
-0.4196586614173228
0
LINE
8
BLACK
6
CONTINUOUS
10
1.0088305905511812
20
-0.4196586614173228
11
1.0083873622047244
21
-0.4194750393700787
0
LINE
8
BLACK
6
CONTINUOUS
10
1.0083873622047244
20
-0.4194750393700787
11
1.0079331496062991
21
-0.4193214566929134
0
LINE
8
BLACK
6
CONTINUOUS
10
1.0079331496062991
20
-0.4193214566929134
11
1.0078581496062993
21
-0.4192558661417323
0
LINE
8
BLACK
6
CONTINUOUS
10
1.0078581496062993
20
-0.4192558661417323
11
1.0077661811023622
21
-0.4192177559055118
0
LINE
8
BLACK
6
CONTINUOUS
10
1.0077661811023622
20
-0.4192177559055118
11
1.0074271653543307
21
-0.4188787401574803
0
LINE
8
BLACK
6
CONTINUOUS
10
1.0074271653543307
20
-0.4188787401574803
11
1.007066062992126
21
-0.4185627952755905
0
LINE
8
BLACK
6
CONTINUOUS
10
1.007066062992126
20
-0.4185627952755905
11
1.0070218503937007
21
-0.4184734251968504
0
LINE
8
BLACK
6
CONTINUOUS
10
1.0070218503937007
20
-0.4184734251968504
11
1.0069515354330709
21
-0.4184031102362205
0
LINE
8
BLACK
6
CONTINUOUS
10
1.0069515354330709
20
-0.4184031102362205
11
1.006768031496063
21
-0.417960157480315
0
LINE
8
BLACK
6
CONTINUOUS
10
1.006768031496063
20
-0.417960157480315
11
1.0065553543307086
21
-0.4175300393700787
0
LINE
8
BLACK
6
CONTINUOUS
10
1.0065553543307086
20
-0.4175300393700787
11
1.0065487007874017
21
-0.4174306692913386
0
LINE
8
BLACK
6
CONTINUOUS
10
1.0065487007874017
20
-0.4174306692913386
11
1.0065106299212598
21
-0.4173387007874015
0
LINE
8
BLACK
6
CONTINUOUS
10
1.0065106299212598
20
-0.4173387007874015
11
1.0065106299212598
21
-0.4168589763779528
0
LINE
8
BLACK
6
CONTINUOUS
10
1.0065106299212598
20
-0.4168589763779528
11
1.0064787401574804
21
-0.4163805118110236
0
LINE
8
BLACK
6
CONTINUOUS
10
1.0064787401574804
20
-0.4163805118110236
11
1.0065106299212598
21
-0.4162861811023622
0
LINE
8
BLACK
6
CONTINUOUS
10
1.0065106299212598
20
-0.4162861811023622
11
1.0065106299212598
21
-0.4161865748031496
0
LINE
8
BLACK
6
CONTINUOUS
10
1.0065106299212598
20
-0.4161865748031496
11
1.0066942125984251
21
-0.4157433464566929
0
LINE
8
BLACK
6
CONTINUOUS
10
1.0066942125984251
20
-0.4157433464566929
11
1.0068478346456693
21
-0.4152891338582677
0
LINE
8
BLACK
6
CONTINUOUS
10
1.0068478346456693
20
-0.4152891338582677
11
1.0069299212598426
21
-0.4151742519685039
0
LINE
8
BLACK
6
CONTINUOUS
10
1.0069299212598426
20
-0.4151742519685039
11
1.0069515354330709
21
-0.4151221653543307
0
LINE
8
BLACK
6
CONTINUOUS
10
1.0069515354330709
20
-0.4151221653543307
11
1.0070064566929133
21
-0.4150672047244094
0
LINE
8
BLACK
6
CONTINUOUS
10
1.0070064566929133
20
-0.4150672047244094
11
1.0071844881889764
21
-0.4148182283464567
0
LINE
8
BLACK
6
CONTINUOUS
10
1.0071844881889764
20
-0.4148182283464567
11
1.0160228346456692
21
-0.4047172834645669
0
LINE
8
BLACK
6
CONTINUOUS
10
1.0160228346456692
20
-0.4047172834645669
11
0.9981580708661417
21
-0.4047172834645669
0
LINE
8
BLACK
6
CONTINUOUS
10
0.9981580708661417
20
-0.4047172834645669
11
0.9975820078740157
21
-0.4046605511811023
0
LINE
8
BLACK
6
CONTINUOUS
10
0.9975820078740157
20
-0.4046605511811023
11
0.9965175984251968
21
-0.4042196456692913
0
LINE
8
BLACK
6
CONTINUOUS
10
0.9965175984251968
20
-0.4042196456692913
11
0.9957029527559055
21
-0.403405
0
LINE
8
BLACK
6
CONTINUOUS
10
0.9957029527559055
20
-0.403405
11
0.9952620472440945
21
-0.4023405905511811
0
LINE
8
BLACK
6
CONTINUOUS
10
0.9952620472440945
20
-0.4023405905511811
11
0.9952620472440945
21
-0.4011884645669291
0
LINE
8
BLACK
6
CONTINUOUS
10
0.9952620472440945
20
-0.4011884645669291
11
0.9957029527559055
21
-0.4001240551181102
0
LINE
8
BLACK
6
CONTINUOUS
10
0.9957029527559055
20
-0.4001240551181102
11
0.9965175984251968
21
-0.3993094094488189
0
LINE
8
BLACK
6
CONTINUOUS
10
0.9965175984251968
20
-0.3993094094488189
11
0.9975820078740157
21
-0.3988685039370078
0
LINE
8
BLACK
6
CONTINUOUS
10
0.9975820078740157
20
-0.3988685039370078
11
0.9981580708661417
21
-0.3988117716535433
0
LINE
8
BLACK
6
CONTINUOUS
10
0.9981580708661417
20
-0.3988117716535433
11
1.0225299999999999
21
-0.3988117716535433
0
LINE
8
BLACK
6
CONTINUOUS
10
1.0225299999999999
20
-0.3988117716535433
11
1.0228346456692914
21
-0.3988417716535433
0
LINE
8
BLACK
6
CONTINUOUS
10
1.067808031496063
20
-0.3988685039370078
11
1.0681004330708661
21
-0.3988685039370078
0
LINE
8
BLACK
6
CONTINUOUS
10
1.0681004330708661
20
-0.3988685039370078
11
1.0683676771653543
21
-0.3989792125984252
0
LINE
8
BLACK
6
CONTINUOUS
10
1.0683676771653543
20
-0.3989792125984252
11
1.068651496062992
21
-0.3990353543307086
0
LINE
8
BLACK
6
CONTINUOUS
10
1.068651496062992
20
-0.3990353543307086
11
1.0688947637795276
21
-0.3991975196850394
0
LINE
8
BLACK
6
CONTINUOUS
10
1.0688947637795276
20
-0.3991975196850394
11
1.0691648425196849
21
-0.3993094094488189
0
LINE
8
BLACK
6
CONTINUOUS
10
1.0691648425196849
20
-0.3993094094488189
11
1.0693692913385826
21
-0.3995138582677165
0
LINE
8
BLACK
6
CONTINUOUS
10
1.0693692913385826
20
-0.3995138582677165
11
1.0696101181102362
21
-0.3996744094488189
0
LINE
8
BLACK
6
CONTINUOUS
10
1.0696101181102362
20
-0.3996744094488189
11
1.0697728346456692
21
-0.3999174015748032
0
LINE
8
BLACK
6
CONTINUOUS
10
1.0697728346456692
20
-0.3999174015748032
11
1.0699794881889764
21
-0.4001240551181102
0
LINE
8
BLACK
6
CONTINUOUS
10
1.0699794881889764
20
-0.4001240551181102
11
1.070090157480315
21
-0.4003912598425197
0
LINE
8
BLACK
6
CONTINUOUS
10
1.070090157480315
20
-0.4003912598425197
11
1.0702511811023623
21
-0.4006316929133858
0
LINE
8
BLACK
6
CONTINUOUS
10
1.0702511811023623
20
-0.4006316929133858
11
1.0703085039370079
21
-0.4009183464566929
0
LINE
8
BLACK
6
CONTINUOUS
10
1.0703085039370079
20
-0.4009183464566929
11
1.0704203937007875
21
-0.4011884645669291
0
LINE
8
BLACK
6
CONTINUOUS
10
1.0704203937007875
20
-0.4011884645669291
11
1.070476496062992
21
-0.4017583858267716
0
LINE
8
BLACK
6
CONTINUOUS
10
1.070476496062992
20
-0.4017583858267716
11
1.070477125984252
21
-0.4017614173228347
0
LINE
8
BLACK
6
CONTINUOUS
10
1.070477125984252
20
-0.4017614173228347
11
1.0704768897637795
21
-0.4017624409448819
0
LINE
8
BLACK
6
CONTINUOUS
10
1.0704768897637795
20
-0.4017624409448819
11
1.070477125984252
21
-0.4017645275590551
0
LINE
8
BLACK
6
CONTINUOUS
10
1.070477125984252
20
-0.4017645275590551
11
1.070477125984252
21
-0.4381818503937008
0
LINE
8
BLACK
6
CONTINUOUS
10
1.070477125984252
20
-0.4381818503937008
11
1.0787729527559056
21
-0.4381818503937008
0
LINE
8
BLACK
6
CONTINUOUS
10
1.0787729527559056
20
-0.4381818503937008
11
1.0793490157480314
21
-0.4382385826771654
0
LINE
8
BLACK
6
CONTINUOUS
10
1.0793490157480314
20
-0.4382385826771654
11
1.0804134251968505
21
-0.4386794881889763
0
LINE
8
BLACK
6
CONTINUOUS
10
1.0804134251968505
20
-0.4386794881889763
11
1.0812280708661417
21
-0.4394941338582677
0
LINE
8
BLACK
6
CONTINUOUS
10
1.0812280708661417
20
-0.4394941338582677
11
1.0816689763779528
21
-0.4405585433070866
0
LINE
8
BLACK
6
CONTINUOUS
10
1.0816689763779528
20
-0.4405585433070866
11
1.0816689763779528
21
-0.4417106692913386
0
LINE
8
BLACK
6
CONTINUOUS
10
1.0816689763779528
20
-0.4417106692913386
11
1.0812280708661417
21
-0.4427750787401575
0
LINE
8
BLACK
6
CONTINUOUS
10
1.0812280708661417
20
-0.4427750787401575
11
1.0804134251968505
21
-0.4435897244094488
0
LINE
8
BLACK
6
CONTINUOUS
10
1.0804134251968505
20
-0.4435897244094488
11
1.0793490157480314
21
-0.4440306299212599
0
LINE
8
BLACK
6
CONTINUOUS
10
1.0793490157480314
20
-0.4440306299212599
11
1.0787729527559056
21
-0.4440873622047244
0
LINE
8
BLACK
6
CONTINUOUS
10
1.0787729527559056
20
-0.4440873622047244
11
1.0562757874015747
21
-0.4440873622047244
0
LINE
8
BLACK
6
CONTINUOUS
10
1.0562757874015747
20
-0.4440873622047244
11
1.0556997244094488
21
-0.4440306299212599
0
LINE
8
BLACK
6
CONTINUOUS
10
1.0556997244094488
20
-0.4440306299212599
11
1.0546353149606298
21
-0.4435897244094488
0
LINE
8
BLACK
6
CONTINUOUS
10
1.0546353149606298
20
-0.4435897244094488
11
1.0538206692913386
21
-0.4427750787401575
0
LINE
8
BLACK
6
CONTINUOUS
10
1.0538206692913386
20
-0.4427750787401575
11
1.0533797637795275
21
-0.4417106692913386
0
LINE
8
BLACK
6
CONTINUOUS
10
1.0533797637795275
20
-0.4417106692913386
11
1.0533797637795275
21
-0.4405585433070866
0
LINE
8
BLACK
6
CONTINUOUS
10
1.0533797637795275
20
-0.4405585433070866
11
1.0538206692913386
21
-0.4394941338582677
0
LINE
8
BLACK
6
CONTINUOUS
10
1.0538206692913386
20
-0.4394941338582677
11
1.0546353149606298
21
-0.4386794881889763
0
LINE
8
BLACK
6
CONTINUOUS
10
1.0546353149606298
20
-0.4386794881889763
11
1.0556997244094488
21
-0.4382385826771654
0
LINE
8
BLACK
6
CONTINUOUS
10
1.0556997244094488
20
-0.4382385826771654
11
1.0562757874015747
21
-0.4381818503937008
0
LINE
8
BLACK
6
CONTINUOUS
10
1.0562757874015747
20
-0.4381818503937008
11
1.0645716141732284
21
-0.4381818503937008
0
LINE
8
BLACK
6
CONTINUOUS
10
1.0645716141732284
20
-0.4381818503937008
11
1.0645716141732284
21
-0.410767874015748
0
LINE
8
BLACK
6
CONTINUOUS
10
1.0645716141732284
20
-0.410767874015748
11
1.0621132283464567
21
-0.4132262598425196
0
LINE
8
BLACK
6
CONTINUOUS
10
1.0621132283464567
20
-0.4132262598425196
11
1.0618868503937007
21
-0.4134120078740157
0
LINE
8
BLACK
6
CONTINUOUS
10
1.0618868503937007
20
-0.4134120078740157
11
1.0618357086614172
21
-0.4134710236220472
0
LINE
8
BLACK
6
CONTINUOUS
10
1.0618357086614172
20
-0.4134710236220472
11
1.0617467322834646
21
-0.413526968503937
0
LINE
8
BLACK
6
CONTINUOUS
10
1.0617467322834646
20
-0.413526968503937
11
1.0616657874015747
21
-0.4135934645669291
0
LINE
8
BLACK
6
CONTINUOUS
10
1.0616657874015747
20
-0.4135934645669291
11
1.0615938188976377
21
-0.4136232677165354
0
LINE
8
BLACK
6
CONTINUOUS
10
1.0615938188976377
20
-0.4136232677165354
11
1.0613458267716536
21
-0.4137793700787402
0
LINE
8
BLACK
6
CONTINUOUS
10
1.0613458267716536
20
-0.4137793700787402
11
1.0575962992125985
21
-0.4156541338582677
0
LINE
8
BLACK
6
CONTINUOUS
10
1.0575962992125985
20
-0.4156541338582677
11
1.0570556692913387
21
-0.4158610236220472
0
LINE
8
BLACK
6
CONTINUOUS
10
1.0570556692913387
20
-0.4158610236220472
11
1.0559064566929133
21
-0.4159426771653543
0
LINE
8
BLACK
6
CONTINUOUS
10
1.0559064566929133
20
-0.4159426771653543
11
1.0548135039370079
21
-0.4155783464566929
0
LINE
8
BLACK
6
CONTINUOUS
10
1.0548135039370079
20
-0.4155783464566929
11
1.0539431102362204
21
-0.4148235039370078
0
LINE
8
BLACK
6
CONTINUOUS
10
1.0539431102362204
20
-0.4148235039370078
11
1.0534278740157481
21
-0.4137929921259842
0
LINE
8
BLACK
6
CONTINUOUS
10
1.0534278740157481
20
-0.4137929921259842
11
1.0533462204724409
21
-0.412643779527559
0
LINE
8
BLACK
6
CONTINUOUS
10
1.0533462204724409
20
-0.412643779527559
11
1.0537105511811022
21
-0.4115508267716536
0
LINE
8
BLACK
6
CONTINUOUS
10
1.0537105511811022
20
-0.4115508267716536
11
1.0544653937007873
21
-0.4106804330708662
0
LINE
8
BLACK
6
CONTINUOUS
10
1.0544653937007873
20
-0.4106804330708662
11
1.0549552755905511
21
-0.4103720866141732
0
LINE
8
BLACK
6
CONTINUOUS
10
1.0549552755905511
20
-0.4103720866141732
11
1.058276220472441
21
-0.4087116141732283
0
LINE
8
BLACK
6
CONTINUOUS
10
1.058276220472441
20
-0.4087116141732283
11
1.0614801181102362
21
-0.405507716535433
0
LINE
8
BLACK
6
CONTINUOUS
10
1.0614801181102362
20
-0.405507716535433
11
1.0650675196850394
21
-0.4001266141732283
0
LINE
8
BLACK
6
CONTINUOUS
10
1.0650675196850394
20
-0.4001266141732283
11
1.0650688582677166
21
-0.4001249212598425
0
LINE
8
BLACK
6
CONTINUOUS
10
1.0650688582677166
20
-0.4001249212598425
11
1.0650692519685039
21
-0.4001240551181102
0
LINE
8
BLACK
6
CONTINUOUS
10
1.0650692519685039
20
-0.4001240551181102
11
1.0650712598425196
21
-0.4001220078740158
0
LINE
8
BLACK
6
CONTINUOUS
10
1.0650712598425196
20
-0.4001220078740158
11
1.0654342913385826
21
-0.399678779527559
0
LINE
8
BLACK
6
CONTINUOUS
10
1.0654342913385826
20
-0.399678779527559
11
1.0656771653543307
21
-0.3995161023622047
0
LINE
8
BLACK
6
CONTINUOUS
10
1.0656771653543307
20
-0.3995161023622047
11
1.0658838976377953
21
-0.3993094094488189
0
LINE
8
BLACK
6
CONTINUOUS
10
1.0658838976377953
20
-0.3993094094488189
11
1.0661511811023623
21
-0.3991986614173229
0
LINE
8
BLACK
6
CONTINUOUS
10
1.0661511811023623
20
-0.3991986614173229
11
1.0663915748031496
21
-0.3990377165354331
0
LINE
8
BLACK
6
CONTINUOUS
10
1.0663915748031496
20
-0.3990377165354331
11
1.0666781889763779
21
-0.3989803543307087
0
LINE
8
BLACK
6
CONTINUOUS
10
1.0666781889763779
20
-0.3989803543307087
11
1.0669483070866141
21
-0.3988685039370078
0
LINE
8
BLACK
6
CONTINUOUS
10
1.0669483070866141
20
-0.3988685039370078
11
1.0672375984251967
21
-0.3988685039370078
0
LINE
8
BLACK
6
CONTINUOUS
10
1.0672375984251967
20
-0.3988685039370078
11
1.0675212598425197
21
-0.3988117716535433
0
LINE
8
BLACK
6
CONTINUOUS
10
1.0675212598425197
20
-0.3988117716535433
11
1.067808031496063
21
-0.3988685039370078
0
LINE
8
BLACK
6
CONTINUOUS
10
1.1093452755905511
20
-0.3988685039370078
11
1.1094432677165353
21
-0.398909094488189
0
LINE
8
BLACK
6
CONTINUOUS
10
1.1094432677165353
20
-0.398909094488189
11
1.1095490944881889
21
-0.3989166141732283
0
LINE
8
BLACK
6
CONTINUOUS
10
1.1095490944881889
20
-0.3989166141732283
11
1.1100897244094488
21
-0.3991235039370079
0
LINE
8
BLACK
6
CONTINUOUS
10
1.1100897244094488
20
-0.3991235039370079
11
1.1138392519685039
21
-0.4009982677165354
0
LINE
8
BLACK
6
CONTINUOUS
10
1.1138392519685039
20
-0.4009982677165354
11
1.1140872440944882
21
-0.4011543307086614
0
LINE
8
BLACK
6
CONTINUOUS
10
1.1140872440944882
20
-0.4011543307086614
11
1.1141592125984252
21
-0.4011841732283464
0
LINE
8
BLACK
6
CONTINUOUS
10
1.1141592125984252
20
-0.4011841732283464
11
1.1142401574803149
21
-0.4012506299212598
0
LINE
8
BLACK
6
CONTINUOUS
10
1.1142401574803149
20
-0.4012506299212598
11
1.1143291338582677
21
-0.4013066141732283
0
LINE
8
BLACK
6
CONTINUOUS
10
1.1143291338582677
20
-0.4013066141732283
11
1.1143802755905512
21
-0.4013655905511811
0
LINE
8
BLACK
6
CONTINUOUS
10
1.1143802755905512
20
-0.4013655905511811
11
1.114606653543307
21
-0.4015513779527559
0
LINE
8
BLACK
6
CONTINUOUS
10
1.114606653543307
20
-0.4015513779527559
11
1.1164814173228346
21
-0.4034261417322835
0
LINE
8
BLACK
6
CONTINUOUS
10
1.1164814173228346
20
-0.4034261417322835
11
1.1166671653543307
21
-0.4036524803149606
0
LINE
8
BLACK
6
CONTINUOUS
10
1.1166671653543307
20
-0.4036524803149606
11
1.1167261811023621
21
-0.4037036614173228
0
LINE
8
BLACK
6
CONTINUOUS
10
1.1167261811023621
20
-0.4037036614173228
11
1.1167821259842519
21
-0.4037925984251968
0
LINE
8
BLACK
6
CONTINUOUS
10
1.1167821259842519
20
-0.4037925984251968
11
1.116848622047244
21
-0.4038735826771653
0
LINE
8
BLACK
6
CONTINUOUS
10
1.116848622047244
20
-0.4038735826771653
11
1.1168784251968504
21
-0.4039455118110236
0
LINE
8
BLACK
6
CONTINUOUS
10
1.1168784251968504
20
-0.4039455118110236
11
1.1170345275590552
21
-0.4041935433070866
0
LINE
8
BLACK
6
CONTINUOUS
10
1.1170345275590552
20
-0.4041935433070866
11
1.1189092913385827
21
-0.4079430708661417
0
LINE
8
BLACK
6
CONTINUOUS
10
1.1189092913385827
20
-0.4079430708661417
11
1.1191161811023622
21
-0.4084836614173228
0
LINE
8
BLACK
6
CONTINUOUS
10
1.1191161811023622
20
-0.4084836614173228
11
1.1191237007874015
21
-0.4085895275590551
0
LINE
8
BLACK
6
CONTINUOUS
10
1.1191237007874015
20
-0.4085895275590551
11
1.1191642913385826
21
-0.4086875196850394
0
LINE
8
BLACK
6
CONTINUOUS
10
1.1191642913385826
20
-0.4086875196850394
11
1.1192210236220472
21
-0.4092635826771653
0
LINE
8
BLACK
6
CONTINUOUS
10
1.1192210236220472
20
-0.4092635826771653
11
1.1192210236220472
21
-0.4111383464566929
0
LINE
8
BLACK
6
CONTINUOUS
10
1.1192210236220472
20
-0.4111383464566929
11
1.1191642913385826
21
-0.4117144094488189
0
LINE
8
BLACK
6
CONTINUOUS
10
1.1191642913385826
20
-0.4117144094488189
11
1.1191237007874015
21
-0.4118123622047244
0
LINE
8
BLACK
6
CONTINUOUS
10
1.1191237007874015
20
-0.4118123622047244
11
1.1191161811023622
21
-0.4119182677165354
0
LINE
8
BLACK
6
CONTINUOUS
10
1.1191161811023622
20
-0.4119182677165354
11
1.1189092913385827
21
-0.4124588582677165
0
LINE
8
BLACK
6
CONTINUOUS
10
1.1189092913385827
20
-0.4124588582677165
11
1.1170345275590552
21
-0.4162083858267717
0
LINE
8
BLACK
6
CONTINUOUS
10
1.1170345275590552
20
-0.4162083858267717
11
1.1168784251968504
21
-0.4164563779527559
0
LINE
8
BLACK
6
CONTINUOUS
10
1.1168784251968504
20
-0.4164563779527559
11
1.116848622047244
21
-0.4165283464566929
0
LINE
8
BLACK
6
CONTINUOUS
10
1.116848622047244
20
-0.4165283464566929
11
1.1167821259842519
21
-0.4166092913385827
0
LINE
8
BLACK
6
CONTINUOUS
10
1.1167821259842519
20
-0.4166092913385827
11
1.1167261811023621
21
-0.4166982677165354
0
LINE
8
BLACK
6
CONTINUOUS
10
1.1167261811023621
20
-0.4166982677165354
11
1.1166671653543307
21
-0.4167494094488189
0
LINE
8
BLACK
6
CONTINUOUS
10
1.1166671653543307
20
-0.4167494094488189
11
1.1164814173228346
21
-0.4169757874015748
0
LINE
8
BLACK
6
CONTINUOUS
10
1.1164814173228346
20
-0.4169757874015748
11
1.1148198031496064
21
-0.4186374015748031
0
LINE
8
BLACK
6
CONTINUOUS
10
1.1148198031496064
20
-0.4186374015748031
11
1.1164814173228346
21
-0.4202990157480315
0
LINE
8
BLACK
6
CONTINUOUS
10
1.1164814173228346
20
-0.4202990157480315
11
1.1166671653543307
21
-0.4205253543307086
0
LINE
8
BLACK
6
CONTINUOUS
10
1.1166671653543307
20
-0.4205253543307086
11
1.1167261811023621
21
-0.4205765354330708
0
LINE
8
BLACK
6
CONTINUOUS
10
1.1167261811023621
20
-0.4205765354330708
11
1.1167821259842519
21
-0.4206654724409449
0
LINE
8
BLACK
6
CONTINUOUS
10
1.1167821259842519
20
-0.4206654724409449
11
1.116848622047244
21
-0.4207464566929134
0
LINE
8
BLACK
6
CONTINUOUS
10
1.116848622047244
20
-0.4207464566929134
11
1.1168784251968504
21
-0.4208183858267717
0
LINE
8
BLACK
6
CONTINUOUS
10
1.1168784251968504
20
-0.4208183858267717
11
1.1170345275590552
21
-0.4210664173228346
0
LINE
8
BLACK
6
CONTINUOUS
10
1.1170345275590552
20
-0.4210664173228346
11
1.1189092913385827
21
-0.4248159448818897
0
LINE
8
BLACK
6
CONTINUOUS
10
1.1189092913385827
20
-0.4248159448818897
11
1.1191161811023622
21
-0.4253565354330708
0
LINE
8
BLACK
6
CONTINUOUS
10
1.1191161811023622
20
-0.4253565354330708
11
1.1191237007874015
21
-0.4254624015748031
0
LINE
8
BLACK
6
CONTINUOUS
10
1.1191237007874015
20
-0.4254624015748031
11
1.1191642913385826
21
-0.4255603937007874
0
LINE
8
BLACK
6
CONTINUOUS
10
1.1191642913385826
20
-0.4255603937007874
11
1.1192210236220472
21
-0.4261364566929134
0
LINE
8
BLACK
6
CONTINUOUS
10
1.1192210236220472
20
-0.4261364566929134
11
1.1192210236220472
21
-0.4336355118110236
0
LINE
8
BLACK
6
CONTINUOUS
10
1.1192210236220472
20
-0.4336355118110236
11
1.1191642913385826
21
-0.4342115748031496
0
LINE
8
BLACK
6
CONTINUOUS
10
1.1191642913385826
20
-0.4342115748031496
11
1.1191237007874015
21
-0.4343095275590551
0
LINE
8
BLACK
6
CONTINUOUS
10
1.1191237007874015
20
-0.4343095275590551
11
1.1191161811023622
21
-0.4344154330708661
0
LINE
8
BLACK
6
CONTINUOUS
10
1.1191161811023622
20
-0.4344154330708661
11
1.1189092913385827
21
-0.4349560236220472
0
LINE
8
BLACK
6
CONTINUOUS
10
1.1189092913385827
20
-0.4349560236220472
11
1.1170345275590552
21
-0.4387055511811023
0
LINE
8
BLACK
6
CONTINUOUS
10
1.1170345275590552
20
-0.4387055511811023
11
1.1168784645669292
21
-0.4389534251968504
0
LINE
8
BLACK
6
CONTINUOUS
10
1.1168784645669292
20
-0.4389534251968504
11
1.1168486614173228
21
-0.4390254724409449
0
LINE
8
BLACK
6
CONTINUOUS
10
1.1168486614173228
20
-0.4390254724409449
11
1.1167821259842519
21
-0.4391064960629921
0
LINE
8
BLACK
6
CONTINUOUS
10
1.1167821259842519
20
-0.4391064960629921
11
1.1167261811023621
21
-0.4391954330708661
0
LINE
8
BLACK
6
CONTINUOUS
10
1.1167261811023621
20
-0.4391954330708661
11
1.1166671653543307
21
-0.4392465748031496
0
LINE
8
BLACK
6
CONTINUOUS
10
1.1166671653543307
20
-0.4392465748031496
11
1.1164814173228346
21
-0.4394729527559055
0
LINE
8
BLACK
6
CONTINUOUS
10
1.1164814173228346
20
-0.4394729527559055
11
1.1146066929133858
21
-0.4413477165354331
0
LINE
8
BLACK
6
CONTINUOUS
10
1.1146066929133858
20
-0.4413477165354331
11
1.1143803149606299
21
-0.4415334645669291
0
LINE
8
BLACK
6
CONTINUOUS
10
1.1143803149606299
20
-0.4415334645669291
11
1.1143291338582677
21
-0.4415925196850394
0
LINE
8
BLACK
6
CONTINUOUS
10
1.1143291338582677
20
-0.4415925196850394
11
1.1142401574803149
21
-0.4416485039370079
0
LINE
8
BLACK
6
CONTINUOUS
10
1.1142401574803149
20
-0.4416485039370079
11
1.1141592125984252
21
-0.4417149606299213
0
LINE
8
BLACK
6
CONTINUOUS
10
1.1141592125984252
20
-0.4417149606299213
11
1.1140872440944882
21
-0.4417447637795275
0
LINE
8
BLACK
6
CONTINUOUS
10
1.1140872440944882
20
-0.4417447637795275
11
1.1138392519685039
21
-0.4419008661417323
0
LINE
8
BLACK
6
CONTINUOUS
10
1.1138392519685039
20
-0.4419008661417323
11
1.1100897244094488
21
-0.4437756299212599
0
LINE
8
BLACK
6
CONTINUOUS
10
1.1100897244094488
20
-0.4437756299212599
11
1.1095490944881889
21
-0.4439825196850394
0
LINE
8
BLACK
6
CONTINUOUS
10
1.1095490944881889
20
-0.4439825196850394
11
1.1094432677165353
21
-0.44399
0
LINE
8
BLACK
6
CONTINUOUS
10
1.1094432677165353
20
-0.44399
11
1.1093452755905511
21
-0.4440306299212599
0
LINE
8
BLACK
6
CONTINUOUS
10
1.1093452755905511
20
-0.4440306299212599
11
1.1087692125984252
21
-0.4440873622047244
0
LINE
8
BLACK
6
CONTINUOUS
10
1.1087692125984252
20
-0.4440873622047244
11
1.101270157480315
21
-0.4440873622047244
0
LINE
8
BLACK
6
CONTINUOUS
10
1.101270157480315
20
-0.4440873622047244
11
1.1006940944881889
21
-0.4440306299212599
0
LINE
8
BLACK
6
CONTINUOUS
10
1.1006940944881889
20
-0.4440306299212599
11
1.1005961023622046
21
-0.4439900393700787
0
LINE
8
BLACK
6
CONTINUOUS
10
1.1005961023622046
20
-0.4439900393700787
11
1.1004902362204725
21
-0.4439825196850394
0
LINE
8
BLACK
6
CONTINUOUS
10
1.1004902362204725
20
-0.4439825196850394
11
1.0999496456692912
21
-0.4437756299212599
0
LINE
8
BLACK
6
CONTINUOUS
10
1.0999496456692912
20
-0.4437756299212599
11
1.0962001181102361
21
-0.4419008661417323
0
LINE
8
BLACK
6
CONTINUOUS
10
1.0962001181102361
20
-0.4419008661417323
11
1.0959520866141732
21
-0.4417447637795275
0
LINE
8
BLACK
6
CONTINUOUS
10
1.0959520866141732
20
-0.4417447637795275
11
1.095880157480315
21
-0.4417149606299213
0
LINE
8
BLACK
6
CONTINUOUS
10
1.095880157480315
20
-0.4417149606299213
11
1.0957991732283465
21
-0.4416485039370079
0
LINE
8
BLACK
6
CONTINUOUS
10
1.0957991732283465
20
-0.4416485039370079
11
1.0957102362204725
21
-0.4415925196850394
0
LINE
8
BLACK
6
CONTINUOUS
10
1.0957102362204725
20
-0.4415925196850394
11
1.0956590157480315
21
-0.4415334645669291
0
LINE
8
BLACK
6
CONTINUOUS
10
1.0956590157480315
20
-0.4415334645669291
11
1.0954326771653542
21
-0.4413477165354331
0
LINE
8
BLACK
6
CONTINUOUS
10
1.0954326771653542
20
-0.4413477165354331
11
1.0935579133858266
21
-0.4394729133858268
0
LINE
8
BLACK
6
CONTINUOUS
10
1.0935579133858266
20
-0.4394729133858268
11
1.0933721653543307
21
-0.4392465748031496
0
LINE
8
BLACK
6
CONTINUOUS
10
1.0933721653543307
20
-0.4392465748031496
11
1.0933131889763779
21
-0.4391954330708661
0
LINE
8
BLACK
6
CONTINUOUS
10
1.0933131889763779
20
-0.4391954330708661
11
1.0932572047244093
21
-0.4391064960629921
0
LINE
8
BLACK
6
CONTINUOUS
10
1.0932572047244093
20
-0.4391064960629921
11
1.0931907086614172
21
-0.4390254724409449
0
LINE
8
BLACK
6
CONTINUOUS
10
1.0931907086614172
20
-0.4390254724409449
11
1.0931608661417322
21
-0.4389534251968504
0
LINE
8
BLACK
6
CONTINUOUS
10
1.0931608661417322
20
-0.4389534251968504
11
1.093004842519685
21
-0.4387055511811023
0
LINE
8
BLACK
6
CONTINUOUS
10
1.093004842519685
20
-0.4387055511811023
11
1.0911300787401574
21
-0.4349560236220472
0
LINE
8
BLACK
6
CONTINUOUS
10
1.0911300787401574
20
-0.4349560236220472
11
1.090923188976378
21
-0.4344153937007874
0
LINE
8
BLACK
6
CONTINUOUS
10
1.090923188976378
20
-0.4344153937007874
11
1.0909156692913387
21
-0.4343095669291339
0
LINE
8
BLACK
6
CONTINUOUS
10
1.0909156692913387
20
-0.4343095669291339
11
1.0908750787401575
21
-0.4342115748031496
0
LINE
8
BLACK
6
CONTINUOUS
10
1.0908750787401575
20
-0.4342115748031496
11
1.090818346456693
21
-0.4336355118110236
0
LINE
8
BLACK
6
CONTINUOUS
10
1.090818346456693
20
-0.4336355118110236
11
1.090818346456693
21
-0.4261364566929134
0
LINE
8
BLACK
6
CONTINUOUS
10
1.090818346456693
20
-0.4261364566929134
11
1.0908750787401575
21
-0.4255603937007874
0
LINE
8
BLACK
6
CONTINUOUS
10
1.0908750787401575
20
-0.4255603937007874
11
1.0909156692913387
21
-0.4254623622047244
0
LINE
8
BLACK
6
CONTINUOUS
10
1.0909156692913387
20
-0.4254623622047244
11
1.090923188976378
21
-0.4253565748031496
0
LINE
8
BLACK
6
CONTINUOUS
10
1.090923188976378
20
-0.4253565748031496
11
1.0911300787401574
21
-0.4248159448818897
0
LINE
8
BLACK
6
CONTINUOUS
10
1.0911300787401574
20
-0.4248159448818897
11
1.093004842519685
21
-0.4210664173228346
0
LINE
8
BLACK
6
CONTINUOUS
10
1.093004842519685
20
-0.4210664173228346
11
1.093160905511811
21
-0.4208183858267717
0
LINE
8
BLACK
6
CONTINUOUS
10
1.093160905511811
20
-0.4208183858267717
11
1.093190748031496
21
-0.4207464566929134
0
LINE
8
BLACK
6
CONTINUOUS
10
1.093190748031496
20
-0.4207464566929134
11
1.0932572047244093
21
-0.4206654724409449
0
LINE
8
BLACK
6
CONTINUOUS
10
1.0932572047244093
20
-0.4206654724409449
11
1.0933131889763779
21
-0.4205765354330708
0
LINE
8
BLACK
6
CONTINUOUS
10
1.0933131889763779
20
-0.4205765354330708
11
1.0933721653543307
21
-0.4205253543307086
0
LINE
8
BLACK
6
CONTINUOUS
10
1.0933721653543307
20
-0.4205253543307086
11
1.0935579527559054
21
-0.4202990157480315
0
LINE
8
BLACK
6
CONTINUOUS
10
1.0935579527559054
20
-0.4202990157480315
11
1.0952195669291338
21
-0.4186374015748031
0
LINE
8
BLACK
6
CONTINUOUS
10
1.0952195669291338
20
-0.4186374015748031
11
1.0935579527559054
21
-0.4169757874015748
0
LINE
8
BLACK
6
CONTINUOUS
10
1.0935579527559054
20
-0.4169757874015748
11
1.0933721653543307
21
-0.4167494094488189
0
LINE
8
BLACK
6
CONTINUOUS
10
1.0933721653543307
20
-0.4167494094488189
11
1.0933131889763779
21
-0.4166982677165354
0
LINE
8
BLACK
6
CONTINUOUS
10
1.0933131889763779
20
-0.4166982677165354
11
1.0932572047244093
21
-0.4166092913385827
0
LINE
8
BLACK
6
CONTINUOUS
10
1.0932572047244093
20
-0.4166092913385827
11
1.093190748031496
21
-0.4165283464566929
0
LINE
8
BLACK
6
CONTINUOUS
10
1.093190748031496
20
-0.4165283464566929
11
1.093160905511811
21
-0.4164563779527559
0
LINE
8
BLACK
6
CONTINUOUS
10
1.093160905511811
20
-0.4164563779527559
11
1.093004842519685
21
-0.4162083858267717
0
LINE
8
BLACK
6
CONTINUOUS
10
1.093004842519685
20
-0.4162083858267717
11
1.0911300787401574
21
-0.4124588582677165
0
LINE
8
BLACK
6
CONTINUOUS
10
1.0911300787401574
20
-0.4124588582677165
11
1.090923188976378
21
-0.4119182283464567
0
LINE
8
BLACK
6
CONTINUOUS
10
1.090923188976378
20
-0.4119182283464567
11
1.0909156692913387
21
-0.4118124015748031
0
LINE
8
BLACK
6
CONTINUOUS
10
1.0909156692913387
20
-0.4118124015748031
11
1.0908750787401575
21
-0.4117144094488189
0
LINE
8
BLACK
6
CONTINUOUS
10
1.0908750787401575
20
-0.4117144094488189
11
1.090818346456693
21
-0.4111383464566929
0
LINE
8
BLACK
6
CONTINUOUS
10
1.090818346456693
20
-0.4111383464566929
11
1.090818346456693
21
-0.4092635826771653
0
LINE
8
BLACK
6
CONTINUOUS
10
1.090818346456693
20
-0.4092635826771653
11
1.0908750787401575
21
-0.4086875196850394
0
LINE
8
BLACK
6
CONTINUOUS
10
1.0908750787401575
20
-0.4086875196850394
11
1.0909156692913387
21
-0.4085894881889764
0
LINE
8
BLACK
6
CONTINUOUS
10
1.0909156692913387
20
-0.4085894881889764
11
1.090923188976378
21
-0.4084837007874015
0
LINE
8
BLACK
6
CONTINUOUS
10
1.090923188976378
20
-0.4084837007874015
11
1.0911300787401574
21
-0.4079430708661417
0
LINE
8
BLACK
6
CONTINUOUS
10
1.0911300787401574
20
-0.4079430708661417
11
1.093004842519685
21
-0.4041935433070866
0
LINE
8
BLACK
6
CONTINUOUS
10
1.093004842519685
20
-0.4041935433070866
11
1.093160905511811
21
-0.4039455118110236
0
LINE
8
BLACK
6
CONTINUOUS
10
1.093160905511811
20
-0.4039455118110236
11
1.093190748031496
21
-0.4038735826771653
0
LINE
8
BLACK
6
CONTINUOUS
10
1.093190748031496
20
-0.4038735826771653
11
1.0932572047244093
21
-0.4037925984251968
0
LINE
8
BLACK
6
CONTINUOUS
10
1.0932572047244093
20
-0.4037925984251968
11
1.0933131889763779
21
-0.4037036614173228
0
LINE
8
BLACK
6
CONTINUOUS
10
1.0933131889763779
20
-0.4037036614173228
11
1.0933721653543307
21
-0.4036524803149606
0
LINE
8
BLACK
6
CONTINUOUS
10
1.0933721653543307
20
-0.4036524803149606
11
1.0935579527559054
21
-0.4034261417322835
0
LINE
8
BLACK
6
CONTINUOUS
10
1.0935579527559054
20
-0.4034261417322835
11
1.0954327165354329
21
-0.4015513779527559
0
LINE
8
BLACK
6
CONTINUOUS
10
1.0954327165354329
20
-0.4015513779527559
11
1.0956590551181102
21
-0.4013655905511811
0
LINE
8
BLACK
6
CONTINUOUS
10
1.0956590551181102
20
-0.4013655905511811
11
1.0957102362204725
21
-0.4013066141732283
0
LINE
8
BLACK
6
CONTINUOUS
10
1.0957102362204725
20
-0.4013066141732283
11
1.0957991732283465
21
-0.4012506299212598
0
LINE
8
BLACK
6
CONTINUOUS
10
1.0957991732283465
20
-0.4012506299212598
11
1.095880157480315
21
-0.4011841732283464
0
LINE
8
BLACK
6
CONTINUOUS
10
1.095880157480315
20
-0.4011841732283464
11
1.0959520866141732
21
-0.4011543307086614
0
LINE
8
BLACK
6
CONTINUOUS
10
1.0959520866141732
20
-0.4011543307086614
11
1.0962001181102361
21
-0.4009982677165354
0
LINE
8
BLACK
6
CONTINUOUS
10
1.0962001181102361
20
-0.4009982677165354
11
1.0999496456692912
21
-0.3991235039370079
0
LINE
8
BLACK
6
CONTINUOUS
10
1.0999496456692912
20
-0.3991235039370079
11
1.1004902362204725
21
-0.3989166141732283
0
LINE
8
BLACK
6
CONTINUOUS
10
1.1004902362204725
20
-0.3989166141732283
11
1.1005961023622046
21
-0.3989090551181102
0
LINE
8
BLACK
6
CONTINUOUS
10
1.1005961023622046
20
-0.3989090551181102
11
1.1006940944881889
21
-0.3988685039370078
0
LINE
8
BLACK
6
CONTINUOUS
10
1.1006940944881889
20
-0.3988685039370078
11
1.101270157480315
21
-0.3988117716535433
0
LINE
8
BLACK
6
CONTINUOUS
10
1.101270157480315
20
-0.3988117716535433
11
1.1087692125984252
21
-0.3988117716535433
0
LINE
8
BLACK
6
CONTINUOUS
10
1.1087692125984252
20
-0.3988117716535433
11
1.1093452755905511
21
-0.3988685039370078
0
LINE
8
BLACK
6
CONTINUOUS
10
1.0992697244094487
20
-0.4229388976377952
11
1.0980725984251969
21
-0.4241360236220472
0
LINE
8
BLACK
6
CONTINUOUS
10
1.0980725984251969
20
-0.4241360236220472
11
1.0967238582677166
21
-0.4268335039370079
0
LINE
8
BLACK
6
CONTINUOUS
10
1.0967238582677166
20
-0.4268335039370079
11
1.0967238582677166
21
-0.4329384645669291
0
LINE
8
BLACK
6
CONTINUOUS
10
1.0967238582677166
20
-0.4329384645669291
11
1.0980725984251969
21
-0.4356359448818898
0
LINE
8
BLACK
6
CONTINUOUS
10
1.0980725984251969
20
-0.4356359448818898
11
1.0992697244094487
21
-0.4368331102362205
0
LINE
8
BLACK
6
CONTINUOUS
10
1.0992697244094487
20
-0.4368331102362205
11
1.1019672047244093
21
-0.4381818503937008
0
LINE
8
BLACK
6
CONTINUOUS
10
1.1019672047244093
20
-0.4381818503937008
11
1.1080721653543306
21
-0.4381818503937008
0
LINE
8
BLACK
6
CONTINUOUS
10
1.1080721653543306
20
-0.4381818503937008
11
1.1107696062992125
21
-0.4368331102362205
0
LINE
8
BLACK
6
CONTINUOUS
10
1.1107696062992125
20
-0.4368331102362205
11
1.1119667322834645
21
-0.4356359448818898
0
LINE
8
BLACK
6
CONTINUOUS
10
1.1119667322834645
20
-0.4356359448818898
11
1.1133155118110236
21
-0.4329384645669291
0
LINE
8
BLACK
6
CONTINUOUS
10
1.1133155118110236
20
-0.4329384645669291
11
1.1133155118110236
21
-0.4268335039370079
0
LINE
8
BLACK
6
CONTINUOUS
10
1.1133155118110236
20
-0.4268335039370079
11
1.1119667716535433
21
-0.4241360236220472
0
LINE
8
BLACK
6
CONTINUOUS
10
1.1119667716535433
20
-0.4241360236220472
11
1.1107696456692913
21
-0.4229388976377952
0
LINE
8
BLACK
6
CONTINUOUS
10
1.1107696456692913
20
-0.4229388976377952
11
1.1080721653543306
21
-0.421590157480315
0
LINE
8
BLACK
6
CONTINUOUS
10
1.1080721653543306
20
-0.421590157480315
11
1.1019672047244093
21
-0.421590157480315
0
LINE
8
BLACK
6
CONTINUOUS
10
1.1019672047244093
20
-0.421590157480315
11
1.0992697244094487
21
-0.4229388976377952
0
LINE
8
BLACK
6
CONTINUOUS
10
1.0992697244094487
20
-0.4060660236220472
11
1.0980725984251969
21
-0.4072631496062992
0
LINE
8
BLACK
6
CONTINUOUS
10
1.0980725984251969
20
-0.4072631496062992
11
1.0967238582677166
21
-0.4099606299212598
0
LINE
8
BLACK
6
CONTINUOUS
10
1.0967238582677166
20
-0.4099606299212598
11
1.0967238582677166
21
-0.4104412992125984
0
LINE
8
BLACK
6
CONTINUOUS
10
1.0967238582677166
20
-0.4104412992125984
11
1.0980725984251969
21
-0.4131387795275591
0
LINE
8
BLACK
6
CONTINUOUS
10
1.0980725984251969
20
-0.4131387795275591
11
1.0992697244094487
21
-0.414335905511811
0
LINE
8
BLACK
6
CONTINUOUS
10
1.0992697244094487
20
-0.414335905511811
11
1.1019672047244093
21
-0.4156846456692913
0
LINE
8
BLACK
6
CONTINUOUS
10
1.1019672047244093
20
-0.4156846456692913
11
1.1080721653543306
21
-0.4156846456692913
0
LINE
8
BLACK
6
CONTINUOUS
10
1.1080721653543306
20
-0.4156846456692913
11
1.1107696456692913
21
-0.414335905511811
0
LINE
8
BLACK
6
CONTINUOUS
10
1.1107696456692913
20
-0.414335905511811
11
1.1119667716535433
21
-0.4131387795275591
0
LINE
8
BLACK
6
CONTINUOUS
10
1.1119667716535433
20
-0.4131387795275591
11
1.1133155118110236
21
-0.4104412992125984
0
LINE
8
BLACK
6
CONTINUOUS
10
1.1133155118110236
20
-0.4104412992125984
11
1.1133155118110236
21
-0.4099606299212598
0
LINE
8
BLACK
6
CONTINUOUS
10
1.1133155118110236
20
-0.4099606299212598
11
1.1119667716535433
21
-0.4072631496062992
0
LINE
8
BLACK
6
CONTINUOUS
10
1.1119667716535433
20
-0.4072631496062992
11
1.1107696456692913
21
-0.4060660236220472
0
LINE
8
BLACK
6
CONTINUOUS
10
1.1107696456692913
20
-0.4060660236220472
11
1.1080721653543306
21
-0.4047172834645669
0
LINE
8
BLACK
6
CONTINUOUS
10
1.1080721653543306
20
-0.4047172834645669
11
1.1019672047244093
21
-0.4047172834645669
0
LINE
8
BLACK
6
CONTINUOUS
10
1.1019672047244093
20
-0.4047172834645669
11
1.0992697244094487
21
-0.4060660236220472
0
LINE
8
BLACK
6
CONTINUOUS
10
1.1524648818897638
20
-0.3988685039370078
11
1.1535292913385826
21
-0.3993094094488189
0
LINE
8
BLACK
6
CONTINUOUS
10
1.1535292913385826
20
-0.3993094094488189
11
1.1543439370078741
21
-0.4001240551181102
0
LINE
8
BLACK
6
CONTINUOUS
10
1.1543439370078741
20
-0.4001240551181102
11
1.1547848425196849
21
-0.4011884645669291
0
LINE
8
BLACK
6
CONTINUOUS
10
1.1547848425196849
20
-0.4011884645669291
11
1.1547848425196849
21
-0.4023405905511811
0
LINE
8
BLACK
6
CONTINUOUS
10
1.1547848425196849
20
-0.4023405905511811
11
1.1543439370078741
21
-0.403405
0
LINE
8
BLACK
6
CONTINUOUS
10
1.1543439370078741
20
-0.403405
11
1.1535292913385826
21
-0.4042196456692913
0
LINE
8
BLACK
6
CONTINUOUS
10
1.1535292913385826
20
-0.4042196456692913
11
1.1524648818897638
21
-0.4046605511811023
0
LINE
8
BLACK
6
CONTINUOUS
10
1.1524648818897638
20
-0.4046605511811023
11
1.1518888188976377
21
-0.4047172834645669
0
LINE
8
BLACK
6
CONTINUOUS
10
1.1518888188976377
20
-0.4047172834645669
11
1.1358133858267716
21
-0.4047172834645669
0
LINE
8
BLACK
6
CONTINUOUS
10
1.1358133858267716
20
-0.4047172834645669
11
1.1348362598425197
21
-0.4144885433070866
0
LINE
8
BLACK
6
CONTINUOUS
10
1.1348362598425197
20
-0.4144885433070866
11
1.1355701968503937
21
-0.4141216141732283
0
LINE
8
BLACK
6
CONTINUOUS
10
1.1355701968503937
20
-0.4141216141732283
11
1.1361107874015748
21
-0.4139147244094488
0
LINE
8
BLACK
6
CONTINUOUS
10
1.1361107874015748
20
-0.4139147244094488
11
1.1362166535433071
21
-0.4139071653543307
0
LINE
8
BLACK
6
CONTINUOUS
10
1.1362166535433071
20
-0.4139071653543307
11
1.1363146456692914
21
-0.4138666141732283
0
LINE
8
BLACK
6
CONTINUOUS
10
1.1363146456692914
20
-0.4138666141732283
11
1.1368907086614173
21
-0.4138098818897638
0
LINE
8
BLACK
6
CONTINUOUS
10
1.1368907086614173
20
-0.4138098818897638
11
1.1462645275590551
21
-0.4138098818897638
0
LINE
8
BLACK
6
CONTINUOUS
10
1.1462645275590551
20
-0.4138098818897638
11
1.1468405905511811
21
-0.4138666141732283
0
LINE
8
BLACK
6
CONTINUOUS
10
1.1468405905511811
20
-0.4138666141732283
11
1.1469385826771654
21
-0.4139072047244094
0
LINE
8
BLACK
6
CONTINUOUS
10
1.1469385826771654
20
-0.4139072047244094
11
1.1470444094488188
21
-0.4139147244094488
0
LINE
8
BLACK
6
CONTINUOUS
10
1.1470444094488188
20
-0.4139147244094488
11
1.1475850393700786
21
-0.4141216141732283
0
LINE
8
BLACK
6
CONTINUOUS
10
1.1475850393700786
20
-0.4141216141732283
11
1.1513345669291339
21
-0.4159963779527559
0
LINE
8
BLACK
6
CONTINUOUS
10
1.1513345669291339
20
-0.4159963779527559
11
1.1515825590551181
21
-0.4161524409448819
0
LINE
8
BLACK
6
CONTINUOUS
10
1.1515825590551181
20
-0.4161524409448819
11
1.1516545275590551
21
-0.4161822834645669
0
LINE
8
BLACK
6
CONTINUOUS
10
1.1516545275590551
20
-0.4161822834645669
11
1.1517354724409448
21
-0.4162487401574803
0
LINE
8
BLACK
6
CONTINUOUS
10
1.1517354724409448
20
-0.4162487401574803
11
1.1518244488188976
21
-0.4163047244094488
0
LINE
8
BLACK
6
CONTINUOUS
10
1.1518244488188976
20
-0.4163047244094488
11
1.1518755905511811
21
-0.4163637007874016
0
LINE
8
BLACK
6
CONTINUOUS
10
1.1518755905511811
20
-0.4163637007874016
11
1.1521019685039371
21
-0.4165494881889764
0
LINE
8
BLACK
6
CONTINUOUS
10
1.1521019685039371
20
-0.4165494881889764
11
1.1539767322834646
21
-0.4184242519685039
0
LINE
8
BLACK
6
CONTINUOUS
10
1.1539767322834646
20
-0.4184242519685039
11
1.1541624803149606
21
-0.4186505905511811
0
LINE
8
BLACK
6
CONTINUOUS
10
1.1541624803149606
20
-0.4186505905511811
11
1.1542214960629922
21
-0.4187017716535433
0
LINE
8
BLACK
6
CONTINUOUS
10
1.1542214960629922
20
-0.4187017716535433
11
1.1542774409448819
21
-0.4187907086614173
0
LINE
8
BLACK
6
CONTINUOUS
10
1.1542774409448819
20
-0.4187907086614173
11
1.1543439370078741
21
-0.4188716929133858
0
LINE
8
BLACK
6
CONTINUOUS
10
1.1543439370078741
20
-0.4188716929133858
11
1.1543737401574803
21
-0.4189436220472441
0
LINE
8
BLACK
6
CONTINUOUS
10
1.1543737401574803
20
-0.4189436220472441
11
1.154529842519685
21
-0.4191916535433071
0
LINE
8
BLACK
6
CONTINUOUS
10
1.154529842519685
20
-0.4191916535433071
11
1.1564046062992126
21
-0.4229411811023622
0
LINE
8
BLACK
6
CONTINUOUS
10
1.1564046062992126
20
-0.4229411811023622
11
1.1566114960629921
21
-0.4234817716535433
0
LINE
8
BLACK
6
CONTINUOUS
10
1.1566114960629921
20
-0.4234817716535433
11
1.1566190157480314
21
-0.4235876377952756
0
LINE
8
BLACK
6
CONTINUOUS
10
1.1566190157480314
20
-0.4235876377952756
11
1.1566596062992125
21
-0.4236856299212599
0
LINE
8
BLACK
6
CONTINUOUS
10
1.1566596062992125
20
-0.4236856299212599
11
1.1567163385826771
21
-0.4242616929133858
0
LINE
8
BLACK
6
CONTINUOUS
10
1.1567163385826771
20
-0.4242616929133858
11
1.1567163385826771
21
-0.4336355118110236
0
LINE
8
BLACK
6
CONTINUOUS
10
1.1567163385826771
20
-0.4336355118110236
11
1.1566596062992125
21
-0.4342115748031496
0
LINE
8
BLACK
6
CONTINUOUS
10
1.1566596062992125
20
-0.4342115748031496
11
1.1566190157480314
21
-0.4343095275590551
0
LINE
8
BLACK
6
CONTINUOUS
10
1.1566190157480314
20
-0.4343095275590551
11
1.1566114960629921
21
-0.4344154330708661
0
LINE
8
BLACK
6
CONTINUOUS
10
1.1566114960629921
20
-0.4344154330708661
11
1.1564046062992126
21
-0.4349560236220472
0
LINE
8
BLACK
6
CONTINUOUS
10
1.1564046062992126
20
-0.4349560236220472
11
1.154529842519685
21
-0.4387055511811023
0
LINE
8
BLACK
6
CONTINUOUS
10
1.154529842519685
20
-0.4387055511811023
11
1.154373779527559
21
-0.4389534251968504
0
LINE
8
BLACK
6
CONTINUOUS
10
1.154373779527559
20
-0.4389534251968504
11
1.1543439763779528
21
-0.4390254724409449
0
LINE
8
BLACK
6
CONTINUOUS
10
1.1543439763779528
20
-0.4390254724409449
11
1.1542774409448819
21
-0.4391064960629921
0
LINE
8
BLACK
6
CONTINUOUS
10
1.1542774409448819
20
-0.4391064960629921
11
1.1542214960629922
21
-0.4391954330708661
0
LINE
8
BLACK
6
CONTINUOUS
10
1.1542214960629922
20
-0.4391954330708661
11
1.1541624803149606
21
-0.4392465748031496
0
LINE
8
BLACK
6
CONTINUOUS
10
1.1541624803149606
20
-0.4392465748031496
11
1.1539767322834646
21
-0.4394729527559055
0
LINE
8
BLACK
6
CONTINUOUS
10
1.1539767322834646
20
-0.4394729527559055
11
1.1521020078740156
21
-0.4413477165354331
0
LINE
8
BLACK
6
CONTINUOUS
10
1.1521020078740156
20
-0.4413477165354331
11
1.1518756299212598
21
-0.4415334645669291
0
LINE
8
BLACK
6
CONTINUOUS
10
1.1518756299212598
20
-0.4415334645669291
11
1.1518244488188976
21
-0.4415925196850394
0
LINE
8
BLACK
6
CONTINUOUS
10
1.1518244488188976
20
-0.4415925196850394
11
1.1517354724409448
21
-0.4416485039370079
0
LINE
8
BLACK
6
CONTINUOUS
10
1.1517354724409448
20
-0.4416485039370079
11
1.1516545275590551
21
-0.4417149606299213
0
LINE
8
BLACK
6
CONTINUOUS
10
1.1516545275590551
20
-0.4417149606299213
11
1.1515825590551181
21
-0.4417447637795275
0
LINE
8
BLACK
6
CONTINUOUS
10
1.1515825590551181
20
-0.4417447637795275
11
1.1513345669291339
21
-0.4419008661417323
0
LINE
8
BLACK
6
CONTINUOUS
10
1.1513345669291339
20
-0.4419008661417323
11
1.1475850393700786
21
-0.4437756299212599
0
LINE
8
BLACK
6
CONTINUOUS
10
1.1475850393700786
20
-0.4437756299212599
11
1.1470444094488188
21
-0.4439825196850394
0
LINE
8
BLACK
6
CONTINUOUS
10
1.1470444094488188
20
-0.4439825196850394
11
1.1469385826771654
21
-0.44399
0
LINE
8
BLACK
6
CONTINUOUS
10
1.1469385826771654
20
-0.44399
11
1.1468405905511811
21
-0.4440306299212599
0
LINE
8
BLACK
6
CONTINUOUS
10
1.1468405905511811
20
-0.4440306299212599
11
1.1462645275590551
21
-0.4440873622047244
0
LINE
8
BLACK
6
CONTINUOUS
10
1.1462645275590551
20
-0.4440873622047244
11
1.1368907086614173
21
-0.4440873622047244
0
LINE
8
BLACK
6
CONTINUOUS
10
1.1368907086614173
20
-0.4440873622047244
11
1.1363146456692914
21
-0.4440306299212599
0
LINE
8
BLACK
6
CONTINUOUS
10
1.1363146456692914
20
-0.4440306299212599
11
1.1362166535433071
21
-0.4439900393700787
0
LINE
8
BLACK
6
CONTINUOUS
10
1.1362166535433071
20
-0.4439900393700787
11
1.1361107874015748
21
-0.4439825196850394
0
LINE
8
BLACK
6
CONTINUOUS
10
1.1361107874015748
20
-0.4439825196850394
11
1.1355701968503937
21
-0.4437756299212599
0
LINE
8
BLACK
6
CONTINUOUS
10
1.1355701968503937
20
-0.4437756299212599
11
1.1318206692913386
21
-0.4419008661417323
0
LINE
8
BLACK
6
CONTINUOUS
10
1.1318206692913386
20
-0.4419008661417323
11
1.1315726377952755
21
-0.4417447637795275
0
LINE
8
BLACK
6
CONTINUOUS
10
1.1315726377952755
20
-0.4417447637795275
11
1.1315007086614173
21
-0.4417149606299213
0
LINE
8
BLACK
6
CONTINUOUS
10
1.1315007086614173
20
-0.4417149606299213
11
1.1314197244094488
21
-0.4416485039370079
0
LINE
8
BLACK
6
CONTINUOUS
10
1.1314197244094488
20
-0.4416485039370079
11
1.1313307874015748
21
-0.4415925196850394
0
LINE
8
BLACK
6
CONTINUOUS
10
1.1313307874015748
20
-0.4415925196850394
11
1.1312795669291338
21
-0.4415334645669291
0
LINE
8
BLACK
6
CONTINUOUS
10
1.1312795669291338
20
-0.4415334645669291
11
1.1310532283464567
21
-0.4413477165354331
0
LINE
8
BLACK
6
CONTINUOUS
10
1.1310532283464567
20
-0.4413477165354331
11
1.1291784645669292
21
-0.4394729133858268
0
LINE
8
BLACK
6
CONTINUOUS
10
1.1291784645669292
20
-0.4394729133858268
11
1.1288112598425197
21
-0.4390254724409449
0
LINE
8
BLACK
6
CONTINUOUS
10
1.1288112598425197
20
-0.4390254724409449
11
1.1283703937007874
21
-0.4379610629921259
0
LINE
8
BLACK
6
CONTINUOUS
10
1.1283703937007874
20
-0.4379610629921259
11
1.1283703937007874
21
-0.4368089763779527
0
LINE
8
BLACK
6
CONTINUOUS
10
1.1283703937007874
20
-0.4368089763779527
11
1.1288112992125985
21
-0.4357445669291338
0
LINE
8
BLACK
6
CONTINUOUS
10
1.1288112992125985
20
-0.4357445669291338
11
1.1296259842519685
21
-0.4349298818897638
0
LINE
8
BLACK
6
CONTINUOUS
10
1.1296259842519685
20
-0.4349298818897638
11
1.1306903937007873
21
-0.4344890157480315
0
LINE
8
BLACK
6
CONTINUOUS
10
1.1306903937007873
20
-0.4344890157480315
11
1.1318424803149607
21
-0.4344890157480315
0
LINE
8
BLACK
6
CONTINUOUS
10
1.1318424803149607
20
-0.4344890157480315
11
1.1329068897637795
21
-0.4349299212598425
0
LINE
8
BLACK
6
CONTINUOUS
10
1.1329068897637795
20
-0.4349299212598425
11
1.1333543700787401
21
-0.4352971653543307
0
LINE
8
BLACK
6
CONTINUOUS
10
1.1333543700787401
20
-0.4352971653543307
11
1.1348902755905512
21
-0.4368331102362205
0
LINE
8
BLACK
6
CONTINUOUS
10
1.1348902755905512
20
-0.4368331102362205
11
1.1375877559055119
21
-0.4381818503937008
0
LINE
8
BLACK
6
CONTINUOUS
10
1.1375877559055119
20
-0.4381818503937008
11
1.1455674803149607
21
-0.4381818503937008
0
LINE
8
BLACK
6
CONTINUOUS
10
1.1455674803149607
20
-0.4381818503937008
11
1.1482649212598426
21
-0.4368331102362205
0
LINE
8
BLACK
6
CONTINUOUS
10
1.1482649212598426
20
-0.4368331102362205
11
1.1494620472440944
21
-0.4356359448818898
0
LINE
8
BLACK
6
CONTINUOUS
10
1.1494620472440944
20
-0.4356359448818898
11
1.1508108267716535
21
-0.4329384645669291
0
LINE
8
BLACK
6
CONTINUOUS
10
1.1508108267716535
20
-0.4329384645669291
11
1.1508108267716535
21
-0.4249587401574803
0
LINE
8
BLACK
6
CONTINUOUS
10
1.1508108267716535
20
-0.4249587401574803
11
1.1494620866141732
21
-0.4222612598425197
0
LINE
8
BLACK
6
CONTINUOUS
10
1.1494620866141732
20
-0.4222612598425197
11
1.1482649606299213
21
-0.4210641338582677
0
LINE
8
BLACK
6
CONTINUOUS
10
1.1482649606299213
20
-0.4210641338582677
11
1.1455674803149607
21
-0.4197153937007874
0
LINE
8
BLACK
6
CONTINUOUS
10
1.1455674803149607
20
-0.4197153937007874
11
1.1375877559055119
21
-0.4197153937007874
0
LINE
8
BLACK
6
CONTINUOUS
10
1.1375877559055119
20
-0.4197153937007874
11
1.1348902755905512
21
-0.4210641338582677
0
LINE
8
BLACK
6
CONTINUOUS
10
1.1348902755905512
20
-0.4210641338582677
11
1.1333543307086613
21
-0.4226000787401575
0
LINE
8
BLACK
6
CONTINUOUS
10
1.1333543307086613
20
-0.4226000787401575
11
1.1329068897637795
21
-0.4229672834645669
0
LINE
8
BLACK
6
CONTINUOUS
10
1.1329068897637795
20
-0.4229672834645669
11
1.132769527559055
21
-0.4230241732283465
0
LINE
8
BLACK
6
CONTINUOUS
10
1.132769527559055
20
-0.4230241732283465
11
1.1326544488188977
21
-0.4231183464566929
0
LINE
8
BLACK
6
CONTINUOUS
10
1.1326544488188977
20
-0.4231183464566929
11
1.132241062992126
21
-0.423243031496063
0
LINE
8
BLACK
6
CONTINUOUS
10
1.132241062992126
20
-0.423243031496063
11
1.131842440944882
21
-0.4234081889763779
0
LINE
8
BLACK
6
CONTINUOUS
10
1.131842440944882
20
-0.4234081889763779
11
1.1316938188976378
21
-0.4234081889763779
0
LINE
8
BLACK
6
CONTINUOUS
10
1.1316938188976378
20
-0.4234081889763779
11
1.1315514566929135
21
-0.4234511417322834
0
LINE
8
BLACK
6
CONTINUOUS
10
1.1315514566929135
20
-0.4234511417322834
11
1.1311219291338583
21
-0.4234081889763779
0
LINE
8
BLACK
6
CONTINUOUS
10
1.1311219291338583
20
-0.4234081889763779
11
1.1306903937007873
21
-0.4234081889763779
0
LINE
8
BLACK
6
CONTINUOUS
10
1.1306903937007873
20
-0.4234081889763779
11
1.130553031496063
21
-0.4233512598425197
0
LINE
8
BLACK
6
CONTINUOUS
10
1.130553031496063
20
-0.4233512598425197
11
1.1304050393700786
21
-0.4233364960629921
0
LINE
8
BLACK
6
CONTINUOUS
10
1.1304050393700786
20
-0.4233364960629921
11
1.1300246456692913
21
-0.4231324409448819
0
LINE
8
BLACK
6
CONTINUOUS
10
1.1300246456692913
20
-0.4231324409448819
11
1.1296259448818897
21
-0.4229672834645669
0
LINE
8
BLACK
6
CONTINUOUS
10
1.1296259448818897
20
-0.4229672834645669
11
1.1295207480314959
21
-0.4228620866141732
0
LINE
8
BLACK
6
CONTINUOUS
10
1.1295207480314959
20
-0.4228620866141732
11
1.1293898031496064
21
-0.4227918503937008
0
LINE
8
BLACK
6
CONTINUOUS
10
1.1293898031496064
20
-0.4227918503937008
11
1.1291165354330708
21
-0.422457874015748
0
LINE
8
BLACK
6
CONTINUOUS
10
1.1291165354330708
20
-0.422457874015748
11
1.1288112992125985
21
-0.4221526377952756
0
LINE
8
BLACK
6
CONTINUOUS
10
1.1288112992125985
20
-0.4221526377952756
11
1.1287543700787401
21
-0.4220152755905512
0
LINE
8
BLACK
6
CONTINUOUS
10
1.1287543700787401
20
-0.4220152755905512
11
1.1286602362204725
21
-0.4219001968503937
0
LINE
8
BLACK
6
CONTINUOUS
10
1.1286602362204725
20
-0.4219001968503937
11
1.1285355118110236
21
-0.421486811023622
0
LINE
8
BLACK
6
CONTINUOUS
10
1.1285355118110236
20
-0.421486811023622
11
1.1283703937007874
21
-0.421088188976378
0
LINE
8
BLACK
6
CONTINUOUS
10
1.1283703937007874
20
-0.421088188976378
11
1.1283703937007874
21
-0.4209395275590551
0
LINE
8
BLACK
6
CONTINUOUS
10
1.1283703937007874
20
-0.4209395275590551
11
1.1283274409448818
21
-0.4207972047244095
0
LINE
8
BLACK
6
CONTINUOUS
10
1.1283274409448818
20
-0.4207972047244095
11
1.1283283070866141
21
-0.4202183464566929
0
LINE
8
BLACK
6
CONTINUOUS
10
1.1283283070866141
20
-0.4202183464566929
11
1.1302030708661417
21
-0.4014707086614173
0
LINE
8
BLACK
6
CONTINUOUS
10
1.1302030708661417
20
-0.4014707086614173
11
1.130245157480315
21
-0.401260748031496
0
LINE
8
BLACK
6
CONTINUOUS
10
1.130245157480315
20
-0.401260748031496
11
1.130245157480315
21
-0.4011884645669291
0
LINE
8
BLACK
6
CONTINUOUS
10
1.130245157480315
20
-0.4011884645669291
11
1.1302732283464567
21
-0.4011206299212599
0
LINE
8
BLACK
6
CONTINUOUS
10
1.1302732283464567
20
-0.4011206299212599
11
1.1303168503937007
21
-0.4009031496062992
0
LINE
8
BLACK
6
CONTINUOUS
10
1.1303168503937007
20
-0.4009031496062992
11
1.1305208661417323
21
-0.4005228346456693
0
LINE
8
BLACK
6
CONTINUOUS
10
1.1305208661417323
20
-0.4005228346456693
11
1.130686062992126
21
-0.4001240551181102
0
LINE
8
BLACK
6
CONTINUOUS
10
1.130686062992126
20
-0.4001240551181102
11
1.1307912204724409
21
-0.4000188582677165
0
LINE
8
BLACK
6
CONTINUOUS
10
1.1307912204724409
20
-0.4000188582677165
11
1.1308614960629921
21
-0.3998879133858267
0
LINE
8
BLACK
6
CONTINUOUS
10
1.1308614960629921
20
-0.3998879133858267
11
1.131195433070866
21
-0.3996146456692913
0
LINE
8
BLACK
6
CONTINUOUS
10
1.131195433070866
20
-0.3996146456692913
11
1.1315007086614173
21
-0.3993094094488189
0
LINE
8
BLACK
6
CONTINUOUS
10
1.1315007086614173
20
-0.3993094094488189
11
1.131638031496063
21
-0.3992524803149606
0
LINE
8
BLACK
6
CONTINUOUS
10
1.131638031496063
20
-0.3992524803149606
11
1.1317531496062991
21
-0.3991583464566929
0
LINE
8
BLACK
6
CONTINUOUS
10
1.1317531496062991
20
-0.3991583464566929
11
1.1321664173228345
21
-0.3990336220472441
0
LINE
8
BLACK
6
CONTINUOUS
10
1.1321664173228345
20
-0.3990336220472441
11
1.1325651181102363
21
-0.3988685039370078
0
LINE
8
BLACK
6
CONTINUOUS
10
1.1325651181102363
20
-0.3988685039370078
11
1.1327857874015748
21
-0.3988467322834646
0
LINE
8
BLACK
6
CONTINUOUS
10
1.1327857874015748
20
-0.3988467322834646
11
1.1328561417322833
21
-0.3988255511811024
0
LINE
8
BLACK
6
CONTINUOUS
10
1.1328561417322833
20
-0.3988255511811024
11
1.1329281102362205
21
-0.3988327165354331
0
LINE
8
BLACK
6
CONTINUOUS
10
1.1329281102362205
20
-0.3988327165354331
11
1.1331411811023622
21
-0.3988117716535433
0
LINE
8
BLACK
6
CONTINUOUS
10
1.1331411811023622
20
-0.3988117716535433
11
1.1518888188976377
21
-0.3988117716535433
0
LINE
8
BLACK
6
CONTINUOUS
10
1.1518888188976377
20
-0.3988117716535433
11
1.1524648818897638
21
-0.3988685039370078
0
LINE
8
BLACK
6
CONTINUOUS
10
1.1824611417322834
20
-0.3988685039370078
11
1.1825591338582677
21
-0.398909094488189
0
LINE
8
BLACK
6
CONTINUOUS
10
1.1825591338582677
20
-0.398909094488189
11
1.1826649606299213
21
-0.3989166141732283
0
LINE
8
BLACK
6
CONTINUOUS
10
1.1826649606299213
20
-0.3989166141732283
11
1.1832055905511811
21
-0.3991235039370079
0
LINE
8
BLACK
6
CONTINUOUS
10
1.1832055905511811
20
-0.3991235039370079
11
1.1869551181102362
21
-0.4009982677165354
0
LINE
8
BLACK
6
CONTINUOUS
10
1.1869551181102362
20
-0.4009982677165354
11
1.1872031102362204
21
-0.4011543307086614
0
LINE
8
BLACK
6
CONTINUOUS
10
1.1872031102362204
20
-0.4011543307086614
11
1.1872750787401574
21
-0.4011841732283464
0
LINE
8
BLACK
6
CONTINUOUS
10
1.1872750787401574
20
-0.4011841732283464
11
1.1873560236220473
21
-0.4012506299212598
0
LINE
8
BLACK
6
CONTINUOUS
10
1.1873560236220473
20
-0.4012506299212598
11
1.1874450000000001
21
-0.4013066141732283
0
LINE
8
BLACK
6
CONTINUOUS
10
1.1874450000000001
20
-0.4013066141732283
11
1.1874961417322834
21
-0.4013655905511811
0
LINE
8
BLACK
6
CONTINUOUS
10
1.1874961417322834
20
-0.4013655905511811
11
1.1877225196850394
21
-0.4015513779527559
0
LINE
8
BLACK
6
CONTINUOUS
10
1.1877225196850394
20
-0.4015513779527559
11
1.1895972834645669
21
-0.4034261417322835
0
LINE
8
BLACK
6
CONTINUOUS
10
1.1895972834645669
20
-0.4034261417322835
11
1.1897830314960629
21
-0.4036524803149606
0
LINE
8
BLACK
6
CONTINUOUS
10
1.1897830314960629
20
-0.4036524803149606
11
1.1898420472440945
21
-0.4037036614173228
0
LINE
8
BLACK
6
CONTINUOUS
10
1.1898420472440945
20
-0.4037036614173228
11
1.1898979921259842
21
-0.4037925984251968
0
LINE
8
BLACK
6
CONTINUOUS
10
1.1898979921259842
20
-0.4037925984251968
11
1.1899644881889764
21
-0.4038735826771653
0
LINE
8
BLACK
6
CONTINUOUS
10
1.1899644881889764
20
-0.4038735826771653
11
1.1899942913385826
21
-0.4039455118110236
0
LINE
8
BLACK
6
CONTINUOUS
10
1.1899942913385826
20
-0.4039455118110236
11
1.1901503937007873
21
-0.4041935433070866
0
LINE
8
BLACK
6
CONTINUOUS
10
1.1901503937007873
20
-0.4041935433070866
11
1.1920251574803149
21
-0.4079430708661417
0
LINE
8
BLACK
6
CONTINUOUS
10
1.1920251574803149
20
-0.4079430708661417
11
1.1920412598425196
21
-0.4079851574803149
0
LINE
8
BLACK
6
CONTINUOUS
10
1.1920412598425196
20
-0.4079851574803149
11
1.1920539763779527
21
-0.4080023228346457
0
LINE
8
BLACK
6
CONTINUOUS
10
1.1920539763779527
20
-0.4080023228346457
11
1.1921402755905512
21
-0.4082438976377953
0
LINE
8
BLACK
6
CONTINUOUS
10
1.1921402755905512
20
-0.4082438976377953
11
1.1922320472440944
21
-0.4084836614173228
0
LINE
8
BLACK
6
CONTINUOUS
10
1.1922320472440944
20
-0.4084836614173228
11
1.1922335433070865
21
-0.4085049212598425
0
LINE
8
BLACK
6
CONTINUOUS
10
1.1922335433070865
20
-0.4085049212598425
11
1.1922487401574804
21
-0.4085474409448819
0
LINE
8
BLACK
6
CONTINUOUS
10
1.1922487401574804
20
-0.4085474409448819
11
1.1941235039370079
21
-0.4160464960629921
0
LINE
8
BLACK
6
CONTINUOUS
10
1.1941235039370079
20
-0.4160464960629921
11
1.1941382677165353
21
-0.4161463385826771
0
LINE
8
BLACK
6
CONTINUOUS
10
1.1941382677165353
20
-0.4161463385826771
11
1.1941549212598426
21
-0.4161865748031496
0
LINE
8
BLACK
6
CONTINUOUS
10
1.1941549212598426
20
-0.4161865748031496
11
1.1941762598425196
21
-0.4164035826771653
0
LINE
8
BLACK
6
CONTINUOUS
10
1.1941762598425196
20
-0.4164035826771653
11
1.1942081496062993
21
-0.416619094488189
0
LINE
8
BLACK
6
CONTINUOUS
10
1.1942081496062993
20
-0.416619094488189
11
1.1942017322834646
21
-0.4166620866141732
0
LINE
8
BLACK
6
CONTINUOUS
10
1.1942017322834646
20
-0.4166620866141732
11
1.1942116535433072
21
-0.4167626377952756
0
LINE
8
BLACK
6
CONTINUOUS
10
1.1942116535433072
20
-0.4167626377952756
11
1.1942116535433072
21
-0.4261364566929134
0
LINE
8
BLACK
6
CONTINUOUS
10
1.1942116535433072
20
-0.4261364566929134
11
1.1942017322834646
21
-0.426236968503937
0
LINE
8
BLACK
6
CONTINUOUS
10
1.1942017322834646
20
-0.426236968503937
11
1.1942081496062993
21
-0.42628
0
LINE
8
BLACK
6
CONTINUOUS
10
1.1942081496062993
20
-0.42628
11
1.1941762598425196
21
-0.4264954724409449
0
LINE
8
BLACK
6
CONTINUOUS
10
1.1941762598425196
20
-0.4264954724409449
11
1.1941549212598426
21
-0.4267125196850394
0
LINE
8
BLACK
6
CONTINUOUS
10
1.1941549212598426
20
-0.4267125196850394
11
1.1941382677165353
21
-0.4267527165354331
0
LINE
8
BLACK
6
CONTINUOUS
10
1.1941382677165353
20
-0.4267527165354331
11
1.1941235039370079
21
-0.4268525984251968
0
LINE
8
BLACK
6
CONTINUOUS
10
1.1941235039370079
20
-0.4268525984251968
11
1.1922487401574804
21
-0.4343516535433071
0
LINE
8
BLACK
6
CONTINUOUS
10
1.1922487401574804
20
-0.4343516535433071
11
1.1922335433070865
21
-0.4343941338582677
0
LINE
8
BLACK
6
CONTINUOUS
10
1.1922335433070865
20
-0.4343941338582677
11
1.1922320472440944
21
-0.4344154330708661
0
LINE
8
BLACK
6
CONTINUOUS
10
1.1922320472440944
20
-0.4344154330708661
11
1.1921402755905512
21
-0.434655157480315
0
LINE
8
BLACK
6
CONTINUOUS
10
1.1921402755905512
20
-0.434655157480315
11
1.1920539763779527
21
-0.4348967716535433
0
LINE
8
BLACK
6
CONTINUOUS
10
1.1920539763779527
20
-0.4348967716535433
11
1.1920412598425196
21
-0.4349138976377953
0
LINE
8
BLACK
6
CONTINUOUS
10
1.1920412598425196
20
-0.4349138976377953
11
1.1920251574803149
21
-0.4349560236220472
0
LINE
8
BLACK
6
CONTINUOUS
10
1.1920251574803149
20
-0.4349560236220472
11
1.1901503937007873
21
-0.4387055511811023
0
LINE
8
BLACK
6
CONTINUOUS
10
1.1901503937007873
20
-0.4387055511811023
11
1.1899943307086613
21
-0.4389534251968504
0
LINE
8
BLACK
6
CONTINUOUS
10
1.1899943307086613
20
-0.4389534251968504
11
1.1899645275590551
21
-0.4390254724409449
0
LINE
8
BLACK
6
CONTINUOUS
10
1.1899645275590551
20
-0.4390254724409449
11
1.1898979921259842
21
-0.4391064960629921
0
LINE
8
BLACK
6
CONTINUOUS
10
1.1898979921259842
20
-0.4391064960629921
11
1.1898420472440945
21
-0.4391954330708661
0
LINE
8
BLACK
6
CONTINUOUS
10
1.1898420472440945
20
-0.4391954330708661
11
1.1897830314960629
21
-0.4392465748031496
0
LINE
8
BLACK
6
CONTINUOUS
10
1.1897830314960629
20
-0.4392465748031496
11
1.1895972834645669
21
-0.4394729527559055
0
LINE
8
BLACK
6
CONTINUOUS
10
1.1895972834645669
20
-0.4394729527559055
11
1.1877225590551181
21
-0.4413477165354331
0
LINE
8
BLACK
6
CONTINUOUS
10
1.1877225590551181
20
-0.4413477165354331
11
1.1874961811023621
21
-0.4415334645669291
0
LINE
8
BLACK
6
CONTINUOUS
10
1.1874961811023621
20
-0.4415334645669291
11
1.1874450000000001
21
-0.4415925196850394
0
LINE
8
BLACK
6
CONTINUOUS
10
1.1874450000000001
20
-0.4415925196850394
11
1.1873560236220473
21
-0.4416485039370079
0
LINE
8
BLACK
6
CONTINUOUS
10
1.1873560236220473
20
-0.4416485039370079
11
1.1872750787401574
21
-0.4417149606299213
0
LINE
8
BLACK
6
CONTINUOUS
10
1.1872750787401574
20
-0.4417149606299213
11
1.1872031102362204
21
-0.4417447637795275
0
LINE
8
BLACK
6
CONTINUOUS
10
1.1872031102362204
20
-0.4417447637795275
11
1.1869551181102362
21
-0.4419008661417323
0
LINE
8
BLACK
6
CONTINUOUS
10
1.1869551181102362
20
-0.4419008661417323
11
1.1832055905511811
21
-0.4437756299212599
0
LINE
8
BLACK
6
CONTINUOUS
10
1.1832055905511811
20
-0.4437756299212599
11
1.1826649606299213
21
-0.4439825196850394
0
LINE
8
BLACK
6
CONTINUOUS
10
1.1826649606299213
20
-0.4439825196850394
11
1.1825591338582677
21
-0.44399
0
LINE
8
BLACK
6
CONTINUOUS
10
1.1825591338582677
20
-0.44399
11
1.1824611417322834
21
-0.4440306299212599
0
LINE
8
BLACK
6
CONTINUOUS
10
1.1824611417322834
20
-0.4440306299212599
11
1.1818850787401574
21
-0.4440873622047244
0
LINE
8
BLACK
6
CONTINUOUS
10
1.1818850787401574
20
-0.4440873622047244
11
1.1781355511811022
21
-0.4440873622047244
0
LINE
8
BLACK
6
CONTINUOUS
10
1.1781355511811022
20
-0.4440873622047244
11
1.1775594881889764
21
-0.4440306299212599
0
LINE
8
BLACK
6
CONTINUOUS
10
1.1775594881889764
20
-0.4440306299212599
11
1.1774614960629921
21
-0.4439900393700787
0
LINE
8
BLACK
6
CONTINUOUS
10
1.1774614960629921
20
-0.4439900393700787
11
1.1773556299212597
21
-0.4439825196850394
0
LINE
8
BLACK
6
CONTINUOUS
10
1.1773556299212597
20
-0.4439825196850394
11
1.1768150393700787
21
-0.4437756299212599
0
LINE
8
BLACK
6
CONTINUOUS
10
1.1768150393700787
20
-0.4437756299212599
11
1.1730655118110236
21
-0.4419008661417323
0
LINE
8
BLACK
6
CONTINUOUS
10
1.1730655118110236
20
-0.4419008661417323
11
1.1728174803149607
21
-0.4417447637795275
0
LINE
8
BLACK
6
CONTINUOUS
10
1.1728174803149607
20
-0.4417447637795275
11
1.1727455511811022
21
-0.4417149606299213
0
LINE
8
BLACK
6
CONTINUOUS
10
1.1727455511811022
20
-0.4417149606299213
11
1.1726645669291338
21
-0.4416485039370079
0
LINE
8
BLACK
6
CONTINUOUS
10
1.1726645669291338
20
-0.4416485039370079
11
1.1725756299212597
21
-0.4415925196850394
0
LINE
8
BLACK
6
CONTINUOUS
10
1.1725756299212597
20
-0.4415925196850394
11
1.172524409448819
21
-0.4415334645669291
0
LINE
8
BLACK
6
CONTINUOUS
10
1.172524409448819
20
-0.4415334645669291
11
1.1722980708661417
21
-0.4413477165354331
0
LINE
8
BLACK
6
CONTINUOUS
10
1.1722980708661417
20
-0.4413477165354331
11
1.1704233070866141
21
-0.4394729133858268
0
LINE
8
BLACK
6
CONTINUOUS
10
1.1704233070866141
20
-0.4394729133858268
11
1.1702375590551182
21
-0.4392465748031496
0
LINE
8
BLACK
6
CONTINUOUS
10
1.1702375590551182
20
-0.4392465748031496
11
1.1701785826771653
21
-0.4391954330708661
0
LINE
8
BLACK
6
CONTINUOUS
10
1.1701785826771653
20
-0.4391954330708661
11
1.1701225984251968
21
-0.4391064960629921
0
LINE
8
BLACK
6
CONTINUOUS
10
1.1701225984251968
20
-0.4391064960629921
11
1.1700561023622047
21
-0.4390254724409449
0
LINE
8
BLACK
6
CONTINUOUS
10
1.1700561023622047
20
-0.4390254724409449
11
1.1700262598425197
21
-0.4389534251968504
0
LINE
8
BLACK
6
CONTINUOUS
10
1.1700262598425197
20
-0.4389534251968504
11
1.1698702362204725
21
-0.4387055511811023
0
LINE
8
BLACK
6
CONTINUOUS
10
1.1698702362204725
20
-0.4387055511811023
11
1.1679954724409449
21
-0.4349560236220472
0
LINE
8
BLACK
6
CONTINUOUS
10
1.1679954724409449
20
-0.4349560236220472
11
1.1679793307086614
21
-0.4349138976377953
0
LINE
8
BLACK
6
CONTINUOUS
10
1.1679793307086614
20
-0.4349138976377953
11
1.1679666535433071
21
-0.4348967716535433
0
LINE
8
BLACK
6
CONTINUOUS
10
1.1679666535433071
20
-0.4348967716535433
11
1.1678801968503936
21
-0.4346548031496063
0
LINE
8
BLACK
6
CONTINUOUS
10
1.1678801968503936
20
-0.4346548031496063
11
1.1677885826771652
21
-0.4344153937007874
0
LINE
8
BLACK
6
CONTINUOUS
10
1.1677885826771652
20
-0.4344153937007874
11
1.1677870472440945
21
-0.4343941338582677
0
LINE
8
BLACK
6
CONTINUOUS
10
1.1677870472440945
20
-0.4343941338582677
11
1.1677718897637794
21
-0.4343516535433071
0
LINE
8
BLACK
6
CONTINUOUS
10
1.1677718897637794
20
-0.4343516535433071
11
1.1658971259842519
21
-0.4268525984251968
0
LINE
8
BLACK
6
CONTINUOUS
10
1.1658971259842519
20
-0.4268525984251968
11
1.1658823228346455
21
-0.4267527165354331
0
LINE
8
BLACK
6
CONTINUOUS
10
1.1658823228346455
20
-0.4267527165354331
11
1.1658657086614173
21
-0.4267125196850394
0
LINE
8
BLACK
6
CONTINUOUS
10
1.1658657086614173
20
-0.4267125196850394
11
1.1658443307086614
21
-0.4264954724409449
0
LINE
8
BLACK
6
CONTINUOUS
10
1.1658443307086614
20
-0.4264954724409449
11
1.1658124803149605
21
-0.42628
0
LINE
8
BLACK
6
CONTINUOUS
10
1.1658124803149605
20
-0.42628
11
1.1658188582677165
21
-0.426236968503937
0
LINE
8
BLACK
6
CONTINUOUS
10
1.1658188582677165
20
-0.426236968503937
11
1.1658089763779527
21
-0.4261364566929134
0
LINE
8
BLACK
6
CONTINUOUS
10
1.1658089763779527
20
-0.4261364566929134
11
1.1658089763779527
21
-0.4167626377952756
0
LINE
8
BLACK
6
CONTINUOUS
10
1.1658089763779527
20
-0.4167626377952756
11
1.1658188582677165
21
-0.4166620866141732
0
LINE
8
BLACK
6
CONTINUOUS
10
1.1658188582677165
20
-0.4166620866141732
11
1.1658124803149605
21
-0.416619094488189
0
LINE
8
BLACK
6
CONTINUOUS
10
1.1658124803149605
20
-0.416619094488189
11
1.1658443307086614
21
-0.4164035826771653
0
LINE
8
BLACK
6
CONTINUOUS
10
1.1658443307086614
20
-0.4164035826771653
11
1.1658657086614173
21
-0.4161865748031496
0
LINE
8
BLACK
6
CONTINUOUS
10
1.1658657086614173
20
-0.4161865748031496
11
1.1658823228346455
21
-0.4161463385826771
0
LINE
8
BLACK
6
CONTINUOUS
10
1.1658823228346455
20
-0.4161463385826771
11
1.1658971259842519
21
-0.4160464960629921
0
LINE
8
BLACK
6
CONTINUOUS
10
1.1658971259842519
20
-0.4160464960629921
11
1.1677718897637794
21
-0.4085474409448819
0
LINE
8
BLACK
6
CONTINUOUS
10
1.1677718897637794
20
-0.4085474409448819
11
1.1677870472440945
21
-0.4085049212598425
0
LINE
8
BLACK
6
CONTINUOUS
10
1.1677870472440945
20
-0.4085049212598425
11
1.1677885826771652
21
-0.4084837007874015
0
LINE
8
BLACK
6
CONTINUOUS
10
1.1677885826771652
20
-0.4084837007874015
11
1.1678801968503936
21
-0.4082442519685039
0
LINE
8
BLACK
6
CONTINUOUS
10
1.1678801968503936
20
-0.4082442519685039
11
1.1679666535433071
21
-0.4080023228346457
0
LINE
8
BLACK
6
CONTINUOUS
10
1.1679666535433071
20
-0.4080023228346457
11
1.1679793307086614
21
-0.4079851574803149
0
LINE
8
BLACK
6
CONTINUOUS
10
1.1679793307086614
20
-0.4079851574803149
11
1.1679954724409449
21
-0.4079430708661417
0
LINE
8
BLACK
6
CONTINUOUS
10
1.1679954724409449
20
-0.4079430708661417
11
1.1698702362204725
21
-0.4041935433070866
0
LINE
8
BLACK
6
CONTINUOUS
10
1.1698702362204725
20
-0.4041935433070866
11
1.1700262992125985
21
-0.4039455118110236
0
LINE
8
BLACK
6
CONTINUOUS
10
1.1700262992125985
20
-0.4039455118110236
11
1.1700561417322835
21
-0.4038735826771653
0
LINE
8
BLACK
6
CONTINUOUS
10
1.1700561417322835
20
-0.4038735826771653
11
1.1701225984251968
21
-0.4037925984251968
0
LINE
8
BLACK
6
CONTINUOUS
10
1.1701225984251968
20
-0.4037925984251968
11
1.1701785826771653
21
-0.4037036614173228
0
LINE
8
BLACK
6
CONTINUOUS
10
1.1701785826771653
20
-0.4037036614173228
11
1.1702375590551182
21
-0.4036524803149606
0
LINE
8
BLACK
6
CONTINUOUS
10
1.1702375590551182
20
-0.4036524803149606
11
1.1704233464566929
21
-0.4034261417322835
0
LINE
8
BLACK
6
CONTINUOUS
10
1.1704233464566929
20
-0.4034261417322835
11
1.1722981102362204
21
-0.4015513779527559
0
LINE
8
BLACK
6
CONTINUOUS
10
1.1722981102362204
20
-0.4015513779527559
11
1.1725244488188975
21
-0.4013655905511811
0
LINE
8
BLACK
6
CONTINUOUS
10
1.1725244488188975
20
-0.4013655905511811
11
1.1725756299212597
21
-0.4013066141732283
0
LINE
8
BLACK
6
CONTINUOUS
10
1.1725756299212597
20
-0.4013066141732283
11
1.1726645669291338
21
-0.4012506299212598
0
LINE
8
BLACK
6
CONTINUOUS
10
1.1726645669291338
20
-0.4012506299212598
11
1.1727455511811022
21
-0.4011841732283464
0
LINE
8
BLACK
6
CONTINUOUS
10
1.1727455511811022
20
-0.4011841732283464
11
1.1728174803149607
21
-0.4011543307086614
0
LINE
8
BLACK
6
CONTINUOUS
10
1.1728174803149607
20
-0.4011543307086614
11
1.1730655118110236
21
-0.4009982677165354
0
LINE
8
BLACK
6
CONTINUOUS
10
1.1730655118110236
20
-0.4009982677165354
11
1.1768150393700787
21
-0.3991235039370079
0
LINE
8
BLACK
6
CONTINUOUS
10
1.1768150393700787
20
-0.3991235039370079
11
1.1773556299212597
21
-0.3989166141732283
0
LINE
8
BLACK
6
CONTINUOUS
10
1.1773556299212597
20
-0.3989166141732283
11
1.1774614960629921
21
-0.3989090551181102
0
LINE
8
BLACK
6
CONTINUOUS
10
1.1774614960629921
20
-0.3989090551181102
11
1.1775594881889764
21
-0.3988685039370078
0
LINE
8
BLACK
6
CONTINUOUS
10
1.1775594881889764
20
-0.3988685039370078
11
1.1781355511811022
21
-0.3988117716535433
0
LINE
8
BLACK
6
CONTINUOUS
10
1.1781355511811022
20
-0.3988117716535433
11
1.1818850787401574
21
-0.3988117716535433
0
LINE
8
BLACK
6
CONTINUOUS
10
1.1818850787401574
20
-0.3988117716535433
11
1.1824611417322834
21
-0.3988685039370078
0
LINE
8
BLACK
6
CONTINUOUS
10
1.1761351181102362
20
-0.4060660236220472
11
1.1749379921259842
21
-0.4072631496062992
0
LINE
8
BLACK
6
CONTINUOUS
10
1.1749379921259842
20
-0.4072631496062992
11
1.1734224803149607
21
-0.4102941338582677
0
LINE
8
BLACK
6
CONTINUOUS
10
1.1734224803149607
20
-0.4102941338582677
11
1.1717144881889763
21
-0.4171261811023622
0
LINE
8
BLACK
6
CONTINUOUS
10
1.1717144881889763
20
-0.4171261811023622
11
1.1717144881889763
21
-0.4257729133858267
0
LINE
8
BLACK
6
CONTINUOUS
10
1.1717144881889763
20
-0.4257729133858267
11
1.1734224803149607
21
-0.4326049606299213
0
LINE
8
BLACK
6
CONTINUOUS
10
1.1734224803149607
20
-0.4326049606299213
11
1.1749379921259842
21
-0.4356359448818898
0
LINE
8
BLACK
6
CONTINUOUS
10
1.1749379921259842
20
-0.4356359448818898
11
1.1761351181102362
21
-0.4368331102362205
0
LINE
8
BLACK
6
CONTINUOUS
10
1.1761351181102362
20
-0.4368331102362205
11
1.1788325984251968
21
-0.4381818503937008
0
LINE
8
BLACK
6
CONTINUOUS
10
1.1788325984251968
20
-0.4381818503937008
11
1.181188031496063
21
-0.4381818503937008
0
LINE
8
BLACK
6
CONTINUOUS
10
1.181188031496063
20
-0.4381818503937008
11
1.1838854724409449
21
-0.4368331102362205
0
LINE
8
BLACK
6
CONTINUOUS
10
1.1838854724409449
20
-0.4368331102362205
11
1.1850825984251969
21
-0.4356359448818898
0
LINE
8
BLACK
6
CONTINUOUS
10
1.1850825984251969
20
-0.4356359448818898
11
1.1865981102362204
21
-0.4326049606299213
0
LINE
8
BLACK
6
CONTINUOUS
10
1.1865981102362204
20
-0.4326049606299213
11
1.1883061417322833
21
-0.4257729133858267
0
LINE
8
BLACK
6
CONTINUOUS
10
1.1883061417322833
20
-0.4257729133858267
11
1.1883061417322833
21
-0.4171261811023622
0
LINE
8
BLACK
6
CONTINUOUS
10
1.1883061417322833
20
-0.4171261811023622
11
1.1865981102362204
21
-0.4102941338582677
0
LINE
8
BLACK
6
CONTINUOUS
10
1.1865981102362204
20
-0.4102941338582677
11
1.1850826377952757
21
-0.4072631496062992
0
LINE
8
BLACK
6
CONTINUOUS
10
1.1850826377952757
20
-0.4072631496062992
11
1.1838855118110236
21
-0.4060660236220472
0
LINE
8
BLACK
6
CONTINUOUS
10
1.1838855118110236
20
-0.4060660236220472
11
1.181188031496063
21
-0.4047172834645669
0
LINE
8
BLACK
6
CONTINUOUS
10
1.181188031496063
20
-0.4047172834645669
11
1.1788325984251968
21
-0.4047172834645669
0
LINE
8
BLACK
6
CONTINUOUS
10
1.1788325984251968
20
-0.4047172834645669
11
1.1761351181102362
21
-0.4060660236220472
0
LINE
8
BLACK
6
CONTINUOUS
10
1.040323031496063
20
-0.4346315354330709
11
1.0410433464566928
21
-0.4349298818897638
0
LINE
8
BLACK
6
CONTINUOUS
10
1.0410433464566928
20
-0.4349298818897638
11
1.0410433858267716
21
-0.4349299212598425
0
LINE
8
BLACK
6
CONTINUOUS
10
1.0410433858267716
20
-0.4349299212598425
11
1.0414908661417324
21
-0.4352971653543307
0
LINE
8
BLACK
6
CONTINUOUS
10
1.0414908661417324
20
-0.4352971653543307
11
1.0433655905511812
21
-0.4371719291338583
0
LINE
8
BLACK
6
CONTINUOUS
10
1.0433655905511812
20
-0.4371719291338583
11
1.0437328346456693
21
-0.4376194094488189
0
LINE
8
BLACK
6
CONTINUOUS
10
1.0437328346456693
20
-0.4376194094488189
11
1.0441718897637795
21
-0.4386794881889763
0
LINE
8
BLACK
6
CONTINUOUS
10
1.0441718897637795
20
-0.4386794881889763
11
1.0441737007874015
21
-0.4386838188976378
0
LINE
8
BLACK
6
CONTINUOUS
10
1.0441737007874015
20
-0.4386838188976378
11
1.0441737007874015
21
-0.439835905511811
0
LINE
8
BLACK
6
CONTINUOUS
10
1.0441737007874015
20
-0.439835905511811
11
1.0437327952755906
21
-0.4409003149606299
0
LINE
8
BLACK
6
CONTINUOUS
10
1.0437327952755906
20
-0.4409003149606299
11
1.0433655905511812
21
-0.4413477559055118
0
LINE
8
BLACK
6
CONTINUOUS
10
1.0433655905511812
20
-0.4413477559055118
11
1.0414908267716536
21
-0.4432225196850393
0
LINE
8
BLACK
6
CONTINUOUS
10
1.0414908267716536
20
-0.4432225196850393
11
1.0410433858267716
21
-0.4435897244094488
0
LINE
8
BLACK
6
CONTINUOUS
10
1.0410433858267716
20
-0.4435897244094488
11
1.0399789763779528
21
-0.4440306299212599
0
LINE
8
BLACK
6
CONTINUOUS
10
1.0399789763779528
20
-0.4440306299212599
11
1.039978937007874
21
-0.4440306299212599
0
LINE
8
BLACK
6
CONTINUOUS
10
1.039978937007874
20
-0.4440306299212599
11
1.0388268897637796
21
-0.4440306299212599
0
LINE
8
BLACK
6
CONTINUOUS
10
1.0388268897637796
20
-0.4440306299212599
11
1.0388268503937008
21
-0.4440306299212599
0
LINE
8
BLACK
6
CONTINUOUS
10
1.0388268503937008
20
-0.4440306299212599
11
1.0377624409448818
21
-0.4435897244094488
0
LINE
8
BLACK
6
CONTINUOUS
10
1.0377624409448818
20
-0.4435897244094488
11
1.037315
21
-0.4432225196850393
0
LINE
8
BLACK
6
CONTINUOUS
10
1.037315
20
-0.4432225196850393
11
1.0354402362204724
21
-0.4413477559055118
0
LINE
8
BLACK
6
CONTINUOUS
10
1.0354402362204724
20
-0.4413477559055118
11
1.035073031496063
21
-0.4409003149606299
0
LINE
8
BLACK
6
CONTINUOUS
10
1.035073031496063
20
-0.4409003149606299
11
1.0348304330708662
21
-0.4403146062992126
0
LINE
8
BLACK
6
CONTINUOUS
10
1.0348304330708662
20
-0.4403146062992126
11
1.0346321259842519
21
-0.439835905511811
0
LINE
8
BLACK
6
CONTINUOUS
10
1.0346321259842519
20
-0.439835905511811
11
1.0346321259842519
21
-0.4386838188976378
0
LINE
8
BLACK
6
CONTINUOUS
10
1.0346321259842519
20
-0.4386838188976378
11
1.0350729921259842
21
-0.4376194094488189
0
LINE
8
BLACK
6
CONTINUOUS
10
1.0350729921259842
20
-0.4376194094488189
11
1.0354401968503937
21
-0.437171968503937
0
LINE
8
BLACK
6
CONTINUOUS
10
1.0354401968503937
20
-0.437171968503937
11
1.0373149606299212
21
-0.4352971653543307
0
LINE
8
BLACK
6
CONTINUOUS
10
1.0373149606299212
20
-0.4352971653543307
11
1.0377624409448818
21
-0.4349299212598425
0
LINE
8
BLACK
6
CONTINUOUS
10
1.0377624409448818
20
-0.4349299212598425
11
1.0377624803149605
21
-0.4349298818897638
0
LINE
8
BLACK
6
CONTINUOUS
10
1.0377624803149605
20
-0.4349298818897638
11
1.0384827952755906
21
-0.4346315354330709
0
LINE
8
BLACK
6
CONTINUOUS
10
1.0384827952755906
20
-0.4346315354330709
11
1.0388268503937008
21
-0.4344890157480315
0
LINE
8
BLACK
6
CONTINUOUS
10
1.0388268503937008
20
-0.4344890157480315
11
1.039978937007874
21
-0.4344890157480315
0
LINE
8
BLACK
6
CONTINUOUS
10
1.039978937007874
20
-0.4344890157480315
11
1.0399789763779528
21
-0.4344890157480315
0
LINE
8
BLACK
6
CONTINUOUS
10
1.0399789763779528
20
-0.4344890157480315
11
1.040323031496063
21
-0.4346315354330709
0
LINE
8
BLACK
6
CONTINUOUS
10
1.2499527165354329
20
-0.4119918503937008
11
1.2500507086614172
21
-0.4120324409448819
0
LINE
8
BLACK
6
CONTINUOUS
10
1.2500507086614172
20
-0.4120324409448819
11
1.2501565354330708
21
-0.4120399606299213
0
LINE
8
BLACK
6
CONTINUOUS
10
1.2501565354330708
20
-0.4120399606299213
11
1.2506971653543306
21
-0.4122468503937008
0
LINE
8
BLACK
6
CONTINUOUS
10
1.2506971653543306
20
-0.4122468503937008
11
1.2544466929133857
21
-0.4141216141732283
0
LINE
8
BLACK
6
CONTINUOUS
10
1.2544466929133857
20
-0.4141216141732283
11
1.2545430314960631
21
-0.4141822440944882
0
LINE
8
BLACK
6
CONTINUOUS
10
1.2545430314960631
20
-0.4141822440944882
11
1.2545884645669292
21
-0.4141974015748031
0
LINE
8
BLACK
6
CONTINUOUS
10
1.2545884645669292
20
-0.4141974015748031
11
1.254645
21
-0.4142464173228346
0
LINE
8
BLACK
6
CONTINUOUS
10
1.254645
20
-0.4142464173228346
11
1.2549365748031496
21
-0.4144299606299213
0
LINE
8
BLACK
6
CONTINUOUS
10
1.2549365748031496
20
-0.4144299606299213
11
1.2550009448818897
21
-0.4145041732283464
0
LINE
8
BLACK
6
CONTINUOUS
10
1.2550009448818897
20
-0.4145041732283464
11
1.2550653149606299
21
-0.4144299606299213
0
LINE
8
BLACK
6
CONTINUOUS
10
1.2550653149606299
20
-0.4144299606299213
11
1.2553568503937007
21
-0.4142464173228346
0
LINE
8
BLACK
6
CONTINUOUS
10
1.2553568503937007
20
-0.4142464173228346
11
1.2554134251968503
21
-0.4141974015748031
0
LINE
8
BLACK
6
CONTINUOUS
10
1.2554134251968503
20
-0.4141974015748031
11
1.2554588188976377
21
-0.4141822440944882
0
LINE
8
BLACK
6
CONTINUOUS
10
1.2554588188976377
20
-0.4141822440944882
11
1.2555551968503937
21
-0.4141216141732283
0
LINE
8
BLACK
6
CONTINUOUS
10
1.2555551968503937
20
-0.4141216141732283
11
1.2593047244094489
21
-0.4122468503937008
0
LINE
8
BLACK
6
CONTINUOUS
10
1.2593047244094489
20
-0.4122468503937008
11
1.2598453149606299
21
-0.4120399606299213
0
LINE
8
BLACK
6
CONTINUOUS
10
1.2598453149606299
20
-0.4120399606299213
11
1.2599511811023623
21
-0.4120324015748031
0
LINE
8
BLACK
6
CONTINUOUS
10
1.2599511811023623
20
-0.4120324015748031
11
1.2600491732283465
21
-0.4119918503937008
0
LINE
8
BLACK
6
CONTINUOUS
10
1.2600491732283465
20
-0.4119918503937008
11
1.2606252362204724
21
-0.4119351181102362
0
LINE
8
BLACK
6
CONTINUOUS
10
1.2606252362204724
20
-0.4119351181102362
11
1.2662495275590551
21
-0.4119351181102362
0
LINE
8
BLACK
6
CONTINUOUS
10
1.2662495275590551
20
-0.4119351181102362
11
1.2668255905511812
21
-0.4119918503937008
0
LINE
8
BLACK
6
CONTINUOUS
10
1.2668255905511812
20
-0.4119918503937008
11
1.2669235826771654
21
-0.4120324409448819
0
LINE
8
BLACK
6
CONTINUOUS
10
1.2669235826771654
20
-0.4120324409448819
11
1.2670294094488188
21
-0.4120399606299213
0
LINE
8
BLACK
6
CONTINUOUS
10
1.2670294094488188
20
-0.4120399606299213
11
1.2675700393700786
21
-0.4122468503937008
0
LINE
8
BLACK
6
CONTINUOUS
10
1.2675700393700786
20
-0.4122468503937008
11
1.2713196062992125
21
-0.4141216141732283
0
LINE
8
BLACK
6
CONTINUOUS
10
1.2713196062992125
20
-0.4141216141732283
11
1.2714159055118111
21
-0.4141822440944882
0
LINE
8
BLACK
6
CONTINUOUS
10
1.2714159055118111
20
-0.4141822440944882
11
1.2714613779527559
21
-0.4141974015748031
0
LINE
8
BLACK
6
CONTINUOUS
10
1.2714613779527559
20
-0.4141974015748031
11
1.2715179527559055
21
-0.4142464566929134
0
LINE
8
BLACK
6
CONTINUOUS
10
1.2715179527559055
20
-0.4142464566929134
11
1.2718094488188976
21
-0.4144299606299213
0
LINE
8
BLACK
6
CONTINUOUS
10
1.2718094488188976
20
-0.4144299606299213
11
1.2720519291338583
21
-0.4147095669291339
0
LINE
8
BLACK
6
CONTINUOUS
10
1.2720519291338583
20
-0.4147095669291339
11
1.2723317716535434
21
-0.4149522440944882
0
LINE
8
BLACK
6
CONTINUOUS
10
1.2723317716535434
20
-0.4149522440944882
11
1.2725152755905511
21
-0.415243779527559
0
LINE
8
BLACK
6
CONTINUOUS
10
1.2725152755905511
20
-0.415243779527559
11
1.2725643307086614
21
-0.4153003543307087
0
LINE
8
BLACK
6
CONTINUOUS
10
1.2725643307086614
20
-0.4153003543307087
11
1.2725794488188975
21
-0.415345748031496
0
LINE
8
BLACK
6
CONTINUOUS
10
1.2725794488188975
20
-0.415345748031496
11
1.2726401181102363
21
-0.415442125984252
0
LINE
8
BLACK
6
CONTINUOUS
10
1.2726401181102363
20
-0.415442125984252
11
1.2745148818897638
21
-0.4191916535433071
0
LINE
8
BLACK
6
CONTINUOUS
10
1.2745148818897638
20
-0.4191916535433071
11
1.2747217716535433
21
-0.4197322440944882
0
LINE
8
BLACK
6
CONTINUOUS
10
1.2747217716535433
20
-0.4197322440944882
11
1.2747292913385826
21
-0.4198381102362205
0
LINE
8
BLACK
6
CONTINUOUS
10
1.2747292913385826
20
-0.4198381102362205
11
1.2747698818897637
21
-0.4199361023622047
0
LINE
8
BLACK
6
CONTINUOUS
10
1.2747698818897637
20
-0.4199361023622047
11
1.2748266141732283
21
-0.4205121653543307
0
LINE
8
BLACK
6
CONTINUOUS
10
1.2748266141732283
20
-0.4205121653543307
11
1.2748266141732283
21
-0.4411346062992126
0
LINE
8
BLACK
6
CONTINUOUS
10
1.2748266141732283
20
-0.4411346062992126
11
1.2747698818897637
21
-0.4417106692913386
0
LINE
8
BLACK
6
CONTINUOUS
10
1.2747698818897637
20
-0.4417106692913386
11
1.2743289763779528
21
-0.4427750787401575
0
LINE
8
BLACK
6
CONTINUOUS
10
1.2743289763779528
20
-0.4427750787401575
11
1.2735143307086614
21
-0.4435897244094488
0
LINE
8
BLACK
6
CONTINUOUS
10
1.2735143307086614
20
-0.4435897244094488
11
1.2724499212598426
21
-0.4440306299212599
0
LINE
8
BLACK
6
CONTINUOUS
10
1.2724499212598426
20
-0.4440306299212599
11
1.2712977952755906
21
-0.4440306299212599
0
LINE
8
BLACK
6
CONTINUOUS
10
1.2712977952755906
20
-0.4440306299212599
11
1.2702333858267716
21
-0.4435897244094488
0
LINE
8
BLACK
6
CONTINUOUS
10
1.2702333858267716
20
-0.4435897244094488
11
1.2694187401574804
21
-0.4427750787401575
0
LINE
8
BLACK
6
CONTINUOUS
10
1.2694187401574804
20
-0.4427750787401575
11
1.2689778346456693
21
-0.4417106692913386
0
LINE
8
BLACK
6
CONTINUOUS
10
1.2689778346456693
20
-0.4417106692913386
11
1.2689211023622047
21
-0.4411346062992126
0
LINE
8
BLACK
6
CONTINUOUS
10
1.2689211023622047
20
-0.4411346062992126
11
1.2689211023622047
21
-0.4212092125984252
0
LINE
8
BLACK
6
CONTINUOUS
10
1.2689211023622047
20
-0.4212092125984252
11
1.2677982283464566
21
-0.4189634645669291
0
LINE
8
BLACK
6
CONTINUOUS
10
1.2677982283464566
20
-0.4189634645669291
11
1.2655524803149607
21
-0.4178406299212598
0
LINE
8
BLACK
6
CONTINUOUS
10
1.2655524803149607
20
-0.4178406299212598
11
1.261322283464567
21
-0.4178406299212598
0
LINE
8
BLACK
6
CONTINUOUS
10
1.261322283464567
20
-0.4178406299212598
11
1.2590765354330709
21
-0.4189634645669291
0
LINE
8
BLACK
6
CONTINUOUS
10
1.2590765354330709
20
-0.4189634645669291
11
1.2579537007874015
21
-0.4212092125984252
0
LINE
8
BLACK
6
CONTINUOUS
10
1.2579537007874015
20
-0.4212092125984252
11
1.2579537007874015
21
-0.4411346062992126
0
LINE
8
BLACK
6
CONTINUOUS
10
1.2579537007874015
20
-0.4411346062992126
11
1.257896968503937
21
-0.4417106692913386
0
LINE
8
BLACK
6
CONTINUOUS
10
1.257896968503937
20
-0.4417106692913386
11
1.2574560629921259
21
-0.4427750787401575
0
LINE
8
BLACK
6
CONTINUOUS
10
1.2574560629921259
20
-0.4427750787401575
11
1.2566414173228346
21
-0.4435897244094488
0
LINE
8
BLACK
6
CONTINUOUS
10
1.2566414173228346
20
-0.4435897244094488
11
1.2555770078740158
21
-0.4440306299212599
0
LINE
8
BLACK
6
CONTINUOUS
10
1.2555770078740158
20
-0.4440306299212599
11
1.2544248818897636
21
-0.4440306299212599
0
LINE
8
BLACK
6
CONTINUOUS
10
1.2544248818897636
20
-0.4440306299212599
11
1.2533604724409448
21
-0.4435897244094488
0
LINE
8
BLACK
6
CONTINUOUS
10
1.2533604724409448
20
-0.4435897244094488
11
1.2525458267716536
21
-0.4427750787401575
0
LINE
8
BLACK
6
CONTINUOUS
10
1.2525458267716536
20
-0.4427750787401575
11
1.2521049212598425
21
-0.4417106692913386
0
LINE
8
BLACK
6
CONTINUOUS
10
1.2521049212598425
20
-0.4417106692913386
11
1.2520481889763779
21
-0.4411346062992126
0
LINE
8
BLACK
6
CONTINUOUS
10
1.2520481889763779
20
-0.4411346062992126
11
1.2520481889763779
21
-0.4212092125984252
0
LINE
8
BLACK
6
CONTINUOUS
10
1.2520481889763779
20
-0.4212092125984252
11
1.2509253149606299
21
-0.4189634645669291
0
LINE
8
BLACK
6
CONTINUOUS
10
1.2509253149606299
20
-0.4189634645669291
11
1.2486796062992125
21
-0.4178406299212598
0
LINE
8
BLACK
6
CONTINUOUS
10
1.2486796062992125
20
-0.4178406299212598
11
1.2444494094488188
21
-0.4178406299212598
0
LINE
8
BLACK
6
CONTINUOUS
10
1.2444494094488188
20
-0.4178406299212598
11
1.2417519291338583
21
-0.4191893700787401
0
LINE
8
BLACK
6
CONTINUOUS
10
1.2417519291338583
20
-0.4191893700787401
11
1.2410808267716535
21
-0.4198604724409449
0
LINE
8
BLACK
6
CONTINUOUS
10
1.2410808267716535
20
-0.4198604724409449
11
1.2410808267716535
21
-0.4411346062992126
0
LINE
8
BLACK
6
CONTINUOUS
10
1.2410808267716535
20
-0.4411346062992126
11
1.241024094488189
21
-0.4417106692913386
0
LINE
8
BLACK
6
CONTINUOUS
10
1.241024094488189
20
-0.4417106692913386
11
1.2405831889763779
21
-0.4427750787401575
0
LINE
8
BLACK
6
CONTINUOUS
10
1.2405831889763779
20
-0.4427750787401575
11
1.2397685433070866
21
-0.4435897244094488
0
LINE
8
BLACK
6
CONTINUOUS
10
1.2397685433070866
20
-0.4435897244094488
11
1.2387041338582676
21
-0.4440306299212599
0
LINE
8
BLACK
6
CONTINUOUS
10
1.2387041338582676
20
-0.4440306299212599
11
1.2375520078740156
21
-0.4440306299212599
0
LINE
8
BLACK
6
CONTINUOUS
10
1.2375520078740156
20
-0.4440306299212599
11
1.2364875984251968
21
-0.4435897244094488
0
LINE
8
BLACK
6
CONTINUOUS
10
1.2364875984251968
20
-0.4435897244094488
11
1.2356729527559054
21
-0.4427750787401575
0
LINE
8
BLACK
6
CONTINUOUS
10
1.2356729527559054
20
-0.4427750787401575
11
1.2352320472440945
21
-0.4417106692913386
0
LINE
8
BLACK
6
CONTINUOUS
10
1.2352320472440945
20
-0.4417106692913386
11
1.2351753149606299
21
-0.4411346062992126
0
LINE
8
BLACK
6
CONTINUOUS
10
1.2351753149606299
20
-0.4411346062992126
11
1.2351753149606299
21
-0.414887874015748
0
LINE
8
BLACK
6
CONTINUOUS
10
1.2351753149606299
20
-0.414887874015748
11
1.2352320472440945
21
-0.414311811023622
0
LINE
8
BLACK
6
CONTINUOUS
10
1.2352320472440945
20
-0.414311811023622
11
1.2356729527559054
21
-0.4132474015748032
0
LINE
8
BLACK
6
CONTINUOUS
10
1.2356729527559054
20
-0.4132474015748032
11
1.2364875984251968
21
-0.4124327559055118
0
LINE
8
BLACK
6
CONTINUOUS
10
1.2364875984251968
20
-0.4124327559055118
11
1.2375520078740156
21
-0.4119918503937008
0
LINE
8
BLACK
6
CONTINUOUS
10
1.2375520078740156
20
-0.4119918503937008
11
1.2387041338582676
21
-0.4119918503937008
0
LINE
8
BLACK
6
CONTINUOUS
10
1.2387041338582676
20
-0.4119918503937008
11
1.2397685433070866
21
-0.4124327559055118
0
LINE
8
BLACK
6
CONTINUOUS
10
1.2397685433070866
20
-0.4124327559055118
11
1.2405323622047244
21
-0.4131965748031496
0
LINE
8
BLACK
6
CONTINUOUS
10
1.2405323622047244
20
-0.4131965748031496
11
1.2424318503937009
21
-0.4122468503937008
0
LINE
8
BLACK
6
CONTINUOUS
10
1.2424318503937009
20
-0.4122468503937008
11
1.2429724409448819
21
-0.4120399606299213
0
LINE
8
BLACK
6
CONTINUOUS
10
1.2429724409448819
20
-0.4120399606299213
11
1.243078307086614
21
-0.4120324015748031
0
LINE
8
BLACK
6
CONTINUOUS
10
1.243078307086614
20
-0.4120324015748031
11
1.2431762992125983
21
-0.4119918503937008
0
LINE
8
BLACK
6
CONTINUOUS
10
1.2431762992125983
20
-0.4119918503937008
11
1.2437523622047244
21
-0.4119351181102362
0
LINE
8
BLACK
6
CONTINUOUS
10
1.2437523622047244
20
-0.4119351181102362
11
1.2493766535433071
21
-0.4119351181102362
0
LINE
8
BLACK
6
CONTINUOUS
10
1.2493766535433071
20
-0.4119351181102362
11
1.2499527165354329
21
-0.4119918503937008
0
LINE
8
BLACK
6
CONTINUOUS
10
1.3024461417322835
20
-0.4119918503937008
11
1.3025441338582677
21
-0.4120324409448819
0
LINE
8
BLACK
6
CONTINUOUS
10
1.3025441338582677
20
-0.4120324409448819
11
1.3026499606299213
21
-0.4120399606299213
0
LINE
8
BLACK
6
CONTINUOUS
10
1.3026499606299213
20
-0.4120399606299213
11
1.3031905905511811
21
-0.4122468503937008
0
LINE
8
BLACK
6
CONTINUOUS
10
1.3031905905511811
20
-0.4122468503937008
11
1.3069401181102362
21
-0.4141216141732283
0
LINE
8
BLACK
6
CONTINUOUS
10
1.3069401181102362
20
-0.4141216141732283
11
1.3070364566929134
21
-0.4141822440944882
0
LINE
8
BLACK
6
CONTINUOUS
10
1.3070364566929134
20
-0.4141822440944882
11
1.3070818897637795
21
-0.4141974015748031
0
LINE
8
BLACK
6
CONTINUOUS
10
1.3070818897637795
20
-0.4141974015748031
11
1.3071384251968503
21
-0.4142464173228346
0
LINE
8
BLACK
6
CONTINUOUS
10
1.3071384251968503
20
-0.4142464173228346
11
1.3074299999999999
21
-0.4144299606299213
0
LINE
8
BLACK
6
CONTINUOUS
10
1.3074299999999999
20
-0.4144299606299213
11
1.30749437007874
21
-0.4145041732283464
0
LINE
8
BLACK
6
CONTINUOUS
10
1.30749437007874
20
-0.4145041732283464
11
1.3075587401574802
21
-0.4144299606299213
0
LINE
8
BLACK
6
CONTINUOUS
10
1.3075587401574802
20
-0.4144299606299213
11
1.3078502755905512
21
-0.4142464173228346
0
LINE
8
BLACK
6
CONTINUOUS
10
1.3078502755905512
20
-0.4142464173228346
11
1.3079068503937008
21
-0.4141974015748031
0
LINE
8
BLACK
6
CONTINUOUS
10
1.3079068503937008
20
-0.4141974015748031
11
1.3079522440944882
21
-0.4141822440944882
0
LINE
8
BLACK
6
CONTINUOUS
10
1.3079522440944882
20
-0.4141822440944882
11
1.308048622047244
21
-0.4141216141732283
0
LINE
8
BLACK
6
CONTINUOUS
10
1.308048622047244
20
-0.4141216141732283
11
1.3117981496062991
21
-0.4122468503937008
0
LINE
8
BLACK
6
CONTINUOUS
10
1.3117981496062991
20
-0.4122468503937008
11
1.3123387401574802
21
-0.4120399606299213
0
LINE
8
BLACK
6
CONTINUOUS
10
1.3123387401574802
20
-0.4120399606299213
11
1.3124446062992126
21
-0.4120324015748031
0
LINE
8
BLACK
6
CONTINUOUS
10
1.3124446062992126
20
-0.4120324015748031
11
1.3125425984251968
21
-0.4119918503937008
0
LINE
8
BLACK
6
CONTINUOUS
10
1.3125425984251968
20
-0.4119918503937008
11
1.3131186614173227
21
-0.4119351181102362
0
LINE
8
BLACK
6
CONTINUOUS
10
1.3131186614173227
20
-0.4119351181102362
11
1.3187429527559056
21
-0.4119351181102362
0
LINE
8
BLACK
6
CONTINUOUS
10
1.3187429527559056
20
-0.4119351181102362
11
1.3193190157480315
21
-0.4119918503937008
0
LINE
8
BLACK
6
CONTINUOUS
10
1.3193190157480315
20
-0.4119918503937008
11
1.3194170078740157
21
-0.4120324409448819
0
LINE
8
BLACK
6
CONTINUOUS
10
1.3194170078740157
20
-0.4120324409448819
11
1.3195228346456693
21
-0.4120399606299213
0
LINE
8
BLACK
6
CONTINUOUS
10
1.3195228346456693
20
-0.4120399606299213
11
1.3200634645669291
21
-0.4122468503937008
0
LINE
8
BLACK
6
CONTINUOUS
10
1.3200634645669291
20
-0.4122468503937008
11
1.323813031496063
21
-0.4141216141732283
0
LINE
8
BLACK
6
CONTINUOUS
10
1.323813031496063
20
-0.4141216141732283
11
1.3239093307086613
21
-0.4141822440944882
0
LINE
8
BLACK
6
CONTINUOUS
10
1.3239093307086613
20
-0.4141822440944882
11
1.3239548031496062
21
-0.4141974015748031
0
LINE
8
BLACK
6
CONTINUOUS
10
1.3239548031496062
20
-0.4141974015748031
11
1.3240113779527558
21
-0.4142464566929134
0
LINE
8
BLACK
6
CONTINUOUS
10
1.3240113779527558
20
-0.4142464566929134
11
1.3243028740157481
21
-0.4144299606299213
0
LINE
8
BLACK
6
CONTINUOUS
10
1.3243028740157481
20
-0.4144299606299213
11
1.3245453543307086
21
-0.4147095669291339
0
LINE
8
BLACK
6
CONTINUOUS
10
1.3245453543307086
20
-0.4147095669291339
11
1.3248251968503937
21
-0.4149522440944882
0
LINE
8
BLACK
6
CONTINUOUS
10
1.3248251968503937
20
-0.4149522440944882
11
1.3250087007874016
21
-0.415243779527559
0
LINE
8
BLACK
6
CONTINUOUS
10
1.3250087007874016
20
-0.415243779527559
11
1.3250577559055119
21
-0.4153003543307087
0
LINE
8
BLACK
6
CONTINUOUS
10
1.3250577559055119
20
-0.4153003543307087
11
1.325072874015748
21
-0.415345748031496
0
LINE
8
BLACK
6
CONTINUOUS
10
1.325072874015748
20
-0.415345748031496
11
1.3251335433070865
21
-0.415442125984252
0
LINE
8
BLACK
6
CONTINUOUS
10
1.3251335433070865
20
-0.415442125984252
11
1.3270083070866141
21
-0.4191916535433071
0
LINE
8
BLACK
6
CONTINUOUS
10
1.3270083070866141
20
-0.4191916535433071
11
1.3272151968503936
21
-0.4197322440944882
0
LINE
8
BLACK
6
CONTINUOUS
10
1.3272151968503936
20
-0.4197322440944882
11
1.3272227165354331
21
-0.4198381102362205
0
LINE
8
BLACK
6
CONTINUOUS
10
1.3272227165354331
20
-0.4198381102362205
11
1.3272633070866142
21
-0.4199361023622047
0
LINE
8
BLACK
6
CONTINUOUS
10
1.3272633070866142
20
-0.4199361023622047
11
1.3273200393700788
21
-0.4205121653543307
0
LINE
8
BLACK
6
CONTINUOUS
10
1.3273200393700788
20
-0.4205121653543307
11
1.3273200393700788
21
-0.4411346062992126
0
LINE
8
BLACK
6
CONTINUOUS
10
1.3273200393700788
20
-0.4411346062992126
11
1.3272633070866142
21
-0.4417106692913386
0
LINE
8
BLACK
6
CONTINUOUS
10
1.3272633070866142
20
-0.4417106692913386
11
1.3268224015748031
21
-0.4427750787401575
0
LINE
8
BLACK
6
CONTINUOUS
10
1.3268224015748031
20
-0.4427750787401575
11
1.3260077559055117
21
-0.4435897244094488
0
LINE
8
BLACK
6
CONTINUOUS
10
1.3260077559055117
20
-0.4435897244094488
11
1.3249433464566929
21
-0.4440306299212599
0
LINE
8
BLACK
6
CONTINUOUS
10
1.3249433464566929
20
-0.4440306299212599
11
1.3237912204724409
21
-0.4440306299212599
0
LINE
8
BLACK
6
CONTINUOUS
10
1.3237912204724409
20
-0.4440306299212599
11
1.3227268110236221
21
-0.4435897244094488
0
LINE
8
BLACK
6
CONTINUOUS
10
1.3227268110236221
20
-0.4435897244094488
11
1.3219121653543306
21
-0.4427750787401575
0
LINE
8
BLACK
6
CONTINUOUS
10
1.3219121653543306
20
-0.4427750787401575
11
1.3214712598425196
21
-0.4417106692913386
0
LINE
8
BLACK
6
CONTINUOUS
10
1.3214712598425196
20
-0.4417106692913386
11
1.3214145275590552
21
-0.4411346062992126
0
LINE
8
BLACK
6
CONTINUOUS
10
1.3214145275590552
20
-0.4411346062992126
11
1.3214145275590552
21
-0.4212092125984252
0
LINE
8
BLACK
6
CONTINUOUS
10
1.3214145275590552
20
-0.4212092125984252
11
1.3202916535433071
21
-0.4189634645669291
0
LINE
8
BLACK
6
CONTINUOUS
10
1.3202916535433071
20
-0.4189634645669291
11
1.318045905511811
21
-0.4178406299212598
0
LINE
8
BLACK
6
CONTINUOUS
10
1.318045905511811
20
-0.4178406299212598
11
1.3138157086614173
21
-0.4178406299212598
0
LINE
8
BLACK
6
CONTINUOUS
10
1.3138157086614173
20
-0.4178406299212598
11
1.3115699606299211
21
-0.4189634645669291
0
LINE
8
BLACK
6
CONTINUOUS
10
1.3115699606299211
20
-0.4189634645669291
11
1.3104471259842518
21
-0.4212092125984252
0
LINE
8
BLACK
6
CONTINUOUS
10
1.3104471259842518
20
-0.4212092125984252
11
1.3104471259842518
21
-0.4411346062992126
0
LINE
8
BLACK
6
CONTINUOUS
10
1.3104471259842518
20
-0.4411346062992126
11
1.3103903937007875
21
-0.4417106692913386
0
LINE
8
BLACK
6
CONTINUOUS
10
1.3103903937007875
20
-0.4417106692913386
11
1.3099494881889764
21
-0.4427750787401575
0
LINE
8
BLACK
6
CONTINUOUS
10
1.3099494881889764
20
-0.4427750787401575
11
1.3091348425196849
21
-0.4435897244094488
0
LINE
8
BLACK
6
CONTINUOUS
10
1.3091348425196849
20
-0.4435897244094488
11
1.3080704330708661
21
-0.4440306299212599
0
LINE
8
BLACK
6
CONTINUOUS
10
1.3080704330708661
20
-0.4440306299212599
11
1.3069183070866142
21
-0.4440306299212599
0
LINE
8
BLACK
6
CONTINUOUS
10
1.3069183070866142
20
-0.4440306299212599
11
1.3058538976377951
21
-0.4435897244094488
0
LINE
8
BLACK
6
CONTINUOUS
10
1.3058538976377951
20
-0.4435897244094488
11
1.3050392519685039
21
-0.4427750787401575
0
LINE
8
BLACK
6
CONTINUOUS
10
1.3050392519685039
20
-0.4427750787401575
11
1.3045983464566928
21
-0.4417106692913386
0
LINE
8
BLACK
6
CONTINUOUS
10
1.3045983464566928
20
-0.4417106692913386
11
1.3045416141732282
21
-0.4411346062992126
0
LINE
8
BLACK
6
CONTINUOUS
10
1.3045416141732282
20
-0.4411346062992126
11
1.3045416141732282
21
-0.4212092125984252
0
LINE
8
BLACK
6
CONTINUOUS
10
1.3045416141732282
20
-0.4212092125984252
11
1.3034187401574804
21
-0.4189634645669291
0
LINE
8
BLACK
6
CONTINUOUS
10
1.3034187401574804
20
-0.4189634645669291
11
1.301173031496063
21
-0.4178406299212598
0
LINE
8
BLACK
6
CONTINUOUS
10
1.301173031496063
20
-0.4178406299212598
11
1.2969428346456693
21
-0.4178406299212598
0
LINE
8
BLACK
6
CONTINUOUS
10
1.2969428346456693
20
-0.4178406299212598
11
1.2942453543307086
21
-0.4191893700787401
0
LINE
8
BLACK
6
CONTINUOUS
10
1.2942453543307086
20
-0.4191893700787401
11
1.2935742519685038
21
-0.4198604724409449
0
LINE
8
BLACK
6
CONTINUOUS
10
1.2935742519685038
20
-0.4198604724409449
11
1.2935742519685038
21
-0.4411346062992126
0
LINE
8
BLACK
6
CONTINUOUS
10
1.2935742519685038
20
-0.4411346062992126
11
1.2935175196850393
21
-0.4417106692913386
0
LINE
8
BLACK
6
CONTINUOUS
10
1.2935175196850393
20
-0.4417106692913386
11
1.2930766141732284
21
-0.4427750787401575
0
LINE
8
BLACK
6
CONTINUOUS
10
1.2930766141732284
20
-0.4427750787401575
11
1.2922619685039369
21
-0.4435897244094488
0
LINE
8
BLACK
6
CONTINUOUS
10
1.2922619685039369
20
-0.4435897244094488
11
1.2911975590551181
21
-0.4440306299212599
0
LINE
8
BLACK
6
CONTINUOUS
10
1.2911975590551181
20
-0.4440306299212599
11
1.2900454330708662
21
-0.4440306299212599
0
LINE
8
BLACK
6
CONTINUOUS
10
1.2900454330708662
20
-0.4440306299212599
11
1.2889810236220471
21
-0.4435897244094488
0
LINE
8
BLACK
6
CONTINUOUS
10
1.2889810236220471
20
-0.4435897244094488
11
1.2881663779527559
21
-0.4427750787401575
0
LINE
8
BLACK
6
CONTINUOUS
10
1.2881663779527559
20
-0.4427750787401575
11
1.2877254724409448
21
-0.4417106692913386
0
LINE
8
BLACK
6
CONTINUOUS
10
1.2877254724409448
20
-0.4417106692913386
11
1.2876687401574802
21
-0.4411346062992126
0
LINE
8
BLACK
6
CONTINUOUS
10
1.2876687401574802
20
-0.4411346062992126
11
1.2876687401574802
21
-0.414887874015748
0
LINE
8
BLACK
6
CONTINUOUS
10
1.2876687401574802
20
-0.414887874015748
11
1.2877254724409448
21
-0.414311811023622
0
LINE
8
BLACK
6
CONTINUOUS
10
1.2877254724409448
20
-0.414311811023622
11
1.2881663779527559
21
-0.4132474015748032
0
LINE
8
BLACK
6
CONTINUOUS
10
1.2881663779527559
20
-0.4132474015748032
11
1.2889810236220471
21
-0.4124327559055118
0
LINE
8
BLACK
6
CONTINUOUS
10
1.2889810236220471
20
-0.4124327559055118
11
1.2900454330708662
21
-0.4119918503937008
0
LINE
8
BLACK
6
CONTINUOUS
10
1.2900454330708662
20
-0.4119918503937008
11
1.2911975590551181
21
-0.4119918503937008
0
LINE
8
BLACK
6
CONTINUOUS
10
1.2911975590551181
20
-0.4119918503937008
11
1.2922619685039369
21
-0.4124327559055118
0
LINE
8
BLACK
6
CONTINUOUS
10
1.2922619685039369
20
-0.4124327559055118
11
1.2930257874015747
21
-0.4131965748031496
0
LINE
8
BLACK
6
CONTINUOUS
10
1.2930257874015747
20
-0.4131965748031496
11
1.2949252755905512
21
-0.4122468503937008
0
LINE
8
BLACK
6
CONTINUOUS
10
1.2949252755905512
20
-0.4122468503937008
11
1.2954658661417322
21
-0.4120399606299213
0
LINE
8
BLACK
6
CONTINUOUS
10
1.2954658661417322
20
-0.4120399606299213
11
1.2955717322834646
21
-0.4120324015748031
0
LINE
8
BLACK
6
CONTINUOUS
10
1.2955717322834646
20
-0.4120324015748031
11
1.2956697244094488
21
-0.4119918503937008
0
LINE
8
BLACK
6
CONTINUOUS
10
1.2956697244094488
20
-0.4119918503937008
11
1.2962457874015747
21
-0.4119351181102362
0
LINE
8
BLACK
6
CONTINUOUS
10
1.2962457874015747
20
-0.4119351181102362
11
1.3018700787401574
21
-0.4119351181102362
0
LINE
8
BLACK
6
CONTINUOUS
10
1.3018700787401574
20
-0.4119351181102362
11
1.3024461417322835
21
-0.4119918503937008
0
LINE
8
BLACK
6
CONTINUOUS
10
1.8236634645669292
20
2.1704550787401575
11
1.824727874015748
21
2.1700141732283464
0
LINE
8
BLACK
6
CONTINUOUS
10
1.824727874015748
20
2.1700141732283464
11
1.8255425196850392
21
2.169199527559055
0
LINE
8
BLACK
6
CONTINUOUS
10
1.8255425196850392
20
2.169199527559055
11
1.8259834251968503
21
2.1681351181102362
0
LINE
8
BLACK
6
CONTINUOUS
10
1.8259834251968503
20
2.1681351181102362
11
1.8259834251968503
21
2.166982992125984
0
LINE
8
BLACK
6
CONTINUOUS
10
1.8259834251968503
20
2.166982992125984
11
1.8255425196850392
21
2.1659185826771652
0
LINE
8
BLACK
6
CONTINUOUS
10
1.8255425196850392
20
2.1659185826771652
11
1.824727874015748
21
2.1651039370078742
0
LINE
8
BLACK
6
CONTINUOUS
10
1.824727874015748
20
2.1651039370078742
11
1.8236634645669292
21
2.1646630314960631
0
LINE
8
BLACK
6
CONTINUOUS
10
1.8236634645669292
20
2.1646630314960631
11
1.8230874015748031
21
2.1646062992125983
0
LINE
8
BLACK
6
CONTINUOUS
10
1.8230874015748031
20
2.1646062992125983
11
1.8048659842519685
21
2.1646062992125983
0
LINE
8
BLACK
6
CONTINUOUS
10
1.8048659842519685
20
2.1646062992125983
11
1.8257065748031496
21
2.1245719291338583
0
LINE
8
BLACK
6
CONTINUOUS
10
1.8257065748031496
20
2.1245719291338583
11
1.8259222440944882
21
2.1240347637795276
0
LINE
8
BLACK
6
CONTINUOUS
10
1.8259222440944882
20
2.1240347637795276
11
1.8260226377952755
21
2.1228870472440944
0
LINE
8
BLACK
6
CONTINUOUS
10
1.8260226377952755
20
2.1228870472440944
11
1.8256761811023621
21
2.1217882677165352
0
LINE
8
BLACK
6
CONTINUOUS
10
1.8256761811023621
20
2.1217882677165352
11
1.8249356299212598
21
2.1209057086614171
0
LINE
8
BLACK
6
CONTINUOUS
10
1.8249356299212598
20
2.1209057086614171
11
1.8239137007874016
21
2.1203737007874017
0
LINE
8
BLACK
6
CONTINUOUS
10
1.8239137007874016
20
2.1203737007874017
11
1.8227659842519686
21
2.120273307086614
0
LINE
8
BLACK
6
CONTINUOUS
10
1.8227659842519686
20
2.120273307086614
11
1.8216672047244094
21
2.1206197637795277
0
LINE
8
BLACK
6
CONTINUOUS
10
1.8216672047244094
20
2.1206197637795277
11
1.8207846456692913
21
2.1213603149606297
0
LINE
8
BLACK
6
CONTINUOUS
10
1.8207846456692913
20
2.1213603149606297
11
1.8204683070866141
21
2.1218450787401575
0
LINE
8
BLACK
6
CONTINUOUS
10
1.8204683070866141
20
2.1218450787401575
11
1.8029527559055119
21
2.1554921653543309
0
LINE
8
BLACK
6
CONTINUOUS
10
1.8029527559055119
20
2.1554921653543309
11
1.8029527559055119
21
-0.1776968503937008
0
LINE
8
BLACK
6
CONTINUOUS
10
1.8029527559055119
20
-0.1776968503937008
11
1.8204683070866141
21
-0.1440498031496063
0
LINE
8
BLACK
6
CONTINUOUS
10
1.8204683070866141
20
-0.1440498031496063
11
1.8207846456692913
21
-0.1435650393700787
0
LINE
8
BLACK
6
CONTINUOUS
10
1.8207846456692913
20
-0.1435650393700787
11
1.8216672047244094
21
-0.1428244881889764
0
LINE
8
BLACK
6
CONTINUOUS
10
1.8216672047244094
20
-0.1428244881889764
11
1.8227659842519686
21
-0.142478031496063
0
LINE
8
BLACK
6
CONTINUOUS
10
1.8227659842519686
20
-0.142478031496063
11
1.8239137007874016
21
-0.1425784251968504
0
LINE
8
BLACK
6
CONTINUOUS
10
1.8239137007874016
20
-0.1425784251968504
11
1.8249356299212598
21
-0.1431104330708661
0
LINE
8
BLACK
6
CONTINUOUS
10
1.8249356299212598
20
-0.1431104330708661
11
1.8256761811023621
21
-0.1439929921259842
0
LINE
8
BLACK
6
CONTINUOUS
10
1.8256761811023621
20
-0.1439929921259842
11
1.8260226377952755
21
-0.1450917716535433
0
LINE
8
BLACK
6
CONTINUOUS
10
1.8260226377952755
20
-0.1450917716535433
11
1.8259222440944882
21
-0.1462394881889764
0
LINE
8
BLACK
6
CONTINUOUS
10
1.8259222440944882
20
-0.1462394881889764
11
1.8257065748031496
21
-0.1467766535433071
0
LINE
8
BLACK
6
CONTINUOUS
10
1.8257065748031496
20
-0.1467766535433071
11
1.8048659842519685
21
-0.1868110236220472
0
LINE
8
BLACK
6
CONTINUOUS
10
1.8048659842519685
20
-0.1868110236220472
11
1.8230874015748031
21
-0.1868110236220472
0
LINE
8
BLACK
6
CONTINUOUS
10
1.8230874015748031
20
-0.1868110236220472
11
1.8236634645669292
21
-0.1868677559055118
0
LINE
8
BLACK
6
CONTINUOUS
10
1.8236634645669292
20
-0.1868677559055118
11
1.824727874015748
21
-0.1873086614173228
0
LINE
8
BLACK
6
CONTINUOUS
10
1.824727874015748
20
-0.1873086614173228
11
1.8255425196850392
21
-0.1881233070866142
0
LINE
8
BLACK
6
CONTINUOUS
10
1.8255425196850392
20
-0.1881233070866142
11
1.8259834251968503
21
-0.1891877165354331
0
LINE
8
BLACK
6
CONTINUOUS
10
1.8259834251968503
20
-0.1891877165354331
11
1.8259834251968503
21
-0.190339842519685
0
LINE
8
BLACK
6
CONTINUOUS
10
1.8259834251968503
20
-0.190339842519685
11
1.8255425196850392
21
-0.1914042519685039
0
LINE
8
BLACK
6
CONTINUOUS
10
1.8255425196850392
20
-0.1914042519685039
11
1.824727874015748
21
-0.1922188976377953
0
LINE
8
BLACK
6
CONTINUOUS
10
1.824727874015748
20
-0.1922188976377953
11
1.8236634645669292
21
-0.1926598031496063
0
LINE
8
BLACK
6
CONTINUOUS
10
1.8236634645669292
20
-0.1926598031496063
11
1.8230874015748031
21
-0.1927165354330709
0
LINE
8
BLACK
6
CONTINUOUS
10
1.8230874015748031
20
-0.1927165354330709
11
1.4096850393700786
21
-0.1927165354330709
0
LINE
8
BLACK
6
CONTINUOUS
10
1.4096850393700786
20
-0.1927165354330709
11
1.4091089763779527
21
-0.1926598031496063
0
LINE
8
BLACK
6
CONTINUOUS
10
1.4091089763779527
20
-0.1926598031496063
11
1.4080445669291339
21
-0.1922188976377953
0
LINE
8
BLACK
6
CONTINUOUS
10
1.4080445669291339
20
-0.1922188976377953
11
1.4072299212598425
21
-0.1914042519685039
0
LINE
8
BLACK
6
CONTINUOUS
10
1.4072299212598425
20
-0.1914042519685039
11
1.4068897637795275
21
-0.190583031496063
0
LINE
8
BLACK
6
CONTINUOUS
10
1.4068897637795275
20
-0.190583031496063
11
1.4068897637795275
21
-0.4915913385826772
0
LINE
8
BLACK
6
CONTINUOUS
10
1.4068897637795275
20
-0.4915913385826772
11
1.4068330314960629
21
-0.4921674015748032
0
LINE
8
BLACK
6
CONTINUOUS
10
1.4068330314960629
20
-0.4921674015748032
11
1.406392125984252
21
-0.493231811023622
0
LINE
8
BLACK
6
CONTINUOUS
10
1.406392125984252
20
-0.493231811023622
11
1.4055774803149605
21
-0.4940464566929134
0
LINE
8
BLACK
6
CONTINUOUS
10
1.4055774803149605
20
-0.4940464566929134
11
1.4045130708661417
21
-0.4944873622047244
0
LINE
8
BLACK
6
CONTINUOUS
10
1.4045130708661417
20
-0.4944873622047244
11
1.4033609448818898
21
-0.4944873622047244
0
LINE
8
BLACK
6
CONTINUOUS
10
1.4033609448818898
20
-0.4944873622047244
11
1.4022965354330708
21
-0.4940464566929134
0
LINE
8
BLACK
6
CONTINUOUS
10
1.4022965354330708
20
-0.4940464566929134
11
1.4014818897637795
21
-0.493231811023622
0
LINE
8
BLACK
6
CONTINUOUS
10
1.4014818897637795
20
-0.493231811023622
11
1.4010409842519684
21
-0.4921674015748032
0
LINE
8
BLACK
6
CONTINUOUS
10
1.4010409842519684
20
-0.4921674015748032
11
1.4009842519685038
21
-0.4915913385826772
0
LINE
8
BLACK
6
CONTINUOUS
10
1.4009842519685038
20
-0.4915913385826772
11
1.4009842519685038
21
-0.4733699212598425
0
LINE
8
BLACK
6
CONTINUOUS
10
1.4009842519685038
20
-0.4733699212598425
11
1.3609498818897638
21
-0.4942105118110236
0
LINE
8
BLACK
6
CONTINUOUS
10
1.3609498818897638
20
-0.4942105118110236
11
1.3604127165354329
21
-0.4944261811023622
0
LINE
8
BLACK
6
CONTINUOUS
10
1.3604127165354329
20
-0.4944261811023622
11
1.3592649999999999
21
-0.4945265748031496
0
LINE
8
BLACK
6
CONTINUOUS
10
1.3592649999999999
20
-0.4945265748031496
11
1.358166220472441
21
-0.494180157480315
0
LINE
8
BLACK
6
CONTINUOUS
10
1.358166220472441
20
-0.494180157480315
11
1.3572836614173227
21
-0.4934396062992126
0
LINE
8
BLACK
6
CONTINUOUS
10
1.3572836614173227
20
-0.4934396062992126
11
1.3567516535433071
21
-0.4924176377952756
0
LINE
8
BLACK
6
CONTINUOUS
10
1.3567516535433071
20
-0.4924176377952756
11
1.3566512598425196
21
-0.4912699212598425
0
LINE
8
BLACK
6
CONTINUOUS
10
1.3566512598425196
20
-0.4912699212598425
11
1.3569976771653542
21
-0.4901711417322834
0
LINE
8
BLACK
6
CONTINUOUS
10
1.3569976771653542
20
-0.4901711417322834
11
1.3577382283464567
21
-0.4892885826771654
0
LINE
8
BLACK
6
CONTINUOUS
10
1.3577382283464567
20
-0.4892885826771654
11
1.358223031496063
21
-0.4889722440944882
0
LINE
8
BLACK
6
CONTINUOUS
10
1.358223031496063
20
-0.4889722440944882
11
1.3918700787401574
21
-0.4714566929133858
0
LINE
8
BLACK
6
CONTINUOUS
10
1.3918700787401574
20
-0.4714566929133858
11
0.8969094488188977
21
-0.4714566929133858
0
LINE
8
BLACK
6
CONTINUOUS
10
0.8969094488188977
20
-0.4714566929133858
11
0.9305564960629921
21
-0.4889722440944882
0
LINE
8
BLACK
6
CONTINUOUS
10
0.9305564960629921
20
-0.4889722440944882
11
0.9310412598425196
21
-0.4892885826771654
0
LINE
8
BLACK
6
CONTINUOUS
10
0.9310412598425196
20
-0.4892885826771654
11
0.931781811023622
21
-0.4901711417322834
0
LINE
8
BLACK
6
CONTINUOUS
10
0.931781811023622
20
-0.4901711417322834
11
0.9321282677165355
21
-0.4912699212598425
0
LINE
8
BLACK
6
CONTINUOUS
10
0.9321282677165355
20
-0.4912699212598425
11
0.932027874015748
21
-0.4924176377952756
0
LINE
8
BLACK
6
CONTINUOUS
10
0.932027874015748
20
-0.4924176377952756
11
0.9314958661417323
21
-0.4934395669291338
0
LINE
8
BLACK
6
CONTINUOUS
10
0.9314958661417323
20
-0.4934395669291338
11
0.9306133070866142
21
-0.4941801181102362
0
LINE
8
BLACK
6
CONTINUOUS
10
0.9306133070866142
20
-0.4941801181102362
11
0.9295145275590551
21
-0.4945265748031496
0
LINE
8
BLACK
6
CONTINUOUS
10
0.9295145275590551
20
-0.4945265748031496
11
0.9283668110236221
21
-0.4944261811023622
0
LINE
8
BLACK
6
CONTINUOUS
10
0.9283668110236221
20
-0.4944261811023622
11
0.9278296456692913
21
-0.4942105118110236
0
LINE
8
BLACK
6
CONTINUOUS
10
0.9278296456692913
20
-0.4942105118110236
11
0.8877952755905512
21
-0.4733699212598425
0
LINE
8
BLACK
6
CONTINUOUS
10
0.8877952755905512
20
-0.4733699212598425
11
0.8877952755905512
21
-0.4919850393700787
0
LINE
8
BLACK
6
CONTINUOUS
10
0.8877952755905512
20
-0.4919850393700787
11
0.8877385433070866
21
-0.4925611023622047
0
LINE
8
BLACK
6
CONTINUOUS
10
0.8877385433070866
20
-0.4925611023622047
11
0.8872976377952756
21
-0.4936255118110236
0
LINE
8
BLACK
6
CONTINUOUS
10
0.8872976377952756
20
-0.4936255118110236
11
0.8864829921259842
21
-0.4944401574803149
0
LINE
8
BLACK
6
CONTINUOUS
10
0.8864829921259842
20
-0.4944401574803149
11
0.8854185826771653
21
-0.494881062992126
0
LINE
8
BLACK
6
CONTINUOUS
10
0.8854185826771653
20
-0.494881062992126
11
0.8842664566929134
21
-0.494881062992126
0
LINE
8
BLACK
6
CONTINUOUS
10
0.8842664566929134
20
-0.494881062992126
11
0.8832020472440945
21
-0.4944401574803149
0
LINE
8
BLACK
6
CONTINUOUS
10
0.8832020472440945
20
-0.4944401574803149
11
0.8823874015748031
21
-0.4936255118110236
0
LINE
8
BLACK
6
CONTINUOUS
10
0.8823874015748031
20
-0.4936255118110236
11
0.8819464960629921
21
-0.4925611023622047
0
LINE
8
BLACK
6
CONTINUOUS
10
0.8819464960629921
20
-0.4925611023622047
11
0.8818897637795275
21
-0.4919850393700787
0
LINE
8
BLACK
6
CONTINUOUS
10
0.8818897637795275
20
-0.4919850393700787
11
0.8818897637795275
21
-0.4737636220472441
0
LINE
8
BLACK
6
CONTINUOUS
10
0.8818897637795275
20
-0.4737636220472441
11
0.8418553937007874
21
-0.4946042125984252
0
LINE
8
BLACK
6
CONTINUOUS
10
0.8418553937007874
20
-0.4946042125984252
11
0.8413182283464566
21
-0.4948198818897638
0
LINE
8
BLACK
6
CONTINUOUS
10
0.8413182283464566
20
-0.4948198818897638
11
0.8401705118110236
21
-0.4949202755905512
0
LINE
8
BLACK
6
CONTINUOUS
10
0.8401705118110236
20
-0.4949202755905512
11
0.8390717322834645
21
-0.4945738582677165
0
LINE
8
BLACK
6
CONTINUOUS
10
0.8390717322834645
20
-0.4945738582677165
11
0.8381891732283464
21
-0.4938333070866142
0
LINE
8
BLACK
6
CONTINUOUS
10
0.8381891732283464
20
-0.4938333070866142
11
0.8376571653543307
21
-0.4928113385826772
0
LINE
8
BLACK
6
CONTINUOUS
10
0.8376571653543307
20
-0.4928113385826772
11
0.8375567716535433
21
-0.4916636220472441
0
LINE
8
BLACK
6
CONTINUOUS
10
0.8375567716535433
20
-0.4916636220472441
11
0.8379031889763779
21
-0.490564842519685
0
LINE
8
BLACK
6
CONTINUOUS
10
0.8379031889763779
20
-0.490564842519685
11
0.8386437401574803
21
-0.4896822834645669
0
LINE
8
BLACK
6
CONTINUOUS
10
0.8386437401574803
20
-0.4896822834645669
11
0.8391285433070866
21
-0.4893659448818897
0
LINE
8
BLACK
6
CONTINUOUS
10
0.8391285433070866
20
-0.4893659448818897
11
0.872775590551181
21
-0.4718503937007874
0
LINE
8
BLACK
6
CONTINUOUS
10
0.872775590551181
20
-0.4718503937007874
11
0.3284051968503937
21
-0.4718503937007874
0
LINE
8
BLACK
6
CONTINUOUS
10
0.3284051968503937
20
-0.4718503937007874
11
0.3620522440944882
21
-0.4893659448818897
0
LINE
8
BLACK
6
CONTINUOUS
10
0.3620522440944882
20
-0.4893659448818897
11
0.3625370078740157
21
-0.4896822834645669
0
LINE
8
BLACK
6
CONTINUOUS
10
0.3625370078740157
20
-0.4896822834645669
11
0.3632775590551181
21
-0.490564842519685
0
LINE
8
BLACK
6
CONTINUOUS
10
0.3632775590551181
20
-0.490564842519685
11
0.3636240157480315
21
-0.4916636220472441
0
LINE
8
BLACK
6
CONTINUOUS
10
0.3636240157480315
20
-0.4916636220472441
11
0.3635236220472441
21
-0.4928113385826772
0
LINE
8
BLACK
6
CONTINUOUS
10
0.3635236220472441
20
-0.4928113385826772
11
0.3629916141732283
21
-0.4938332677165354
0
LINE
8
BLACK
6
CONTINUOUS
10
0.3629916141732283
20
-0.4938332677165354
11
0.3621090551181102
21
-0.4945738188976378
0
LINE
8
BLACK
6
CONTINUOUS
10
0.3621090551181102
20
-0.4945738188976378
11
0.3610102755905512
21
-0.4949202755905512
0
LINE
8
BLACK
6
CONTINUOUS
10
0.3610102755905512
20
-0.4949202755905512
11
0.3598625590551181
21
-0.4948198818897638
0
LINE
8
BLACK
6
CONTINUOUS
10
0.3598625590551181
20
-0.4948198818897638
11
0.3593253937007874
21
-0.4946042125984252
0
LINE
8
BLACK
6
CONTINUOUS
10
0.3593253937007874
20
-0.4946042125984252
11
0.3192910236220473
21
-0.4737636220472441
0
LINE
8
BLACK
6
CONTINUOUS
10
0.3192910236220473
20
-0.4737636220472441
11
0.3192910236220473
21
-0.4919850393700787
0
LINE
8
BLACK
6
CONTINUOUS
10
0.3192910236220473
20
-0.4919850393700787
11
0.3192342913385827
21
-0.4925611023622047
0
LINE
8
BLACK
6
CONTINUOUS
10
0.3192342913385827
20
-0.4925611023622047
11
0.3187933858267716
21
-0.4936255118110236
0
LINE
8
BLACK
6
CONTINUOUS
10
0.3187933858267716
20
-0.4936255118110236
11
0.3179787401574803
21
-0.4944401574803149
0
LINE
8
BLACK
6
CONTINUOUS
10
0.3179787401574803
20
-0.4944401574803149
11
0.3169143307086614
21
-0.494881062992126
0
LINE
8
BLACK
6
CONTINUOUS
10
0.3169143307086614
20
-0.494881062992126
11
0.3157622047244095
21
-0.494881062992126
0
LINE
8
BLACK
6
CONTINUOUS
10
0.3157622047244095
20
-0.494881062992126
11
0.3146977952755906
21
-0.4944401574803149
0
LINE
8
BLACK
6
CONTINUOUS
10
0.3146977952755906
20
-0.4944401574803149
11
0.3138831496062992
21
-0.4936255118110236
0
LINE
8
BLACK
6
CONTINUOUS
10
0.3138831496062992
20
-0.4936255118110236
11
0.3134422440944882
21
-0.4925611023622047
0
LINE
8
BLACK
6
CONTINUOUS
10
0.3134422440944882
20
-0.4925611023622047
11
0.3133855118110236
21
-0.4919850393700787
0
LINE
8
BLACK
6
CONTINUOUS
10
0.3133855118110236
20
-0.4919850393700787
11
0.3133855118110236
21
-0.0421259842519685
0
LINE
8
BLACK
6
CONTINUOUS
10
0.3133855118110236
20
-0.0421259842519685
11
0.3134422440944882
21
-0.0415499212598425
0
LINE
8
BLACK
6
CONTINUOUS
10
0.3134422440944882
20
-0.0415499212598425
11
0.3138831496062992
21
-0.0404855118110236
0
LINE
8
BLACK
6
CONTINUOUS
10
0.3138831496062992
20
-0.0404855118110236
11
0.3146977952755906
21
-0.0396708661417323
0
LINE
8
BLACK
6
CONTINUOUS
10
0.3146977952755906
20
-0.0396708661417323
11
0.3157622047244095
21
-0.0392299606299213
0
LINE
8
BLACK
6
CONTINUOUS
10
0.3157622047244095
20
-0.0392299606299213
11
0.3169143307086614
21
-0.0392299606299213
0
LINE
8
BLACK
6
CONTINUOUS
10
0.3169143307086614
20
-0.0392299606299213
11
0.3179787401574803
21
-0.0396708661417323
0
LINE
8
BLACK
6
CONTINUOUS
10
0.3179787401574803
20
-0.0396708661417323
11
0.3187933858267716
21
-0.0404855118110236
0
LINE
8
BLACK
6
CONTINUOUS
10
0.3187933858267716
20
-0.0404855118110236
11
0.3192342913385827
21
-0.0415499212598425
0
LINE
8
BLACK
6
CONTINUOUS
10
0.3192342913385827
20
-0.0415499212598425
11
0.3192910236220473
21
-0.0421259842519685
0
LINE
8
BLACK
6
CONTINUOUS
10
0.3192910236220473
20
-0.0421259842519685
11
0.3192910236220473
21
-0.4640316141732284
0
LINE
8
BLACK
6
CONTINUOUS
10
0.3192910236220473
20
-0.4640316141732284
11
0.3593253937007874
21
-0.443191062992126
0
LINE
8
BLACK
6
CONTINUOUS
10
0.3593253937007874
20
-0.443191062992126
11
0.3598625590551181
21
-0.4429753937007874
0
LINE
8
BLACK
6
CONTINUOUS
10
0.3598625590551181
20
-0.4429753937007874
11
0.3610102755905512
21
-0.442875
0
LINE
8
BLACK
6
CONTINUOUS
10
0.3610102755905512
20
-0.442875
11
0.3621090551181102
21
-0.4432214566929134
0
LINE
8
BLACK
6
CONTINUOUS
10
0.3621090551181102
20
-0.4432214566929134
11
0.3629916141732283
21
-0.4439620078740157
0
LINE
8
BLACK
6
CONTINUOUS
10
0.3629916141732283
20
-0.4439620078740157
11
0.3635236220472441
21
-0.444983937007874
0
LINE
8
BLACK
6
CONTINUOUS
10
0.3635236220472441
20
-0.444983937007874
11
0.3636240157480315
21
-0.4461316535433071
0
LINE
8
BLACK
6
CONTINUOUS
10
0.3636240157480315
20
-0.4461316535433071
11
0.3632775590551181
21
-0.4472304330708661
0
LINE
8
BLACK
6
CONTINUOUS
10
0.3632775590551181
20
-0.4472304330708661
11
0.3625370078740157
21
-0.4481129921259843
0
LINE
8
BLACK
6
CONTINUOUS
10
0.3625370078740157
20
-0.4481129921259843
11
0.3620522440944882
21
-0.4484293307086614
0
LINE
8
BLACK
6
CONTINUOUS
10
0.3620522440944882
20
-0.4484293307086614
11
0.3284051968503937
21
-0.4659448818897638
0
LINE
8
BLACK
6
CONTINUOUS
10
0.3284051968503937
20
-0.4659448818897638
11
0.872775590551181
21
-0.4659448818897638
0
LINE
8
BLACK
6
CONTINUOUS
10
0.872775590551181
20
-0.4659448818897638
11
0.8391285433070866
21
-0.4484293307086614
0
LINE
8
BLACK
6
CONTINUOUS
10
0.8391285433070866
20
-0.4484293307086614
11
0.8386437401574803
21
-0.4481129921259843
0
LINE
8
BLACK
6
CONTINUOUS
10
0.8386437401574803
20
-0.4481129921259843
11
0.8379031889763779
21
-0.4472304330708661
0
LINE
8
BLACK
6
CONTINUOUS
10
0.8379031889763779
20
-0.4472304330708661
11
0.8375567716535433
21
-0.4461316535433071
0
LINE
8
BLACK
6
CONTINUOUS
10
0.8375567716535433
20
-0.4461316535433071
11
0.8376571653543307
21
-0.444983937007874
0
LINE
8
BLACK
6
CONTINUOUS
10
0.8376571653543307
20
-0.444983937007874
11
0.8381891732283464
21
-0.443961968503937
0
LINE
8
BLACK
6
CONTINUOUS
10
0.8381891732283464
20
-0.443961968503937
11
0.8390717322834645
21
-0.4432214173228347
0
LINE
8
BLACK
6
CONTINUOUS
10
0.8390717322834645
20
-0.4432214173228347
11
0.8401705118110236
21
-0.442875
0
LINE
8
BLACK
6
CONTINUOUS
10
0.8401705118110236
20
-0.442875
11
0.8413182283464566
21
-0.4429753937007874
0
LINE
8
BLACK
6
CONTINUOUS
10
0.8413182283464566
20
-0.4429753937007874
11
0.8418553937007874
21
-0.443191062992126
0
LINE
8
BLACK
6
CONTINUOUS
10
0.8418553937007874
20
-0.443191062992126
11
0.8818897637795275
21
-0.4640316141732284
0
LINE
8
BLACK
6
CONTINUOUS
10
0.8818897637795275
20
-0.4640316141732284
11
0.8818897637795275
21
-0.0555120866141732
0
LINE
8
BLACK
6
CONTINUOUS
10
0.8818897637795275
20
-0.0555120866141732
11
0.8423225196850394
21
-0.0555120866141732
0
LINE
8
BLACK
6
CONTINUOUS
10
0.8423225196850394
20
-0.0555120866141732
11
0.8417464566929134
21
-0.0554553543307087
0
LINE
8
BLACK
6
CONTINUOUS
10
0.8417464566929134
20
-0.0554553543307087
11
0.8406820472440945
21
-0.0550144488188976
0
LINE
8
BLACK
6
CONTINUOUS
10
0.8406820472440945
20
-0.0550144488188976
11
0.8398674015748031
21
-0.0541998031496063
0
LINE
8
BLACK
6
CONTINUOUS
10
0.8398674015748031
20
-0.0541998031496063
11
0.8394264960629921
21
-0.0531353937007874
0
LINE
8
BLACK
6
CONTINUOUS
10
0.8394264960629921
20
-0.0531353937007874
11
0.8394264960629921
21
-0.0519832677165354
0
LINE
8
BLACK
6
CONTINUOUS
10
0.8394264960629921
20
-0.0519832677165354
11
0.8398674015748031
21
-0.0509188582677165
0
LINE
8
BLACK
6
CONTINUOUS
10
0.8398674015748031
20
-0.0509188582677165
11
0.8406820472440945
21
-0.0501042125984252
0
LINE
8
BLACK
6
CONTINUOUS
10
0.8406820472440945
20
-0.0501042125984252
11
0.8417464566929134
21
-0.0496633070866142
0
LINE
8
BLACK
6
CONTINUOUS
10
0.8417464566929134
20
-0.0496633070866142
11
0.8423225196850394
21
-0.0496065748031496
0
LINE
8
BLACK
6
CONTINUOUS
10
0.8423225196850394
20
-0.0496065748031496
11
0.8818897637795275
21
-0.0496065748031496
0
LINE
8
BLACK
6
CONTINUOUS
10
0.8818897637795275
20
-0.0496065748031496
11
0.8818897637795275
21
-0.0421259842519685
0
LINE
8
BLACK
6
CONTINUOUS
10
0.8818897637795275
20
-0.0421259842519685
11
0.8819464960629921
21
-0.0415499212598425
0
LINE
8
BLACK
6
CONTINUOUS
10
0.8819464960629921
20
-0.0415499212598425
11
0.8823874015748031
21
-0.0404855118110236
0
LINE
8
BLACK
6
CONTINUOUS
10
0.8823874015748031
20
-0.0404855118110236
11
0.8832020472440945
21
-0.0396708661417323
0
LINE
8
BLACK
6
CONTINUOUS
10
0.8832020472440945
20
-0.0396708661417323
11
0.8842664566929134
21
-0.0392299606299213
0
LINE
8
BLACK
6
CONTINUOUS
10
0.8842664566929134
20
-0.0392299606299213
11
0.8854185826771653
21
-0.0392299606299213
0
LINE
8
BLACK
6
CONTINUOUS
10
0.8854185826771653
20
-0.0392299606299213
11
0.8864829921259842
21
-0.0396708661417323
0
LINE
8
BLACK
6
CONTINUOUS
10
0.8864829921259842
20
-0.0396708661417323
11
0.8872976377952756
21
-0.0404855118110236
0
LINE
8
BLACK
6
CONTINUOUS
10
0.8872976377952756
20
-0.0404855118110236
11
0.8877385433070866
21
-0.0415499212598425
0
LINE
8
BLACK
6
CONTINUOUS
10
0.8877385433070866
20
-0.0415499212598425
11
0.8877952755905512
21
-0.0421259842519685
0
LINE
8
BLACK
6
CONTINUOUS
10
0.8877952755905512
20
-0.0421259842519685
11
0.8877952755905512
21
-0.0496065748031496
0
LINE
8
BLACK
6
CONTINUOUS
10
0.8877952755905512
20
-0.0496065748031496
11
1.4009842519685038
21
-0.0496065748031496
0
LINE
8
BLACK
6
CONTINUOUS
10
1.4009842519685038
20
-0.0496065748031496
11
1.4009842519685038
21
-0.0421259842519685
0
LINE
8
BLACK
6
CONTINUOUS
10
1.4009842519685038
20
-0.0421259842519685
11
1.4010409842519684
21
-0.0415499212598425
0
LINE
8
BLACK
6
CONTINUOUS
10
1.4010409842519684
20
-0.0415499212598425
11
1.4014818897637795
21
-0.0404855118110236
0
LINE
8
BLACK
6
CONTINUOUS
10
1.4014818897637795
20
-0.0404855118110236
11
1.4022965354330708
21
-0.0396708661417323
0
LINE
8
BLACK
6
CONTINUOUS
10
1.4022965354330708
20
-0.0396708661417323
11
1.4033609448818898
21
-0.0392299606299213
0
LINE
8
BLACK
6
CONTINUOUS
10
1.4033609448818898
20
-0.0392299606299213
11
1.4045130708661417
21
-0.0392299606299213
0
LINE
8
BLACK
6
CONTINUOUS
10
1.4045130708661417
20
-0.0392299606299213
11
1.4055774803149605
21
-0.0396708661417323
0
LINE
8
BLACK
6
CONTINUOUS
10
1.4055774803149605
20
-0.0396708661417323
11
1.406392125984252
21
-0.0404855118110236
0
LINE
8
BLACK
6
CONTINUOUS
10
1.406392125984252
20
-0.0404855118110236
11
1.4068330314960629
21
-0.0415499212598425
0
LINE
8
BLACK
6
CONTINUOUS
10
1.4068330314960629
20
-0.0415499212598425
11
1.4068897637795275
21
-0.0421259842519685
0
LINE
8
BLACK
6
CONTINUOUS
10
1.4068897637795275
20
-0.0421259842519685
11
1.4068897637795275
21
-0.0496065748031496
0
LINE
8
BLACK
6
CONTINUOUS
10
1.4068897637795275
20
-0.0496065748031496
11
1.6411970078740157
21
-0.0496065748031496
0
LINE
8
BLACK
6
CONTINUOUS
10
1.6411970078740157
20
-0.0496065748031496
11
1.6203564173228346
21
-0.0095722047244094
0
LINE
8
BLACK
6
CONTINUOUS
10
1.6203564173228346
20
-0.0095722047244094
11
1.620140748031496
21
-0.0090350393700787
0
LINE
8
BLACK
6
CONTINUOUS
10
1.620140748031496
20
-0.0090350393700787
11
1.6200403543307087
21
-0.0078873228346457
0
LINE
8
BLACK
6
CONTINUOUS
10
1.6200403543307087
20
-0.0078873228346457
11
1.6203867716535432
21
-0.0067885433070866
0
LINE
8
BLACK
6
CONTINUOUS
10
1.6203867716535432
20
-0.0067885433070866
11
1.6211273228346457
21
-0.0059059842519685
0
LINE
8
BLACK
6
CONTINUOUS
10
1.6211273228346457
20
-0.0059059842519685
11
1.6221492913385827
21
-0.0053739763779528
0
LINE
8
BLACK
6
CONTINUOUS
10
1.6221492913385827
20
-0.0053739763779528
11
1.6232970078740157
21
-0.0052735826771654
0
LINE
8
BLACK
6
CONTINUOUS
10
1.6232970078740157
20
-0.0052735826771654
11
1.6243957874015749
21
-0.00562
0
LINE
8
BLACK
6
CONTINUOUS
10
1.6243957874015749
20
-0.00562
11
1.6252783464566929
21
-0.0063605511811024
0
LINE
8
BLACK
6
CONTINUOUS
10
1.6252783464566929
20
-0.0063605511811024
11
1.6255946850393701
21
-0.0068453543307087
0
LINE
8
BLACK
6
CONTINUOUS
10
1.6255946850393701
20
-0.0068453543307087
11
1.6431102362204724
21
-0.0404924015748031
0
LINE
8
BLACK
6
CONTINUOUS
10
1.6431102362204724
20
-0.0404924015748031
11
1.6431102362204724
21
0.0609649212598425
0
LINE
8
BLACK
6
CONTINUOUS
10
1.6431102362204724
20
0.0609649212598425
11
1.6255946850393701
21
0.0273178346456693
0
LINE
8
BLACK
6
CONTINUOUS
10
1.6255946850393701
20
0.0273178346456693
11
1.6252783464566929
21
0.026833031496063
0
LINE
8
BLACK
6
CONTINUOUS
10
1.6252783464566929
20
0.026833031496063
11
1.6243957874015749
21
0.0260924803149606
0
LINE
8
BLACK
6
CONTINUOUS
10
1.6243957874015749
20
0.0260924803149606
11
1.6232970078740157
21
0.025746062992126
0
LINE
8
BLACK
6
CONTINUOUS
10
1.6232970078740157
20
0.025746062992126
11
1.6221492913385827
21
0.0258464566929134
0
LINE
8
BLACK
6
CONTINUOUS
10
1.6221492913385827
20
0.0258464566929134
11
1.6211273228346457
21
0.0263784645669291
0
LINE
8
BLACK
6
CONTINUOUS
10
1.6211273228346457
20
0.0263784645669291
11
1.6203867716535432
21
0.0272610236220472
0
LINE
8
BLACK
6
CONTINUOUS
10
1.6203867716535432
20
0.0272610236220472
11
1.6200403543307087
21
0.0283598031496063
0
LINE
8
BLACK
6
CONTINUOUS
10
1.6200403543307087
20
0.0283598031496063
11
1.620140748031496
21
0.0295075196850394
0
LINE
8
BLACK
6
CONTINUOUS
10
1.620140748031496
20
0.0295075196850394
11
1.6203564173228346
21
0.0300446850393701
0
LINE
8
BLACK
6
CONTINUOUS
10
1.6203564173228346
20
0.0300446850393701
11
1.6411970078740157
21
0.0700790551181102
0
LINE
8
BLACK
6
CONTINUOUS
10
1.6411970078740157
20
0.0700790551181102
11
0.8423225196850394
21
0.0700790551181102
0
LINE
8
BLACK
6
CONTINUOUS
10
0.8423225196850394
20
0.0700790551181102
11
0.8417464566929134
21
0.0701357874015748
0
LINE
8
BLACK
6
CONTINUOUS
10
0.8417464566929134
20
0.0701357874015748
11
0.8406820472440945
21
0.0705766929133858
0
LINE
8
BLACK
6
CONTINUOUS
10
0.8406820472440945
20
0.0705766929133858
11
0.8398674015748031
21
0.0713913385826772
0
LINE
8
BLACK
6
CONTINUOUS
10
0.8398674015748031
20
0.0713913385826772
11
0.8394264960629921
21
0.0724557480314961
0
LINE
8
BLACK
6
CONTINUOUS
10
0.8394264960629921
20
0.0724557480314961
11
0.8394264960629921
21
0.073607874015748
0
LINE
8
BLACK
6
CONTINUOUS
10
0.8394264960629921
20
0.073607874015748
11
0.8398674015748031
21
0.0746722834645669
0
LINE
8
BLACK
6
CONTINUOUS
10
0.8398674015748031
20
0.0746722834645669
11
0.8406820472440945
21
0.0754869291338583
0
LINE
8
BLACK
6
CONTINUOUS
10
0.8406820472440945
20
0.0754869291338583
11
0.8417464566929134
21
0.0759278346456693
0
LINE
8
BLACK
6
CONTINUOUS
10
0.8417464566929134
20
0.0759278346456693
11
0.8423225196850394
21
0.0759845669291339
0
LINE
8
BLACK
6
CONTINUOUS
10
0.8423225196850394
20
0.0759845669291339
11
1.6691503937007874
21
0.0759845669291339
0
LINE
8
BLACK
6
CONTINUOUS
10
1.6691503937007874
20
0.0759845669291339
11
1.6697264566929133
21
0.0759278346456693
0
LINE
8
BLACK
6
CONTINUOUS
10
1.6697264566929133
20
0.0759278346456693
11
1.6707908661417323
21
0.0754869291338583
0
LINE
8
BLACK
6
CONTINUOUS
10
1.6707908661417323
20
0.0754869291338583
11
1.6716055118110236
21
0.0746722834645669
0
LINE
8
BLACK
6
CONTINUOUS
10
1.6716055118110236
20
0.0746722834645669
11
1.6720464173228347
21
0.073607874015748
0
LINE
8
BLACK
6
CONTINUOUS
10
1.6720464173228347
20
0.073607874015748
11
1.6720464173228347
21
0.0724557480314961
0
LINE
8
BLACK
6
CONTINUOUS
10
1.6720464173228347
20
0.0724557480314961
11
1.6716055118110236
21
0.0713913385826772
0
LINE
8
BLACK
6
CONTINUOUS
10
1.6716055118110236
20
0.0713913385826772
11
1.6707908661417323
21
0.0705766929133858
0
LINE
8
BLACK
6
CONTINUOUS
10
1.6707908661417323
20
0.0705766929133858
11
1.6697264566929133
21
0.0701357874015748
0
LINE
8
BLACK
6
CONTINUOUS
10
1.6697264566929133
20
0.0701357874015748
11
1.6691503937007874
21
0.0700790551181102
0
LINE
8
BLACK
6
CONTINUOUS
10
1.6691503937007874
20
0.0700790551181102
11
1.6509289763779527
21
0.0700790551181102
0
LINE
8
BLACK
6
CONTINUOUS
10
1.6509289763779527
20
0.0700790551181102
11
1.6717695669291339
21
0.0300446850393701
0
LINE
8
BLACK
6
CONTINUOUS
10
1.6717695669291339
20
0.0300446850393701
11
1.6719852362204723
21
0.0295075196850394
0
LINE
8
BLACK
6
CONTINUOUS
10
1.6719852362204723
20
0.0295075196850394
11
1.6720856299212599
21
0.0283598031496063
0
LINE
8
BLACK
6
CONTINUOUS
10
1.6720856299212599
20
0.0283598031496063
11
1.6717391732283464
21
0.0272610236220472
0
LINE
8
BLACK
6
CONTINUOUS
10
1.6717391732283464
20
0.0272610236220472
11
1.6709986220472441
21
0.0263784645669291
0
LINE
8
BLACK
6
CONTINUOUS
10
1.6709986220472441
20
0.0263784645669291
11
1.6699766929133857
21
0.0258464566929134
0
LINE
8
BLACK
6
CONTINUOUS
10
1.6699766929133857
20
0.0258464566929134
11
1.6688289763779527
21
0.025746062992126
0
LINE
8
BLACK
6
CONTINUOUS
10
1.6688289763779527
20
0.025746062992126
11
1.6677301968503937
21
0.0260925196850394
0
LINE
8
BLACK
6
CONTINUOUS
10
1.6677301968503937
20
0.0260925196850394
11
1.6668476377952754
21
0.0268330708661417
0
LINE
8
BLACK
6
CONTINUOUS
10
1.6668476377952754
20
0.0268330708661417
11
1.6665312992125985
21
0.0273178346456693
0
LINE
8
BLACK
6
CONTINUOUS
10
1.6665312992125985
20
0.0273178346456693
11
1.649015748031496
21
0.0609649212598425
0
LINE
8
BLACK
6
CONTINUOUS
10
1.649015748031496
20
0.0609649212598425
11
1.649015748031496
21
-0.0404924015748031
0
LINE
8
BLACK
6
CONTINUOUS
10
1.649015748031496
20
-0.0404924015748031
11
1.6665312992125985
21
-0.0068453543307087
0
LINE
8
BLACK
6
CONTINUOUS
10
1.6665312992125985
20
-0.0068453543307087
11
1.6668476377952754
21
-0.0063605905511811
0
LINE
8
BLACK
6
CONTINUOUS
10
1.6668476377952754
20
-0.0063605905511811
11
1.6677301968503937
21
-0.0056200393700787
0
LINE
8
BLACK
6
CONTINUOUS
10
1.6677301968503937
20
-0.0056200393700787
11
1.6688289763779527
21
-0.0052735826771654
0
LINE
8
BLACK
6
CONTINUOUS
10
1.6688289763779527
20
-0.0052735826771654
11
1.6699766929133857
21
-0.0053739763779528
0
LINE
8
BLACK
6
CONTINUOUS
10
1.6699766929133857
20
-0.0053739763779528
11
1.6709986220472441
21
-0.0059059842519685
0
LINE
8
BLACK
6
CONTINUOUS
10
1.6709986220472441
20
-0.0059059842519685
11
1.6717391732283464
21
-0.0067885433070866
0
LINE
8
BLACK
6
CONTINUOUS
10
1.6717391732283464
20
-0.0067885433070866
11
1.6720856299212599
21
-0.0078873228346457
0
LINE
8
BLACK
6
CONTINUOUS
10
1.6720856299212599
20
-0.0078873228346457
11
1.6719852362204723
21
-0.0090350393700787
0
LINE
8
BLACK
6
CONTINUOUS
10
1.6719852362204723
20
-0.0090350393700787
11
1.6717695669291339
21
-0.0095722047244094
0
LINE
8
BLACK
6
CONTINUOUS
10
1.6717695669291339
20
-0.0095722047244094
11
1.6509289763779527
21
-0.0496065748031496
0
LINE
8
BLACK
6
CONTINUOUS
10
1.6509289763779527
20
-0.0496065748031496
11
1.6691503937007874
21
-0.0496065748031496
0
LINE
8
BLACK
6
CONTINUOUS
10
1.6691503937007874
20
-0.0496065748031496
11
1.6697264566929133
21
-0.0496633070866142
0
LINE
8
BLACK
6
CONTINUOUS
10
1.6697264566929133
20
-0.0496633070866142
11
1.6707908661417323
21
-0.0501042125984252
0
LINE
8
BLACK
6
CONTINUOUS
10
1.6707908661417323
20
-0.0501042125984252
11
1.6716055118110236
21
-0.0509188582677165
0
LINE
8
BLACK
6
CONTINUOUS
10
1.6716055118110236
20
-0.0509188582677165
11
1.6720464173228347
21
-0.0519832677165354
0
LINE
8
BLACK
6
CONTINUOUS
10
1.6720464173228347
20
-0.0519832677165354
11
1.6720464173228347
21
-0.0531353937007874
0
LINE
8
BLACK
6
CONTINUOUS
10
1.6720464173228347
20
-0.0531353937007874
11
1.6716055118110236
21
-0.0541998031496063
0
LINE
8
BLACK
6
CONTINUOUS
10
1.6716055118110236
20
-0.0541998031496063
11
1.6707908661417323
21
-0.0550144488188976
0
LINE
8
BLACK
6
CONTINUOUS
10
1.6707908661417323
20
-0.0550144488188976
11
1.6697264566929133
21
-0.0554553543307087
0
LINE
8
BLACK
6
CONTINUOUS
10
1.6697264566929133
20
-0.0554553543307087
11
1.6691503937007874
21
-0.0555120866141732
0
LINE
8
BLACK
6
CONTINUOUS
10
1.6691503937007874
20
-0.0555120866141732
11
1.4068897637795275
21
-0.0555120866141732
0
LINE
8
BLACK
6
CONTINUOUS
10
1.4068897637795275
20
-0.0555120866141732
11
1.4068897637795275
21
-0.1889444881889764
0
LINE
8
BLACK
6
CONTINUOUS
10
1.4068897637795275
20
-0.1889444881889764
11
1.4072299212598425
21
-0.1881233070866142
0
LINE
8
BLACK
6
CONTINUOUS
10
1.4072299212598425
20
-0.1881233070866142
11
1.4080445669291339
21
-0.1873086614173228
0
LINE
8
BLACK
6
CONTINUOUS
10
1.4080445669291339
20
-0.1873086614173228
11
1.4091089763779527
21
-0.1868677559055118
0
LINE
8
BLACK
6
CONTINUOUS
10
1.4091089763779527
20
-0.1868677559055118
11
1.4096850393700786
21
-0.1868110236220472
0
LINE
8
BLACK
6
CONTINUOUS
10
1.4096850393700786
20
-0.1868110236220472
11
1.7951340157480316
21
-0.1868110236220472
0
LINE
8
BLACK
6
CONTINUOUS
10
1.7951340157480316
20
-0.1868110236220472
11
1.7742934251968503
21
-0.1467766535433071
0
LINE
8
BLACK
6
CONTINUOUS
10
1.7742934251968503
20
-0.1467766535433071
11
1.7740777559055119
21
-0.1462394881889764
0
LINE
8
BLACK
6
CONTINUOUS
10
1.7740777559055119
20
-0.1462394881889764
11
1.7739773622047244
21
-0.1450917716535433
0
LINE
8
BLACK
6
CONTINUOUS
10
1.7739773622047244
20
-0.1450917716535433
11
1.774323779527559
21
-0.1439929921259842
0
LINE
8
BLACK
6
CONTINUOUS
10
1.774323779527559
20
-0.1439929921259842
11
1.7750643307086613
21
-0.1431104330708661
0
LINE
8
BLACK
6
CONTINUOUS
10
1.7750643307086613
20
-0.1431104330708661
11
1.7760862992125983
21
-0.1425784251968504
0
LINE
8
BLACK
6
CONTINUOUS
10
1.7760862992125983
20
-0.1425784251968504
11
1.7772340157480315
21
-0.142478031496063
0
LINE
8
BLACK
6
CONTINUOUS
10
1.7772340157480315
20
-0.142478031496063
11
1.7783327952755905
21
-0.1428244488188976
0
LINE
8
BLACK
6
CONTINUOUS
10
1.7783327952755905
20
-0.1428244488188976
11
1.7792153543307085
21
-0.143565
0
LINE
8
BLACK
6
CONTINUOUS
10
1.7792153543307085
20
-0.143565
11
1.7795316929133858
21
-0.1440498031496063
0
LINE
8
BLACK
6
CONTINUOUS
10
1.7795316929133858
20
-0.1440498031496063
11
1.7970472440944882
21
-0.1776968503937008
0
LINE
8
BLACK
6
CONTINUOUS
10
1.7970472440944882
20
-0.1776968503937008
11
1.7970472440944882
21
2.1554921653543309
0
LINE
8
BLACK
6
CONTINUOUS
10
1.7970472440944882
20
2.1554921653543309
11
1.7795316929133858
21
2.1218450787401575
0
LINE
8
BLACK
6
CONTINUOUS
10
1.7795316929133858
20
2.1218450787401575
11
1.7792153543307085
21
2.121360275590551
0
LINE
8
BLACK
6
CONTINUOUS
10
1.7792153543307085
20
2.121360275590551
11
1.7783327952755905
21
2.1206197244094489
0
LINE
8
BLACK
6
CONTINUOUS
10
1.7783327952755905
20
2.1206197244094489
11
1.7772340157480315
21
2.120273307086614
0
LINE
8
BLACK
6
CONTINUOUS
10
1.7772340157480315
20
2.120273307086614
11
1.7760862992125983
21
2.1203737007874017
0
LINE
8
BLACK
6
CONTINUOUS
10
1.7760862992125983
20
2.1203737007874017
11
1.7750643307086613
21
2.1209057086614171
0
LINE
8
BLACK
6
CONTINUOUS
10
1.7750643307086613
20
2.1209057086614171
11
1.774323779527559
21
2.1217882677165352
0
LINE
8
BLACK
6
CONTINUOUS
10
1.774323779527559
20
2.1217882677165352
11
1.7739773622047244
21
2.1228870472440944
0
LINE
8
BLACK
6
CONTINUOUS
10
1.7739773622047244
20
2.1228870472440944
11
1.7740777559055119
21
2.1240347637795276
0
LINE
8
BLACK
6
CONTINUOUS
10
1.7740777559055119
20
2.1240347637795276
11
1.7742934251968503
21
2.1245719291338583
0
LINE
8
BLACK
6
CONTINUOUS
10
1.7742934251968503
20
2.1245719291338583
11
1.7951340157480316
21
2.1646062992125983
0
LINE
8
BLACK
6
CONTINUOUS
10
1.7951340157480316
20
2.1646062992125983
11
1.4096850393700786
21
2.1646062992125983
0
LINE
8
BLACK
6
CONTINUOUS
10
1.4096850393700786
20
2.1646062992125983
11
1.4091089763779527
21
2.1646630314960631
0
LINE
8
BLACK
6
CONTINUOUS
10
1.4091089763779527
20
2.1646630314960631
11
1.4080445669291339
21
2.1651039370078742
0
LINE
8
BLACK
6
CONTINUOUS
10
1.4080445669291339
20
2.1651039370078742
11
1.4072299212598425
21
2.1659185826771652
0
LINE
8
BLACK
6
CONTINUOUS
10
1.4072299212598425
20
2.1659185826771652
11
1.4067890157480314
21
2.166982992125984
0
LINE
8
BLACK
6
CONTINUOUS
10
1.4067890157480314
20
2.166982992125984
11
1.4067890157480314
21
2.1681351181102362
0
LINE
8
BLACK
6
CONTINUOUS
10
1.4067890157480314
20
2.1681351181102362
11
1.4072299212598425
21
2.169199527559055
0
LINE
8
BLACK
6
CONTINUOUS
10
1.4072299212598425
20
2.169199527559055
11
1.4080445669291339
21
2.1700141732283464
0
LINE
8
BLACK
6
CONTINUOUS
10
1.4080445669291339
20
2.1700141732283464
11
1.4091089763779527
21
2.1704550787401575
0
LINE
8
BLACK
6
CONTINUOUS
10
1.4091089763779527
20
2.1704550787401575
11
1.4096850393700786
21
2.1705118110236219
0
LINE
8
BLACK
6
CONTINUOUS
10
1.4096850393700786
20
2.1705118110236219
11
1.8230874015748031
21
2.1705118110236219
0
LINE
8
BLACK
6
CONTINUOUS
10
1.8230874015748031
20
2.1705118110236219
11
1.8236634645669292
21
2.1704550787401575
0
LINE
8
BLACK
6
CONTINUOUS
10
0.8877952755905512
20
-0.0555120866141732
11
0.8877952755905512
21
-0.4636379133858268
0
LINE
8
BLACK
6
CONTINUOUS
10
0.8877952755905512
20
-0.4636379133858268
11
0.9278296456692913
21
-0.4427973622047244
0
LINE
8
BLACK
6
CONTINUOUS
10
0.9278296456692913
20
-0.4427973622047244
11
0.9283668110236221
21
-0.4425816929133858
0
LINE
8
BLACK
6
CONTINUOUS
10
0.9283668110236221
20
-0.4425816929133858
11
0.9295145275590551
21
-0.4424812992125984
0
LINE
8
BLACK
6
CONTINUOUS
10
0.9295145275590551
20
-0.4424812992125984
11
0.9306133070866142
21
-0.4428277559055118
0
LINE
8
BLACK
6
CONTINUOUS
10
0.9306133070866142
20
-0.4428277559055118
11
0.9314958661417323
21
-0.4435683070866142
0
LINE
8
BLACK
6
CONTINUOUS
10
0.9314958661417323
20
-0.4435683070866142
11
0.932027874015748
21
-0.4445902362204724
0
LINE
8
BLACK
6
CONTINUOUS
10
0.932027874015748
20
-0.4445902362204724
11
0.9321282677165355
21
-0.4457379527559055
0
LINE
8
BLACK
6
CONTINUOUS
10
0.9321282677165355
20
-0.4457379527559055
11
0.931781811023622
21
-0.4468367322834645
0
LINE
8
BLACK
6
CONTINUOUS
10
0.931781811023622
20
-0.4468367322834645
11
0.9310412598425196
21
-0.4477192913385827
0
LINE
8
BLACK
6
CONTINUOUS
10
0.9310412598425196
20
-0.4477192913385827
11
0.9305564960629921
21
-0.4480356299212598
0
LINE
8
BLACK
6
CONTINUOUS
10
0.9305564960629921
20
-0.4480356299212598
11
0.8969094488188977
21
-0.4655511811023622
0
LINE
8
BLACK
6
CONTINUOUS
10
0.8969094488188977
20
-0.4655511811023622
11
1.3918700787401574
21
-0.4655511811023622
0
LINE
8
BLACK
6
CONTINUOUS
10
1.3918700787401574
20
-0.4655511811023622
11
1.358223031496063
21
-0.4480356299212598
0
LINE
8
BLACK
6
CONTINUOUS
10
1.358223031496063
20
-0.4480356299212598
11
1.3577382283464567
21
-0.4477192913385827
0
LINE
8
BLACK
6
CONTINUOUS
10
1.3577382283464567
20
-0.4477192913385827
11
1.3569976771653542
21
-0.4468367322834645
0
LINE
8
BLACK
6
CONTINUOUS
10
1.3569976771653542
20
-0.4468367322834645
11
1.3566512598425196
21
-0.4457379527559055
0
LINE
8
BLACK
6
CONTINUOUS
10
1.3566512598425196
20
-0.4457379527559055
11
1.3567516535433071
21
-0.4445902362204724
0
LINE
8
BLACK
6
CONTINUOUS
10
1.3567516535433071
20
-0.4445902362204724
11
1.3572836614173227
21
-0.4435682677165354
0
LINE
8
BLACK
6
CONTINUOUS
10
1.3572836614173227
20
-0.4435682677165354
11
1.358166220472441
21
-0.4428277165354331
0
LINE
8
BLACK
6
CONTINUOUS
10
1.358166220472441
20
-0.4428277165354331
11
1.3592649999999999
21
-0.4424812992125984
0
LINE
8
BLACK
6
CONTINUOUS
10
1.3592649999999999
20
-0.4424812992125984
11
1.3604127165354329
21
-0.4425816929133858
0
LINE
8
BLACK
6
CONTINUOUS
10
1.3604127165354329
20
-0.4425816929133858
11
1.3609498818897638
21
-0.4427973622047244
0
LINE
8
BLACK
6
CONTINUOUS
10
1.3609498818897638
20
-0.4427973622047244
11
1.4009842519685038
21
-0.4636379133858268
0
LINE
8
BLACK
6
CONTINUOUS
10
1.4009842519685038
20
-0.4636379133858268
11
1.4009842519685038
21
-0.0555120866141732
0
LINE
8
BLACK
6
CONTINUOUS
10
1.4009842519685038
20
-0.0555120866141732
11
0.8877952755905512
21
-0.0555120866141732
0
LINE
8
BLACK
6
CONTINUOUS
10
0.4302703937007874
20
-0.3992622047244094
11
0.4305627952755905
21
-0.3992622047244094
0
LINE
8
BLACK
6
CONTINUOUS
10
0.4305627952755905
20
-0.3992622047244094
11
0.4308300393700787
21
-0.3993729133858268
0
LINE
8
BLACK
6
CONTINUOUS
10
0.4308300393700787
20
-0.3993729133858268
11
0.4311138582677165
21
-0.3994290551181102
0
LINE
8
BLACK
6
CONTINUOUS
10
0.4311138582677165
20
-0.3994290551181102
11
0.431357125984252
21
-0.3995912204724409
0
LINE
8
BLACK
6
CONTINUOUS
10
0.431357125984252
20
-0.3995912204724409
11
0.4316272047244095
21
-0.3997031102362205
0
LINE
8
BLACK
6
CONTINUOUS
10
0.4316272047244095
20
-0.3997031102362205
11
0.4318316535433071
21
-0.3999075590551181
0
LINE
8
BLACK
6
CONTINUOUS
10
0.4318316535433071
20
-0.3999075590551181
11
0.4320724803149606
21
-0.4000681102362205
0
LINE
8
BLACK
6
CONTINUOUS
10
0.4320724803149606
20
-0.4000681102362205
11
0.4322351968503937
21
-0.4003111023622047
0
LINE
8
BLACK
6
CONTINUOUS
10
0.4322351968503937
20
-0.4003111023622047
11
0.4324418503937008
21
-0.4005177559055118
0
LINE
8
BLACK
6
CONTINUOUS
10
0.4324418503937008
20
-0.4005177559055118
11
0.4325525196850394
21
-0.4007849606299212
0
LINE
8
BLACK
6
CONTINUOUS
10
0.4325525196850394
20
-0.4007849606299212
11
0.4327135433070866
21
-0.4010253937007874
0
LINE
8
BLACK
6
CONTINUOUS
10
0.4327135433070866
20
-0.4010253937007874
11
0.4327708661417323
21
-0.4013120472440945
0
LINE
8
BLACK
6
CONTINUOUS
10
0.4327708661417323
20
-0.4013120472440945
11
0.4328827559055118
21
-0.4015821653543307
0
LINE
8
BLACK
6
CONTINUOUS
10
0.4328827559055118
20
-0.4015821653543307
11
0.4329388582677166
21
-0.4021520866141732
0
LINE
8
BLACK
6
CONTINUOUS
10
0.4329388582677166
20
-0.4021520866141732
11
0.4329394881889764
21
-0.4021551181102362
0
LINE
8
BLACK
6
CONTINUOUS
10
0.4329394881889764
20
-0.4021551181102362
11
0.4329392519685039
21
-0.4021561417322835
0
LINE
8
BLACK
6
CONTINUOUS
10
0.4329392519685039
20
-0.4021561417322835
11
0.4329394881889764
21
-0.4021582283464567
0
LINE
8
BLACK
6
CONTINUOUS
10
0.4329394881889764
20
-0.4021582283464567
11
0.4329394881889764
21
-0.4385755511811024
0
LINE
8
BLACK
6
CONTINUOUS
10
0.4329394881889764
20
-0.4385755511811024
11
0.4412353149606299
21
-0.4385755511811024
0
LINE
8
BLACK
6
CONTINUOUS
10
0.4412353149606299
20
-0.4385755511811024
11
0.4418113779527559
21
-0.4386322834645669
0
LINE
8
BLACK
6
CONTINUOUS
10
0.4418113779527559
20
-0.4386322834645669
11
0.4428757874015748
21
-0.4390731889763779
0
LINE
8
BLACK
6
CONTINUOUS
10
0.4428757874015748
20
-0.4390731889763779
11
0.4436904330708661
21
-0.4398878346456693
0
LINE
8
BLACK
6
CONTINUOUS
10
0.4436904330708661
20
-0.4398878346456693
11
0.4441313385826772
21
-0.4409522440944882
0
LINE
8
BLACK
6
CONTINUOUS
10
0.4441313385826772
20
-0.4409522440944882
11
0.4441313385826772
21
-0.4421043700787401
0
LINE
8
BLACK
6
CONTINUOUS
10
0.4441313385826772
20
-0.4421043700787401
11
0.4436904330708661
21
-0.4431687795275591
0
LINE
8
BLACK
6
CONTINUOUS
10
0.4436904330708661
20
-0.4431687795275591
11
0.4428757874015748
21
-0.4439834251968504
0
LINE
8
BLACK
6
CONTINUOUS
10
0.4428757874015748
20
-0.4439834251968504
11
0.4418113779527559
21
-0.4444243307086614
0
LINE
8
BLACK
6
CONTINUOUS
10
0.4418113779527559
20
-0.4444243307086614
11
0.4412353149606299
21
-0.444481062992126
0
LINE
8
BLACK
6
CONTINUOUS
10
0.4412353149606299
20
-0.444481062992126
11
0.4187381496062992
21
-0.444481062992126
0
LINE
8
BLACK
6
CONTINUOUS
10
0.4187381496062992
20
-0.444481062992126
11
0.4181620866141732
21
-0.4444243307086614
0
LINE
8
BLACK
6
CONTINUOUS
10
0.4181620866141732
20
-0.4444243307086614
11
0.4170976771653543
21
-0.4439834251968504
0
LINE
8
BLACK
6
CONTINUOUS
10
0.4170976771653543
20
-0.4439834251968504
11
0.416283031496063
21
-0.4431687795275591
0
LINE
8
BLACK
6
CONTINUOUS
10
0.416283031496063
20
-0.4431687795275591
11
0.415842125984252
21
-0.4421043700787401
0
LINE
8
BLACK
6
CONTINUOUS
10
0.415842125984252
20
-0.4421043700787401
11
0.415842125984252
21
-0.4409522440944882
0
LINE
8
BLACK
6
CONTINUOUS
10
0.415842125984252
20
-0.4409522440944882
11
0.416283031496063
21
-0.4398878346456693
0
LINE
8
BLACK
6
CONTINUOUS
10
0.416283031496063
20
-0.4398878346456693
11
0.4170976771653543
21
-0.4390731889763779
0
LINE
8
BLACK
6
CONTINUOUS
10
0.4170976771653543
20
-0.4390731889763779
11
0.4181620866141732
21
-0.4386322834645669
0
LINE
8
BLACK
6
CONTINUOUS
10
0.4181620866141732
20
-0.4386322834645669
11
0.4187381496062992
21
-0.4385755511811024
0
LINE
8
BLACK
6
CONTINUOUS
10
0.4187381496062992
20
-0.4385755511811024
11
0.4270339763779528
21
-0.4385755511811024
0
LINE
8
BLACK
6
CONTINUOUS
10
0.4270339763779528
20
-0.4385755511811024
11
0.4270339763779528
21
-0.4111615748031496
0
LINE
8
BLACK
6
CONTINUOUS
10
0.4270339763779528
20
-0.4111615748031496
11
0.4245755905511811
21
-0.4136199606299212
0
LINE
8
BLACK
6
CONTINUOUS
10
0.4245755905511811
20
-0.4136199606299212
11
0.4243492125984252
21
-0.4138057086614173
0
LINE
8
BLACK
6
CONTINUOUS
10
0.4243492125984252
20
-0.4138057086614173
11
0.4242980708661417
21
-0.4138647244094488
0
LINE
8
BLACK
6
CONTINUOUS
10
0.4242980708661417
20
-0.4138647244094488
11
0.4242090944881889
21
-0.4139206692913386
0
LINE
8
BLACK
6
CONTINUOUS
10
0.4242090944881889
20
-0.4139206692913386
11
0.4241281496062992
21
-0.4139871653543307
0
LINE
8
BLACK
6
CONTINUOUS
10
0.4241281496062992
20
-0.4139871653543307
11
0.4240561811023622
21
-0.414016968503937
0
LINE
8
BLACK
6
CONTINUOUS
10
0.4240561811023622
20
-0.414016968503937
11
0.423808188976378
21
-0.4141730708661417
0
LINE
8
BLACK
6
CONTINUOUS
10
0.423808188976378
20
-0.4141730708661417
11
0.4200586614173228
21
-0.4160478346456693
0
LINE
8
BLACK
6
CONTINUOUS
10
0.4200586614173228
20
-0.4160478346456693
11
0.419518031496063
21
-0.4162547244094488
0
LINE
8
BLACK
6
CONTINUOUS
10
0.419518031496063
20
-0.4162547244094488
11
0.4183688188976378
21
-0.4163363779527559
0
LINE
8
BLACK
6
CONTINUOUS
10
0.4183688188976378
20
-0.4163363779527559
11
0.4172758661417323
21
-0.4159720472440945
0
LINE
8
BLACK
6
CONTINUOUS
10
0.4172758661417323
20
-0.4159720472440945
11
0.4164054724409449
21
-0.4152172047244094
0
LINE
8
BLACK
6
CONTINUOUS
10
0.4164054724409449
20
-0.4152172047244094
11
0.4158902362204724
21
-0.4141866929133858
0
LINE
8
BLACK
6
CONTINUOUS
10
0.4158902362204724
20
-0.4141866929133858
11
0.4158085826771654
21
-0.4130374803149606
0
LINE
8
BLACK
6
CONTINUOUS
10
0.4158085826771654
20
-0.4130374803149606
11
0.4161729133858267
21
-0.4119445275590551
0
LINE
8
BLACK
6
CONTINUOUS
10
0.4161729133858267
20
-0.4119445275590551
11
0.4169277559055118
21
-0.4110741338582677
0
LINE
8
BLACK
6
CONTINUOUS
10
0.4169277559055118
20
-0.4110741338582677
11
0.4174176377952756
21
-0.4107657874015748
0
LINE
8
BLACK
6
CONTINUOUS
10
0.4174176377952756
20
-0.4107657874015748
11
0.4207385826771654
21
-0.4091053149606299
0
LINE
8
BLACK
6
CONTINUOUS
10
0.4207385826771654
20
-0.4091053149606299
11
0.4239424803149606
21
-0.4059014173228346
0
LINE
8
BLACK
6
CONTINUOUS
10
0.4239424803149606
20
-0.4059014173228346
11
0.4275298818897638
21
-0.4005203149606299
0
LINE
8
BLACK
6
CONTINUOUS
10
0.4275298818897638
20
-0.4005203149606299
11
0.4275312204724409
21
-0.4005186220472441
0
LINE
8
BLACK
6
CONTINUOUS
10
0.4275312204724409
20
-0.4005186220472441
11
0.4275316141732283
21
-0.4005177559055118
0
LINE
8
BLACK
6
CONTINUOUS
10
0.4275316141732283
20
-0.4005177559055118
11
0.4275336220472441
21
-0.4005157086614173
0
LINE
8
BLACK
6
CONTINUOUS
10
0.4275336220472441
20
-0.4005157086614173
11
0.4278966535433071
21
-0.4000724803149606
0
LINE
8
BLACK
6
CONTINUOUS
10
0.4278966535433071
20
-0.4000724803149606
11
0.4281395275590551
21
-0.3999098031496063
0
LINE
8
BLACK
6
CONTINUOUS
10
0.4281395275590551
20
-0.3999098031496063
11
0.4283462598425197
21
-0.3997031102362205
0
LINE
8
BLACK
6
CONTINUOUS
10
0.4283462598425197
20
-0.3997031102362205
11
0.4286135433070866
21
-0.3995923622047244
0
LINE
8
BLACK
6
CONTINUOUS
10
0.4286135433070866
20
-0.3995923622047244
11
0.428853937007874
21
-0.3994314173228347
0
LINE
8
BLACK
6
CONTINUOUS
10
0.428853937007874
20
-0.3994314173228347
11
0.4291405511811023
21
-0.3993740551181102
0
LINE
8
BLACK
6
CONTINUOUS
10
0.4291405511811023
20
-0.3993740551181102
11
0.4294106692913386
21
-0.3992622047244094
0
LINE
8
BLACK
6
CONTINUOUS
10
0.4294106692913386
20
-0.3992622047244094
11
0.4296999606299213
21
-0.3992622047244094
0
LINE
8
BLACK
6
CONTINUOUS
10
0.4296999606299213
20
-0.3992622047244094
11
0.4299836220472441
21
-0.3992054724409449
0
LINE
8
BLACK
6
CONTINUOUS
10
0.4299836220472441
20
-0.3992054724409449
11
0.4302703937007874
21
-0.3992622047244094
0
LINE
8
BLACK
6
CONTINUOUS
10
0.6011664566929134
20
-0.3992622047244094
11
0.6012644488188976
21
-0.3993027952755905
0
LINE
8
BLACK
6
CONTINUOUS
10
0.6012644488188976
20
-0.3993027952755905
11
0.6013702755905511
21
-0.3993103149606299
0
LINE
8
BLACK
6
CONTINUOUS
10
0.6013702755905511
20
-0.3993103149606299
11
0.601910905511811
21
-0.3995172047244094
0
LINE
8
BLACK
6
CONTINUOUS
10
0.601910905511811
20
-0.3995172047244094
11
0.6056604330708661
21
-0.401391968503937
0
LINE
8
BLACK
6
CONTINUOUS
10
0.6056604330708661
20
-0.401391968503937
11
0.6059084251968504
21
-0.401548031496063
0
LINE
8
BLACK
6
CONTINUOUS
10
0.6059084251968504
20
-0.401548031496063
11
0.6059803937007874
21
-0.401577874015748
0
LINE
8
BLACK
6
CONTINUOUS
10
0.6059803937007874
20
-0.401577874015748
11
0.6060613385826772
21
-0.4016443307086614
0
LINE
8
BLACK
6
CONTINUOUS
10
0.6060613385826772
20
-0.4016443307086614
11
0.6061503149606299
21
-0.4017003149606299
0
LINE
8
BLACK
6
CONTINUOUS
10
0.6061503149606299
20
-0.4017003149606299
11
0.6062014566929134
21
-0.4017592913385827
0
LINE
8
BLACK
6
CONTINUOUS
10
0.6062014566929134
20
-0.4017592913385827
11
0.6064278346456693
21
-0.4019450787401574
0
LINE
8
BLACK
6
CONTINUOUS
10
0.6064278346456693
20
-0.4019450787401574
11
0.6083025984251968
21
-0.4038198425196851
0
LINE
8
BLACK
6
CONTINUOUS
10
0.6083025984251968
20
-0.4038198425196851
11
0.6084883464566929
21
-0.4040461811023622
0
LINE
8
BLACK
6
CONTINUOUS
10
0.6084883464566929
20
-0.4040461811023622
11
0.6085473622047244
21
-0.4040973622047244
0
LINE
8
BLACK
6
CONTINUOUS
10
0.6085473622047244
20
-0.4040973622047244
11
0.6086033070866141
21
-0.4041862992125984
0
LINE
8
BLACK
6
CONTINUOUS
10
0.6086033070866141
20
-0.4041862992125984
11
0.6086698031496063
21
-0.4042672834645669
0
LINE
8
BLACK
6
CONTINUOUS
10
0.6086698031496063
20
-0.4042672834645669
11
0.6086996062992126
21
-0.4043392125984252
0
LINE
8
BLACK
6
CONTINUOUS
10
0.6086996062992126
20
-0.4043392125984252
11
0.6088557086614174
21
-0.4045872440944882
0
LINE
8
BLACK
6
CONTINUOUS
10
0.6088557086614174
20
-0.4045872440944882
11
0.6107304724409449
21
-0.4083367716535433
0
LINE
8
BLACK
6
CONTINUOUS
10
0.6107304724409449
20
-0.4083367716535433
11
0.6107465748031496
21
-0.4083788582677165
0
LINE
8
BLACK
6
CONTINUOUS
10
0.6107465748031496
20
-0.4083788582677165
11
0.6107592913385826
21
-0.4083960236220472
0
LINE
8
BLACK
6
CONTINUOUS
10
0.6107592913385826
20
-0.4083960236220472
11
0.610845590551181
21
-0.4086375984251969
0
LINE
8
BLACK
6
CONTINUOUS
10
0.610845590551181
20
-0.4086375984251969
11
0.6109373622047244
21
-0.4088773622047244
0
LINE
8
BLACK
6
CONTINUOUS
10
0.6109373622047244
20
-0.4088773622047244
11
0.6109388582677165
21
-0.4088986220472441
0
LINE
8
BLACK
6
CONTINUOUS
10
0.6109388582677165
20
-0.4088986220472441
11
0.6109540551181102
21
-0.4089411417322835
0
LINE
8
BLACK
6
CONTINUOUS
10
0.6109540551181102
20
-0.4089411417322835
11
0.6128288188976377
21
-0.4164401968503937
0
LINE
8
BLACK
6
CONTINUOUS
10
0.6128288188976377
20
-0.4164401968503937
11
0.6128435826771653
21
-0.4165400393700787
0
LINE
8
BLACK
6
CONTINUOUS
10
0.6128435826771653
20
-0.4165400393700787
11
0.6128602362204725
21
-0.4165802755905512
0
LINE
8
BLACK
6
CONTINUOUS
10
0.6128602362204725
20
-0.4165802755905512
11
0.6128815748031496
21
-0.4167972834645669
0
LINE
8
BLACK
6
CONTINUOUS
10
0.6128815748031496
20
-0.4167972834645669
11
0.6129134645669291
21
-0.4170127952755905
0
LINE
8
BLACK
6
CONTINUOUS
10
0.6129134645669291
20
-0.4170127952755905
11
0.6129070472440945
21
-0.4170557874015748
0
LINE
8
BLACK
6
CONTINUOUS
10
0.6129070472440945
20
-0.4170557874015748
11
0.612916968503937
21
-0.4171563385826771
0
LINE
8
BLACK
6
CONTINUOUS
10
0.612916968503937
20
-0.4171563385826771
11
0.612916968503937
21
-0.426530157480315
0
LINE
8
BLACK
6
CONTINUOUS
10
0.612916968503937
20
-0.426530157480315
11
0.6129070472440945
21
-0.4266306692913386
0
LINE
8
BLACK
6
CONTINUOUS
10
0.6129070472440945
20
-0.4266306692913386
11
0.6129134645669291
21
-0.4266737007874016
0
LINE
8
BLACK
6
CONTINUOUS
10
0.6129134645669291
20
-0.4266737007874016
11
0.6128815748031496
21
-0.4268891732283465
0
LINE
8
BLACK
6
CONTINUOUS
10
0.6128815748031496
20
-0.4268891732283465
11
0.6128602362204725
21
-0.427106220472441
0
LINE
8
BLACK
6
CONTINUOUS
10
0.6128602362204725
20
-0.427106220472441
11
0.6128435826771653
21
-0.4271464173228346
0
LINE
8
BLACK
6
CONTINUOUS
10
0.6128435826771653
20
-0.4271464173228346
11
0.6128288188976377
21
-0.4272462992125984
0
LINE
8
BLACK
6
CONTINUOUS
10
0.6128288188976377
20
-0.4272462992125984
11
0.6109540551181102
21
-0.4347453543307087
0
LINE
8
BLACK
6
CONTINUOUS
10
0.6109540551181102
20
-0.4347453543307087
11
0.6109388582677165
21
-0.4347878346456693
0
LINE
8
BLACK
6
CONTINUOUS
10
0.6109388582677165
20
-0.4347878346456693
11
0.6109373622047244
21
-0.4348091338582677
0
LINE
8
BLACK
6
CONTINUOUS
10
0.6109373622047244
20
-0.4348091338582677
11
0.610845590551181
21
-0.4350488582677165
0
LINE
8
BLACK
6
CONTINUOUS
10
0.610845590551181
20
-0.4350488582677165
11
0.6107592913385826
21
-0.4352904724409449
0
LINE
8
BLACK
6
CONTINUOUS
10
0.6107592913385826
20
-0.4352904724409449
11
0.6107465748031496
21
-0.4353075984251968
0
LINE
8
BLACK
6
CONTINUOUS
10
0.6107465748031496
20
-0.4353075984251968
11
0.6107304724409449
21
-0.4353497244094488
0
LINE
8
BLACK
6
CONTINUOUS
10
0.6107304724409449
20
-0.4353497244094488
11
0.6088557086614174
21
-0.4390992519685039
0
LINE
8
BLACK
6
CONTINUOUS
10
0.6088557086614174
20
-0.4390992519685039
11
0.6086996456692914
21
-0.439347125984252
0
LINE
8
BLACK
6
CONTINUOUS
10
0.6086996456692914
20
-0.439347125984252
11
0.608669842519685
21
-0.4394191732283464
0
LINE
8
BLACK
6
CONTINUOUS
10
0.608669842519685
20
-0.4394191732283464
11
0.6086033070866141
21
-0.4395001968503937
0
LINE
8
BLACK
6
CONTINUOUS
10
0.6086033070866141
20
-0.4395001968503937
11
0.6085473622047244
21
-0.4395891338582677
0
LINE
8
BLACK
6
CONTINUOUS
10
0.6085473622047244
20
-0.4395891338582677
11
0.6084883464566929
21
-0.4396402755905512
0
LINE
8
BLACK
6
CONTINUOUS
10
0.6084883464566929
20
-0.4396402755905512
11
0.6083025984251968
21
-0.4398666535433071
0
LINE
8
BLACK
6
CONTINUOUS
10
0.6083025984251968
20
-0.4398666535433071
11
0.606427874015748
21
-0.4417414173228346
0
LINE
8
BLACK
6
CONTINUOUS
10
0.606427874015748
20
-0.4417414173228346
11
0.6062014960629921
21
-0.4419271653543307
0
LINE
8
BLACK
6
CONTINUOUS
10
0.6062014960629921
20
-0.4419271653543307
11
0.6061503149606299
21
-0.441986220472441
0
LINE
8
BLACK
6
CONTINUOUS
10
0.6061503149606299
20
-0.441986220472441
11
0.6060613385826772
21
-0.4420422047244094
0
LINE
8
BLACK
6
CONTINUOUS
10
0.6060613385826772
20
-0.4420422047244094
11
0.6059803937007874
21
-0.4421086614173228
0
LINE
8
BLACK
6
CONTINUOUS
10
0.6059803937007874
20
-0.4421086614173228
11
0.6059084251968504
21
-0.4421384645669291
0
LINE
8
BLACK
6
CONTINUOUS
10
0.6059084251968504
20
-0.4421384645669291
11
0.6056604330708661
21
-0.4422945669291338
0
LINE
8
BLACK
6
CONTINUOUS
10
0.6056604330708661
20
-0.4422945669291338
11
0.601910905511811
21
-0.4441693307086614
0
LINE
8
BLACK
6
CONTINUOUS
10
0.601910905511811
20
-0.4441693307086614
11
0.6013702755905511
21
-0.4443762204724409
0
LINE
8
BLACK
6
CONTINUOUS
10
0.6013702755905511
20
-0.4443762204724409
11
0.6012644488188976
21
-0.4443837007874016
0
LINE
8
BLACK
6
CONTINUOUS
10
0.6012644488188976
20
-0.4443837007874016
11
0.6011664566929134
21
-0.4444243307086614
0
LINE
8
BLACK
6
CONTINUOUS
10
0.6011664566929134
20
-0.4444243307086614
11
0.6005903937007874
21
-0.444481062992126
0
LINE
8
BLACK
6
CONTINUOUS
10
0.6005903937007874
20
-0.444481062992126
11
0.5968408661417323
21
-0.444481062992126
0
LINE
8
BLACK
6
CONTINUOUS
10
0.5968408661417323
20
-0.444481062992126
11
0.5962648031496063
21
-0.4444243307086614
0
LINE
8
BLACK
6
CONTINUOUS
10
0.5962648031496063
20
-0.4444243307086614
11
0.596166811023622
21
-0.4443837401574803
0
LINE
8
BLACK
6
CONTINUOUS
10
0.596166811023622
20
-0.4443837401574803
11
0.5960609448818898
21
-0.4443762204724409
0
LINE
8
BLACK
6
CONTINUOUS
10
0.5960609448818898
20
-0.4443762204724409
11
0.5955203543307086
21
-0.4441693307086614
0
LINE
8
BLACK
6
CONTINUOUS
10
0.5955203543307086
20
-0.4441693307086614
11
0.5917708267716535
21
-0.4422945669291338
0
LINE
8
BLACK
6
CONTINUOUS
10
0.5917708267716535
20
-0.4422945669291338
11
0.5915227952755905
21
-0.4421384645669291
0
LINE
8
BLACK
6
CONTINUOUS
10
0.5915227952755905
20
-0.4421384645669291
11
0.5914508661417323
21
-0.4421086614173228
0
LINE
8
BLACK
6
CONTINUOUS
10
0.5914508661417323
20
-0.4421086614173228
11
0.5913698818897638
21
-0.4420422047244094
0
LINE
8
BLACK
6
CONTINUOUS
10
0.5913698818897638
20
-0.4420422047244094
11
0.5912809448818898
21
-0.441986220472441
0
LINE
8
BLACK
6
CONTINUOUS
10
0.5912809448818898
20
-0.441986220472441
11
0.5912297244094488
21
-0.4419271653543307
0
LINE
8
BLACK
6
CONTINUOUS
10
0.5912297244094488
20
-0.4419271653543307
11
0.5910033858267716
21
-0.4417414173228346
0
LINE
8
BLACK
6
CONTINUOUS
10
0.5910033858267716
20
-0.4417414173228346
11
0.589128622047244
21
-0.4398666141732283
0
LINE
8
BLACK
6
CONTINUOUS
10
0.589128622047244
20
-0.4398666141732283
11
0.588942874015748
21
-0.4396402755905512
0
LINE
8
BLACK
6
CONTINUOUS
10
0.588942874015748
20
-0.4396402755905512
11
0.5888838976377953
21
-0.4395891338582677
0
LINE
8
BLACK
6
CONTINUOUS
10
0.5888838976377953
20
-0.4395891338582677
11
0.5888279133858267
21
-0.4395001968503937
0
LINE
8
BLACK
6
CONTINUOUS
10
0.5888279133858267
20
-0.4395001968503937
11
0.5887614173228346
21
-0.4394191732283464
0
LINE
8
BLACK
6
CONTINUOUS
10
0.5887614173228346
20
-0.4394191732283464
11
0.5887315748031496
21
-0.439347125984252
0
LINE
8
BLACK
6
CONTINUOUS
10
0.5887315748031496
20
-0.439347125984252
11
0.5885755511811024
21
-0.4390992519685039
0
LINE
8
BLACK
6
CONTINUOUS
10
0.5885755511811024
20
-0.4390992519685039
11
0.5867007874015748
21
-0.4353497244094488
0
LINE
8
BLACK
6
CONTINUOUS
10
0.5867007874015748
20
-0.4353497244094488
11
0.5866846456692913
21
-0.4353075984251968
0
LINE
8
BLACK
6
CONTINUOUS
10
0.5866846456692913
20
-0.4353075984251968
11
0.586671968503937
21
-0.4352904724409449
0
LINE
8
BLACK
6
CONTINUOUS
10
0.586671968503937
20
-0.4352904724409449
11
0.5865855118110236
21
-0.4350485039370079
0
LINE
8
BLACK
6
CONTINUOUS
10
0.5865855118110236
20
-0.4350485039370079
11
0.5864938976377952
21
-0.4348090944881889
0
LINE
8
BLACK
6
CONTINUOUS
10
0.5864938976377952
20
-0.4348090944881889
11
0.5864923622047244
21
-0.4347878346456693
0
LINE
8
BLACK
6
CONTINUOUS
10
0.5864923622047244
20
-0.4347878346456693
11
0.5864772047244095
21
-0.4347453543307087
0
LINE
8
BLACK
6
CONTINUOUS
10
0.5864772047244095
20
-0.4347453543307087
11
0.5846024409448819
21
-0.4272462992125984
0
LINE
8
BLACK
6
CONTINUOUS
10
0.5846024409448819
20
-0.4272462992125984
11
0.5845876377952756
21
-0.4271464173228346
0
LINE
8
BLACK
6
CONTINUOUS
10
0.5845876377952756
20
-0.4271464173228346
11
0.5845710236220473
21
-0.427106220472441
0
LINE
8
BLACK
6
CONTINUOUS
10
0.5845710236220473
20
-0.427106220472441
11
0.5845496456692914
21
-0.4268891732283465
0
LINE
8
BLACK
6
CONTINUOUS
10
0.5845496456692914
20
-0.4268891732283465
11
0.5845177952755906
21
-0.4266737007874016
0
LINE
8
BLACK
6
CONTINUOUS
10
0.5845177952755906
20
-0.4266737007874016
11
0.5845241732283465
21
-0.4266306692913386
0
LINE
8
BLACK
6
CONTINUOUS
10
0.5845241732283465
20
-0.4266306692913386
11
0.5845142913385827
21
-0.426530157480315
0
LINE
8
BLACK
6
CONTINUOUS
10
0.5845142913385827
20
-0.426530157480315
11
0.5845142913385827
21
-0.4171563385826771
0
LINE
8
BLACK
6
CONTINUOUS
10
0.5845142913385827
20
-0.4171563385826771
11
0.5845241732283465
21
-0.4170557874015748
0
LINE
8
BLACK
6
CONTINUOUS
10
0.5845241732283465
20
-0.4170557874015748
11
0.5845177952755906
21
-0.4170127952755905
0
LINE
8
BLACK
6
CONTINUOUS
10
0.5845177952755906
20
-0.4170127952755905
11
0.5845496456692914
21
-0.4167972834645669
0
LINE
8
BLACK
6
CONTINUOUS
10
0.5845496456692914
20
-0.4167972834645669
11
0.5845710236220473
21
-0.4165802755905512
0
LINE
8
BLACK
6
CONTINUOUS
10
0.5845710236220473
20
-0.4165802755905512
11
0.5845876377952756
21
-0.4165400393700787
0
LINE
8
BLACK
6
CONTINUOUS
10
0.5845876377952756
20
-0.4165400393700787
11
0.5846024409448819
21
-0.4164401968503937
0
LINE
8
BLACK
6
CONTINUOUS
10
0.5846024409448819
20
-0.4164401968503937
11
0.5864772047244095
21
-0.4089411417322835
0
LINE
8
BLACK
6
CONTINUOUS
10
0.5864772047244095
20
-0.4089411417322835
11
0.5864923622047244
21
-0.4088986220472441
0
LINE
8
BLACK
6
CONTINUOUS
10
0.5864923622047244
20
-0.4088986220472441
11
0.5864938976377952
21
-0.4088774015748031
0
LINE
8
BLACK
6
CONTINUOUS
10
0.5864938976377952
20
-0.4088774015748031
11
0.5865855118110236
21
-0.4086379527559055
0
LINE
8
BLACK
6
CONTINUOUS
10
0.5865855118110236
20
-0.4086379527559055
11
0.586671968503937
21
-0.4083960236220472
0
LINE
8
BLACK
6
CONTINUOUS
10
0.586671968503937
20
-0.4083960236220472
11
0.5866846456692913
21
-0.4083788582677165
0
LINE
8
BLACK
6
CONTINUOUS
10
0.5866846456692913
20
-0.4083788582677165
11
0.5867007874015748
21
-0.4083367716535433
0
LINE
8
BLACK
6
CONTINUOUS
10
0.5867007874015748
20
-0.4083367716535433
11
0.5885755511811024
21
-0.4045872440944882
0
LINE
8
BLACK
6
CONTINUOUS
10
0.5885755511811024
20
-0.4045872440944882
11
0.5887316141732283
21
-0.4043392125984252
0
LINE
8
BLACK
6
CONTINUOUS
10
0.5887316141732283
20
-0.4043392125984252
11
0.5887614566929134
21
-0.4042672834645669
0
LINE
8
BLACK
6
CONTINUOUS
10
0.5887614566929134
20
-0.4042672834645669
11
0.5888279133858267
21
-0.4041862992125984
0
LINE
8
BLACK
6
CONTINUOUS
10
0.5888279133858267
20
-0.4041862992125984
11
0.5888838976377953
21
-0.4040973622047244
0
LINE
8
BLACK
6
CONTINUOUS
10
0.5888838976377953
20
-0.4040973622047244
11
0.588942874015748
21
-0.4040461811023622
0
LINE
8
BLACK
6
CONTINUOUS
10
0.588942874015748
20
-0.4040461811023622
11
0.5891286614173228
21
-0.4038198425196851
0
LINE
8
BLACK
6
CONTINUOUS
10
0.5891286614173228
20
-0.4038198425196851
11
0.5910034251968503
21
-0.4019450787401574
0
LINE
8
BLACK
6
CONTINUOUS
10
0.5910034251968503
20
-0.4019450787401574
11
0.5912297637795275
21
-0.4017592913385827
0
LINE
8
BLACK
6
CONTINUOUS
10
0.5912297637795275
20
-0.4017592913385827
11
0.5912809448818898
21
-0.4017003149606299
0
LINE
8
BLACK
6
CONTINUOUS
10
0.5912809448818898
20
-0.4017003149606299
11
0.5913698818897638
21
-0.4016443307086614
0
LINE
8
BLACK
6
CONTINUOUS
10
0.5913698818897638
20
-0.4016443307086614
11
0.5914508661417323
21
-0.401577874015748
0
LINE
8
BLACK
6
CONTINUOUS
10
0.5914508661417323
20
-0.401577874015748
11
0.5915227952755905
21
-0.401548031496063
0
LINE
8
BLACK
6
CONTINUOUS
10
0.5915227952755905
20
-0.401548031496063
11
0.5917708267716535
21
-0.401391968503937
0
LINE
8
BLACK
6
CONTINUOUS
10
0.5917708267716535
20
-0.401391968503937
11
0.5955203543307086
21
-0.3995172047244094
0
LINE
8
BLACK
6
CONTINUOUS
10
0.5955203543307086
20
-0.3995172047244094
11
0.5960609448818898
21
-0.3993103149606299
0
LINE
8
BLACK
6
CONTINUOUS
10
0.5960609448818898
20
-0.3993103149606299
11
0.596166811023622
21
-0.3993027559055118
0
LINE
8
BLACK
6
CONTINUOUS
10
0.596166811023622
20
-0.3993027559055118
11
0.5962648031496063
21
-0.3992622047244094
0
LINE
8
BLACK
6
CONTINUOUS
10
0.5962648031496063
20
-0.3992622047244094
11
0.5968408661417323
21
-0.3992054724409449
0
LINE
8
BLACK
6
CONTINUOUS
10
0.5968408661417323
20
-0.3992054724409449
11
0.6005903937007874
21
-0.3992054724409449
0
LINE
8
BLACK
6
CONTINUOUS
10
0.6005903937007874
20
-0.3992054724409449
11
0.6011664566929134
21
-0.3992622047244094
0
LINE
8
BLACK
6
CONTINUOUS
10
0.5948404330708661
20
-0.4064597244094488
11
0.5936433070866142
21
-0.4076568503937008
0
LINE
8
BLACK
6
CONTINUOUS
10
0.5936433070866142
20
-0.4076568503937008
11
0.5921277952755906
21
-0.4106878346456693
0
LINE
8
BLACK
6
CONTINUOUS
10
0.5921277952755906
20
-0.4106878346456693
11
0.5904198031496063
21
-0.4175198818897637
0
LINE
8
BLACK
6
CONTINUOUS
10
0.5904198031496063
20
-0.4175198818897637
11
0.5904198031496063
21
-0.4261666141732283
0
LINE
8
BLACK
6
CONTINUOUS
10
0.5904198031496063
20
-0.4261666141732283
11
0.5921277952755906
21
-0.4329986614173228
0
LINE
8
BLACK
6
CONTINUOUS
10
0.5921277952755906
20
-0.4329986614173228
11
0.5936433070866142
21
-0.4360296456692913
0
LINE
8
BLACK
6
CONTINUOUS
10
0.5936433070866142
20
-0.4360296456692913
11
0.5948404330708661
21
-0.437226811023622
0
LINE
8
BLACK
6
CONTINUOUS
10
0.5948404330708661
20
-0.437226811023622
11
0.5975379133858267
21
-0.4385755511811024
0
LINE
8
BLACK
6
CONTINUOUS
10
0.5975379133858267
20
-0.4385755511811024
11
0.5998933464566929
21
-0.4385755511811024
0
LINE
8
BLACK
6
CONTINUOUS
10
0.5998933464566929
20
-0.4385755511811024
11
0.6025907874015748
21
-0.437226811023622
0
LINE
8
BLACK
6
CONTINUOUS
10
0.6025907874015748
20
-0.437226811023622
11
0.6037879133858267
21
-0.4360296456692913
0
LINE
8
BLACK
6
CONTINUOUS
10
0.6037879133858267
20
-0.4360296456692913
11
0.6053034251968504
21
-0.4329986614173228
0
LINE
8
BLACK
6
CONTINUOUS
10
0.6053034251968504
20
-0.4329986614173228
11
0.6070114566929133
21
-0.4261666141732283
0
LINE
8
BLACK
6
CONTINUOUS
10
0.6070114566929133
20
-0.4261666141732283
11
0.6070114566929133
21
-0.4175198818897637
0
LINE
8
BLACK
6
CONTINUOUS
10
0.6070114566929133
20
-0.4175198818897637
11
0.6053034251968504
21
-0.4106878346456693
0
LINE
8
BLACK
6
CONTINUOUS
10
0.6053034251968504
20
-0.4106878346456693
11
0.6037879527559055
21
-0.4076568503937008
0
LINE
8
BLACK
6
CONTINUOUS
10
0.6037879527559055
20
-0.4076568503937008
11
0.6025908267716535
21
-0.4064597244094488
0
LINE
8
BLACK
6
CONTINUOUS
10
0.6025908267716535
20
-0.4064597244094488
11
0.5998933464566929
21
-0.4051109842519685
0
LINE
8
BLACK
6
CONTINUOUS
10
0.5998933464566929
20
-0.4051109842519685
11
0.5975379133858267
21
-0.4051109842519685
0
LINE
8
BLACK
6
CONTINUOUS
10
0.5975379133858267
20
-0.4051109842519685
11
0.5948404330708661
21
-0.4064597244094488
0
LINE
8
BLACK
6
CONTINUOUS
10
0.6386617716535433
20
-0.3992622047244094
11
0.6387597637795276
21
-0.3993027952755905
0
LINE
8
BLACK
6
CONTINUOUS
10
0.6387597637795276
20
-0.3993027952755905
11
0.6388655905511811
21
-0.3993103149606299
0
LINE
8
BLACK
6
CONTINUOUS
10
0.6388655905511811
20
-0.3993103149606299
11
0.6394062204724409
21
-0.3995172047244094
0
LINE
8
BLACK
6
CONTINUOUS
10
0.6394062204724409
20
-0.3995172047244094
11
0.643155748031496
21
-0.401391968503937
0
LINE
8
BLACK
6
CONTINUOUS
10
0.643155748031496
20
-0.401391968503937
11
0.6434037401574803
21
-0.401548031496063
0
LINE
8
BLACK
6
CONTINUOUS
10
0.6434037401574803
20
-0.401548031496063
11
0.6434757086614173
21
-0.401577874015748
0
LINE
8
BLACK
6
CONTINUOUS
10
0.6434757086614173
20
-0.401577874015748
11
0.643556653543307
21
-0.4016443307086614
0
LINE
8
BLACK
6
CONTINUOUS
10
0.643556653543307
20
-0.4016443307086614
11
0.6436456299212598
21
-0.4017003149606299
0
LINE
8
BLACK
6
CONTINUOUS
10
0.6436456299212598
20
-0.4017003149606299
11
0.6436967716535433
21
-0.4017592913385827
0
LINE
8
BLACK
6
CONTINUOUS
10
0.6436967716535433
20
-0.4017592913385827
11
0.6439231496062991
21
-0.4019450787401574
0
LINE
8
BLACK
6
CONTINUOUS
10
0.6439231496062991
20
-0.4019450787401574
11
0.6457979133858267
21
-0.4038198425196851
0
LINE
8
BLACK
6
CONTINUOUS
10
0.6457979133858267
20
-0.4038198425196851
11
0.6459836614173228
21
-0.4040461811023622
0
LINE
8
BLACK
6
CONTINUOUS
10
0.6459836614173228
20
-0.4040461811023622
11
0.6460426771653544
21
-0.4040973622047244
0
LINE
8
BLACK
6
CONTINUOUS
10
0.6460426771653544
20
-0.4040973622047244
11
0.6460986220472441
21
-0.4041862992125984
0
LINE
8
BLACK
6
CONTINUOUS
10
0.6460986220472441
20
-0.4041862992125984
11
0.6461651181102362
21
-0.4042672834645669
0
LINE
8
BLACK
6
CONTINUOUS
10
0.6461651181102362
20
-0.4042672834645669
11
0.6461949212598425
21
-0.4043392125984252
0
LINE
8
BLACK
6
CONTINUOUS
10
0.6461949212598425
20
-0.4043392125984252
11
0.6463510236220472
21
-0.4045872440944882
0
LINE
8
BLACK
6
CONTINUOUS
10
0.6463510236220472
20
-0.4045872440944882
11
0.6482257874015748
21
-0.4083367716535433
0
LINE
8
BLACK
6
CONTINUOUS
10
0.6482257874015748
20
-0.4083367716535433
11
0.6482418897637795
21
-0.4083788582677165
0
LINE
8
BLACK
6
CONTINUOUS
10
0.6482418897637795
20
-0.4083788582677165
11
0.6482546062992126
21
-0.4083960236220472
0
LINE
8
BLACK
6
CONTINUOUS
10
0.6482546062992126
20
-0.4083960236220472
11
0.648340905511811
21
-0.4086375984251969
0
LINE
8
BLACK
6
CONTINUOUS
10
0.648340905511811
20
-0.4086375984251969
11
0.6484326771653544
21
-0.4088773622047244
0
LINE
8
BLACK
6
CONTINUOUS
10
0.6484326771653544
20
-0.4088773622047244
11
0.6484341732283464
21
-0.4088986220472441
0
LINE
8
BLACK
6
CONTINUOUS
10
0.6484341732283464
20
-0.4088986220472441
11
0.6484493700787402
21
-0.4089411417322835
0
LINE
8
BLACK
6
CONTINUOUS
10
0.6484493700787402
20
-0.4089411417322835
11
0.6503241338582677
21
-0.4164401968503937
0
LINE
8
BLACK
6
CONTINUOUS
10
0.6503241338582677
20
-0.4164401968503937
11
0.6503388976377953
21
-0.4165400393700787
0
LINE
8
BLACK
6
CONTINUOUS
10
0.6503388976377953
20
-0.4165400393700787
11
0.6503555511811023
21
-0.4165802755905512
0
LINE
8
BLACK
6
CONTINUOUS
10
0.6503555511811023
20
-0.4165802755905512
11
0.6503768897637795
21
-0.4167972834645669
0
LINE
8
BLACK
6
CONTINUOUS
10
0.6503768897637795
20
-0.4167972834645669
11
0.650408779527559
21
-0.4170127952755905
0
LINE
8
BLACK
6
CONTINUOUS
10
0.650408779527559
20
-0.4170127952755905
11
0.6504023622047244
21
-0.4170557874015748
0
LINE
8
BLACK
6
CONTINUOUS
10
0.6504023622047244
20
-0.4170557874015748
11
0.6504122834645669
21
-0.4171563385826771
0
LINE
8
BLACK
6
CONTINUOUS
10
0.6504122834645669
20
-0.4171563385826771
11
0.6504122834645669
21
-0.426530157480315
0
LINE
8
BLACK
6
CONTINUOUS
10
0.6504122834645669
20
-0.426530157480315
11
0.6504023622047244
21
-0.4266306692913386
0
LINE
8
BLACK
6
CONTINUOUS
10
0.6504023622047244
20
-0.4266306692913386
11
0.650408779527559
21
-0.4266737007874016
0
LINE
8
BLACK
6
CONTINUOUS
10
0.650408779527559
20
-0.4266737007874016
11
0.6503768897637795
21
-0.4268891732283465
0
LINE
8
BLACK
6
CONTINUOUS
10
0.6503768897637795
20
-0.4268891732283465
11
0.6503555511811023
21
-0.427106220472441
0
LINE
8
BLACK
6
CONTINUOUS
10
0.6503555511811023
20
-0.427106220472441
11
0.6503388976377953
21
-0.4271464173228346
0
LINE
8
BLACK
6
CONTINUOUS
10
0.6503388976377953
20
-0.4271464173228346
11
0.6503241338582677
21
-0.4272462992125984
0
LINE
8
BLACK
6
CONTINUOUS
10
0.6503241338582677
20
-0.4272462992125984
11
0.6484493700787402
21
-0.4347453543307087
0
LINE
8
BLACK
6
CONTINUOUS
10
0.6484493700787402
20
-0.4347453543307087
11
0.6484341732283464
21
-0.4347878346456693
0
LINE
8
BLACK
6
CONTINUOUS
10
0.6484341732283464
20
-0.4347878346456693
11
0.6484326771653544
21
-0.4348091338582677
0
LINE
8
BLACK
6
CONTINUOUS
10
0.6484326771653544
20
-0.4348091338582677
11
0.648340905511811
21
-0.4350488582677165
0
LINE
8
BLACK
6
CONTINUOUS
10
0.648340905511811
20
-0.4350488582677165
11
0.6482546062992126
21
-0.4352904724409449
0
LINE
8
BLACK
6
CONTINUOUS
10
0.6482546062992126
20
-0.4352904724409449
11
0.6482418897637795
21
-0.4353075984251968
0
LINE
8
BLACK
6
CONTINUOUS
10
0.6482418897637795
20
-0.4353075984251968
11
0.6482257874015748
21
-0.4353497244094488
0
LINE
8
BLACK
6
CONTINUOUS
10
0.6482257874015748
20
-0.4353497244094488
11
0.6463510236220472
21
-0.4390992519685039
0
LINE
8
BLACK
6
CONTINUOUS
10
0.6463510236220472
20
-0.4390992519685039
11
0.6461949606299212
21
-0.439347125984252
0
LINE
8
BLACK
6
CONTINUOUS
10
0.6461949606299212
20
-0.439347125984252
11
0.646165157480315
21
-0.4394191732283464
0
LINE
8
BLACK
6
CONTINUOUS
10
0.646165157480315
20
-0.4394191732283464
11
0.6460986220472441
21
-0.4395001968503937
0
LINE
8
BLACK
6
CONTINUOUS
10
0.6460986220472441
20
-0.4395001968503937
11
0.6460426771653544
21
-0.4395891338582677
0
LINE
8
BLACK
6
CONTINUOUS
10
0.6460426771653544
20
-0.4395891338582677
11
0.6459836614173228
21
-0.4396402755905512
0
LINE
8
BLACK
6
CONTINUOUS
10
0.6459836614173228
20
-0.4396402755905512
11
0.6457979133858267
21
-0.4398666535433071
0
LINE
8
BLACK
6
CONTINUOUS
10
0.6457979133858267
20
-0.4398666535433071
11
0.6439231889763779
21
-0.4417414173228346
0
LINE
8
BLACK
6
CONTINUOUS
10
0.6439231889763779
20
-0.4417414173228346
11
0.6436968110236221
21
-0.4419271653543307
0
LINE
8
BLACK
6
CONTINUOUS
10
0.6436968110236221
20
-0.4419271653543307
11
0.6436456299212598
21
-0.441986220472441
0
LINE
8
BLACK
6
CONTINUOUS
10
0.6436456299212598
20
-0.441986220472441
11
0.643556653543307
21
-0.4420422047244094
0
LINE
8
BLACK
6
CONTINUOUS
10
0.643556653543307
20
-0.4420422047244094
11
0.6434757086614173
21
-0.4421086614173228
0
LINE
8
BLACK
6
CONTINUOUS
10
0.6434757086614173
20
-0.4421086614173228
11
0.6434037401574803
21
-0.4421384645669291
0
LINE
8
BLACK
6
CONTINUOUS
10
0.6434037401574803
20
-0.4421384645669291
11
0.643155748031496
21
-0.4422945669291338
0
LINE
8
BLACK
6
CONTINUOUS
10
0.643155748031496
20
-0.4422945669291338
11
0.6394062204724409
21
-0.4441693307086614
0
LINE
8
BLACK
6
CONTINUOUS
10
0.6394062204724409
20
-0.4441693307086614
11
0.6388655905511811
21
-0.4443762204724409
0
LINE
8
BLACK
6
CONTINUOUS
10
0.6388655905511811
20
-0.4443762204724409
11
0.6387597637795276
21
-0.4443837007874016
0
LINE
8
BLACK
6
CONTINUOUS
10
0.6387597637795276
20
-0.4443837007874016
11
0.6386617716535433
21
-0.4444243307086614
0
LINE
8
BLACK
6
CONTINUOUS
10
0.6386617716535433
20
-0.4444243307086614
11
0.6380857086614173
21
-0.444481062992126
0
LINE
8
BLACK
6
CONTINUOUS
10
0.6380857086614173
20
-0.444481062992126
11
0.6343361811023622
21
-0.444481062992126
0
LINE
8
BLACK
6
CONTINUOUS
10
0.6343361811023622
20
-0.444481062992126
11
0.6337601181102362
21
-0.4444243307086614
0
LINE
8
BLACK
6
CONTINUOUS
10
0.6337601181102362
20
-0.4444243307086614
11
0.633662125984252
21
-0.4443837401574803
0
LINE
8
BLACK
6
CONTINUOUS
10
0.633662125984252
20
-0.4443837401574803
11
0.6335562598425196
21
-0.4443762204724409
0
LINE
8
BLACK
6
CONTINUOUS
10
0.6335562598425196
20
-0.4443762204724409
11
0.6330156692913386
21
-0.4441693307086614
0
LINE
8
BLACK
6
CONTINUOUS
10
0.6330156692913386
20
-0.4441693307086614
11
0.6292661417322835
21
-0.4422945669291338
0
LINE
8
BLACK
6
CONTINUOUS
10
0.6292661417322835
20
-0.4422945669291338
11
0.6290181102362205
21
-0.4421384645669291
0
LINE
8
BLACK
6
CONTINUOUS
10
0.6290181102362205
20
-0.4421384645669291
11
0.6289461811023622
21
-0.4421086614173228
0
LINE
8
BLACK
6
CONTINUOUS
10
0.6289461811023622
20
-0.4421086614173228
11
0.6288651968503937
21
-0.4420422047244094
0
LINE
8
BLACK
6
CONTINUOUS
10
0.6288651968503937
20
-0.4420422047244094
11
0.6287762598425197
21
-0.441986220472441
0
LINE
8
BLACK
6
CONTINUOUS
10
0.6287762598425197
20
-0.441986220472441
11
0.6287250393700787
21
-0.4419271653543307
0
LINE
8
BLACK
6
CONTINUOUS
10
0.6287250393700787
20
-0.4419271653543307
11
0.6284987007874016
21
-0.4417414173228346
0
LINE
8
BLACK
6
CONTINUOUS
10
0.6284987007874016
20
-0.4417414173228346
11
0.626623937007874
21
-0.4398666141732283
0
LINE
8
BLACK
6
CONTINUOUS
10
0.626623937007874
20
-0.4398666141732283
11
0.6264381889763779
21
-0.4396402755905512
0
LINE
8
BLACK
6
CONTINUOUS
10
0.6264381889763779
20
-0.4396402755905512
11
0.6263792125984252
21
-0.4395891338582677
0
LINE
8
BLACK
6
CONTINUOUS
10
0.6263792125984252
20
-0.4395891338582677
11
0.6263232283464567
21
-0.4395001968503937
0
LINE
8
BLACK
6
CONTINUOUS
10
0.6263232283464567
20
-0.4395001968503937
11
0.6262567322834646
21
-0.4394191732283464
0
LINE
8
BLACK
6
CONTINUOUS
10
0.6262567322834646
20
-0.4394191732283464
11
0.6262268897637795
21
-0.439347125984252
0
LINE
8
BLACK
6
CONTINUOUS
10
0.6262268897637795
20
-0.439347125984252
11
0.6260708661417322
21
-0.4390992519685039
0
LINE
8
BLACK
6
CONTINUOUS
10
0.6260708661417322
20
-0.4390992519685039
11
0.6241961023622047
21
-0.4353497244094488
0
LINE
8
BLACK
6
CONTINUOUS
10
0.6241961023622047
20
-0.4353497244094488
11
0.6241799606299212
21
-0.4353075984251968
0
LINE
8
BLACK
6
CONTINUOUS
10
0.6241799606299212
20
-0.4353075984251968
11
0.624167283464567
21
-0.4352904724409449
0
LINE
8
BLACK
6
CONTINUOUS
10
0.624167283464567
20
-0.4352904724409449
11
0.6240808267716536
21
-0.4350485039370079
0
LINE
8
BLACK
6
CONTINUOUS
10
0.6240808267716536
20
-0.4350485039370079
11
0.6239892125984252
21
-0.4348090944881889
0
LINE
8
BLACK
6
CONTINUOUS
10
0.6239892125984252
20
-0.4348090944881889
11
0.6239876771653543
21
-0.4347878346456693
0
LINE
8
BLACK
6
CONTINUOUS
10
0.6239876771653543
20
-0.4347878346456693
11
0.6239725196850393
21
-0.4347453543307087
0
LINE
8
BLACK
6
CONTINUOUS
10
0.6239725196850393
20
-0.4347453543307087
11
0.6220977559055118
21
-0.4272462992125984
0
LINE
8
BLACK
6
CONTINUOUS
10
0.6220977559055118
20
-0.4272462992125984
11
0.6220829527559055
21
-0.4271464173228346
0
LINE
8
BLACK
6
CONTINUOUS
10
0.6220829527559055
20
-0.4271464173228346
11
0.6220663385826771
21
-0.427106220472441
0
LINE
8
BLACK
6
CONTINUOUS
10
0.6220663385826771
20
-0.427106220472441
11
0.6220449606299212
21
-0.4268891732283465
0
LINE
8
BLACK
6
CONTINUOUS
10
0.6220449606299212
20
-0.4268891732283465
11
0.6220131102362204
21
-0.4266737007874016
0
LINE
8
BLACK
6
CONTINUOUS
10
0.6220131102362204
20
-0.4266737007874016
11
0.6220194881889763
21
-0.4266306692913386
0
LINE
8
BLACK
6
CONTINUOUS
10
0.6220194881889763
20
-0.4266306692913386
11
0.6220096062992125
21
-0.426530157480315
0
LINE
8
BLACK
6
CONTINUOUS
10
0.6220096062992125
20
-0.426530157480315
11
0.6220096062992125
21
-0.4171563385826771
0
LINE
8
BLACK
6
CONTINUOUS
10
0.6220096062992125
20
-0.4171563385826771
11
0.6220194881889763
21
-0.4170557874015748
0
LINE
8
BLACK
6
CONTINUOUS
10
0.6220194881889763
20
-0.4170557874015748
11
0.6220131102362204
21
-0.4170127952755905
0
LINE
8
BLACK
6
CONTINUOUS
10
0.6220131102362204
20
-0.4170127952755905
11
0.6220449606299212
21
-0.4167972834645669
0
LINE
8
BLACK
6
CONTINUOUS
10
0.6220449606299212
20
-0.4167972834645669
11
0.6220663385826771
21
-0.4165802755905512
0
LINE
8
BLACK
6
CONTINUOUS
10
0.6220663385826771
20
-0.4165802755905512
11
0.6220829527559055
21
-0.4165400393700787
0
LINE
8
BLACK
6
CONTINUOUS
10
0.6220829527559055
20
-0.4165400393700787
11
0.6220977559055118
21
-0.4164401968503937
0
LINE
8
BLACK
6
CONTINUOUS
10
0.6220977559055118
20
-0.4164401968503937
11
0.6239725196850393
21
-0.4089411417322835
0
LINE
8
BLACK
6
CONTINUOUS
10
0.6239725196850393
20
-0.4089411417322835
11
0.6239876771653543
21
-0.4088986220472441
0
LINE
8
BLACK
6
CONTINUOUS
10
0.6239876771653543
20
-0.4088986220472441
11
0.6239892125984252
21
-0.4088774015748031
0
LINE
8
BLACK
6
CONTINUOUS
10
0.6239892125984252
20
-0.4088774015748031
11
0.6240808267716536
21
-0.4086379527559055
0
LINE
8
BLACK
6
CONTINUOUS
10
0.6240808267716536
20
-0.4086379527559055
11
0.624167283464567
21
-0.4083960236220472
0
LINE
8
BLACK
6
CONTINUOUS
10
0.624167283464567
20
-0.4083960236220472
11
0.6241799606299212
21
-0.4083788582677165
0
LINE
8
BLACK
6
CONTINUOUS
10
0.6241799606299212
20
-0.4083788582677165
11
0.6241961023622047
21
-0.4083367716535433
0
LINE
8
BLACK
6
CONTINUOUS
10
0.6241961023622047
20
-0.4083367716535433
11
0.6260708661417322
21
-0.4045872440944882
0
LINE
8
BLACK
6
CONTINUOUS
10
0.6260708661417322
20
-0.4045872440944882
11
0.6262269291338582
21
-0.4043392125984252
0
LINE
8
BLACK
6
CONTINUOUS
10
0.6262269291338582
20
-0.4043392125984252
11
0.6262567716535433
21
-0.4042672834645669
0
LINE
8
BLACK
6
CONTINUOUS
10
0.6262567716535433
20
-0.4042672834645669
11
0.6263232283464567
21
-0.4041862992125984
0
LINE
8
BLACK
6
CONTINUOUS
10
0.6263232283464567
20
-0.4041862992125984
11
0.6263792125984252
21
-0.4040973622047244
0
LINE
8
BLACK
6
CONTINUOUS
10
0.6263792125984252
20
-0.4040973622047244
11
0.6264381889763779
21
-0.4040461811023622
0
LINE
8
BLACK
6
CONTINUOUS
10
0.6264381889763779
20
-0.4040461811023622
11
0.6266239763779528
21
-0.4038198425196851
0
LINE
8
BLACK
6
CONTINUOUS
10
0.6266239763779528
20
-0.4038198425196851
11
0.6284987401574803
21
-0.4019450787401574
0
LINE
8
BLACK
6
CONTINUOUS
10
0.6284987401574803
20
-0.4019450787401574
11
0.6287250787401575
21
-0.4017592913385827
0
LINE
8
BLACK
6
CONTINUOUS
10
0.6287250787401575
20
-0.4017592913385827
11
0.6287762598425197
21
-0.4017003149606299
0
LINE
8
BLACK
6
CONTINUOUS
10
0.6287762598425197
20
-0.4017003149606299
11
0.6288651968503937
21
-0.4016443307086614
0
LINE
8
BLACK
6
CONTINUOUS
10
0.6288651968503937
20
-0.4016443307086614
11
0.6289461811023622
21
-0.401577874015748
0
LINE
8
BLACK
6
CONTINUOUS
10
0.6289461811023622
20
-0.401577874015748
11
0.6290181102362205
21
-0.401548031496063
0
LINE
8
BLACK
6
CONTINUOUS
10
0.6290181102362205
20
-0.401548031496063
11
0.6292661417322835
21
-0.401391968503937
0
LINE
8
BLACK
6
CONTINUOUS
10
0.6292661417322835
20
-0.401391968503937
11
0.6330156692913386
21
-0.3995172047244094
0
LINE
8
BLACK
6
CONTINUOUS
10
0.6330156692913386
20
-0.3995172047244094
11
0.6335562598425196
21
-0.3993103149606299
0
LINE
8
BLACK
6
CONTINUOUS
10
0.6335562598425196
20
-0.3993103149606299
11
0.633662125984252
21
-0.3993027559055118
0
LINE
8
BLACK
6
CONTINUOUS
10
0.633662125984252
20
-0.3993027559055118
11
0.6337601181102362
21
-0.3992622047244094
0
LINE
8
BLACK
6
CONTINUOUS
10
0.6337601181102362
20
-0.3992622047244094
11
0.6343361811023622
21
-0.3992054724409449
0
LINE
8
BLACK
6
CONTINUOUS
10
0.6343361811023622
20
-0.3992054724409449
11
0.6380857086614173
21
-0.3992054724409449
0
LINE
8
BLACK
6
CONTINUOUS
10
0.6380857086614173
20
-0.3992054724409449
11
0.6386617716535433
21
-0.3992622047244094
0
LINE
8
BLACK
6
CONTINUOUS
10
0.6323357480314961
20
-0.4064597244094488
11
0.6311386220472441
21
-0.4076568503937008
0
LINE
8
BLACK
6
CONTINUOUS
10
0.6311386220472441
20
-0.4076568503937008
11
0.6296231102362204
21
-0.4106878346456693
0
LINE
8
BLACK
6
CONTINUOUS
10
0.6296231102362204
20
-0.4106878346456693
11
0.6279151181102363
21
-0.4175198818897637
0
LINE
8
BLACK
6
CONTINUOUS
10
0.6279151181102363
20
-0.4175198818897637
11
0.6279151181102363
21
-0.4261666141732283
0
LINE
8
BLACK
6
CONTINUOUS
10
0.6279151181102363
20
-0.4261666141732283
11
0.6296231102362204
21
-0.4329986614173228
0
LINE
8
BLACK
6
CONTINUOUS
10
0.6296231102362204
20
-0.4329986614173228
11
0.6311386220472441
21
-0.4360296456692913
0
LINE
8
BLACK
6
CONTINUOUS
10
0.6311386220472441
20
-0.4360296456692913
11
0.6323357480314961
21
-0.437226811023622
0
LINE
8
BLACK
6
CONTINUOUS
10
0.6323357480314961
20
-0.437226811023622
11
0.6350332283464567
21
-0.4385755511811024
0
LINE
8
BLACK
6
CONTINUOUS
10
0.6350332283464567
20
-0.4385755511811024
11
0.6373886614173229
21
-0.4385755511811024
0
LINE
8
BLACK
6
CONTINUOUS
10
0.6373886614173229
20
-0.4385755511811024
11
0.6400861023622048
21
-0.437226811023622
0
LINE
8
BLACK
6
CONTINUOUS
10
0.6400861023622048
20
-0.437226811023622
11
0.6412832283464567
21
-0.4360296456692913
0
LINE
8
BLACK
6
CONTINUOUS
10
0.6412832283464567
20
-0.4360296456692913
11
0.6427987401574803
21
-0.4329986614173228
0
LINE
8
BLACK
6
CONTINUOUS
10
0.6427987401574803
20
-0.4329986614173228
11
0.6445067716535433
21
-0.4261666141732283
0
LINE
8
BLACK
6
CONTINUOUS
10
0.6445067716535433
20
-0.4261666141732283
11
0.6445067716535433
21
-0.4175198818897637
0
LINE
8
BLACK
6
CONTINUOUS
10
0.6445067716535433
20
-0.4175198818897637
11
0.6427987401574803
21
-0.4106878346456693
0
LINE
8
BLACK
6
CONTINUOUS
10
0.6427987401574803
20
-0.4106878346456693
11
0.6412832677165354
21
-0.4076568503937008
0
LINE
8
BLACK
6
CONTINUOUS
10
0.6412832677165354
20
-0.4076568503937008
11
0.6400861417322834
21
-0.4064597244094488
0
LINE
8
BLACK
6
CONTINUOUS
10
0.6400861417322834
20
-0.4064597244094488
11
0.6373886614173229
21
-0.4051109842519685
0
LINE
8
BLACK
6
CONTINUOUS
10
0.6373886614173229
20
-0.4051109842519685
11
0.6350332283464567
21
-0.4051109842519685
0
LINE
8
BLACK
6
CONTINUOUS
10
0.6350332283464567
20
-0.4051109842519685
11
0.6323357480314961
21
-0.4064597244094488
0
LINE
8
BLACK
6
CONTINUOUS
10
0.4670695669291339
20
-0.3977182283464567
11
0.4679399606299213
21
-0.3984731102362205
0
LINE
8
BLACK
6
CONTINUOUS
10
0.4679399606299213
20
-0.3984731102362205
11
0.468455157480315
21
-0.3995035826771653
0
LINE
8
BLACK
6
CONTINUOUS
10
0.468455157480315
20
-0.3995035826771653
11
0.4685368503937008
21
-0.4006527952755906
0
LINE
8
BLACK
6
CONTINUOUS
10
0.4685368503937008
20
-0.4006527952755906
11
0.4684085039370078
21
-0.4012172440944882
0
LINE
8
BLACK
6
CONTINUOUS
10
0.4684085039370078
20
-0.4012172440944882
11
0.4603301968503937
21
-0.4254521653543307
0
LINE
8
BLACK
6
CONTINUOUS
10
0.4603301968503937
20
-0.4254521653543307
11
0.4720283464566929
21
-0.4254521653543307
0
LINE
8
BLACK
6
CONTINUOUS
10
0.4720283464566929
20
-0.4254521653543307
11
0.4720283464566929
21
-0.4152815748031496
0
LINE
8
BLACK
6
CONTINUOUS
10
0.4720283464566929
20
-0.4152815748031496
11
0.4720850787401575
21
-0.4147055118110236
0
LINE
8
BLACK
6
CONTINUOUS
10
0.4720850787401575
20
-0.4147055118110236
11
0.4725259842519685
21
-0.4136411023622047
0
LINE
8
BLACK
6
CONTINUOUS
10
0.4725259842519685
20
-0.4136411023622047
11
0.4733406299212599
21
-0.4128264566929134
0
LINE
8
BLACK
6
CONTINUOUS
10
0.4733406299212599
20
-0.4128264566929134
11
0.4744050393700787
21
-0.4123855511811024
0
LINE
8
BLACK
6
CONTINUOUS
10
0.4744050393700787
20
-0.4123855511811024
11
0.4755571653543307
21
-0.4123855511811024
0
LINE
8
BLACK
6
CONTINUOUS
10
0.4755571653543307
20
-0.4123855511811024
11
0.4766215748031496
21
-0.4128264566929134
0
LINE
8
BLACK
6
CONTINUOUS
10
0.4766215748031496
20
-0.4128264566929134
11
0.4774362204724409
21
-0.4136411023622047
0
LINE
8
BLACK
6
CONTINUOUS
10
0.4774362204724409
20
-0.4136411023622047
11
0.477877125984252
21
-0.4147055118110236
0
LINE
8
BLACK
6
CONTINUOUS
10
0.477877125984252
20
-0.4147055118110236
11
0.4779338582677165
21
-0.4152815748031496
0
LINE
8
BLACK
6
CONTINUOUS
10
0.4779338582677165
20
-0.4152815748031496
11
0.4779338582677165
21
-0.4254521653543307
0
LINE
8
BLACK
6
CONTINUOUS
10
0.4779338582677165
20
-0.4254521653543307
11
0.4806053937007874
21
-0.4254521653543307
0
LINE
8
BLACK
6
CONTINUOUS
10
0.4806053937007874
20
-0.4254521653543307
11
0.4811814566929134
21
-0.4255088976377953
0
LINE
8
BLACK
6
CONTINUOUS
10
0.4811814566929134
20
-0.4255088976377953
11
0.4822458661417323
21
-0.4259498031496063
0
LINE
8
BLACK
6
CONTINUOUS
10
0.4822458661417323
20
-0.4259498031496063
11
0.4830605118110236
21
-0.4267644488188976
0
LINE
8
BLACK
6
CONTINUOUS
10
0.4830605118110236
20
-0.4267644488188976
11
0.4835014173228346
21
-0.4278288582677165
0
LINE
8
BLACK
6
CONTINUOUS
10
0.4835014173228346
20
-0.4278288582677165
11
0.4835014173228346
21
-0.4289809842519685
0
LINE
8
BLACK
6
CONTINUOUS
10
0.4835014173228346
20
-0.4289809842519685
11
0.4830605118110236
21
-0.4300453937007874
0
LINE
8
BLACK
6
CONTINUOUS
10
0.4830605118110236
20
-0.4300453937007874
11
0.4822458661417323
21
-0.4308600393700787
0
LINE
8
BLACK
6
CONTINUOUS
10
0.4822458661417323
20
-0.4308600393700787
11
0.4811814566929134
21
-0.4313009448818897
0
LINE
8
BLACK
6
CONTINUOUS
10
0.4811814566929134
20
-0.4313009448818897
11
0.4806053937007874
21
-0.4313576771653543
0
LINE
8
BLACK
6
CONTINUOUS
10
0.4806053937007874
20
-0.4313576771653543
11
0.4779338582677165
21
-0.4313576771653543
0
LINE
8
BLACK
6
CONTINUOUS
10
0.4779338582677165
20
-0.4313576771653543
11
0.4779338582677165
21
-0.4415283070866142
0
LINE
8
BLACK
6
CONTINUOUS
10
0.4779338582677165
20
-0.4415283070866142
11
0.477877125984252
21
-0.4421043700787401
0
LINE
8
BLACK
6
CONTINUOUS
10
0.477877125984252
20
-0.4421043700787401
11
0.4774362204724409
21
-0.4431687795275591
0
LINE
8
BLACK
6
CONTINUOUS
10
0.4774362204724409
20
-0.4431687795275591
11
0.4766215748031496
21
-0.4439834251968504
0
LINE
8
BLACK
6
CONTINUOUS
10
0.4766215748031496
20
-0.4439834251968504
11
0.4755571653543307
21
-0.4444243307086614
0
LINE
8
BLACK
6
CONTINUOUS
10
0.4755571653543307
20
-0.4444243307086614
11
0.4744050393700787
21
-0.4444243307086614
0
LINE
8
BLACK
6
CONTINUOUS
10
0.4744050393700787
20
-0.4444243307086614
11
0.4733406299212599
21
-0.4439834251968504
0
LINE
8
BLACK
6
CONTINUOUS
10
0.4733406299212599
20
-0.4439834251968504
11
0.4725259842519685
21
-0.4431687795275591
0
LINE
8
BLACK
6
CONTINUOUS
10
0.4725259842519685
20
-0.4431687795275591
11
0.4720850787401575
21
-0.4421043700787401
0
LINE
8
BLACK
6
CONTINUOUS
10
0.4720850787401575
20
-0.4421043700787401
11
0.4720283464566929
21
-0.4415283070866142
0
LINE
8
BLACK
6
CONTINUOUS
10
0.4720283464566929
20
-0.4415283070866142
11
0.4720283464566929
21
-0.4313576771653543
0
LINE
8
BLACK
6
CONTINUOUS
10
0.4720283464566929
20
-0.4313576771653543
11
0.4562334645669291
21
-0.4313576771653543
0
LINE
8
BLACK
6
CONTINUOUS
10
0.4562334645669291
20
-0.4313576771653543
11
0.4559418897637795
21
-0.431328937007874
0
LINE
8
BLACK
6
CONTINUOUS
10
0.4559418897637795
20
-0.431328937007874
11
0.4558641732283464
21
-0.4313344881889764
0
LINE
8
BLACK
6
CONTINUOUS
10
0.4558641732283464
20
-0.4313344881889764
11
0.455808031496063
21
-0.431315748031496
0
LINE
8
BLACK
6
CONTINUOUS
10
0.455808031496063
20
-0.431315748031496
11
0.4556574015748032
21
-0.4313009448818897
0
LINE
8
BLACK
6
CONTINUOUS
10
0.4556574015748032
20
-0.4313009448818897
11
0.4552200787401575
21
-0.4311198031496063
0
LINE
8
BLACK
6
CONTINUOUS
10
0.4552200787401575
20
-0.4311198031496063
11
0.4547711417322834
21
-0.430970157480315
0
LINE
8
BLACK
6
CONTINUOUS
10
0.4547711417322834
20
-0.430970157480315
11
0.4546909448818898
21
-0.4309005905511811
0
LINE
8
BLACK
6
CONTINUOUS
10
0.4546909448818898
20
-0.4309005905511811
11
0.4545929921259843
21
-0.4308600393700787
0
LINE
8
BLACK
6
CONTINUOUS
10
0.4545929921259843
20
-0.4308600393700787
11
0.4542583464566929
21
-0.4305253937007874
0
LINE
8
BLACK
6
CONTINUOUS
10
0.4542583464566929
20
-0.4305253937007874
11
0.4539007874015748
21
-0.4302152755905512
0
LINE
8
BLACK
6
CONTINUOUS
10
0.4539007874015748
20
-0.4302152755905512
11
0.4538533464566929
21
-0.4301203937007874
0
LINE
8
BLACK
6
CONTINUOUS
10
0.4538533464566929
20
-0.4301203937007874
11
0.4537783464566929
21
-0.4300453937007874
0
LINE
8
BLACK
6
CONTINUOUS
10
0.4537783464566929
20
-0.4300453937007874
11
0.4535971653543307
21
-0.429608031496063
0
LINE
8
BLACK
6
CONTINUOUS
10
0.4535971653543307
20
-0.429608031496063
11
0.4533855905511811
21
-0.429184842519685
0
LINE
8
BLACK
6
CONTINUOUS
10
0.4533855905511811
20
-0.429184842519685
11
0.4533780708661417
21
-0.4290790551181102
0
LINE
8
BLACK
6
CONTINUOUS
10
0.4533780708661417
20
-0.4290790551181102
11
0.4533374409448819
21
-0.4289809842519685
0
LINE
8
BLACK
6
CONTINUOUS
10
0.4533374409448819
20
-0.4289809842519685
11
0.4533374409448819
21
-0.4285074803149606
0
LINE
8
BLACK
6
CONTINUOUS
10
0.4533374409448819
20
-0.4285074803149606
11
0.4533038976377953
21
-0.4280356299212598
0
LINE
8
BLACK
6
CONTINUOUS
10
0.4533038976377953
20
-0.4280356299212598
11
0.4533374409448819
21
-0.4278881102362205
0
LINE
8
BLACK
6
CONTINUOUS
10
0.4533374409448819
20
-0.4278881102362205
11
0.4533374409448819
21
-0.4278288582677165
0
LINE
8
BLACK
6
CONTINUOUS
10
0.4533374409448819
20
-0.4278288582677165
11
0.4533672834645669
21
-0.4277567322834646
0
LINE
8
BLACK
6
CONTINUOUS
10
0.4533672834645669
20
-0.4277567322834646
11
0.4534322440944882
21
-0.4274711811023622
0
LINE
8
BLACK
6
CONTINUOUS
10
0.4534322440944882
20
-0.4274711811023622
11
0.462806062992126
21
-0.3993497244094488
0
LINE
8
BLACK
6
CONTINUOUS
10
0.462806062992126
20
-0.3993497244094488
11
0.4630420472440945
21
-0.3988211811023622
0
LINE
8
BLACK
6
CONTINUOUS
10
0.4630420472440945
20
-0.3988211811023622
11
0.4637969291338583
21
-0.3979508267716536
0
LINE
8
BLACK
6
CONTINUOUS
10
0.4637969291338583
20
-0.3979508267716536
11
0.4648273622047244
21
-0.3974355905511811
0
LINE
8
BLACK
6
CONTINUOUS
10
0.4648273622047244
20
-0.3974355905511811
11
0.4659765748031496
21
-0.3973538976377953
0
LINE
8
BLACK
6
CONTINUOUS
10
0.4659765748031496
20
-0.3973538976377953
11
0.4670695669291339
21
-0.3977182283464567
0
LINE
8
BLACK
6
CONTINUOUS
10
0.4965236614173228
20
-0.4350252362204725
11
0.4972439763779528
21
-0.4353235826771654
0
LINE
8
BLACK
6
CONTINUOUS
10
0.4972439763779528
20
-0.4353235826771654
11
0.4972440157480315
21
-0.4353236220472441
0
LINE
8
BLACK
6
CONTINUOUS
10
0.4972440157480315
20
-0.4353236220472441
11
0.4976914960629921
21
-0.4356908661417322
0
LINE
8
BLACK
6
CONTINUOUS
10
0.4976914960629921
20
-0.4356908661417322
11
0.4995662204724409
21
-0.4375656299212599
0
LINE
8
BLACK
6
CONTINUOUS
10
0.4995662204724409
20
-0.4375656299212599
11
0.4999334645669291
21
-0.4380131102362205
0
LINE
8
BLACK
6
CONTINUOUS
10
0.4999334645669291
20
-0.4380131102362205
11
0.5003725196850394
21
-0.4390731889763779
0
LINE
8
BLACK
6
CONTINUOUS
10
0.5003725196850394
20
-0.4390731889763779
11
0.5003743307086614
21
-0.4390775196850394
0
LINE
8
BLACK
6
CONTINUOUS
10
0.5003743307086614
20
-0.4390775196850394
11
0.5003743307086614
21
-0.4402296062992126
0
LINE
8
BLACK
6
CONTINUOUS
10
0.5003743307086614
20
-0.4402296062992126
11
0.4999334251968504
21
-0.4412940157480315
0
LINE
8
BLACK
6
CONTINUOUS
10
0.4999334251968504
20
-0.4412940157480315
11
0.4995662204724409
21
-0.4417414566929134
0
LINE
8
BLACK
6
CONTINUOUS
10
0.4995662204724409
20
-0.4417414566929134
11
0.4976914566929134
21
-0.4436162204724409
0
LINE
8
BLACK
6
CONTINUOUS
10
0.4976914566929134
20
-0.4436162204724409
11
0.4972440157480315
21
-0.4439834251968504
0
LINE
8
BLACK
6
CONTINUOUS
10
0.4972440157480315
20
-0.4439834251968504
11
0.4961796062992126
21
-0.4444243307086614
0
LINE
8
BLACK
6
CONTINUOUS
10
0.4961796062992126
20
-0.4444243307086614
11
0.4961795669291338
21
-0.4444243307086614
0
LINE
8
BLACK
6
CONTINUOUS
10
0.4961795669291338
20
-0.4444243307086614
11
0.4950275196850394
21
-0.4444243307086614
0
LINE
8
BLACK
6
CONTINUOUS
10
0.4950275196850394
20
-0.4444243307086614
11
0.4950274803149606
21
-0.4444243307086614
0
LINE
8
BLACK
6
CONTINUOUS
10
0.4950274803149606
20
-0.4444243307086614
11
0.4939630708661417
21
-0.4439834251968504
0
LINE
8
BLACK
6
CONTINUOUS
10
0.4939630708661417
20
-0.4439834251968504
11
0.4935156299212599
21
-0.4436162204724409
0
LINE
8
BLACK
6
CONTINUOUS
10
0.4935156299212599
20
-0.4436162204724409
11
0.4916408661417322
21
-0.4417414566929134
0
LINE
8
BLACK
6
CONTINUOUS
10
0.4916408661417322
20
-0.4417414566929134
11
0.4912736614173228
21
-0.4412940157480315
0
LINE
8
BLACK
6
CONTINUOUS
10
0.4912736614173228
20
-0.4412940157480315
11
0.491031062992126
21
-0.4407083070866142
0
LINE
8
BLACK
6
CONTINUOUS
10
0.491031062992126
20
-0.4407083070866142
11
0.4908327559055118
21
-0.4402296062992126
0
LINE
8
BLACK
6
CONTINUOUS
10
0.4908327559055118
20
-0.4402296062992126
11
0.4908327559055118
21
-0.4390775196850394
0
LINE
8
BLACK
6
CONTINUOUS
10
0.4908327559055118
20
-0.4390775196850394
11
0.4912736220472441
21
-0.4380131102362205
0
LINE
8
BLACK
6
CONTINUOUS
10
0.4912736220472441
20
-0.4380131102362205
11
0.4916408267716535
21
-0.4375656692913386
0
LINE
8
BLACK
6
CONTINUOUS
10
0.4916408267716535
20
-0.4375656692913386
11
0.4935155905511811
21
-0.4356908661417322
0
LINE
8
BLACK
6
CONTINUOUS
10
0.4935155905511811
20
-0.4356908661417322
11
0.4939630708661417
21
-0.4353236220472441
0
LINE
8
BLACK
6
CONTINUOUS
10
0.4939630708661417
20
-0.4353236220472441
11
0.4939631102362205
21
-0.4353235826771654
0
LINE
8
BLACK
6
CONTINUOUS
10
0.4939631102362205
20
-0.4353235826771654
11
0.4946834251968504
21
-0.4350252362204725
0
LINE
8
BLACK
6
CONTINUOUS
10
0.4946834251968504
20
-0.4350252362204725
11
0.4950274803149606
21
-0.434882716535433
0
LINE
8
BLACK
6
CONTINUOUS
10
0.4950274803149606
20
-0.434882716535433
11
0.4961795669291338
21
-0.434882716535433
0
LINE
8
BLACK
6
CONTINUOUS
10
0.4961795669291338
20
-0.434882716535433
11
0.4961796062992126
21
-0.434882716535433
0
LINE
8
BLACK
6
CONTINUOUS
10
0.4961796062992126
20
-0.434882716535433
11
0.4965236614173228
21
-0.4350252362204725
0
LINE
8
BLACK
6
CONTINUOUS
10
0.5233125196850393
20
-0.3977182283464567
11
0.5241829133858268
21
-0.3984731102362205
0
LINE
8
BLACK
6
CONTINUOUS
10
0.5241829133858268
20
-0.3984731102362205
11
0.5246981102362205
21
-0.3995035826771653
0
LINE
8
BLACK
6
CONTINUOUS
10
0.5246981102362205
20
-0.3995035826771653
11
0.5247798031496063
21
-0.4006527952755906
0
LINE
8
BLACK
6
CONTINUOUS
10
0.5247798031496063
20
-0.4006527952755906
11
0.5246514566929134
21
-0.4012172440944882
0
LINE
8
BLACK
6
CONTINUOUS
10
0.5246514566929134
20
-0.4012172440944882
11
0.5165731496062992
21
-0.4254521653543307
0
LINE
8
BLACK
6
CONTINUOUS
10
0.5165731496062992
20
-0.4254521653543307
11
0.5282712992125984
21
-0.4254521653543307
0
LINE
8
BLACK
6
CONTINUOUS
10
0.5282712992125984
20
-0.4254521653543307
11
0.5282712992125984
21
-0.4152815748031496
0
LINE
8
BLACK
6
CONTINUOUS
10
0.5282712992125984
20
-0.4152815748031496
11
0.528328031496063
21
-0.4147055118110236
0
LINE
8
BLACK
6
CONTINUOUS
10
0.528328031496063
20
-0.4147055118110236
11
0.528768937007874
21
-0.4136411023622047
0
LINE
8
BLACK
6
CONTINUOUS
10
0.528768937007874
20
-0.4136411023622047
11
0.5295835826771653
21
-0.4128264566929134
0
LINE
8
BLACK
6
CONTINUOUS
10
0.5295835826771653
20
-0.4128264566929134
11
0.5306479921259842
21
-0.4123855511811024
0
LINE
8
BLACK
6
CONTINUOUS
10
0.5306479921259842
20
-0.4123855511811024
11
0.5318001181102362
21
-0.4123855511811024
0
LINE
8
BLACK
6
CONTINUOUS
10
0.5318001181102362
20
-0.4123855511811024
11
0.5328645275590551
21
-0.4128264566929134
0
LINE
8
BLACK
6
CONTINUOUS
10
0.5328645275590551
20
-0.4128264566929134
11
0.5336791732283465
21
-0.4136411023622047
0
LINE
8
BLACK
6
CONTINUOUS
10
0.5336791732283465
20
-0.4136411023622047
11
0.5341200787401574
21
-0.4147055118110236
0
LINE
8
BLACK
6
CONTINUOUS
10
0.5341200787401574
20
-0.4147055118110236
11
0.534176811023622
21
-0.4152815748031496
0
LINE
8
BLACK
6
CONTINUOUS
10
0.534176811023622
20
-0.4152815748031496
11
0.534176811023622
21
-0.4254521653543307
0
LINE
8
BLACK
6
CONTINUOUS
10
0.534176811023622
20
-0.4254521653543307
11
0.5368483464566929
21
-0.4254521653543307
0
LINE
8
BLACK
6
CONTINUOUS
10
0.5368483464566929
20
-0.4254521653543307
11
0.5374244094488189
21
-0.4255088976377953
0
LINE
8
BLACK
6
CONTINUOUS
10
0.5374244094488189
20
-0.4255088976377953
11
0.5384888188976378
21
-0.4259498031496063
0
LINE
8
BLACK
6
CONTINUOUS
10
0.5384888188976378
20
-0.4259498031496063
11
0.5393034645669291
21
-0.4267644488188976
0
LINE
8
BLACK
6
CONTINUOUS
10
0.5393034645669291
20
-0.4267644488188976
11
0.5397443700787401
21
-0.4278288582677165
0
LINE
8
BLACK
6
CONTINUOUS
10
0.5397443700787401
20
-0.4278288582677165
11
0.5397443700787401
21
-0.4289809842519685
0
LINE
8
BLACK
6
CONTINUOUS
10
0.5397443700787401
20
-0.4289809842519685
11
0.5393034645669291
21
-0.4300453937007874
0
LINE
8
BLACK
6
CONTINUOUS
10
0.5393034645669291
20
-0.4300453937007874
11
0.5384888188976378
21
-0.4308600393700787
0
LINE
8
BLACK
6
CONTINUOUS
10
0.5384888188976378
20
-0.4308600393700787
11
0.5374244094488189
21
-0.4313009448818897
0
LINE
8
BLACK
6
CONTINUOUS
10
0.5374244094488189
20
-0.4313009448818897
11
0.5368483464566929
21
-0.4313576771653543
0
LINE
8
BLACK
6
CONTINUOUS
10
0.5368483464566929
20
-0.4313576771653543
11
0.534176811023622
21
-0.4313576771653543
0
LINE
8
BLACK
6
CONTINUOUS
10
0.534176811023622
20
-0.4313576771653543
11
0.534176811023622
21
-0.4415283070866142
0
LINE
8
BLACK
6
CONTINUOUS
10
0.534176811023622
20
-0.4415283070866142
11
0.5341200787401574
21
-0.4421043700787401
0
LINE
8
BLACK
6
CONTINUOUS
10
0.5341200787401574
20
-0.4421043700787401
11
0.5336791732283465
21
-0.4431687795275591
0
LINE
8
BLACK
6
CONTINUOUS
10
0.5336791732283465
20
-0.4431687795275591
11
0.5328645275590551
21
-0.4439834251968504
0
LINE
8
BLACK
6
CONTINUOUS
10
0.5328645275590551
20
-0.4439834251968504
11
0.5318001181102362
21
-0.4444243307086614
0
LINE
8
BLACK
6
CONTINUOUS
10
0.5318001181102362
20
-0.4444243307086614
11
0.5306479921259842
21
-0.4444243307086614
0
LINE
8
BLACK
6
CONTINUOUS
10
0.5306479921259842
20
-0.4444243307086614
11
0.5295835826771653
21
-0.4439834251968504
0
LINE
8
BLACK
6
CONTINUOUS
10
0.5295835826771653
20
-0.4439834251968504
11
0.528768937007874
21
-0.4431687795275591
0
LINE
8
BLACK
6
CONTINUOUS
10
0.528768937007874
20
-0.4431687795275591
11
0.528328031496063
21
-0.4421043700787401
0
LINE
8
BLACK
6
CONTINUOUS
10
0.528328031496063
20
-0.4421043700787401
11
0.5282712992125984
21
-0.4415283070866142
0
LINE
8
BLACK
6
CONTINUOUS
10
0.5282712992125984
20
-0.4415283070866142
11
0.5282712992125984
21
-0.4313576771653543
0
LINE
8
BLACK
6
CONTINUOUS
10
0.5282712992125984
20
-0.4313576771653543
11
0.5124764173228347
21
-0.4313576771653543
0
LINE
8
BLACK
6
CONTINUOUS
10
0.5124764173228347
20
-0.4313576771653543
11
0.512184842519685
21
-0.431328937007874
0
LINE
8
BLACK
6
CONTINUOUS
10
0.512184842519685
20
-0.431328937007874
11
0.512107125984252
21
-0.4313344881889764
0
LINE
8
BLACK
6
CONTINUOUS
10
0.512107125984252
20
-0.4313344881889764
11
0.5120509842519685
21
-0.431315748031496
0
LINE
8
BLACK
6
CONTINUOUS
10
0.5120509842519685
20
-0.431315748031496
11
0.5119003543307087
21
-0.4313009448818897
0
LINE
8
BLACK
6
CONTINUOUS
10
0.5119003543307087
20
-0.4313009448818897
11
0.511463031496063
21
-0.4311198031496063
0
LINE
8
BLACK
6
CONTINUOUS
10
0.511463031496063
20
-0.4311198031496063
11
0.511014094488189
21
-0.430970157480315
0
LINE
8
BLACK
6
CONTINUOUS
10
0.511014094488189
20
-0.430970157480315
11
0.5109338976377953
21
-0.4309005905511811
0
LINE
8
BLACK
6
CONTINUOUS
10
0.5109338976377953
20
-0.4309005905511811
11
0.5108359448818898
21
-0.4308600393700787
0
LINE
8
BLACK
6
CONTINUOUS
10
0.5108359448818898
20
-0.4308600393700787
11
0.5105012992125985
21
-0.4305253937007874
0
LINE
8
BLACK
6
CONTINUOUS
10
0.5105012992125985
20
-0.4305253937007874
11
0.5101437401574803
21
-0.4302152755905512
0
LINE
8
BLACK
6
CONTINUOUS
10
0.5101437401574803
20
-0.4302152755905512
11
0.5100962992125984
21
-0.4301203937007874
0
LINE
8
BLACK
6
CONTINUOUS
10
0.5100962992125984
20
-0.4301203937007874
11
0.5100212992125984
21
-0.4300453937007874
0
LINE
8
BLACK
6
CONTINUOUS
10
0.5100212992125984
20
-0.4300453937007874
11
0.5098401181102362
21
-0.429608031496063
0
LINE
8
BLACK
6
CONTINUOUS
10
0.5098401181102362
20
-0.429608031496063
11
0.5096285433070866
21
-0.429184842519685
0
LINE
8
BLACK
6
CONTINUOUS
10
0.5096285433070866
20
-0.429184842519685
11
0.5096210236220472
21
-0.4290790551181102
0
LINE
8
BLACK
6
CONTINUOUS
10
0.5096210236220472
20
-0.4290790551181102
11
0.5095803937007873
21
-0.4289809842519685
0
LINE
8
BLACK
6
CONTINUOUS
10
0.5095803937007873
20
-0.4289809842519685
11
0.5095803937007873
21
-0.4285074803149606
0
LINE
8
BLACK
6
CONTINUOUS
10
0.5095803937007873
20
-0.4285074803149606
11
0.5095468503937007
21
-0.4280356299212598
0
LINE
8
BLACK
6
CONTINUOUS
10
0.5095468503937007
20
-0.4280356299212598
11
0.5095803937007873
21
-0.4278881102362205
0
LINE
8
BLACK
6
CONTINUOUS
10
0.5095803937007873
20
-0.4278881102362205
11
0.5095803937007873
21
-0.4278288582677165
0
LINE
8
BLACK
6
CONTINUOUS
10
0.5095803937007873
20
-0.4278288582677165
11
0.5096102362204724
21
-0.4277567322834646
0
LINE
8
BLACK
6
CONTINUOUS
10
0.5096102362204724
20
-0.4277567322834646
11
0.5096751968503936
21
-0.4274711811023622
0
LINE
8
BLACK
6
CONTINUOUS
10
0.5096751968503936
20
-0.4274711811023622
11
0.5190490157480315
21
-0.3993497244094488
0
LINE
8
BLACK
6
CONTINUOUS
10
0.5190490157480315
20
-0.3993497244094488
11
0.519285
21
-0.3988211811023622
0
LINE
8
BLACK
6
CONTINUOUS
10
0.519285
20
-0.3988211811023622
11
0.5200398818897638
21
-0.3979508267716536
0
LINE
8
BLACK
6
CONTINUOUS
10
0.5200398818897638
20
-0.3979508267716536
11
0.5210703149606299
21
-0.3974355905511811
0
LINE
8
BLACK
6
CONTINUOUS
10
0.5210703149606299
20
-0.3974355905511811
11
0.5222195275590551
21
-0.3973538976377953
0
LINE
8
BLACK
6
CONTINUOUS
10
0.5222195275590551
20
-0.3973538976377953
11
0.5233125196850393
21
-0.3977182283464567
0
LINE
8
BLACK
6
CONTINUOUS
10
0.5608078346456693
20
-0.3977182283464567
11
0.5616782283464566
21
-0.3984731102362205
0
LINE
8
BLACK
6
CONTINUOUS
10
0.5616782283464566
20
-0.3984731102362205
11
0.5621934251968503
21
-0.3995035826771653
0
LINE
8
BLACK
6
CONTINUOUS
10
0.5621934251968503
20
-0.3995035826771653
11
0.5622751181102362
21
-0.4006527952755906
0
LINE
8
BLACK
6
CONTINUOUS
10
0.5622751181102362
20
-0.4006527952755906
11
0.5621467716535433
21
-0.4012172440944882
0
LINE
8
BLACK
6
CONTINUOUS
10
0.5621467716535433
20
-0.4012172440944882
11
0.5540684645669292
21
-0.4254521653543307
0
LINE
8
BLACK
6
CONTINUOUS
10
0.5540684645669292
20
-0.4254521653543307
11
0.5657666141732284
21
-0.4254521653543307
0
LINE
8
BLACK
6
CONTINUOUS
10
0.5657666141732284
20
-0.4254521653543307
11
0.5657666141732284
21
-0.4152815748031496
0
LINE
8
BLACK
6
CONTINUOUS
10
0.5657666141732284
20
-0.4152815748031496
11
0.5658233464566929
21
-0.4147055118110236
0
LINE
8
BLACK
6
CONTINUOUS
10
0.5658233464566929
20
-0.4147055118110236
11
0.5662642519685039
21
-0.4136411023622047
0
LINE
8
BLACK
6
CONTINUOUS
10
0.5662642519685039
20
-0.4136411023622047
11
0.5670788976377953
21
-0.4128264566929134
0
LINE
8
BLACK
6
CONTINUOUS
10
0.5670788976377953
20
-0.4128264566929134
11
0.5681433070866142
21
-0.4123855511811024
0
LINE
8
BLACK
6
CONTINUOUS
10
0.5681433070866142
20
-0.4123855511811024
11
0.5692954330708662
21
-0.4123855511811024
0
LINE
8
BLACK
6
CONTINUOUS
10
0.5692954330708662
20
-0.4123855511811024
11
0.5703598425196851
21
-0.4128264566929134
0
LINE
8
BLACK
6
CONTINUOUS
10
0.5703598425196851
20
-0.4128264566929134
11
0.5711744881889763
21
-0.4136411023622047
0
LINE
8
BLACK
6
CONTINUOUS
10
0.5711744881889763
20
-0.4136411023622047
11
0.5716153937007874
21
-0.4147055118110236
0
LINE
8
BLACK
6
CONTINUOUS
10
0.5716153937007874
20
-0.4147055118110236
11
0.571672125984252
21
-0.4152815748031496
0
LINE
8
BLACK
6
CONTINUOUS
10
0.571672125984252
20
-0.4152815748031496
11
0.571672125984252
21
-0.4254521653543307
0
LINE
8
BLACK
6
CONTINUOUS
10
0.571672125984252
20
-0.4254521653543307
11
0.5743436614173228
21
-0.4254521653543307
0
LINE
8
BLACK
6
CONTINUOUS
10
0.5743436614173228
20
-0.4254521653543307
11
0.5749197244094488
21
-0.4255088976377953
0
LINE
8
BLACK
6
CONTINUOUS
10
0.5749197244094488
20
-0.4255088976377953
11
0.5759841338582677
21
-0.4259498031496063
0
LINE
8
BLACK
6
CONTINUOUS
10
0.5759841338582677
20
-0.4259498031496063
11
0.5767987795275591
21
-0.4267644488188976
0
LINE
8
BLACK
6
CONTINUOUS
10
0.5767987795275591
20
-0.4267644488188976
11
0.5772396850393701
21
-0.4278288582677165
0
LINE
8
BLACK
6
CONTINUOUS
10
0.5772396850393701
20
-0.4278288582677165
11
0.5772396850393701
21
-0.4289809842519685
0
LINE
8
BLACK
6
CONTINUOUS
10
0.5772396850393701
20
-0.4289809842519685
11
0.5767987795275591
21
-0.4300453937007874
0
LINE
8
BLACK
6
CONTINUOUS
10
0.5767987795275591
20
-0.4300453937007874
11
0.5759841338582677
21
-0.4308600393700787
0
LINE
8
BLACK
6
CONTINUOUS
10
0.5759841338582677
20
-0.4308600393700787
11
0.5749197244094488
21
-0.4313009448818897
0
LINE
8
BLACK
6
CONTINUOUS
10
0.5749197244094488
20
-0.4313009448818897
11
0.5743436614173228
21
-0.4313576771653543
0
LINE
8
BLACK
6
CONTINUOUS
10
0.5743436614173228
20
-0.4313576771653543
11
0.571672125984252
21
-0.4313576771653543
0
LINE
8
BLACK
6
CONTINUOUS
10
0.571672125984252
20
-0.4313576771653543
11
0.571672125984252
21
-0.4415283070866142
0
LINE
8
BLACK
6
CONTINUOUS
10
0.571672125984252
20
-0.4415283070866142
11
0.5716153937007874
21
-0.4421043700787401
0
LINE
8
BLACK
6
CONTINUOUS
10
0.5716153937007874
20
-0.4421043700787401
11
0.5711744881889763
21
-0.4431687795275591
0
LINE
8
BLACK
6
CONTINUOUS
10
0.5711744881889763
20
-0.4431687795275591
11
0.5703598425196851
21
-0.4439834251968504
0
LINE
8
BLACK
6
CONTINUOUS
10
0.5703598425196851
20
-0.4439834251968504
11
0.5692954330708662
21
-0.4444243307086614
0
LINE
8
BLACK
6
CONTINUOUS
10
0.5692954330708662
20
-0.4444243307086614
11
0.5681433070866142
21
-0.4444243307086614
0
LINE
8
BLACK
6
CONTINUOUS
10
0.5681433070866142
20
-0.4444243307086614
11
0.5670788976377953
21
-0.4439834251968504
0
LINE
8
BLACK
6
CONTINUOUS
10
0.5670788976377953
20
-0.4439834251968504
11
0.5662642519685039
21
-0.4431687795275591
0
LINE
8
BLACK
6
CONTINUOUS
10
0.5662642519685039
20
-0.4431687795275591
11
0.5658233464566929
21
-0.4421043700787401
0
LINE
8
BLACK
6
CONTINUOUS
10
0.5658233464566929
20
-0.4421043700787401
11
0.5657666141732284
21
-0.4415283070866142
0
LINE
8
BLACK
6
CONTINUOUS
10
0.5657666141732284
20
-0.4415283070866142
11
0.5657666141732284
21
-0.4313576771653543
0
LINE
8
BLACK
6
CONTINUOUS
10
0.5657666141732284
20
-0.4313576771653543
11
0.5499717322834645
21
-0.4313576771653543
0
LINE
8
BLACK
6
CONTINUOUS
10
0.5499717322834645
20
-0.4313576771653543
11
0.549680157480315
21
-0.431328937007874
0
LINE
8
BLACK
6
CONTINUOUS
10
0.549680157480315
20
-0.431328937007874
11
0.5496024409448819
21
-0.4313344881889764
0
LINE
8
BLACK
6
CONTINUOUS
10
0.5496024409448819
20
-0.4313344881889764
11
0.5495462992125985
21
-0.431315748031496
0
LINE
8
BLACK
6
CONTINUOUS
10
0.5495462992125985
20
-0.431315748031496
11
0.5493956692913385
21
-0.4313009448818897
0
LINE
8
BLACK
6
CONTINUOUS
10
0.5493956692913385
20
-0.4313009448818897
11
0.5489583464566929
21
-0.4311198031496063
0
LINE
8
BLACK
6
CONTINUOUS
10
0.5489583464566929
20
-0.4311198031496063
11
0.5485094094488189
21
-0.430970157480315
0
LINE
8
BLACK
6
CONTINUOUS
10
0.5485094094488189
20
-0.430970157480315
11
0.5484292125984251
21
-0.4309005905511811
0
LINE
8
BLACK
6
CONTINUOUS
10
0.5484292125984251
20
-0.4309005905511811
11
0.5483312598425196
21
-0.4308600393700787
0
LINE
8
BLACK
6
CONTINUOUS
10
0.5483312598425196
20
-0.4308600393700787
11
0.5479966141732283
21
-0.4305253937007874
0
LINE
8
BLACK
6
CONTINUOUS
10
0.5479966141732283
20
-0.4305253937007874
11
0.5476390551181102
21
-0.4302152755905512
0
LINE
8
BLACK
6
CONTINUOUS
10
0.5476390551181102
20
-0.4302152755905512
11
0.5475916141732283
21
-0.4301203937007874
0
LINE
8
BLACK
6
CONTINUOUS
10
0.5475916141732283
20
-0.4301203937007874
11
0.5475166141732284
21
-0.4300453937007874
0
LINE
8
BLACK
6
CONTINUOUS
10
0.5475166141732284
20
-0.4300453937007874
11
0.5473354330708662
21
-0.429608031496063
0
LINE
8
BLACK
6
CONTINUOUS
10
0.5473354330708662
20
-0.429608031496063
11
0.5471238582677165
21
-0.429184842519685
0
LINE
8
BLACK
6
CONTINUOUS
10
0.5471238582677165
20
-0.429184842519685
11
0.5471163385826772
21
-0.4290790551181102
0
LINE
8
BLACK
6
CONTINUOUS
10
0.5471163385826772
20
-0.4290790551181102
11
0.5470757086614173
21
-0.4289809842519685
0
LINE
8
BLACK
6
CONTINUOUS
10
0.5470757086614173
20
-0.4289809842519685
11
0.5470757086614173
21
-0.4285074803149606
0
LINE
8
BLACK
6
CONTINUOUS
10
0.5470757086614173
20
-0.4285074803149606
11
0.5470421653543307
21
-0.4280356299212598
0
LINE
8
BLACK
6
CONTINUOUS
10
0.5470421653543307
20
-0.4280356299212598
11
0.5470757086614173
21
-0.4278881102362205
0
LINE
8
BLACK
6
CONTINUOUS
10
0.5470757086614173
20
-0.4278881102362205
11
0.5470757086614173
21
-0.4278288582677165
0
LINE
8
BLACK
6
CONTINUOUS
10
0.5470757086614173
20
-0.4278288582677165
11
0.5471055511811024
21
-0.4277567322834646
0
LINE
8
BLACK
6
CONTINUOUS
10
0.5471055511811024
20
-0.4277567322834646
11
0.5471705118110236
21
-0.4274711811023622
0
LINE
8
BLACK
6
CONTINUOUS
10
0.5471705118110236
20
-0.4274711811023622
11
0.5565443307086614
21
-0.3993497244094488
0
LINE
8
BLACK
6
CONTINUOUS
10
0.5565443307086614
20
-0.3993497244094488
11
0.55678031496063
21
-0.3988211811023622
0
LINE
8
BLACK
6
CONTINUOUS
10
0.55678031496063
20
-0.3988211811023622
11
0.5575351968503937
21
-0.3979508267716536
0
LINE
8
BLACK
6
CONTINUOUS
10
0.5575351968503937
20
-0.3979508267716536
11
0.5585656299212598
21
-0.3974355905511811
0
LINE
8
BLACK
6
CONTINUOUS
10
0.5585656299212598
20
-0.3974355905511811
11
0.5597148425196851
21
-0.3973538976377953
0
LINE
8
BLACK
6
CONTINUOUS
10
0.5597148425196851
20
-0.3973538976377953
11
0.5608078346456693
21
-0.3977182283464567
0
LINE
8
BLACK
6
CONTINUOUS
10
0.7061533464566929
20
-0.4123855511811024
11
0.7062513385826772
21
-0.4124261417322835
0
LINE
8
BLACK
6
CONTINUOUS
10
0.7062513385826772
20
-0.4124261417322835
11
0.7063571653543307
21
-0.4124336614173228
0
LINE
8
BLACK
6
CONTINUOUS
10
0.7063571653543307
20
-0.4124336614173228
11
0.7068977952755905
21
-0.4126405511811024
0
LINE
8
BLACK
6
CONTINUOUS
10
0.7068977952755905
20
-0.4126405511811024
11
0.7106473228346456
21
-0.4145153149606299
0
LINE
8
BLACK
6
CONTINUOUS
10
0.7106473228346456
20
-0.4145153149606299
11
0.7107436614173228
21
-0.4145759448818898
0
LINE
8
BLACK
6
CONTINUOUS
10
0.7107436614173228
20
-0.4145759448818898
11
0.7107890944881889
21
-0.4145911023622047
0
LINE
8
BLACK
6
CONTINUOUS
10
0.7107890944881889
20
-0.4145911023622047
11
0.7108456299212599
21
-0.4146401181102362
0
LINE
8
BLACK
6
CONTINUOUS
10
0.7108456299212599
20
-0.4146401181102362
11
0.7111372047244094
21
-0.4148236614173228
0
LINE
8
BLACK
6
CONTINUOUS
10
0.7111372047244094
20
-0.4148236614173228
11
0.7112015748031496
21
-0.414897874015748
0
LINE
8
BLACK
6
CONTINUOUS
10
0.7112015748031496
20
-0.414897874015748
11
0.7112659448818898
21
-0.4148236614173228
0
LINE
8
BLACK
6
CONTINUOUS
10
0.7112659448818898
20
-0.4148236614173228
11
0.7115574803149606
21
-0.4146401181102362
0
LINE
8
BLACK
6
CONTINUOUS
10
0.7115574803149606
20
-0.4146401181102362
11
0.7116140551181103
21
-0.4145911023622047
0
LINE
8
BLACK
6
CONTINUOUS
10
0.7116140551181103
20
-0.4145911023622047
11
0.7116594488188976
21
-0.4145759448818898
0
LINE
8
BLACK
6
CONTINUOUS
10
0.7116594488188976
20
-0.4145759448818898
11
0.7117558267716535
21
-0.4145153149606299
0
LINE
8
BLACK
6
CONTINUOUS
10
0.7117558267716535
20
-0.4145153149606299
11
0.7155053543307086
21
-0.4126405511811024
0
LINE
8
BLACK
6
CONTINUOUS
10
0.7155053543307086
20
-0.4126405511811024
11
0.7160459448818898
21
-0.4124336614173228
0
LINE
8
BLACK
6
CONTINUOUS
10
0.7160459448818898
20
-0.4124336614173228
11
0.716151811023622
21
-0.4124261023622047
0
LINE
8
BLACK
6
CONTINUOUS
10
0.716151811023622
20
-0.4124261023622047
11
0.7162498031496063
21
-0.4123855511811024
0
LINE
8
BLACK
6
CONTINUOUS
10
0.7162498031496063
20
-0.4123855511811024
11
0.7168258661417323
21
-0.4123288188976378
0
LINE
8
BLACK
6
CONTINUOUS
10
0.7168258661417323
20
-0.4123288188976378
11
0.7224501574803149
21
-0.4123288188976378
0
LINE
8
BLACK
6
CONTINUOUS
10
0.7224501574803149
20
-0.4123288188976378
11
0.7230262204724409
21
-0.4123855511811024
0
LINE
8
BLACK
6
CONTINUOUS
10
0.7230262204724409
20
-0.4123855511811024
11
0.7231242125984252
21
-0.4124261417322835
0
LINE
8
BLACK
6
CONTINUOUS
10
0.7231242125984252
20
-0.4124261417322835
11
0.7232300393700787
21
-0.4124336614173228
0
LINE
8
BLACK
6
CONTINUOUS
10
0.7232300393700787
20
-0.4124336614173228
11
0.7237706692913386
21
-0.4126405511811024
0
LINE
8
BLACK
6
CONTINUOUS
10
0.7237706692913386
20
-0.4126405511811024
11
0.7275202362204725
21
-0.4145153149606299
0
LINE
8
BLACK
6
CONTINUOUS
10
0.7275202362204725
20
-0.4145153149606299
11
0.7276165354330708
21
-0.4145759448818898
0
LINE
8
BLACK
6
CONTINUOUS
10
0.7276165354330708
20
-0.4145759448818898
11
0.7276620078740157
21
-0.4145911023622047
0
LINE
8
BLACK
6
CONTINUOUS
10
0.7276620078740157
20
-0.4145911023622047
11
0.7277185826771654
21
-0.414640157480315
0
LINE
8
BLACK
6
CONTINUOUS
10
0.7277185826771654
20
-0.414640157480315
11
0.7280100787401574
21
-0.4148236614173228
0
LINE
8
BLACK
6
CONTINUOUS
10
0.7280100787401574
20
-0.4148236614173228
11
0.7282525590551181
21
-0.4151032677165354
0
LINE
8
BLACK
6
CONTINUOUS
10
0.7282525590551181
20
-0.4151032677165354
11
0.7285324015748031
21
-0.4153459448818898
0
LINE
8
BLACK
6
CONTINUOUS
10
0.7285324015748031
20
-0.4153459448818898
11
0.728715905511811
21
-0.4156374803149606
0
LINE
8
BLACK
6
CONTINUOUS
10
0.728715905511811
20
-0.4156374803149606
11
0.7287649606299212
21
-0.4156940551181103
0
LINE
8
BLACK
6
CONTINUOUS
10
0.7287649606299212
20
-0.4156940551181103
11
0.7287800787401575
21
-0.4157394488188976
0
LINE
8
BLACK
6
CONTINUOUS
10
0.7287800787401575
20
-0.4157394488188976
11
0.728840748031496
21
-0.4158358267716535
0
LINE
8
BLACK
6
CONTINUOUS
10
0.728840748031496
20
-0.4158358267716535
11
0.7307155118110236
21
-0.4195853543307086
0
LINE
8
BLACK
6
CONTINUOUS
10
0.7307155118110236
20
-0.4195853543307086
11
0.7309224015748031
21
-0.4201259448818898
0
LINE
8
BLACK
6
CONTINUOUS
10
0.7309224015748031
20
-0.4201259448818898
11
0.7309299212598425
21
-0.4202318110236221
0
LINE
8
BLACK
6
CONTINUOUS
10
0.7309299212598425
20
-0.4202318110236221
11
0.7309705118110236
21
-0.4203298031496063
0
LINE
8
BLACK
6
CONTINUOUS
10
0.7309705118110236
20
-0.4203298031496063
11
0.7310272440944882
21
-0.4209058661417323
0
LINE
8
BLACK
6
CONTINUOUS
10
0.7310272440944882
20
-0.4209058661417323
11
0.7310272440944882
21
-0.4415283070866142
0
LINE
8
BLACK
6
CONTINUOUS
10
0.7310272440944882
20
-0.4415283070866142
11
0.7309705118110236
21
-0.4421043700787401
0
LINE
8
BLACK
6
CONTINUOUS
10
0.7309705118110236
20
-0.4421043700787401
11
0.7305296062992126
21
-0.4431687795275591
0
LINE
8
BLACK
6
CONTINUOUS
10
0.7305296062992126
20
-0.4431687795275591
11
0.7297149606299212
21
-0.4439834251968504
0
LINE
8
BLACK
6
CONTINUOUS
10
0.7297149606299212
20
-0.4439834251968504
11
0.7286505511811023
21
-0.4444243307086614
0
LINE
8
BLACK
6
CONTINUOUS
10
0.7286505511811023
20
-0.4444243307086614
11
0.7274984251968504
21
-0.4444243307086614
0
LINE
8
BLACK
6
CONTINUOUS
10
0.7274984251968504
20
-0.4444243307086614
11
0.7264340157480315
21
-0.4439834251968504
0
LINE
8
BLACK
6
CONTINUOUS
10
0.7264340157480315
20
-0.4439834251968504
11
0.7256193700787401
21
-0.4431687795275591
0
LINE
8
BLACK
6
CONTINUOUS
10
0.7256193700787401
20
-0.4431687795275591
11
0.7251784645669291
21
-0.4421043700787401
0
LINE
8
BLACK
6
CONTINUOUS
10
0.7251784645669291
20
-0.4421043700787401
11
0.7251217322834645
21
-0.4415283070866142
0
LINE
8
BLACK
6
CONTINUOUS
10
0.7251217322834645
20
-0.4415283070866142
11
0.7251217322834645
21
-0.4216029133858268
0
LINE
8
BLACK
6
CONTINUOUS
10
0.7251217322834645
20
-0.4216029133858268
11
0.7239988582677165
21
-0.4193571653543307
0
LINE
8
BLACK
6
CONTINUOUS
10
0.7239988582677165
20
-0.4193571653543307
11
0.7217531102362205
21
-0.4182343307086614
0
LINE
8
BLACK
6
CONTINUOUS
10
0.7217531102362205
20
-0.4182343307086614
11
0.7175229133858267
21
-0.4182343307086614
0
LINE
8
BLACK
6
CONTINUOUS
10
0.7175229133858267
20
-0.4182343307086614
11
0.7152771653543307
21
-0.4193571653543307
0
LINE
8
BLACK
6
CONTINUOUS
10
0.7152771653543307
20
-0.4193571653543307
11
0.7141543307086614
21
-0.4216029133858268
0
LINE
8
BLACK
6
CONTINUOUS
10
0.7141543307086614
20
-0.4216029133858268
11
0.7141543307086614
21
-0.4415283070866142
0
LINE
8
BLACK
6
CONTINUOUS
10
0.7141543307086614
20
-0.4415283070866142
11
0.7140975984251968
21
-0.4421043700787401
0
LINE
8
BLACK
6
CONTINUOUS
10
0.7140975984251968
20
-0.4421043700787401
11
0.7136566929133858
21
-0.4431687795275591
0
LINE
8
BLACK
6
CONTINUOUS
10
0.7136566929133858
20
-0.4431687795275591
11
0.7128420472440945
21
-0.4439834251968504
0
LINE
8
BLACK
6
CONTINUOUS
10
0.7128420472440945
20
-0.4439834251968504
11
0.7117776377952756
21
-0.4444243307086614
0
LINE
8
BLACK
6
CONTINUOUS
10
0.7117776377952756
20
-0.4444243307086614
11
0.7106255118110236
21
-0.4444243307086614
0
LINE
8
BLACK
6
CONTINUOUS
10
0.7106255118110236
20
-0.4444243307086614
11
0.7095611023622047
21
-0.4439834251968504
0
LINE
8
BLACK
6
CONTINUOUS
10
0.7095611023622047
20
-0.4439834251968504
11
0.7087464566929134
21
-0.4431687795275591
0
LINE
8
BLACK
6
CONTINUOUS
10
0.7087464566929134
20
-0.4431687795275591
11
0.7083055511811024
21
-0.4421043700787401
0
LINE
8
BLACK
6
CONTINUOUS
10
0.7083055511811024
20
-0.4421043700787401
11
0.7082488188976378
21
-0.4415283070866142
0
LINE
8
BLACK
6
CONTINUOUS
10
0.7082488188976378
20
-0.4415283070866142
11
0.7082488188976378
21
-0.4216029133858268
0
LINE
8
BLACK
6
CONTINUOUS
10
0.7082488188976378
20
-0.4216029133858268
11
0.7071259448818897
21
-0.4193571653543307
0
LINE
8
BLACK
6
CONTINUOUS
10
0.7071259448818897
20
-0.4193571653543307
11
0.7048802362204725
21
-0.4182343307086614
0
LINE
8
BLACK
6
CONTINUOUS
10
0.7048802362204725
20
-0.4182343307086614
11
0.7006500393700787
21
-0.4182343307086614
0
LINE
8
BLACK
6
CONTINUOUS
10
0.7006500393700787
20
-0.4182343307086614
11
0.6979525590551181
21
-0.4195830708661417
0
LINE
8
BLACK
6
CONTINUOUS
10
0.6979525590551181
20
-0.4195830708661417
11
0.6972814566929134
21
-0.4202541732283465
0
LINE
8
BLACK
6
CONTINUOUS
10
0.6972814566929134
20
-0.4202541732283465
11
0.6972814566929134
21
-0.4415283070866142
0
LINE
8
BLACK
6
CONTINUOUS
10
0.6972814566929134
20
-0.4415283070866142
11
0.6972247244094488
21
-0.4421043700787401
0
LINE
8
BLACK
6
CONTINUOUS
10
0.6972247244094488
20
-0.4421043700787401
11
0.6967838188976377
21
-0.4431687795275591
0
LINE
8
BLACK
6
CONTINUOUS
10
0.6967838188976377
20
-0.4431687795275591
11
0.6959691732283464
21
-0.4439834251968504
0
LINE
8
BLACK
6
CONTINUOUS
10
0.6959691732283464
20
-0.4439834251968504
11
0.6949047637795276
21
-0.4444243307086614
0
LINE
8
BLACK
6
CONTINUOUS
10
0.6949047637795276
20
-0.4444243307086614
11
0.6937526377952756
21
-0.4444243307086614
0
LINE
8
BLACK
6
CONTINUOUS
10
0.6937526377952756
20
-0.4444243307086614
11
0.6926882283464567
21
-0.4439834251968504
0
LINE
8
BLACK
6
CONTINUOUS
10
0.6926882283464567
20
-0.4439834251968504
11
0.6918735826771654
21
-0.4431687795275591
0
LINE
8
BLACK
6
CONTINUOUS
10
0.6918735826771654
20
-0.4431687795275591
11
0.6914326771653543
21
-0.4421043700787401
0
LINE
8
BLACK
6
CONTINUOUS
10
0.6914326771653543
20
-0.4421043700787401
11
0.6913759448818898
21
-0.4415283070866142
0
LINE
8
BLACK
6
CONTINUOUS
10
0.6913759448818898
20
-0.4415283070866142
11
0.6913759448818898
21
-0.4152815748031496
0
LINE
8
BLACK
6
CONTINUOUS
10
0.6913759448818898
20
-0.4152815748031496
11
0.6914326771653543
21
-0.4147055118110236
0
LINE
8
BLACK
6
CONTINUOUS
10
0.6914326771653543
20
-0.4147055118110236
11
0.6918735826771654
21
-0.4136411023622047
0
LINE
8
BLACK
6
CONTINUOUS
10
0.6918735826771654
20
-0.4136411023622047
11
0.6926882283464567
21
-0.4128264566929134
0
LINE
8
BLACK
6
CONTINUOUS
10
0.6926882283464567
20
-0.4128264566929134
11
0.6937526377952756
21
-0.4123855511811024
0
LINE
8
BLACK
6
CONTINUOUS
10
0.6937526377952756
20
-0.4123855511811024
11
0.6949047637795276
21
-0.4123855511811024
0
LINE
8
BLACK
6
CONTINUOUS
10
0.6949047637795276
20
-0.4123855511811024
11
0.6959691732283464
21
-0.4128264566929134
0
LINE
8
BLACK
6
CONTINUOUS
10
0.6959691732283464
20
-0.4128264566929134
11
0.6967329921259843
21
-0.4135902755905512
0
LINE
8
BLACK
6
CONTINUOUS
10
0.6967329921259843
20
-0.4135902755905512
11
0.6986324803149606
21
-0.4126405511811024
0
LINE
8
BLACK
6
CONTINUOUS
10
0.6986324803149606
20
-0.4126405511811024
11
0.6991730708661417
21
-0.4124336614173228
0
LINE
8
BLACK
6
CONTINUOUS
10
0.6991730708661417
20
-0.4124336614173228
11
0.699278937007874
21
-0.4124261023622047
0
LINE
8
BLACK
6
CONTINUOUS
10
0.699278937007874
20
-0.4124261023622047
11
0.6993769291338583
21
-0.4123855511811024
0
LINE
8
BLACK
6
CONTINUOUS
10
0.6993769291338583
20
-0.4123855511811024
11
0.6999529921259843
21
-0.4123288188976378
0
LINE
8
BLACK
6
CONTINUOUS
10
0.6999529921259843
20
-0.4123288188976378
11
0.7055772834645669
21
-0.4123288188976378
0
LINE
8
BLACK
6
CONTINUOUS
10
0.7055772834645669
20
-0.4123288188976378
11
0.7061533464566929
21
-0.4123855511811024
0
LINE
8
BLACK
6
CONTINUOUS
10
0.7586467716535433
20
-0.4123855511811024
11
0.7587447637795275
21
-0.4124261417322835
0
LINE
8
BLACK
6
CONTINUOUS
10
0.7587447637795275
20
-0.4124261417322835
11
0.7588505905511811
21
-0.4124336614173228
0
LINE
8
BLACK
6
CONTINUOUS
10
0.7588505905511811
20
-0.4124336614173228
11
0.7593912204724409
21
-0.4126405511811024
0
LINE
8
BLACK
6
CONTINUOUS
10
0.7593912204724409
20
-0.4126405511811024
11
0.763140748031496
21
-0.4145153149606299
0
LINE
8
BLACK
6
CONTINUOUS
10
0.763140748031496
20
-0.4145153149606299
11
0.7632370866141732
21
-0.4145759448818898
0
LINE
8
BLACK
6
CONTINUOUS
10
0.7632370866141732
20
-0.4145759448818898
11
0.7632825196850394
21
-0.4145911023622047
0
LINE
8
BLACK
6
CONTINUOUS
10
0.7632825196850394
20
-0.4145911023622047
11
0.7633390551181102
21
-0.4146401181102362
0
LINE
8
BLACK
6
CONTINUOUS
10
0.7633390551181102
20
-0.4146401181102362
11
0.7636306299212599
21
-0.4148236614173228
0
LINE
8
BLACK
6
CONTINUOUS
10
0.7636306299212599
20
-0.4148236614173228
11
0.763695
21
-0.414897874015748
0
LINE
8
BLACK
6
CONTINUOUS
10
0.763695
20
-0.414897874015748
11
0.7637593700787402
21
-0.4148236614173228
0
LINE
8
BLACK
6
CONTINUOUS
10
0.7637593700787402
20
-0.4148236614173228
11
0.764050905511811
21
-0.4146401181102362
0
LINE
8
BLACK
6
CONTINUOUS
10
0.764050905511811
20
-0.4146401181102362
11
0.7641074803149606
21
-0.4145911023622047
0
LINE
8
BLACK
6
CONTINUOUS
10
0.7641074803149606
20
-0.4145911023622047
11
0.7641528740157481
21
-0.4145759448818898
0
LINE
8
BLACK
6
CONTINUOUS
10
0.7641528740157481
20
-0.4145759448818898
11
0.7642492519685039
21
-0.4145153149606299
0
LINE
8
BLACK
6
CONTINUOUS
10
0.7642492519685039
20
-0.4145153149606299
11
0.767998779527559
21
-0.4126405511811024
0
LINE
8
BLACK
6
CONTINUOUS
10
0.767998779527559
20
-0.4126405511811024
11
0.7685393700787402
21
-0.4124336614173228
0
LINE
8
BLACK
6
CONTINUOUS
10
0.7685393700787402
20
-0.4124336614173228
11
0.7686452362204724
21
-0.4124261023622047
0
LINE
8
BLACK
6
CONTINUOUS
10
0.7686452362204724
20
-0.4124261023622047
11
0.7687432283464567
21
-0.4123855511811024
0
LINE
8
BLACK
6
CONTINUOUS
10
0.7687432283464567
20
-0.4123855511811024
11
0.7693192913385827
21
-0.4123288188976378
0
LINE
8
BLACK
6
CONTINUOUS
10
0.7693192913385827
20
-0.4123288188976378
11
0.7749435826771653
21
-0.4123288188976378
0
LINE
8
BLACK
6
CONTINUOUS
10
0.7749435826771653
20
-0.4123288188976378
11
0.7755196456692913
21
-0.4123855511811024
0
LINE
8
BLACK
6
CONTINUOUS
10
0.7755196456692913
20
-0.4123855511811024
11
0.7756176377952756
21
-0.4124261417322835
0
LINE
8
BLACK
6
CONTINUOUS
10
0.7756176377952756
20
-0.4124261417322835
11
0.7757234645669291
21
-0.4124336614173228
0
LINE
8
BLACK
6
CONTINUOUS
10
0.7757234645669291
20
-0.4124336614173228
11
0.776264094488189
21
-0.4126405511811024
0
LINE
8
BLACK
6
CONTINUOUS
10
0.776264094488189
20
-0.4126405511811024
11
0.7800136614173229
21
-0.4145153149606299
0
LINE
8
BLACK
6
CONTINUOUS
10
0.7800136614173229
20
-0.4145153149606299
11
0.7801099606299212
21
-0.4145759448818898
0
LINE
8
BLACK
6
CONTINUOUS
10
0.7801099606299212
20
-0.4145759448818898
11
0.7801554330708661
21
-0.4145911023622047
0
LINE
8
BLACK
6
CONTINUOUS
10
0.7801554330708661
20
-0.4145911023622047
11
0.7802120078740157
21
-0.414640157480315
0
LINE
8
BLACK
6
CONTINUOUS
10
0.7802120078740157
20
-0.414640157480315
11
0.7805035039370078
21
-0.4148236614173228
0
LINE
8
BLACK
6
CONTINUOUS
10
0.7805035039370078
20
-0.4148236614173228
11
0.7807459842519685
21
-0.4151032677165354
0
LINE
8
BLACK
6
CONTINUOUS
10
0.7807459842519685
20
-0.4151032677165354
11
0.7810258267716536
21
-0.4153459448818898
0
LINE
8
BLACK
6
CONTINUOUS
10
0.7810258267716536
20
-0.4153459448818898
11
0.7812093307086614
21
-0.4156374803149606
0
LINE
8
BLACK
6
CONTINUOUS
10
0.7812093307086614
20
-0.4156374803149606
11
0.7812583858267717
21
-0.4156940551181103
0
LINE
8
BLACK
6
CONTINUOUS
10
0.7812583858267717
20
-0.4156940551181103
11
0.7812735039370079
21
-0.4157394488188976
0
LINE
8
BLACK
6
CONTINUOUS
10
0.7812735039370079
20
-0.4157394488188976
11
0.7813341732283464
21
-0.4158358267716535
0
LINE
8
BLACK
6
CONTINUOUS
10
0.7813341732283464
20
-0.4158358267716535
11
0.783208937007874
21
-0.4195853543307086
0
LINE
8
BLACK
6
CONTINUOUS
10
0.783208937007874
20
-0.4195853543307086
11
0.7834158267716536
21
-0.4201259448818898
0
LINE
8
BLACK
6
CONTINUOUS
10
0.7834158267716536
20
-0.4201259448818898
11
0.7834233464566929
21
-0.4202318110236221
0
LINE
8
BLACK
6
CONTINUOUS
10
0.7834233464566929
20
-0.4202318110236221
11
0.783463937007874
21
-0.4203298031496063
0
LINE
8
BLACK
6
CONTINUOUS
10
0.783463937007874
20
-0.4203298031496063
11
0.7835206692913386
21
-0.4209058661417323
0
LINE
8
BLACK
6
CONTINUOUS
10
0.7835206692913386
20
-0.4209058661417323
11
0.7835206692913386
21
-0.4415283070866142
0
LINE
8
BLACK
6
CONTINUOUS
10
0.7835206692913386
20
-0.4415283070866142
11
0.783463937007874
21
-0.4421043700787401
0
LINE
8
BLACK
6
CONTINUOUS
10
0.783463937007874
20
-0.4421043700787401
11
0.783023031496063
21
-0.4431687795275591
0
LINE
8
BLACK
6
CONTINUOUS
10
0.783023031496063
20
-0.4431687795275591
11
0.7822083858267717
21
-0.4439834251968504
0
LINE
8
BLACK
6
CONTINUOUS
10
0.7822083858267717
20
-0.4439834251968504
11
0.7811439763779527
21
-0.4444243307086614
0
LINE
8
BLACK
6
CONTINUOUS
10
0.7811439763779527
20
-0.4444243307086614
11
0.7799918503937008
21
-0.4444243307086614
0
LINE
8
BLACK
6
CONTINUOUS
10
0.7799918503937008
20
-0.4444243307086614
11
0.7789274409448819
21
-0.4439834251968504
0
LINE
8
BLACK
6
CONTINUOUS
10
0.7789274409448819
20
-0.4439834251968504
11
0.7781127952755905
21
-0.4431687795275591
0
LINE
8
BLACK
6
CONTINUOUS
10
0.7781127952755905
20
-0.4431687795275591
11
0.7776718897637795
21
-0.4421043700787401
0
LINE
8
BLACK
6
CONTINUOUS
10
0.7776718897637795
20
-0.4421043700787401
11
0.777615157480315
21
-0.4415283070866142
0
LINE
8
BLACK
6
CONTINUOUS
10
0.777615157480315
20
-0.4415283070866142
11
0.777615157480315
21
-0.4216029133858268
0
LINE
8
BLACK
6
CONTINUOUS
10
0.777615157480315
20
-0.4216029133858268
11
0.7764922834645669
21
-0.4193571653543307
0
LINE
8
BLACK
6
CONTINUOUS
10
0.7764922834645669
20
-0.4193571653543307
11
0.7742465354330709
21
-0.4182343307086614
0
LINE
8
BLACK
6
CONTINUOUS
10
0.7742465354330709
20
-0.4182343307086614
11
0.7700163385826772
21
-0.4182343307086614
0
LINE
8
BLACK
6
CONTINUOUS
10
0.7700163385826772
20
-0.4182343307086614
11
0.7677705905511811
21
-0.4193571653543307
0
LINE
8
BLACK
6
CONTINUOUS
10
0.7677705905511811
20
-0.4193571653543307
11
0.7666477559055118
21
-0.4216029133858268
0
LINE
8
BLACK
6
CONTINUOUS
10
0.7666477559055118
20
-0.4216029133858268
11
0.7666477559055118
21
-0.4415283070866142
0
LINE
8
BLACK
6
CONTINUOUS
10
0.7666477559055118
20
-0.4415283070866142
11
0.7665910236220472
21
-0.4421043700787401
0
LINE
8
BLACK
6
CONTINUOUS
10
0.7665910236220472
20
-0.4421043700787401
11
0.7661501181102363
21
-0.4431687795275591
0
LINE
8
BLACK
6
CONTINUOUS
10
0.7661501181102363
20
-0.4431687795275591
11
0.7653354724409449
21
-0.4439834251968504
0
LINE
8
BLACK
6
CONTINUOUS
10
0.7653354724409449
20
-0.4439834251968504
11
0.764271062992126
21
-0.4444243307086614
0
LINE
8
BLACK
6
CONTINUOUS
10
0.764271062992126
20
-0.4444243307086614
11
0.763118937007874
21
-0.4444243307086614
0
LINE
8
BLACK
6
CONTINUOUS
10
0.763118937007874
20
-0.4444243307086614
11
0.7620545275590551
21
-0.4439834251968504
0
LINE
8
BLACK
6
CONTINUOUS
10
0.7620545275590551
20
-0.4439834251968504
11
0.7612398818897638
21
-0.4431687795275591
0
LINE
8
BLACK
6
CONTINUOUS
10
0.7612398818897638
20
-0.4431687795275591
11
0.7607989763779527
21
-0.4421043700787401
0
LINE
8
BLACK
6
CONTINUOUS
10
0.7607989763779527
20
-0.4421043700787401
11
0.7607422440944882
21
-0.4415283070866142
0
LINE
8
BLACK
6
CONTINUOUS
10
0.7607422440944882
20
-0.4415283070866142
11
0.7607422440944882
21
-0.4216029133858268
0
LINE
8
BLACK
6
CONTINUOUS
10
0.7607422440944882
20
-0.4216029133858268
11
0.7596193700787401
21
-0.4193571653543307
0
LINE
8
BLACK
6
CONTINUOUS
10
0.7596193700787401
20
-0.4193571653543307
11
0.7573736614173228
21
-0.4182343307086614
0
LINE
8
BLACK
6
CONTINUOUS
10
0.7573736614173228
20
-0.4182343307086614
11
0.7531434645669292
21
-0.4182343307086614
0
LINE
8
BLACK
6
CONTINUOUS
10
0.7531434645669292
20
-0.4182343307086614
11
0.7504459842519685
21
-0.4195830708661417
0
LINE
8
BLACK
6
CONTINUOUS
10
0.7504459842519685
20
-0.4195830708661417
11
0.7497748818897637
21
-0.4202541732283465
0
LINE
8
BLACK
6
CONTINUOUS
10
0.7497748818897637
20
-0.4202541732283465
11
0.7497748818897637
21
-0.4415283070866142
0
LINE
8
BLACK
6
CONTINUOUS
10
0.7497748818897637
20
-0.4415283070866142
11
0.7497181496062992
21
-0.4421043700787401
0
LINE
8
BLACK
6
CONTINUOUS
10
0.7497181496062992
20
-0.4421043700787401
11
0.7492772440944881
21
-0.4431687795275591
0
LINE
8
BLACK
6
CONTINUOUS
10
0.7492772440944881
20
-0.4431687795275591
11
0.7484625984251968
21
-0.4439834251968504
0
LINE
8
BLACK
6
CONTINUOUS
10
0.7484625984251968
20
-0.4439834251968504
11
0.7473981889763779
21
-0.4444243307086614
0
LINE
8
BLACK
6
CONTINUOUS
10
0.7473981889763779
20
-0.4444243307086614
11
0.7462460629921259
21
-0.4444243307086614
0
LINE
8
BLACK
6
CONTINUOUS
10
0.7462460629921259
20
-0.4444243307086614
11
0.7451816535433071
21
-0.4439834251968504
0
LINE
8
BLACK
6
CONTINUOUS
10
0.7451816535433071
20
-0.4439834251968504
11
0.7443670078740158
21
-0.4431687795275591
0
LINE
8
BLACK
6
CONTINUOUS
10
0.7443670078740158
20
-0.4431687795275591
11
0.7439261023622047
21
-0.4421043700787401
0
LINE
8
BLACK
6
CONTINUOUS
10
0.7439261023622047
20
-0.4421043700787401
11
0.7438693700787401
21
-0.4415283070866142
0
LINE
8
BLACK
6
CONTINUOUS
10
0.7438693700787401
20
-0.4415283070866142
11
0.7438693700787401
21
-0.4152815748031496
0
LINE
8
BLACK
6
CONTINUOUS
10
0.7438693700787401
20
-0.4152815748031496
11
0.7439261023622047
21
-0.4147055118110236
0
LINE
8
BLACK
6
CONTINUOUS
10
0.7439261023622047
20
-0.4147055118110236
11
0.7443670078740158
21
-0.4136411023622047
0
LINE
8
BLACK
6
CONTINUOUS
10
0.7443670078740158
20
-0.4136411023622047
11
0.7451816535433071
21
-0.4128264566929134
0
LINE
8
BLACK
6
CONTINUOUS
10
0.7451816535433071
20
-0.4128264566929134
11
0.7462460629921259
21
-0.4123855511811024
0
LINE
8
BLACK
6
CONTINUOUS
10
0.7462460629921259
20
-0.4123855511811024
11
0.7473981889763779
21
-0.4123855511811024
0
LINE
8
BLACK
6
CONTINUOUS
10
0.7473981889763779
20
-0.4123855511811024
11
0.7484625984251968
21
-0.4128264566929134
0
LINE
8
BLACK
6
CONTINUOUS
10
0.7484625984251968
20
-0.4128264566929134
11
0.7492264173228347
21
-0.4135902755905512
0
LINE
8
BLACK
6
CONTINUOUS
10
0.7492264173228347
20
-0.4135902755905512
11
0.751125905511811
21
-0.4126405511811024
0
LINE
8
BLACK
6
CONTINUOUS
10
0.751125905511811
20
-0.4126405511811024
11
0.7516664960629921
21
-0.4124336614173228
0
LINE
8
BLACK
6
CONTINUOUS
10
0.7516664960629921
20
-0.4124336614173228
11
0.7517723622047244
21
-0.4124261023622047
0
LINE
8
BLACK
6
CONTINUOUS
10
0.7517723622047244
20
-0.4124261023622047
11
0.7518703543307086
21
-0.4123855511811024
0
LINE
8
BLACK
6
CONTINUOUS
10
0.7518703543307086
20
-0.4123855511811024
11
0.7524464173228347
21
-0.4123288188976378
0
LINE
8
BLACK
6
CONTINUOUS
10
0.7524464173228347
20
-0.4123288188976378
11
0.7580707086614173
21
-0.4123288188976378
0
LINE
8
BLACK
6
CONTINUOUS
10
0.7580707086614173
20
-0.4123288188976378
11
0.7586467716535433
21
-0.4123855511811024
0
LINE
8
BLACK
6
CONTINUOUS
10
-0.4526317716535433
20
-0.2303720078740157
11
-0.4518171259842519
21
-0.2311866535433071
0
LINE
8
BLACK
6
CONTINUOUS
10
-0.4518171259842519
20
-0.2311866535433071
11
-0.4513762204724409
21
-0.232251062992126
0
LINE
8
BLACK
6
CONTINUOUS
10
-0.4513762204724409
20
-0.232251062992126
11
-0.4513194881889764
21
-0.232827125984252
0
LINE
8
BLACK
6
CONTINUOUS
10
-0.4513194881889764
20
-0.232827125984252
11
-0.4513194881889764
21
-0.2354986614173228
0
LINE
8
BLACK
6
CONTINUOUS
10
-0.4513194881889764
20
-0.2354986614173228
11
-0.4411488582677165
21
-0.2354986614173228
0
LINE
8
BLACK
6
CONTINUOUS
10
-0.4411488582677165
20
-0.2354986614173228
11
-0.4405727952755906
21
-0.2355553937007874
0
LINE
8
BLACK
6
CONTINUOUS
10
-0.4405727952755906
20
-0.2355553937007874
11
-0.4395083858267717
21
-0.2359962992125984
0
LINE
8
BLACK
6
CONTINUOUS
10
-0.4395083858267717
20
-0.2359962992125984
11
-0.4386937401574803
21
-0.2368109448818898
0
LINE
8
BLACK
6
CONTINUOUS
10
-0.4386937401574803
20
-0.2368109448818898
11
-0.4382528346456693
21
-0.2378753543307087
0
LINE
8
BLACK
6
CONTINUOUS
10
-0.4382528346456693
20
-0.2378753543307087
11
-0.4382528346456693
21
-0.2390274803149606
0
LINE
8
BLACK
6
CONTINUOUS
10
-0.4382528346456693
20
-0.2390274803149606
11
-0.4386937401574803
21
-0.2400918897637795
0
LINE
8
BLACK
6
CONTINUOUS
10
-0.4386937401574803
20
-0.2400918897637795
11
-0.4395083858267717
21
-0.2409065354330709
0
LINE
8
BLACK
6
CONTINUOUS
10
-0.4395083858267717
20
-0.2409065354330709
11
-0.4405727952755906
21
-0.2413474409448819
0
LINE
8
BLACK
6
CONTINUOUS
10
-0.4405727952755906
20
-0.2413474409448819
11
-0.4411488582677165
21
-0.2414041732283465
0
LINE
8
BLACK
6
CONTINUOUS
10
-0.4411488582677165
20
-0.2414041732283465
11
-0.4513194881889764
21
-0.2414041732283465
0
LINE
8
BLACK
6
CONTINUOUS
10
-0.4513194881889764
20
-0.2414041732283465
11
-0.4513194881889764
21
-0.2571990551181103
0
LINE
8
BLACK
6
CONTINUOUS
10
-0.4513194881889764
20
-0.2571990551181103
11
-0.4513482283464567
21
-0.2574905905511811
0
LINE
8
BLACK
6
CONTINUOUS
10
-0.4513482283464567
20
-0.2574905905511811
11
-0.4513426771653543
21
-0.2575683464566929
0
LINE
8
BLACK
6
CONTINUOUS
10
-0.4513426771653543
20
-0.2575683464566929
11
-0.4513614173228346
21
-0.2576244488188976
0
LINE
8
BLACK
6
CONTINUOUS
10
-0.4513614173228346
20
-0.2576244488188976
11
-0.4513762204724409
21
-0.2577751181102362
0
LINE
8
BLACK
6
CONTINUOUS
10
-0.4513762204724409
20
-0.2577751181102362
11
-0.4515574015748031
21
-0.2582124803149606
0
LINE
8
BLACK
6
CONTINUOUS
10
-0.4515574015748031
20
-0.2582124803149606
11
-0.4517070078740157
21
-0.2586613385826771
0
LINE
8
BLACK
6
CONTINUOUS
10
-0.4517070078740157
20
-0.2586613385826771
11
-0.4517765354330708
21
-0.2587414566929134
0
LINE
8
BLACK
6
CONTINUOUS
10
-0.4517765354330708
20
-0.2587414566929134
11
-0.4518171259842519
21
-0.2588395275590551
0
LINE
8
BLACK
6
CONTINUOUS
10
-0.4518171259842519
20
-0.2588395275590551
11
-0.4521518897637795
21
-0.2591742519685039
0
LINE
8
BLACK
6
CONTINUOUS
10
-0.4521518897637795
20
-0.2591742519685039
11
-0.4524618897637795
21
-0.2595317322834645
0
LINE
8
BLACK
6
CONTINUOUS
10
-0.4524618897637795
20
-0.2595317322834645
11
-0.4525567716535433
21
-0.2595791338582677
0
LINE
8
BLACK
6
CONTINUOUS
10
-0.4525567716535433
20
-0.2595791338582677
11
-0.4526317716535433
21
-0.2596541732283464
0
LINE
8
BLACK
6
CONTINUOUS
10
-0.4526317716535433
20
-0.2596541732283464
11
-0.4530692519685039
21
-0.2598353543307086
0
LINE
8
BLACK
6
CONTINUOUS
10
-0.4530692519685039
20
-0.2598353543307086
11
-0.4534923622047244
21
-0.2600469291338582
0
LINE
8
BLACK
6
CONTINUOUS
10
-0.4534923622047244
20
-0.2600469291338582
11
-0.4535981102362205
21
-0.2600544094488189
0
LINE
8
BLACK
6
CONTINUOUS
10
-0.4535981102362205
20
-0.2600544094488189
11
-0.4536961811023622
21
-0.2600950787401575
0
LINE
8
BLACK
6
CONTINUOUS
10
-0.4536961811023622
20
-0.2600950787401575
11
-0.4541697244094488
21
-0.2600950787401575
0
LINE
8
BLACK
6
CONTINUOUS
10
-0.4541697244094488
20
-0.2600950787401575
11
-0.4546415748031496
21
-0.2601286220472441
0
LINE
8
BLACK
6
CONTINUOUS
10
-0.4546415748031496
20
-0.2601286220472441
11
-0.4547890944881889
21
-0.2600950787401575
0
LINE
8
BLACK
6
CONTINUOUS
10
-0.4547890944881889
20
-0.2600950787401575
11
-0.4548483070866142
21
-0.2600950787401575
0
LINE
8
BLACK
6
CONTINUOUS
10
-0.4548483070866142
20
-0.2600950787401575
11
-0.4549203937007874
21
-0.2600651968503937
0
LINE
8
BLACK
6
CONTINUOUS
10
-0.4549203937007874
20
-0.2600651968503937
11
-0.4552060236220472
21
-0.2600002755905512
0
LINE
8
BLACK
6
CONTINUOUS
10
-0.4552060236220472
20
-0.2600002755905512
11
-0.4833274409448819
21
-0.2506264566929134
0
LINE
8
BLACK
6
CONTINUOUS
10
-0.4833274409448819
20
-0.2506264566929134
11
-0.4838560236220472
21
-0.2503904724409449
0
LINE
8
BLACK
6
CONTINUOUS
10
-0.4838560236220472
20
-0.2503904724409449
11
-0.4847263779527559
21
-0.2496355905511811
0
LINE
8
BLACK
6
CONTINUOUS
10
-0.4847263779527559
20
-0.2496355905511811
11
-0.4852415748031496
21
-0.2486051574803149
0
LINE
8
BLACK
6
CONTINUOUS
10
-0.4852415748031496
20
-0.2486051574803149
11
-0.4853232677165354
21
-0.2474559448818898
0
LINE
8
BLACK
6
CONTINUOUS
10
-0.4853232677165354
20
-0.2474559448818898
11
-0.484958937007874
21
-0.2463629133858268
0
LINE
8
BLACK
6
CONTINUOUS
10
-0.484958937007874
20
-0.2463629133858268
11
-0.4842040551181102
21
-0.2454925590551181
0
LINE
8
BLACK
6
CONTINUOUS
10
-0.4842040551181102
20
-0.2454925590551181
11
-0.4831736220472441
21
-0.2449773622047244
0
LINE
8
BLACK
6
CONTINUOUS
10
-0.4831736220472441
20
-0.2449773622047244
11
-0.4820244094488189
21
-0.2448956692913386
0
LINE
8
BLACK
6
CONTINUOUS
10
-0.4820244094488189
20
-0.2448956692913386
11
-0.4814599606299212
21
-0.2450240157480315
0
LINE
8
BLACK
6
CONTINUOUS
10
-0.4814599606299212
20
-0.2450240157480315
11
-0.457225
21
-0.2531023228346457
0
LINE
8
BLACK
6
CONTINUOUS
10
-0.457225
20
-0.2531023228346457
11
-0.457225
21
-0.2414041732283465
0
LINE
8
BLACK
6
CONTINUOUS
10
-0.457225
20
-0.2414041732283465
11
-0.4673955905511811
21
-0.2414041732283465
0
LINE
8
BLACK
6
CONTINUOUS
10
-0.4673955905511811
20
-0.2414041732283465
11
-0.4679716535433071
21
-0.2413474409448819
0
LINE
8
BLACK
6
CONTINUOUS
10
-0.4679716535433071
20
-0.2413474409448819
11
-0.469036062992126
21
-0.2409065354330709
0
LINE
8
BLACK
6
CONTINUOUS
10
-0.469036062992126
20
-0.2409065354330709
11
-0.4698507086614173
21
-0.2400918897637795
0
LINE
8
BLACK
6
CONTINUOUS
10
-0.4698507086614173
20
-0.2400918897637795
11
-0.4702916141732283
21
-0.2390274803149606
0
LINE
8
BLACK
6
CONTINUOUS
10
-0.4702916141732283
20
-0.2390274803149606
11
-0.4702916141732283
21
-0.2378753543307087
0
LINE
8
BLACK
6
CONTINUOUS
10
-0.4702916141732283
20
-0.2378753543307087
11
-0.4698507086614173
21
-0.2368109448818898
0
LINE
8
BLACK
6
CONTINUOUS
10
-0.4698507086614173
20
-0.2368109448818898
11
-0.469036062992126
21
-0.2359962992125984
0
LINE
8
BLACK
6
CONTINUOUS
10
-0.469036062992126
20
-0.2359962992125984
11
-0.4679716535433071
21
-0.2355553937007874
0
LINE
8
BLACK
6
CONTINUOUS
10
-0.4679716535433071
20
-0.2355553937007874
11
-0.4673955905511811
21
-0.2354986614173228
0
LINE
8
BLACK
6
CONTINUOUS
10
-0.4673955905511811
20
-0.2354986614173228
11
-0.457225
21
-0.2354986614173228
0
LINE
8
BLACK
6
CONTINUOUS
10
-0.457225
20
-0.2354986614173228
11
-0.457225
21
-0.232827125984252
0
LINE
8
BLACK
6
CONTINUOUS
10
-0.457225
20
-0.232827125984252
11
-0.4571682677165354
21
-0.232251062992126
0
LINE
8
BLACK
6
CONTINUOUS
10
-0.4571682677165354
20
-0.232251062992126
11
-0.4567273622047244
21
-0.2311866535433071
0
LINE
8
BLACK
6
CONTINUOUS
10
-0.4567273622047244
20
-0.2311866535433071
11
-0.4559127165354331
21
-0.2303720078740157
0
LINE
8
BLACK
6
CONTINUOUS
10
-0.4559127165354331
20
-0.2303720078740157
11
-0.4548483070866142
21
-0.2299311023622047
0
LINE
8
BLACK
6
CONTINUOUS
10
-0.4548483070866142
20
-0.2299311023622047
11
-0.4536961811023622
21
-0.2299311023622047
0
LINE
8
BLACK
6
CONTINUOUS
10
-0.4536961811023622
20
-0.2299311023622047
11
-0.4526317716535433
21
-0.2303720078740157
0
LINE
8
BLACK
6
CONTINUOUS
10
-0.4413832283464567
20
-0.2134990551181102
11
-0.4413831496062992
21
-0.213499094488189
0
LINE
8
BLACK
6
CONTINUOUS
10
-0.4413831496062992
20
-0.213499094488189
11
-0.4409357086614173
21
-0.2138662992125984
0
LINE
8
BLACK
6
CONTINUOUS
10
-0.4409357086614173
20
-0.2138662992125984
11
-0.4390609448818897
21
-0.215741062992126
0
LINE
8
BLACK
6
CONTINUOUS
10
-0.4390609448818897
20
-0.215741062992126
11
-0.4386937401574803
21
-0.2161885039370079
0
LINE
8
BLACK
6
CONTINUOUS
10
-0.4386937401574803
20
-0.2161885039370079
11
-0.4385521653543307
21
-0.2165302755905512
0
LINE
8
BLACK
6
CONTINUOUS
10
-0.4385521653543307
20
-0.2165302755905512
11
-0.4382528346456693
21
-0.2172529527559055
0
LINE
8
BLACK
6
CONTINUOUS
10
-0.4382528346456693
20
-0.2172529527559055
11
-0.4382528346456693
21
-0.2184050393700787
0
LINE
8
BLACK
6
CONTINUOUS
10
-0.4382528346456693
20
-0.2184050393700787
11
-0.4386937401574803
21
-0.2194694488188976
0
LINE
8
BLACK
6
CONTINUOUS
10
-0.4386937401574803
20
-0.2194694488188976
11
-0.4390609448818897
21
-0.2199168897637795
0
LINE
8
BLACK
6
CONTINUOUS
10
-0.4390609448818897
20
-0.2199168897637795
11
-0.4409357086614173
21
-0.2217916535433071
0
LINE
8
BLACK
6
CONTINUOUS
10
-0.4409357086614173
20
-0.2217916535433071
11
-0.4413831496062992
21
-0.2221588582677165
0
LINE
8
BLACK
6
CONTINUOUS
10
-0.4413831496062992
20
-0.2221588582677165
11
-0.4424475590551181
21
-0.2225997637795276
0
LINE
8
BLACK
6
CONTINUOUS
10
-0.4424475590551181
20
-0.2225997637795276
11
-0.4435996456692913
21
-0.2225997637795276
0
LINE
8
BLACK
6
CONTINUOUS
10
-0.4435996456692913
20
-0.2225997637795276
11
-0.4446640551181102
21
-0.2221588976377953
0
LINE
8
BLACK
6
CONTINUOUS
10
-0.4446640551181102
20
-0.2221588976377953
11
-0.4451115354330709
21
-0.2217916535433071
0
LINE
8
BLACK
6
CONTINUOUS
10
-0.4451115354330709
20
-0.2217916535433071
11
-0.4469862992125984
21
-0.2199169291338583
0
LINE
8
BLACK
6
CONTINUOUS
10
-0.4469862992125984
20
-0.2199169291338583
11
-0.4473535433070866
21
-0.2194694488188976
0
LINE
8
BLACK
6
CONTINUOUS
10
-0.4473535433070866
20
-0.2194694488188976
11
-0.4473535826771654
21
-0.2194694094488189
0
LINE
8
BLACK
6
CONTINUOUS
10
-0.4473535826771654
20
-0.2194694094488189
11
-0.4477944488188976
21
-0.218405
0
LINE
8
BLACK
6
CONTINUOUS
10
-0.4477944488188976
20
-0.218405
11
-0.4477944488188976
21
-0.2172529133858268
0
LINE
8
BLACK
6
CONTINUOUS
10
-0.4477944488188976
20
-0.2172529133858268
11
-0.4474951181102362
21
-0.2165302755905512
0
LINE
8
BLACK
6
CONTINUOUS
10
-0.4474951181102362
20
-0.2165302755905512
11
-0.4473535826771654
21
-0.2161885433070866
0
LINE
8
BLACK
6
CONTINUOUS
10
-0.4473535826771654
20
-0.2161885433070866
11
-0.4473535433070866
21
-0.2161885039370079
0
LINE
8
BLACK
6
CONTINUOUS
10
-0.4473535433070866
20
-0.2161885039370079
11
-0.4469862992125984
21
-0.2157410236220473
0
LINE
8
BLACK
6
CONTINUOUS
10
-0.4469862992125984
20
-0.2157410236220473
11
-0.4451115354330709
21
-0.2138662992125984
0
LINE
8
BLACK
6
CONTINUOUS
10
-0.4451115354330709
20
-0.2138662992125984
11
-0.4446640551181102
21
-0.2134990551181102
0
LINE
8
BLACK
6
CONTINUOUS
10
-0.4446640551181102
20
-0.2134990551181102
11
-0.4435996456692913
21
-0.213058188976378
0
LINE
8
BLACK
6
CONTINUOUS
10
-0.4435996456692913
20
-0.213058188976378
11
-0.4424475590551181
21
-0.213058188976378
0
LINE
8
BLACK
6
CONTINUOUS
10
-0.4424475590551181
20
-0.213058188976378
11
-0.4413832283464567
21
-0.2134990551181102
0
LINE
8
BLACK
6
CONTINUOUS
10
-0.1356444094488189
20
0.0052582283464567
11
-0.13458
21
0.0048173228346457
0
LINE
8
BLACK
6
CONTINUOUS
10
-0.13458
20
0.0048173228346457
11
-0.1337653543307087
21
0.0040026771653543
0
LINE
8
BLACK
6
CONTINUOUS
10
-0.1337653543307087
20
0.0040026771653543
11
-0.1333244488188976
21
0.0029382677165354
0
LINE
8
BLACK
6
CONTINUOUS
10
-0.1333244488188976
20
0.0029382677165354
11
-0.1333244488188976
21
0.0017861417322835
0
LINE
8
BLACK
6
CONTINUOUS
10
-0.1333244488188976
20
0.0017861417322835
11
-0.1337653543307087
21
0.0007217322834646
0
LINE
8
BLACK
6
CONTINUOUS
10
-0.1337653543307087
20
0.0007217322834646
11
-0.13458
21
-0.0000929133858268
0
LINE
8
BLACK
6
CONTINUOUS
10
-0.13458
20
-0.0000929133858268
11
-0.1356444094488189
21
-0.0005338188976378
0
LINE
8
BLACK
6
CONTINUOUS
10
-0.1356444094488189
20
-0.0005338188976378
11
-0.1362204724409449
21
-0.0005905511811024
0
LINE
8
BLACK
6
CONTINUOUS
10
-0.1362204724409449
20
-0.0005905511811024
11
-0.4089135433070866
21
-0.0005905511811024
0
LINE
8
BLACK
6
CONTINUOUS
10
-0.4089135433070866
20
-0.0005905511811024
11
-0.3880729527559055
21
-0.0406249212598425
0
LINE
8
BLACK
6
CONTINUOUS
10
-0.3880729527559055
20
-0.0406249212598425
11
-0.3878572834645669
21
-0.0411620866141732
0
LINE
8
BLACK
6
CONTINUOUS
10
-0.3878572834645669
20
-0.0411620866141732
11
-0.3877568897637795
21
-0.0423098031496063
0
LINE
8
BLACK
6
CONTINUOUS
10
-0.3877568897637795
20
-0.0423098031496063
11
-0.3881033464566929
21
-0.0434085826771654
0
LINE
8
BLACK
6
CONTINUOUS
10
-0.3881033464566929
20
-0.0434085826771654
11
-0.3888438976377953
21
-0.0442911417322835
0
LINE
8
BLACK
6
CONTINUOUS
10
-0.3888438976377953
20
-0.0442911417322835
11
-0.3898658267716535
21
-0.0448231496062992
0
LINE
8
BLACK
6
CONTINUOUS
10
-0.3898658267716535
20
-0.0448231496062992
11
-0.3910135433070866
21
-0.0449235433070866
0
LINE
8
BLACK
6
CONTINUOUS
10
-0.3910135433070866
20
-0.0449235433070866
11
-0.3921123228346456
21
-0.0445770866141732
0
LINE
8
BLACK
6
CONTINUOUS
10
-0.3921123228346456
20
-0.0445770866141732
11
-0.3929948818897638
21
-0.0438365354330709
0
LINE
8
BLACK
6
CONTINUOUS
10
-0.3929948818897638
20
-0.0438365354330709
11
-0.3933112204724409
21
-0.0433517716535433
0
LINE
8
BLACK
6
CONTINUOUS
10
-0.3933112204724409
20
-0.0433517716535433
11
-0.4108267716535433
21
-0.0097046850393701
0
LINE
8
BLACK
6
CONTINUOUS
10
-0.4108267716535433
20
-0.0097046850393701
11
-0.4108267716535433
21
-0.1784842519685039
0
LINE
8
BLACK
6
CONTINUOUS
10
-0.4108267716535433
20
-0.1784842519685039
11
-0.3933112204724409
21
-0.1448372047244094
0
LINE
8
BLACK
6
CONTINUOUS
10
-0.3933112204724409
20
-0.1448372047244094
11
-0.3929948818897638
21
-0.1443524409448819
0
LINE
8
BLACK
6
CONTINUOUS
10
-0.3929948818897638
20
-0.1443524409448819
11
-0.3921123228346456
21
-0.1436118897637795
0
LINE
8
BLACK
6
CONTINUOUS
10
-0.3921123228346456
20
-0.1436118897637795
11
-0.3910135433070866
21
-0.1432654330708661
0
LINE
8
BLACK
6
CONTINUOUS
10
-0.3910135433070866
20
-0.1432654330708661
11
-0.3898658267716535
21
-0.1433658267716535
0
LINE
8
BLACK
6
CONTINUOUS
10
-0.3898658267716535
20
-0.1433658267716535
11
-0.3888438976377953
21
-0.1438978346456693
0
LINE
8
BLACK
6
CONTINUOUS
10
-0.3888438976377953
20
-0.1438978346456693
11
-0.3881033464566929
21
-0.1447803937007874
0
LINE
8
BLACK
6
CONTINUOUS
10
-0.3881033464566929
20
-0.1447803937007874
11
-0.3877568897637795
21
-0.1458791732283465
0
LINE
8
BLACK
6
CONTINUOUS
10
-0.3877568897637795
20
-0.1458791732283465
11
-0.3878572834645669
21
-0.1470268897637795
0
LINE
8
BLACK
6
CONTINUOUS
10
-0.3878572834645669
20
-0.1470268897637795
11
-0.3880729527559055
21
-0.1475640551181102
0
LINE
8
BLACK
6
CONTINUOUS
10
-0.3880729527559055
20
-0.1475640551181102
11
-0.4089135433070866
21
-0.1875984251968504
0
LINE
8
BLACK
6
CONTINUOUS
10
-0.4089135433070866
20
-0.1875984251968504
11
-0.1362204724409449
21
-0.1875984251968504
0
LINE
8
BLACK
6
CONTINUOUS
10
-0.1362204724409449
20
-0.1875984251968504
11
-0.1356444094488189
21
-0.1876551574803149
0
LINE
8
BLACK
6
CONTINUOUS
10
-0.1356444094488189
20
-0.1876551574803149
11
-0.13458
21
-0.188096062992126
0
LINE
8
BLACK
6
CONTINUOUS
10
-0.13458
20
-0.188096062992126
11
-0.1337653543307087
21
-0.1889107086614173
0
LINE
8
BLACK
6
CONTINUOUS
10
-0.1337653543307087
20
-0.1889107086614173
11
-0.1333244488188976
21
-0.1899751181102362
0
LINE
8
BLACK
6
CONTINUOUS
10
-0.1333244488188976
20
-0.1899751181102362
11
-0.1333244488188976
21
-0.1911272440944882
0
LINE
8
BLACK
6
CONTINUOUS
10
-0.1333244488188976
20
-0.1911272440944882
11
-0.1337653543307087
21
-0.1921916535433071
0
LINE
8
BLACK
6
CONTINUOUS
10
-0.1337653543307087
20
-0.1921916535433071
11
-0.13458
21
-0.1930062992125984
0
LINE
8
BLACK
6
CONTINUOUS
10
-0.13458
20
-0.1930062992125984
11
-0.1356444094488189
21
-0.1934472047244094
0
LINE
8
BLACK
6
CONTINUOUS
10
-0.1356444094488189
20
-0.1934472047244094
11
-0.1362204724409449
21
-0.193503937007874
0
LINE
8
BLACK
6
CONTINUOUS
10
-0.1362204724409449
20
-0.193503937007874
11
-0.4368669291338583
21
-0.193503937007874
0
LINE
8
BLACK
6
CONTINUOUS
10
-0.4368669291338583
20
-0.193503937007874
11
-0.4374429921259843
21
-0.1934472047244094
0
LINE
8
BLACK
6
CONTINUOUS
10
-0.4374429921259843
20
-0.1934472047244094
11
-0.4381961023622047
21
-0.1931352362204724
0
LINE
8
BLACK
6
CONTINUOUS
10
-0.4381961023622047
20
-0.1931352362204724
11
-0.4381961023622047
21
-0.1972065748031496
0
LINE
8
BLACK
6
CONTINUOUS
10
-0.4381961023622047
20
-0.1972065748031496
11
-0.4382528346456693
21
-0.1977826377952756
0
LINE
8
BLACK
6
CONTINUOUS
10
-0.4382528346456693
20
-0.1977826377952756
11
-0.4386937401574803
21
-0.1988470472440945
0
LINE
8
BLACK
6
CONTINUOUS
10
-0.4386937401574803
20
-0.1988470472440945
11
-0.4395083858267717
21
-0.1996616929133858
0
LINE
8
BLACK
6
CONTINUOUS
10
-0.4395083858267717
20
-0.1996616929133858
11
-0.4405727952755906
21
-0.2001025984251968
0
LINE
8
BLACK
6
CONTINUOUS
10
-0.4405727952755906
20
-0.2001025984251968
11
-0.4417249212598425
21
-0.2001025984251968
0
LINE
8
BLACK
6
CONTINUOUS
10
-0.4417249212598425
20
-0.2001025984251968
11
-0.4427893307086614
21
-0.1996616929133858
0
LINE
8
BLACK
6
CONTINUOUS
10
-0.4427893307086614
20
-0.1996616929133858
11
-0.4436039763779527
21
-0.1988470472440945
0
LINE
8
BLACK
6
CONTINUOUS
10
-0.4436039763779527
20
-0.1988470472440945
11
-0.4440448818897638
21
-0.1977826377952756
0
LINE
8
BLACK
6
CONTINUOUS
10
-0.4440448818897638
20
-0.1977826377952756
11
-0.4441016141732284
21
-0.1972065748031496
0
LINE
8
BLACK
6
CONTINUOUS
10
-0.4441016141732284
20
-0.1972065748031496
11
-0.4441016141732284
21
-0.1904045669291339
0
LINE
8
BLACK
6
CONTINUOUS
10
-0.4441016141732284
20
-0.1904045669291339
11
-0.4454503543307087
21
-0.1877070866141732
0
LINE
8
BLACK
6
CONTINUOUS
10
-0.4454503543307087
20
-0.1877070866141732
11
-0.4467796062992126
21
-0.186377874015748
0
LINE
8
BLACK
6
CONTINUOUS
10
-0.4467796062992126
20
-0.186377874015748
11
-0.4517350787401574
21
-0.1830742519685039
0
LINE
8
BLACK
6
CONTINUOUS
10
-0.4517350787401574
20
-0.1830742519685039
11
-0.4546522440944882
21
-0.1823449606299213
0
LINE
8
BLACK
6
CONTINUOUS
10
-0.4546522440944882
20
-0.1823449606299213
11
-0.4535059842519685
21
-0.1846374803149606
0
LINE
8
BLACK
6
CONTINUOUS
10
-0.4535059842519685
20
-0.1846374803149606
11
-0.4532990944881889
21
-0.1851780708661417
0
LINE
8
BLACK
6
CONTINUOUS
10
-0.4532990944881889
20
-0.1851780708661417
11
-0.4532915748031496
21
-0.185283937007874
0
LINE
8
BLACK
6
CONTINUOUS
10
-0.4532915748031496
20
-0.185283937007874
11
-0.4532509842519685
21
-0.1853819291338583
0
LINE
8
BLACK
6
CONTINUOUS
10
-0.4532509842519685
20
-0.1853819291338583
11
-0.4531942519685039
21
-0.1859579921259842
0
LINE
8
BLACK
6
CONTINUOUS
10
-0.4531942519685039
20
-0.1859579921259842
11
-0.4531942519685039
21
-0.1934570472440945
0
LINE
8
BLACK
6
CONTINUOUS
10
-0.4531942519685039
20
-0.1934570472440945
11
-0.4532509842519685
21
-0.1940331102362205
0
LINE
8
BLACK
6
CONTINUOUS
10
-0.4532509842519685
20
-0.1940331102362205
11
-0.4532915748031496
21
-0.194131062992126
0
LINE
8
BLACK
6
CONTINUOUS
10
-0.4532915748031496
20
-0.194131062992126
11
-0.4532990944881889
21
-0.194236968503937
0
LINE
8
BLACK
6
CONTINUOUS
10
-0.4532990944881889
20
-0.194236968503937
11
-0.4535059842519685
21
-0.1947775590551181
0
LINE
8
BLACK
6
CONTINUOUS
10
-0.4535059842519685
20
-0.1947775590551181
11
-0.455380748031496
21
-0.1985270866141732
0
LINE
8
BLACK
6
CONTINUOUS
10
-0.455380748031496
20
-0.1985270866141732
11
-0.4555368503937008
21
-0.1987750787401575
0
LINE
8
BLACK
6
CONTINUOUS
10
-0.4555368503937008
20
-0.1987750787401575
11
-0.4555666535433071
21
-0.1988470472440945
0
LINE
8
BLACK
6
CONTINUOUS
10
-0.4555666535433071
20
-0.1988470472440945
11
-0.4556331496062992
21
-0.1989279921259842
0
LINE
8
BLACK
6
CONTINUOUS
10
-0.4556331496062992
20
-0.1989279921259842
11
-0.455689094488189
21
-0.199016968503937
0
LINE
8
BLACK
6
CONTINUOUS
10
-0.455689094488189
20
-0.199016968503937
11
-0.4557481102362205
21
-0.1990681102362205
0
LINE
8
BLACK
6
CONTINUOUS
10
-0.4557481102362205
20
-0.1990681102362205
11
-0.4559338582677165
21
-0.1992944881889764
0
LINE
8
BLACK
6
CONTINUOUS
10
-0.4559338582677165
20
-0.1992944881889764
11
-0.4578086220472441
21
-0.2011692519685039
0
LINE
8
BLACK
6
CONTINUOUS
10
-0.4578086220472441
20
-0.2011692519685039
11
-0.458035
21
-0.201355
0
LINE
8
BLACK
6
CONTINUOUS
10
-0.458035
20
-0.201355
11
-0.4580861417322835
21
-0.2014140157480315
0
LINE
8
BLACK
6
CONTINUOUS
10
-0.4580861417322835
20
-0.2014140157480315
11
-0.4581751181102362
21
-0.2014699606299213
0
LINE
8
BLACK
6
CONTINUOUS
10
-0.4581751181102362
20
-0.2014699606299213
11
-0.458256062992126
21
-0.2015364566929134
0
LINE
8
BLACK
6
CONTINUOUS
10
-0.458256062992126
20
-0.2015364566929134
11
-0.458328031496063
21
-0.2015662598425197
0
LINE
8
BLACK
6
CONTINUOUS
10
-0.458328031496063
20
-0.2015662598425197
11
-0.4585760236220472
21
-0.2017223622047244
0
LINE
8
BLACK
6
CONTINUOUS
10
-0.4585760236220472
20
-0.2017223622047244
11
-0.4623255511811024
21
-0.203597125984252
0
LINE
8
BLACK
6
CONTINUOUS
10
-0.4623255511811024
20
-0.203597125984252
11
-0.4628661811023622
21
-0.2038040157480315
0
LINE
8
BLACK
6
CONTINUOUS
10
-0.4628661811023622
20
-0.2038040157480315
11
-0.4629720078740157
21
-0.2038114960629921
0
LINE
8
BLACK
6
CONTINUOUS
10
-0.4629720078740157
20
-0.2038114960629921
11
-0.46307
21
-0.203852125984252
0
LINE
8
BLACK
6
CONTINUOUS
10
-0.46307
20
-0.203852125984252
11
-0.463646062992126
21
-0.2039088582677165
0
LINE
8
BLACK
6
CONTINUOUS
10
-0.463646062992126
20
-0.2039088582677165
11
-0.4730198818897638
21
-0.2039088582677165
0
LINE
8
BLACK
6
CONTINUOUS
10
-0.4730198818897638
20
-0.2039088582677165
11
-0.4735959448818898
21
-0.203852125984252
0
LINE
8
BLACK
6
CONTINUOUS
10
-0.4735959448818898
20
-0.203852125984252
11
-0.473693937007874
21
-0.2038115354330709
0
LINE
8
BLACK
6
CONTINUOUS
10
-0.473693937007874
20
-0.2038115354330709
11
-0.4737998031496063
21
-0.2038040157480315
0
LINE
8
BLACK
6
CONTINUOUS
10
-0.4737998031496063
20
-0.2038040157480315
11
-0.4743403937007874
21
-0.203597125984252
0
LINE
8
BLACK
6
CONTINUOUS
10
-0.4743403937007874
20
-0.203597125984252
11
-0.4780899212598425
21
-0.2017223622047244
0
LINE
8
BLACK
6
CONTINUOUS
10
-0.4780899212598425
20
-0.2017223622047244
11
-0.4783379527559055
21
-0.2015662598425197
0
LINE
8
BLACK
6
CONTINUOUS
10
-0.4783379527559055
20
-0.2015662598425197
11
-0.4784098818897637
21
-0.2015364566929134
0
LINE
8
BLACK
6
CONTINUOUS
10
-0.4784098818897637
20
-0.2015364566929134
11
-0.4784908661417323
21
-0.2014699606299213
0
LINE
8
BLACK
6
CONTINUOUS
10
-0.4784908661417323
20
-0.2014699606299213
11
-0.4785798031496063
21
-0.2014140157480315
0
LINE
8
BLACK
6
CONTINUOUS
10
-0.4785798031496063
20
-0.2014140157480315
11
-0.4786309842519685
21
-0.201355
0
LINE
8
BLACK
6
CONTINUOUS
10
-0.4786309842519685
20
-0.201355
11
-0.4788573228346457
21
-0.2011692519685039
0
LINE
8
BLACK
6
CONTINUOUS
10
-0.4788573228346457
20
-0.2011692519685039
11
-0.4807320866141732
21
-0.1992944881889764
0
LINE
8
BLACK
6
CONTINUOUS
10
-0.4807320866141732
20
-0.1992944881889764
11
-0.480917874015748
21
-0.1990681102362205
0
LINE
8
BLACK
6
CONTINUOUS
10
-0.480917874015748
20
-0.1990681102362205
11
-0.4809768503937007
21
-0.199016968503937
0
LINE
8
BLACK
6
CONTINUOUS
10
-0.4809768503937007
20
-0.199016968503937
11
-0.4810328346456693
21
-0.1989279921259842
0
LINE
8
BLACK
6
CONTINUOUS
10
-0.4810328346456693
20
-0.1989279921259842
11
-0.4810992913385826
21
-0.1988470472440945
0
LINE
8
BLACK
6
CONTINUOUS
10
-0.4810992913385826
20
-0.1988470472440945
11
-0.4811291338582677
21
-0.1987750787401575
0
LINE
8
BLACK
6
CONTINUOUS
10
-0.4811291338582677
20
-0.1987750787401575
11
-0.4812851968503937
21
-0.1985270866141732
0
LINE
8
BLACK
6
CONTINUOUS
10
-0.4812851968503937
20
-0.1985270866141732
11
-0.4831599606299212
21
-0.1947775590551181
0
LINE
8
BLACK
6
CONTINUOUS
10
-0.4831599606299212
20
-0.1947775590551181
11
-0.4833668503937008
21
-0.1942369291338583
0
LINE
8
BLACK
6
CONTINUOUS
10
-0.4833668503937008
20
-0.1942369291338583
11
-0.4833743700787401
21
-0.1941311023622047
0
LINE
8
BLACK
6
CONTINUOUS
10
-0.4833743700787401
20
-0.1941311023622047
11
-0.4834149606299212
21
-0.1940331102362205
0
LINE
8
BLACK
6
CONTINUOUS
10
-0.4834149606299212
20
-0.1940331102362205
11
-0.4834716929133858
21
-0.1934570472440945
0
LINE
8
BLACK
6
CONTINUOUS
10
-0.4834716929133858
20
-0.1934570472440945
11
-0.4834716929133858
21
-0.1859579921259842
0
LINE
8
BLACK
6
CONTINUOUS
10
-0.4834716929133858
20
-0.1859579921259842
11
-0.4834149606299212
21
-0.1853819291338583
0
LINE
8
BLACK
6
CONTINUOUS
10
-0.4834149606299212
20
-0.1853819291338583
11
-0.4833743700787401
21
-0.1852838976377953
0
LINE
8
BLACK
6
CONTINUOUS
10
-0.4833743700787401
20
-0.1852838976377953
11
-0.4833668503937008
21
-0.1851781102362205
0
LINE
8
BLACK
6
CONTINUOUS
10
-0.4833668503937008
20
-0.1851781102362205
11
-0.4831599606299212
21
-0.1846374803149606
0
LINE
8
BLACK
6
CONTINUOUS
10
-0.4831599606299212
20
-0.1846374803149606
11
-0.4812851968503937
21
-0.1808879527559055
0
LINE
8
BLACK
6
CONTINUOUS
10
-0.4812851968503937
20
-0.1808879527559055
11
-0.4811291338582677
21
-0.1806399212598425
0
LINE
8
BLACK
6
CONTINUOUS
10
-0.4811291338582677
20
-0.1806399212598425
11
-0.4810992913385826
21
-0.1805679921259843
0
LINE
8
BLACK
6
CONTINUOUS
10
-0.4810992913385826
20
-0.1805679921259843
11
-0.4810328346456693
21
-0.1804870078740158
0
LINE
8
BLACK
6
CONTINUOUS
10
-0.4810328346456693
20
-0.1804870078740158
11
-0.4809768503937007
21
-0.1803980708661417
0
LINE
8
BLACK
6
CONTINUOUS
10
-0.4809768503937007
20
-0.1803980708661417
11
-0.480917874015748
21
-0.1803468897637795
0
LINE
8
BLACK
6
CONTINUOUS
10
-0.480917874015748
20
-0.1803468897637795
11
-0.4807320866141732
21
-0.1801205511811023
0
LINE
8
BLACK
6
CONTINUOUS
10
-0.4807320866141732
20
-0.1801205511811023
11
-0.4788573228346457
21
-0.1782457874015748
0
LINE
8
BLACK
6
CONTINUOUS
10
-0.4788573228346457
20
-0.1782457874015748
11
-0.4786309842519685
21
-0.17806
0
LINE
8
BLACK
6
CONTINUOUS
10
-0.4786309842519685
20
-0.17806
11
-0.4785798031496063
21
-0.1780010236220472
0
LINE
8
BLACK
6
CONTINUOUS
10
-0.4785798031496063
20
-0.1780010236220472
11
-0.4784908661417323
21
-0.1779450393700787
0
LINE
8
BLACK
6
CONTINUOUS
10
-0.4784908661417323
20
-0.1779450393700787
11
-0.4784098818897637
21
-0.1778785826771654
0
LINE
8
BLACK
6
CONTINUOUS
10
-0.4784098818897637
20
-0.1778785826771654
11
-0.4783379527559055
21
-0.1778487401574803
0
LINE
8
BLACK
6
CONTINUOUS
10
-0.4783379527559055
20
-0.1778487401574803
11
-0.4780899212598425
21
-0.1776926771653543
0
LINE
8
BLACK
6
CONTINUOUS
10
-0.4780899212598425
20
-0.1776926771653543
11
-0.4743403937007874
21
-0.1758179133858268
0
LINE
8
BLACK
6
CONTINUOUS
10
-0.4743403937007874
20
-0.1758179133858268
11
-0.4737998031496063
21
-0.1756110236220473
0
LINE
8
BLACK
6
CONTINUOUS
10
-0.4737998031496063
20
-0.1756110236220473
11
-0.473693937007874
21
-0.1756034645669291
0
LINE
8
BLACK
6
CONTINUOUS
10
-0.473693937007874
20
-0.1756034645669291
11
-0.4735959448818898
21
-0.1755629133858268
0
LINE
8
BLACK
6
CONTINUOUS
10
-0.4735959448818898
20
-0.1755629133858268
11
-0.4730198818897638
21
-0.1755061811023622
0
LINE
8
BLACK
6
CONTINUOUS
10
-0.4730198818897638
20
-0.1755061811023622
11
-0.4580217716535433
21
-0.1755061811023622
0
LINE
8
BLACK
6
CONTINUOUS
10
-0.4580217716535433
20
-0.1755061811023622
11
-0.4579212598425197
21
-0.175516062992126
0
LINE
8
BLACK
6
CONTINUOUS
10
-0.4579212598425197
20
-0.175516062992126
11
-0.4578782283464567
21
-0.1755096850393701
0
LINE
8
BLACK
6
CONTINUOUS
10
-0.4578782283464567
20
-0.1755096850393701
11
-0.4576627559055118
21
-0.1755415354330709
0
LINE
8
BLACK
6
CONTINUOUS
10
-0.4576627559055118
20
-0.1755415354330709
11
-0.4574457086614173
21
-0.1755629133858268
0
LINE
8
BLACK
6
CONTINUOUS
10
-0.4574457086614173
20
-0.1755629133858268
11
-0.4574055118110236
21
-0.1755795275590551
0
LINE
8
BLACK
6
CONTINUOUS
10
-0.4574055118110236
20
-0.1755795275590551
11
-0.4573056299212598
21
-0.1755943307086614
0
LINE
8
BLACK
6
CONTINUOUS
10
-0.4573056299212598
20
-0.1755943307086614
11
-0.4498065748031496
21
-0.177469094488189
0
LINE
8
BLACK
6
CONTINUOUS
10
-0.4498065748031496
20
-0.177469094488189
11
-0.449467125984252
21
-0.1775903543307087
0
LINE
8
BLACK
6
CONTINUOUS
10
-0.449467125984252
20
-0.1775903543307087
11
-0.4493955905511811
21
-0.1776045275590551
0
LINE
8
BLACK
6
CONTINUOUS
10
-0.4493955905511811
20
-0.1776045275590551
11
-0.449330748031496
21
-0.177639094488189
0
LINE
8
BLACK
6
CONTINUOUS
10
-0.449330748031496
20
-0.177639094488189
11
-0.4492614566929134
21
-0.1776638582677165
0
LINE
8
BLACK
6
CONTINUOUS
10
-0.4492614566929134
20
-0.1776638582677165
11
-0.449202874015748
21
-0.1777072834645669
0
LINE
8
BLACK
6
CONTINUOUS
10
-0.449202874015748
20
-0.1777072834645669
11
-0.4488848031496063
21
-0.1778768503937008
0
LINE
8
BLACK
6
CONTINUOUS
10
-0.4488848031496063
20
-0.1778768503937008
11
-0.4432605118110236
21
-0.1816263779527559
0
LINE
8
BLACK
6
CONTINUOUS
10
-0.4432605118110236
20
-0.1816263779527559
11
-0.443258937007874
21
-0.1816276771653543
0
LINE
8
BLACK
6
CONTINUOUS
10
-0.443258937007874
20
-0.1816276771653543
11
-0.4432579921259843
21
-0.1816280708661417
0
LINE
8
BLACK
6
CONTINUOUS
10
-0.4432579921259843
20
-0.1816280708661417
11
-0.4430384645669291
21
-0.1818082283464567
0
LINE
8
BLACK
6
CONTINUOUS
10
-0.4430384645669291
20
-0.1818082283464567
11
-0.4428126771653543
21
-0.1819931496062992
0
LINE
8
BLACK
6
CONTINUOUS
10
-0.4428126771653543
20
-0.1819931496062992
11
-0.442812125984252
21
-0.1819939763779528
0
LINE
8
BLACK
6
CONTINUOUS
10
-0.442812125984252
20
-0.1819939763779528
11
-0.4428105511811024
21
-0.1819952755905512
0
LINE
8
BLACK
6
CONTINUOUS
10
-0.4428105511811024
20
-0.1819952755905512
11
-0.440935748031496
21
-0.1838700393700787
0
LINE
8
BLACK
6
CONTINUOUS
10
-0.440935748031496
20
-0.1838700393700787
11
-0.44075
21
-0.1840963779527559
0
LINE
8
BLACK
6
CONTINUOUS
10
-0.44075
20
-0.1840963779527559
11
-0.4406909448818898
21
-0.1841475984251968
0
LINE
8
BLACK
6
CONTINUOUS
10
-0.4406909448818898
20
-0.1841475984251968
11
-0.4406349606299212
21
-0.1842365354330709
0
LINE
8
BLACK
6
CONTINUOUS
10
-0.4406349606299212
20
-0.1842365354330709
11
-0.4405685039370079
21
-0.1843175196850394
0
LINE
8
BLACK
6
CONTINUOUS
10
-0.4405685039370079
20
-0.1843175196850394
11
-0.4405387007874015
21
-0.1843894488188976
0
LINE
8
BLACK
6
CONTINUOUS
10
-0.4405387007874015
20
-0.1843894488188976
11
-0.4403825984251968
21
-0.1846374803149606
0
LINE
8
BLACK
6
CONTINUOUS
10
-0.4403825984251968
20
-0.1846374803149606
11
-0.4386046850393701
21
-0.1881933070866142
0
LINE
8
BLACK
6
CONTINUOUS
10
-0.4386046850393701
20
-0.1881933070866142
11
-0.4385074015748031
21
-0.188096062992126
0
LINE
8
BLACK
6
CONTINUOUS
10
-0.4385074015748031
20
-0.188096062992126
11
-0.4374429921259843
21
-0.1876551574803149
0
LINE
8
BLACK
6
CONTINUOUS
10
-0.4374429921259843
20
-0.1876551574803149
11
-0.4368669291338583
21
-0.1875984251968504
0
LINE
8
BLACK
6
CONTINUOUS
10
-0.4368669291338583
20
-0.1875984251968504
11
-0.4186455118110236
21
-0.1875984251968504
0
LINE
8
BLACK
6
CONTINUOUS
10
-0.4186455118110236
20
-0.1875984251968504
11
-0.4382320078740157
21
-0.149973188976378
0
LINE
8
BLACK
6
CONTINUOUS
10
-0.4382320078740157
20
-0.149973188976378
11
-0.4381961023622047
21
-0.1503374409448819
0
LINE
8
BLACK
6
CONTINUOUS
10
-0.4381961023622047
20
-0.1503374409448819
11
-0.4381961023622047
21
-0.154086968503937
0
LINE
8
BLACK
6
CONTINUOUS
10
-0.4381961023622047
20
-0.154086968503937
11
-0.4382528346456693
21
-0.154663031496063
0
LINE
8
BLACK
6
CONTINUOUS
10
-0.4382528346456693
20
-0.154663031496063
11
-0.4382934251968504
21
-0.1547609842519685
0
LINE
8
BLACK
6
CONTINUOUS
10
-0.4382934251968504
20
-0.1547609842519685
11
-0.4383009448818898
21
-0.1548668897637795
0
LINE
8
BLACK
6
CONTINUOUS
10
-0.4383009448818898
20
-0.1548668897637795
11
-0.4385078346456693
21
-0.1554074803149606
0
LINE
8
BLACK
6
CONTINUOUS
10
-0.4385078346456693
20
-0.1554074803149606
11
-0.4403825984251968
21
-0.1591570078740157
0
LINE
8
BLACK
6
CONTINUOUS
10
-0.4403825984251968
20
-0.1591570078740157
11
-0.4405387007874015
21
-0.159405
0
LINE
8
BLACK
6
CONTINUOUS
10
-0.4405387007874015
20
-0.159405
11
-0.4405685039370079
21
-0.159476968503937
0
LINE
8
BLACK
6
CONTINUOUS
10
-0.4405685039370079
20
-0.159476968503937
11
-0.4406349606299212
21
-0.1595579133858268
0
LINE
8
BLACK
6
CONTINUOUS
10
-0.4406349606299212
20
-0.1595579133858268
11
-0.4406909448818898
21
-0.1596468897637795
0
LINE
8
BLACK
6
CONTINUOUS
10
-0.4406909448818898
20
-0.1596468897637795
11
-0.44075
21
-0.1596980708661417
0
LINE
8
BLACK
6
CONTINUOUS
10
-0.44075
20
-0.1596980708661417
11
-0.440935748031496
21
-0.1599244488188976
0
LINE
8
BLACK
6
CONTINUOUS
10
-0.440935748031496
20
-0.1599244488188976
11
-0.4428105511811024
21
-0.1617992125984252
0
LINE
8
BLACK
6
CONTINUOUS
10
-0.4428105511811024
20
-0.1617992125984252
11
-0.4430368897637795
21
-0.1619849212598425
0
LINE
8
BLACK
6
CONTINUOUS
10
-0.4430368897637795
20
-0.1619849212598425
11
-0.443088031496063
21
-0.162043937007874
0
LINE
8
BLACK
6
CONTINUOUS
10
-0.443088031496063
20
-0.162043937007874
11
-0.443176968503937
21
-0.1620998818897638
0
LINE
8
BLACK
6
CONTINUOUS
10
-0.443176968503937
20
-0.1620998818897638
11
-0.4432579921259843
21
-0.1621664173228347
0
LINE
8
BLACK
6
CONTINUOUS
10
-0.4432579921259843
20
-0.1621664173228347
11
-0.4433300393700788
21
-0.1621962204724409
0
LINE
8
BLACK
6
CONTINUOUS
10
-0.4433300393700788
20
-0.1621962204724409
11
-0.4435779133858267
21
-0.1623522834645669
0
LINE
8
BLACK
6
CONTINUOUS
10
-0.4435779133858267
20
-0.1623522834645669
11
-0.4473274409448819
21
-0.1642270472440945
0
LINE
8
BLACK
6
CONTINUOUS
10
-0.4473274409448819
20
-0.1642270472440945
11
-0.4473695669291338
21
-0.1642431496062992
0
LINE
8
BLACK
6
CONTINUOUS
10
-0.4473695669291338
20
-0.1642431496062992
11
-0.4473866929133858
21
-0.1642558661417323
0
LINE
8
BLACK
6
CONTINUOUS
10
-0.4473866929133858
20
-0.1642558661417323
11
-0.4476286614173228
21
-0.1643422834645669
0
LINE
8
BLACK
6
CONTINUOUS
10
-0.4476286614173228
20
-0.1643422834645669
11
-0.4478680708661417
21
-0.164433937007874
0
LINE
8
BLACK
6
CONTINUOUS
10
-0.4478680708661417
20
-0.164433937007874
11
-0.4478893307086614
21
-0.1644354330708661
0
LINE
8
BLACK
6
CONTINUOUS
10
-0.4478893307086614
20
-0.1644354330708661
11
-0.4479318110236221
21
-0.1644506299212598
0
LINE
8
BLACK
6
CONTINUOUS
10
-0.4479318110236221
20
-0.1644506299212598
11
-0.4554308661417323
21
-0.1663253937007874
0
LINE
8
BLACK
6
CONTINUOUS
10
-0.4554308661417323
20
-0.1663253937007874
11
-0.4555307480314961
21
-0.1663401574803149
0
LINE
8
BLACK
6
CONTINUOUS
10
-0.4555307480314961
20
-0.1663401574803149
11
-0.4555709448818898
21
-0.166356811023622
0
LINE
8
BLACK
6
CONTINUOUS
10
-0.4555709448818898
20
-0.166356811023622
11
-0.4557879921259843
21
-0.1663781496062992
0
LINE
8
BLACK
6
CONTINUOUS
10
-0.4557879921259843
20
-0.1663781496062992
11
-0.4560034645669291
21
-0.1664100393700787
0
LINE
8
BLACK
6
CONTINUOUS
10
-0.4560034645669291
20
-0.1664100393700787
11
-0.4560464960629921
21
-0.1664036220472441
0
LINE
8
BLACK
6
CONTINUOUS
10
-0.4560464960629921
20
-0.1664036220472441
11
-0.4561470078740157
21
-0.1664135433070866
0
LINE
8
BLACK
6
CONTINUOUS
10
-0.4561470078740157
20
-0.1664135433070866
11
-0.4655208267716535
21
-0.1664135433070866
0
LINE
8
BLACK
6
CONTINUOUS
10
-0.4655208267716535
20
-0.1664135433070866
11
-0.4656213779527559
21
-0.1664036220472441
0
LINE
8
BLACK
6
CONTINUOUS
10
-0.4656213779527559
20
-0.1664036220472441
11
-0.4656643700787401
21
-0.1664100393700787
0
LINE
8
BLACK
6
CONTINUOUS
10
-0.4656643700787401
20
-0.1664100393700787
11
-0.4658798818897638
21
-0.1663781496062992
0
LINE
8
BLACK
6
CONTINUOUS
10
-0.4658798818897638
20
-0.1663781496062992
11
-0.4660968897637795
21
-0.166356811023622
0
LINE
8
BLACK
6
CONTINUOUS
10
-0.4660968897637795
20
-0.166356811023622
11
-0.4661371259842519
21
-0.1663401574803149
0
LINE
8
BLACK
6
CONTINUOUS
10
-0.4661371259842519
20
-0.1663401574803149
11
-0.466236968503937
21
-0.1663253937007874
0
LINE
8
BLACK
6
CONTINUOUS
10
-0.466236968503937
20
-0.1663253937007874
11
-0.4737360236220473
21
-0.1644506299212598
0
LINE
8
BLACK
6
CONTINUOUS
10
-0.4737360236220473
20
-0.1644506299212598
11
-0.4737785433070866
21
-0.1644354330708661
0
LINE
8
BLACK
6
CONTINUOUS
10
-0.4737785433070866
20
-0.1644354330708661
11
-0.4737998031496063
21
-0.164433937007874
0
LINE
8
BLACK
6
CONTINUOUS
10
-0.4737998031496063
20
-0.164433937007874
11
-0.4740395669291338
21
-0.1643421653543307
0
LINE
8
BLACK
6
CONTINUOUS
10
-0.4740395669291338
20
-0.1643421653543307
11
-0.4742811417322835
21
-0.1642558661417323
0
LINE
8
BLACK
6
CONTINUOUS
10
-0.4742811417322835
20
-0.1642558661417323
11
-0.4742983070866141
21
-0.1642431496062992
0
LINE
8
BLACK
6
CONTINUOUS
10
-0.4742983070866141
20
-0.1642431496062992
11
-0.4743403937007874
21
-0.1642270472440945
0
LINE
8
BLACK
6
CONTINUOUS
10
-0.4743403937007874
20
-0.1642270472440945
11
-0.4780899212598425
21
-0.1623522834645669
0
LINE
8
BLACK
6
CONTINUOUS
10
-0.4780899212598425
20
-0.1623522834645669
11
-0.4783379527559055
21
-0.1621961811023622
0
LINE
8
BLACK
6
CONTINUOUS
10
-0.4783379527559055
20
-0.1621961811023622
11
-0.4784098818897637
21
-0.1621663779527559
0
LINE
8
BLACK
6
CONTINUOUS
10
-0.4784098818897637
20
-0.1621663779527559
11
-0.4784908661417323
21
-0.1620998818897638
0
LINE
8
BLACK
6
CONTINUOUS
10
-0.4784908661417323
20
-0.1620998818897638
11
-0.4785798031496063
21
-0.162043937007874
0
LINE
8
BLACK
6
CONTINUOUS
10
-0.4785798031496063
20
-0.162043937007874
11
-0.4786309842519685
21
-0.1619849212598425
0
LINE
8
BLACK
6
CONTINUOUS
10
-0.4786309842519685
20
-0.1619849212598425
11
-0.4788573228346457
21
-0.1617991732283464
0
LINE
8
BLACK
6
CONTINUOUS
10
-0.4788573228346457
20
-0.1617991732283464
11
-0.4807320866141732
21
-0.1599244094488189
0
LINE
8
BLACK
6
CONTINUOUS
10
-0.4807320866141732
20
-0.1599244094488189
11
-0.480917874015748
21
-0.159698031496063
0
LINE
8
BLACK
6
CONTINUOUS
10
-0.480917874015748
20
-0.159698031496063
11
-0.4809768503937007
21
-0.1596468897637795
0
LINE
8
BLACK
6
CONTINUOUS
10
-0.4809768503937007
20
-0.1596468897637795
11
-0.4810328346456693
21
-0.1595579133858268
0
LINE
8
BLACK
6
CONTINUOUS
10
-0.4810328346456693
20
-0.1595579133858268
11
-0.4810992913385826
21
-0.159476968503937
0
LINE
8
BLACK
6
CONTINUOUS
10
-0.4810992913385826
20
-0.159476968503937
11
-0.4811291338582677
21
-0.159405
0
LINE
8
BLACK
6
CONTINUOUS
10
-0.4811291338582677
20
-0.159405
11
-0.4812851968503937
21
-0.1591570078740157
0
LINE
8
BLACK
6
CONTINUOUS
10
-0.4812851968503937
20
-0.1591570078740157
11
-0.4831599606299212
21
-0.1554074803149606
0
LINE
8
BLACK
6
CONTINUOUS
10
-0.4831599606299212
20
-0.1554074803149606
11
-0.4833668503937008
21
-0.1548668503937008
0
LINE
8
BLACK
6
CONTINUOUS
10
-0.4833668503937008
20
-0.1548668503937008
11
-0.4833743700787401
21
-0.1547610236220472
0
LINE
8
BLACK
6
CONTINUOUS
10
-0.4833743700787401
20
-0.1547610236220472
11
-0.4834149606299212
21
-0.154663031496063
0
LINE
8
BLACK
6
CONTINUOUS
10
-0.4834149606299212
20
-0.154663031496063
11
-0.4834716929133858
21
-0.154086968503937
0
LINE
8
BLACK
6
CONTINUOUS
10
-0.4834716929133858
20
-0.154086968503937
11
-0.4834716929133858
21
-0.1503374409448819
0
LINE
8
BLACK
6
CONTINUOUS
10
-0.4834716929133858
20
-0.1503374409448819
11
-0.4834149606299212
21
-0.1497613779527559
0
LINE
8
BLACK
6
CONTINUOUS
10
-0.4834149606299212
20
-0.1497613779527559
11
-0.4833743700787401
21
-0.1496633464566929
0
LINE
8
BLACK
6
CONTINUOUS
10
-0.4833743700787401
20
-0.1496633464566929
11
-0.4833668503937008
21
-0.1495575590551181
0
LINE
8
BLACK
6
CONTINUOUS
10
-0.4833668503937008
20
-0.1495575590551181
11
-0.4831599606299212
21
-0.1490169291338583
0
LINE
8
BLACK
6
CONTINUOUS
10
-0.4831599606299212
20
-0.1490169291338583
11
-0.4812851968503937
21
-0.1452674015748031
0
LINE
8
BLACK
6
CONTINUOUS
10
-0.4812851968503937
20
-0.1452674015748031
11
-0.4811291338582677
21
-0.1450193700787402
0
LINE
8
BLACK
6
CONTINUOUS
10
-0.4811291338582677
20
-0.1450193700787402
11
-0.4810992913385826
21
-0.1449474409448819
0
LINE
8
BLACK
6
CONTINUOUS
10
-0.4810992913385826
20
-0.1449474409448819
11
-0.4810328346456693
21
-0.1448664566929134
0
LINE
8
BLACK
6
CONTINUOUS
10
-0.4810328346456693
20
-0.1448664566929134
11
-0.4809768503937007
21
-0.1447775196850394
0
LINE
8
BLACK
6
CONTINUOUS
10
-0.4809768503937007
20
-0.1447775196850394
11
-0.480917874015748
21
-0.1447263385826772
0
LINE
8
BLACK
6
CONTINUOUS
10
-0.480917874015748
20
-0.1447263385826772
11
-0.4807320866141732
21
-0.1445
0
LINE
8
BLACK
6
CONTINUOUS
10
-0.4807320866141732
20
-0.1445
11
-0.4788573228346457
21
-0.1426252362204724
0
LINE
8
BLACK
6
CONTINUOUS
10
-0.4788573228346457
20
-0.1426252362204724
11
-0.4786309842519685
21
-0.1424394488188976
0
LINE
8
BLACK
6
CONTINUOUS
10
-0.4786309842519685
20
-0.1424394488188976
11
-0.4785798031496063
21
-0.1423804724409449
0
LINE
8
BLACK
6
CONTINUOUS
10
-0.4785798031496063
20
-0.1423804724409449
11
-0.4784908661417323
21
-0.1423244881889764
0
LINE
8
BLACK
6
CONTINUOUS
10
-0.4784908661417323
20
-0.1423244881889764
11
-0.4784098818897637
21
-0.142258031496063
0
LINE
8
BLACK
6
CONTINUOUS
10
-0.4784098818897637
20
-0.142258031496063
11
-0.4783379527559055
21
-0.142228188976378
0
LINE
8
BLACK
6
CONTINUOUS
10
-0.4783379527559055
20
-0.142228188976378
11
-0.4780899212598425
21
-0.142072125984252
0
LINE
8
BLACK
6
CONTINUOUS
10
-0.4780899212598425
20
-0.142072125984252
11
-0.4743403937007874
21
-0.1401973622047244
0
LINE
8
BLACK
6
CONTINUOUS
10
-0.4743403937007874
20
-0.1401973622047244
11
-0.4742983070866141
21
-0.1401812204724409
0
LINE
8
BLACK
6
CONTINUOUS
10
-0.4742983070866141
20
-0.1401812204724409
11
-0.4742811417322835
21
-0.1401685433070866
0
LINE
8
BLACK
6
CONTINUOUS
10
-0.4742811417322835
20
-0.1401685433070866
11
-0.4740395669291338
21
-0.1400822047244094
0
LINE
8
BLACK
6
CONTINUOUS
10
-0.4740395669291338
20
-0.1400822047244094
11
-0.4737998031496063
21
-0.1399904724409449
0
LINE
8
BLACK
6
CONTINUOUS
10
-0.4737998031496063
20
-0.1399904724409449
11
-0.4737785433070866
21
-0.139988937007874
0
LINE
8
BLACK
6
CONTINUOUS
10
-0.4737785433070866
20
-0.139988937007874
11
-0.4737360236220473
21
-0.139973779527559
0
LINE
8
BLACK
6
CONTINUOUS
10
-0.4737360236220473
20
-0.139973779527559
11
-0.466236968503937
21
-0.1380990157480315
0
LINE
8
BLACK
6
CONTINUOUS
10
-0.466236968503937
20
-0.1380990157480315
11
-0.4661371259842519
21
-0.1380842125984252
0
LINE
8
BLACK
6
CONTINUOUS
10
-0.4661371259842519
20
-0.1380842125984252
11
-0.4660968897637795
21
-0.1380675984251968
0
LINE
8
BLACK
6
CONTINUOUS
10
-0.4660968897637795
20
-0.1380675984251968
11
-0.4658798818897638
21
-0.1380462204724409
0
LINE
8
BLACK
6
CONTINUOUS
10
-0.4658798818897638
20
-0.1380462204724409
11
-0.4656643700787401
21
-0.1380143700787402
0
LINE
8
BLACK
6
CONTINUOUS
10
-0.4656643700787401
20
-0.1380143700787402
11
-0.4656213779527559
21
-0.1380207480314961
0
LINE
8
BLACK
6
CONTINUOUS
10
-0.4656213779527559
20
-0.1380207480314961
11
-0.4655208267716535
21
-0.1380108661417323
0
LINE
8
BLACK
6
CONTINUOUS
10
-0.4655208267716535
20
-0.1380108661417323
11
-0.4561470078740157
21
-0.1380108661417323
0
LINE
8
BLACK
6
CONTINUOUS
10
-0.4561470078740157
20
-0.1380108661417323
11
-0.4560464960629921
21
-0.1380207480314961
0
LINE
8
BLACK
6
CONTINUOUS
10
-0.4560464960629921
20
-0.1380207480314961
11
-0.4560034645669291
21
-0.1380143700787402
0
LINE
8
BLACK
6
CONTINUOUS
10
-0.4560034645669291
20
-0.1380143700787402
11
-0.4557879921259843
21
-0.1380462204724409
0
LINE
8
BLACK
6
CONTINUOUS
10
-0.4557879921259843
20
-0.1380462204724409
11
-0.4555709448818898
21
-0.1380675984251968
0
LINE
8
BLACK
6
CONTINUOUS
10
-0.4555709448818898
20
-0.1380675984251968
11
-0.4555307480314961
21
-0.1380842125984252
0
LINE
8
BLACK
6
CONTINUOUS
10
-0.4555307480314961
20
-0.1380842125984252
11
-0.4554308661417323
21
-0.1380990157480315
0
LINE
8
BLACK
6
CONTINUOUS
10
-0.4554308661417323
20
-0.1380990157480315
11
-0.4479318110236221
21
-0.139973779527559
0
LINE
8
BLACK
6
CONTINUOUS
10
-0.4479318110236221
20
-0.139973779527559
11
-0.4478893307086614
21
-0.139988937007874
0
LINE
8
BLACK
6
CONTINUOUS
10
-0.4478893307086614
20
-0.139988937007874
11
-0.4478680708661417
21
-0.1399904724409449
0
LINE
8
BLACK
6
CONTINUOUS
10
-0.4478680708661417
20
-0.1399904724409449
11
-0.4476286614173228
21
-0.1400820866141732
0
LINE
8
BLACK
6
CONTINUOUS
10
-0.4476286614173228
20
-0.1400820866141732
11
-0.4473866929133858
21
-0.1401685433070866
0
LINE
8
BLACK
6
CONTINUOUS
10
-0.4473866929133858
20
-0.1401685433070866
11
-0.4473695669291338
21
-0.1401812204724409
0
LINE
8
BLACK
6
CONTINUOUS
10
-0.4473695669291338
20
-0.1401812204724409
11
-0.4473274409448819
21
-0.1401973622047244
0
LINE
8
BLACK
6
CONTINUOUS
10
-0.4473274409448819
20
-0.1401973622047244
11
-0.4435779133858267
21
-0.142072125984252
0
LINE
8
BLACK
6
CONTINUOUS
10
-0.4435779133858267
20
-0.142072125984252
11
-0.4433300393700788
21
-0.1422281496062992
0
LINE
8
BLACK
6
CONTINUOUS
10
-0.4433300393700788
20
-0.1422281496062992
11
-0.4432579921259843
21
-0.1422579921259843
0
LINE
8
BLACK
6
CONTINUOUS
10
-0.4432579921259843
20
-0.1422579921259843
11
-0.443176968503937
21
-0.1423244881889764
0
LINE
8
BLACK
6
CONTINUOUS
10
-0.443176968503937
20
-0.1423244881889764
11
-0.443088031496063
21
-0.1423804724409449
0
LINE
8
BLACK
6
CONTINUOUS
10
-0.443088031496063
20
-0.1423804724409449
11
-0.4430368897637795
21
-0.1424394488188976
0
LINE
8
BLACK
6
CONTINUOUS
10
-0.4430368897637795
20
-0.1424394488188976
11
-0.4428105511811024
21
-0.1426251968503937
0
LINE
8
BLACK
6
CONTINUOUS
10
-0.4428105511811024
20
-0.1426251968503937
11
-0.440935748031496
21
-0.1444999606299213
0
LINE
8
BLACK
6
CONTINUOUS
10
-0.440935748031496
20
-0.1444999606299213
11
-0.44075
21
-0.1447262992125984
0
LINE
8
BLACK
6
CONTINUOUS
10
-0.44075
20
-0.1447262992125984
11
-0.4406909448818898
21
-0.1447775196850394
0
LINE
8
BLACK
6
CONTINUOUS
10
-0.4406909448818898
20
-0.1447775196850394
11
-0.4406349606299212
21
-0.1448664566929134
0
LINE
8
BLACK
6
CONTINUOUS
10
-0.4406349606299212
20
-0.1448664566929134
11
-0.4405685039370079
21
-0.1449474409448819
0
LINE
8
BLACK
6
CONTINUOUS
10
-0.4405685039370079
20
-0.1449474409448819
11
-0.4405387007874015
21
-0.1450193700787402
0
LINE
8
BLACK
6
CONTINUOUS
10
-0.4405387007874015
20
-0.1450193700787402
11
-0.4403825984251968
21
-0.1452674015748031
0
LINE
8
BLACK
6
CONTINUOUS
10
-0.4403825984251968
20
-0.1452674015748031
11
-0.4397439763779528
21
-0.1465446850393701
0
LINE
8
BLACK
6
CONTINUOUS
10
-0.4397439763779528
20
-0.1465446850393701
11
-0.4398021653543307
21
-0.1458791732283465
0
LINE
8
BLACK
6
CONTINUOUS
10
-0.4398021653543307
20
-0.1458791732283465
11
-0.4394557480314961
21
-0.1447803937007874
0
LINE
8
BLACK
6
CONTINUOUS
10
-0.4394557480314961
20
-0.1447803937007874
11
-0.4387151968503937
21
-0.1438978346456693
0
LINE
8
BLACK
6
CONTINUOUS
10
-0.4387151968503937
20
-0.1438978346456693
11
-0.4376932283464567
21
-0.1433658267716535
0
LINE
8
BLACK
6
CONTINUOUS
10
-0.4376932283464567
20
-0.1433658267716535
11
-0.4365455118110236
21
-0.1432654330708661
0
LINE
8
BLACK
6
CONTINUOUS
10
-0.4365455118110236
20
-0.1432654330708661
11
-0.4354467322834645
21
-0.1436118503937008
0
LINE
8
BLACK
6
CONTINUOUS
10
-0.4354467322834645
20
-0.1436118503937008
11
-0.4345641732283465
21
-0.1443524015748031
0
LINE
8
BLACK
6
CONTINUOUS
10
-0.4345641732283465
20
-0.1443524015748031
11
-0.4342478346456693
21
-0.1448372047244094
0
LINE
8
BLACK
6
CONTINUOUS
10
-0.4342478346456693
20
-0.1448372047244094
11
-0.4167322834645669
21
-0.1784842519685039
0
LINE
8
BLACK
6
CONTINUOUS
10
-0.4167322834645669
20
-0.1784842519685039
11
-0.4167322834645669
21
-0.0097046850393701
0
LINE
8
BLACK
6
CONTINUOUS
10
-0.4167322834645669
20
-0.0097046850393701
11
-0.4342478346456693
21
-0.0433517716535433
0
LINE
8
BLACK
6
CONTINUOUS
10
-0.4342478346456693
20
-0.0433517716535433
11
-0.4345641732283465
21
-0.0438365748031496
0
LINE
8
BLACK
6
CONTINUOUS
10
-0.4345641732283465
20
-0.0438365748031496
11
-0.4354467322834645
21
-0.044577125984252
0
LINE
8
BLACK
6
CONTINUOUS
10
-0.4354467322834645
20
-0.044577125984252
11
-0.4365455118110236
21
-0.0449235433070866
0
LINE
8
BLACK
6
CONTINUOUS
10
-0.4365455118110236
20
-0.0449235433070866
11
-0.4376932283464567
21
-0.0448231496062992
0
LINE
8
BLACK
6
CONTINUOUS
10
-0.4376932283464567
20
-0.0448231496062992
11
-0.4387151968503937
21
-0.0442911417322835
0
LINE
8
BLACK
6
CONTINUOUS
10
-0.4387151968503937
20
-0.0442911417322835
11
-0.4394557480314961
21
-0.0434085826771654
0
LINE
8
BLACK
6
CONTINUOUS
10
-0.4394557480314961
20
-0.0434085826771654
11
-0.4398021653543307
21
-0.0423098031496063
0
LINE
8
BLACK
6
CONTINUOUS
10
-0.4398021653543307
20
-0.0423098031496063
11
-0.4397017716535433
21
-0.0411620866141732
0
LINE
8
BLACK
6
CONTINUOUS
10
-0.4397017716535433
20
-0.0411620866141732
11
-0.4394861023622047
21
-0.0406249212598425
0
LINE
8
BLACK
6
CONTINUOUS
10
-0.4394861023622047
20
-0.0406249212598425
11
-0.4186455118110236
21
-0.0005905511811024
0
LINE
8
BLACK
6
CONTINUOUS
10
-0.4186455118110236
20
-0.0005905511811024
11
-0.4368669291338583
21
-0.0005905511811024
0
LINE
8
BLACK
6
CONTINUOUS
10
-0.4368669291338583
20
-0.0005905511811024
11
-0.4374429921259843
21
-0.0005338188976378
0
LINE
8
BLACK
6
CONTINUOUS
10
-0.4374429921259843
20
-0.0005338188976378
11
-0.4385074015748031
21
-0.0000929133858268
0
LINE
8
BLACK
6
CONTINUOUS
10
-0.4385074015748031
20
-0.0000929133858268
11
-0.4393220472440945
21
0.0007217322834646
0
LINE
8
BLACK
6
CONTINUOUS
10
-0.4393220472440945
20
0.0007217322834646
11
-0.4397629527559055
21
0.0017861417322835
0
LINE
8
BLACK
6
CONTINUOUS
10
-0.4397629527559055
20
0.0017861417322835
11
-0.4397629527559055
21
0.0029382677165354
0
LINE
8
BLACK
6
CONTINUOUS
10
-0.4397629527559055
20
0.0029382677165354
11
-0.4393220472440945
21
0.0040026771653543
0
LINE
8
BLACK
6
CONTINUOUS
10
-0.4393220472440945
20
0.0040026771653543
11
-0.4385074015748031
21
0.0048173228346457
0
LINE
8
BLACK
6
CONTINUOUS
10
-0.4385074015748031
20
0.0048173228346457
11
-0.4374429921259843
21
0.0052582283464567
0
LINE
8
BLACK
6
CONTINUOUS
10
-0.4374429921259843
20
0.0052582283464567
11
-0.4368669291338583
21
0.0053149606299213
0
LINE
8
BLACK
6
CONTINUOUS
10
-0.4368669291338583
20
0.0053149606299213
11
-0.1362204724409449
21
0.0053149606299213
0
LINE
8
BLACK
6
CONTINUOUS
10
-0.1362204724409449
20
0.0053149606299213
11
-0.1356444094488189
21
0.0052582283464567
0
LINE
8
BLACK
6
CONTINUOUS
10
-0.4750203149606299
20
-0.1827604330708661
11
-0.4762174409448819
21
-0.1839575590551181
0
LINE
8
BLACK
6
CONTINUOUS
10
-0.4762174409448819
20
-0.1839575590551181
11
-0.4775661811023622
21
-0.1866550393700787
0
LINE
8
BLACK
6
CONTINUOUS
10
-0.4775661811023622
20
-0.1866550393700787
11
-0.4775661811023622
21
-0.19276
0
LINE
8
BLACK
6
CONTINUOUS
10
-0.4775661811023622
20
-0.19276
11
-0.4762174409448819
21
-0.1954574803149606
0
LINE
8
BLACK
6
CONTINUOUS
10
-0.4762174409448819
20
-0.1954574803149606
11
-0.4750203149606299
21
-0.1966546062992126
0
LINE
8
BLACK
6
CONTINUOUS
10
-0.4750203149606299
20
-0.1966546062992126
11
-0.4723228346456693
21
-0.1980033464566929
0
LINE
8
BLACK
6
CONTINUOUS
10
-0.4723228346456693
20
-0.1980033464566929
11
-0.4643431102362204
21
-0.1980033464566929
0
LINE
8
BLACK
6
CONTINUOUS
10
-0.4643431102362204
20
-0.1980033464566929
11
-0.4616456299212598
21
-0.1966546062992126
0
LINE
8
BLACK
6
CONTINUOUS
10
-0.4616456299212598
20
-0.1966546062992126
11
-0.4604485039370079
21
-0.1954574803149606
0
LINE
8
BLACK
6
CONTINUOUS
10
-0.4604485039370079
20
-0.1954574803149606
11
-0.4590997637795275
21
-0.19276
0
LINE
8
BLACK
6
CONTINUOUS
10
-0.4590997637795275
20
-0.19276
11
-0.4590997637795275
21
-0.1866550393700787
0
LINE
8
BLACK
6
CONTINUOUS
10
-0.4590997637795275
20
-0.1866550393700787
11
-0.4604485039370079
21
-0.1839575590551181
0
LINE
8
BLACK
6
CONTINUOUS
10
-0.4604485039370079
20
-0.1839575590551181
11
-0.4616456299212598
21
-0.1827604330708661
0
LINE
8
BLACK
6
CONTINUOUS
10
-0.4616456299212598
20
-0.1827604330708661
11
-0.4643431102362204
21
-0.1814116929133858
0
LINE
8
BLACK
6
CONTINUOUS
10
-0.4643431102362204
20
-0.1814116929133858
11
-0.4723228346456693
21
-0.1814116929133858
0
LINE
8
BLACK
6
CONTINUOUS
10
-0.4723228346456693
20
-0.1814116929133858
11
-0.4750203149606299
21
-0.1827604330708661
0
LINE
8
BLACK
6
CONTINUOUS
10
-0.4719893307086614
20
-0.1456243700787402
11
-0.4750203149606299
21
-0.1471398818897638
0
LINE
8
BLACK
6
CONTINUOUS
10
-0.4750203149606299
20
-0.1471398818897638
11
-0.4762174409448819
21
-0.1483370078740157
0
LINE
8
BLACK
6
CONTINUOUS
10
-0.4762174409448819
20
-0.1483370078740157
11
-0.4775661811023622
21
-0.1510344881889764
0
LINE
8
BLACK
6
CONTINUOUS
10
-0.4775661811023622
20
-0.1510344881889764
11
-0.4775661811023622
21
-0.1533899212598425
0
LINE
8
BLACK
6
CONTINUOUS
10
-0.4775661811023622
20
-0.1533899212598425
11
-0.4762174409448819
21
-0.1560874015748031
0
LINE
8
BLACK
6
CONTINUOUS
10
-0.4762174409448819
20
-0.1560874015748031
11
-0.4750203149606299
21
-0.1572845275590551
0
LINE
8
BLACK
6
CONTINUOUS
10
-0.4750203149606299
20
-0.1572845275590551
11
-0.4719893307086614
21
-0.1588
0
LINE
8
BLACK
6
CONTINUOUS
10
-0.4719893307086614
20
-0.1588
11
-0.4651572834645669
21
-0.160508031496063
0
LINE
8
BLACK
6
CONTINUOUS
10
-0.4651572834645669
20
-0.160508031496063
11
-0.4565105511811023
21
-0.160508031496063
0
LINE
8
BLACK
6
CONTINUOUS
10
-0.4565105511811023
20
-0.160508031496063
11
-0.4496785039370079
21
-0.1588
0
LINE
8
BLACK
6
CONTINUOUS
10
-0.4496785039370079
20
-0.1588
11
-0.4466475196850394
21
-0.1572844881889764
0
LINE
8
BLACK
6
CONTINUOUS
10
-0.4466475196850394
20
-0.1572844881889764
11
-0.4454503543307087
21
-0.1560873622047244
0
LINE
8
BLACK
6
CONTINUOUS
10
-0.4454503543307087
20
-0.1560873622047244
11
-0.4441016141732284
21
-0.1533899212598425
0
LINE
8
BLACK
6
CONTINUOUS
10
-0.4441016141732284
20
-0.1533899212598425
11
-0.4441016141732284
21
-0.1510344881889764
0
LINE
8
BLACK
6
CONTINUOUS
10
-0.4441016141732284
20
-0.1510344881889764
11
-0.4454503543307087
21
-0.1483370078740157
0
LINE
8
BLACK
6
CONTINUOUS
10
-0.4454503543307087
20
-0.1483370078740157
11
-0.4466475196850394
21
-0.1471398818897638
0
LINE
8
BLACK
6
CONTINUOUS
10
-0.4466475196850394
20
-0.1471398818897638
11
-0.4496785039370079
21
-0.1456243700787402
0
LINE
8
BLACK
6
CONTINUOUS
10
-0.4496785039370079
20
-0.1456243700787402
11
-0.4565105511811023
21
-0.1439163779527559
0
LINE
8
BLACK
6
CONTINUOUS
10
-0.4565105511811023
20
-0.1439163779527559
11
-0.4651572834645669
21
-0.1439163779527559
0
LINE
8
BLACK
6
CONTINUOUS
10
-0.4651572834645669
20
-0.1439163779527559
11
-0.4719893307086614
21
-0.1456243700787402
0
LINE
8
BLACK
6
CONTINUOUS
10
-0.4560464960629921
20
-0.1005254330708661
11
-0.4560034645669291
21
-0.1005190551181102
0
LINE
8
BLACK
6
CONTINUOUS
10
-0.4560034645669291
20
-0.1005190551181102
11
-0.4557879921259843
21
-0.100550905511811
0
LINE
8
BLACK
6
CONTINUOUS
10
-0.4557879921259843
20
-0.100550905511811
11
-0.4555709448818898
21
-0.1005722834645669
0
LINE
8
BLACK
6
CONTINUOUS
10
-0.4555709448818898
20
-0.1005722834645669
11
-0.4555307480314961
21
-0.1005888976377953
0
LINE
8
BLACK
6
CONTINUOUS
10
-0.4555307480314961
20
-0.1005888976377953
11
-0.4554308661417323
21
-0.1006037007874016
0
LINE
8
BLACK
6
CONTINUOUS
10
-0.4554308661417323
20
-0.1006037007874016
11
-0.4479318110236221
21
-0.1024784645669291
0
LINE
8
BLACK
6
CONTINUOUS
10
-0.4479318110236221
20
-0.1024784645669291
11
-0.4478893307086614
21
-0.1024936220472441
0
LINE
8
BLACK
6
CONTINUOUS
10
-0.4478893307086614
20
-0.1024936220472441
11
-0.4478680708661417
21
-0.102495157480315
0
LINE
8
BLACK
6
CONTINUOUS
10
-0.4478680708661417
20
-0.102495157480315
11
-0.4476286614173228
21
-0.1025867716535433
0
LINE
8
BLACK
6
CONTINUOUS
10
-0.4476286614173228
20
-0.1025867716535433
11
-0.4473866929133858
21
-0.1026732283464567
0
LINE
8
BLACK
6
CONTINUOUS
10
-0.4473866929133858
20
-0.1026732283464567
11
-0.4473695669291338
21
-0.102685905511811
0
LINE
8
BLACK
6
CONTINUOUS
10
-0.4473695669291338
20
-0.102685905511811
11
-0.4473274409448819
21
-0.1027020472440945
0
LINE
8
BLACK
6
CONTINUOUS
10
-0.4473274409448819
20
-0.1027020472440945
11
-0.4435779133858267
21
-0.104576811023622
0
LINE
8
BLACK
6
CONTINUOUS
10
-0.4435779133858267
20
-0.104576811023622
11
-0.4433300393700788
21
-0.1047328346456693
0
LINE
8
BLACK
6
CONTINUOUS
10
-0.4433300393700788
20
-0.1047328346456693
11
-0.4432579921259843
21
-0.1047626771653543
0
LINE
8
BLACK
6
CONTINUOUS
10
-0.4432579921259843
20
-0.1047626771653543
11
-0.443176968503937
21
-0.1048291732283465
0
LINE
8
BLACK
6
CONTINUOUS
10
-0.443176968503937
20
-0.1048291732283465
11
-0.443088031496063
21
-0.104885157480315
0
LINE
8
BLACK
6
CONTINUOUS
10
-0.443088031496063
20
-0.104885157480315
11
-0.4430368897637795
21
-0.1049441338582677
0
LINE
8
BLACK
6
CONTINUOUS
10
-0.4430368897637795
20
-0.1049441338582677
11
-0.4428105511811024
21
-0.1051298818897638
0
LINE
8
BLACK
6
CONTINUOUS
10
-0.4428105511811024
20
-0.1051298818897638
11
-0.440935748031496
21
-0.1070046456692913
0
LINE
8
BLACK
6
CONTINUOUS
10
-0.440935748031496
20
-0.1070046456692913
11
-0.44075
21
-0.1072309842519685
0
LINE
8
BLACK
6
CONTINUOUS
10
-0.44075
20
-0.1072309842519685
11
-0.4406909448818898
21
-0.1072822047244094
0
LINE
8
BLACK
6
CONTINUOUS
10
-0.4406909448818898
20
-0.1072822047244094
11
-0.4406349606299212
21
-0.1073711417322835
0
LINE
8
BLACK
6
CONTINUOUS
10
-0.4406349606299212
20
-0.1073711417322835
11
-0.4405685039370079
21
-0.107452125984252
0
LINE
8
BLACK
6
CONTINUOUS
10
-0.4405685039370079
20
-0.107452125984252
11
-0.4405387007874015
21
-0.1075240551181102
0
LINE
8
BLACK
6
CONTINUOUS
10
-0.4405387007874015
20
-0.1075240551181102
11
-0.4403825984251968
21
-0.1077720866141732
0
LINE
8
BLACK
6
CONTINUOUS
10
-0.4403825984251968
20
-0.1077720866141732
11
-0.4385078346456693
21
-0.1115216141732283
0
LINE
8
BLACK
6
CONTINUOUS
10
-0.4385078346456693
20
-0.1115216141732283
11
-0.4383009448818898
21
-0.1120622047244094
0
LINE
8
BLACK
6
CONTINUOUS
10
-0.4383009448818898
20
-0.1120622047244094
11
-0.4382934251968504
21
-0.1121680708661417
0
LINE
8
BLACK
6
CONTINUOUS
10
-0.4382934251968504
20
-0.1121680708661417
11
-0.4382528346456693
21
-0.112266062992126
0
LINE
8
BLACK
6
CONTINUOUS
10
-0.4382528346456693
20
-0.112266062992126
11
-0.4381961023622047
21
-0.112842125984252
0
LINE
8
BLACK
6
CONTINUOUS
10
-0.4381961023622047
20
-0.112842125984252
11
-0.4381961023622047
21
-0.1165916535433071
0
LINE
8
BLACK
6
CONTINUOUS
10
-0.4381961023622047
20
-0.1165916535433071
11
-0.4382528346456693
21
-0.1171677165354331
0
LINE
8
BLACK
6
CONTINUOUS
10
-0.4382528346456693
20
-0.1171677165354331
11
-0.4382934251968504
21
-0.1172656692913386
0
LINE
8
BLACK
6
CONTINUOUS
10
-0.4382934251968504
20
-0.1172656692913386
11
-0.4383009448818898
21
-0.1173715748031496
0
LINE
8
BLACK
6
CONTINUOUS
10
-0.4383009448818898
20
-0.1173715748031496
11
-0.4385078346456693
21
-0.1179121653543307
0
LINE
8
BLACK
6
CONTINUOUS
10
-0.4385078346456693
20
-0.1179121653543307
11
-0.4403825984251968
21
-0.1216616929133858
0
LINE
8
BLACK
6
CONTINUOUS
10
-0.4403825984251968
20
-0.1216616929133858
11
-0.4405387007874015
21
-0.1219096850393701
0
LINE
8
BLACK
6
CONTINUOUS
10
-0.4405387007874015
20
-0.1219096850393701
11
-0.4405685039370079
21
-0.1219816535433071
0
LINE
8
BLACK
6
CONTINUOUS
10
-0.4405685039370079
20
-0.1219816535433071
11
-0.4406349606299212
21
-0.1220625984251968
0
LINE
8
BLACK
6
CONTINUOUS
10
-0.4406349606299212
20
-0.1220625984251968
11
-0.4406909448818898
21
-0.1221515748031496
0
LINE
8
BLACK
6
CONTINUOUS
10
-0.4406909448818898
20
-0.1221515748031496
11
-0.44075
21
-0.1222027559055118
0
LINE
8
BLACK
6
CONTINUOUS
10
-0.44075
20
-0.1222027559055118
11
-0.440935748031496
21
-0.1224291338582677
0
LINE
8
BLACK
6
CONTINUOUS
10
-0.440935748031496
20
-0.1224291338582677
11
-0.4428105511811024
21
-0.1243038976377953
0
LINE
8
BLACK
6
CONTINUOUS
10
-0.4428105511811024
20
-0.1243038976377953
11
-0.4430368897637795
21
-0.1244896062992126
0
LINE
8
BLACK
6
CONTINUOUS
10
-0.4430368897637795
20
-0.1244896062992126
11
-0.443088031496063
21
-0.1245486220472441
0
LINE
8
BLACK
6
CONTINUOUS
10
-0.443088031496063
20
-0.1245486220472441
11
-0.443176968503937
21
-0.1246045669291339
0
LINE
8
BLACK
6
CONTINUOUS
10
-0.443176968503937
20
-0.1246045669291339
11
-0.4432579921259843
21
-0.1246711023622047
0
LINE
8
BLACK
6
CONTINUOUS
10
-0.4432579921259843
20
-0.1246711023622047
11
-0.4433300393700788
21
-0.124700905511811
0
LINE
8
BLACK
6
CONTINUOUS
10
-0.4433300393700788
20
-0.124700905511811
11
-0.4435779133858267
21
-0.124856968503937
0
LINE
8
BLACK
6
CONTINUOUS
10
-0.4435779133858267
20
-0.124856968503937
11
-0.4473274409448819
21
-0.1267317322834646
0
LINE
8
BLACK
6
CONTINUOUS
10
-0.4473274409448819
20
-0.1267317322834646
11
-0.4473695669291338
21
-0.1267478346456693
0
LINE
8
BLACK
6
CONTINUOUS
10
-0.4473695669291338
20
-0.1267478346456693
11
-0.4473866929133858
21
-0.1267605511811024
0
LINE
8
BLACK
6
CONTINUOUS
10
-0.4473866929133858
20
-0.1267605511811024
11
-0.4476286614173228
21
-0.126846968503937
0
LINE
8
BLACK
6
CONTINUOUS
10
-0.4476286614173228
20
-0.126846968503937
11
-0.4478680708661417
21
-0.1269386220472441
0
LINE
8
BLACK
6
CONTINUOUS
10
-0.4478680708661417
20
-0.1269386220472441
11
-0.4478893307086614
21
-0.1269401181102362
0
LINE
8
BLACK
6
CONTINUOUS
10
-0.4478893307086614
20
-0.1269401181102362
11
-0.4479318110236221
21
-0.1269553149606299
0
LINE
8
BLACK
6
CONTINUOUS
10
-0.4479318110236221
20
-0.1269553149606299
11
-0.4554308661417323
21
-0.1288300787401575
0
LINE
8
BLACK
6
CONTINUOUS
10
-0.4554308661417323
20
-0.1288300787401575
11
-0.4555307480314961
21
-0.128844842519685
0
LINE
8
BLACK
6
CONTINUOUS
10
-0.4555307480314961
20
-0.128844842519685
11
-0.4555709448818898
21
-0.1288614960629921
0
LINE
8
BLACK
6
CONTINUOUS
10
-0.4555709448818898
20
-0.1288614960629921
11
-0.4557879921259843
21
-0.1288828346456693
0
LINE
8
BLACK
6
CONTINUOUS
10
-0.4557879921259843
20
-0.1288828346456693
11
-0.4560034645669291
21
-0.1289147244094488
0
LINE
8
BLACK
6
CONTINUOUS
10
-0.4560034645669291
20
-0.1289147244094488
11
-0.4560464960629921
21
-0.1289083070866142
0
LINE
8
BLACK
6
CONTINUOUS
10
-0.4560464960629921
20
-0.1289083070866142
11
-0.4561470078740157
21
-0.1289182283464567
0
LINE
8
BLACK
6
CONTINUOUS
10
-0.4561470078740157
20
-0.1289182283464567
11
-0.4655208267716535
21
-0.1289182283464567
0
LINE
8
BLACK
6
CONTINUOUS
10
-0.4655208267716535
20
-0.1289182283464567
11
-0.4656213779527559
21
-0.1289083070866142
0
LINE
8
BLACK
6
CONTINUOUS
10
-0.4656213779527559
20
-0.1289083070866142
11
-0.4656643700787401
21
-0.1289147244094488
0
LINE
8
BLACK
6
CONTINUOUS
10
-0.4656643700787401
20
-0.1289147244094488
11
-0.4658798818897638
21
-0.1288828346456693
0
LINE
8
BLACK
6
CONTINUOUS
10
-0.4658798818897638
20
-0.1288828346456693
11
-0.4660968897637795
21
-0.1288614960629921
0
LINE
8
BLACK
6
CONTINUOUS
10
-0.4660968897637795
20
-0.1288614960629921
11
-0.4661371259842519
21
-0.128844842519685
0
LINE
8
BLACK
6
CONTINUOUS
10
-0.4661371259842519
20
-0.128844842519685
11
-0.466236968503937
21
-0.1288300787401575
0
LINE
8
BLACK
6
CONTINUOUS
10
-0.466236968503937
20
-0.1288300787401575
11
-0.4737360236220473
21
-0.1269553149606299
0
LINE
8
BLACK
6
CONTINUOUS
10
-0.4737360236220473
20
-0.1269553149606299
11
-0.4737785433070866
21
-0.1269401181102362
0
LINE
8
BLACK
6
CONTINUOUS
10
-0.4737785433070866
20
-0.1269401181102362
11
-0.4737998031496063
21
-0.1269386220472441
0
LINE
8
BLACK
6
CONTINUOUS
10
-0.4737998031496063
20
-0.1269386220472441
11
-0.4740395669291338
21
-0.1268468503937008
0
LINE
8
BLACK
6
CONTINUOUS
10
-0.4740395669291338
20
-0.1268468503937008
11
-0.4742811417322835
21
-0.1267605511811024
0
LINE
8
BLACK
6
CONTINUOUS
10
-0.4742811417322835
20
-0.1267605511811024
11
-0.4742983070866141
21
-0.1267478346456693
0
LINE
8
BLACK
6
CONTINUOUS
10
-0.4742983070866141
20
-0.1267478346456693
11
-0.4743403937007874
21
-0.1267317322834646
0
LINE
8
BLACK
6
CONTINUOUS
10
-0.4743403937007874
20
-0.1267317322834646
11
-0.4780899212598425
21
-0.124856968503937
0
LINE
8
BLACK
6
CONTINUOUS
10
-0.4780899212598425
20
-0.124856968503937
11
-0.4783379527559055
21
-0.1247008661417323
0
LINE
8
BLACK
6
CONTINUOUS
10
-0.4783379527559055
20
-0.1247008661417323
11
-0.4784098818897637
21
-0.124671062992126
0
LINE
8
BLACK
6
CONTINUOUS
10
-0.4784098818897637
20
-0.124671062992126
11
-0.4784908661417323
21
-0.1246045669291339
0
LINE
8
BLACK
6
CONTINUOUS
10
-0.4784908661417323
20
-0.1246045669291339
11
-0.4785798031496063
21
-0.1245486220472441
0
LINE
8
BLACK
6
CONTINUOUS
10
-0.4785798031496063
20
-0.1245486220472441
11
-0.4786309842519685
21
-0.1244896062992126
0
LINE
8
BLACK
6
CONTINUOUS
10
-0.4786309842519685
20
-0.1244896062992126
11
-0.4788573228346457
21
-0.1243038582677165
0
LINE
8
BLACK
6
CONTINUOUS
10
-0.4788573228346457
20
-0.1243038582677165
11
-0.4807320866141732
21
-0.122429094488189
0
LINE
8
BLACK
6
CONTINUOUS
10
-0.4807320866141732
20
-0.122429094488189
11
-0.480917874015748
21
-0.1222027165354331
0
LINE
8
BLACK
6
CONTINUOUS
10
-0.480917874015748
20
-0.1222027165354331
11
-0.4809768503937007
21
-0.1221515748031496
0
LINE
8
BLACK
6
CONTINUOUS
10
-0.4809768503937007
20
-0.1221515748031496
11
-0.4810328346456693
21
-0.1220625984251968
0
LINE
8
BLACK
6
CONTINUOUS
10
-0.4810328346456693
20
-0.1220625984251968
11
-0.4810992913385826
21
-0.1219816535433071
0
LINE
8
BLACK
6
CONTINUOUS
10
-0.4810992913385826
20
-0.1219816535433071
11
-0.4811291338582677
21
-0.1219096850393701
0
LINE
8
BLACK
6
CONTINUOUS
10
-0.4811291338582677
20
-0.1219096850393701
11
-0.4812851968503937
21
-0.1216616929133858
0
LINE
8
BLACK
6
CONTINUOUS
10
-0.4812851968503937
20
-0.1216616929133858
11
-0.4831599606299212
21
-0.1179121653543307
0
LINE
8
BLACK
6
CONTINUOUS
10
-0.4831599606299212
20
-0.1179121653543307
11
-0.4833668503937008
21
-0.1173715354330709
0
LINE
8
BLACK
6
CONTINUOUS
10
-0.4833668503937008
20
-0.1173715354330709
11
-0.4833743700787401
21
-0.1172657086614173
0
LINE
8
BLACK
6
CONTINUOUS
10
-0.4833743700787401
20
-0.1172657086614173
11
-0.4834149606299212
21
-0.1171677165354331
0
LINE
8
BLACK
6
CONTINUOUS
10
-0.4834149606299212
20
-0.1171677165354331
11
-0.4834716929133858
21
-0.1165916535433071
0
LINE
8
BLACK
6
CONTINUOUS
10
-0.4834716929133858
20
-0.1165916535433071
11
-0.4834716929133858
21
-0.112842125984252
0
LINE
8
BLACK
6
CONTINUOUS
10
-0.4834716929133858
20
-0.112842125984252
11
-0.4834149606299212
21
-0.112266062992126
0
LINE
8
BLACK
6
CONTINUOUS
10
-0.4834149606299212
20
-0.112266062992126
11
-0.4833743700787401
21
-0.112168031496063
0
LINE
8
BLACK
6
CONTINUOUS
10
-0.4833743700787401
20
-0.112168031496063
11
-0.4833668503937008
21
-0.1120622440944882
0
LINE
8
BLACK
6
CONTINUOUS
10
-0.4833668503937008
20
-0.1120622440944882
11
-0.4831599606299212
21
-0.1115216141732283
0
LINE
8
BLACK
6
CONTINUOUS
10
-0.4831599606299212
20
-0.1115216141732283
11
-0.4812851968503937
21
-0.1077720866141732
0
LINE
8
BLACK
6
CONTINUOUS
10
-0.4812851968503937
20
-0.1077720866141732
11
-0.4811291338582677
21
-0.1075240551181102
0
LINE
8
BLACK
6
CONTINUOUS
10
-0.4811291338582677
20
-0.1075240551181102
11
-0.4810992913385826
21
-0.107452125984252
0
LINE
8
BLACK
6
CONTINUOUS
10
-0.4810992913385826
20
-0.107452125984252
11
-0.4810328346456693
21
-0.1073711417322835
0
LINE
8
BLACK
6
CONTINUOUS
10
-0.4810328346456693
20
-0.1073711417322835
11
-0.4809768503937007
21
-0.1072822047244094
0
LINE
8
BLACK
6
CONTINUOUS
10
-0.4809768503937007
20
-0.1072822047244094
11
-0.480917874015748
21
-0.1072310236220472
0
LINE
8
BLACK
6
CONTINUOUS
10
-0.480917874015748
20
-0.1072310236220472
11
-0.4807320866141732
21
-0.1070046850393701
0
LINE
8
BLACK
6
CONTINUOUS
10
-0.4807320866141732
20
-0.1070046850393701
11
-0.4788573228346457
21
-0.1051299212598425
0
LINE
8
BLACK
6
CONTINUOUS
10
-0.4788573228346457
20
-0.1051299212598425
11
-0.4786309842519685
21
-0.1049441338582677
0
LINE
8
BLACK
6
CONTINUOUS
10
-0.4786309842519685
20
-0.1049441338582677
11
-0.4785798031496063
21
-0.104885157480315
0
LINE
8
BLACK
6
CONTINUOUS
10
-0.4785798031496063
20
-0.104885157480315
11
-0.4784908661417323
21
-0.1048291732283465
0
LINE
8
BLACK
6
CONTINUOUS
10
-0.4784908661417323
20
-0.1048291732283465
11
-0.4784098818897637
21
-0.1047627165354331
0
LINE
8
BLACK
6
CONTINUOUS
10
-0.4784098818897637
20
-0.1047627165354331
11
-0.4783379527559055
21
-0.104732874015748
0
LINE
8
BLACK
6
CONTINUOUS
10
-0.4783379527559055
20
-0.104732874015748
11
-0.4780899212598425
21
-0.104576811023622
0
LINE
8
BLACK
6
CONTINUOUS
10
-0.4780899212598425
20
-0.104576811023622
11
-0.4743403937007874
21
-0.1027020472440945
0
LINE
8
BLACK
6
CONTINUOUS
10
-0.4743403937007874
20
-0.1027020472440945
11
-0.4742983070866141
21
-0.102685905511811
0
LINE
8
BLACK
6
CONTINUOUS
10
-0.4742983070866141
20
-0.102685905511811
11
-0.4742811417322835
21
-0.1026732283464567
0
LINE
8
BLACK
6
CONTINUOUS
10
-0.4742811417322835
20
-0.1026732283464567
11
-0.4740395669291338
21
-0.1025868897637795
0
LINE
8
BLACK
6
CONTINUOUS
10
-0.4740395669291338
20
-0.1025868897637795
11
-0.4737998031496063
21
-0.102495157480315
0
LINE
8
BLACK
6
CONTINUOUS
10
-0.4737998031496063
20
-0.102495157480315
11
-0.4737785433070866
21
-0.1024936220472441
0
LINE
8
BLACK
6
CONTINUOUS
10
-0.4737785433070866
20
-0.1024936220472441
11
-0.4737360236220473
21
-0.1024784645669291
0
LINE
8
BLACK
6
CONTINUOUS
10
-0.4737360236220473
20
-0.1024784645669291
11
-0.466236968503937
21
-0.1006037007874016
0
LINE
8
BLACK
6
CONTINUOUS
10
-0.466236968503937
20
-0.1006037007874016
11
-0.4661371259842519
21
-0.1005888976377953
0
LINE
8
BLACK
6
CONTINUOUS
10
-0.4661371259842519
20
-0.1005888976377953
11
-0.4660968897637795
21
-0.1005722834645669
0
LINE
8
BLACK
6
CONTINUOUS
10
-0.4660968897637795
20
-0.1005722834645669
11
-0.4658798818897638
21
-0.100550905511811
0
LINE
8
BLACK
6
CONTINUOUS
10
-0.4658798818897638
20
-0.100550905511811
11
-0.4656643700787401
21
-0.1005190551181102
0
LINE
8
BLACK
6
CONTINUOUS
10
-0.4656643700787401
20
-0.1005190551181102
11
-0.4656213779527559
21
-0.1005254330708661
0
LINE
8
BLACK
6
CONTINUOUS
10
-0.4656213779527559
20
-0.1005254330708661
11
-0.4655208267716535
21
-0.1005155511811024
0
LINE
8
BLACK
6
CONTINUOUS
10
-0.4655208267716535
20
-0.1005155511811024
11
-0.4561470078740157
21
-0.1005155511811024
0
LINE
8
BLACK
6
CONTINUOUS
10
-0.4561470078740157
20
-0.1005155511811024
11
-0.4560464960629921
21
-0.1005254330708661
0
LINE
8
BLACK
6
CONTINUOUS
10
-0.4719893307086614
20
-0.1081290551181102
11
-0.4750203149606299
21
-0.1096445669291339
0
LINE
8
BLACK
6
CONTINUOUS
10
-0.4750203149606299
20
-0.1096445669291339
11
-0.4762174409448819
21
-0.1108416929133858
0
LINE
8
BLACK
6
CONTINUOUS
10
-0.4762174409448819
20
-0.1108416929133858
11
-0.4775661811023622
21
-0.1135391732283465
0
LINE
8
BLACK
6
CONTINUOUS
10
-0.4775661811023622
20
-0.1135391732283465
11
-0.4775661811023622
21
-0.1158946062992126
0
LINE
8
BLACK
6
CONTINUOUS
10
-0.4775661811023622
20
-0.1158946062992126
11
-0.4762174409448819
21
-0.1185920866141732
0
LINE
8
BLACK
6
CONTINUOUS
10
-0.4762174409448819
20
-0.1185920866141732
11
-0.4750203149606299
21
-0.1197892125984252
0
LINE
8
BLACK
6
CONTINUOUS
10
-0.4750203149606299
20
-0.1197892125984252
11
-0.4719893307086614
21
-0.1213046850393701
0
LINE
8
BLACK
6
CONTINUOUS
10
-0.4719893307086614
20
-0.1213046850393701
11
-0.4651572834645669
21
-0.1230127165354331
0
LINE
8
BLACK
6
CONTINUOUS
10
-0.4651572834645669
20
-0.1230127165354331
11
-0.4565105511811023
21
-0.1230127165354331
0
LINE
8
BLACK
6
CONTINUOUS
10
-0.4565105511811023
20
-0.1230127165354331
11
-0.4496785039370079
21
-0.1213046850393701
0
LINE
8
BLACK
6
CONTINUOUS
10
-0.4496785039370079
20
-0.1213046850393701
11
-0.4466475196850394
21
-0.1197891732283465
0
LINE
8
BLACK
6
CONTINUOUS
10
-0.4466475196850394
20
-0.1197891732283465
11
-0.4454503543307087
21
-0.1185920472440945
0
LINE
8
BLACK
6
CONTINUOUS
10
-0.4454503543307087
20
-0.1185920472440945
11
-0.4441016141732284
21
-0.1158946062992126
0
LINE
8
BLACK
6
CONTINUOUS
10
-0.4441016141732284
20
-0.1158946062992126
11
-0.4441016141732284
21
-0.1135391732283465
0
LINE
8
BLACK
6
CONTINUOUS
10
-0.4441016141732284
20
-0.1135391732283465
11
-0.4454503543307087
21
-0.1108416929133858
0
LINE
8
BLACK
6
CONTINUOUS
10
-0.4454503543307087
20
-0.1108416929133858
11
-0.4466475196850394
21
-0.1096445669291339
0
LINE
8
BLACK
6
CONTINUOUS
10
-0.4466475196850394
20
-0.1096445669291339
11
-0.4496785039370079
21
-0.1081290551181102
0
LINE
8
BLACK
6
CONTINUOUS
10
-0.4496785039370079
20
-0.1081290551181102
11
-0.4565105511811023
21
-0.106421062992126
0
LINE
8
BLACK
6
CONTINUOUS
10
-0.4565105511811023
20
-0.106421062992126
11
-0.4651572834645669
21
-0.106421062992126
0
LINE
8
BLACK
6
CONTINUOUS
10
-0.4651572834645669
20
-0.106421062992126
11
-0.4719893307086614
21
-0.1081290551181102
0
LINE
8
BLACK
6
CONTINUOUS
10
1.7224005511811022
20
-0.0877113779527559
11
1.7224985433070865
21
-0.087751968503937
0
LINE
8
BLACK
6
CONTINUOUS
10
1.7224985433070865
20
-0.087751968503937
11
1.7226043700787401
21
-0.0877594881889764
0
LINE
8
BLACK
6
CONTINUOUS
10
1.7226043700787401
20
-0.0877594881889764
11
1.7231449999999999
21
-0.0879663779527559
0
LINE
8
BLACK
6
CONTINUOUS
10
1.7231449999999999
20
-0.0879663779527559
11
1.726894527559055
21
-0.0898411417322835
0
LINE
8
BLACK
6
CONTINUOUS
10
1.726894527559055
20
-0.0898411417322835
11
1.7271424015748031
21
-0.0899971653543307
0
LINE
8
BLACK
6
CONTINUOUS
10
1.7271424015748031
20
-0.0899971653543307
11
1.7272144488188976
21
-0.0900270078740157
0
LINE
8
BLACK
6
CONTINUOUS
10
1.7272144488188976
20
-0.0900270078740157
11
1.7272954724409448
21
-0.0900935039370079
0
LINE
8
BLACK
6
CONTINUOUS
10
1.7272954724409448
20
-0.0900935039370079
11
1.7273844094488189
21
-0.0901494881889764
0
LINE
8
BLACK
6
CONTINUOUS
10
1.7273844094488189
20
-0.0901494881889764
11
1.7274355511811024
21
-0.0902084645669291
0
LINE
8
BLACK
6
CONTINUOUS
10
1.7274355511811024
20
-0.0902084645669291
11
1.7276618897637794
21
-0.0903942125984252
0
LINE
8
BLACK
6
CONTINUOUS
10
1.7276618897637794
20
-0.0903942125984252
11
1.7295366929133857
21
-0.0922689763779528
0
LINE
8
BLACK
6
CONTINUOUS
10
1.7295366929133857
20
-0.0922689763779528
11
1.7297224409448819
21
-0.0924953149606299
0
LINE
8
BLACK
6
CONTINUOUS
10
1.7297224409448819
20
-0.0924953149606299
11
1.729781496062992
21
-0.0925465354330709
0
LINE
8
BLACK
6
CONTINUOUS
10
1.729781496062992
20
-0.0925465354330709
11
1.7298374803149605
21
-0.0926354724409449
0
LINE
8
BLACK
6
CONTINUOUS
10
1.7298374803149605
20
-0.0926354724409449
11
1.7299039370078739
21
-0.0927164566929134
0
LINE
8
BLACK
6
CONTINUOUS
10
1.7299039370078739
20
-0.0927164566929134
11
1.7299337401574804
21
-0.0927883858267717
0
LINE
8
BLACK
6
CONTINUOUS
10
1.7299337401574804
20
-0.0927883858267717
11
1.7300898425196849
21
-0.0930364173228346
0
LINE
8
BLACK
6
CONTINUOUS
10
1.7300898425196849
20
-0.0930364173228346
11
1.7319646062992125
21
-0.0967859448818898
0
LINE
8
BLACK
6
CONTINUOUS
10
1.7319646062992125
20
-0.0967859448818898
11
1.7321714960629921
21
-0.0973265354330709
0
LINE
8
BLACK
6
CONTINUOUS
10
1.7321714960629921
20
-0.0973265354330709
11
1.7321790157480315
21
-0.0974324015748032
0
LINE
8
BLACK
6
CONTINUOUS
10
1.7321790157480315
20
-0.0974324015748032
11
1.7322196062992126
21
-0.0975303937007874
0
LINE
8
BLACK
6
CONTINUOUS
10
1.7322196062992126
20
-0.0975303937007874
11
1.7322763385826772
21
-0.0981064566929134
0
LINE
8
BLACK
6
CONTINUOUS
10
1.7322763385826772
20
-0.0981064566929134
11
1.7322763385826772
21
-0.1093550393700787
0
LINE
8
BLACK
6
CONTINUOUS
10
1.7322763385826772
20
-0.1093550393700787
11
1.7322196062992126
21
-0.1099311023622047
0
LINE
8
BLACK
6
CONTINUOUS
10
1.7322196062992126
20
-0.1099311023622047
11
1.7321790157480315
21
-0.1100290551181102
0
LINE
8
BLACK
6
CONTINUOUS
10
1.7321790157480315
20
-0.1100290551181102
11
1.7321714960629921
21
-0.1101349606299213
0
LINE
8
BLACK
6
CONTINUOUS
10
1.7321714960629921
20
-0.1101349606299213
11
1.7319646062992125
21
-0.1106755511811024
0
LINE
8
BLACK
6
CONTINUOUS
10
1.7319646062992125
20
-0.1106755511811024
11
1.7300898425196849
21
-0.1144250787401575
0
LINE
8
BLACK
6
CONTINUOUS
10
1.7300898425196849
20
-0.1144250787401575
11
1.7299337401574804
21
-0.1146730708661417
0
LINE
8
BLACK
6
CONTINUOUS
10
1.7299337401574804
20
-0.1146730708661417
11
1.7299039370078739
21
-0.1147450393700787
0
LINE
8
BLACK
6
CONTINUOUS
10
1.7299039370078739
20
-0.1147450393700787
11
1.7298374803149605
21
-0.1148259842519685
0
LINE
8
BLACK
6
CONTINUOUS
10
1.7298374803149605
20
-0.1148259842519685
11
1.729781496062992
21
-0.1149149606299213
0
LINE
8
BLACK
6
CONTINUOUS
10
1.729781496062992
20
-0.1149149606299213
11
1.7297224409448819
21
-0.1149661417322835
0
LINE
8
BLACK
6
CONTINUOUS
10
1.7297224409448819
20
-0.1149661417322835
11
1.7295366929133857
21
-0.1151925196850394
0
LINE
8
BLACK
6
CONTINUOUS
10
1.7295366929133857
20
-0.1151925196850394
11
1.7276618897637794
21
-0.1170672834645669
0
LINE
8
BLACK
6
CONTINUOUS
10
1.7276618897637794
20
-0.1170672834645669
11
1.7272144488188976
21
-0.1174344881889764
0
LINE
8
BLACK
6
CONTINUOUS
10
1.7272144488188976
20
-0.1174344881889764
11
1.7261500393700786
21
-0.1178753543307087
0
LINE
8
BLACK
6
CONTINUOUS
10
1.7261500393700786
20
-0.1178753543307087
11
1.7249979527559054
21
-0.1178753543307087
0
LINE
8
BLACK
6
CONTINUOUS
10
1.7249979527559054
20
-0.1178753543307087
11
1.7239335433070866
21
-0.1174344488188976
0
LINE
8
BLACK
6
CONTINUOUS
10
1.7239335433070866
20
-0.1174344488188976
11
1.7231188582677166
21
-0.1166197637795276
0
LINE
8
BLACK
6
CONTINUOUS
10
1.7231188582677166
20
-0.1166197637795276
11
1.7226779921259843
21
-0.1155553543307087
0
LINE
8
BLACK
6
CONTINUOUS
10
1.7226779921259843
20
-0.1155553543307087
11
1.7226779921259843
21
-0.1144032677165354
0
LINE
8
BLACK
6
CONTINUOUS
10
1.7226779921259843
20
-0.1144032677165354
11
1.7231188976377951
21
-0.1133388582677165
0
LINE
8
BLACK
6
CONTINUOUS
10
1.7231188976377951
20
-0.1133388582677165
11
1.7234861417322833
21
-0.1128913779527559
0
LINE
8
BLACK
6
CONTINUOUS
10
1.7234861417322833
20
-0.1128913779527559
11
1.7250220866141732
21
-0.1113554330708661
0
LINE
8
BLACK
6
CONTINUOUS
10
1.7250220866141732
20
-0.1113554330708661
11
1.7263708267716535
21
-0.1086579921259842
0
LINE
8
BLACK
6
CONTINUOUS
10
1.7263708267716535
20
-0.1086579921259842
11
1.7263708267716535
21
-0.0988035039370079
0
LINE
8
BLACK
6
CONTINUOUS
10
1.7263708267716535
20
-0.0988035039370079
11
1.7250220866141732
21
-0.0961060236220472
0
LINE
8
BLACK
6
CONTINUOUS
10
1.7250220866141732
20
-0.0961060236220472
11
1.7238249212598424
21
-0.0949088976377953
0
LINE
8
BLACK
6
CONTINUOUS
10
1.7238249212598424
20
-0.0949088976377953
11
1.7211274409448818
21
-0.093560157480315
0
LINE
8
BLACK
6
CONTINUOUS
10
1.7211274409448818
20
-0.093560157480315
11
1.713147716535433
21
-0.093560157480315
0
LINE
8
BLACK
6
CONTINUOUS
10
1.713147716535433
20
-0.093560157480315
11
1.7104502362204723
21
-0.0949088976377953
0
LINE
8
BLACK
6
CONTINUOUS
10
1.7104502362204723
20
-0.0949088976377953
11
1.7092531102362205
21
-0.0961060236220472
0
LINE
8
BLACK
6
CONTINUOUS
10
1.7092531102362205
20
-0.0961060236220472
11
1.7079043700787402
21
-0.0988035039370079
0
LINE
8
BLACK
6
CONTINUOUS
10
1.7079043700787402
20
-0.0988035039370079
11
1.7079043700787402
21
-0.1037307480314961
0
LINE
8
BLACK
6
CONTINUOUS
10
1.7079043700787402
20
-0.1037307480314961
11
1.7078743307086615
21
-0.1040353937007874
0
LINE
8
BLACK
6
CONTINUOUS
10
1.7078743307086615
20
-0.1040353937007874
11
1.707879527559055
21
-0.104112874015748
0
LINE
8
BLACK
6
CONTINUOUS
10
1.707879527559055
20
-0.104112874015748
11
1.7078614566929133
21
-0.1041662204724409
0
LINE
8
BLACK
6
CONTINUOUS
10
1.7078614566929133
20
-0.1041662204724409
11
1.7078476377952756
21
-0.104306811023622
0
LINE
8
BLACK
6
CONTINUOUS
10
1.7078476377952756
20
-0.104306811023622
11
1.7076640157480314
21
-0.10475
0
LINE
8
BLACK
6
CONTINUOUS
10
1.7076640157480314
20
-0.10475
11
1.7075104330708661
21
-0.1052042519685039
0
LINE
8
BLACK
6
CONTINUOUS
10
1.7075104330708661
20
-0.1052042519685039
11
1.7074448425196851
21
-0.1052792125984252
0
LINE
8
BLACK
6
CONTINUOUS
10
1.7074448425196851
20
-0.1052792125984252
11
1.7074067322834645
21
-0.1053712204724409
0
LINE
8
BLACK
6
CONTINUOUS
10
1.7074067322834645
20
-0.1053712204724409
11
1.7070677165354331
21
-0.1057101968503937
0
LINE
8
BLACK
6
CONTINUOUS
10
1.7070677165354331
20
-0.1057101968503937
11
1.7067517716535432
21
-0.1060713385826772
0
LINE
8
BLACK
6
CONTINUOUS
10
1.7067517716535432
20
-0.1060713385826772
11
1.7066624015748031
21
-0.1061155118110236
0
LINE
8
BLACK
6
CONTINUOUS
10
1.7066624015748031
20
-0.1061155118110236
11
1.7065920866141733
21
-0.1061858661417323
0
LINE
8
BLACK
6
CONTINUOUS
10
1.7065920866141733
20
-0.1061858661417323
11
1.7061491338582677
21
-0.1063693307086614
0
LINE
8
BLACK
6
CONTINUOUS
10
1.7061491338582677
20
-0.1063693307086614
11
1.7057190157480315
21
-0.1065820472440945
0
LINE
8
BLACK
6
CONTINUOUS
10
1.7057190157480315
20
-0.1065820472440945
11
1.7056196456692914
21
-0.1065886614173228
0
LINE
8
BLACK
6
CONTINUOUS
10
1.7056196456692914
20
-0.1065886614173228
11
1.7055276771653543
21
-0.1066267716535433
0
LINE
8
BLACK
6
CONTINUOUS
10
1.7055276771653543
20
-0.1066267716535433
11
1.7050479527559055
21
-0.1066267716535433
0
LINE
8
BLACK
6
CONTINUOUS
10
1.7050479527559055
20
-0.1066267716535433
11
1.7045694881889764
21
-0.1066586614173228
0
LINE
8
BLACK
6
CONTINUOUS
10
1.7045694881889764
20
-0.1066586614173228
11
1.7044751968503937
21
-0.1066267716535433
0
LINE
8
BLACK
6
CONTINUOUS
10
1.7044751968503937
20
-0.1066267716535433
11
1.7043755511811023
21
-0.1066267716535433
0
LINE
8
BLACK
6
CONTINUOUS
10
1.7043755511811023
20
-0.1066267716535433
11
1.7039323228346457
21
-0.1064431496062992
0
LINE
8
BLACK
6
CONTINUOUS
10
1.7039323228346457
20
-0.1064431496062992
11
1.7034781102362204
21
-0.1062895669291339
0
LINE
8
BLACK
6
CONTINUOUS
10
1.7034781102362204
20
-0.1062895669291339
11
1.7033632283464566
21
-0.1062074409448819
0
LINE
8
BLACK
6
CONTINUOUS
10
1.7033632283464566
20
-0.1062074409448819
11
1.7033111417322835
21
-0.1061858661417323
0
LINE
8
BLACK
6
CONTINUOUS
10
1.7033111417322835
20
-0.1061858661417323
11
1.7032561811023621
21
-0.106130905511811
0
LINE
8
BLACK
6
CONTINUOUS
10
1.7032561811023621
20
-0.106130905511811
11
1.7030072047244094
21
-0.1059529133858268
0
LINE
8
BLACK
6
CONTINUOUS
10
1.7030072047244094
20
-0.1059529133858268
11
1.6929062598425197
21
-0.0971145669291339
0
LINE
8
BLACK
6
CONTINUOUS
10
1.6929062598425197
20
-0.0971145669291339
11
1.6929062598425197
21
-0.1149793307086614
0
LINE
8
BLACK
6
CONTINUOUS
10
1.6929062598425197
20
-0.1149793307086614
11
1.6928495275590552
21
-0.1155553937007874
0
LINE
8
BLACK
6
CONTINUOUS
10
1.6928495275590552
20
-0.1155553937007874
11
1.6924086220472441
21
-0.1166198031496063
0
LINE
8
BLACK
6
CONTINUOUS
10
1.6924086220472441
20
-0.1166198031496063
11
1.6915939763779526
21
-0.1174344488188976
0
LINE
8
BLACK
6
CONTINUOUS
10
1.6915939763779526
20
-0.1174344488188976
11
1.6905295669291338
21
-0.1178753543307087
0
LINE
8
BLACK
6
CONTINUOUS
10
1.6905295669291338
20
-0.1178753543307087
11
1.6893774409448818
21
-0.1178753543307087
0
LINE
8
BLACK
6
CONTINUOUS
10
1.6893774409448818
20
-0.1178753543307087
11
1.688313031496063
21
-0.1174344488188976
0
LINE
8
BLACK
6
CONTINUOUS
10
1.688313031496063
20
-0.1174344488188976
11
1.6874983858267716
21
-0.1166198031496063
0
LINE
8
BLACK
6
CONTINUOUS
10
1.6874983858267716
20
-0.1166198031496063
11
1.6870574803149605
21
-0.1155553937007874
0
LINE
8
BLACK
6
CONTINUOUS
10
1.6870574803149605
20
-0.1155553937007874
11
1.6870007480314961
21
-0.1149793307086614
0
LINE
8
BLACK
6
CONTINUOUS
10
1.6870007480314961
20
-0.1149793307086614
11
1.6870007480314961
21
-0.0906074015748032
0
LINE
8
BLACK
6
CONTINUOUS
10
1.6870007480314961
20
-0.0906074015748032
11
1.6870307480314961
21
-0.0903027165354331
0
LINE
8
BLACK
6
CONTINUOUS
10
1.6870307480314961
20
-0.0903027165354331
11
1.6870255905511811
21
-0.0902252755905512
0
LINE
8
BLACK
6
CONTINUOUS
10
1.6870255905511811
20
-0.0902252755905512
11
1.687043622047244
21
-0.0901718897637795
0
LINE
8
BLACK
6
CONTINUOUS
10
1.687043622047244
20
-0.0901718897637795
11
1.6870574803149605
21
-0.0900313385826772
0
LINE
8
BLACK
6
CONTINUOUS
10
1.6870574803149605
20
-0.0900313385826772
11
1.687241062992126
21
-0.0895881102362205
0
LINE
8
BLACK
6
CONTINUOUS
10
1.687241062992126
20
-0.0895881102362205
11
1.68739468503937
21
-0.0891338976377953
0
LINE
8
BLACK
6
CONTINUOUS
10
1.68739468503937
20
-0.0891338976377953
11
1.6874602362204725
21
-0.0890588976377953
0
LINE
8
BLACK
6
CONTINUOUS
10
1.6874602362204725
20
-0.0890588976377953
11
1.6874983858267716
21
-0.0889669291338583
0
LINE
8
BLACK
6
CONTINUOUS
10
1.6874983858267716
20
-0.0889669291338583
11
1.6878373622047245
21
-0.0886279133858268
0
LINE
8
BLACK
6
CONTINUOUS
10
1.6878373622047245
20
-0.0886279133858268
11
1.6881533464566929
21
-0.088266811023622
0
LINE
8
BLACK
6
CONTINUOUS
10
1.6881533464566929
20
-0.088266811023622
11
1.6882426771653543
21
-0.0882225984251968
0
LINE
8
BLACK
6
CONTINUOUS
10
1.6882426771653543
20
-0.0882225984251968
11
1.688313031496063
21
-0.0881522834645669
0
LINE
8
BLACK
6
CONTINUOUS
10
1.688313031496063
20
-0.0881522834645669
11
1.6887559448818896
21
-0.087968779527559
0
LINE
8
BLACK
6
CONTINUOUS
10
1.6887559448818896
20
-0.087968779527559
11
1.6891861023622048
21
-0.0877561023622047
0
LINE
8
BLACK
6
CONTINUOUS
10
1.6891861023622048
20
-0.0877561023622047
11
1.6892854330708662
21
-0.0877494488188976
0
LINE
8
BLACK
6
CONTINUOUS
10
1.6892854330708662
20
-0.0877494488188976
11
1.6893774409448818
21
-0.0877113779527559
0
LINE
8
BLACK
6
CONTINUOUS
10
1.6893774409448818
20
-0.0877113779527559
11
1.6898571653543306
21
-0.0877113779527559
0
LINE
8
BLACK
6
CONTINUOUS
10
1.6898571653543306
20
-0.0877113779527559
11
1.6903356299212597
21
-0.0876794881889764
0
LINE
8
BLACK
6
CONTINUOUS
10
1.6903356299212597
20
-0.0876794881889764
11
1.6904299212598424
21
-0.0877113779527559
0
LINE
8
BLACK
6
CONTINUOUS
10
1.6904299212598424
20
-0.0877113779527559
11
1.6905295669291338
21
-0.0877113779527559
0
LINE
8
BLACK
6
CONTINUOUS
10
1.6905295669291338
20
-0.0877113779527559
11
1.6909727559055119
21
-0.0878949606299213
0
LINE
8
BLACK
6
CONTINUOUS
10
1.6909727559055119
20
-0.0878949606299213
11
1.6914270078740157
21
-0.0880485826771654
0
LINE
8
BLACK
6
CONTINUOUS
10
1.6914270078740157
20
-0.0880485826771654
11
1.6915418503937008
21
-0.0881306692913386
0
LINE
8
BLACK
6
CONTINUOUS
10
1.6915418503937008
20
-0.0881306692913386
11
1.6915939763779526
21
-0.0881522834645669
0
LINE
8
BLACK
6
CONTINUOUS
10
1.6915939763779526
20
-0.0881522834645669
11
1.6916488976377952
21
-0.0882072047244094
0
LINE
8
BLACK
6
CONTINUOUS
10
1.6916488976377952
20
-0.0882072047244094
11
1.6918979133858267
21
-0.0883852362204724
0
LINE
8
BLACK
6
CONTINUOUS
10
1.6918979133858267
20
-0.0883852362204724
11
1.7021069291338582
21
-0.0973181102362205
0
LINE
8
BLACK
6
CONTINUOUS
10
1.7021069291338582
20
-0.0973181102362205
11
1.7023105905511811
21
-0.0967859448818898
0
LINE
8
BLACK
6
CONTINUOUS
10
1.7023105905511811
20
-0.0967859448818898
11
1.7041853543307086
21
-0.0930364173228346
0
LINE
8
BLACK
6
CONTINUOUS
10
1.7041853543307086
20
-0.0930364173228346
11
1.7043414173228346
21
-0.0927883858267717
0
LINE
8
BLACK
6
CONTINUOUS
10
1.7043414173228346
20
-0.0927883858267717
11
1.7043712598425196
21
-0.0927164566929134
0
LINE
8
BLACK
6
CONTINUOUS
10
1.7043712598425196
20
-0.0927164566929134
11
1.704437716535433
21
-0.0926354724409449
0
LINE
8
BLACK
6
CONTINUOUS
10
1.704437716535433
20
-0.0926354724409449
11
1.7044937007874015
21
-0.0925465354330709
0
LINE
8
BLACK
6
CONTINUOUS
10
1.7044937007874015
20
-0.0925465354330709
11
1.7045526771653543
21
-0.0924953543307087
0
LINE
8
BLACK
6
CONTINUOUS
10
1.7045526771653543
20
-0.0924953543307087
11
1.704738464566929
21
-0.0922690157480315
0
LINE
8
BLACK
6
CONTINUOUS
10
1.704738464566929
20
-0.0922690157480315
11
1.7066132283464566
21
-0.0903942519685039
0
LINE
8
BLACK
6
CONTINUOUS
10
1.7066132283464566
20
-0.0903942519685039
11
1.7068395669291339
21
-0.0902084645669291
0
LINE
8
BLACK
6
CONTINUOUS
10
1.7068395669291339
20
-0.0902084645669291
11
1.7068907480314961
21
-0.0901494881889764
0
LINE
8
BLACK
6
CONTINUOUS
10
1.7068907480314961
20
-0.0901494881889764
11
1.7069796850393701
21
-0.0900935039370079
0
LINE
8
BLACK
6
CONTINUOUS
10
1.7069796850393701
20
-0.0900935039370079
11
1.7070606692913386
21
-0.0900270472440945
0
LINE
8
BLACK
6
CONTINUOUS
10
1.7070606692913386
20
-0.0900270472440945
11
1.7071325984251968
21
-0.0899972047244094
0
LINE
8
BLACK
6
CONTINUOUS
10
1.7071325984251968
20
-0.0899972047244094
11
1.7073806299212597
21
-0.0898411417322835
0
LINE
8
BLACK
6
CONTINUOUS
10
1.7073806299212597
20
-0.0898411417322835
11
1.7111301574803148
21
-0.0879663779527559
0
LINE
8
BLACK
6
CONTINUOUS
10
1.7111301574803148
20
-0.0879663779527559
11
1.7116707480314961
21
-0.0877594881889764
0
LINE
8
BLACK
6
CONTINUOUS
10
1.7116707480314961
20
-0.0877594881889764
11
1.7117766141732282
21
-0.0877519291338583
0
LINE
8
BLACK
6
CONTINUOUS
10
1.7117766141732282
20
-0.0877519291338583
11
1.7118746062992125
21
-0.0877113779527559
0
LINE
8
BLACK
6
CONTINUOUS
10
1.7118746062992125
20
-0.0877113779527559
11
1.7124506692913386
21
-0.0876546456692913
0
LINE
8
BLACK
6
CONTINUOUS
10
1.7124506692913386
20
-0.0876546456692913
11
1.7218244881889764
21
-0.0876546456692913
0
LINE
8
BLACK
6
CONTINUOUS
10
1.7218244881889764
20
-0.0876546456692913
11
1.7224005511811022
21
-0.0877113779527559
0
LINE
8
BLACK
6
CONTINUOUS
10
-0.4560464960629921
20
-0.0630301181102362
11
-0.4560034645669291
21
-0.0630237401574803
0
LINE
8
BLACK
6
CONTINUOUS
10
-0.4560034645669291
20
-0.0630237401574803
11
-0.4557879921259843
21
-0.0630555905511811
0
LINE
8
BLACK
6
CONTINUOUS
10
-0.4557879921259843
20
-0.0630555905511811
11
-0.4555709448818898
21
-0.063076968503937
0
LINE
8
BLACK
6
CONTINUOUS
10
-0.4555709448818898
20
-0.063076968503937
11
-0.4555307480314961
21
-0.0630935826771653
0
LINE
8
BLACK
6
CONTINUOUS
10
-0.4555307480314961
20
-0.0630935826771653
11
-0.4554308661417323
21
-0.0631083858267717
0
LINE
8
BLACK
6
CONTINUOUS
10
-0.4554308661417323
20
-0.0631083858267717
11
-0.4479318110236221
21
-0.0649831496062992
0
LINE
8
BLACK
6
CONTINUOUS
10
-0.4479318110236221
20
-0.0649831496062992
11
-0.4478893307086614
21
-0.0649983070866142
0
LINE
8
BLACK
6
CONTINUOUS
10
-0.4478893307086614
20
-0.0649983070866142
11
-0.4478680708661417
21
-0.064999842519685
0
LINE
8
BLACK
6
CONTINUOUS
10
-0.4478680708661417
20
-0.064999842519685
11
-0.4476286614173228
21
-0.0650914566929134
0
LINE
8
BLACK
6
CONTINUOUS
10
-0.4476286614173228
20
-0.0650914566929134
11
-0.4473866929133858
21
-0.0651779133858268
0
LINE
8
BLACK
6
CONTINUOUS
10
-0.4473866929133858
20
-0.0651779133858268
11
-0.4473695669291338
21
-0.0651905905511811
0
LINE
8
BLACK
6
CONTINUOUS
10
-0.4473695669291338
20
-0.0651905905511811
11
-0.4473274409448819
21
-0.0652067322834646
0
LINE
8
BLACK
6
CONTINUOUS
10
-0.4473274409448819
20
-0.0652067322834646
11
-0.4435779133858267
21
-0.0670814960629921
0
LINE
8
BLACK
6
CONTINUOUS
10
-0.4435779133858267
20
-0.0670814960629921
11
-0.4433300393700788
21
-0.0672375196850394
0
LINE
8
BLACK
6
CONTINUOUS
10
-0.4433300393700788
20
-0.0672375196850394
11
-0.4432579921259843
21
-0.0672673622047244
0
LINE
8
BLACK
6
CONTINUOUS
10
-0.4432579921259843
20
-0.0672673622047244
11
-0.443176968503937
21
-0.0673338582677165
0
LINE
8
BLACK
6
CONTINUOUS
10
-0.443176968503937
20
-0.0673338582677165
11
-0.443088031496063
21
-0.067389842519685
0
LINE
8
BLACK
6
CONTINUOUS
10
-0.443088031496063
20
-0.067389842519685
11
-0.4430368897637795
21
-0.0674488188976378
0
LINE
8
BLACK
6
CONTINUOUS
10
-0.4430368897637795
20
-0.0674488188976378
11
-0.4428105511811024
21
-0.0676345669291339
0
LINE
8
BLACK
6
CONTINUOUS
10
-0.4428105511811024
20
-0.0676345669291339
11
-0.440935748031496
21
-0.0695093307086614
0
LINE
8
BLACK
6
CONTINUOUS
10
-0.440935748031496
20
-0.0695093307086614
11
-0.44075
21
-0.0697356692913386
0
LINE
8
BLACK
6
CONTINUOUS
10
-0.44075
20
-0.0697356692913386
11
-0.4406909448818898
21
-0.0697868897637795
0
LINE
8
BLACK
6
CONTINUOUS
10
-0.4406909448818898
20
-0.0697868897637795
11
-0.4406349606299212
21
-0.0698758267716535
0
LINE
8
BLACK
6
CONTINUOUS
10
-0.4406349606299212
20
-0.0698758267716535
11
-0.4405685039370079
21
-0.069956811023622
0
LINE
8
BLACK
6
CONTINUOUS
10
-0.4405685039370079
20
-0.069956811023622
11
-0.4405387007874015
21
-0.0700287401574803
0
LINE
8
BLACK
6
CONTINUOUS
10
-0.4405387007874015
20
-0.0700287401574803
11
-0.4403825984251968
21
-0.0702767716535433
0
LINE
8
BLACK
6
CONTINUOUS
10
-0.4403825984251968
20
-0.0702767716535433
11
-0.4385078346456693
21
-0.0740262992125984
0
LINE
8
BLACK
6
CONTINUOUS
10
-0.4385078346456693
20
-0.0740262992125984
11
-0.4383009448818898
21
-0.0745668897637795
0
LINE
8
BLACK
6
CONTINUOUS
10
-0.4383009448818898
20
-0.0745668897637795
11
-0.4382934251968504
21
-0.0746727559055118
0
LINE
8
BLACK
6
CONTINUOUS
10
-0.4382934251968504
20
-0.0746727559055118
11
-0.4382528346456693
21
-0.0747707480314961
0
LINE
8
BLACK
6
CONTINUOUS
10
-0.4382528346456693
20
-0.0747707480314961
11
-0.4381961023622047
21
-0.075346811023622
0
LINE
8
BLACK
6
CONTINUOUS
10
-0.4381961023622047
20
-0.075346811023622
11
-0.4381961023622047
21
-0.0790963385826772
0
LINE
8
BLACK
6
CONTINUOUS
10
-0.4381961023622047
20
-0.0790963385826772
11
-0.4382528346456693
21
-0.0796724015748032
0
LINE
8
BLACK
6
CONTINUOUS
10
-0.4382528346456693
20
-0.0796724015748032
11
-0.4382934251968504
21
-0.0797703543307087
0
LINE
8
BLACK
6
CONTINUOUS
10
-0.4382934251968504
20
-0.0797703543307087
11
-0.4383009448818898
21
-0.0798762598425197
0
LINE
8
BLACK
6
CONTINUOUS
10
-0.4383009448818898
20
-0.0798762598425197
11
-0.4385078346456693
21
-0.0804168503937008
0
LINE
8
BLACK
6
CONTINUOUS
10
-0.4385078346456693
20
-0.0804168503937008
11
-0.4403825984251968
21
-0.0841663779527559
0
LINE
8
BLACK
6
CONTINUOUS
10
-0.4403825984251968
20
-0.0841663779527559
11
-0.4405387007874015
21
-0.0844143700787402
0
LINE
8
BLACK
6
CONTINUOUS
10
-0.4405387007874015
20
-0.0844143700787402
11
-0.4405685039370079
21
-0.0844863385826772
0
LINE
8
BLACK
6
CONTINUOUS
10
-0.4405685039370079
20
-0.0844863385826772
11
-0.4406349606299212
21
-0.0845672834645669
0
LINE
8
BLACK
6
CONTINUOUS
10
-0.4406349606299212
20
-0.0845672834645669
11
-0.4406909448818898
21
-0.0846562598425197
0
LINE
8
BLACK
6
CONTINUOUS
10
-0.4406909448818898
20
-0.0846562598425197
11
-0.44075
21
-0.0847074409448819
0
LINE
8
BLACK
6
CONTINUOUS
10
-0.44075
20
-0.0847074409448819
11
-0.440935748031496
21
-0.0849338188976378
0
LINE
8
BLACK
6
CONTINUOUS
10
-0.440935748031496
20
-0.0849338188976378
11
-0.4428105511811024
21
-0.0868085826771653
0
LINE
8
BLACK
6
CONTINUOUS
10
-0.4428105511811024
20
-0.0868085826771653
11
-0.4430368897637795
21
-0.0869942913385827
0
LINE
8
BLACK
6
CONTINUOUS
10
-0.4430368897637795
20
-0.0869942913385827
11
-0.443088031496063
21
-0.0870533070866142
0
LINE
8
BLACK
6
CONTINUOUS
10
-0.443088031496063
20
-0.0870533070866142
11
-0.443176968503937
21
-0.0871092519685039
0
LINE
8
BLACK
6
CONTINUOUS
10
-0.443176968503937
20
-0.0871092519685039
11
-0.4432579921259843
21
-0.0871757874015748
0
LINE
8
BLACK
6
CONTINUOUS
10
-0.4432579921259843
20
-0.0871757874015748
11
-0.4433300393700788
21
-0.0872055905511811
0
LINE
8
BLACK
6
CONTINUOUS
10
-0.4433300393700788
20
-0.0872055905511811
11
-0.4435779133858267
21
-0.0873616535433071
0
LINE
8
BLACK
6
CONTINUOUS
10
-0.4435779133858267
20
-0.0873616535433071
11
-0.4473274409448819
21
-0.0892364173228346
0
LINE
8
BLACK
6
CONTINUOUS
10
-0.4473274409448819
20
-0.0892364173228346
11
-0.4473695669291338
21
-0.0892525196850394
0
LINE
8
BLACK
6
CONTINUOUS
10
-0.4473695669291338
20
-0.0892525196850394
11
-0.4473866929133858
21
-0.0892652362204724
0
LINE
8
BLACK
6
CONTINUOUS
10
-0.4473866929133858
20
-0.0892652362204724
11
-0.4476286614173228
21
-0.0893516535433071
0
LINE
8
BLACK
6
CONTINUOUS
10
-0.4476286614173228
20
-0.0893516535433071
11
-0.4478680708661417
21
-0.0894433070866142
0
LINE
8
BLACK
6
CONTINUOUS
10
-0.4478680708661417
20
-0.0894433070866142
11
-0.4478893307086614
21
-0.0894448031496063
0
LINE
8
BLACK
6
CONTINUOUS
10
-0.4478893307086614
20
-0.0894448031496063
11
-0.4479318110236221
21
-0.08946
0
LINE
8
BLACK
6
CONTINUOUS
10
-0.4479318110236221
20
-0.08946
11
-0.4554308661417323
21
-0.0913347637795276
0
LINE
8
BLACK
6
CONTINUOUS
10
-0.4554308661417323
20
-0.0913347637795276
11
-0.4555307480314961
21
-0.0913495275590551
0
LINE
8
BLACK
6
CONTINUOUS
10
-0.4555307480314961
20
-0.0913495275590551
11
-0.4555709448818898
21
-0.0913661811023622
0
LINE
8
BLACK
6
CONTINUOUS
10
-0.4555709448818898
20
-0.0913661811023622
11
-0.4557879921259843
21
-0.0913875196850394
0
LINE
8
BLACK
6
CONTINUOUS
10
-0.4557879921259843
20
-0.0913875196850394
11
-0.4560034645669291
21
-0.0914194094488189
0
LINE
8
BLACK
6
CONTINUOUS
10
-0.4560034645669291
20
-0.0914194094488189
11
-0.4560464960629921
21
-0.0914129921259842
0
LINE
8
BLACK
6
CONTINUOUS
10
-0.4560464960629921
20
-0.0914129921259842
11
-0.4561470078740157
21
-0.0914229133858268
0
LINE
8
BLACK
6
CONTINUOUS
10
-0.4561470078740157
20
-0.0914229133858268
11
-0.4655208267716535
21
-0.0914229133858268
0
LINE
8
BLACK
6
CONTINUOUS
10
-0.4655208267716535
20
-0.0914229133858268
11
-0.4656213779527559
21
-0.0914129921259842
0
LINE
8
BLACK
6
CONTINUOUS
10
-0.4656213779527559
20
-0.0914129921259842
11
-0.4656643700787401
21
-0.0914194094488189
0
LINE
8
BLACK
6
CONTINUOUS
10
-0.4656643700787401
20
-0.0914194094488189
11
-0.4658798818897638
21
-0.0913875196850394
0
LINE
8
BLACK
6
CONTINUOUS
10
-0.4658798818897638
20
-0.0913875196850394
11
-0.4660968897637795
21
-0.0913661811023622
0
LINE
8
BLACK
6
CONTINUOUS
10
-0.4660968897637795
20
-0.0913661811023622
11
-0.4661371259842519
21
-0.0913495275590551
0
LINE
8
BLACK
6
CONTINUOUS
10
-0.4661371259842519
20
-0.0913495275590551
11
-0.466236968503937
21
-0.0913347637795276
0
LINE
8
BLACK
6
CONTINUOUS
10
-0.466236968503937
20
-0.0913347637795276
11
-0.4737360236220473
21
-0.08946
0
LINE
8
BLACK
6
CONTINUOUS
10
-0.4737360236220473
20
-0.08946
11
-0.4737785433070866
21
-0.0894448031496063
0
LINE
8
BLACK
6
CONTINUOUS
10
-0.4737785433070866
20
-0.0894448031496063
11
-0.4737998031496063
21
-0.0894433070866142
0
LINE
8
BLACK
6
CONTINUOUS
10
-0.4737998031496063
20
-0.0894433070866142
11
-0.4740395669291338
21
-0.0893515354330709
0
LINE
8
BLACK
6
CONTINUOUS
10
-0.4740395669291338
20
-0.0893515354330709
11
-0.4742811417322835
21
-0.0892652362204724
0
LINE
8
BLACK
6
CONTINUOUS
10
-0.4742811417322835
20
-0.0892652362204724
11
-0.4742983070866141
21
-0.0892525196850394
0
LINE
8
BLACK
6
CONTINUOUS
10
-0.4742983070866141
20
-0.0892525196850394
11
-0.4743403937007874
21
-0.0892364173228346
0
LINE
8
BLACK
6
CONTINUOUS
10
-0.4743403937007874
20
-0.0892364173228346
11
-0.4780899212598425
21
-0.0873616535433071
0
LINE
8
BLACK
6
CONTINUOUS
10
-0.4780899212598425
20
-0.0873616535433071
11
-0.4783379527559055
21
-0.0872055511811024
0
LINE
8
BLACK
6
CONTINUOUS
10
-0.4783379527559055
20
-0.0872055511811024
11
-0.4784098818897637
21
-0.0871757480314961
0
LINE
8
BLACK
6
CONTINUOUS
10
-0.4784098818897637
20
-0.0871757480314961
11
-0.4784908661417323
21
-0.0871092519685039
0
LINE
8
BLACK
6
CONTINUOUS
10
-0.4784908661417323
20
-0.0871092519685039
11
-0.4785798031496063
21
-0.0870533070866142
0
LINE
8
BLACK
6
CONTINUOUS
10
-0.4785798031496063
20
-0.0870533070866142
11
-0.4786309842519685
21
-0.0869942913385827
0
LINE
8
BLACK
6
CONTINUOUS
10
-0.4786309842519685
20
-0.0869942913385827
11
-0.4788573228346457
21
-0.0868085433070866
0
LINE
8
BLACK
6
CONTINUOUS
10
-0.4788573228346457
20
-0.0868085433070866
11
-0.4807320866141732
21
-0.0849337795275591
0
LINE
8
BLACK
6
CONTINUOUS
10
-0.4807320866141732
20
-0.0849337795275591
11
-0.480917874015748
21
-0.0847074015748032
0
LINE
8
BLACK
6
CONTINUOUS
10
-0.480917874015748
20
-0.0847074015748032
11
-0.4809768503937007
21
-0.0846562598425197
0
LINE
8
BLACK
6
CONTINUOUS
10
-0.4809768503937007
20
-0.0846562598425197
11
-0.4810328346456693
21
-0.0845672834645669
0
LINE
8
BLACK
6
CONTINUOUS
10
-0.4810328346456693
20
-0.0845672834645669
11
-0.4810992913385826
21
-0.0844863385826772
0
LINE
8
BLACK
6
CONTINUOUS
10
-0.4810992913385826
20
-0.0844863385826772
11
-0.4811291338582677
21
-0.0844143700787402
0
LINE
8
BLACK
6
CONTINUOUS
10
-0.4811291338582677
20
-0.0844143700787402
11
-0.4812851968503937
21
-0.0841663779527559
0
LINE
8
BLACK
6
CONTINUOUS
10
-0.4812851968503937
20
-0.0841663779527559
11
-0.4831599606299212
21
-0.0804168503937008
0
LINE
8
BLACK
6
CONTINUOUS
10
-0.4831599606299212
20
-0.0804168503937008
11
-0.4833668503937008
21
-0.0798762204724409
0
LINE
8
BLACK
6
CONTINUOUS
10
-0.4833668503937008
20
-0.0798762204724409
11
-0.4833743700787401
21
-0.0797703937007874
0
LINE
8
BLACK
6
CONTINUOUS
10
-0.4833743700787401
20
-0.0797703937007874
11
-0.4834149606299212
21
-0.0796724015748032
0
LINE
8
BLACK
6
CONTINUOUS
10
-0.4834149606299212
20
-0.0796724015748032
11
-0.4834716929133858
21
-0.0790963385826772
0
LINE
8
BLACK
6
CONTINUOUS
10
-0.4834716929133858
20
-0.0790963385826772
11
-0.4834716929133858
21
-0.075346811023622
0
LINE
8
BLACK
6
CONTINUOUS
10
-0.4834716929133858
20
-0.075346811023622
11
-0.4834149606299212
21
-0.0747707480314961
0
LINE
8
BLACK
6
CONTINUOUS
10
-0.4834149606299212
20
-0.0747707480314961
11
-0.4833743700787401
21
-0.0746727165354331
0
LINE
8
BLACK
6
CONTINUOUS
10
-0.4833743700787401
20
-0.0746727165354331
11
-0.4833668503937008
21
-0.0745669291338583
0
LINE
8
BLACK
6
CONTINUOUS
10
-0.4833668503937008
20
-0.0745669291338583
11
-0.4831599606299212
21
-0.0740262992125984
0
LINE
8
BLACK
6
CONTINUOUS
10
-0.4831599606299212
20
-0.0740262992125984
11
-0.4812851968503937
21
-0.0702767716535433
0
LINE
8
BLACK
6
CONTINUOUS
10
-0.4812851968503937
20
-0.0702767716535433
11
-0.4811291338582677
21
-0.0700287401574803
0
LINE
8
BLACK
6
CONTINUOUS
10
-0.4811291338582677
20
-0.0700287401574803
11
-0.4810992913385826
21
-0.069956811023622
0
LINE
8
BLACK
6
CONTINUOUS
10
-0.4810992913385826
20
-0.069956811023622
11
-0.4810328346456693
21
-0.0698758267716535
0
LINE
8
BLACK
6
CONTINUOUS
10
-0.4810328346456693
20
-0.0698758267716535
11
-0.4809768503937007
21
-0.0697868897637795
0
LINE
8
BLACK
6
CONTINUOUS
10
-0.4809768503937007
20
-0.0697868897637795
11
-0.480917874015748
21
-0.0697357086614173
0
LINE
8
BLACK
6
CONTINUOUS
10
-0.480917874015748
20
-0.0697357086614173
11
-0.4807320866141732
21
-0.0695093700787402
0
LINE
8
BLACK
6
CONTINUOUS
10
-0.4807320866141732
20
-0.0695093700787402
11
-0.4788573228346457
21
-0.0676346062992126
0
LINE
8
BLACK
6
CONTINUOUS
10
-0.4788573228346457
20
-0.0676346062992126
11
-0.4786309842519685
21
-0.0674488188976378
0
LINE
8
BLACK
6
CONTINUOUS
10
-0.4786309842519685
20
-0.0674488188976378
11
-0.4785798031496063
21
-0.067389842519685
0
LINE
8
BLACK
6
CONTINUOUS
10
-0.4785798031496063
20
-0.067389842519685
11
-0.4784908661417323
21
-0.0673338582677165
0
LINE
8
BLACK
6
CONTINUOUS
10
-0.4784908661417323
20
-0.0673338582677165
11
-0.4784098818897637
21
-0.0672674015748032
0
LINE
8
BLACK
6
CONTINUOUS
10
-0.4784098818897637
20
-0.0672674015748032
11
-0.4783379527559055
21
-0.0672375590551181
0
LINE
8
BLACK
6
CONTINUOUS
10
-0.4783379527559055
20
-0.0672375590551181
11
-0.4780899212598425
21
-0.0670814960629921
0
LINE
8
BLACK
6
CONTINUOUS
10
-0.4780899212598425
20
-0.0670814960629921
11
-0.4743403937007874
21
-0.0652067322834646
0
LINE
8
BLACK
6
CONTINUOUS
10
-0.4743403937007874
20
-0.0652067322834646
11
-0.4742983070866141
21
-0.0651905905511811
0
LINE
8
BLACK
6
CONTINUOUS
10
-0.4742983070866141
20
-0.0651905905511811
11
-0.4742811417322835
21
-0.0651779133858268
0
LINE
8
BLACK
6
CONTINUOUS
10
-0.4742811417322835
20
-0.0651779133858268
11
-0.4740395669291338
21
-0.0650915748031496
0
LINE
8
BLACK
6
CONTINUOUS
10
-0.4740395669291338
20
-0.0650915748031496
11
-0.4737998031496063
21
-0.064999842519685
0
LINE
8
BLACK
6
CONTINUOUS
10
-0.4737998031496063
20
-0.064999842519685
11
-0.4737785433070866
21
-0.0649983070866142
0
LINE
8
BLACK
6
CONTINUOUS
10
-0.4737785433070866
20
-0.0649983070866142
11
-0.4737360236220473
21
-0.0649831496062992
0
LINE
8
BLACK
6
CONTINUOUS
10
-0.4737360236220473
20
-0.0649831496062992
11
-0.466236968503937
21
-0.0631083858267717
0
LINE
8
BLACK
6
CONTINUOUS
10
-0.466236968503937
20
-0.0631083858267717
11
-0.4661371259842519
21
-0.0630935826771653
0
LINE
8
BLACK
6
CONTINUOUS
10
-0.4661371259842519
20
-0.0630935826771653
11
-0.4660968897637795
21
-0.063076968503937
0
LINE
8
BLACK
6
CONTINUOUS
10
-0.4660968897637795
20
-0.063076968503937
11
-0.4658798818897638
21
-0.0630555905511811
0
LINE
8
BLACK
6
CONTINUOUS
10
-0.4658798818897638
20
-0.0630555905511811
11
-0.4656643700787401
21
-0.0630237401574803
0
LINE
8
BLACK
6
CONTINUOUS
10
-0.4656643700787401
20
-0.0630237401574803
11
-0.4656213779527559
21
-0.0630301181102362
0
LINE
8
BLACK
6
CONTINUOUS
10
-0.4656213779527559
20
-0.0630301181102362
11
-0.4655208267716535
21
-0.0630202362204724
0
LINE
8
BLACK
6
CONTINUOUS
10
-0.4655208267716535
20
-0.0630202362204724
11
-0.4561470078740157
21
-0.0630202362204724
0
LINE
8
BLACK
6
CONTINUOUS
10
-0.4561470078740157
20
-0.0630202362204724
11
-0.4560464960629921
21
-0.0630301181102362
0
LINE
8
BLACK
6
CONTINUOUS
10
-0.4719893307086614
20
-0.0706337401574803
11
-0.4750203149606299
21
-0.0721492519685039
0
LINE
8
BLACK
6
CONTINUOUS
10
-0.4750203149606299
20
-0.0721492519685039
11
-0.4762174409448819
21
-0.0733463779527559
0
LINE
8
BLACK
6
CONTINUOUS
10
-0.4762174409448819
20
-0.0733463779527559
11
-0.4775661811023622
21
-0.0760438582677165
0
LINE
8
BLACK
6
CONTINUOUS
10
-0.4775661811023622
20
-0.0760438582677165
11
-0.4775661811023622
21
-0.0783992913385827
0
LINE
8
BLACK
6
CONTINUOUS
10
-0.4775661811023622
20
-0.0783992913385827
11
-0.4762174409448819
21
-0.0810967716535433
0
LINE
8
BLACK
6
CONTINUOUS
10
-0.4762174409448819
20
-0.0810967716535433
11
-0.4750203149606299
21
-0.0822938976377953
0
LINE
8
BLACK
6
CONTINUOUS
10
-0.4750203149606299
20
-0.0822938976377953
11
-0.4719893307086614
21
-0.0838093700787402
0
LINE
8
BLACK
6
CONTINUOUS
10
-0.4719893307086614
20
-0.0838093700787402
11
-0.4651572834645669
21
-0.0855174015748031
0
LINE
8
BLACK
6
CONTINUOUS
10
-0.4651572834645669
20
-0.0855174015748031
11
-0.4565105511811023
21
-0.0855174015748031
0
LINE
8
BLACK
6
CONTINUOUS
10
-0.4565105511811023
20
-0.0855174015748031
11
-0.4496785039370079
21
-0.0838093700787402
0
LINE
8
BLACK
6
CONTINUOUS
10
-0.4496785039370079
20
-0.0838093700787402
11
-0.4466475196850394
21
-0.0822938582677165
0
LINE
8
BLACK
6
CONTINUOUS
10
-0.4466475196850394
20
-0.0822938582677165
11
-0.4454503543307087
21
-0.0810967322834646
0
LINE
8
BLACK
6
CONTINUOUS
10
-0.4454503543307087
20
-0.0810967322834646
11
-0.4441016141732284
21
-0.0783992913385827
0
LINE
8
BLACK
6
CONTINUOUS
10
-0.4441016141732284
20
-0.0783992913385827
11
-0.4441016141732284
21
-0.0760438582677165
0
LINE
8
BLACK
6
CONTINUOUS
10
-0.4441016141732284
20
-0.0760438582677165
11
-0.4454503543307087
21
-0.0733463779527559
0
LINE
8
BLACK
6
CONTINUOUS
10
-0.4454503543307087
20
-0.0733463779527559
11
-0.4466475196850394
21
-0.0721492519685039
0
LINE
8
BLACK
6
CONTINUOUS
10
-0.4466475196850394
20
-0.0721492519685039
11
-0.4496785039370079
21
-0.0706337401574803
0
LINE
8
BLACK
6
CONTINUOUS
10
-0.4496785039370079
20
-0.0706337401574803
11
-0.4565105511811023
21
-0.0689257480314961
0
LINE
8
BLACK
6
CONTINUOUS
10
-0.4565105511811023
20
-0.0689257480314961
11
-0.4651572834645669
21
-0.0689257480314961
0
LINE
8
BLACK
6
CONTINUOUS
10
-0.4651572834645669
20
-0.0689257480314961
11
-0.4719893307086614
21
-0.0706337401574803
0
LINE
8
BLACK
6
CONTINUOUS
10
1.7290892125984252
20
-0.0694045669291339
11
1.7290892913385827
21
-0.0694046062992126
0
LINE
8
BLACK
6
CONTINUOUS
10
1.7290892913385827
20
-0.0694046062992126
11
1.7295367322834645
21
-0.0697718110236221
0
LINE
8
BLACK
6
CONTINUOUS
10
1.7295367322834645
20
-0.0697718110236221
11
1.7314114960629921
21
-0.0716465748031496
0
LINE
8
BLACK
6
CONTINUOUS
10
1.7314114960629921
20
-0.0716465748031496
11
1.7317787007874015
21
-0.0720940157480315
0
LINE
8
BLACK
6
CONTINUOUS
10
1.7317787007874015
20
-0.0720940157480315
11
1.7319202755905512
21
-0.0724357874015748
0
LINE
8
BLACK
6
CONTINUOUS
10
1.7319202755905512
20
-0.0724357874015748
11
1.7322196062992126
21
-0.0731584645669291
0
LINE
8
BLACK
6
CONTINUOUS
10
1.7322196062992126
20
-0.0731584645669291
11
1.7322196062992126
21
-0.0743105511811024
0
LINE
8
BLACK
6
CONTINUOUS
10
1.7322196062992126
20
-0.0743105511811024
11
1.7317787007874015
21
-0.0753749606299213
0
LINE
8
BLACK
6
CONTINUOUS
10
1.7317787007874015
20
-0.0753749606299213
11
1.7314114960629921
21
-0.0758224015748031
0
LINE
8
BLACK
6
CONTINUOUS
10
1.7314114960629921
20
-0.0758224015748031
11
1.7295367322834645
21
-0.0776971653543307
0
LINE
8
BLACK
6
CONTINUOUS
10
1.7295367322834645
20
-0.0776971653543307
11
1.7290892913385827
21
-0.0780643700787402
0
LINE
8
BLACK
6
CONTINUOUS
10
1.7290892913385827
20
-0.0780643700787402
11
1.7280248818897637
21
-0.0785052755905512
0
LINE
8
BLACK
6
CONTINUOUS
10
1.7280248818897637
20
-0.0785052755905512
11
1.7268727952755905
21
-0.0785052755905512
0
LINE
8
BLACK
6
CONTINUOUS
10
1.7268727952755905
20
-0.0785052755905512
11
1.7258083858267717
21
-0.0780644094488189
0
LINE
8
BLACK
6
CONTINUOUS
10
1.7258083858267717
20
-0.0780644094488189
11
1.7253609055118111
21
-0.0776971653543307
0
LINE
8
BLACK
6
CONTINUOUS
10
1.7253609055118111
20
-0.0776971653543307
11
1.7234861417322833
21
-0.0758224409448819
0
LINE
8
BLACK
6
CONTINUOUS
10
1.7234861417322833
20
-0.0758224409448819
11
1.7231188976377951
21
-0.0753749606299213
0
LINE
8
BLACK
6
CONTINUOUS
10
1.7231188976377951
20
-0.0753749606299213
11
1.7231188582677166
21
-0.0753749212598425
0
LINE
8
BLACK
6
CONTINUOUS
10
1.7231188582677166
20
-0.0753749212598425
11
1.7226779921259843
21
-0.0743105118110236
0
LINE
8
BLACK
6
CONTINUOUS
10
1.7226779921259843
20
-0.0743105118110236
11
1.7226779921259843
21
-0.0731584251968504
0
LINE
8
BLACK
6
CONTINUOUS
10
1.7226779921259843
20
-0.0731584251968504
11
1.7229773228346457
21
-0.0724357874015748
0
LINE
8
BLACK
6
CONTINUOUS
10
1.7229773228346457
20
-0.0724357874015748
11
1.7231188582677166
21
-0.0720940551181102
0
LINE
8
BLACK
6
CONTINUOUS
10
1.7231188582677166
20
-0.0720940551181102
11
1.7231188976377951
21
-0.0720940157480315
0
LINE
8
BLACK
6
CONTINUOUS
10
1.7231188976377951
20
-0.0720940157480315
11
1.7234861417322833
21
-0.0716465354330709
0
LINE
8
BLACK
6
CONTINUOUS
10
1.7234861417322833
20
-0.0716465354330709
11
1.7253609055118111
21
-0.0697718110236221
0
LINE
8
BLACK
6
CONTINUOUS
10
1.7253609055118111
20
-0.0697718110236221
11
1.7258083858267717
21
-0.0694045669291339
0
LINE
8
BLACK
6
CONTINUOUS
10
1.7258083858267717
20
-0.0694045669291339
11
1.7268727952755905
21
-0.0689637007874016
0
LINE
8
BLACK
6
CONTINUOUS
10
1.7268727952755905
20
-0.0689637007874016
11
1.7280248818897637
21
-0.0689637007874016
0
LINE
8
BLACK
6
CONTINUOUS
10
1.7280248818897637
20
-0.0689637007874016
11
1.7290892125984252
21
-0.0694045669291339
0
LINE
8
BLACK
6
CONTINUOUS
10
1.7309640551181102
20
-0.0319093307086614
11
1.7317787007874015
21
-0.0327239763779528
0
LINE
8
BLACK
6
CONTINUOUS
10
1.7317787007874015
20
-0.0327239763779528
11
1.7322196062992126
21
-0.0337883858267717
0
LINE
8
BLACK
6
CONTINUOUS
10
1.7322196062992126
20
-0.0337883858267717
11
1.7322763385826772
21
-0.0343644488188976
0
LINE
8
BLACK
6
CONTINUOUS
10
1.7322763385826772
20
-0.0343644488188976
11
1.7322763385826772
21
-0.0568616141732283
0
LINE
8
BLACK
6
CONTINUOUS
10
1.7322763385826772
20
-0.0568616141732283
11
1.7322196062992126
21
-0.0574376771653543
0
LINE
8
BLACK
6
CONTINUOUS
10
1.7322196062992126
20
-0.0574376771653543
11
1.7317787007874015
21
-0.0585020866141732
0
LINE
8
BLACK
6
CONTINUOUS
10
1.7317787007874015
20
-0.0585020866141732
11
1.7309640551181102
21
-0.0593167322834646
0
LINE
8
BLACK
6
CONTINUOUS
10
1.7309640551181102
20
-0.0593167322834646
11
1.7298996456692912
21
-0.0597576377952756
0
LINE
8
BLACK
6
CONTINUOUS
10
1.7298996456692912
20
-0.0597576377952756
11
1.7287475196850393
21
-0.0597576377952756
0
LINE
8
BLACK
6
CONTINUOUS
10
1.7287475196850393
20
-0.0597576377952756
11
1.7276831102362205
21
-0.0593167322834646
0
LINE
8
BLACK
6
CONTINUOUS
10
1.7276831102362205
20
-0.0593167322834646
11
1.726868464566929
21
-0.0585020866141732
0
LINE
8
BLACK
6
CONTINUOUS
10
1.726868464566929
20
-0.0585020866141732
11
1.7264275590551181
21
-0.0574376771653543
0
LINE
8
BLACK
6
CONTINUOUS
10
1.7264275590551181
20
-0.0574376771653543
11
1.7263708267716535
21
-0.0568616141732283
0
LINE
8
BLACK
6
CONTINUOUS
10
1.7263708267716535
20
-0.0568616141732283
11
1.7263708267716535
21
-0.0485657874015748
0
LINE
8
BLACK
6
CONTINUOUS
10
1.7263708267716535
20
-0.0485657874015748
11
1.6989568503937007
21
-0.0485657874015748
0
LINE
8
BLACK
6
CONTINUOUS
10
1.6989568503937007
20
-0.0485657874015748
11
1.7014152362204724
21
-0.0510241732283465
0
LINE
8
BLACK
6
CONTINUOUS
10
1.7014152362204724
20
-0.0510241732283465
11
1.7016010629921259
21
-0.0512505511811024
0
LINE
8
BLACK
6
CONTINUOUS
10
1.7016010629921259
20
-0.0512505511811024
11
1.70166
21
-0.0513016929133858
0
LINE
8
BLACK
6
CONTINUOUS
10
1.70166
20
-0.0513016929133858
11
1.7017158661417322
21
-0.0513904330708661
0
LINE
8
BLACK
6
CONTINUOUS
10
1.7017158661417322
20
-0.0513904330708661
11
1.7017824803149606
21
-0.0514716141732283
0
LINE
8
BLACK
6
CONTINUOUS
10
1.7017824803149606
20
-0.0514716141732283
11
1.7018123228346456
21
-0.0515437401574803
0
LINE
8
BLACK
6
CONTINUOUS
10
1.7018123228346456
20
-0.0515437401574803
11
1.7019683464566928
21
-0.0517915748031496
0
LINE
8
BLACK
6
CONTINUOUS
10
1.7019683464566928
20
-0.0517915748031496
11
1.7038431102362204
21
-0.0555411023622047
0
LINE
8
BLACK
6
CONTINUOUS
10
1.7038431102362204
20
-0.0555411023622047
11
1.7040500000000001
21
-0.0560816929133858
0
LINE
8
BLACK
6
CONTINUOUS
10
1.7040500000000001
20
-0.0560816929133858
11
1.7041316535433071
21
-0.057230905511811
0
LINE
8
BLACK
6
CONTINUOUS
10
1.7041316535433071
20
-0.057230905511811
11
1.7037673228346457
21
-0.0583238976377953
0
LINE
8
BLACK
6
CONTINUOUS
10
1.7037673228346457
20
-0.0583238976377953
11
1.7030124803149607
21
-0.0591942519685039
0
LINE
8
BLACK
6
CONTINUOUS
10
1.7030124803149607
20
-0.0591942519685039
11
1.701981968503937
21
-0.0597095275590551
0
LINE
8
BLACK
6
CONTINUOUS
10
1.701981968503937
20
-0.0597095275590551
11
1.7008327559055119
21
-0.0597911811023622
0
LINE
8
BLACK
6
CONTINUOUS
10
1.7008327559055119
20
-0.0597911811023622
11
1.6997398031496063
21
-0.0594268503937008
0
LINE
8
BLACK
6
CONTINUOUS
10
1.6997398031496063
20
-0.0594268503937008
11
1.6988694094488188
21
-0.0586720078740157
0
LINE
8
BLACK
6
CONTINUOUS
10
1.6988694094488188
20
-0.0586720078740157
11
1.6985610629921259
21
-0.058182125984252
0
LINE
8
BLACK
6
CONTINUOUS
10
1.6985610629921259
20
-0.058182125984252
11
1.6969005905511811
21
-0.0548611811023622
0
LINE
8
BLACK
6
CONTINUOUS
10
1.6969005905511811
20
-0.0548611811023622
11
1.6936966141732284
21
-0.0516572047244094
0
LINE
8
BLACK
6
CONTINUOUS
10
1.6936966141732284
20
-0.0516572047244094
11
1.6883155905511811
21
-0.0480698818897638
0
LINE
8
BLACK
6
CONTINUOUS
10
1.6883155905511811
20
-0.0480698818897638
11
1.6883138976377952
21
-0.0480685039370079
0
LINE
8
BLACK
6
CONTINUOUS
10
1.6883138976377952
20
-0.0480685039370079
11
1.688313031496063
21
-0.0480681496062992
0
LINE
8
BLACK
6
CONTINUOUS
10
1.688313031496063
20
-0.0480681496062992
11
1.6883109842519686
21
-0.0480661023622047
0
LINE
8
BLACK
6
CONTINUOUS
10
1.6883109842519686
20
-0.0480661023622047
11
1.6878677559055117
21
-0.0477031102362205
0
LINE
8
BLACK
6
CONTINUOUS
10
1.6878677559055117
20
-0.0477031102362205
11
1.6877050787401575
21
-0.0474601968503937
0
LINE
8
BLACK
6
CONTINUOUS
10
1.6877050787401575
20
-0.0474601968503937
11
1.6874983858267716
21
-0.0472535039370079
0
LINE
8
BLACK
6
CONTINUOUS
10
1.6874983858267716
20
-0.0472535039370079
11
1.6873876377952755
21
-0.0469861811023622
0
LINE
8
BLACK
6
CONTINUOUS
10
1.6873876377952755
20
-0.0469861811023622
11
1.6872266929133859
21
-0.0467458267716535
0
LINE
8
BLACK
6
CONTINUOUS
10
1.6872266929133859
20
-0.0467458267716535
11
1.6871693307086615
21
-0.0464591732283465
0
LINE
8
BLACK
6
CONTINUOUS
10
1.6871693307086615
20
-0.0464591732283465
11
1.6870574803149605
21
-0.046189094488189
0
LINE
8
BLACK
6
CONTINUOUS
10
1.6870574803149605
20
-0.046189094488189
11
1.6870574803149605
21
-0.0458997637795276
0
LINE
8
BLACK
6
CONTINUOUS
10
1.6870574803149605
20
-0.0458997637795276
11
1.6870007480314961
21
-0.0456161417322835
0
LINE
8
BLACK
6
CONTINUOUS
10
1.6870007480314961
20
-0.0456161417322835
11
1.6870574803149605
21
-0.0453293307086614
0
LINE
8
BLACK
6
CONTINUOUS
10
1.6870574803149605
20
-0.0453293307086614
11
1.6870574803149605
21
-0.045036968503937
0
LINE
8
BLACK
6
CONTINUOUS
10
1.6870574803149605
20
-0.045036968503937
11
1.6871681889763779
21
-0.0447696850393701
0
LINE
8
BLACK
6
CONTINUOUS
10
1.6871681889763779
20
-0.0447696850393701
11
1.6872243307086614
21
-0.044485905511811
0
LINE
8
BLACK
6
CONTINUOUS
10
1.6872243307086614
20
-0.044485905511811
11
1.6873864960629921
21
-0.0442426377952756
0
LINE
8
BLACK
6
CONTINUOUS
10
1.6873864960629921
20
-0.0442426377952756
11
1.6874983858267716
21
-0.0439725590551181
0
LINE
8
BLACK
6
CONTINUOUS
10
1.6874983858267716
20
-0.0439725590551181
11
1.6877029133858268
21
-0.0437679921259842
0
LINE
8
BLACK
6
CONTINUOUS
10
1.6877029133858268
20
-0.0437679921259842
11
1.6878634251968503
21
-0.0435272834645669
0
LINE
8
BLACK
6
CONTINUOUS
10
1.6878634251968503
20
-0.0435272834645669
11
1.6881062992125984
21
-0.0433646062992126
0
LINE
8
BLACK
6
CONTINUOUS
10
1.6881062992125984
20
-0.0433646062992126
11
1.688313031496063
21
-0.0431579133858268
0
LINE
8
BLACK
6
CONTINUOUS
10
1.688313031496063
20
-0.0431579133858268
11
1.68858031496063
21
-0.0430471653543307
0
LINE
8
BLACK
6
CONTINUOUS
10
1.68858031496063
20
-0.0430471653543307
11
1.6888207086614173
21
-0.0428862204724409
0
LINE
8
BLACK
6
CONTINUOUS
10
1.6888207086614173
20
-0.0428862204724409
11
1.6891073228346456
21
-0.0428288582677165
0
LINE
8
BLACK
6
CONTINUOUS
10
1.6891073228346456
20
-0.0428288582677165
11
1.6893774409448818
21
-0.0427170078740157
0
LINE
8
BLACK
6
CONTINUOUS
10
1.6893774409448818
20
-0.0427170078740157
11
1.6899473622047243
21
-0.0426608661417323
0
LINE
8
BLACK
6
CONTINUOUS
10
1.6899473622047243
20
-0.0426608661417323
11
1.6899503937007874
21
-0.0426602755905512
0
LINE
8
BLACK
6
CONTINUOUS
10
1.6899503937007874
20
-0.0426602755905512
11
1.6899514173228347
21
-0.0426604724409449
0
LINE
8
BLACK
6
CONTINUOUS
10
1.6899514173228347
20
-0.0426604724409449
11
1.6899535039370079
21
-0.0426602755905512
0
LINE
8
BLACK
6
CONTINUOUS
10
1.6899535039370079
20
-0.0426602755905512
11
1.7263708267716535
21
-0.0426602755905512
0
LINE
8
BLACK
6
CONTINUOUS
10
1.7263708267716535
20
-0.0426602755905512
11
1.7263708267716535
21
-0.0343644488188976
0
LINE
8
BLACK
6
CONTINUOUS
10
1.7263708267716535
20
-0.0343644488188976
11
1.7264275590551181
21
-0.0337883858267717
0
LINE
8
BLACK
6
CONTINUOUS
10
1.7264275590551181
20
-0.0337883858267717
11
1.726868464566929
21
-0.0327239763779528
0
LINE
8
BLACK
6
CONTINUOUS
10
1.726868464566929
20
-0.0327239763779528
11
1.7276831102362205
21
-0.0319093307086614
0
LINE
8
BLACK
6
CONTINUOUS
10
1.7276831102362205
20
-0.0319093307086614
11
1.7287475196850393
21
-0.0314684251968504
0
LINE
8
BLACK
6
CONTINUOUS
10
1.7287475196850393
20
-0.0314684251968504
11
1.7298996456692912
21
-0.0314684251968504
0
LINE
8
BLACK
6
CONTINUOUS
10
1.7298996456692912
20
-0.0314684251968504
11
1.7309640551181102
21
-0.0319093307086614
0
LINE
8
BLACK
6
CONTINUOUS
10
1.7125511811023622
20
0.0060737401574803
11
1.7125942125984253
21
0.0060801181102362
0
LINE
8
BLACK
6
CONTINUOUS
10
1.7125942125984253
20
0.0060801181102362
11
1.7128096850393701
21
0.0060482677165354
0
LINE
8
BLACK
6
CONTINUOUS
10
1.7128096850393701
20
0.0060482677165354
11
1.7130267322834645
21
0.0060268897637795
0
LINE
8
BLACK
6
CONTINUOUS
10
1.7130267322834645
20
0.0060268897637795
11
1.7130669291338583
21
0.0060102755905512
0
LINE
8
BLACK
6
CONTINUOUS
10
1.7130669291338583
20
0.0060102755905512
11
1.713166811023622
21
0.0059954724409449
0
LINE
8
BLACK
6
CONTINUOUS
10
1.713166811023622
20
0.0059954724409449
11
1.7206658661417322
21
0.0041207086614173
0
LINE
8
BLACK
6
CONTINUOUS
10
1.7206658661417322
20
0.0041207086614173
11
1.7210053149606299
21
0.0039994488188976
0
LINE
8
BLACK
6
CONTINUOUS
10
1.7210053149606299
20
0.0039994488188976
11
1.7210768503937008
21
0.0039852755905512
0
LINE
8
BLACK
6
CONTINUOUS
10
1.7210768503937008
20
0.0039852755905512
11
1.7211416929133858
21
0.0039507086614173
0
LINE
8
BLACK
6
CONTINUOUS
10
1.7211416929133858
20
0.0039507086614173
11
1.7212109842519685
21
0.0039259448818898
0
LINE
8
BLACK
6
CONTINUOUS
10
1.7212109842519685
20
0.0039259448818898
11
1.7212695669291338
21
0.0038825196850394
0
LINE
8
BLACK
6
CONTINUOUS
10
1.7212695669291338
20
0.0038825196850394
11
1.7215876377952755
21
0.0037129527559055
0
LINE
8
BLACK
6
CONTINUOUS
10
1.7215876377952755
20
0.0037129527559055
11
1.7272119291338581
21
-0.0000365748031496
0
LINE
8
BLACK
6
CONTINUOUS
10
1.7272119291338581
20
-0.0000365748031496
11
1.7272135039370078
21
-0.000037874015748
0
LINE
8
BLACK
6
CONTINUOUS
10
1.7272135039370078
20
-0.000037874015748
11
1.7272144488188976
21
-0.0000382677165354
0
LINE
8
BLACK
6
CONTINUOUS
10
1.7272144488188976
20
-0.0000382677165354
11
1.7274339763779527
21
-0.0002184251968504
0
LINE
8
BLACK
6
CONTINUOUS
10
1.7274339763779527
20
-0.0002184251968504
11
1.7276597637795275
21
-0.0004033464566929
0
LINE
8
BLACK
6
CONTINUOUS
10
1.7276597637795275
20
-0.0004033464566929
11
1.7276603149606298
21
-0.0004041732283465
0
LINE
8
BLACK
6
CONTINUOUS
10
1.7276603149606298
20
-0.0004041732283465
11
1.7276618897637794
21
-0.0004054724409449
0
LINE
8
BLACK
6
CONTINUOUS
10
1.7276618897637794
20
-0.0004054724409449
11
1.7295366929133857
21
-0.0022802362204724
0
LINE
8
BLACK
6
CONTINUOUS
10
1.7295366929133857
20
-0.0022802362204724
11
1.7297224409448819
21
-0.0025065748031496
0
LINE
8
BLACK
6
CONTINUOUS
10
1.7297224409448819
20
-0.0025065748031496
11
1.729781496062992
21
-0.0025577952755906
0
LINE
8
BLACK
6
CONTINUOUS
10
1.729781496062992
20
-0.0025577952755906
11
1.7298374803149605
21
-0.0026467322834646
0
LINE
8
BLACK
6
CONTINUOUS
10
1.7298374803149605
20
-0.0026467322834646
11
1.7299039370078739
21
-0.0027277165354331
0
LINE
8
BLACK
6
CONTINUOUS
10
1.7299039370078739
20
-0.0027277165354331
11
1.7299337401574804
21
-0.0027996456692913
0
LINE
8
BLACK
6
CONTINUOUS
10
1.7299337401574804
20
-0.0027996456692913
11
1.7300898425196849
21
-0.0030476771653543
0
LINE
8
BLACK
6
CONTINUOUS
10
1.7300898425196849
20
-0.0030476771653543
11
1.7319646062992125
21
-0.0067972047244094
0
LINE
8
BLACK
6
CONTINUOUS
10
1.7319646062992125
20
-0.0067972047244094
11
1.7321714960629921
21
-0.0073377952755906
0
LINE
8
BLACK
6
CONTINUOUS
10
1.7321714960629921
20
-0.0073377952755906
11
1.7321790157480315
21
-0.0074436614173228
0
LINE
8
BLACK
6
CONTINUOUS
10
1.7321790157480315
20
-0.0074436614173228
11
1.7322196062992126
21
-0.0075416535433071
0
LINE
8
BLACK
6
CONTINUOUS
10
1.7322196062992126
20
-0.0075416535433071
11
1.7322763385826772
21
-0.0081177165354331
0
LINE
8
BLACK
6
CONTINUOUS
10
1.7322763385826772
20
-0.0081177165354331
11
1.7322763385826772
21
-0.0156167716535433
0
LINE
8
BLACK
6
CONTINUOUS
10
1.7322763385826772
20
-0.0156167716535433
11
1.7322196062992126
21
-0.0161928346456693
0
LINE
8
BLACK
6
CONTINUOUS
10
1.7322196062992126
20
-0.0161928346456693
11
1.7317787007874015
21
-0.0172572440944882
0
LINE
8
BLACK
6
CONTINUOUS
10
1.7317787007874015
20
-0.0172572440944882
11
1.7309640551181102
21
-0.0180718897637795
0
LINE
8
BLACK
6
CONTINUOUS
10
1.7309640551181102
20
-0.0180718897637795
11
1.7298996456692912
21
-0.0185127952755906
0
LINE
8
BLACK
6
CONTINUOUS
10
1.7298996456692912
20
-0.0185127952755906
11
1.7287475196850393
21
-0.0185127952755906
0
LINE
8
BLACK
6
CONTINUOUS
10
1.7287475196850393
20
-0.0185127952755906
11
1.7276831102362205
21
-0.0180718897637795
0
LINE
8
BLACK
6
CONTINUOUS
10
1.7276831102362205
20
-0.0180718897637795
11
1.726868464566929
21
-0.0172572440944882
0
LINE
8
BLACK
6
CONTINUOUS
10
1.726868464566929
20
-0.0172572440944882
11
1.7264275590551181
21
-0.0161928346456693
0
LINE
8
BLACK
6
CONTINUOUS
10
1.7264275590551181
20
-0.0161928346456693
11
1.7263708267716535
21
-0.0156167716535433
0
LINE
8
BLACK
6
CONTINUOUS
10
1.7263708267716535
20
-0.0156167716535433
11
1.7263708267716535
21
-0.0088147637795276
0
LINE
8
BLACK
6
CONTINUOUS
10
1.7263708267716535
20
-0.0088147637795276
11
1.7250220866141732
21
-0.0061172834645669
0
LINE
8
BLACK
6
CONTINUOUS
10
1.7250220866141732
20
-0.0061172834645669
11
1.7236928346456692
21
-0.0047880708661417
0
LINE
8
BLACK
6
CONTINUOUS
10
1.7236928346456692
20
-0.0047880708661417
11
1.7187373622047244
21
-0.0014844488188976
0
LINE
8
BLACK
6
CONTINUOUS
10
1.7187373622047244
20
-0.0014844488188976
11
1.7158201968503937
21
-0.000755157480315
0
LINE
8
BLACK
6
CONTINUOUS
10
1.7158201968503937
20
-0.000755157480315
11
1.7169664566929133
21
-0.0030476771653543
0
LINE
8
BLACK
6
CONTINUOUS
10
1.7169664566929133
20
-0.0030476771653543
11
1.717173346456693
21
-0.0035882677165354
0
LINE
8
BLACK
6
CONTINUOUS
10
1.717173346456693
20
-0.0035882677165354
11
1.7171808661417323
21
-0.0036941338582677
0
LINE
8
BLACK
6
CONTINUOUS
10
1.7171808661417323
20
-0.0036941338582677
11
1.7172214566929134
21
-0.003792125984252
0
LINE
8
BLACK
6
CONTINUOUS
10
1.7172214566929134
20
-0.003792125984252
11
1.717278188976378
21
-0.004368188976378
0
LINE
8
BLACK
6
CONTINUOUS
10
1.717278188976378
20
-0.004368188976378
11
1.717278188976378
21
-0.0118672440944882
0
LINE
8
BLACK
6
CONTINUOUS
10
1.717278188976378
20
-0.0118672440944882
11
1.7172214566929134
21
-0.0124433070866142
0
LINE
8
BLACK
6
CONTINUOUS
10
1.7172214566929134
20
-0.0124433070866142
11
1.7171808661417323
21
-0.0125412598425197
0
LINE
8
BLACK
6
CONTINUOUS
10
1.7171808661417323
20
-0.0125412598425197
11
1.717173346456693
21
-0.0126471653543307
0
LINE
8
BLACK
6
CONTINUOUS
10
1.717173346456693
20
-0.0126471653543307
11
1.7169664566929133
21
-0.0131877559055118
0
LINE
8
BLACK
6
CONTINUOUS
10
1.7169664566929133
20
-0.0131877559055118
11
1.7150916929133857
21
-0.0169372834645669
0
LINE
8
BLACK
6
CONTINUOUS
10
1.7150916929133857
20
-0.0169372834645669
11
1.7149355905511812
21
-0.0171852755905512
0
LINE
8
BLACK
6
CONTINUOUS
10
1.7149355905511812
20
-0.0171852755905512
11
1.7149057874015747
21
-0.0172572440944882
0
LINE
8
BLACK
6
CONTINUOUS
10
1.7149057874015747
20
-0.0172572440944882
11
1.7148392913385826
21
-0.017338188976378
0
LINE
8
BLACK
6
CONTINUOUS
10
1.7148392913385826
20
-0.017338188976378
11
1.7147833464566928
21
-0.0174271653543307
0
LINE
8
BLACK
6
CONTINUOUS
10
1.7147833464566928
20
-0.0174271653543307
11
1.7147243307086615
21
-0.0174783070866142
0
LINE
8
BLACK
6
CONTINUOUS
10
1.7147243307086615
20
-0.0174783070866142
11
1.7145385826771653
21
-0.0177046850393701
0
LINE
8
BLACK
6
CONTINUOUS
10
1.7145385826771653
20
-0.0177046850393701
11
1.7126638188976377
21
-0.0195794488188976
0
LINE
8
BLACK
6
CONTINUOUS
10
1.7126638188976377
20
-0.0195794488188976
11
1.7124374409448819
21
-0.0197651968503937
0
LINE
8
BLACK
6
CONTINUOUS
10
1.7124374409448819
20
-0.0197651968503937
11
1.7123862992125984
21
-0.0198242125984252
0
LINE
8
BLACK
6
CONTINUOUS
10
1.7123862992125984
20
-0.0198242125984252
11
1.7122973228346456
21
-0.019880157480315
0
LINE
8
BLACK
6
CONTINUOUS
10
1.7122973228346456
20
-0.019880157480315
11
1.7122163779527559
21
-0.0199466535433071
0
LINE
8
BLACK
6
CONTINUOUS
10
1.7122163779527559
20
-0.0199466535433071
11
1.712144409448819
21
-0.0199764566929134
0
LINE
8
BLACK
6
CONTINUOUS
10
1.712144409448819
20
-0.0199764566929134
11
1.7118964173228346
21
-0.0201325590551181
0
LINE
8
BLACK
6
CONTINUOUS
10
1.7118964173228346
20
-0.0201325590551181
11
1.7081468897637795
21
-0.0220073228346457
0
LINE
8
BLACK
6
CONTINUOUS
10
1.7081468897637795
20
-0.0220073228346457
11
1.7076062598425197
21
-0.0222142125984252
0
LINE
8
BLACK
6
CONTINUOUS
10
1.7076062598425197
20
-0.0222142125984252
11
1.7075004330708661
21
-0.0222216929133858
0
LINE
8
BLACK
6
CONTINUOUS
10
1.7075004330708661
20
-0.0222216929133858
11
1.7074024409448818
21
-0.0222623228346457
0
LINE
8
BLACK
6
CONTINUOUS
10
1.7074024409448818
20
-0.0222623228346457
11
1.7068263779527559
21
-0.0223190551181102
0
LINE
8
BLACK
6
CONTINUOUS
10
1.7068263779527559
20
-0.0223190551181102
11
1.6974525590551182
21
-0.0223190551181102
0
LINE
8
BLACK
6
CONTINUOUS
10
1.6974525590551182
20
-0.0223190551181102
11
1.6968764960629921
21
-0.0222623228346457
0
LINE
8
BLACK
6
CONTINUOUS
10
1.6968764960629921
20
-0.0222623228346457
11
1.6967785039370078
21
-0.0222217322834646
0
LINE
8
BLACK
6
CONTINUOUS
10
1.6967785039370078
20
-0.0222217322834646
11
1.6966726377952757
21
-0.0222142125984252
0
LINE
8
BLACK
6
CONTINUOUS
10
1.6966726377952757
20
-0.0222142125984252
11
1.6961320472440944
21
-0.0220073228346457
0
LINE
8
BLACK
6
CONTINUOUS
10
1.6961320472440944
20
-0.0220073228346457
11
1.6923825196850393
21
-0.0201325590551181
0
LINE
8
BLACK
6
CONTINUOUS
10
1.6923825196850393
20
-0.0201325590551181
11
1.6921344881889764
21
-0.0199764566929134
0
LINE
8
BLACK
6
CONTINUOUS
10
1.6921344881889764
20
-0.0199764566929134
11
1.6920625590551182
21
-0.0199466535433071
0
LINE
8
BLACK
6
CONTINUOUS
10
1.6920625590551182
20
-0.0199466535433071
11
1.6919815748031495
21
-0.019880157480315
0
LINE
8
BLACK
6
CONTINUOUS
10
1.6919815748031495
20
-0.019880157480315
11
1.6918926377952757
21
-0.0198242125984252
0
LINE
8
BLACK
6
CONTINUOUS
10
1.6918926377952757
20
-0.0198242125984252
11
1.6918414566929134
21
-0.0197651968503937
0
LINE
8
BLACK
6
CONTINUOUS
10
1.6918414566929134
20
-0.0197651968503937
11
1.6916151181102361
21
-0.0195794488188976
0
LINE
8
BLACK
6
CONTINUOUS
10
1.6916151181102361
20
-0.0195794488188976
11
1.6897403543307086
21
-0.0177046850393701
0
LINE
8
BLACK
6
CONTINUOUS
10
1.6897403543307086
20
-0.0177046850393701
11
1.6895545669291339
21
-0.0174783070866142
0
LINE
8
BLACK
6
CONTINUOUS
10
1.6895545669291339
20
-0.0174783070866142
11
1.689495590551181
21
-0.0174271653543307
0
LINE
8
BLACK
6
CONTINUOUS
10
1.689495590551181
20
-0.0174271653543307
11
1.6894396062992125
21
-0.017338188976378
0
LINE
8
BLACK
6
CONTINUOUS
10
1.6894396062992125
20
-0.017338188976378
11
1.6893731496062991
21
-0.0172572440944882
0
LINE
8
BLACK
6
CONTINUOUS
10
1.6893731496062991
20
-0.0172572440944882
11
1.6893433070866142
21
-0.0171852755905512
0
LINE
8
BLACK
6
CONTINUOUS
10
1.6893433070866142
20
-0.0171852755905512
11
1.6891872440944882
21
-0.0169372834645669
0
LINE
8
BLACK
6
CONTINUOUS
10
1.6891872440944882
20
-0.0169372834645669
11
1.6873124803149606
21
-0.0131877559055118
0
LINE
8
BLACK
6
CONTINUOUS
10
1.6873124803149606
20
-0.0131877559055118
11
1.6871055905511811
21
-0.012647125984252
0
LINE
8
BLACK
6
CONTINUOUS
10
1.6871055905511811
20
-0.012647125984252
11
1.6870980708661416
21
-0.0125412992125984
0
LINE
8
BLACK
6
CONTINUOUS
10
1.6870980708661416
20
-0.0125412992125984
11
1.6870574803149605
21
-0.0124433070866142
0
LINE
8
BLACK
6
CONTINUOUS
10
1.6870574803149605
20
-0.0124433070866142
11
1.6870007480314961
21
-0.0118672440944882
0
LINE
8
BLACK
6
CONTINUOUS
10
1.6870007480314961
20
-0.0118672440944882
11
1.6870007480314961
21
-0.004368188976378
0
LINE
8
BLACK
6
CONTINUOUS
10
1.6870007480314961
20
-0.004368188976378
11
1.6870574803149605
21
-0.003792125984252
0
LINE
8
BLACK
6
CONTINUOUS
10
1.6870574803149605
20
-0.003792125984252
11
1.6870980708661416
21
-0.003694094488189
0
LINE
8
BLACK
6
CONTINUOUS
10
1.6870980708661416
20
-0.003694094488189
11
1.6871055905511811
21
-0.0035883070866142
0
LINE
8
BLACK
6
CONTINUOUS
10
1.6871055905511811
20
-0.0035883070866142
11
1.6873124803149606
21
-0.0030476771653543
0
LINE
8
BLACK
6
CONTINUOUS
10
1.6873124803149606
20
-0.0030476771653543
11
1.6891872440944882
21
0.0007018503937008
0
LINE
8
BLACK
6
CONTINUOUS
10
1.6891872440944882
20
0.0007018503937008
11
1.6893433070866142
21
0.0009498818897638
0
LINE
8
BLACK
6
CONTINUOUS
10
1.6893433070866142
20
0.0009498818897638
11
1.6893731496062991
21
0.001021811023622
0
LINE
8
BLACK
6
CONTINUOUS
10
1.6893731496062991
20
0.001021811023622
11
1.6894396062992125
21
0.0011027952755906
0
LINE
8
BLACK
6
CONTINUOUS
10
1.6894396062992125
20
0.0011027952755906
11
1.689495590551181
21
0.0011917322834646
0
LINE
8
BLACK
6
CONTINUOUS
10
1.689495590551181
20
0.0011917322834646
11
1.6895545669291339
21
0.0012429133858268
0
LINE
8
BLACK
6
CONTINUOUS
10
1.6895545669291339
20
0.0012429133858268
11
1.6897403543307086
21
0.0014692519685039
0
LINE
8
BLACK
6
CONTINUOUS
10
1.6897403543307086
20
0.0014692519685039
11
1.6916151181102361
21
0.0033440157480315
0
LINE
8
BLACK
6
CONTINUOUS
10
1.6916151181102361
20
0.0033440157480315
11
1.6918414566929134
21
0.0035298031496063
0
LINE
8
BLACK
6
CONTINUOUS
10
1.6918414566929134
20
0.0035298031496063
11
1.6918926377952757
21
0.0035887795275591
0
LINE
8
BLACK
6
CONTINUOUS
10
1.6918926377952757
20
0.0035887795275591
11
1.6919815748031495
21
0.0036447637795276
0
LINE
8
BLACK
6
CONTINUOUS
10
1.6919815748031495
20
0.0036447637795276
11
1.6920625590551182
21
0.0037112204724409
0
LINE
8
BLACK
6
CONTINUOUS
10
1.6920625590551182
20
0.0037112204724409
11
1.6921344881889764
21
0.003741062992126
0
LINE
8
BLACK
6
CONTINUOUS
10
1.6921344881889764
20
0.003741062992126
11
1.6923825196850393
21
0.003897125984252
0
LINE
8
BLACK
6
CONTINUOUS
10
1.6923825196850393
20
0.003897125984252
11
1.6961320472440944
21
0.0057718897637795
0
LINE
8
BLACK
6
CONTINUOUS
10
1.6961320472440944
20
0.0057718897637795
11
1.6966726377952757
21
0.0059787795275591
0
LINE
8
BLACK
6
CONTINUOUS
10
1.6966726377952757
20
0.0059787795275591
11
1.6967785039370078
21
0.0059863385826772
0
LINE
8
BLACK
6
CONTINUOUS
10
1.6967785039370078
20
0.0059863385826772
11
1.6968764960629921
21
0.0060268897637795
0
LINE
8
BLACK
6
CONTINUOUS
10
1.6968764960629921
20
0.0060268897637795
11
1.6974525590551182
21
0.0060836220472441
0
LINE
8
BLACK
6
CONTINUOUS
10
1.6974525590551182
20
0.0060836220472441
11
1.7124506692913386
21
0.0060836220472441
0
LINE
8
BLACK
6
CONTINUOUS
10
1.7124506692913386
20
0.0060836220472441
11
1.7125511811023622
21
0.0060737401574803
0
LINE
8
BLACK
6
CONTINUOUS
10
1.6954521259842519
20
-0.0011706299212598
11
1.6942550000000001
21
-0.0023677559055118
0
LINE
8
BLACK
6
CONTINUOUS
10
1.6942550000000001
20
-0.0023677559055118
11
1.6929062598425197
21
-0.0050652362204724
0
LINE
8
BLACK
6
CONTINUOUS
10
1.6929062598425197
20
-0.0050652362204724
11
1.6929062598425197
21
-0.0111701968503937
0
LINE
8
BLACK
6
CONTINUOUS
10
1.6929062598425197
20
-0.0111701968503937
11
1.6942550000000001
21
-0.0138676771653543
0
LINE
8
BLACK
6
CONTINUOUS
10
1.6942550000000001
20
-0.0138676771653543
11
1.6954521259842519
21
-0.0150648031496063
0
LINE
8
BLACK
6
CONTINUOUS
10
1.6954521259842519
20
-0.0150648031496063
11
1.6981496062992125
21
-0.0164135433070866
0
LINE
8
BLACK
6
CONTINUOUS
10
1.6981496062992125
20
-0.0164135433070866
11
1.7061293307086614
21
-0.0164135433070866
0
LINE
8
BLACK
6
CONTINUOUS
10
1.7061293307086614
20
-0.0164135433070866
11
1.708826811023622
21
-0.0150648031496063
0
LINE
8
BLACK
6
CONTINUOUS
10
1.708826811023622
20
-0.0150648031496063
11
1.710023937007874
21
-0.0138676771653543
0
LINE
8
BLACK
6
CONTINUOUS
10
1.710023937007874
20
-0.0138676771653543
11
1.7113726771653544
21
-0.0111701968503937
0
LINE
8
BLACK
6
CONTINUOUS
10
1.7113726771653544
20
-0.0111701968503937
11
1.7113726771653544
21
-0.0050652362204724
0
LINE
8
BLACK
6
CONTINUOUS
10
1.7113726771653544
20
-0.0050652362204724
11
1.710023937007874
21
-0.0023677559055118
0
LINE
8
BLACK
6
CONTINUOUS
10
1.710023937007874
20
-0.0023677559055118
11
1.708826811023622
21
-0.0011706299212598
0
LINE
8
BLACK
6
CONTINUOUS
10
1.708826811023622
20
-0.0011706299212598
11
1.7061293307086614
21
0.0001781102362205
0
LINE
8
BLACK
6
CONTINUOUS
10
1.7061293307086614
20
0.0001781102362205
11
1.6981496062992125
21
0.0001781102362205
0
LINE
8
BLACK
6
CONTINUOUS
10
1.6981496062992125
20
0.0001781102362205
11
1.6954521259842519
21
-0.0011706299212598
0
LINE
8
BLACK
6
CONTINUOUS
10
-0.4405727952755906
20
0.0175379921259843
11
-0.4395083858267717
21
0.0170970866141732
0
LINE
8
BLACK
6
CONTINUOUS
10
-0.4395083858267717
20
0.0170970866141732
11
-0.4386937401574803
21
0.0162824409448819
0
LINE
8
BLACK
6
CONTINUOUS
10
-0.4386937401574803
20
0.0162824409448819
11
-0.4382528346456693
21
0.015218031496063
0
LINE
8
BLACK
6
CONTINUOUS
10
-0.4382528346456693
20
0.015218031496063
11
-0.4382528346456693
21
0.014065905511811
0
LINE
8
BLACK
6
CONTINUOUS
10
-0.4382528346456693
20
0.014065905511811
11
-0.4386937401574803
21
0.0130014960629921
0
LINE
8
BLACK
6
CONTINUOUS
10
-0.4386937401574803
20
0.0130014960629921
11
-0.4395083858267717
21
0.0121868503937008
0
LINE
8
BLACK
6
CONTINUOUS
10
-0.4395083858267717
20
0.0121868503937008
11
-0.4405727952755906
21
0.0117459448818898
0
LINE
8
BLACK
6
CONTINUOUS
10
-0.4405727952755906
20
0.0117459448818898
11
-0.4411488582677165
21
0.0116892125984252
0
LINE
8
BLACK
6
CONTINUOUS
10
-0.4411488582677165
20
0.0116892125984252
11
-0.4610742519685039
21
0.0116892125984252
0
LINE
8
BLACK
6
CONTINUOUS
10
-0.4610742519685039
20
0.0116892125984252
11
-0.46332
21
0.0105663779527559
0
LINE
8
BLACK
6
CONTINUOUS
10
-0.46332
20
0.0105663779527559
11
-0.4644428346456693
21
0.0083206299212598
0
LINE
8
BLACK
6
CONTINUOUS
10
-0.4644428346456693
20
0.0083206299212598
11
-0.4644428346456693
21
0.0040903937007874
0
LINE
8
BLACK
6
CONTINUOUS
10
-0.4644428346456693
20
0.0040903937007874
11
-0.46332
21
0.0018446850393701
0
LINE
8
BLACK
6
CONTINUOUS
10
-0.46332
20
0.0018446850393701
11
-0.4610742519685039
21
0.000721811023622
0
LINE
8
BLACK
6
CONTINUOUS
10
-0.4610742519685039
20
0.000721811023622
11
-0.4411488582677165
21
0.000721811023622
0
LINE
8
BLACK
6
CONTINUOUS
10
-0.4411488582677165
20
0.000721811023622
11
-0.4405727952755906
21
0.0006650787401575
0
LINE
8
BLACK
6
CONTINUOUS
10
-0.4405727952755906
20
0.0006650787401575
11
-0.4395083858267717
21
0.0002241732283465
0
LINE
8
BLACK
6
CONTINUOUS
10
-0.4395083858267717
20
0.0002241732283465
11
-0.4386937401574803
21
-0.0005904724409449
0
LINE
8
BLACK
6
CONTINUOUS
10
-0.4386937401574803
20
-0.0005904724409449
11
-0.4382528346456693
21
-0.0016548818897638
0
LINE
8
BLACK
6
CONTINUOUS
10
-0.4382528346456693
20
-0.0016548818897638
11
-0.4382528346456693
21
-0.0028070078740157
0
LINE
8
BLACK
6
CONTINUOUS
10
-0.4382528346456693
20
-0.0028070078740157
11
-0.4386937401574803
21
-0.0038714173228346
0
LINE
8
BLACK
6
CONTINUOUS
10
-0.4386937401574803
20
-0.0038714173228346
11
-0.4395083858267717
21
-0.004686062992126
0
LINE
8
BLACK
6
CONTINUOUS
10
-0.4395083858267717
20
-0.004686062992126
11
-0.4405727952755906
21
-0.005126968503937
0
LINE
8
BLACK
6
CONTINUOUS
10
-0.4405727952755906
20
-0.005126968503937
11
-0.4411488582677165
21
-0.0051837007874016
0
LINE
8
BLACK
6
CONTINUOUS
10
-0.4411488582677165
20
-0.0051837007874016
11
-0.4610742519685039
21
-0.0051837007874016
0
LINE
8
BLACK
6
CONTINUOUS
10
-0.4610742519685039
20
-0.0051837007874016
11
-0.46332
21
-0.0063065354330709
0
LINE
8
BLACK
6
CONTINUOUS
10
-0.46332
20
-0.0063065354330709
11
-0.4644428346456693
21
-0.0085522834645669
0
LINE
8
BLACK
6
CONTINUOUS
10
-0.4644428346456693
20
-0.0085522834645669
11
-0.4644428346456693
21
-0.0127824803149606
0
LINE
8
BLACK
6
CONTINUOUS
10
-0.4644428346456693
20
-0.0127824803149606
11
-0.4630940944881889
21
-0.0154799606299213
0
LINE
8
BLACK
6
CONTINUOUS
10
-0.4630940944881889
20
-0.0154799606299213
11
-0.4624229921259843
21
-0.016151062992126
0
LINE
8
BLACK
6
CONTINUOUS
10
-0.4624229921259843
20
-0.016151062992126
11
-0.4411488582677165
21
-0.016151062992126
0
LINE
8
BLACK
6
CONTINUOUS
10
-0.4411488582677165
20
-0.016151062992126
11
-0.4405727952755906
21
-0.0162077952755906
0
LINE
8
BLACK
6
CONTINUOUS
10
-0.4405727952755906
20
-0.0162077952755906
11
-0.4395083858267717
21
-0.0166487007874016
0
LINE
8
BLACK
6
CONTINUOUS
10
-0.4395083858267717
20
-0.0166487007874016
11
-0.4386937401574803
21
-0.0174633464566929
0
LINE
8
BLACK
6
CONTINUOUS
10
-0.4386937401574803
20
-0.0174633464566929
11
-0.4382528346456693
21
-0.0185277559055118
0
LINE
8
BLACK
6
CONTINUOUS
10
-0.4382528346456693
20
-0.0185277559055118
11
-0.4382528346456693
21
-0.0196798818897638
0
LINE
8
BLACK
6
CONTINUOUS
10
-0.4382528346456693
20
-0.0196798818897638
11
-0.4386937401574803
21
-0.0207442913385827
0
LINE
8
BLACK
6
CONTINUOUS
10
-0.4386937401574803
20
-0.0207442913385827
11
-0.4395083858267717
21
-0.021558937007874
0
LINE
8
BLACK
6
CONTINUOUS
10
-0.4395083858267717
20
-0.021558937007874
11
-0.4405727952755906
21
-0.021999842519685
0
LINE
8
BLACK
6
CONTINUOUS
10
-0.4405727952755906
20
-0.021999842519685
11
-0.4411488582677165
21
-0.0220565748031496
0
LINE
8
BLACK
6
CONTINUOUS
10
-0.4411488582677165
20
-0.0220565748031496
11
-0.4673955905511811
21
-0.0220565748031496
0
LINE
8
BLACK
6
CONTINUOUS
10
-0.4673955905511811
20
-0.0220565748031496
11
-0.4679716535433071
21
-0.021999842519685
0
LINE
8
BLACK
6
CONTINUOUS
10
-0.4679716535433071
20
-0.021999842519685
11
-0.469036062992126
21
-0.021558937007874
0
LINE
8
BLACK
6
CONTINUOUS
10
-0.469036062992126
20
-0.021558937007874
11
-0.4698507086614173
21
-0.0207442913385827
0
LINE
8
BLACK
6
CONTINUOUS
10
-0.4698507086614173
20
-0.0207442913385827
11
-0.4702916141732283
21
-0.0196798818897638
0
LINE
8
BLACK
6
CONTINUOUS
10
-0.4702916141732283
20
-0.0196798818897638
11
-0.4702916141732283
21
-0.0185277559055118
0
LINE
8
BLACK
6
CONTINUOUS
10
-0.4702916141732283
20
-0.0185277559055118
11
-0.4698507086614173
21
-0.0174633464566929
0
LINE
8
BLACK
6
CONTINUOUS
10
-0.4698507086614173
20
-0.0174633464566929
11
-0.4690868897637795
21
-0.0166994881889764
0
LINE
8
BLACK
6
CONTINUOUS
10
-0.4690868897637795
20
-0.0166994881889764
11
-0.4700366141732283
21
-0.0148000393700787
0
LINE
8
BLACK
6
CONTINUOUS
10
-0.4700366141732283
20
-0.0148000393700787
11
-0.4702435039370079
21
-0.0142594094488189
0
LINE
8
BLACK
6
CONTINUOUS
10
-0.4702435039370079
20
-0.0142594094488189
11
-0.4702510236220472
21
-0.0141535826771654
0
LINE
8
BLACK
6
CONTINUOUS
10
-0.4702510236220472
20
-0.0141535826771654
11
-0.4702916141732283
21
-0.0140555905511811
0
LINE
8
BLACK
6
CONTINUOUS
10
-0.4702916141732283
20
-0.0140555905511811
11
-0.4703483464566929
21
-0.0134795275590551
0
LINE
8
BLACK
6
CONTINUOUS
10
-0.4703483464566929
20
-0.0134795275590551
11
-0.4703483464566929
21
-0.0078552362204724
0
LINE
8
BLACK
6
CONTINUOUS
10
-0.4703483464566929
20
-0.0078552362204724
11
-0.4702916141732283
21
-0.0072791732283465
0
LINE
8
BLACK
6
CONTINUOUS
10
-0.4702916141732283
20
-0.0072791732283465
11
-0.4702510236220472
21
-0.0071811417322835
0
LINE
8
BLACK
6
CONTINUOUS
10
-0.4702510236220472
20
-0.0071811417322835
11
-0.4702435039370079
21
-0.0070753543307087
0
LINE
8
BLACK
6
CONTINUOUS
10
-0.4702435039370079
20
-0.0070753543307087
11
-0.4700366141732283
21
-0.0065347244094488
0
LINE
8
BLACK
6
CONTINUOUS
10
-0.4700366141732283
20
-0.0065347244094488
11
-0.4681618503937008
21
-0.0027851968503937
0
LINE
8
BLACK
6
CONTINUOUS
10
-0.4681618503937008
20
-0.0027851968503937
11
-0.468101220472441
21
-0.0026888188976378
0
LINE
8
BLACK
6
CONTINUOUS
10
-0.468101220472441
20
-0.0026888188976378
11
-0.468086062992126
21
-0.0026434251968504
0
LINE
8
BLACK
6
CONTINUOUS
10
-0.468086062992126
20
-0.0026434251968504
11
-0.4680370472440945
21
-0.0025868503937008
0
LINE
8
BLACK
6
CONTINUOUS
10
-0.4680370472440945
20
-0.0025868503937008
11
-0.4678535039370079
21
-0.0022953149606299
0
LINE
8
BLACK
6
CONTINUOUS
10
-0.4678535039370079
20
-0.0022953149606299
11
-0.4677792913385826
21
-0.0022309448818898
0
LINE
8
BLACK
6
CONTINUOUS
10
-0.4677792913385826
20
-0.0022309448818898
11
-0.4678535039370079
21
-0.0021665748031496
0
LINE
8
BLACK
6
CONTINUOUS
10
-0.4678535039370079
20
-0.0021665748031496
11
-0.4680370472440945
21
-0.001875
0
LINE
8
BLACK
6
CONTINUOUS
10
-0.4680370472440945
20
-0.001875
11
-0.468086062992126
21
-0.0018184645669291
0
LINE
8
BLACK
6
CONTINUOUS
10
-0.468086062992126
20
-0.0018184645669291
11
-0.468101220472441
21
-0.001773031496063
0
LINE
8
BLACK
6
CONTINUOUS
10
-0.468101220472441
20
-0.001773031496063
11
-0.4681618503937008
21
-0.0016766929133858
0
LINE
8
BLACK
6
CONTINUOUS
10
-0.4681618503937008
20
-0.0016766929133858
11
-0.4700366141732283
21
0.0020728346456693
0
LINE
8
BLACK
6
CONTINUOUS
10
-0.4700366141732283
20
0.0020728346456693
11
-0.4702435039370079
21
0.0026134645669291
0
LINE
8
BLACK
6
CONTINUOUS
10
-0.4702435039370079
20
0.0026134645669291
11
-0.4702510236220472
21
0.0027192913385827
0
LINE
8
BLACK
6
CONTINUOUS
10
-0.4702510236220472
20
0.0027192913385827
11
-0.4702916141732283
21
0.0028172834645669
0
LINE
8
BLACK
6
CONTINUOUS
10
-0.4702916141732283
20
0.0028172834645669
11
-0.4703483464566929
21
0.0033933464566929
0
LINE
8
BLACK
6
CONTINUOUS
10
-0.4703483464566929
20
0.0033933464566929
11
-0.4703483464566929
21
0.0090176377952756
0
LINE
8
BLACK
6
CONTINUOUS
10
-0.4703483464566929
20
0.0090176377952756
11
-0.4702916141732283
21
0.0095937007874016
0
LINE
8
BLACK
6
CONTINUOUS
10
-0.4702916141732283
20
0.0095937007874016
11
-0.4702510236220472
21
0.0096917322834646
0
LINE
8
BLACK
6
CONTINUOUS
10
-0.4702510236220472
20
0.0096917322834646
11
-0.4702435039370079
21
0.0097975196850394
0
LINE
8
BLACK
6
CONTINUOUS
10
-0.4702435039370079
20
0.0097975196850394
11
-0.4700366141732283
21
0.0103381496062992
0
LINE
8
BLACK
6
CONTINUOUS
10
-0.4700366141732283
20
0.0103381496062992
11
-0.4681618503937008
21
0.0140877165354331
0
LINE
8
BLACK
6
CONTINUOUS
10
-0.4681618503937008
20
0.0140877165354331
11
-0.468101220472441
21
0.0141840551181102
0
LINE
8
BLACK
6
CONTINUOUS
10
-0.468101220472441
20
0.0141840551181102
11
-0.468086062992126
21
0.0142294881889764
0
LINE
8
BLACK
6
CONTINUOUS
10
-0.468086062992126
20
0.0142294881889764
11
-0.4680370078740158
21
0.0142861023622047
0
LINE
8
BLACK
6
CONTINUOUS
10
-0.4680370078740158
20
0.0142861023622047
11
-0.4678535039370079
21
0.0145775590551181
0
LINE
8
BLACK
6
CONTINUOUS
10
-0.4678535039370079
20
0.0145775590551181
11
-0.4675738976377953
21
0.0148200787401575
0
LINE
8
BLACK
6
CONTINUOUS
10
-0.4675738976377953
20
0.0148200787401575
11
-0.4673312204724409
21
0.0150998818897638
0
LINE
8
BLACK
6
CONTINUOUS
10
-0.4673312204724409
20
0.0150998818897638
11
-0.46703968503937
21
0.0152834251968504
0
LINE
8
BLACK
6
CONTINUOUS
10
-0.46703968503937
20
0.0152834251968504
11
-0.4669831102362205
21
0.0153324409448819
0
LINE
8
BLACK
6
CONTINUOUS
10
-0.4669831102362205
20
0.0153324409448819
11
-0.466937716535433
21
0.0153475984251969
0
LINE
8
BLACK
6
CONTINUOUS
10
-0.466937716535433
20
0.0153475984251969
11
-0.4668413385826772
21
0.0154082283464567
0
LINE
8
BLACK
6
CONTINUOUS
10
-0.4668413385826772
20
0.0154082283464567
11
-0.463091811023622
21
0.0172829921259843
0
LINE
8
BLACK
6
CONTINUOUS
10
-0.463091811023622
20
0.0172829921259843
11
-0.462551220472441
21
0.0174898818897638
0
LINE
8
BLACK
6
CONTINUOUS
10
-0.462551220472441
20
0.0174898818897638
11
-0.4624453543307087
21
0.0174974409448819
0
LINE
8
BLACK
6
CONTINUOUS
10
-0.4624453543307087
20
0.0174974409448819
11
-0.4623473622047244
21
0.0175379921259843
0
LINE
8
BLACK
6
CONTINUOUS
10
-0.4623473622047244
20
0.0175379921259843
11
-0.4617712992125984
21
0.0175947244094488
0
LINE
8
BLACK
6
CONTINUOUS
10
-0.4617712992125984
20
0.0175947244094488
11
-0.4411488582677165
21
0.0175947244094488
0
LINE
8
BLACK
6
CONTINUOUS
10
-0.4411488582677165
20
0.0175947244094488
11
-0.4405727952755906
21
0.0175379921259843
0
LINE
8
BLACK
6
CONTINUOUS
10
1.7144259448818897
20
0.0435690551181102
11
1.7144689763779528
21
0.0435754330708661
0
LINE
8
BLACK
6
CONTINUOUS
10
1.7144689763779528
20
0.0435754330708661
11
1.7146844488188977
21
0.0435435826771654
0
LINE
8
BLACK
6
CONTINUOUS
10
1.7146844488188977
20
0.0435435826771654
11
1.714901496062992
21
0.0435222047244095
0
LINE
8
BLACK
6
CONTINUOUS
10
1.714901496062992
20
0.0435222047244095
11
1.7149416929133858
21
0.0435055905511811
0
LINE
8
BLACK
6
CONTINUOUS
10
1.7149416929133858
20
0.0435055905511811
11
1.7150415748031496
21
0.0434907874015748
0
LINE
8
BLACK
6
CONTINUOUS
10
1.7150415748031496
20
0.0434907874015748
11
1.7225406299212598
21
0.0416160236220472
0
LINE
8
BLACK
6
CONTINUOUS
10
1.7225406299212598
20
0.0416160236220472
11
1.7225831102362203
21
0.0416008661417323
0
LINE
8
BLACK
6
CONTINUOUS
10
1.7225831102362203
20
0.0416008661417323
11
1.7226043700787401
21
0.0415993307086614
0
LINE
8
BLACK
6
CONTINUOUS
10
1.7226043700787401
20
0.0415993307086614
11
1.7228437795275591
21
0.0415077165354331
0
LINE
8
BLACK
6
CONTINUOUS
10
1.7228437795275591
20
0.0415077165354331
11
1.7230857480314961
21
0.0414212598425197
0
LINE
8
BLACK
6
CONTINUOUS
10
1.7230857480314961
20
0.0414212598425197
11
1.7231028740157479
21
0.0414085826771654
0
LINE
8
BLACK
6
CONTINUOUS
10
1.7231028740157479
20
0.0414085826771654
11
1.7231449999999999
21
0.0413924409448819
0
LINE
8
BLACK
6
CONTINUOUS
10
1.7231449999999999
20
0.0413924409448819
11
1.726894527559055
21
0.0395176771653543
0
LINE
8
BLACK
6
CONTINUOUS
10
1.726894527559055
20
0.0395176771653543
11
1.7271424015748031
21
0.0393616535433071
0
LINE
8
BLACK
6
CONTINUOUS
10
1.7271424015748031
20
0.0393616535433071
11
1.7272144488188976
21
0.039331811023622
0
LINE
8
BLACK
6
CONTINUOUS
10
1.7272144488188976
20
0.039331811023622
11
1.7272954724409448
21
0.0392653149606299
0
LINE
8
BLACK
6
CONTINUOUS
10
1.7272954724409448
20
0.0392653149606299
11
1.7273844094488189
21
0.0392093307086614
0
LINE
8
BLACK
6
CONTINUOUS
10
1.7273844094488189
20
0.0392093307086614
11
1.7274355511811024
21
0.0391503543307087
0
LINE
8
BLACK
6
CONTINUOUS
10
1.7274355511811024
20
0.0391503543307087
11
1.7276618897637794
21
0.0389646062992126
0
LINE
8
BLACK
6
CONTINUOUS
10
1.7276618897637794
20
0.0389646062992126
11
1.7295366929133857
21
0.037089842519685
0
LINE
8
BLACK
6
CONTINUOUS
10
1.7295366929133857
20
0.037089842519685
11
1.7297224409448819
21
0.0368635039370079
0
LINE
8
BLACK
6
CONTINUOUS
10
1.7297224409448819
20
0.0368635039370079
11
1.729781496062992
21
0.0368122834645669
0
LINE
8
BLACK
6
CONTINUOUS
10
1.729781496062992
20
0.0368122834645669
11
1.7298374803149605
21
0.0367233464566929
0
LINE
8
BLACK
6
CONTINUOUS
10
1.7298374803149605
20
0.0367233464566929
11
1.7299039370078739
21
0.0366423622047244
0
LINE
8
BLACK
6
CONTINUOUS
10
1.7299039370078739
20
0.0366423622047244
11
1.7299337401574804
21
0.0365704330708661
0
LINE
8
BLACK
6
CONTINUOUS
10
1.7299337401574804
20
0.0365704330708661
11
1.7300898425196849
21
0.0363224015748031
0
LINE
8
BLACK
6
CONTINUOUS
10
1.7300898425196849
20
0.0363224015748031
11
1.7319646062992125
21
0.032572874015748
0
LINE
8
BLACK
6
CONTINUOUS
10
1.7319646062992125
20
0.032572874015748
11
1.7321714960629921
21
0.0320322834645669
0
LINE
8
BLACK
6
CONTINUOUS
10
1.7321714960629921
20
0.0320322834645669
11
1.7321790157480315
21
0.0319264173228346
0
LINE
8
BLACK
6
CONTINUOUS
10
1.7321790157480315
20
0.0319264173228346
11
1.7322196062992126
21
0.0318284251968504
0
LINE
8
BLACK
6
CONTINUOUS
10
1.7322196062992126
20
0.0318284251968504
11
1.7322763385826772
21
0.0312523622047244
0
LINE
8
BLACK
6
CONTINUOUS
10
1.7322763385826772
20
0.0312523622047244
11
1.7322763385826772
21
0.0275028346456693
0
LINE
8
BLACK
6
CONTINUOUS
10
1.7322763385826772
20
0.0275028346456693
11
1.7322196062992126
21
0.0269267716535433
0
LINE
8
BLACK
6
CONTINUOUS
10
1.7322196062992126
20
0.0269267716535433
11
1.7321790157480315
21
0.0268288188976378
0
LINE
8
BLACK
6
CONTINUOUS
10
1.7321790157480315
20
0.0268288188976378
11
1.7321714960629921
21
0.0267229133858268
0
LINE
8
BLACK
6
CONTINUOUS
10
1.7321714960629921
20
0.0267229133858268
11
1.7319646062992125
21
0.0261823228346457
0
LINE
8
BLACK
6
CONTINUOUS
10
1.7319646062992125
20
0.0261823228346457
11
1.7300898425196849
21
0.0224327952755906
0
LINE
8
BLACK
6
CONTINUOUS
10
1.7300898425196849
20
0.0224327952755906
11
1.7299337401574804
21
0.0221848031496063
0
LINE
8
BLACK
6
CONTINUOUS
10
1.7299337401574804
20
0.0221848031496063
11
1.7299039370078739
21
0.0221128346456693
0
LINE
8
BLACK
6
CONTINUOUS
10
1.7299039370078739
20
0.0221128346456693
11
1.7298374803149605
21
0.0220318897637795
0
LINE
8
BLACK
6
CONTINUOUS
10
1.7298374803149605
20
0.0220318897637795
11
1.729781496062992
21
0.0219429133858268
0
LINE
8
BLACK
6
CONTINUOUS
10
1.729781496062992
20
0.0219429133858268
11
1.7297224409448819
21
0.0218917322834646
0
LINE
8
BLACK
6
CONTINUOUS
10
1.7297224409448819
20
0.0218917322834646
11
1.7295366929133857
21
0.0216653543307087
0
LINE
8
BLACK
6
CONTINUOUS
10
1.7295366929133857
20
0.0216653543307087
11
1.7276618897637794
21
0.0197905905511811
0
LINE
8
BLACK
6
CONTINUOUS
10
1.7276618897637794
20
0.0197905905511811
11
1.7274355511811024
21
0.0196048818897638
0
LINE
8
BLACK
6
CONTINUOUS
10
1.7274355511811024
20
0.0196048818897638
11
1.7273844094488189
21
0.0195458661417323
0
LINE
8
BLACK
6
CONTINUOUS
10
1.7273844094488189
20
0.0195458661417323
11
1.7272954724409448
21
0.0194899212598425
0
LINE
8
BLACK
6
CONTINUOUS
10
1.7272954724409448
20
0.0194899212598425
11
1.7272144488188976
21
0.0194233858267717
0
LINE
8
BLACK
6
CONTINUOUS
10
1.7272144488188976
20
0.0194233858267717
11
1.7271424015748031
21
0.0193935826771654
0
LINE
8
BLACK
6
CONTINUOUS
10
1.7271424015748031
20
0.0193935826771654
11
1.726894527559055
21
0.0192375196850394
0
LINE
8
BLACK
6
CONTINUOUS
10
1.726894527559055
20
0.0192375196850394
11
1.7231449999999999
21
0.0173627559055118
0
LINE
8
BLACK
6
CONTINUOUS
10
1.7231449999999999
20
0.0173627559055118
11
1.7231028740157479
21
0.0173466535433071
0
LINE
8
BLACK
6
CONTINUOUS
10
1.7231028740157479
20
0.0173466535433071
11
1.7230857480314961
21
0.017333937007874
0
LINE
8
BLACK
6
CONTINUOUS
10
1.7230857480314961
20
0.017333937007874
11
1.7228437795275591
21
0.0172475196850394
0
LINE
8
BLACK
6
CONTINUOUS
10
1.7228437795275591
20
0.0172475196850394
11
1.7226043700787401
21
0.0171558661417323
0
LINE
8
BLACK
6
CONTINUOUS
10
1.7226043700787401
20
0.0171558661417323
11
1.7225831102362203
21
0.0171543700787402
0
LINE
8
BLACK
6
CONTINUOUS
10
1.7225831102362203
20
0.0171543700787402
11
1.7225406299212598
21
0.0171391732283465
0
LINE
8
BLACK
6
CONTINUOUS
10
1.7225406299212598
20
0.0171391732283465
11
1.7150415748031496
21
0.0152644094488189
0
LINE
8
BLACK
6
CONTINUOUS
10
1.7150415748031496
20
0.0152644094488189
11
1.7149416929133858
21
0.0152496456692913
0
LINE
8
BLACK
6
CONTINUOUS
10
1.7149416929133858
20
0.0152496456692913
11
1.714901496062992
21
0.0152329921259843
0
LINE
8
BLACK
6
CONTINUOUS
10
1.714901496062992
20
0.0152329921259843
11
1.7146844488188977
21
0.0152116535433071
0
LINE
8
BLACK
6
CONTINUOUS
10
1.7146844488188977
20
0.0152116535433071
11
1.7144689763779528
21
0.0151797637795276
0
LINE
8
BLACK
6
CONTINUOUS
10
1.7144689763779528
20
0.0151797637795276
11
1.7144259448818897
21
0.0151861811023622
0
LINE
8
BLACK
6
CONTINUOUS
10
1.7144259448818897
20
0.0151861811023622
11
1.7143254330708662
21
0.0151762598425197
0
LINE
8
BLACK
6
CONTINUOUS
10
1.7143254330708662
20
0.0151762598425197
11
1.7049516141732284
21
0.0151762598425197
0
LINE
8
BLACK
6
CONTINUOUS
10
1.7049516141732284
20
0.0151762598425197
11
1.7048510629921259
21
0.0151861811023622
0
LINE
8
BLACK
6
CONTINUOUS
10
1.7048510629921259
20
0.0151861811023622
11
1.7048080708661417
21
0.0151797637795276
0
LINE
8
BLACK
6
CONTINUOUS
10
1.7048080708661417
20
0.0151797637795276
11
1.7045925590551181
21
0.0152116535433071
0
LINE
8
BLACK
6
CONTINUOUS
10
1.7045925590551181
20
0.0152116535433071
11
1.7043755511811023
21
0.0152329921259843
0
LINE
8
BLACK
6
CONTINUOUS
10
1.7043755511811023
20
0.0152329921259843
11
1.70433531496063
21
0.0152496456692913
0
LINE
8
BLACK
6
CONTINUOUS
10
1.70433531496063
20
0.0152496456692913
11
1.7042354724409448
21
0.0152644094488189
0
LINE
8
BLACK
6
CONTINUOUS
10
1.7042354724409448
20
0.0152644094488189
11
1.6967364173228345
21
0.0171391732283465
0
LINE
8
BLACK
6
CONTINUOUS
10
1.6967364173228345
20
0.0171391732283465
11
1.6966938976377952
21
0.0171543700787402
0
LINE
8
BLACK
6
CONTINUOUS
10
1.6966938976377952
20
0.0171543700787402
11
1.6966726377952757
21
0.0171558661417323
0
LINE
8
BLACK
6
CONTINUOUS
10
1.6966726377952757
20
0.0171558661417323
11
1.6964328740157479
21
0.0172476377952756
0
LINE
8
BLACK
6
CONTINUOUS
10
1.6964328740157479
20
0.0172476377952756
11
1.6961912992125985
21
0.017333937007874
0
LINE
8
BLACK
6
CONTINUOUS
10
1.6961912992125985
20
0.017333937007874
11
1.6961741338582677
21
0.0173466535433071
0
LINE
8
BLACK
6
CONTINUOUS
10
1.6961741338582677
20
0.0173466535433071
11
1.6961320472440944
21
0.0173627559055118
0
LINE
8
BLACK
6
CONTINUOUS
10
1.6961320472440944
20
0.0173627559055118
11
1.6923825196850393
21
0.0192375196850394
0
LINE
8
BLACK
6
CONTINUOUS
10
1.6923825196850393
20
0.0192375196850394
11
1.6921344881889764
21
0.0193936220472441
0
LINE
8
BLACK
6
CONTINUOUS
10
1.6921344881889764
20
0.0193936220472441
11
1.6920625590551182
21
0.0194234251968504
0
LINE
8
BLACK
6
CONTINUOUS
10
1.6920625590551182
20
0.0194234251968504
11
1.6919815748031495
21
0.0194899212598425
0
LINE
8
BLACK
6
CONTINUOUS
10
1.6919815748031495
20
0.0194899212598425
11
1.6918926377952757
21
0.0195458661417323
0
LINE
8
BLACK
6
CONTINUOUS
10
1.6918926377952757
20
0.0195458661417323
11
1.6918414566929134
21
0.0196048818897638
0
LINE
8
BLACK
6
CONTINUOUS
10
1.6918414566929134
20
0.0196048818897638
11
1.6916151181102361
21
0.0197906299212598
0
LINE
8
BLACK
6
CONTINUOUS
10
1.6916151181102361
20
0.0197906299212598
11
1.6897403543307086
21
0.0216653937007874
0
LINE
8
BLACK
6
CONTINUOUS
10
1.6897403543307086
20
0.0216653937007874
11
1.6895545669291339
21
0.0218917716535433
0
LINE
8
BLACK
6
CONTINUOUS
10
1.6895545669291339
20
0.0218917716535433
11
1.689495590551181
21
0.0219429133858268
0
LINE
8
BLACK
6
CONTINUOUS
10
1.689495590551181
20
0.0219429133858268
11
1.6894396062992125
21
0.0220318897637795
0
LINE
8
BLACK
6
CONTINUOUS
10
1.6894396062992125
20
0.0220318897637795
11
1.6893731496062991
21
0.0221128346456693
0
LINE
8
BLACK
6
CONTINUOUS
10
1.6893731496062991
20
0.0221128346456693
11
1.6893433070866142
21
0.0221848031496063
0
LINE
8
BLACK
6
CONTINUOUS
10
1.6893433070866142
20
0.0221848031496063
11
1.6891872440944882
21
0.0224327952755906
0
LINE
8
BLACK
6
CONTINUOUS
10
1.6891872440944882
20
0.0224327952755906
11
1.6873124803149606
21
0.0261823228346457
0
LINE
8
BLACK
6
CONTINUOUS
10
1.6873124803149606
20
0.0261823228346457
11
1.6871055905511811
21
0.0267229527559055
0
LINE
8
BLACK
6
CONTINUOUS
10
1.6871055905511811
20
0.0267229527559055
11
1.6870980708661416
21
0.0268287795275591
0
LINE
8
BLACK
6
CONTINUOUS
10
1.6870980708661416
20
0.0268287795275591
11
1.6870574803149605
21
0.0269267716535433
0
LINE
8
BLACK
6
CONTINUOUS
10
1.6870574803149605
20
0.0269267716535433
11
1.6870007480314961
21
0.0275028346456693
0
LINE
8
BLACK
6
CONTINUOUS
10
1.6870007480314961
20
0.0275028346456693
11
1.6870007480314961
21
0.0312523622047244
0
LINE
8
BLACK
6
CONTINUOUS
10
1.6870007480314961
20
0.0312523622047244
11
1.6870574803149605
21
0.0318284251968504
0
LINE
8
BLACK
6
CONTINUOUS
10
1.6870574803149605
20
0.0318284251968504
11
1.6870980708661416
21
0.0319264566929134
0
LINE
8
BLACK
6
CONTINUOUS
10
1.6870980708661416
20
0.0319264566929134
11
1.6871055905511811
21
0.0320322440944882
0
LINE
8
BLACK
6
CONTINUOUS
10
1.6871055905511811
20
0.0320322440944882
11
1.6873124803149606
21
0.032572874015748
0
LINE
8
BLACK
6
CONTINUOUS
10
1.6873124803149606
20
0.032572874015748
11
1.6891872440944882
21
0.0363224015748031
0
LINE
8
BLACK
6
CONTINUOUS
10
1.6891872440944882
20
0.0363224015748031
11
1.6893433070866142
21
0.0365704330708661
0
LINE
8
BLACK
6
CONTINUOUS
10
1.6893433070866142
20
0.0365704330708661
11
1.6893731496062991
21
0.0366423622047244
0
LINE
8
BLACK
6
CONTINUOUS
10
1.6893731496062991
20
0.0366423622047244
11
1.6894396062992125
21
0.0367233464566929
0
LINE
8
BLACK
6
CONTINUOUS
10
1.6894396062992125
20
0.0367233464566929
11
1.689495590551181
21
0.0368122834645669
0
LINE
8
BLACK
6
CONTINUOUS
10
1.689495590551181
20
0.0368122834645669
11
1.6895545669291339
21
0.0368634645669291
0
LINE
8
BLACK
6
CONTINUOUS
10
1.6895545669291339
20
0.0368634645669291
11
1.6897403543307086
21
0.0370898031496063
0
LINE
8
BLACK
6
CONTINUOUS
10
1.6897403543307086
20
0.0370898031496063
11
1.6916151181102361
21
0.0389645669291339
0
LINE
8
BLACK
6
CONTINUOUS
10
1.6916151181102361
20
0.0389645669291339
11
1.6918414566929134
21
0.0391503543307087
0
LINE
8
BLACK
6
CONTINUOUS
10
1.6918414566929134
20
0.0391503543307087
11
1.6918926377952757
21
0.0392093307086614
0
LINE
8
BLACK
6
CONTINUOUS
10
1.6918926377952757
20
0.0392093307086614
11
1.6919815748031495
21
0.0392653149606299
0
LINE
8
BLACK
6
CONTINUOUS
10
1.6919815748031495
20
0.0392653149606299
11
1.6920625590551182
21
0.0393317716535433
0
LINE
8
BLACK
6
CONTINUOUS
10
1.6920625590551182
20
0.0393317716535433
11
1.6921344881889764
21
0.0393616141732283
0
LINE
8
BLACK
6
CONTINUOUS
10
1.6921344881889764
20
0.0393616141732283
11
1.6923825196850393
21
0.0395176771653543
0
LINE
8
BLACK
6
CONTINUOUS
10
1.6923825196850393
20
0.0395176771653543
11
1.6961320472440944
21
0.0413924409448819
0
LINE
8
BLACK
6
CONTINUOUS
10
1.6961320472440944
20
0.0413924409448819
11
1.6961741338582677
21
0.0414085826771654
0
LINE
8
BLACK
6
CONTINUOUS
10
1.6961741338582677
20
0.0414085826771654
11
1.6961912992125985
21
0.0414212598425197
0
LINE
8
BLACK
6
CONTINUOUS
10
1.6961912992125985
20
0.0414212598425197
11
1.6964328740157479
21
0.0415075984251968
0
LINE
8
BLACK
6
CONTINUOUS
10
1.6964328740157479
20
0.0415075984251968
11
1.6966726377952757
21
0.0415993307086614
0
LINE
8
BLACK
6
CONTINUOUS
10
1.6966726377952757
20
0.0415993307086614
11
1.6966938976377952
21
0.0416008661417323
0
LINE
8
BLACK
6
CONTINUOUS
10
1.6966938976377952
20
0.0416008661417323
11
1.6967364173228345
21
0.0416160236220472
0
LINE
8
BLACK
6
CONTINUOUS
10
1.6967364173228345
20
0.0416160236220472
11
1.7042354724409448
21
0.0434907874015748
0
LINE
8
BLACK
6
CONTINUOUS
10
1.7042354724409448
20
0.0434907874015748
11
1.70433531496063
21
0.0435055905511811
0
LINE
8
BLACK
6
CONTINUOUS
10
1.70433531496063
20
0.0435055905511811
11
1.7043755511811023
21
0.0435222047244095
0
LINE
8
BLACK
6
CONTINUOUS
10
1.7043755511811023
20
0.0435222047244095
11
1.7045925590551181
21
0.0435435826771654
0
LINE
8
BLACK
6
CONTINUOUS
10
1.7045925590551181
20
0.0435435826771654
11
1.7048080708661417
21
0.0435754330708661
0
LINE
8
BLACK
6
CONTINUOUS
10
1.7048080708661417
20
0.0435754330708661
11
1.7048510629921259
21
0.0435690551181102
0
LINE
8
BLACK
6
CONTINUOUS
10
1.7048510629921259
20
0.0435690551181102
11
1.7049516141732284
21
0.043578937007874
0
LINE
8
BLACK
6
CONTINUOUS
10
1.7049516141732284
20
0.043578937007874
11
1.7143254330708662
21
0.043578937007874
0
LINE
8
BLACK
6
CONTINUOUS
10
1.7143254330708662
20
0.043578937007874
11
1.7144259448818897
21
0.0435690551181102
0
LINE
8
BLACK
6
CONTINUOUS
10
1.6984831102362203
20
0.0359654330708661
11
1.6954521259842519
21
0.0344499212598425
0
LINE
8
BLACK
6
CONTINUOUS
10
1.6954521259842519
20
0.0344499212598425
11
1.6942550000000001
21
0.0332527952755906
0
LINE
8
BLACK
6
CONTINUOUS
10
1.6942550000000001
20
0.0332527952755906
11
1.6929062598425197
21
0.0305553149606299
0
LINE
8
BLACK
6
CONTINUOUS
10
1.6929062598425197
20
0.0305553149606299
11
1.6929062598425197
21
0.0281998818897638
0
LINE
8
BLACK
6
CONTINUOUS
10
1.6929062598425197
20
0.0281998818897638
11
1.6942550000000001
21
0.0255024015748032
0
LINE
8
BLACK
6
CONTINUOUS
10
1.6942550000000001
20
0.0255024015748032
11
1.6954521259842519
21
0.0243052755905512
0
LINE
8
BLACK
6
CONTINUOUS
10
1.6954521259842519
20
0.0243052755905512
11
1.6984831102362203
21
0.0227898031496063
0
LINE
8
BLACK
6
CONTINUOUS
10
1.6984831102362203
20
0.0227898031496063
11
1.7053151574803149
21
0.0210817716535433
0
LINE
8
BLACK
6
CONTINUOUS
10
1.7053151574803149
20
0.0210817716535433
11
1.7139618897637794
21
0.0210817716535433
0
LINE
8
BLACK
6
CONTINUOUS
10
1.7139618897637794
20
0.0210817716535433
11
1.720793937007874
21
0.0227898031496063
0
LINE
8
BLACK
6
CONTINUOUS
10
1.720793937007874
20
0.0227898031496063
11
1.7238249212598424
21
0.0243053149606299
0
LINE
8
BLACK
6
CONTINUOUS
10
1.7238249212598424
20
0.0243053149606299
11
1.7250220866141732
21
0.0255024409448819
0
LINE
8
BLACK
6
CONTINUOUS
10
1.7250220866141732
20
0.0255024409448819
11
1.7263708267716535
21
0.0281998818897638
0
LINE
8
BLACK
6
CONTINUOUS
10
1.7263708267716535
20
0.0281998818897638
11
1.7263708267716535
21
0.0305553149606299
0
LINE
8
BLACK
6
CONTINUOUS
10
1.7263708267716535
20
0.0305553149606299
11
1.7250220866141732
21
0.0332527952755906
0
LINE
8
BLACK
6
CONTINUOUS
10
1.7250220866141732
20
0.0332527952755906
11
1.7238249212598424
21
0.0344499212598425
0
LINE
8
BLACK
6
CONTINUOUS
10
1.7238249212598424
20
0.0344499212598425
11
1.720793937007874
21
0.0359654330708661
0
LINE
8
BLACK
6
CONTINUOUS
10
1.720793937007874
20
0.0359654330708661
11
1.7139618897637794
21
0.0376734251968504
0
LINE
8
BLACK
6
CONTINUOUS
10
1.7139618897637794
20
0.0376734251968504
11
1.7053151574803149
21
0.0376734251968504
0
LINE
8
BLACK
6
CONTINUOUS
10
1.7053151574803149
20
0.0376734251968504
11
1.6984831102362203
21
0.0359654330708661
0
LINE
8
BLACK
6
CONTINUOUS
10
-0.4405727952755906
20
0.0700314173228346
11
-0.4395083858267717
21
0.0695905118110236
0
LINE
8
BLACK
6
CONTINUOUS
10
-0.4395083858267717
20
0.0695905118110236
11
-0.4386937401574803
21
0.0687758661417323
0
LINE
8
BLACK
6
CONTINUOUS
10
-0.4386937401574803
20
0.0687758661417323
11
-0.4382528346456693
21
0.0677114566929134
0
LINE
8
BLACK
6
CONTINUOUS
10
-0.4382528346456693
20
0.0677114566929134
11
-0.4382528346456693
21
0.0665593307086614
0
LINE
8
BLACK
6
CONTINUOUS
10
-0.4382528346456693
20
0.0665593307086614
11
-0.4386937401574803
21
0.0654949212598425
0
LINE
8
BLACK
6
CONTINUOUS
10
-0.4386937401574803
20
0.0654949212598425
11
-0.4395083858267717
21
0.0646802755905512
0
LINE
8
BLACK
6
CONTINUOUS
10
-0.4395083858267717
20
0.0646802755905512
11
-0.4405727952755906
21
0.0642393700787402
0
LINE
8
BLACK
6
CONTINUOUS
10
-0.4405727952755906
20
0.0642393700787402
11
-0.4411488582677165
21
0.0641826377952756
0
LINE
8
BLACK
6
CONTINUOUS
10
-0.4411488582677165
20
0.0641826377952756
11
-0.4610742519685039
21
0.0641826377952756
0
LINE
8
BLACK
6
CONTINUOUS
10
-0.4610742519685039
20
0.0641826377952756
11
-0.46332
21
0.0630598031496063
0
LINE
8
BLACK
6
CONTINUOUS
10
-0.46332
20
0.0630598031496063
11
-0.4644428346456693
21
0.0608140551181102
0
LINE
8
BLACK
6
CONTINUOUS
10
-0.4644428346456693
20
0.0608140551181102
11
-0.4644428346456693
21
0.0565838188976378
0
LINE
8
BLACK
6
CONTINUOUS
10
-0.4644428346456693
20
0.0565838188976378
11
-0.46332
21
0.0543381102362205
0
LINE
8
BLACK
6
CONTINUOUS
10
-0.46332
20
0.0543381102362205
11
-0.4610742519685039
21
0.0532152362204724
0
LINE
8
BLACK
6
CONTINUOUS
10
-0.4610742519685039
20
0.0532152362204724
11
-0.4411488582677165
21
0.0532152362204724
0
LINE
8
BLACK
6
CONTINUOUS
10
-0.4411488582677165
20
0.0532152362204724
11
-0.4405727952755906
21
0.0531585039370079
0
LINE
8
BLACK
6
CONTINUOUS
10
-0.4405727952755906
20
0.0531585039370079
11
-0.4395083858267717
21
0.0527175984251968
0
LINE
8
BLACK
6
CONTINUOUS
10
-0.4395083858267717
20
0.0527175984251968
11
-0.4386937401574803
21
0.0519029527559055
0
LINE
8
BLACK
6
CONTINUOUS
10
-0.4386937401574803
20
0.0519029527559055
11
-0.4382528346456693
21
0.0508385433070866
0
LINE
8
BLACK
6
CONTINUOUS
10
-0.4382528346456693
20
0.0508385433070866
11
-0.4382528346456693
21
0.0496864173228346
0
LINE
8
BLACK
6
CONTINUOUS
10
-0.4382528346456693
20
0.0496864173228346
11
-0.4386937401574803
21
0.0486220078740157
0
LINE
8
BLACK
6
CONTINUOUS
10
-0.4386937401574803
20
0.0486220078740157
11
-0.4395083858267717
21
0.0478073622047244
0
LINE
8
BLACK
6
CONTINUOUS
10
-0.4395083858267717
20
0.0478073622047244
11
-0.4405727952755906
21
0.0473664566929134
0
LINE
8
BLACK
6
CONTINUOUS
10
-0.4405727952755906
20
0.0473664566929134
11
-0.4411488582677165
21
0.0473097244094488
0
LINE
8
BLACK
6
CONTINUOUS
10
-0.4411488582677165
20
0.0473097244094488
11
-0.4610742519685039
21
0.0473097244094488
0
LINE
8
BLACK
6
CONTINUOUS
10
-0.4610742519685039
20
0.0473097244094488
11
-0.46332
21
0.0461868897637795
0
LINE
8
BLACK
6
CONTINUOUS
10
-0.46332
20
0.0461868897637795
11
-0.4644428346456693
21
0.0439411417322835
0
LINE
8
BLACK
6
CONTINUOUS
10
-0.4644428346456693
20
0.0439411417322835
11
-0.4644428346456693
21
0.0397109448818898
0
LINE
8
BLACK
6
CONTINUOUS
10
-0.4644428346456693
20
0.0397109448818898
11
-0.4630940944881889
21
0.0370134645669291
0
LINE
8
BLACK
6
CONTINUOUS
10
-0.4630940944881889
20
0.0370134645669291
11
-0.4624229921259843
21
0.0363423622047244
0
LINE
8
BLACK
6
CONTINUOUS
10
-0.4624229921259843
20
0.0363423622047244
11
-0.4411488582677165
21
0.0363423622047244
0
LINE
8
BLACK
6
CONTINUOUS
10
-0.4411488582677165
20
0.0363423622047244
11
-0.4405727952755906
21
0.0362856299212598
0
LINE
8
BLACK
6
CONTINUOUS
10
-0.4405727952755906
20
0.0362856299212598
11
-0.4395083858267717
21
0.0358447244094488
0
LINE
8
BLACK
6
CONTINUOUS
10
-0.4395083858267717
20
0.0358447244094488
11
-0.4386937401574803
21
0.0350300787401575
0
LINE
8
BLACK
6
CONTINUOUS
10
-0.4386937401574803
20
0.0350300787401575
11
-0.4382528346456693
21
0.0339656692913386
0
LINE
8
BLACK
6
CONTINUOUS
10
-0.4382528346456693
20
0.0339656692913386
11
-0.4382528346456693
21
0.0328135433070866
0
LINE
8
BLACK
6
CONTINUOUS
10
-0.4382528346456693
20
0.0328135433070866
11
-0.4386937401574803
21
0.0317491338582677
0
LINE
8
BLACK
6
CONTINUOUS
10
-0.4386937401574803
20
0.0317491338582677
11
-0.4395083858267717
21
0.0309344881889764
0
LINE
8
BLACK
6
CONTINUOUS
10
-0.4395083858267717
20
0.0309344881889764
11
-0.4405727952755906
21
0.0304935826771654
0
LINE
8
BLACK
6
CONTINUOUS
10
-0.4405727952755906
20
0.0304935826771654
11
-0.4411488582677165
21
0.0304368503937008
0
LINE
8
BLACK
6
CONTINUOUS
10
-0.4411488582677165
20
0.0304368503937008
11
-0.4673955905511811
21
0.0304368503937008
0
LINE
8
BLACK
6
CONTINUOUS
10
-0.4673955905511811
20
0.0304368503937008
11
-0.4679716535433071
21
0.0304935826771654
0
LINE
8
BLACK
6
CONTINUOUS
10
-0.4679716535433071
20
0.0304935826771654
11
-0.469036062992126
21
0.0309344881889764
0
LINE
8
BLACK
6
CONTINUOUS
10
-0.469036062992126
20
0.0309344881889764
11
-0.4698507086614173
21
0.0317491338582677
0
LINE
8
BLACK
6
CONTINUOUS
10
-0.4698507086614173
20
0.0317491338582677
11
-0.4702916141732283
21
0.0328135433070866
0
LINE
8
BLACK
6
CONTINUOUS
10
-0.4702916141732283
20
0.0328135433070866
11
-0.4702916141732283
21
0.0339656692913386
0
LINE
8
BLACK
6
CONTINUOUS
10
-0.4702916141732283
20
0.0339656692913386
11
-0.4698507086614173
21
0.0350300787401575
0
LINE
8
BLACK
6
CONTINUOUS
10
-0.4698507086614173
20
0.0350300787401575
11
-0.4690868897637795
21
0.035793937007874
0
LINE
8
BLACK
6
CONTINUOUS
10
-0.4690868897637795
20
0.035793937007874
11
-0.4700366141732283
21
0.0376933858267717
0
LINE
8
BLACK
6
CONTINUOUS
10
-0.4700366141732283
20
0.0376933858267717
11
-0.4702435039370079
21
0.0382340157480315
0
LINE
8
BLACK
6
CONTINUOUS
10
-0.4702435039370079
20
0.0382340157480315
11
-0.4702510236220472
21
0.038339842519685
0
LINE
8
BLACK
6
CONTINUOUS
10
-0.4702510236220472
20
0.038339842519685
11
-0.4702916141732283
21
0.0384378346456693
0
LINE
8
BLACK
6
CONTINUOUS
10
-0.4702916141732283
20
0.0384378346456693
11
-0.4703483464566929
21
0.0390138976377953
0
LINE
8
BLACK
6
CONTINUOUS
10
-0.4703483464566929
20
0.0390138976377953
11
-0.4703483464566929
21
0.044638188976378
0
LINE
8
BLACK
6
CONTINUOUS
10
-0.4703483464566929
20
0.044638188976378
11
-0.4702916141732283
21
0.0452142519685039
0
LINE
8
BLACK
6
CONTINUOUS
10
-0.4702916141732283
20
0.0452142519685039
11
-0.4702510236220472
21
0.0453122834645669
0
LINE
8
BLACK
6
CONTINUOUS
10
-0.4702510236220472
20
0.0453122834645669
11
-0.4702435039370079
21
0.0454180708661417
0
LINE
8
BLACK
6
CONTINUOUS
10
-0.4702435039370079
20
0.0454180708661417
11
-0.4700366141732283
21
0.0459587007874016
0
LINE
8
BLACK
6
CONTINUOUS
10
-0.4700366141732283
20
0.0459587007874016
11
-0.4681618503937008
21
0.0497082283464567
0
LINE
8
BLACK
6
CONTINUOUS
10
-0.4681618503937008
20
0.0497082283464567
11
-0.468101220472441
21
0.0498046062992126
0
LINE
8
BLACK
6
CONTINUOUS
10
-0.468101220472441
20
0.0498046062992126
11
-0.468086062992126
21
0.04985
0
LINE
8
BLACK
6
CONTINUOUS
10
-0.468086062992126
20
0.04985
11
-0.4680370472440945
21
0.0499065748031496
0
LINE
8
BLACK
6
CONTINUOUS
10
-0.4680370472440945
20
0.0499065748031496
11
-0.4678535039370079
21
0.0501981102362205
0
LINE
8
BLACK
6
CONTINUOUS
10
-0.4678535039370079
20
0.0501981102362205
11
-0.4677792913385826
21
0.0502624803149606
0
LINE
8
BLACK
6
CONTINUOUS
10
-0.4677792913385826
20
0.0502624803149606
11
-0.4678535039370079
21
0.0503268503937008
0
LINE
8
BLACK
6
CONTINUOUS
10
-0.4678535039370079
20
0.0503268503937008
11
-0.4680370472440945
21
0.0506184251968504
0
LINE
8
BLACK
6
CONTINUOUS
10
-0.4680370472440945
20
0.0506184251968504
11
-0.468086062992126
21
0.0506749606299213
0
LINE
8
BLACK
6
CONTINUOUS
10
-0.468086062992126
20
0.0506749606299213
11
-0.468101220472441
21
0.0507203937007874
0
LINE
8
BLACK
6
CONTINUOUS
10
-0.468101220472441
20
0.0507203937007874
11
-0.4681618503937008
21
0.0508167322834646
0
LINE
8
BLACK
6
CONTINUOUS
10
-0.4681618503937008
20
0.0508167322834646
11
-0.4700366141732283
21
0.0545662598425197
0
LINE
8
BLACK
6
CONTINUOUS
10
-0.4700366141732283
20
0.0545662598425197
11
-0.4702435039370079
21
0.0551068897637795
0
LINE
8
BLACK
6
CONTINUOUS
10
-0.4702435039370079
20
0.0551068897637795
11
-0.4702510236220472
21
0.0552127165354331
0
LINE
8
BLACK
6
CONTINUOUS
10
-0.4702510236220472
20
0.0552127165354331
11
-0.4702916141732283
21
0.0553107086614173
0
LINE
8
BLACK
6
CONTINUOUS
10
-0.4702916141732283
20
0.0553107086614173
11
-0.4703483464566929
21
0.0558867716535433
0
LINE
8
BLACK
6
CONTINUOUS
10
-0.4703483464566929
20
0.0558867716535433
11
-0.4703483464566929
21
0.061511062992126
0
LINE
8
BLACK
6
CONTINUOUS
10
-0.4703483464566929
20
0.061511062992126
11
-0.4702916141732283
21
0.062087125984252
0
LINE
8
BLACK
6
CONTINUOUS
10
-0.4702916141732283
20
0.062087125984252
11
-0.4702510236220472
21
0.062185157480315
0
LINE
8
BLACK
6
CONTINUOUS
10
-0.4702510236220472
20
0.062185157480315
11
-0.4702435039370079
21
0.0622909448818898
0
LINE
8
BLACK
6
CONTINUOUS
10
-0.4702435039370079
20
0.0622909448818898
11
-0.4700366141732283
21
0.0628315748031496
0
LINE
8
BLACK
6
CONTINUOUS
10
-0.4700366141732283
20
0.0628315748031496
11
-0.4681618503937008
21
0.0665811417322835
0
LINE
8
BLACK
6
CONTINUOUS
10
-0.4681618503937008
20
0.0665811417322835
11
-0.468101220472441
21
0.0666774803149606
0
LINE
8
BLACK
6
CONTINUOUS
10
-0.468101220472441
20
0.0666774803149606
11
-0.468086062992126
21
0.0667229133858268
0
LINE
8
BLACK
6
CONTINUOUS
10
-0.468086062992126
20
0.0667229133858268
11
-0.4680370078740158
21
0.0667795275590551
0
LINE
8
BLACK
6
CONTINUOUS
10
-0.4680370078740158
20
0.0667795275590551
11
-0.4678535039370079
21
0.0670709842519685
0
LINE
8
BLACK
6
CONTINUOUS
10
-0.4678535039370079
20
0.0670709842519685
11
-0.4675738976377953
21
0.0673135039370079
0
LINE
8
BLACK
6
CONTINUOUS
10
-0.4675738976377953
20
0.0673135039370079
11
-0.4673312204724409
21
0.0675933070866142
0
LINE
8
BLACK
6
CONTINUOUS
10
-0.4673312204724409
20
0.0675933070866142
11
-0.46703968503937
21
0.0677768503937008
0
LINE
8
BLACK
6
CONTINUOUS
10
-0.46703968503937
20
0.0677768503937008
11
-0.4669831102362205
21
0.0678258661417323
0
LINE
8
BLACK
6
CONTINUOUS
10
-0.4669831102362205
20
0.0678258661417323
11
-0.466937716535433
21
0.0678410236220472
0
LINE
8
BLACK
6
CONTINUOUS
10
-0.466937716535433
20
0.0678410236220472
11
-0.4668413385826772
21
0.0679016535433071
0
LINE
8
BLACK
6
CONTINUOUS
10
-0.4668413385826772
20
0.0679016535433071
11
-0.463091811023622
21
0.0697764173228346
0
LINE
8
BLACK
6
CONTINUOUS
10
-0.463091811023622
20
0.0697764173228346
11
-0.462551220472441
21
0.0699833070866142
0
LINE
8
BLACK
6
CONTINUOUS
10
-0.462551220472441
20
0.0699833070866142
11
-0.4624453543307087
21
0.0699908661417323
0
LINE
8
BLACK
6
CONTINUOUS
10
-0.4624453543307087
20
0.0699908661417323
11
-0.4623473622047244
21
0.0700314173228346
0
LINE
8
BLACK
6
CONTINUOUS
10
-0.4623473622047244
20
0.0700314173228346
11
-0.4617712992125984
21
0.0700881496062992
0
LINE
8
BLACK
6
CONTINUOUS
10
-0.4617712992125984
20
0.0700881496062992
11
-0.4411488582677165
21
0.0700881496062992
0
LINE
8
BLACK
6
CONTINUOUS
10
-0.4411488582677165
20
0.0700881496062992
11
-0.4405727952755906
21
0.0700314173228346
0
LINE
8
BLACK
6
CONTINUOUS
10
1.7144259448818897
20
0.0810643700787401
11
1.7144689763779528
21
0.0810707480314961
0
LINE
8
BLACK
6
CONTINUOUS
10
1.7144689763779528
20
0.0810707480314961
11
1.7146844488188977
21
0.0810388976377953
0
LINE
8
BLACK
6
CONTINUOUS
10
1.7146844488188977
20
0.0810388976377953
11
1.714901496062992
21
0.0810175196850394
0
LINE
8
BLACK
6
CONTINUOUS
10
1.714901496062992
20
0.0810175196850394
11
1.7149416929133858
21
0.081000905511811
0
LINE
8
BLACK
6
CONTINUOUS
10
1.7149416929133858
20
0.081000905511811
11
1.7150415748031496
21
0.0809861023622047
0
LINE
8
BLACK
6
CONTINUOUS
10
1.7150415748031496
20
0.0809861023622047
11
1.7225406299212598
21
0.0791113385826772
0
LINE
8
BLACK
6
CONTINUOUS
10
1.7225406299212598
20
0.0791113385826772
11
1.7225831102362203
21
0.0790961811023622
0
LINE
8
BLACK
6
CONTINUOUS
10
1.7225831102362203
20
0.0790961811023622
11
1.7226043700787401
21
0.0790946456692913
0
LINE
8
BLACK
6
CONTINUOUS
10
1.7226043700787401
20
0.0790946456692913
11
1.7228437795275591
21
0.079003031496063
0
LINE
8
BLACK
6
CONTINUOUS
10
1.7228437795275591
20
0.079003031496063
11
1.7230857480314961
21
0.0789165748031496
0
LINE
8
BLACK
6
CONTINUOUS
10
1.7230857480314961
20
0.0789165748031496
11
1.7231028740157479
21
0.0789038976377953
0
LINE
8
BLACK
6
CONTINUOUS
10
1.7231028740157479
20
0.0789038976377953
11
1.7231449999999999
21
0.0788877559055118
0
LINE
8
BLACK
6
CONTINUOUS
10
1.7231449999999999
20
0.0788877559055118
11
1.726894527559055
21
0.0770129921259843
0
LINE
8
BLACK
6
CONTINUOUS
10
1.726894527559055
20
0.0770129921259843
11
1.7271424015748031
21
0.076856968503937
0
LINE
8
BLACK
6
CONTINUOUS
10
1.7271424015748031
20
0.076856968503937
11
1.7272144488188976
21
0.076827125984252
0
LINE
8
BLACK
6
CONTINUOUS
10
1.7272144488188976
20
0.076827125984252
11
1.7272954724409448
21
0.0767606299212598
0
LINE
8
BLACK
6
CONTINUOUS
10
1.7272954724409448
20
0.0767606299212598
11
1.7273844094488189
21
0.0767046456692913
0
LINE
8
BLACK
6
CONTINUOUS
10
1.7273844094488189
20
0.0767046456692913
11
1.7274355511811024
21
0.0766456692913386
0
LINE
8
BLACK
6
CONTINUOUS
10
1.7274355511811024
20
0.0766456692913386
11
1.7276618897637794
21
0.0764599212598425
0
LINE
8
BLACK
6
CONTINUOUS
10
1.7276618897637794
20
0.0764599212598425
11
1.7295366929133857
21
0.074585157480315
0
LINE
8
BLACK
6
CONTINUOUS
10
1.7295366929133857
20
0.074585157480315
11
1.7297224409448819
21
0.0743588188976378
0
LINE
8
BLACK
6
CONTINUOUS
10
1.7297224409448819
20
0.0743588188976378
11
1.729781496062992
21
0.0743075984251969
0
LINE
8
BLACK
6
CONTINUOUS
10
1.729781496062992
20
0.0743075984251969
11
1.7298374803149605
21
0.0742186614173228
0
LINE
8
BLACK
6
CONTINUOUS
10
1.7298374803149605
20
0.0742186614173228
11
1.7299039370078739
21
0.0741376771653543
0
LINE
8
BLACK
6
CONTINUOUS
10
1.7299039370078739
20
0.0741376771653543
11
1.7299337401574804
21
0.0740657480314961
0
LINE
8
BLACK
6
CONTINUOUS
10
1.7299337401574804
20
0.0740657480314961
11
1.7300898425196849
21
0.0738177165354331
0
LINE
8
BLACK
6
CONTINUOUS
10
1.7300898425196849
20
0.0738177165354331
11
1.7319646062992125
21
0.070068188976378
0
LINE
8
BLACK
6
CONTINUOUS
10
1.7319646062992125
20
0.070068188976378
11
1.7321714960629921
21
0.0695275984251968
0
LINE
8
BLACK
6
CONTINUOUS
10
1.7321714960629921
20
0.0695275984251968
11
1.7321790157480315
21
0.0694217322834646
0
LINE
8
BLACK
6
CONTINUOUS
10
1.7321790157480315
20
0.0694217322834646
11
1.7322196062992126
21
0.0693237401574803
0
LINE
8
BLACK
6
CONTINUOUS
10
1.7322196062992126
20
0.0693237401574803
11
1.7322763385826772
21
0.0687476771653543
0
LINE
8
BLACK
6
CONTINUOUS
10
1.7322763385826772
20
0.0687476771653543
11
1.7322763385826772
21
0.0649981496062992
0
LINE
8
BLACK
6
CONTINUOUS
10
1.7322763385826772
20
0.0649981496062992
11
1.7322196062992126
21
0.0644220866141732
0
LINE
8
BLACK
6
CONTINUOUS
10
1.7322196062992126
20
0.0644220866141732
11
1.7321790157480315
21
0.0643241338582677
0
LINE
8
BLACK
6
CONTINUOUS
10
1.7321790157480315
20
0.0643241338582677
11
1.7321714960629921
21
0.0642182283464567
0
LINE
8
BLACK
6
CONTINUOUS
10
1.7321714960629921
20
0.0642182283464567
11
1.7319646062992125
21
0.0636776377952756
0
LINE
8
BLACK
6
CONTINUOUS
10
1.7319646062992125
20
0.0636776377952756
11
1.7300898425196849
21
0.0599281102362205
0
LINE
8
BLACK
6
CONTINUOUS
10
1.7300898425196849
20
0.0599281102362205
11
1.7299337401574804
21
0.0596801181102362
0
LINE
8
BLACK
6
CONTINUOUS
10
1.7299337401574804
20
0.0596801181102362
11
1.7299039370078739
21
0.0596081496062992
0
LINE
8
BLACK
6
CONTINUOUS
10
1.7299039370078739
20
0.0596081496062992
11
1.7298374803149605
21
0.0595272047244094
0
LINE
8
BLACK
6
CONTINUOUS
10
1.7298374803149605
20
0.0595272047244094
11
1.729781496062992
21
0.0594382283464567
0
LINE
8
BLACK
6
CONTINUOUS
10
1.729781496062992
20
0.0594382283464567
11
1.7297224409448819
21
0.0593870472440945
0
LINE
8
BLACK
6
CONTINUOUS
10
1.7297224409448819
20
0.0593870472440945
11
1.7295366929133857
21
0.0591606692913386
0
LINE
8
BLACK
6
CONTINUOUS
10
1.7295366929133857
20
0.0591606692913386
11
1.7276618897637794
21
0.057285905511811
0
LINE
8
BLACK
6
CONTINUOUS
10
1.7276618897637794
20
0.057285905511811
11
1.7274355511811024
21
0.0571001968503937
0
LINE
8
BLACK
6
CONTINUOUS
10
1.7274355511811024
20
0.0571001968503937
11
1.7273844094488189
21
0.0570411811023622
0
LINE
8
BLACK
6
CONTINUOUS
10
1.7273844094488189
20
0.0570411811023622
11
1.7272954724409448
21
0.0569852362204724
0
LINE
8
BLACK
6
CONTINUOUS
10
1.7272954724409448
20
0.0569852362204724
11
1.7272144488188976
21
0.0569187007874016
0
LINE
8
BLACK
6
CONTINUOUS
10
1.7272144488188976
20
0.0569187007874016
11
1.7271424015748031
21
0.0568888976377953
0
LINE
8
BLACK
6
CONTINUOUS
10
1.7271424015748031
20
0.0568888976377953
11
1.726894527559055
21
0.0567328346456693
0
LINE
8
BLACK
6
CONTINUOUS
10
1.726894527559055
20
0.0567328346456693
11
1.7231449999999999
21
0.0548580708661417
0
LINE
8
BLACK
6
CONTINUOUS
10
1.7231449999999999
20
0.0548580708661417
11
1.7231028740157479
21
0.054841968503937
0
LINE
8
BLACK
6
CONTINUOUS
10
1.7231028740157479
20
0.054841968503937
11
1.7230857480314961
21
0.0548292519685039
0
LINE
8
BLACK
6
CONTINUOUS
10
1.7230857480314961
20
0.0548292519685039
11
1.7228437795275591
21
0.0547428346456693
0
LINE
8
BLACK
6
CONTINUOUS
10
1.7228437795275591
20
0.0547428346456693
11
1.7226043700787401
21
0.0546511811023622
0
LINE
8
BLACK
6
CONTINUOUS
10
1.7226043700787401
20
0.0546511811023622
11
1.7225831102362203
21
0.0546496850393701
0
LINE
8
BLACK
6
CONTINUOUS
10
1.7225831102362203
20
0.0546496850393701
11
1.7225406299212598
21
0.0546344881889764
0
LINE
8
BLACK
6
CONTINUOUS
10
1.7225406299212598
20
0.0546344881889764
11
1.7150415748031496
21
0.0527597244094488
0
LINE
8
BLACK
6
CONTINUOUS
10
1.7150415748031496
20
0.0527597244094488
11
1.7149416929133858
21
0.0527449606299213
0
LINE
8
BLACK
6
CONTINUOUS
10
1.7149416929133858
20
0.0527449606299213
11
1.714901496062992
21
0.0527283070866142
0
LINE
8
BLACK
6
CONTINUOUS
10
1.714901496062992
20
0.0527283070866142
11
1.7146844488188977
21
0.052706968503937
0
LINE
8
BLACK
6
CONTINUOUS
10
1.7146844488188977
20
0.052706968503937
11
1.7144689763779528
21
0.0526750787401575
0
LINE
8
BLACK
6
CONTINUOUS
10
1.7144689763779528
20
0.0526750787401575
11
1.7144259448818897
21
0.0526814960629921
0
LINE
8
BLACK
6
CONTINUOUS
10
1.7144259448818897
20
0.0526814960629921
11
1.7143254330708662
21
0.0526715748031496
0
LINE
8
BLACK
6
CONTINUOUS
10
1.7143254330708662
20
0.0526715748031496
11
1.7049516141732284
21
0.0526715748031496
0
LINE
8
BLACK
6
CONTINUOUS
10
1.7049516141732284
20
0.0526715748031496
11
1.7048510629921259
21
0.0526814960629921
0
LINE
8
BLACK
6
CONTINUOUS
10
1.7048510629921259
20
0.0526814960629921
11
1.7048080708661417
21
0.0526750787401575
0
LINE
8
BLACK
6
CONTINUOUS
10
1.7048080708661417
20
0.0526750787401575
11
1.7045925590551181
21
0.052706968503937
0
LINE
8
BLACK
6
CONTINUOUS
10
1.7045925590551181
20
0.052706968503937
11
1.7043755511811023
21
0.0527283070866142
0
LINE
8
BLACK
6
CONTINUOUS
10
1.7043755511811023
20
0.0527283070866142
11
1.70433531496063
21
0.0527449606299213
0
LINE
8
BLACK
6
CONTINUOUS
10
1.70433531496063
20
0.0527449606299213
11
1.7042354724409448
21
0.0527597244094488
0
LINE
8
BLACK
6
CONTINUOUS
10
1.7042354724409448
20
0.0527597244094488
11
1.6967364173228345
21
0.0546344881889764
0
LINE
8
BLACK
6
CONTINUOUS
10
1.6967364173228345
20
0.0546344881889764
11
1.6966938976377952
21
0.0546496850393701
0
LINE
8
BLACK
6
CONTINUOUS
10
1.6966938976377952
20
0.0546496850393701
11
1.6966726377952757
21
0.0546511811023622
0
LINE
8
BLACK
6
CONTINUOUS
10
1.6966726377952757
20
0.0546511811023622
11
1.6964328740157479
21
0.0547429527559055
0
LINE
8
BLACK
6
CONTINUOUS
10
1.6964328740157479
20
0.0547429527559055
11
1.6961912992125985
21
0.0548292519685039
0
LINE
8
BLACK
6
CONTINUOUS
10
1.6961912992125985
20
0.0548292519685039
11
1.6961741338582677
21
0.054841968503937
0
LINE
8
BLACK
6
CONTINUOUS
10
1.6961741338582677
20
0.054841968503937
11
1.6961320472440944
21
0.0548580708661417
0
LINE
8
BLACK
6
CONTINUOUS
10
1.6961320472440944
20
0.0548580708661417
11
1.6923825196850393
21
0.0567328346456693
0
LINE
8
BLACK
6
CONTINUOUS
10
1.6923825196850393
20
0.0567328346456693
11
1.6921344881889764
21
0.056888937007874
0
LINE
8
BLACK
6
CONTINUOUS
10
1.6921344881889764
20
0.056888937007874
11
1.6920625590551182
21
0.0569187401574803
0
LINE
8
BLACK
6
CONTINUOUS
10
1.6920625590551182
20
0.0569187401574803
11
1.6919815748031495
21
0.0569852362204724
0
LINE
8
BLACK
6
CONTINUOUS
10
1.6919815748031495
20
0.0569852362204724
11
1.6918926377952757
21
0.0570411811023622
0
LINE
8
BLACK
6
CONTINUOUS
10
1.6918926377952757
20
0.0570411811023622
11
1.6918414566929134
21
0.0571001968503937
0
LINE
8
BLACK
6
CONTINUOUS
10
1.6918414566929134
20
0.0571001968503937
11
1.6916151181102361
21
0.0572859448818898
0
LINE
8
BLACK
6
CONTINUOUS
10
1.6916151181102361
20
0.0572859448818898
11
1.6897403543307086
21
0.0591607086614173
0
LINE
8
BLACK
6
CONTINUOUS
10
1.6897403543307086
20
0.0591607086614173
11
1.6895545669291339
21
0.0593870866141732
0
LINE
8
BLACK
6
CONTINUOUS
10
1.6895545669291339
20
0.0593870866141732
11
1.689495590551181
21
0.0594382283464567
0
LINE
8
BLACK
6
CONTINUOUS
10
1.689495590551181
20
0.0594382283464567
11
1.6894396062992125
21
0.0595272047244094
0
LINE
8
BLACK
6
CONTINUOUS
10
1.6894396062992125
20
0.0595272047244094
11
1.6893731496062991
21
0.0596081496062992
0
LINE
8
BLACK
6
CONTINUOUS
10
1.6893731496062991
20
0.0596081496062992
11
1.6893433070866142
21
0.0596801181102362
0
LINE
8
BLACK
6
CONTINUOUS
10
1.6893433070866142
20
0.0596801181102362
11
1.6891872440944882
21
0.0599281102362205
0
LINE
8
BLACK
6
CONTINUOUS
10
1.6891872440944882
20
0.0599281102362205
11
1.6873124803149606
21
0.0636776377952756
0
LINE
8
BLACK
6
CONTINUOUS
10
1.6873124803149606
20
0.0636776377952756
11
1.6871055905511811
21
0.0642182677165354
0
LINE
8
BLACK
6
CONTINUOUS
10
1.6871055905511811
20
0.0642182677165354
11
1.6870980708661416
21
0.064324094488189
0
LINE
8
BLACK
6
CONTINUOUS
10
1.6870980708661416
20
0.064324094488189
11
1.6870574803149605
21
0.0644220866141732
0
LINE
8
BLACK
6
CONTINUOUS
10
1.6870574803149605
20
0.0644220866141732
11
1.6870007480314961
21
0.0649981496062992
0
LINE
8
BLACK
6
CONTINUOUS
10
1.6870007480314961
20
0.0649981496062992
11
1.6870007480314961
21
0.0687476771653543
0
LINE
8
BLACK
6
CONTINUOUS
10
1.6870007480314961
20
0.0687476771653543
11
1.6870574803149605
21
0.0693237401574803
0
LINE
8
BLACK
6
CONTINUOUS
10
1.6870574803149605
20
0.0693237401574803
11
1.6870980708661416
21
0.0694217716535433
0
LINE
8
BLACK
6
CONTINUOUS
10
1.6870980708661416
20
0.0694217716535433
11
1.6871055905511811
21
0.0695275590551181
0
LINE
8
BLACK
6
CONTINUOUS
10
1.6871055905511811
20
0.0695275590551181
11
1.6873124803149606
21
0.070068188976378
0
LINE
8
BLACK
6
CONTINUOUS
10
1.6873124803149606
20
0.070068188976378
11
1.6891872440944882
21
0.0738177165354331
0
LINE
8
BLACK
6
CONTINUOUS
10
1.6891872440944882
20
0.0738177165354331
11
1.6893433070866142
21
0.0740657480314961
0
LINE
8
BLACK
6
CONTINUOUS
10
1.6893433070866142
20
0.0740657480314961
11
1.6893731496062991
21
0.0741376771653543
0
LINE
8
BLACK
6
CONTINUOUS
10
1.6893731496062991
20
0.0741376771653543
11
1.6894396062992125
21
0.0742186614173228
0
LINE
8
BLACK
6
CONTINUOUS
10
1.6894396062992125
20
0.0742186614173228
11
1.689495590551181
21
0.0743075984251969
0
LINE
8
BLACK
6
CONTINUOUS
10
1.689495590551181
20
0.0743075984251969
11
1.6895545669291339
21
0.0743587795275591
0
LINE
8
BLACK
6
CONTINUOUS
10
1.6895545669291339
20
0.0743587795275591
11
1.6897403543307086
21
0.0745851181102362
0
LINE
8
BLACK
6
CONTINUOUS
10
1.6897403543307086
20
0.0745851181102362
11
1.6916151181102361
21
0.0764598818897638
0
LINE
8
BLACK
6
CONTINUOUS
10
1.6916151181102361
20
0.0764598818897638
11
1.6918414566929134
21
0.0766456692913386
0
LINE
8
BLACK
6
CONTINUOUS
10
1.6918414566929134
20
0.0766456692913386
11
1.6918926377952757
21
0.0767046456692913
0
LINE
8
BLACK
6
CONTINUOUS
10
1.6918926377952757
20
0.0767046456692913
11
1.6919815748031495
21
0.0767606299212598
0
LINE
8
BLACK
6
CONTINUOUS
10
1.6919815748031495
20
0.0767606299212598
11
1.6920625590551182
21
0.0768270866141732
0
LINE
8
BLACK
6
CONTINUOUS
10
1.6920625590551182
20
0.0768270866141732
11
1.6921344881889764
21
0.0768569291338583
0
LINE
8
BLACK
6
CONTINUOUS
10
1.6921344881889764
20
0.0768569291338583
11
1.6923825196850393
21
0.0770129921259843
0
LINE
8
BLACK
6
CONTINUOUS
10
1.6923825196850393
20
0.0770129921259843
11
1.6961320472440944
21
0.0788877559055118
0
LINE
8
BLACK
6
CONTINUOUS
10
1.6961320472440944
20
0.0788877559055118
11
1.6961741338582677
21
0.0789038976377953
0
LINE
8
BLACK
6
CONTINUOUS
10
1.6961741338582677
20
0.0789038976377953
11
1.6961912992125985
21
0.0789165748031496
0
LINE
8
BLACK
6
CONTINUOUS
10
1.6961912992125985
20
0.0789165748031496
11
1.6964328740157479
21
0.0790029133858268
0
LINE
8
BLACK
6
CONTINUOUS
10
1.6964328740157479
20
0.0790029133858268
11
1.6966726377952757
21
0.0790946456692913
0
LINE
8
BLACK
6
CONTINUOUS
10
1.6966726377952757
20
0.0790946456692913
11
1.6966938976377952
21
0.0790961811023622
0
LINE
8
BLACK
6
CONTINUOUS
10
1.6966938976377952
20
0.0790961811023622
11
1.6967364173228345
21
0.0791113385826772
0
LINE
8
BLACK
6
CONTINUOUS
10
1.6967364173228345
20
0.0791113385826772
11
1.7042354724409448
21
0.0809861023622047
0
LINE
8
BLACK
6
CONTINUOUS
10
1.7042354724409448
20
0.0809861023622047
11
1.70433531496063
21
0.081000905511811
0
LINE
8
BLACK
6
CONTINUOUS
10
1.70433531496063
20
0.081000905511811
11
1.7043755511811023
21
0.0810175196850394
0
LINE
8
BLACK
6
CONTINUOUS
10
1.7043755511811023
20
0.0810175196850394
11
1.7045925590551181
21
0.0810388976377953
0
LINE
8
BLACK
6
CONTINUOUS
10
1.7045925590551181
20
0.0810388976377953
11
1.7048080708661417
21
0.0810707480314961
0
LINE
8
BLACK
6
CONTINUOUS
10
1.7048080708661417
20
0.0810707480314961
11
1.7048510629921259
21
0.0810643700787401
0
LINE
8
BLACK
6
CONTINUOUS
10
1.7048510629921259
20
0.0810643700787401
11
1.7049516141732284
21
0.0810742519685039
0
LINE
8
BLACK
6
CONTINUOUS
10
1.7049516141732284
20
0.0810742519685039
11
1.7143254330708662
21
0.0810742519685039
0
LINE
8
BLACK
6
CONTINUOUS
10
1.7143254330708662
20
0.0810742519685039
11
1.7144259448818897
21
0.0810643700787401
0
LINE
8
BLACK
6
CONTINUOUS
10
1.6984831102362203
20
0.0734607480314961
11
1.6954521259842519
21
0.0719452362204724
0
LINE
8
BLACK
6
CONTINUOUS
10
1.6954521259842519
20
0.0719452362204724
11
1.6942550000000001
21
0.0707481102362205
0
LINE
8
BLACK
6
CONTINUOUS
10
1.6942550000000001
20
0.0707481102362205
11
1.6929062598425197
21
0.0680506299212598
0
LINE
8
BLACK
6
CONTINUOUS
10
1.6929062598425197
20
0.0680506299212598
11
1.6929062598425197
21
0.0656951968503937
0
LINE
8
BLACK
6
CONTINUOUS
10
1.6929062598425197
20
0.0656951968503937
11
1.6942550000000001
21
0.0629977165354331
0
LINE
8
BLACK
6
CONTINUOUS
10
1.6942550000000001
20
0.0629977165354331
11
1.6954521259842519
21
0.0618005905511811
0
LINE
8
BLACK
6
CONTINUOUS
10
1.6954521259842519
20
0.0618005905511811
11
1.6984831102362203
21
0.0602851181102362
0
LINE
8
BLACK
6
CONTINUOUS
10
1.6984831102362203
20
0.0602851181102362
11
1.7053151574803149
21
0.0585770866141732
0
LINE
8
BLACK
6
CONTINUOUS
10
1.7053151574803149
20
0.0585770866141732
11
1.7139618897637794
21
0.0585770866141732
0
LINE
8
BLACK
6
CONTINUOUS
10
1.7139618897637794
20
0.0585770866141732
11
1.720793937007874
21
0.0602851181102362
0
LINE
8
BLACK
6
CONTINUOUS
10
1.720793937007874
20
0.0602851181102362
11
1.7238249212598424
21
0.0618006299212598
0
LINE
8
BLACK
6
CONTINUOUS
10
1.7238249212598424
20
0.0618006299212598
11
1.7250220866141732
21
0.0629977559055118
0
LINE
8
BLACK
6
CONTINUOUS
10
1.7250220866141732
20
0.0629977559055118
11
1.7263708267716535
21
0.0656951968503937
0
LINE
8
BLACK
6
CONTINUOUS
10
1.7263708267716535
20
0.0656951968503937
11
1.7263708267716535
21
0.0680506299212598
0
LINE
8
BLACK
6
CONTINUOUS
10
1.7263708267716535
20
0.0680506299212598
11
1.7250220866141732
21
0.0707481102362205
0
LINE
8
BLACK
6
CONTINUOUS
10
1.7250220866141732
20
0.0707481102362205
11
1.7238249212598424
21
0.0719452362204724
0
LINE
8
BLACK
6
CONTINUOUS
10
1.7238249212598424
20
0.0719452362204724
11
1.720793937007874
21
0.0734607480314961
0
LINE
8
BLACK
6
CONTINUOUS
10
1.720793937007874
20
0.0734607480314961
11
1.7139618897637794
21
0.0751687401574803
0
LINE
8
BLACK
6
CONTINUOUS
10
1.7139618897637794
20
0.0751687401574803
11
1.7053151574803149
21
0.0751687401574803
0
LINE
8
BLACK
6
CONTINUOUS
10
1.7053151574803149
20
0.0751687401574803
11
1.6984831102362203
21
0.0734607480314961
0
LINE
8
BLACK
6
CONTINUOUS
10
1.7298996456692912
20
0.1616324803149606
11
1.7309640551181102
21
0.1611915748031496
0
LINE
8
BLACK
6
CONTINUOUS
10
1.7309640551181102
20
0.1611915748031496
11
1.7317787007874015
21
0.1603769291338583
0
LINE
8
BLACK
6
CONTINUOUS
10
1.7317787007874015
20
0.1603769291338583
11
1.7322196062992126
21
0.1593125196850394
0
LINE
8
BLACK
6
CONTINUOUS
10
1.7322196062992126
20
0.1593125196850394
11
1.7322196062992126
21
0.1581603937007874
0
LINE
8
BLACK
6
CONTINUOUS
10
1.7322196062992126
20
0.1581603937007874
11
1.7317787007874015
21
0.1570959842519685
0
LINE
8
BLACK
6
CONTINUOUS
10
1.7317787007874015
20
0.1570959842519685
11
1.7309640551181102
21
0.1562813385826771
0
LINE
8
BLACK
6
CONTINUOUS
10
1.7309640551181102
20
0.1562813385826771
11
1.7298996456692912
21
0.1558404330708661
0
LINE
8
BLACK
6
CONTINUOUS
10
1.7298996456692912
20
0.1558404330708661
11
1.7293235826771653
21
0.1557837007874016
0
LINE
8
BLACK
6
CONTINUOUS
10
1.7293235826771653
20
0.1557837007874016
11
1.7093981889763779
21
0.1557837007874016
0
LINE
8
BLACK
6
CONTINUOUS
10
1.7093981889763779
20
0.1557837007874016
11
1.7071524409448819
21
0.1546608661417323
0
LINE
8
BLACK
6
CONTINUOUS
10
1.7071524409448819
20
0.1546608661417323
11
1.7060296062992126
21
0.1524151181102362
0
LINE
8
BLACK
6
CONTINUOUS
10
1.7060296062992126
20
0.1524151181102362
11
1.7060296062992126
21
0.1481848818897638
0
LINE
8
BLACK
6
CONTINUOUS
10
1.7060296062992126
20
0.1481848818897638
11
1.7071524409448819
21
0.1459391732283465
0
LINE
8
BLACK
6
CONTINUOUS
10
1.7071524409448819
20
0.1459391732283465
11
1.7093981889763779
21
0.1448162992125984
0
LINE
8
BLACK
6
CONTINUOUS
10
1.7093981889763779
20
0.1448162992125984
11
1.7293235826771653
21
0.1448162992125984
0
LINE
8
BLACK
6
CONTINUOUS
10
1.7293235826771653
20
0.1448162992125984
11
1.7298996456692912
21
0.1447595669291339
0
LINE
8
BLACK
6
CONTINUOUS
10
1.7298996456692912
20
0.1447595669291339
11
1.7309640551181102
21
0.1443186614173228
0
LINE
8
BLACK
6
CONTINUOUS
10
1.7309640551181102
20
0.1443186614173228
11
1.7317787007874015
21
0.1435040157480315
0
LINE
8
BLACK
6
CONTINUOUS
10
1.7317787007874015
20
0.1435040157480315
11
1.7322196062992126
21
0.1424396062992126
0
LINE
8
BLACK
6
CONTINUOUS
10
1.7322196062992126
20
0.1424396062992126
11
1.7322196062992126
21
0.1412874803149606
0
LINE
8
BLACK
6
CONTINUOUS
10
1.7322196062992126
20
0.1412874803149606
11
1.7317787007874015
21
0.1402230708661417
0
LINE
8
BLACK
6
CONTINUOUS
10
1.7317787007874015
20
0.1402230708661417
11
1.7309640551181102
21
0.1394084251968504
0
LINE
8
BLACK
6
CONTINUOUS
10
1.7309640551181102
20
0.1394084251968504
11
1.7298996456692912
21
0.1389675196850394
0
LINE
8
BLACK
6
CONTINUOUS
10
1.7298996456692912
20
0.1389675196850394
11
1.7293235826771653
21
0.1389107874015748
0
LINE
8
BLACK
6
CONTINUOUS
10
1.7293235826771653
20
0.1389107874015748
11
1.7093981889763779
21
0.1389107874015748
0
LINE
8
BLACK
6
CONTINUOUS
10
1.7093981889763779
20
0.1389107874015748
11
1.7071524409448819
21
0.1377879527559055
0
LINE
8
BLACK
6
CONTINUOUS
10
1.7071524409448819
20
0.1377879527559055
11
1.7060296062992126
21
0.1355422047244094
0
LINE
8
BLACK
6
CONTINUOUS
10
1.7060296062992126
20
0.1355422047244094
11
1.7060296062992126
21
0.1313120078740158
0
LINE
8
BLACK
6
CONTINUOUS
10
1.7060296062992126
20
0.1313120078740158
11
1.707378346456693
21
0.1286145275590551
0
LINE
8
BLACK
6
CONTINUOUS
10
1.707378346456693
20
0.1286145275590551
11
1.7080494488188975
21
0.1279434251968504
0
LINE
8
BLACK
6
CONTINUOUS
10
1.7080494488188975
20
0.1279434251968504
11
1.7293235826771653
21
0.1279434251968504
0
LINE
8
BLACK
6
CONTINUOUS
10
1.7293235826771653
20
0.1279434251968504
11
1.7298996456692912
21
0.1278866929133858
0
LINE
8
BLACK
6
CONTINUOUS
10
1.7298996456692912
20
0.1278866929133858
11
1.7309640551181102
21
0.1274457874015748
0
LINE
8
BLACK
6
CONTINUOUS
10
1.7309640551181102
20
0.1274457874015748
11
1.7317787007874015
21
0.1266311417322835
0
LINE
8
BLACK
6
CONTINUOUS
10
1.7317787007874015
20
0.1266311417322835
11
1.7322196062992126
21
0.1255667322834646
0
LINE
8
BLACK
6
CONTINUOUS
10
1.7322196062992126
20
0.1255667322834646
11
1.7322196062992126
21
0.1244146062992126
0
LINE
8
BLACK
6
CONTINUOUS
10
1.7322196062992126
20
0.1244146062992126
11
1.7317787007874015
21
0.1233501968503937
0
LINE
8
BLACK
6
CONTINUOUS
10
1.7317787007874015
20
0.1233501968503937
11
1.7309640551181102
21
0.1225355511811024
0
LINE
8
BLACK
6
CONTINUOUS
10
1.7309640551181102
20
0.1225355511811024
11
1.7298996456692912
21
0.1220946456692913
0
LINE
8
BLACK
6
CONTINUOUS
10
1.7298996456692912
20
0.1220946456692913
11
1.7293235826771653
21
0.1220379133858268
0
LINE
8
BLACK
6
CONTINUOUS
10
1.7293235826771653
20
0.1220379133858268
11
1.7030768503937008
21
0.1220379133858268
0
LINE
8
BLACK
6
CONTINUOUS
10
1.7030768503937008
20
0.1220379133858268
11
1.7025007874015747
21
0.1220946456692913
0
LINE
8
BLACK
6
CONTINUOUS
10
1.7025007874015747
20
0.1220946456692913
11
1.7014363779527559
21
0.1225355511811024
0
LINE
8
BLACK
6
CONTINUOUS
10
1.7014363779527559
20
0.1225355511811024
11
1.7006217322834645
21
0.1233501968503937
0
LINE
8
BLACK
6
CONTINUOUS
10
1.7006217322834645
20
0.1233501968503937
11
1.7001808267716536
21
0.1244146062992126
0
LINE
8
BLACK
6
CONTINUOUS
10
1.7001808267716536
20
0.1244146062992126
11
1.7001808267716536
21
0.1255667322834646
0
LINE
8
BLACK
6
CONTINUOUS
10
1.7001808267716536
20
0.1255667322834646
11
1.7006217322834645
21
0.1266311417322835
0
LINE
8
BLACK
6
CONTINUOUS
10
1.7006217322834645
20
0.1266311417322835
11
1.7013855511811022
21
0.127395
0
LINE
8
BLACK
6
CONTINUOUS
10
1.7013855511811022
20
0.127395
11
1.7004358267716535
21
0.1292944488188976
0
LINE
8
BLACK
6
CONTINUOUS
10
1.7004358267716535
20
0.1292944488188976
11
1.700228937007874
21
0.1298350787401575
0
LINE
8
BLACK
6
CONTINUOUS
10
1.700228937007874
20
0.1298350787401575
11
1.7002214173228347
21
0.129940905511811
0
LINE
8
BLACK
6
CONTINUOUS
10
1.7002214173228347
20
0.129940905511811
11
1.7001808267716536
21
0.1300388976377953
0
LINE
8
BLACK
6
CONTINUOUS
10
1.7001808267716536
20
0.1300388976377953
11
1.700124094488189
21
0.1306149606299213
0
LINE
8
BLACK
6
CONTINUOUS
10
1.700124094488189
20
0.1306149606299213
11
1.700124094488189
21
0.1362392519685039
0
LINE
8
BLACK
6
CONTINUOUS
10
1.700124094488189
20
0.1362392519685039
11
1.7001808267716536
21
0.1368153149606299
0
LINE
8
BLACK
6
CONTINUOUS
10
1.7001808267716536
20
0.1368153149606299
11
1.7002214173228347
21
0.1369133464566929
0
LINE
8
BLACK
6
CONTINUOUS
10
1.7002214173228347
20
0.1369133464566929
11
1.700228937007874
21
0.1370191338582677
0
LINE
8
BLACK
6
CONTINUOUS
10
1.700228937007874
20
0.1370191338582677
11
1.7004358267716535
21
0.1375597637795276
0
LINE
8
BLACK
6
CONTINUOUS
10
1.7004358267716535
20
0.1375597637795276
11
1.7023105905511811
21
0.1413092913385827
0
LINE
8
BLACK
6
CONTINUOUS
10
1.7023105905511811
20
0.1413092913385827
11
1.7023712204724408
21
0.1414056692913386
0
LINE
8
BLACK
6
CONTINUOUS
10
1.7023712204724408
20
0.1414056692913386
11
1.7023863779527559
21
0.141451062992126
0
LINE
8
BLACK
6
CONTINUOUS
10
1.7023863779527559
20
0.141451062992126
11
1.7024353937007874
21
0.1415076377952756
0
LINE
8
BLACK
6
CONTINUOUS
10
1.7024353937007874
20
0.1415076377952756
11
1.7026189370078739
21
0.1417991732283465
0
LINE
8
BLACK
6
CONTINUOUS
10
1.7026189370078739
20
0.1417991732283465
11
1.7026931496062991
21
0.1418635433070866
0
LINE
8
BLACK
6
CONTINUOUS
10
1.7026931496062991
20
0.1418635433070866
11
1.7026189370078739
21
0.1419279133858268
0
LINE
8
BLACK
6
CONTINUOUS
10
1.7026189370078739
20
0.1419279133858268
11
1.7024353937007874
21
0.1422194881889764
0
LINE
8
BLACK
6
CONTINUOUS
10
1.7024353937007874
20
0.1422194881889764
11
1.7023863779527559
21
0.1422760236220472
0
LINE
8
BLACK
6
CONTINUOUS
10
1.7023863779527559
20
0.1422760236220472
11
1.7023712204724408
21
0.1423214566929134
0
LINE
8
BLACK
6
CONTINUOUS
10
1.7023712204724408
20
0.1423214566929134
11
1.7023105905511811
21
0.1424177952755905
0
LINE
8
BLACK
6
CONTINUOUS
10
1.7023105905511811
20
0.1424177952755905
11
1.7004358267716535
21
0.1461673228346457
0
LINE
8
BLACK
6
CONTINUOUS
10
1.7004358267716535
20
0.1461673228346457
11
1.700228937007874
21
0.1467079527559055
0
LINE
8
BLACK
6
CONTINUOUS
10
1.700228937007874
20
0.1467079527559055
11
1.7002214173228347
21
0.1468137795275591
0
LINE
8
BLACK
6
CONTINUOUS
10
1.7002214173228347
20
0.1468137795275591
11
1.7001808267716536
21
0.1469117716535433
0
LINE
8
BLACK
6
CONTINUOUS
10
1.7001808267716536
20
0.1469117716535433
11
1.700124094488189
21
0.1474878346456693
0
LINE
8
BLACK
6
CONTINUOUS
10
1.700124094488189
20
0.1474878346456693
11
1.700124094488189
21
0.153112125984252
0
LINE
8
BLACK
6
CONTINUOUS
10
1.700124094488189
20
0.153112125984252
11
1.7001808267716536
21
0.153688188976378
0
LINE
8
BLACK
6
CONTINUOUS
10
1.7001808267716536
20
0.153688188976378
11
1.7002214173228347
21
0.1537862204724409
0
LINE
8
BLACK
6
CONTINUOUS
10
1.7002214173228347
20
0.1537862204724409
11
1.700228937007874
21
0.1538920078740157
0
LINE
8
BLACK
6
CONTINUOUS
10
1.700228937007874
20
0.1538920078740157
11
1.7004358267716535
21
0.1544326377952756
0
LINE
8
BLACK
6
CONTINUOUS
10
1.7004358267716535
20
0.1544326377952756
11
1.7023105905511811
21
0.1581822047244094
0
LINE
8
BLACK
6
CONTINUOUS
10
1.7023105905511811
20
0.1581822047244094
11
1.7023712204724408
21
0.1582785433070866
0
LINE
8
BLACK
6
CONTINUOUS
10
1.7023712204724408
20
0.1582785433070866
11
1.7023863779527559
21
0.1583239763779528
0
LINE
8
BLACK
6
CONTINUOUS
10
1.7023863779527559
20
0.1583239763779528
11
1.7024354330708662
21
0.1583805905511811
0
LINE
8
BLACK
6
CONTINUOUS
10
1.7024354330708662
20
0.1583805905511811
11
1.7026189370078739
21
0.1586720472440945
0
LINE
8
BLACK
6
CONTINUOUS
10
1.7026189370078739
20
0.1586720472440945
11
1.7028985433070867
21
0.1589145669291339
0
LINE
8
BLACK
6
CONTINUOUS
10
1.7028985433070867
20
0.1589145669291339
11
1.703141220472441
21
0.1591943700787402
0
LINE
8
BLACK
6
CONTINUOUS
10
1.703141220472441
20
0.1591943700787402
11
1.7034327559055118
21
0.1593779133858268
0
LINE
8
BLACK
6
CONTINUOUS
10
1.7034327559055118
20
0.1593779133858268
11
1.7034893307086614
21
0.1594269291338583
0
LINE
8
BLACK
6
CONTINUOUS
10
1.7034893307086614
20
0.1594269291338583
11
1.7035347244094488
21
0.1594420866141732
0
LINE
8
BLACK
6
CONTINUOUS
10
1.7035347244094488
20
0.1594420866141732
11
1.7036311023622046
21
0.1595027165354331
0
LINE
8
BLACK
6
CONTINUOUS
10
1.7036311023622046
20
0.1595027165354331
11
1.7073806299212597
21
0.1613774803149606
0
LINE
8
BLACK
6
CONTINUOUS
10
1.7073806299212597
20
0.1613774803149606
11
1.707921220472441
21
0.1615843700787402
0
LINE
8
BLACK
6
CONTINUOUS
10
1.707921220472441
20
0.1615843700787402
11
1.7080270866141731
21
0.1615919291338583
0
LINE
8
BLACK
6
CONTINUOUS
10
1.7080270866141731
20
0.1615919291338583
11
1.7081250787401574
21
0.1616324803149606
0
LINE
8
BLACK
6
CONTINUOUS
10
1.7081250787401574
20
0.1616324803149606
11
1.7087011417322835
21
0.1616892125984252
0
LINE
8
BLACK
6
CONTINUOUS
10
1.7087011417322835
20
0.1616892125984252
11
1.7293235826771653
21
0.1616892125984252
0
LINE
8
BLACK
6
CONTINUOUS
10
1.7293235826771653
20
0.1616892125984252
11
1.7298996456692912
21
0.1616324803149606
0
LINE
8
BLACK
6
CONTINUOUS
10
1.7298996456692912
20
0.214125905511811
11
1.7309640551181102
21
0.213685
0
LINE
8
BLACK
6
CONTINUOUS
10
1.7309640551181102
20
0.213685
11
1.7317787007874015
21
0.2128703543307087
0
LINE
8
BLACK
6
CONTINUOUS
10
1.7317787007874015
20
0.2128703543307087
11
1.7322196062992126
21
0.2118059448818898
0
LINE
8
BLACK
6
CONTINUOUS
10
1.7322196062992126
20
0.2118059448818898
11
1.7322196062992126
21
0.2106538188976378
0
LINE
8
BLACK
6
CONTINUOUS
10
1.7322196062992126
20
0.2106538188976378
11
1.7317787007874015
21
0.2095894094488189
0
LINE
8
BLACK
6
CONTINUOUS
10
1.7317787007874015
20
0.2095894094488189
11
1.7309640551181102
21
0.2087747637795276
0
LINE
8
BLACK
6
CONTINUOUS
10
1.7309640551181102
20
0.2087747637795276
11
1.7298996456692912
21
0.2083338582677165
0
LINE
8
BLACK
6
CONTINUOUS
10
1.7298996456692912
20
0.2083338582677165
11
1.7293235826771653
21
0.208277125984252
0
LINE
8
BLACK
6
CONTINUOUS
10
1.7293235826771653
20
0.208277125984252
11
1.7093981889763779
21
0.208277125984252
0
LINE
8
BLACK
6
CONTINUOUS
10
1.7093981889763779
20
0.208277125984252
11
1.7071524409448819
21
0.2071542913385827
0
LINE
8
BLACK
6
CONTINUOUS
10
1.7071524409448819
20
0.2071542913385827
11
1.7060296062992126
21
0.2049085433070866
0
LINE
8
BLACK
6
CONTINUOUS
10
1.7060296062992126
20
0.2049085433070866
11
1.7060296062992126
21
0.2006783070866142
0
LINE
8
BLACK
6
CONTINUOUS
10
1.7060296062992126
20
0.2006783070866142
11
1.7071524409448819
21
0.1984325984251968
0
LINE
8
BLACK
6
CONTINUOUS
10
1.7071524409448819
20
0.1984325984251968
11
1.7093981889763779
21
0.1973097244094488
0
LINE
8
BLACK
6
CONTINUOUS
10
1.7093981889763779
20
0.1973097244094488
11
1.7293235826771653
21
0.1973097244094488
0
LINE
8
BLACK
6
CONTINUOUS
10
1.7293235826771653
20
0.1973097244094488
11
1.7298996456692912
21
0.1972529921259842
0
LINE
8
BLACK
6
CONTINUOUS
10
1.7298996456692912
20
0.1972529921259842
11
1.7309640551181102
21
0.1968120866141732
0
LINE
8
BLACK
6
CONTINUOUS
10
1.7309640551181102
20
0.1968120866141732
11
1.7317787007874015
21
0.1959974409448819
0
LINE
8
BLACK
6
CONTINUOUS
10
1.7317787007874015
20
0.1959974409448819
11
1.7322196062992126
21
0.194933031496063
0
LINE
8
BLACK
6
CONTINUOUS
10
1.7322196062992126
20
0.194933031496063
11
1.7322196062992126
21
0.193780905511811
0
LINE
8
BLACK
6
CONTINUOUS
10
1.7322196062992126
20
0.193780905511811
11
1.7317787007874015
21
0.1927164960629921
0
LINE
8
BLACK
6
CONTINUOUS
10
1.7317787007874015
20
0.1927164960629921
11
1.7309640551181102
21
0.1919018503937008
0
LINE
8
BLACK
6
CONTINUOUS
10
1.7309640551181102
20
0.1919018503937008
11
1.7298996456692912
21
0.1914609448818897
0
LINE
8
BLACK
6
CONTINUOUS
10
1.7298996456692912
20
0.1914609448818897
11
1.7293235826771653
21
0.1914042125984252
0
LINE
8
BLACK
6
CONTINUOUS
10
1.7293235826771653
20
0.1914042125984252
11
1.7093981889763779
21
0.1914042125984252
0
LINE
8
BLACK
6
CONTINUOUS
10
1.7093981889763779
20
0.1914042125984252
11
1.7071524409448819
21
0.1902813779527559
0
LINE
8
BLACK
6
CONTINUOUS
10
1.7071524409448819
20
0.1902813779527559
11
1.7060296062992126
21
0.1880356299212598
0
LINE
8
BLACK
6
CONTINUOUS
10
1.7060296062992126
20
0.1880356299212598
11
1.7060296062992126
21
0.1838054330708661
0
LINE
8
BLACK
6
CONTINUOUS
10
1.7060296062992126
20
0.1838054330708661
11
1.707378346456693
21
0.1811079527559055
0
LINE
8
BLACK
6
CONTINUOUS
10
1.707378346456693
20
0.1811079527559055
11
1.7080494488188975
21
0.1804368503937008
0
LINE
8
BLACK
6
CONTINUOUS
10
1.7080494488188975
20
0.1804368503937008
11
1.7293235826771653
21
0.1804368503937008
0
LINE
8
BLACK
6
CONTINUOUS
10
1.7293235826771653
20
0.1804368503937008
11
1.7298996456692912
21
0.1803801181102362
0
LINE
8
BLACK
6
CONTINUOUS
10
1.7298996456692912
20
0.1803801181102362
11
1.7309640551181102
21
0.1799392125984252
0
LINE
8
BLACK
6
CONTINUOUS
10
1.7309640551181102
20
0.1799392125984252
11
1.7317787007874015
21
0.1791245669291339
0
LINE
8
BLACK
6
CONTINUOUS
10
1.7317787007874015
20
0.1791245669291339
11
1.7322196062992126
21
0.178060157480315
0
LINE
8
BLACK
6
CONTINUOUS
10
1.7322196062992126
20
0.178060157480315
11
1.7322196062992126
21
0.176908031496063
0
LINE
8
BLACK
6
CONTINUOUS
10
1.7322196062992126
20
0.176908031496063
11
1.7317787007874015
21
0.1758436220472441
0
LINE
8
BLACK
6
CONTINUOUS
10
1.7317787007874015
20
0.1758436220472441
11
1.7309640551181102
21
0.1750289763779528
0
LINE
8
BLACK
6
CONTINUOUS
10
1.7309640551181102
20
0.1750289763779528
11
1.7298996456692912
21
0.1745880708661417
0
LINE
8
BLACK
6
CONTINUOUS
10
1.7298996456692912
20
0.1745880708661417
11
1.7293235826771653
21
0.1745313385826772
0
LINE
8
BLACK
6
CONTINUOUS
10
1.7293235826771653
20
0.1745313385826772
11
1.7030768503937008
21
0.1745313385826772
0
LINE
8
BLACK
6
CONTINUOUS
10
1.7030768503937008
20
0.1745313385826772
11
1.7025007874015747
21
0.1745880708661417
0
LINE
8
BLACK
6
CONTINUOUS
10
1.7025007874015747
20
0.1745880708661417
11
1.7014363779527559
21
0.1750289763779528
0
LINE
8
BLACK
6
CONTINUOUS
10
1.7014363779527559
20
0.1750289763779528
11
1.7006217322834645
21
0.1758436220472441
0
LINE
8
BLACK
6
CONTINUOUS
10
1.7006217322834645
20
0.1758436220472441
11
1.7001808267716536
21
0.176908031496063
0
LINE
8
BLACK
6
CONTINUOUS
10
1.7001808267716536
20
0.176908031496063
11
1.7001808267716536
21
0.178060157480315
0
LINE
8
BLACK
6
CONTINUOUS
10
1.7001808267716536
20
0.178060157480315
11
1.7006217322834645
21
0.1791245669291339
0
LINE
8
BLACK
6
CONTINUOUS
10
1.7006217322834645
20
0.1791245669291339
11
1.7013855511811022
21
0.1798884251968504
0
LINE
8
BLACK
6
CONTINUOUS
10
1.7013855511811022
20
0.1798884251968504
11
1.7004358267716535
21
0.181787874015748
0
LINE
8
BLACK
6
CONTINUOUS
10
1.7004358267716535
20
0.181787874015748
11
1.700228937007874
21
0.1823285039370079
0
LINE
8
BLACK
6
CONTINUOUS
10
1.700228937007874
20
0.1823285039370079
11
1.7002214173228347
21
0.1824343307086614
0
LINE
8
BLACK
6
CONTINUOUS
10
1.7002214173228347
20
0.1824343307086614
11
1.7001808267716536
21
0.1825323228346457
0
LINE
8
BLACK
6
CONTINUOUS
10
1.7001808267716536
20
0.1825323228346457
11
1.700124094488189
21
0.1831083858267716
0
LINE
8
BLACK
6
CONTINUOUS
10
1.700124094488189
20
0.1831083858267716
11
1.700124094488189
21
0.1887326771653543
0
LINE
8
BLACK
6
CONTINUOUS
10
1.700124094488189
20
0.1887326771653543
11
1.7001808267716536
21
0.1893087401574803
0
LINE
8
BLACK
6
CONTINUOUS
10
1.7001808267716536
20
0.1893087401574803
11
1.7002214173228347
21
0.1894067716535433
0
LINE
8
BLACK
6
CONTINUOUS
10
1.7002214173228347
20
0.1894067716535433
11
1.700228937007874
21
0.1895125590551181
0
LINE
8
BLACK
6
CONTINUOUS
10
1.700228937007874
20
0.1895125590551181
11
1.7004358267716535
21
0.1900531889763779
0
LINE
8
BLACK
6
CONTINUOUS
10
1.7004358267716535
20
0.1900531889763779
11
1.7023105905511811
21
0.1938027165354331
0
LINE
8
BLACK
6
CONTINUOUS
10
1.7023105905511811
20
0.1938027165354331
11
1.7023712204724408
21
0.193899094488189
0
LINE
8
BLACK
6
CONTINUOUS
10
1.7023712204724408
20
0.193899094488189
11
1.7023863779527559
21
0.1939444881889764
0
LINE
8
BLACK
6
CONTINUOUS
10
1.7023863779527559
20
0.1939444881889764
11
1.7024353937007874
21
0.194001062992126
0
LINE
8
BLACK
6
CONTINUOUS
10
1.7024353937007874
20
0.194001062992126
11
1.7026189370078739
21
0.1942925984251968
0
LINE
8
BLACK
6
CONTINUOUS
10
1.7026189370078739
20
0.1942925984251968
11
1.7026931496062991
21
0.194356968503937
0
LINE
8
BLACK
6
CONTINUOUS
10
1.7026931496062991
20
0.194356968503937
11
1.7026189370078739
21
0.1944213385826772
0
LINE
8
BLACK
6
CONTINUOUS
10
1.7026189370078739
20
0.1944213385826772
11
1.7024353937007874
21
0.1947129133858268
0
LINE
8
BLACK
6
CONTINUOUS
10
1.7024353937007874
20
0.1947129133858268
11
1.7023863779527559
21
0.1947694488188976
0
LINE
8
BLACK
6
CONTINUOUS
10
1.7023863779527559
20
0.1947694488188976
11
1.7023712204724408
21
0.1948148818897638
0
LINE
8
BLACK
6
CONTINUOUS
10
1.7023712204724408
20
0.1948148818897638
11
1.7023105905511811
21
0.1949112204724409
0
LINE
8
BLACK
6
CONTINUOUS
10
1.7023105905511811
20
0.1949112204724409
11
1.7004358267716535
21
0.1986607480314961
0
LINE
8
BLACK
6
CONTINUOUS
10
1.7004358267716535
20
0.1986607480314961
11
1.700228937007874
21
0.1992013779527559
0
LINE
8
BLACK
6
CONTINUOUS
10
1.700228937007874
20
0.1992013779527559
11
1.7002214173228347
21
0.1993072047244094
0
LINE
8
BLACK
6
CONTINUOUS
10
1.7002214173228347
20
0.1993072047244094
11
1.7001808267716536
21
0.1994051968503937
0
LINE
8
BLACK
6
CONTINUOUS
10
1.7001808267716536
20
0.1994051968503937
11
1.700124094488189
21
0.1999812598425197
0
LINE
8
BLACK
6
CONTINUOUS
10
1.700124094488189
20
0.1999812598425197
11
1.700124094488189
21
0.2056055511811024
0
LINE
8
BLACK
6
CONTINUOUS
10
1.700124094488189
20
0.2056055511811024
11
1.7001808267716536
21
0.2061816141732283
0
LINE
8
BLACK
6
CONTINUOUS
10
1.7001808267716536
20
0.2061816141732283
11
1.7002214173228347
21
0.2062796456692913
0
LINE
8
BLACK
6
CONTINUOUS
10
1.7002214173228347
20
0.2062796456692913
11
1.700228937007874
21
0.2063854330708661
0
LINE
8
BLACK
6
CONTINUOUS
10
1.700228937007874
20
0.2063854330708661
11
1.7004358267716535
21
0.206926062992126
0
LINE
8
BLACK
6
CONTINUOUS
10
1.7004358267716535
20
0.206926062992126
11
1.7023105905511811
21
0.2106756299212598
0
LINE
8
BLACK
6
CONTINUOUS
10
1.7023105905511811
20
0.2106756299212598
11
1.7023712204724408
21
0.210771968503937
0
LINE
8
BLACK
6
CONTINUOUS
10
1.7023712204724408
20
0.210771968503937
11
1.7023863779527559
21
0.2108174015748031
0
LINE
8
BLACK
6
CONTINUOUS
10
1.7023863779527559
20
0.2108174015748031
11
1.7024354330708662
21
0.2108740157480315
0
LINE
8
BLACK
6
CONTINUOUS
10
1.7024354330708662
20
0.2108740157480315
11
1.7026189370078739
21
0.2111654724409449
0
LINE
8
BLACK
6
CONTINUOUS
10
1.7026189370078739
20
0.2111654724409449
11
1.7028985433070867
21
0.2114079921259842
0
LINE
8
BLACK
6
CONTINUOUS
10
1.7028985433070867
20
0.2114079921259842
11
1.703141220472441
21
0.2116877952755905
0
LINE
8
BLACK
6
CONTINUOUS
10
1.703141220472441
20
0.2116877952755905
11
1.7034327559055118
21
0.2118713385826771
0
LINE
8
BLACK
6
CONTINUOUS
10
1.7034327559055118
20
0.2118713385826771
11
1.7034893307086614
21
0.2119203543307087
0
LINE
8
BLACK
6
CONTINUOUS
10
1.7034893307086614
20
0.2119203543307087
11
1.7035347244094488
21
0.2119355118110236
0
LINE
8
BLACK
6
CONTINUOUS
10
1.7035347244094488
20
0.2119355118110236
11
1.7036311023622046
21
0.2119961417322835
0
LINE
8
BLACK
6
CONTINUOUS
10
1.7036311023622046
20
0.2119961417322835
11
1.7073806299212597
21
0.213870905511811
0
LINE
8
BLACK
6
CONTINUOUS
10
1.7073806299212597
20
0.213870905511811
11
1.707921220472441
21
0.2140777952755905
0
LINE
8
BLACK
6
CONTINUOUS
10
1.707921220472441
20
0.2140777952755905
11
1.7080270866141731
21
0.2140853543307087
0
LINE
8
BLACK
6
CONTINUOUS
10
1.7080270866141731
20
0.2140853543307087
11
1.7081250787401574
21
0.214125905511811
0
LINE
8
BLACK
6
CONTINUOUS
10
1.7081250787401574
20
0.214125905511811
11
1.7087011417322835
21
0.2141826377952756
0
LINE
8
BLACK
6
CONTINUOUS
10
1.7087011417322835
20
0.2141826377952756
11
1.7293235826771653
21
0.2141826377952756
0
LINE
8
BLACK
6
CONTINUOUS
10
1.7293235826771653
20
0.2141826377952756
11
1.7298996456692912
21
0.214125905511811
0
LINE
8
BLACK
6
CONTINUOUS
10
1.7657076377952756
20
0.8511862598425196
11
1.7658056299212599
21
0.8511456692913386
0
LINE
8
BLACK
6
CONTINUOUS
10
1.7658056299212599
20
0.8511456692913386
11
1.7659114566929133
21
0.8511381496062992
0
LINE
8
BLACK
6
CONTINUOUS
10
1.7659114566929133
20
0.8511381496062992
11
1.7664520866141731
21
0.8509312598425197
0
LINE
8
BLACK
6
CONTINUOUS
10
1.7664520866141731
20
0.8509312598425197
11
1.7702016141732284
21
0.8490564960629922
0
LINE
8
BLACK
6
CONTINUOUS
10
1.7702016141732284
20
0.8490564960629922
11
1.7704494881889763
21
0.8489004724409449
0
LINE
8
BLACK
6
CONTINUOUS
10
1.7704494881889763
20
0.8489004724409449
11
1.7705215354330708
21
0.8488706299212598
0
LINE
8
BLACK
6
CONTINUOUS
10
1.7705215354330708
20
0.8488706299212598
11
1.770602559055118
21
0.8488041338582677
0
LINE
8
BLACK
6
CONTINUOUS
10
1.770602559055118
20
0.8488041338582677
11
1.770691496062992
21
0.8487481496062992
0
LINE
8
BLACK
6
CONTINUOUS
10
1.770691496062992
20
0.8487481496062992
11
1.7707426377952755
21
0.8486891732283465
0
LINE
8
BLACK
6
CONTINUOUS
10
1.7707426377952755
20
0.8486891732283465
11
1.7709689763779528
21
0.8485034251968504
0
LINE
8
BLACK
6
CONTINUOUS
10
1.7709689763779528
20
0.8485034251968504
11
1.7728437795275591
21
0.8466286614173228
0
LINE
8
BLACK
6
CONTINUOUS
10
1.7728437795275591
20
0.8466286614173228
11
1.7730295275590551
21
0.8464023228346457
0
LINE
8
BLACK
6
CONTINUOUS
10
1.7730295275590551
20
0.8464023228346457
11
1.7730885826771654
21
0.8463511023622047
0
LINE
8
BLACK
6
CONTINUOUS
10
1.7730885826771654
20
0.8463511023622047
11
1.7731445669291339
21
0.8462621653543307
0
LINE
8
BLACK
6
CONTINUOUS
10
1.7731445669291339
20
0.8462621653543307
11
1.7732110236220473
21
0.8461811811023622
0
LINE
8
BLACK
6
CONTINUOUS
10
1.7732110236220473
20
0.8461811811023622
11
1.7732408267716535
21
0.846109251968504
0
LINE
8
BLACK
6
CONTINUOUS
10
1.7732408267716535
20
0.846109251968504
11
1.7733969291338583
21
0.8458612204724409
0
LINE
8
BLACK
6
CONTINUOUS
10
1.7733969291338583
20
0.8458612204724409
11
1.7752716929133858
21
0.8421116929133858
0
LINE
8
BLACK
6
CONTINUOUS
10
1.7752716929133858
20
0.8421116929133858
11
1.7754785826771653
21
0.8415711023622047
0
LINE
8
BLACK
6
CONTINUOUS
10
1.7754785826771653
20
0.8415711023622047
11
1.7754861023622046
21
0.8414652362204724
0
LINE
8
BLACK
6
CONTINUOUS
10
1.7754861023622046
20
0.8414652362204724
11
1.7755266929133857
21
0.8413672440944882
0
LINE
8
BLACK
6
CONTINUOUS
10
1.7755266929133857
20
0.8413672440944882
11
1.7755834251968503
21
0.8407911811023622
0
LINE
8
BLACK
6
CONTINUOUS
10
1.7755834251968503
20
0.8407911811023622
11
1.7755834251968503
21
0.8314173622047244
0
LINE
8
BLACK
6
CONTINUOUS
10
1.7755834251968503
20
0.8314173622047244
11
1.7755266929133857
21
0.8308412992125984
0
LINE
8
BLACK
6
CONTINUOUS
10
1.7755266929133857
20
0.8308412992125984
11
1.7754861023622046
21
0.8307433464566929
0
LINE
8
BLACK
6
CONTINUOUS
10
1.7754861023622046
20
0.8307433464566929
11
1.7754785826771653
21
0.8306374409448819
0
LINE
8
BLACK
6
CONTINUOUS
10
1.7754785826771653
20
0.8306374409448819
11
1.7752716929133858
21
0.8300968503937007
0
LINE
8
BLACK
6
CONTINUOUS
10
1.7752716929133858
20
0.8300968503937007
11
1.7733969291338583
21
0.8263473228346456
0
LINE
8
BLACK
6
CONTINUOUS
10
1.7733969291338583
20
0.8263473228346456
11
1.7732408267716535
21
0.8260993307086614
0
LINE
8
BLACK
6
CONTINUOUS
10
1.7732408267716535
20
0.8260993307086614
11
1.7732110236220473
21
0.8260273622047244
0
LINE
8
BLACK
6
CONTINUOUS
10
1.7732110236220473
20
0.8260273622047244
11
1.7731445669291339
21
0.8259464173228346
0
LINE
8
BLACK
6
CONTINUOUS
10
1.7731445669291339
20
0.8259464173228346
11
1.7730885826771654
21
0.8258574409448819
0
LINE
8
BLACK
6
CONTINUOUS
10
1.7730885826771654
20
0.8258574409448819
11
1.7730295275590551
21
0.8258062598425197
0
LINE
8
BLACK
6
CONTINUOUS
10
1.7730295275590551
20
0.8258062598425197
11
1.7728437795275591
21
0.8255798818897637
0
LINE
8
BLACK
6
CONTINUOUS
10
1.7728437795275591
20
0.8255798818897637
11
1.7709689763779528
21
0.8237051181102362
0
LINE
8
BLACK
6
CONTINUOUS
10
1.7709689763779528
20
0.8237051181102362
11
1.7705215354330708
21
0.8233379133858267
0
LINE
8
BLACK
6
CONTINUOUS
10
1.7705215354330708
20
0.8233379133858267
11
1.769457125984252
21
0.8228970472440945
0
LINE
8
BLACK
6
CONTINUOUS
10
1.769457125984252
20
0.8228970472440945
11
1.7683050393700788
21
0.8228970472440945
0
LINE
8
BLACK
6
CONTINUOUS
10
1.7683050393700788
20
0.8228970472440945
11
1.7672406299212597
21
0.8233379527559055
0
LINE
8
BLACK
6
CONTINUOUS
10
1.7672406299212597
20
0.8233379527559055
11
1.7664259448818898
21
0.8241526377952756
0
LINE
8
BLACK
6
CONTINUOUS
10
1.7664259448818898
20
0.8241526377952756
11
1.7659850787401574
21
0.8252170472440945
0
LINE
8
BLACK
6
CONTINUOUS
10
1.7659850787401574
20
0.8252170472440945
11
1.7659850787401574
21
0.8263691338582677
0
LINE
8
BLACK
6
CONTINUOUS
10
1.7659850787401574
20
0.8263691338582677
11
1.7664259842519685
21
0.8274335433070866
0
LINE
8
BLACK
6
CONTINUOUS
10
1.7664259842519685
20
0.8274335433070866
11
1.7667932283464567
21
0.8278810236220472
0
LINE
8
BLACK
6
CONTINUOUS
10
1.7667932283464567
20
0.8278810236220472
11
1.7683291732283464
21
0.829416968503937
0
LINE
8
BLACK
6
CONTINUOUS
10
1.7683291732283464
20
0.829416968503937
11
1.7696779133858267
21
0.8321144094488189
0
LINE
8
BLACK
6
CONTINUOUS
10
1.7696779133858267
20
0.8321144094488189
11
1.7696779133858267
21
0.8400941338582677
0
LINE
8
BLACK
6
CONTINUOUS
10
1.7696779133858267
20
0.8400941338582677
11
1.7683291732283464
21
0.8427916141732283
0
LINE
8
BLACK
6
CONTINUOUS
10
1.7683291732283464
20
0.8427916141732283
11
1.7671320078740158
21
0.8439887401574803
0
LINE
8
BLACK
6
CONTINUOUS
10
1.7671320078740158
20
0.8439887401574803
11
1.7644345275590552
21
0.8453374803149606
0
LINE
8
BLACK
6
CONTINUOUS
10
1.7644345275590552
20
0.8453374803149606
11
1.7564548031496063
21
0.8453374803149606
0
LINE
8
BLACK
6
CONTINUOUS
10
1.7564548031496063
20
0.8453374803149606
11
1.7537573228346457
21
0.8439887401574803
0
LINE
8
BLACK
6
CONTINUOUS
10
1.7537573228346457
20
0.8439887401574803
11
1.7525601968503937
21
0.8427916141732283
0
LINE
8
BLACK
6
CONTINUOUS
10
1.7525601968503937
20
0.8427916141732283
11
1.7512114566929133
21
0.8400941338582677
0
LINE
8
BLACK
6
CONTINUOUS
10
1.7512114566929133
20
0.8400941338582677
11
1.7512114566929133
21
0.8321144094488189
0
LINE
8
BLACK
6
CONTINUOUS
10
1.7512114566929133
20
0.8321144094488189
11
1.7525601968503937
21
0.8294169291338582
0
LINE
8
BLACK
6
CONTINUOUS
10
1.7525601968503937
20
0.8294169291338582
11
1.7540961417322833
21
0.8278809842519684
0
LINE
8
BLACK
6
CONTINUOUS
10
1.7540961417322833
20
0.8278809842519684
11
1.7544633464566928
21
0.8274335433070866
0
LINE
8
BLACK
6
CONTINUOUS
10
1.7544633464566928
20
0.8274335433070866
11
1.7545202362204724
21
0.8272962204724409
0
LINE
8
BLACK
6
CONTINUOUS
10
1.7545202362204724
20
0.8272962204724409
11
1.754614409448819
21
0.8271811023622047
0
LINE
8
BLACK
6
CONTINUOUS
10
1.754614409448819
20
0.8271811023622047
11
1.7547390944881889
21
0.8267678346456693
0
LINE
8
BLACK
6
CONTINUOUS
10
1.7547390944881889
20
0.8267678346456693
11
1.7549042519685039
21
0.8263691338582677
0
LINE
8
BLACK
6
CONTINUOUS
10
1.7549042519685039
20
0.8263691338582677
11
1.7549042519685039
21
0.8262204724409449
0
LINE
8
BLACK
6
CONTINUOUS
10
1.7549042519685039
20
0.8262204724409449
11
1.7549472047244095
21
0.8260781102362205
0
LINE
8
BLACK
6
CONTINUOUS
10
1.7549472047244095
20
0.8260781102362205
11
1.7549042519685039
21
0.8256486220472441
0
LINE
8
BLACK
6
CONTINUOUS
10
1.7549042519685039
20
0.8256486220472441
11
1.7549042519685039
21
0.8252170472440945
0
LINE
8
BLACK
6
CONTINUOUS
10
1.7549042519685039
20
0.8252170472440945
11
1.7548473228346457
21
0.8250797244094488
0
LINE
8
BLACK
6
CONTINUOUS
10
1.7548473228346457
20
0.8250797244094488
11
1.7548325590551181
21
0.8249316929133859
0
LINE
8
BLACK
6
CONTINUOUS
10
1.7548325590551181
20
0.8249316929133859
11
1.7546284251968502
21
0.8245512598425196
0
LINE
8
BLACK
6
CONTINUOUS
10
1.7546284251968502
20
0.8245512598425196
11
1.7544633464566928
21
0.8241526377952756
0
LINE
8
BLACK
6
CONTINUOUS
10
1.7544633464566928
20
0.8241526377952756
11
1.754358188976378
21
0.8240475196850393
0
LINE
8
BLACK
6
CONTINUOUS
10
1.754358188976378
20
0.8240475196850393
11
1.7542879133858267
21
0.8239164566929134
0
LINE
8
BLACK
6
CONTINUOUS
10
1.7542879133858267
20
0.8239164566929134
11
1.7539537007874015
21
0.823643031496063
0
LINE
8
BLACK
6
CONTINUOUS
10
1.7539537007874015
20
0.823643031496063
11
1.7536486614173228
21
0.8233379527559055
0
LINE
8
BLACK
6
CONTINUOUS
10
1.7536486614173228
20
0.8233379527559055
11
1.7535113779527558
21
0.8232811023622048
0
LINE
8
BLACK
6
CONTINUOUS
10
1.7535113779527558
20
0.8232811023622048
11
1.7533962598425197
21
0.8231868897637795
0
LINE
8
BLACK
6
CONTINUOUS
10
1.7533962598425197
20
0.8231868897637795
11
1.7529828346456693
21
0.8230621653543307
0
LINE
8
BLACK
6
CONTINUOUS
10
1.7529828346456693
20
0.8230621653543307
11
1.752584251968504
21
0.8228970472440945
0
LINE
8
BLACK
6
CONTINUOUS
10
1.752584251968504
20
0.8228970472440945
11
1.7524356299212598
21
0.8228970472440945
0
LINE
8
BLACK
6
CONTINUOUS
10
1.7524356299212598
20
0.8228970472440945
11
1.7522932677165355
21
0.8228540944881889
0
LINE
8
BLACK
6
CONTINUOUS
10
1.7522932677165355
20
0.8228540944881889
11
1.7517144094488188
21
0.8228549606299213
0
LINE
8
BLACK
6
CONTINUOUS
10
1.7517144094488188
20
0.8228549606299213
11
1.7329667716535433
21
0.8247297244094488
0
LINE
8
BLACK
6
CONTINUOUS
10
1.7329667716535433
20
0.8247297244094488
11
1.7327568503937008
21
0.8247718110236221
0
LINE
8
BLACK
6
CONTINUOUS
10
1.7327568503937008
20
0.8247718110236221
11
1.732684527559055
21
0.8247718110236221
0
LINE
8
BLACK
6
CONTINUOUS
10
1.732684527559055
20
0.8247718110236221
11
1.7326166929133857
21
0.8247999212598425
0
LINE
8
BLACK
6
CONTINUOUS
10
1.7326166929133857
20
0.8247999212598425
11
1.7323992125984251
21
0.8248435039370079
0
LINE
8
BLACK
6
CONTINUOUS
10
1.7323992125984251
20
0.8248435039370079
11
1.7320188976377953
21
0.8250475590551181
0
LINE
8
BLACK
6
CONTINUOUS
10
1.7320188976377953
20
0.8250475590551181
11
1.7316201181102362
21
0.825212716535433
0
LINE
8
BLACK
6
CONTINUOUS
10
1.7316201181102362
20
0.825212716535433
11
1.7315149212598424
21
0.8253179133858267
0
LINE
8
BLACK
6
CONTINUOUS
10
1.7315149212598424
20
0.8253179133858267
11
1.7313839763779528
21
0.8253881496062992
0
LINE
8
BLACK
6
CONTINUOUS
10
1.7313839763779528
20
0.8253881496062992
11
1.7311107086614173
21
0.825722125984252
0
LINE
8
BLACK
6
CONTINUOUS
10
1.7311107086614173
20
0.825722125984252
11
1.7308054724409447
21
0.8260273622047244
0
LINE
8
BLACK
6
CONTINUOUS
10
1.7308054724409447
20
0.8260273622047244
11
1.7307485433070866
21
0.8261647244094488
0
LINE
8
BLACK
6
CONTINUOUS
10
1.7307485433070866
20
0.8261647244094488
11
1.7306544094488188
21
0.8262798031496063
0
LINE
8
BLACK
6
CONTINUOUS
10
1.7306544094488188
20
0.8262798031496063
11
1.7305296850393701
21
0.8266931102362205
0
LINE
8
BLACK
6
CONTINUOUS
10
1.7305296850393701
20
0.8266931102362205
11
1.7303645669291339
21
0.8270917716535433
0
LINE
8
BLACK
6
CONTINUOUS
10
1.7303645669291339
20
0.8270917716535433
11
1.7303427952755905
21
0.8273124803149606
0
LINE
8
BLACK
6
CONTINUOUS
10
1.7303427952755905
20
0.8273124803149606
11
1.7303216141732283
21
0.8273827952755906
0
LINE
8
BLACK
6
CONTINUOUS
10
1.7303216141732283
20
0.8273827952755906
11
1.730328779527559
21
0.8274548031496063
0
LINE
8
BLACK
6
CONTINUOUS
10
1.730328779527559
20
0.8274548031496063
11
1.7303078346456693
21
0.8276678346456693
0
LINE
8
BLACK
6
CONTINUOUS
10
1.7303078346456693
20
0.8276678346456693
11
1.7303078346456693
21
0.8464154724409448
0
LINE
8
BLACK
6
CONTINUOUS
10
1.7303078346456693
20
0.8464154724409448
11
1.7303645669291339
21
0.8469915354330708
0
LINE
8
BLACK
6
CONTINUOUS
10
1.7303645669291339
20
0.8469915354330708
11
1.7308054724409447
21
0.8480559448818897
0
LINE
8
BLACK
6
CONTINUOUS
10
1.7308054724409447
20
0.8480559448818897
11
1.7316201181102362
21
0.8488705905511811
0
LINE
8
BLACK
6
CONTINUOUS
10
1.7316201181102362
20
0.8488705905511811
11
1.732684527559055
21
0.8493114960629921
0
LINE
8
BLACK
6
CONTINUOUS
10
1.732684527559055
20
0.8493114960629921
11
1.733836653543307
21
0.8493114960629921
0
LINE
8
BLACK
6
CONTINUOUS
10
1.733836653543307
20
0.8493114960629921
11
1.734901062992126
21
0.8488705905511811
0
LINE
8
BLACK
6
CONTINUOUS
10
1.734901062992126
20
0.8488705905511811
11
1.7357157086614172
21
0.8480559448818897
0
LINE
8
BLACK
6
CONTINUOUS
10
1.7357157086614172
20
0.8480559448818897
11
1.7361566141732283
21
0.8469915354330708
0
LINE
8
BLACK
6
CONTINUOUS
10
1.7361566141732283
20
0.8469915354330708
11
1.7362133464566929
21
0.8464154724409448
0
LINE
8
BLACK
6
CONTINUOUS
10
1.7362133464566929
20
0.8464154724409448
11
1.7362133464566929
21
0.8303400787401575
0
LINE
8
BLACK
6
CONTINUOUS
10
1.7362133464566929
20
0.8303400787401575
11
1.7459846062992126
21
0.8293629527559055
0
LINE
8
BLACK
6
CONTINUOUS
10
1.7459846062992126
20
0.8293629527559055
11
1.7456176771653542
21
0.8300968503937007
0
LINE
8
BLACK
6
CONTINUOUS
10
1.7456176771653542
20
0.8300968503937007
11
1.7454107874015747
21
0.8306374803149607
0
LINE
8
BLACK
6
CONTINUOUS
10
1.7454107874015747
20
0.8306374803149607
11
1.7454032677165354
21
0.8307433070866141
0
LINE
8
BLACK
6
CONTINUOUS
10
1.7454032677165354
20
0.8307433070866141
11
1.7453626771653543
21
0.8308412992125984
0
LINE
8
BLACK
6
CONTINUOUS
10
1.7453626771653543
20
0.8308412992125984
11
1.7453059448818897
21
0.8314173622047244
0
LINE
8
BLACK
6
CONTINUOUS
10
1.7453059448818897
20
0.8314173622047244
11
1.7453059448818897
21
0.8407911811023622
0
LINE
8
BLACK
6
CONTINUOUS
10
1.7453059448818897
20
0.8407911811023622
11
1.7453626771653543
21
0.8413672440944882
0
LINE
8
BLACK
6
CONTINUOUS
10
1.7453626771653543
20
0.8413672440944882
11
1.7454032677165354
21
0.8414652755905512
0
LINE
8
BLACK
6
CONTINUOUS
10
1.7454032677165354
20
0.8414652755905512
11
1.7454107874015747
21
0.8415710629921259
0
LINE
8
BLACK
6
CONTINUOUS
10
1.7454107874015747
20
0.8415710629921259
11
1.7456176771653542
21
0.8421116929133858
0
LINE
8
BLACK
6
CONTINUOUS
10
1.7456176771653542
20
0.8421116929133858
11
1.7474924409448818
21
0.8458612204724409
0
LINE
8
BLACK
6
CONTINUOUS
10
1.7474924409448818
20
0.8458612204724409
11
1.7476485039370078
21
0.846109251968504
0
LINE
8
BLACK
6
CONTINUOUS
10
1.7476485039370078
20
0.846109251968504
11
1.747678346456693
21
0.8461811811023622
0
LINE
8
BLACK
6
CONTINUOUS
10
1.747678346456693
20
0.8461811811023622
11
1.7477448031496063
21
0.8462621653543307
0
LINE
8
BLACK
6
CONTINUOUS
10
1.7477448031496063
20
0.8462621653543307
11
1.7478007874015749
21
0.8463511023622047
0
LINE
8
BLACK
6
CONTINUOUS
10
1.7478007874015749
20
0.8463511023622047
11
1.7478597637795275
21
0.8464022834645669
0
LINE
8
BLACK
6
CONTINUOUS
10
1.7478597637795275
20
0.8464022834645669
11
1.7480455511811024
21
0.8466286220472441
0
LINE
8
BLACK
6
CONTINUOUS
10
1.7480455511811024
20
0.8466286220472441
11
1.7499203149606299
21
0.8485033858267717
0
LINE
8
BLACK
6
CONTINUOUS
10
1.7499203149606299
20
0.8485033858267717
11
1.750146653543307
21
0.8486891732283465
0
LINE
8
BLACK
6
CONTINUOUS
10
1.750146653543307
20
0.8486891732283465
11
1.7501978346456692
21
0.8487481496062992
0
LINE
8
BLACK
6
CONTINUOUS
10
1.7501978346456692
20
0.8487481496062992
11
1.7502867716535433
21
0.8488041338582677
0
LINE
8
BLACK
6
CONTINUOUS
10
1.7502867716535433
20
0.8488041338582677
11
1.7503677559055117
21
0.8488705905511811
0
LINE
8
BLACK
6
CONTINUOUS
10
1.7503677559055117
20
0.8488705905511811
11
1.75043968503937
21
0.8489004330708662
0
LINE
8
BLACK
6
CONTINUOUS
10
1.75043968503937
20
0.8489004330708662
11
1.7506877165354331
21
0.8490564960629922
0
LINE
8
BLACK
6
CONTINUOUS
10
1.7506877165354331
20
0.8490564960629922
11
1.7544372440944882
21
0.8509312598425197
0
LINE
8
BLACK
6
CONTINUOUS
10
1.7544372440944882
20
0.8509312598425197
11
1.7549778346456693
21
0.8511381496062992
0
LINE
8
BLACK
6
CONTINUOUS
10
1.7549778346456693
20
0.8511381496062992
11
1.7550837007874016
21
0.8511457086614173
0
LINE
8
BLACK
6
CONTINUOUS
10
1.7550837007874016
20
0.8511457086614173
11
1.7551816929133859
21
0.8511862598425196
0
LINE
8
BLACK
6
CONTINUOUS
10
1.7551816929133859
20
0.8511862598425196
11
1.7557577559055118
21
0.8512429921259842
0
LINE
8
BLACK
6
CONTINUOUS
10
1.7557577559055118
20
0.8512429921259842
11
1.7651315748031495
21
0.8512429921259842
0
LINE
8
BLACK
6
CONTINUOUS
10
1.7651315748031495
20
0.8512429921259842
11
1.7657076377952756
21
0.8511862598425196
0
LINE
8
BLACK
6
CONTINUOUS
10
1.7558582677165353
20
0.8887284251968504
11
1.7559012992125984
21
0.8887348031496063
0
LINE
8
BLACK
6
CONTINUOUS
10
1.7559012992125984
20
0.8887348031496063
11
1.7561167716535433
21
0.8887029527559055
0
LINE
8
BLACK
6
CONTINUOUS
10
1.7561167716535433
20
0.8887029527559055
11
1.7563338188976378
21
0.8886815748031496
0
LINE
8
BLACK
6
CONTINUOUS
10
1.7563338188976378
20
0.8886815748031496
11
1.7563740157480314
21
0.8886649606299213
0
LINE
8
BLACK
6
CONTINUOUS
10
1.7563740157480314
20
0.8886649606299213
11
1.7564738976377952
21
0.888650157480315
0
LINE
8
BLACK
6
CONTINUOUS
10
1.7564738976377952
20
0.888650157480315
11
1.7639729527559054
21
0.8867753937007874
0
LINE
8
BLACK
6
CONTINUOUS
10
1.7639729527559054
20
0.8867753937007874
11
1.7643124015748031
21
0.8866541338582677
0
LINE
8
BLACK
6
CONTINUOUS
10
1.7643124015748031
20
0.8866541338582677
11
1.764383937007874
21
0.8866399606299212
0
LINE
8
BLACK
6
CONTINUOUS
10
1.764383937007874
20
0.8866399606299212
11
1.764448779527559
21
0.8866053937007874
0
LINE
8
BLACK
6
CONTINUOUS
10
1.764448779527559
20
0.8866053937007874
11
1.7645180708661417
21
0.8865806299212599
0
LINE
8
BLACK
6
CONTINUOUS
10
1.7645180708661417
20
0.8865806299212599
11
1.7645766535433069
21
0.8865372047244094
0
LINE
8
BLACK
6
CONTINUOUS
10
1.7645766535433069
20
0.8865372047244094
11
1.7648947244094488
21
0.8863676377952756
0
LINE
8
BLACK
6
CONTINUOUS
10
1.7648947244094488
20
0.8863676377952756
11
1.7705190157480315
21
0.8826181102362205
0
LINE
8
BLACK
6
CONTINUOUS
10
1.7705190157480315
20
0.8826181102362205
11
1.7705205905511812
21
0.882616811023622
0
LINE
8
BLACK
6
CONTINUOUS
10
1.7705205905511812
20
0.882616811023622
11
1.7705215354330708
21
0.8826164173228346
0
LINE
8
BLACK
6
CONTINUOUS
10
1.7705215354330708
20
0.8826164173228346
11
1.7707410629921259
21
0.8824362598425196
0
LINE
8
BLACK
6
CONTINUOUS
10
1.7707410629921259
20
0.8824362598425196
11
1.7709668503937008
21
0.8822513385826771
0
LINE
8
BLACK
6
CONTINUOUS
10
1.7709668503937008
20
0.8822513385826771
11
1.7709674015748031
21
0.8822505118110237
0
LINE
8
BLACK
6
CONTINUOUS
10
1.7709674015748031
20
0.8822505118110237
11
1.7709689763779528
21
0.8822492125984251
0
LINE
8
BLACK
6
CONTINUOUS
10
1.7709689763779528
20
0.8822492125984251
11
1.7728437795275591
21
0.8803744488188976
0
LINE
8
BLACK
6
CONTINUOUS
10
1.7728437795275591
20
0.8803744488188976
11
1.7730295275590551
21
0.8801481102362204
0
LINE
8
BLACK
6
CONTINUOUS
10
1.7730295275590551
20
0.8801481102362204
11
1.7730885826771654
21
0.8800968897637795
0
LINE
8
BLACK
6
CONTINUOUS
10
1.7730885826771654
20
0.8800968897637795
11
1.7731445669291339
21
0.8800079527559055
0
LINE
8
BLACK
6
CONTINUOUS
10
1.7731445669291339
20
0.8800079527559055
11
1.7732110236220473
21
0.879926968503937
0
LINE
8
BLACK
6
CONTINUOUS
10
1.7732110236220473
20
0.879926968503937
11
1.7732408267716535
21
0.8798550393700787
0
LINE
8
BLACK
6
CONTINUOUS
10
1.7732408267716535
20
0.8798550393700787
11
1.7733969291338583
21
0.8796070078740157
0
LINE
8
BLACK
6
CONTINUOUS
10
1.7733969291338583
20
0.8796070078740157
11
1.7752716929133858
21
0.8758574803149606
0
LINE
8
BLACK
6
CONTINUOUS
10
1.7752716929133858
20
0.8758574803149606
11
1.7754785826771653
21
0.8753168897637795
0
LINE
8
BLACK
6
CONTINUOUS
10
1.7754785826771653
20
0.8753168897637795
11
1.7754861023622046
21
0.8752110236220473
0
LINE
8
BLACK
6
CONTINUOUS
10
1.7754861023622046
20
0.8752110236220473
11
1.7755266929133857
21
0.875113031496063
0
LINE
8
BLACK
6
CONTINUOUS
10
1.7755266929133857
20
0.875113031496063
11
1.7755834251968503
21
0.874536968503937
0
LINE
8
BLACK
6
CONTINUOUS
10
1.7755834251968503
20
0.874536968503937
11
1.7755834251968503
21
0.8670379133858267
0
LINE
8
BLACK
6
CONTINUOUS
10
1.7755834251968503
20
0.8670379133858267
11
1.7755266929133857
21
0.8664618503937007
0
LINE
8
BLACK
6
CONTINUOUS
10
1.7755266929133857
20
0.8664618503937007
11
1.7750857874015749
21
0.8653974409448819
0
LINE
8
BLACK
6
CONTINUOUS
10
1.7750857874015749
20
0.8653974409448819
11
1.7742711417322834
21
0.8645827952755906
0
LINE
8
BLACK
6
CONTINUOUS
10
1.7742711417322834
20
0.8645827952755906
11
1.7732067322834646
21
0.8641418897637795
0
LINE
8
BLACK
6
CONTINUOUS
10
1.7732067322834646
20
0.8641418897637795
11
1.7720546062992126
21
0.8641418897637795
0
LINE
8
BLACK
6
CONTINUOUS
10
1.7720546062992126
20
0.8641418897637795
11
1.7709901968503936
21
0.8645827952755906
0
LINE
8
BLACK
6
CONTINUOUS
10
1.7709901968503936
20
0.8645827952755906
11
1.7701755511811024
21
0.8653974409448819
0
LINE
8
BLACK
6
CONTINUOUS
10
1.7701755511811024
20
0.8653974409448819
11
1.7697346456692913
21
0.8664618503937007
0
LINE
8
BLACK
6
CONTINUOUS
10
1.7697346456692913
20
0.8664618503937007
11
1.7696779133858267
21
0.8670379133858267
0
LINE
8
BLACK
6
CONTINUOUS
10
1.7696779133858267
20
0.8670379133858267
11
1.7696779133858267
21
0.8738399212598424
0
LINE
8
BLACK
6
CONTINUOUS
10
1.7696779133858267
20
0.8738399212598424
11
1.7683291732283464
21
0.8765374015748031
0
LINE
8
BLACK
6
CONTINUOUS
10
1.7683291732283464
20
0.8765374015748031
11
1.7669999212598424
21
0.8778666141732283
0
LINE
8
BLACK
6
CONTINUOUS
10
1.7669999212598424
20
0.8778666141732283
11
1.7620444488188975
21
0.8811702362204724
0
LINE
8
BLACK
6
CONTINUOUS
10
1.7620444488188975
20
0.8811702362204724
11
1.7591272834645668
21
0.8818995275590551
0
LINE
8
BLACK
6
CONTINUOUS
10
1.7591272834645668
20
0.8818995275590551
11
1.7602735433070866
21
0.8796070078740157
0
LINE
8
BLACK
6
CONTINUOUS
10
1.7602735433070866
20
0.8796070078740157
11
1.7604804330708661
21
0.8790664173228346
0
LINE
8
BLACK
6
CONTINUOUS
10
1.7604804330708661
20
0.8790664173228346
11
1.7604879527559054
21
0.8789605511811024
0
LINE
8
BLACK
6
CONTINUOUS
10
1.7604879527559054
20
0.8789605511811024
11
1.7605285433070865
21
0.8788625590551181
0
LINE
8
BLACK
6
CONTINUOUS
10
1.7605285433070865
20
0.8788625590551181
11
1.7605852755905511
21
0.8782864960629921
0
LINE
8
BLACK
6
CONTINUOUS
10
1.7605852755905511
20
0.8782864960629921
11
1.7605852755905511
21
0.8707874409448819
0
LINE
8
BLACK
6
CONTINUOUS
10
1.7605852755905511
20
0.8707874409448819
11
1.7605285433070865
21
0.8702113779527559
0
LINE
8
BLACK
6
CONTINUOUS
10
1.7605285433070865
20
0.8702113779527559
11
1.7604879527559054
21
0.8701134251968504
0
LINE
8
BLACK
6
CONTINUOUS
10
1.7604879527559054
20
0.8701134251968504
11
1.7604804330708661
21
0.8700075196850393
0
LINE
8
BLACK
6
CONTINUOUS
10
1.7604804330708661
20
0.8700075196850393
11
1.7602735433070866
21
0.8694669291338583
0
LINE
8
BLACK
6
CONTINUOUS
10
1.7602735433070866
20
0.8694669291338583
11
1.7583987795275591
21
0.8657174015748031
0
LINE
8
BLACK
6
CONTINUOUS
10
1.7583987795275591
20
0.8657174015748031
11
1.7582426771653543
21
0.8654694094488189
0
LINE
8
BLACK
6
CONTINUOUS
10
1.7582426771653543
20
0.8654694094488189
11
1.7582128740157479
21
0.8653974409448819
0
LINE
8
BLACK
6
CONTINUOUS
10
1.7582128740157479
20
0.8653974409448819
11
1.758146377952756
21
0.8653164960629921
0
LINE
8
BLACK
6
CONTINUOUS
10
1.758146377952756
20
0.8653164960629921
11
1.7580904330708662
21
0.8652275196850393
0
LINE
8
BLACK
6
CONTINUOUS
10
1.7580904330708662
20
0.8652275196850393
11
1.7580314173228346
21
0.8651763779527559
0
LINE
8
BLACK
6
CONTINUOUS
10
1.7580314173228346
20
0.8651763779527559
11
1.7578456692913385
21
0.86495
0
LINE
8
BLACK
6
CONTINUOUS
10
1.7578456692913385
20
0.86495
11
1.7559709055118109
21
0.8630752362204724
0
LINE
8
BLACK
6
CONTINUOUS
10
1.7559709055118109
20
0.8630752362204724
11
1.7557445275590551
21
0.8628894881889764
0
LINE
8
BLACK
6
CONTINUOUS
10
1.7557445275590551
20
0.8628894881889764
11
1.7556933858267716
21
0.8628304724409449
0
LINE
8
BLACK
6
CONTINUOUS
10
1.7556933858267716
20
0.8628304724409449
11
1.7556044094488188
21
0.8627745275590551
0
LINE
8
BLACK
6
CONTINUOUS
10
1.7556044094488188
20
0.8627745275590551
11
1.7555234645669291
21
0.862708031496063
0
LINE
8
BLACK
6
CONTINUOUS
10
1.7555234645669291
20
0.862708031496063
11
1.7554514960629921
21
0.8626782283464567
0
LINE
8
BLACK
6
CONTINUOUS
10
1.7554514960629921
20
0.8626782283464567
11
1.7552035039370077
21
0.8625221259842519
0
LINE
8
BLACK
6
CONTINUOUS
10
1.7552035039370077
20
0.8625221259842519
11
1.7514539763779526
21
0.8606473622047244
0
LINE
8
BLACK
6
CONTINUOUS
10
1.7514539763779526
20
0.8606473622047244
11
1.7509133464566928
21
0.8604404724409449
0
LINE
8
BLACK
6
CONTINUOUS
10
1.7509133464566928
20
0.8604404724409449
11
1.7508075196850392
21
0.8604329921259842
0
LINE
8
BLACK
6
CONTINUOUS
10
1.7508075196850392
20
0.8604329921259842
11
1.7507095275590552
21
0.8603923622047244
0
LINE
8
BLACK
6
CONTINUOUS
10
1.7507095275590552
20
0.8603923622047244
11
1.7501334645669291
21
0.8603356299212598
0
LINE
8
BLACK
6
CONTINUOUS
10
1.7501334645669291
20
0.8603356299212598
11
1.7407596456692913
21
0.8603356299212598
0
LINE
8
BLACK
6
CONTINUOUS
10
1.7407596456692913
20
0.8603356299212598
11
1.7401835826771652
21
0.8603923622047244
0
LINE
8
BLACK
6
CONTINUOUS
10
1.7401835826771652
20
0.8603923622047244
11
1.7400855905511812
21
0.8604329527559055
0
LINE
8
BLACK
6
CONTINUOUS
10
1.7400855905511812
20
0.8604329527559055
11
1.7399797244094488
21
0.8604404724409449
0
LINE
8
BLACK
6
CONTINUOUS
10
1.7399797244094488
20
0.8604404724409449
11
1.7394391338582678
21
0.8606473622047244
0
LINE
8
BLACK
6
CONTINUOUS
10
1.7394391338582678
20
0.8606473622047244
11
1.7356896062992127
21
0.8625221259842519
0
LINE
8
BLACK
6
CONTINUOUS
10
1.7356896062992127
20
0.8625221259842519
11
1.7354415748031495
21
0.8626782283464567
0
LINE
8
BLACK
6
CONTINUOUS
10
1.7354415748031495
20
0.8626782283464567
11
1.7353696456692913
21
0.862708031496063
0
LINE
8
BLACK
6
CONTINUOUS
10
1.7353696456692913
20
0.862708031496063
11
1.7352886614173229
21
0.8627745275590551
0
LINE
8
BLACK
6
CONTINUOUS
10
1.7352886614173229
20
0.8627745275590551
11
1.7351997244094488
21
0.8628304724409449
0
LINE
8
BLACK
6
CONTINUOUS
10
1.7351997244094488
20
0.8628304724409449
11
1.7351485433070866
21
0.8628894881889764
0
LINE
8
BLACK
6
CONTINUOUS
10
1.7351485433070866
20
0.8628894881889764
11
1.7349222047244095
21
0.8630752362204724
0
LINE
8
BLACK
6
CONTINUOUS
10
1.7349222047244095
20
0.8630752362204724
11
1.7330474409448819
21
0.86495
0
LINE
8
BLACK
6
CONTINUOUS
10
1.7330474409448819
20
0.86495
11
1.732861653543307
21
0.8651763779527559
0
LINE
8
BLACK
6
CONTINUOUS
10
1.732861653543307
20
0.8651763779527559
11
1.7328026771653542
21
0.8652275196850393
0
LINE
8
BLACK
6
CONTINUOUS
10
1.7328026771653542
20
0.8652275196850393
11
1.7327466929133857
21
0.8653164960629921
0
LINE
8
BLACK
6
CONTINUOUS
10
1.7327466929133857
20
0.8653164960629921
11
1.7326802362204723
21
0.8653974409448819
0
LINE
8
BLACK
6
CONTINUOUS
10
1.7326802362204723
20
0.8653974409448819
11
1.7326503937007873
21
0.8654694094488189
0
LINE
8
BLACK
6
CONTINUOUS
10
1.7326503937007873
20
0.8654694094488189
11
1.7324943307086613
21
0.8657174015748031
0
LINE
8
BLACK
6
CONTINUOUS
10
1.7324943307086613
20
0.8657174015748031
11
1.7306195669291338
21
0.8694669291338583
0
LINE
8
BLACK
6
CONTINUOUS
10
1.7306195669291338
20
0.8694669291338583
11
1.7304126771653543
21
0.8700075590551181
0
LINE
8
BLACK
6
CONTINUOUS
10
1.7304126771653543
20
0.8700075590551181
11
1.730405157480315
21
0.8701133858267717
0
LINE
8
BLACK
6
CONTINUOUS
10
1.730405157480315
20
0.8701133858267717
11
1.7303645669291339
21
0.8702113779527559
0
LINE
8
BLACK
6
CONTINUOUS
10
1.7303645669291339
20
0.8702113779527559
11
1.7303078346456693
21
0.8707874409448819
0
LINE
8
BLACK
6
CONTINUOUS
10
1.7303078346456693
20
0.8707874409448819
11
1.7303078346456693
21
0.8782864960629921
0
LINE
8
BLACK
6
CONTINUOUS
10
1.7303078346456693
20
0.8782864960629921
11
1.7303645669291339
21
0.8788625590551181
0
LINE
8
BLACK
6
CONTINUOUS
10
1.7303645669291339
20
0.8788625590551181
11
1.730405157480315
21
0.878960590551181
0
LINE
8
BLACK
6
CONTINUOUS
10
1.730405157480315
20
0.878960590551181
11
1.7304126771653543
21
0.8790663779527559
0
LINE
8
BLACK
6
CONTINUOUS
10
1.7304126771653543
20
0.8790663779527559
11
1.7306195669291338
21
0.8796070078740157
0
LINE
8
BLACK
6
CONTINUOUS
10
1.7306195669291338
20
0.8796070078740157
11
1.7324943307086613
21
0.8833565354330708
0
LINE
8
BLACK
6
CONTINUOUS
10
1.7324943307086613
20
0.8833565354330708
11
1.7326503937007873
21
0.8836045669291338
0
LINE
8
BLACK
6
CONTINUOUS
10
1.7326503937007873
20
0.8836045669291338
11
1.7326802362204723
21
0.8836764960629921
0
LINE
8
BLACK
6
CONTINUOUS
10
1.7326802362204723
20
0.8836764960629921
11
1.7327466929133857
21
0.8837574803149606
0
LINE
8
BLACK
6
CONTINUOUS
10
1.7327466929133857
20
0.8837574803149606
11
1.7328026771653542
21
0.8838464173228346
0
LINE
8
BLACK
6
CONTINUOUS
10
1.7328026771653542
20
0.8838464173228346
11
1.732861653543307
21
0.8838975984251969
0
LINE
8
BLACK
6
CONTINUOUS
10
1.732861653543307
20
0.8838975984251969
11
1.7330474409448819
21
0.884123937007874
0
LINE
8
BLACK
6
CONTINUOUS
10
1.7330474409448819
20
0.884123937007874
11
1.7349222047244095
21
0.8859987007874015
0
LINE
8
BLACK
6
CONTINUOUS
10
1.7349222047244095
20
0.8859987007874015
11
1.7351485433070866
21
0.8861844881889763
0
LINE
8
BLACK
6
CONTINUOUS
10
1.7351485433070866
20
0.8861844881889763
11
1.7351997244094488
21
0.8862434645669292
0
LINE
8
BLACK
6
CONTINUOUS
10
1.7351997244094488
20
0.8862434645669292
11
1.7352886614173229
21
0.8862994488188977
0
LINE
8
BLACK
6
CONTINUOUS
10
1.7352886614173229
20
0.8862994488188977
11
1.7353696456692913
21
0.886365905511811
0
LINE
8
BLACK
6
CONTINUOUS
10
1.7353696456692913
20
0.886365905511811
11
1.7354415748031495
21
0.886395748031496
0
LINE
8
BLACK
6
CONTINUOUS
10
1.7354415748031495
20
0.886395748031496
11
1.7356896062992127
21
0.886551811023622
0
LINE
8
BLACK
6
CONTINUOUS
10
1.7356896062992127
20
0.886551811023622
11
1.7394391338582678
21
0.8884265748031496
0
LINE
8
BLACK
6
CONTINUOUS
10
1.7394391338582678
20
0.8884265748031496
11
1.7399797244094488
21
0.8886334645669292
0
LINE
8
BLACK
6
CONTINUOUS
10
1.7399797244094488
20
0.8886334645669292
11
1.7400855905511812
21
0.8886410236220472
0
LINE
8
BLACK
6
CONTINUOUS
10
1.7400855905511812
20
0.8886410236220472
11
1.7401835826771652
21
0.8886815748031496
0
LINE
8
BLACK
6
CONTINUOUS
10
1.7401835826771652
20
0.8886815748031496
11
1.7407596456692913
21
0.8887383070866142
0
LINE
8
BLACK
6
CONTINUOUS
10
1.7407596456692913
20
0.8887383070866142
11
1.7557577559055118
21
0.8887383070866142
0
LINE
8
BLACK
6
CONTINUOUS
10
1.7557577559055118
20
0.8887383070866142
11
1.7558582677165353
21
0.8887284251968504
0
LINE
8
BLACK
6
CONTINUOUS
10
1.7387592125984253
20
0.8814840551181102
11
1.7375620866141732
21
0.8802869291338582
0
LINE
8
BLACK
6
CONTINUOUS
10
1.7375620866141732
20
0.8802869291338582
11
1.7362133464566929
21
0.8775894488188977
0
LINE
8
BLACK
6
CONTINUOUS
10
1.7362133464566929
20
0.8775894488188977
11
1.7362133464566929
21
0.8714844881889764
0
LINE
8
BLACK
6
CONTINUOUS
10
1.7362133464566929
20
0.8714844881889764
11
1.7375620866141732
21
0.8687870078740157
0
LINE
8
BLACK
6
CONTINUOUS
10
1.7375620866141732
20
0.8687870078740157
11
1.7387592125984253
21
0.8675898818897637
0
LINE
8
BLACK
6
CONTINUOUS
10
1.7387592125984253
20
0.8675898818897637
11
1.7414566929133859
21
0.8662411417322834
0
LINE
8
BLACK
6
CONTINUOUS
10
1.7414566929133859
20
0.8662411417322834
11
1.7494364173228345
21
0.8662411417322834
0
LINE
8
BLACK
6
CONTINUOUS
10
1.7494364173228345
20
0.8662411417322834
11
1.7521338976377951
21
0.8675898818897637
0
LINE
8
BLACK
6
CONTINUOUS
10
1.7521338976377951
20
0.8675898818897637
11
1.7533310236220472
21
0.8687870078740157
0
LINE
8
BLACK
6
CONTINUOUS
10
1.7533310236220472
20
0.8687870078740157
11
1.7546797637795275
21
0.8714844881889764
0
LINE
8
BLACK
6
CONTINUOUS
10
1.7546797637795275
20
0.8714844881889764
11
1.7546797637795275
21
0.8775894488188977
0
LINE
8
BLACK
6
CONTINUOUS
10
1.7546797637795275
20
0.8775894488188977
11
1.7533310236220472
21
0.8802869291338582
0
LINE
8
BLACK
6
CONTINUOUS
10
1.7533310236220472
20
0.8802869291338582
11
1.7521338976377951
21
0.8814840551181102
0
LINE
8
BLACK
6
CONTINUOUS
10
1.7521338976377951
20
0.8814840551181102
11
1.7494364173228345
21
0.8828327952755906
0
LINE
8
BLACK
6
CONTINUOUS
10
1.7494364173228345
20
0.8828327952755906
11
1.7414566929133859
21
0.8828327952755906
0
LINE
8
BLACK
6
CONTINUOUS
10
1.7414566929133859
20
0.8828327952755906
11
1.7387592125984253
21
0.8814840551181102
0
LINE
8
BLACK
6
CONTINUOUS
10
1.7723962992125983
20
0.9069883858267717
11
1.7723963779527558
21
0.9069883464566929
0
LINE
8
BLACK
6
CONTINUOUS
10
1.7723963779527558
20
0.9069883464566929
11
1.7728438188976376
21
0.9066211417322835
0
LINE
8
BLACK
6
CONTINUOUS
10
1.7728438188976376
20
0.9066211417322835
11
1.7747185826771654
21
0.9047463779527559
0
LINE
8
BLACK
6
CONTINUOUS
10
1.7747185826771654
20
0.9047463779527559
11
1.7750857874015749
21
0.904298937007874
0
LINE
8
BLACK
6
CONTINUOUS
10
1.7750857874015749
20
0.904298937007874
11
1.7752273622047243
21
0.9039571653543307
0
LINE
8
BLACK
6
CONTINUOUS
10
1.7752273622047243
20
0.9039571653543307
11
1.7755266929133857
21
0.9032344881889763
0
LINE
8
BLACK
6
CONTINUOUS
10
1.7755266929133857
20
0.9032344881889763
11
1.7755266929133857
21
0.9020824015748031
0
LINE
8
BLACK
6
CONTINUOUS
10
1.7755266929133857
20
0.9020824015748031
11
1.7750857874015749
21
0.9010179921259842
0
LINE
8
BLACK
6
CONTINUOUS
10
1.7750857874015749
20
0.9010179921259842
11
1.7747185826771654
21
0.9005705511811023
0
LINE
8
BLACK
6
CONTINUOUS
10
1.7747185826771654
20
0.9005705511811023
11
1.7728438188976376
21
0.8986957874015747
0
LINE
8
BLACK
6
CONTINUOUS
10
1.7728438188976376
20
0.8986957874015747
11
1.7723963779527558
21
0.8983285826771653
0
LINE
8
BLACK
6
CONTINUOUS
10
1.7723963779527558
20
0.8983285826771653
11
1.771331968503937
21
0.8978876771653543
0
LINE
8
BLACK
6
CONTINUOUS
10
1.771331968503937
20
0.8978876771653543
11
1.7701798818897638
21
0.8978876771653543
0
LINE
8
BLACK
6
CONTINUOUS
10
1.7701798818897638
20
0.8978876771653543
11
1.7691154724409448
21
0.8983285433070866
0
LINE
8
BLACK
6
CONTINUOUS
10
1.7691154724409448
20
0.8983285433070866
11
1.7686679921259842
21
0.8986957874015747
0
LINE
8
BLACK
6
CONTINUOUS
10
1.7686679921259842
20
0.8986957874015747
11
1.7667932283464567
21
0.9005705118110237
0
LINE
8
BLACK
6
CONTINUOUS
10
1.7667932283464567
20
0.9005705118110237
11
1.7664259842519685
21
0.9010179921259842
0
LINE
8
BLACK
6
CONTINUOUS
10
1.7664259842519685
20
0.9010179921259842
11
1.7664259448818898
21
0.901018031496063
0
LINE
8
BLACK
6
CONTINUOUS
10
1.7664259448818898
20
0.901018031496063
11
1.7659850787401574
21
0.9020824409448819
0
LINE
8
BLACK
6
CONTINUOUS
10
1.7659850787401574
20
0.9020824409448819
11
1.7659850787401574
21
0.9032345275590551
0
LINE
8
BLACK
6
CONTINUOUS
10
1.7659850787401574
20
0.9032345275590551
11
1.7662844094488188
21
0.9039571653543307
0
LINE
8
BLACK
6
CONTINUOUS
10
1.7662844094488188
20
0.9039571653543307
11
1.7664259448818898
21
0.9042988976377953
0
LINE
8
BLACK
6
CONTINUOUS
10
1.7664259448818898
20
0.9042988976377953
11
1.7664259842519685
21
0.904298937007874
0
LINE
8
BLACK
6
CONTINUOUS
10
1.7664259842519685
20
0.904298937007874
11
1.7667932283464567
21
0.9047464173228347
0
LINE
8
BLACK
6
CONTINUOUS
10
1.7667932283464567
20
0.9047464173228347
11
1.7686679921259842
21
0.9066211417322835
0
LINE
8
BLACK
6
CONTINUOUS
10
1.7686679921259842
20
0.9066211417322835
11
1.7691154724409448
21
0.9069883858267717
0
LINE
8
BLACK
6
CONTINUOUS
10
1.7691154724409448
20
0.9069883858267717
11
1.7701798818897638
21
0.9074292519685039
0
LINE
8
BLACK
6
CONTINUOUS
10
1.7701798818897638
20
0.9074292519685039
11
1.771331968503937
21
0.9074292519685039
0
LINE
8
BLACK
6
CONTINUOUS
10
1.771331968503937
20
0.9074292519685039
11
1.7723962992125983
21
0.9069883858267717
0
LINE
8
BLACK
6
CONTINUOUS
10
1.7432104724409447
20
0.9449245275590551
11
1.743308464566929
21
0.944883937007874
0
LINE
8
BLACK
6
CONTINUOUS
10
1.743308464566929
20
0.944883937007874
11
1.7434142913385826
21
0.9448764173228347
0
LINE
8
BLACK
6
CONTINUOUS
10
1.7434142913385826
20
0.9448764173228347
11
1.7439549212598424
21
0.9446695275590551
0
LINE
8
BLACK
6
CONTINUOUS
10
1.7439549212598424
20
0.9446695275590551
11
1.7477044488188975
21
0.9427947637795275
0
LINE
8
BLACK
6
CONTINUOUS
10
1.7477044488188975
20
0.9427947637795275
11
1.7479524409448819
21
0.9426387007874015
0
LINE
8
BLACK
6
CONTINUOUS
10
1.7479524409448819
20
0.9426387007874015
11
1.7480244094488189
21
0.9426088582677166
0
LINE
8
BLACK
6
CONTINUOUS
10
1.7480244094488189
20
0.9426088582677166
11
1.7481053543307086
21
0.9425424015748032
0
LINE
8
BLACK
6
CONTINUOUS
10
1.7481053543307086
20
0.9425424015748032
11
1.7481943307086614
21
0.9424864173228347
0
LINE
8
BLACK
6
CONTINUOUS
10
1.7481943307086614
20
0.9424864173228347
11
1.7482454724409449
21
0.9424274409448818
0
LINE
8
BLACK
6
CONTINUOUS
10
1.7482454724409449
20
0.9424274409448818
11
1.7484718503937007
21
0.942241653543307
0
LINE
8
BLACK
6
CONTINUOUS
10
1.7484718503937007
20
0.942241653543307
11
1.7501334645669291
21
0.9405800393700787
0
LINE
8
BLACK
6
CONTINUOUS
10
1.7501334645669291
20
0.9405800393700787
11
1.7517950787401575
21
0.942241653543307
0
LINE
8
BLACK
6
CONTINUOUS
10
1.7517950787401575
20
0.942241653543307
11
1.7520214173228346
21
0.9424274409448818
0
LINE
8
BLACK
6
CONTINUOUS
10
1.7520214173228346
20
0.9424274409448818
11
1.7520725984251968
21
0.9424864173228347
0
LINE
8
BLACK
6
CONTINUOUS
10
1.7520725984251968
20
0.9424864173228347
11
1.7521615354330708
21
0.9425424015748032
0
LINE
8
BLACK
6
CONTINUOUS
10
1.7521615354330708
20
0.9425424015748032
11
1.7522425196850393
21
0.9426088582677166
0
LINE
8
BLACK
6
CONTINUOUS
10
1.7522425196850393
20
0.9426088582677166
11
1.7523144488188975
21
0.9426387007874015
0
LINE
8
BLACK
6
CONTINUOUS
10
1.7523144488188975
20
0.9426387007874015
11
1.7525624803149606
21
0.9427947637795275
0
LINE
8
BLACK
6
CONTINUOUS
10
1.7525624803149606
20
0.9427947637795275
11
1.7563120078740158
21
0.9446695275590551
0
LINE
8
BLACK
6
CONTINUOUS
10
1.7563120078740158
20
0.9446695275590551
11
1.7568525984251968
21
0.9448764173228347
0
LINE
8
BLACK
6
CONTINUOUS
10
1.7568525984251968
20
0.9448764173228347
11
1.7569584645669292
21
0.9448839763779527
0
LINE
8
BLACK
6
CONTINUOUS
10
1.7569584645669292
20
0.9448839763779527
11
1.7570564566929134
21
0.9449245275590551
0
LINE
8
BLACK
6
CONTINUOUS
10
1.7570564566929134
20
0.9449245275590551
11
1.7576325196850393
21
0.9449812598425197
0
LINE
8
BLACK
6
CONTINUOUS
10
1.7576325196850393
20
0.9449812598425197
11
1.7651315748031495
21
0.9449812598425197
0
LINE
8
BLACK
6
CONTINUOUS
10
1.7651315748031495
20
0.9449812598425197
11
1.7657076377952756
21
0.9449245275590551
0
LINE
8
BLACK
6
CONTINUOUS
10
1.7657076377952756
20
0.9449245275590551
11
1.7658056299212599
21
0.944883937007874
0
LINE
8
BLACK
6
CONTINUOUS
10
1.7658056299212599
20
0.944883937007874
11
1.7659114566929133
21
0.9448764173228347
0
LINE
8
BLACK
6
CONTINUOUS
10
1.7659114566929133
20
0.9448764173228347
11
1.7664520866141731
21
0.9446695275590551
0
LINE
8
BLACK
6
CONTINUOUS
10
1.7664520866141731
20
0.9446695275590551
11
1.7702016141732284
21
0.9427947637795275
0
LINE
8
BLACK
6
CONTINUOUS
10
1.7702016141732284
20
0.9427947637795275
11
1.7704494881889763
21
0.9426387401574803
0
LINE
8
BLACK
6
CONTINUOUS
10
1.7704494881889763
20
0.9426387401574803
11
1.7705215354330708
21
0.9426088976377952
0
LINE
8
BLACK
6
CONTINUOUS
10
1.7705215354330708
20
0.9426088976377952
11
1.770602559055118
21
0.9425424015748032
0
LINE
8
BLACK
6
CONTINUOUS
10
1.770602559055118
20
0.9425424015748032
11
1.770691496062992
21
0.9424864173228347
0
LINE
8
BLACK
6
CONTINUOUS
10
1.770691496062992
20
0.9424864173228347
11
1.7707426377952755
21
0.9424274409448818
0
LINE
8
BLACK
6
CONTINUOUS
10
1.7707426377952755
20
0.9424274409448818
11
1.7709689763779528
21
0.9422416929133858
0
LINE
8
BLACK
6
CONTINUOUS
10
1.7709689763779528
20
0.9422416929133858
11
1.7728437795275591
21
0.9403669291338582
0
LINE
8
BLACK
6
CONTINUOUS
10
1.7728437795275591
20
0.9403669291338582
11
1.7730295275590551
21
0.940140590551181
0
LINE
8
BLACK
6
CONTINUOUS
10
1.7730295275590551
20
0.940140590551181
11
1.7730885826771654
21
0.9400893700787402
0
LINE
8
BLACK
6
CONTINUOUS
10
1.7730885826771654
20
0.9400893700787402
11
1.7731445669291339
21
0.9400004330708661
0
LINE
8
BLACK
6
CONTINUOUS
10
1.7731445669291339
20
0.9400004330708661
11
1.7732110236220473
21
0.9399194488188977
0
LINE
8
BLACK
6
CONTINUOUS
10
1.7732110236220473
20
0.9399194488188977
11
1.7732408267716535
21
0.9398475196850393
0
LINE
8
BLACK
6
CONTINUOUS
10
1.7732408267716535
20
0.9398475196850393
11
1.7733969291338583
21
0.9395994881889763
0
LINE
8
BLACK
6
CONTINUOUS
10
1.7733969291338583
20
0.9395994881889763
11
1.7752716929133858
21
0.9358499606299212
0
LINE
8
BLACK
6
CONTINUOUS
10
1.7752716929133858
20
0.9358499606299212
11
1.7754785826771653
21
0.9353093700787402
0
LINE
8
BLACK
6
CONTINUOUS
10
1.7754785826771653
20
0.9353093700787402
11
1.7754861023622046
21
0.9352035039370079
0
LINE
8
BLACK
6
CONTINUOUS
10
1.7754861023622046
20
0.9352035039370079
11
1.7755266929133857
21
0.9351055118110236
0
LINE
8
BLACK
6
CONTINUOUS
10
1.7755266929133857
20
0.9351055118110236
11
1.7755834251968503
21
0.9345294488188977
0
LINE
8
BLACK
6
CONTINUOUS
10
1.7755834251968503
20
0.9345294488188977
11
1.7755834251968503
21
0.9270303937007873
0
LINE
8
BLACK
6
CONTINUOUS
10
1.7755834251968503
20
0.9270303937007873
11
1.7755266929133857
21
0.9264543307086613
0
LINE
8
BLACK
6
CONTINUOUS
10
1.7755266929133857
20
0.9264543307086613
11
1.7754861023622046
21
0.9263563779527559
0
LINE
8
BLACK
6
CONTINUOUS
10
1.7754861023622046
20
0.9263563779527559
11
1.7754785826771653
21
0.9262504724409448
0
LINE
8
BLACK
6
CONTINUOUS
10
1.7754785826771653
20
0.9262504724409448
11
1.7752716929133858
21
0.9257098818897638
0
LINE
8
BLACK
6
CONTINUOUS
10
1.7752716929133858
20
0.9257098818897638
11
1.7733969291338583
21
0.9219603543307087
0
LINE
8
BLACK
6
CONTINUOUS
10
1.7733969291338583
20
0.9219603543307087
11
1.7732408267716535
21
0.9217123622047244
0
LINE
8
BLACK
6
CONTINUOUS
10
1.7732408267716535
20
0.9217123622047244
11
1.7732110236220473
21
0.9216403937007874
0
LINE
8
BLACK
6
CONTINUOUS
10
1.7732110236220473
20
0.9216403937007874
11
1.7731445669291339
21
0.9215594488188976
0
LINE
8
BLACK
6
CONTINUOUS
10
1.7731445669291339
20
0.9215594488188976
11
1.7730885826771654
21
0.9214704724409448
0
LINE
8
BLACK
6
CONTINUOUS
10
1.7730885826771654
20
0.9214704724409448
11
1.7730295275590551
21
0.9214192913385827
0
LINE
8
BLACK
6
CONTINUOUS
10
1.7730295275590551
20
0.9214192913385827
11
1.7728437795275591
21
0.9211929133858268
0
LINE
8
BLACK
6
CONTINUOUS
10
1.7728437795275591
20
0.9211929133858268
11
1.7709689763779528
21
0.9193181496062992
0
LINE
8
BLACK
6
CONTINUOUS
10
1.7709689763779528
20
0.9193181496062992
11
1.7707426377952755
21
0.9191324409448819
0
LINE
8
BLACK
6
CONTINUOUS
10
1.7707426377952755
20
0.9191324409448819
11
1.770691496062992
21
0.9190734251968504
0
LINE
8
BLACK
6
CONTINUOUS
10
1.770691496062992
20
0.9190734251968504
11
1.770602559055118
21
0.9190174803149606
0
LINE
8
BLACK
6
CONTINUOUS
10
1.770602559055118
20
0.9190174803149606
11
1.7705215354330708
21
0.9189509448818898
0
LINE
8
BLACK
6
CONTINUOUS
10
1.7705215354330708
20
0.9189509448818898
11
1.7704494881889763
21
0.9189211417322835
0
LINE
8
BLACK
6
CONTINUOUS
10
1.7704494881889763
20
0.9189211417322835
11
1.7702016141732284
21
0.9187650787401574
0
LINE
8
BLACK
6
CONTINUOUS
10
1.7702016141732284
20
0.9187650787401574
11
1.7664520866141731
21
0.9168903149606299
0
LINE
8
BLACK
6
CONTINUOUS
10
1.7664520866141731
20
0.9168903149606299
11
1.7659114566929133
21
0.9166834251968504
0
LINE
8
BLACK
6
CONTINUOUS
10
1.7659114566929133
20
0.9166834251968504
11
1.7658056299212599
21
0.9166759448818897
0
LINE
8
BLACK
6
CONTINUOUS
10
1.7658056299212599
20
0.9166759448818897
11
1.7657076377952756
21
0.9166353149606299
0
LINE
8
BLACK
6
CONTINUOUS
10
1.7657076377952756
20
0.9166353149606299
11
1.7651315748031495
21
0.9165785826771653
0
LINE
8
BLACK
6
CONTINUOUS
10
1.7651315748031495
20
0.9165785826771653
11
1.7576325196850393
21
0.9165785826771653
0
LINE
8
BLACK
6
CONTINUOUS
10
1.7576325196850393
20
0.9165785826771653
11
1.7570564566929134
21
0.9166353149606299
0
LINE
8
BLACK
6
CONTINUOUS
10
1.7570564566929134
20
0.9166353149606299
11
1.7569584645669292
21
0.916675905511811
0
LINE
8
BLACK
6
CONTINUOUS
10
1.7569584645669292
20
0.916675905511811
11
1.7568525984251968
21
0.9166834251968504
0
LINE
8
BLACK
6
CONTINUOUS
10
1.7568525984251968
20
0.9166834251968504
11
1.7563120078740158
21
0.9168903149606299
0
LINE
8
BLACK
6
CONTINUOUS
10
1.7563120078740158
20
0.9168903149606299
11
1.7525624803149606
21
0.9187650787401574
0
LINE
8
BLACK
6
CONTINUOUS
10
1.7525624803149606
20
0.9187650787401574
11
1.7523144488188975
21
0.9189211811023622
0
LINE
8
BLACK
6
CONTINUOUS
10
1.7523144488188975
20
0.9189211811023622
11
1.7522425196850393
21
0.9189509842519685
0
LINE
8
BLACK
6
CONTINUOUS
10
1.7522425196850393
20
0.9189509842519685
11
1.7521615354330708
21
0.9190174803149606
0
LINE
8
BLACK
6
CONTINUOUS
10
1.7521615354330708
20
0.9190174803149606
11
1.7520725984251968
21
0.9190734251968504
0
LINE
8
BLACK
6
CONTINUOUS
10
1.7520725984251968
20
0.9190734251968504
11
1.7520214173228346
21
0.9191324409448819
0
LINE
8
BLACK
6
CONTINUOUS
10
1.7520214173228346
20
0.9191324409448819
11
1.7517950787401575
21
0.919318188976378
0
LINE
8
BLACK
6
CONTINUOUS
10
1.7517950787401575
20
0.919318188976378
11
1.7501334645669291
21
0.9209798031496063
0
LINE
8
BLACK
6
CONTINUOUS
10
1.7501334645669291
20
0.9209798031496063
11
1.7484718503937007
21
0.919318188976378
0
LINE
8
BLACK
6
CONTINUOUS
10
1.7484718503937007
20
0.919318188976378
11
1.7482454724409449
21
0.9191324409448819
0
LINE
8
BLACK
6
CONTINUOUS
10
1.7482454724409449
20
0.9191324409448819
11
1.7481943307086614
21
0.9190734251968504
0
LINE
8
BLACK
6
CONTINUOUS
10
1.7481943307086614
20
0.9190734251968504
11
1.7481053543307086
21
0.9190174803149606
0
LINE
8
BLACK
6
CONTINUOUS
10
1.7481053543307086
20
0.9190174803149606
11
1.7480244094488189
21
0.9189509842519685
0
LINE
8
BLACK
6
CONTINUOUS
10
1.7480244094488189
20
0.9189509842519685
11
1.7479524409448819
21
0.9189211811023622
0
LINE
8
BLACK
6
CONTINUOUS
10
1.7479524409448819
20
0.9189211811023622
11
1.7477044488188975
21
0.9187650787401574
0
LINE
8
BLACK
6
CONTINUOUS
10
1.7477044488188975
20
0.9187650787401574
11
1.7439549212598424
21
0.9168903149606299
0
LINE
8
BLACK
6
CONTINUOUS
10
1.7439549212598424
20
0.9168903149606299
11
1.7434142913385826
21
0.9166834251968504
0
LINE
8
BLACK
6
CONTINUOUS
10
1.7434142913385826
20
0.9166834251968504
11
1.743308464566929
21
0.9166759448818897
0
LINE
8
BLACK
6
CONTINUOUS
10
1.743308464566929
20
0.9166759448818897
11
1.7432104724409447
21
0.9166353149606299
0
LINE
8
BLACK
6
CONTINUOUS
10
1.7432104724409447
20
0.9166353149606299
11
1.7426344094488189
21
0.9165785826771653
0
LINE
8
BLACK
6
CONTINUOUS
10
1.7426344094488189
20
0.9165785826771653
11
1.7407596456692913
21
0.9165785826771653
0
LINE
8
BLACK
6
CONTINUOUS
10
1.7407596456692913
20
0.9165785826771653
11
1.7401835826771652
21
0.9166353149606299
0
LINE
8
BLACK
6
CONTINUOUS
10
1.7401835826771652
20
0.9166353149606299
11
1.7400855905511812
21
0.916675905511811
0
LINE
8
BLACK
6
CONTINUOUS
10
1.7400855905511812
20
0.916675905511811
11
1.7399797244094488
21
0.9166834251968504
0
LINE
8
BLACK
6
CONTINUOUS
10
1.7399797244094488
20
0.9166834251968504
11
1.7394391338582678
21
0.9168903149606299
0
LINE
8
BLACK
6
CONTINUOUS
10
1.7394391338582678
20
0.9168903149606299
11
1.7356896062992127
21
0.9187650787401574
0
LINE
8
BLACK
6
CONTINUOUS
10
1.7356896062992127
20
0.9187650787401574
11
1.7354415748031495
21
0.9189211811023622
0
LINE
8
BLACK
6
CONTINUOUS
10
1.7354415748031495
20
0.9189211811023622
11
1.7353696456692913
21
0.9189509842519685
0
LINE
8
BLACK
6
CONTINUOUS
10
1.7353696456692913
20
0.9189509842519685
11
1.7352886614173229
21
0.9190174803149606
0
LINE
8
BLACK
6
CONTINUOUS
10
1.7352886614173229
20
0.9190174803149606
11
1.7351997244094488
21
0.9190734251968504
0
LINE
8
BLACK
6
CONTINUOUS
10
1.7351997244094488
20
0.9190734251968504
11
1.7351485433070866
21
0.9191324409448819
0
LINE
8
BLACK
6
CONTINUOUS
10
1.7351485433070866
20
0.9191324409448819
11
1.7349222047244095
21
0.919318188976378
0
LINE
8
BLACK
6
CONTINUOUS
10
1.7349222047244095
20
0.919318188976378
11
1.7330474409448819
21
0.9211929527559055
0
LINE
8
BLACK
6
CONTINUOUS
10
1.7330474409448819
20
0.9211929527559055
11
1.732861653543307
21
0.9214193307086614
0
LINE
8
BLACK
6
CONTINUOUS
10
1.732861653543307
20
0.9214193307086614
11
1.7328026771653542
21
0.9214704724409448
0
LINE
8
BLACK
6
CONTINUOUS
10
1.7328026771653542
20
0.9214704724409448
11
1.7327466929133857
21
0.9215594488188976
0
LINE
8
BLACK
6
CONTINUOUS
10
1.7327466929133857
20
0.9215594488188976
11
1.7326802362204723
21
0.9216403937007874
0
LINE
8
BLACK
6
CONTINUOUS
10
1.7326802362204723
20
0.9216403937007874
11
1.7326503937007873
21
0.9217123622047244
0
LINE
8
BLACK
6
CONTINUOUS
10
1.7326503937007873
20
0.9217123622047244
11
1.7324943307086613
21
0.9219603543307087
0
LINE
8
BLACK
6
CONTINUOUS
10
1.7324943307086613
20
0.9219603543307087
11
1.7306195669291338
21
0.9257098818897638
0
LINE
8
BLACK
6
CONTINUOUS
10
1.7306195669291338
20
0.9257098818897638
11
1.7304126771653543
21
0.9262505118110236
0
LINE
8
BLACK
6
CONTINUOUS
10
1.7304126771653543
20
0.9262505118110236
11
1.730405157480315
21
0.9263563385826772
0
LINE
8
BLACK
6
CONTINUOUS
10
1.730405157480315
20
0.9263563385826772
11
1.7303645669291339
21
0.9264543307086613
0
LINE
8
BLACK
6
CONTINUOUS
10
1.7303645669291339
20
0.9264543307086613
11
1.7303078346456693
21
0.9270303937007873
0
LINE
8
BLACK
6
CONTINUOUS
10
1.7303078346456693
20
0.9270303937007873
11
1.7303078346456693
21
0.9345294488188977
0
LINE
8
BLACK
6
CONTINUOUS
10
1.7303078346456693
20
0.9345294488188977
11
1.7303645669291339
21
0.9351055118110236
0
LINE
8
BLACK
6
CONTINUOUS
10
1.7303645669291339
20
0.9351055118110236
11
1.730405157480315
21
0.9352035433070865
0
LINE
8
BLACK
6
CONTINUOUS
10
1.730405157480315
20
0.9352035433070865
11
1.7304126771653543
21
0.9353093307086614
0
LINE
8
BLACK
6
CONTINUOUS
10
1.7304126771653543
20
0.9353093307086614
11
1.7306195669291338
21
0.9358499606299212
0
LINE
8
BLACK
6
CONTINUOUS
10
1.7306195669291338
20
0.9358499606299212
11
1.7324943307086613
21
0.9395994881889763
0
LINE
8
BLACK
6
CONTINUOUS
10
1.7324943307086613
20
0.9395994881889763
11
1.7326503937007873
21
0.9398475196850393
0
LINE
8
BLACK
6
CONTINUOUS
10
1.7326503937007873
20
0.9398475196850393
11
1.7326802362204723
21
0.9399194488188977
0
LINE
8
BLACK
6
CONTINUOUS
10
1.7326802362204723
20
0.9399194488188977
11
1.7327466929133857
21
0.9400004330708661
0
LINE
8
BLACK
6
CONTINUOUS
10
1.7327466929133857
20
0.9400004330708661
11
1.7328026771653542
21
0.9400893700787402
0
LINE
8
BLACK
6
CONTINUOUS
10
1.7328026771653542
20
0.9400893700787402
11
1.732861653543307
21
0.9401405511811023
0
LINE
8
BLACK
6
CONTINUOUS
10
1.732861653543307
20
0.9401405511811023
11
1.7330474409448819
21
0.9403668897637795
0
LINE
8
BLACK
6
CONTINUOUS
10
1.7330474409448819
20
0.9403668897637795
11
1.7349222047244095
21
0.942241653543307
0
LINE
8
BLACK
6
CONTINUOUS
10
1.7349222047244095
20
0.942241653543307
11
1.7351485433070866
21
0.9424274409448818
0
LINE
8
BLACK
6
CONTINUOUS
10
1.7351485433070866
20
0.9424274409448818
11
1.7351997244094488
21
0.9424864173228347
0
LINE
8
BLACK
6
CONTINUOUS
10
1.7351997244094488
20
0.9424864173228347
11
1.7352886614173229
21
0.9425424015748032
0
LINE
8
BLACK
6
CONTINUOUS
10
1.7352886614173229
20
0.9425424015748032
11
1.7353696456692913
21
0.9426088582677166
0
LINE
8
BLACK
6
CONTINUOUS
10
1.7353696456692913
20
0.9426088582677166
11
1.7354415748031495
21
0.9426387007874015
0
LINE
8
BLACK
6
CONTINUOUS
10
1.7354415748031495
20
0.9426387007874015
11
1.7356896062992127
21
0.9427947637795275
0
LINE
8
BLACK
6
CONTINUOUS
10
1.7356896062992127
20
0.9427947637795275
11
1.7394391338582678
21
0.9446695275590551
0
LINE
8
BLACK
6
CONTINUOUS
10
1.7394391338582678
20
0.9446695275590551
11
1.7399797244094488
21
0.9448764173228347
0
LINE
8
BLACK
6
CONTINUOUS
10
1.7399797244094488
20
0.9448764173228347
11
1.7400855905511812
21
0.9448839763779527
0
LINE
8
BLACK
6
CONTINUOUS
10
1.7400855905511812
20
0.9448839763779527
11
1.7401835826771652
21
0.9449245275590551
0
LINE
8
BLACK
6
CONTINUOUS
10
1.7401835826771652
20
0.9449245275590551
11
1.7407596456692913
21
0.9449812598425197
0
LINE
8
BLACK
6
CONTINUOUS
10
1.7407596456692913
20
0.9449812598425197
11
1.7426344094488189
21
0.9449812598425197
0
LINE
8
BLACK
6
CONTINUOUS
10
1.7426344094488189
20
0.9449812598425197
11
1.7432104724409447
21
0.9449245275590551
0
LINE
8
BLACK
6
CONTINUOUS
10
1.7387592125984253
20
0.9377270078740157
11
1.7375620866141732
21
0.9365298818897637
0
LINE
8
BLACK
6
CONTINUOUS
10
1.7375620866141732
20
0.9365298818897637
11
1.7362133464566929
21
0.9338324015748032
0
LINE
8
BLACK
6
CONTINUOUS
10
1.7362133464566929
20
0.9338324015748032
11
1.7362133464566929
21
0.9277274409448819
0
LINE
8
BLACK
6
CONTINUOUS
10
1.7362133464566929
20
0.9277274409448819
11
1.7375620866141732
21
0.9250299606299213
0
LINE
8
BLACK
6
CONTINUOUS
10
1.7375620866141732
20
0.9250299606299213
11
1.7387592125984253
21
0.9238328346456692
0
LINE
8
BLACK
6
CONTINUOUS
10
1.7387592125984253
20
0.9238328346456692
11
1.7414566929133859
21
0.9224840944881889
0
LINE
8
BLACK
6
CONTINUOUS
10
1.7414566929133859
20
0.9224840944881889
11
1.7419373622047243
21
0.9224840944881889
0
LINE
8
BLACK
6
CONTINUOUS
10
1.7419373622047243
20
0.9224840944881889
11
1.7446348425196849
21
0.9238328346456692
0
LINE
8
BLACK
6
CONTINUOUS
10
1.7446348425196849
20
0.9238328346456692
11
1.745831968503937
21
0.9250299606299213
0
LINE
8
BLACK
6
CONTINUOUS
10
1.745831968503937
20
0.9250299606299213
11
1.7471807086614173
21
0.9277274409448819
0
LINE
8
BLACK
6
CONTINUOUS
10
1.7471807086614173
20
0.9277274409448819
11
1.7471807086614173
21
0.9338324015748032
0
LINE
8
BLACK
6
CONTINUOUS
10
1.7471807086614173
20
0.9338324015748032
11
1.745831968503937
21
0.9365298818897637
0
LINE
8
BLACK
6
CONTINUOUS
10
1.745831968503937
20
0.9365298818897637
11
1.7446348425196849
21
0.9377270078740157
0
LINE
8
BLACK
6
CONTINUOUS
10
1.7446348425196849
20
0.9377270078740157
11
1.7419373622047243
21
0.9390757480314961
0
LINE
8
BLACK
6
CONTINUOUS
10
1.7419373622047243
20
0.9390757480314961
11
1.7414566929133859
21
0.9390757480314961
0
LINE
8
BLACK
6
CONTINUOUS
10
1.7414566929133859
20
0.9390757480314961
11
1.7387592125984253
21
0.9377270078740157
0
LINE
8
BLACK
6
CONTINUOUS
10
1.7556320866141732
20
0.9377270078740157
11
1.7544349606299212
21
0.9365298818897637
0
LINE
8
BLACK
6
CONTINUOUS
10
1.7544349606299212
20
0.9365298818897637
11
1.7530862204724409
21
0.9338324015748032
0
LINE
8
BLACK
6
CONTINUOUS
10
1.7530862204724409
20
0.9338324015748032
11
1.7530862204724409
21
0.9277274409448819
0
LINE
8
BLACK
6
CONTINUOUS
10
1.7530862204724409
20
0.9277274409448819
11
1.7544349606299212
21
0.9250299606299213
0
LINE
8
BLACK
6
CONTINUOUS
10
1.7544349606299212
20
0.9250299606299213
11
1.7556320866141732
21
0.9238328346456692
0
LINE
8
BLACK
6
CONTINUOUS
10
1.7556320866141732
20
0.9238328346456692
11
1.7583295669291339
21
0.9224840944881889
0
LINE
8
BLACK
6
CONTINUOUS
10
1.7583295669291339
20
0.9224840944881889
11
1.7644345275590552
21
0.9224840944881889
0
LINE
8
BLACK
6
CONTINUOUS
10
1.7644345275590552
20
0.9224840944881889
11
1.7671320078740158
21
0.923832874015748
0
LINE
8
BLACK
6
CONTINUOUS
10
1.7671320078740158
20
0.923832874015748
11
1.7683291732283464
21
0.92503
0
LINE
8
BLACK
6
CONTINUOUS
10
1.7683291732283464
20
0.92503
11
1.7696779133858267
21
0.9277274409448819
0
LINE
8
BLACK
6
CONTINUOUS
10
1.7696779133858267
20
0.9277274409448819
11
1.7696779133858267
21
0.9338324015748032
0
LINE
8
BLACK
6
CONTINUOUS
10
1.7696779133858267
20
0.9338324015748032
11
1.7683291732283464
21
0.9365298818897637
0
LINE
8
BLACK
6
CONTINUOUS
10
1.7683291732283464
20
0.9365298818897637
11
1.7671320078740158
21
0.9377270078740157
0
LINE
8
BLACK
6
CONTINUOUS
10
1.7671320078740158
20
0.9377270078740157
11
1.7644345275590552
21
0.9390757480314961
0
LINE
8
BLACK
6
CONTINUOUS
10
1.7644345275590552
20
0.9390757480314961
11
1.7583295669291339
21
0.9390757480314961
0
LINE
8
BLACK
6
CONTINUOUS
10
1.7583295669291339
20
0.9390757480314961
11
1.7556320866141732
21
0.9377270078740157
0
LINE
8
BLACK
6
CONTINUOUS
10
1.7332781496062992
20
0.9842946062992126
11
1.733836653543307
21
0.9842946062992126
0
LINE
8
BLACK
6
CONTINUOUS
10
1.733836653543307
20
0.9842946062992126
11
1.7338535826771653
21
0.9842875984251969
0
LINE
8
BLACK
6
CONTINUOUS
10
1.7338535826771653
20
0.9842875984251969
11
1.7338718897637795
21
0.9842873622047243
0
LINE
8
BLACK
6
CONTINUOUS
10
1.7338718897637795
20
0.9842873622047243
11
1.7344237401574802
21
0.9841125984251968
0
LINE
8
BLACK
6
CONTINUOUS
10
1.7344237401574802
20
0.9841125984251968
11
1.7737938188976377
21
0.9672397244094488
0
LINE
8
BLACK
6
CONTINUOUS
10
1.7737938188976377
20
0.9672397244094488
11
1.7743009448818898
21
0.9669606692913386
0
LINE
8
BLACK
6
CONTINUOUS
10
1.7743009448818898
20
0.9669606692913386
11
1.775105590551181
21
0.9661361023622047
0
LINE
8
BLACK
6
CONTINUOUS
10
1.775105590551181
20
0.9661361023622047
11
1.7755334645669292
21
0.9650664173228346
0
LINE
8
BLACK
6
CONTINUOUS
10
1.7755334645669292
20
0.9650664173228346
11
1.7755194488188977
21
0.9639144094488189
0
LINE
8
BLACK
6
CONTINUOUS
10
1.7755194488188977
20
0.9639144094488189
11
1.775065590551181
21
0.9628554330708661
0
LINE
8
BLACK
6
CONTINUOUS
10
1.775065590551181
20
0.9628554330708661
11
1.7742410629921259
21
0.962050748031496
0
LINE
8
BLACK
6
CONTINUOUS
10
1.7742410629921259
20
0.962050748031496
11
1.7731713779527558
21
0.961622874015748
0
LINE
8
BLACK
6
CONTINUOUS
10
1.7731713779527558
20
0.961622874015748
11
1.7720193307086614
21
0.9616369291338582
0
LINE
8
BLACK
6
CONTINUOUS
10
1.7720193307086614
20
0.9616369291338582
11
1.7714675196850393
21
0.9618116929133858
0
LINE
8
BLACK
6
CONTINUOUS
10
1.7714675196850393
20
0.9618116929133858
11
1.7362133464566929
21
0.9769206299212598
0
LINE
8
BLACK
6
CONTINUOUS
10
1.7362133464566929
20
0.9769206299212598
11
1.7362133464566929
21
0.9551518897637795
0
LINE
8
BLACK
6
CONTINUOUS
10
1.7362133464566929
20
0.9551518897637795
11
1.7361566141732283
21
0.9545758267716535
0
LINE
8
BLACK
6
CONTINUOUS
10
1.7361566141732283
20
0.9545758267716535
11
1.7357157086614172
21
0.9535114173228346
0
LINE
8
BLACK
6
CONTINUOUS
10
1.7357157086614172
20
0.9535114173228346
11
1.734901062992126
21
0.9526967716535433
0
LINE
8
BLACK
6
CONTINUOUS
10
1.734901062992126
20
0.9526967716535433
11
1.733836653543307
21
0.9522558661417323
0
LINE
8
BLACK
6
CONTINUOUS
10
1.733836653543307
20
0.9522558661417323
11
1.732684527559055
21
0.9522558661417323
0
LINE
8
BLACK
6
CONTINUOUS
10
1.732684527559055
20
0.9522558661417323
11
1.7316201181102362
21
0.9526967716535433
0
LINE
8
BLACK
6
CONTINUOUS
10
1.7316201181102362
20
0.9526967716535433
11
1.7308054724409447
21
0.9535114173228346
0
LINE
8
BLACK
6
CONTINUOUS
10
1.7308054724409447
20
0.9535114173228346
11
1.7303645669291339
21
0.9545758267716535
0
LINE
8
BLACK
6
CONTINUOUS
10
1.7303645669291339
20
0.9545758267716535
11
1.7303078346456693
21
0.9551518897637795
0
LINE
8
BLACK
6
CONTINUOUS
10
1.7303078346456693
20
0.9551518897637795
11
1.7303078346456693
21
0.9813985826771653
0
LINE
8
BLACK
6
CONTINUOUS
10
1.7303078346456693
20
0.9813985826771653
11
1.7303645669291339
21
0.9819746456692913
0
LINE
8
BLACK
6
CONTINUOUS
10
1.7303645669291339
20
0.9819746456692913
11
1.7303715748031496
21
0.9819916141732283
0
LINE
8
BLACK
6
CONTINUOUS
10
1.7303715748031496
20
0.9819916141732283
11
1.7303718110236219
21
0.9820098818897638
0
LINE
8
BLACK
6
CONTINUOUS
10
1.7303718110236219
20
0.9820098818897638
11
1.730591811023622
21
0.9825233070866142
0
LINE
8
BLACK
6
CONTINUOUS
10
1.730591811023622
20
0.9825233070866142
11
1.7308054724409447
21
0.9830390551181102
0
LINE
8
BLACK
6
CONTINUOUS
10
1.7308054724409447
20
0.9830390551181102
11
1.7308183858267716
21
0.9830520078740157
0
LINE
8
BLACK
6
CONTINUOUS
10
1.7308183858267716
20
0.9830520078740157
11
1.7308256299212599
21
0.9830688582677165
0
LINE
8
BLACK
6
CONTINUOUS
10
1.7308256299212599
20
0.9830688582677165
11
1.7312256299212598
21
0.9834592519685039
0
LINE
8
BLACK
6
CONTINUOUS
10
1.7312256299212598
20
0.9834592519685039
11
1.7316201181102362
21
0.9838537007874015
0
LINE
8
BLACK
6
CONTINUOUS
10
1.7316201181102362
20
0.9838537007874015
11
1.7316370472440945
21
0.983860748031496
0
LINE
8
BLACK
6
CONTINUOUS
10
1.7316370472440945
20
0.983860748031496
11
1.7316501968503937
21
0.9838735433070865
0
LINE
8
BLACK
6
CONTINUOUS
10
1.7316501968503937
20
0.9838735433070865
11
1.7321691732283464
21
0.9840811811023622
0
LINE
8
BLACK
6
CONTINUOUS
10
1.7321691732283464
20
0.9840811811023622
11
1.732684527559055
21
0.9842946062992126
0
LINE
8
BLACK
6
CONTINUOUS
10
1.732684527559055
20
0.9842946062992126
11
1.732702874015748
21
0.9842946062992126
0
LINE
8
BLACK
6
CONTINUOUS
10
1.732702874015748
20
0.9842946062992126
11
1.7327198818897638
21
0.9843014173228346
0
LINE
8
BLACK
6
CONTINUOUS
10
1.7327198818897638
20
0.9843014173228346
11
1.7332781496062992
21
0.9842946062992126
0
LINE
8
BLACK
6
CONTINUOUS
10
1.7657076377952756
20
1.0199151574803149
11
1.7658056299212599
21
1.0198745669291338
0
LINE
8
BLACK
6
CONTINUOUS
10
1.7658056299212599
20
1.0198745669291338
11
1.7659114566929133
21
1.0198670472440945
0
LINE
8
BLACK
6
CONTINUOUS
10
1.7659114566929133
20
1.0198670472440945
11
1.7664520866141731
21
1.019660157480315
0
LINE
8
BLACK
6
CONTINUOUS
10
1.7664520866141731
20
1.019660157480315
11
1.7702016141732284
21
1.0177853937007875
0
LINE
8
BLACK
6
CONTINUOUS
10
1.7702016141732284
20
1.0177853937007875
11
1.7704494881889763
21
1.0176293700787402
0
LINE
8
BLACK
6
CONTINUOUS
10
1.7704494881889763
20
1.0176293700787402
11
1.7705215354330708
21
1.017599527559055
0
LINE
8
BLACK
6
CONTINUOUS
10
1.7705215354330708
20
1.017599527559055
11
1.770602559055118
21
1.0175330314960629
0
LINE
8
BLACK
6
CONTINUOUS
10
1.770602559055118
20
1.0175330314960629
11
1.770691496062992
21
1.0174770472440944
0
LINE
8
BLACK
6
CONTINUOUS
10
1.770691496062992
20
1.0174770472440944
11
1.7707426377952755
21
1.0174180708661418
0
LINE
8
BLACK
6
CONTINUOUS
10
1.7707426377952755
20
1.0174180708661418
11
1.7709689763779528
21
1.0172323228346456
0
LINE
8
BLACK
6
CONTINUOUS
10
1.7709689763779528
20
1.0172323228346456
11
1.7728437795275591
21
1.015357559055118
0
LINE
8
BLACK
6
CONTINUOUS
10
1.7728437795275591
20
1.015357559055118
11
1.7730295275590551
21
1.015131220472441
0
LINE
8
BLACK
6
CONTINUOUS
10
1.7730295275590551
20
1.015131220472441
11
1.7730885826771654
21
1.01508
0
LINE
8
BLACK
6
CONTINUOUS
10
1.7730885826771654
20
1.01508
11
1.7731445669291339
21
1.0149910629921259
0
LINE
8
BLACK
6
CONTINUOUS
10
1.7731445669291339
20
1.0149910629921259
11
1.7732110236220473
21
1.0149100787401575
0
LINE
8
BLACK
6
CONTINUOUS
10
1.7732110236220473
20
1.0149100787401575
11
1.7732408267716535
21
1.0148381496062993
0
LINE
8
BLACK
6
CONTINUOUS
10
1.7732408267716535
20
1.0148381496062993
11
1.7733969291338583
21
1.0145901181102361
0
LINE
8
BLACK
6
CONTINUOUS
10
1.7733969291338583
20
1.0145901181102361
11
1.7752716929133858
21
1.010840590551181
0
LINE
8
BLACK
6
CONTINUOUS
10
1.7752716929133858
20
1.010840590551181
11
1.7754785826771653
21
1.0103
0
LINE
8
BLACK
6
CONTINUOUS
10
1.7754785826771653
20
1.0103
11
1.7754861023622046
21
1.0101941338582676
0
LINE
8
BLACK
6
CONTINUOUS
10
1.7754861023622046
20
1.0101941338582676
11
1.7755266929133857
21
1.0100961417322833
0
LINE
8
BLACK
6
CONTINUOUS
10
1.7755266929133857
20
1.0100961417322833
11
1.7755834251968503
21
1.0095200787401575
0
LINE
8
BLACK
6
CONTINUOUS
10
1.7755834251968503
20
1.0095200787401575
11
1.7755834251968503
21
1.0020210236220473
0
LINE
8
BLACK
6
CONTINUOUS
10
1.7755834251968503
20
1.0020210236220473
11
1.7755266929133857
21
1.0014449606299212
0
LINE
8
BLACK
6
CONTINUOUS
10
1.7755266929133857
20
1.0014449606299212
11
1.7754861023622046
21
1.0013470078740156
0
LINE
8
BLACK
6
CONTINUOUS
10
1.7754861023622046
20
1.0013470078740156
11
1.7754785826771653
21
1.0012411023622048
0
LINE
8
BLACK
6
CONTINUOUS
10
1.7754785826771653
20
1.0012411023622048
11
1.7752716929133858
21
1.0007005118110237
0
LINE
8
BLACK
6
CONTINUOUS
10
1.7752716929133858
20
1.0007005118110237
11
1.7733969291338583
21
0.9969509842519685
0
LINE
8
BLACK
6
CONTINUOUS
10
1.7733969291338583
20
0.9969509842519685
11
1.7732408267716535
21
0.9967029921259842
0
LINE
8
BLACK
6
CONTINUOUS
10
1.7732408267716535
20
0.9967029921259842
11
1.7732110236220473
21
0.9966310236220473
0
LINE
8
BLACK
6
CONTINUOUS
10
1.7732110236220473
20
0.9966310236220473
11
1.7731445669291339
21
0.9965500787401574
0
LINE
8
BLACK
6
CONTINUOUS
10
1.7731445669291339
20
0.9965500787401574
11
1.7730885826771654
21
0.9964611023622048
0
LINE
8
BLACK
6
CONTINUOUS
10
1.7730885826771654
20
0.9964611023622048
11
1.7730295275590551
21
0.9964099212598425
0
LINE
8
BLACK
6
CONTINUOUS
10
1.7730295275590551
20
0.9964099212598425
11
1.7728437795275591
21
0.9961835433070866
0
LINE
8
BLACK
6
CONTINUOUS
10
1.7728437795275591
20
0.9961835433070866
11
1.7709689763779528
21
0.994308779527559
0
LINE
8
BLACK
6
CONTINUOUS
10
1.7709689763779528
20
0.994308779527559
11
1.7707426377952755
21
0.9941230708661417
0
LINE
8
BLACK
6
CONTINUOUS
10
1.7707426377952755
20
0.9941230708661417
11
1.770691496062992
21
0.9940640551181102
0
LINE
8
BLACK
6
CONTINUOUS
10
1.770691496062992
20
0.9940640551181102
11
1.770602559055118
21
0.9940081102362205
0
LINE
8
BLACK
6
CONTINUOUS
10
1.770602559055118
20
0.9940081102362205
11
1.7705215354330708
21
0.9939415748031496
0
LINE
8
BLACK
6
CONTINUOUS
10
1.7705215354330708
20
0.9939415748031496
11
1.7704494881889763
21
0.9939117716535433
0
LINE
8
BLACK
6
CONTINUOUS
10
1.7704494881889763
20
0.9939117716535433
11
1.7702016141732284
21
0.9937557086614173
0
LINE
8
BLACK
6
CONTINUOUS
10
1.7702016141732284
20
0.9937557086614173
11
1.7664520866141731
21
0.9918809448818897
0
LINE
8
BLACK
6
CONTINUOUS
10
1.7664520866141731
20
0.9918809448818897
11
1.7659114566929133
21
0.9916740551181102
0
LINE
8
BLACK
6
CONTINUOUS
10
1.7659114566929133
20
0.9916740551181102
11
1.7658056299212599
21
0.9916665748031496
0
LINE
8
BLACK
6
CONTINUOUS
10
1.7658056299212599
20
0.9916665748031496
11
1.7657076377952756
21
0.9916259448818897
0
LINE
8
BLACK
6
CONTINUOUS
10
1.7657076377952756
20
0.9916259448818897
11
1.7651315748031495
21
0.9915692125984251
0
LINE
8
BLACK
6
CONTINUOUS
10
1.7651315748031495
20
0.9915692125984251
11
1.7501334645669291
21
0.9915692125984251
0
LINE
8
BLACK
6
CONTINUOUS
10
1.7501334645669291
20
0.9915692125984251
11
1.7500329133858268
21
0.9915791338582677
0
LINE
8
BLACK
6
CONTINUOUS
10
1.7500329133858268
20
0.9915791338582677
11
1.7499899212598424
21
0.991572716535433
0
LINE
8
BLACK
6
CONTINUOUS
10
1.7499899212598424
20
0.991572716535433
11
1.7497744094488188
21
0.9916046062992125
0
LINE
8
BLACK
6
CONTINUOUS
10
1.7497744094488188
20
0.9916046062992125
11
1.7495574015748032
21
0.9916259448818897
0
LINE
8
BLACK
6
CONTINUOUS
10
1.7495574015748032
20
0.9916259448818897
11
1.7495171653543307
21
0.9916425984251969
0
LINE
8
BLACK
6
CONTINUOUS
10
1.7495171653543307
20
0.9916425984251969
11
1.7494173228346457
21
0.9916573622047243
0
LINE
8
BLACK
6
CONTINUOUS
10
1.7494173228346457
20
0.9916573622047243
11
1.7419182677165355
21
0.9935321259842519
0
LINE
8
BLACK
6
CONTINUOUS
10
1.7419182677165355
20
0.9935321259842519
11
1.7415787401574803
21
0.9936534645669292
0
LINE
8
BLACK
6
CONTINUOUS
10
1.7415787401574803
20
0.9936534645669292
11
1.7415073228346456
21
0.9936675590551181
0
LINE
8
BLACK
6
CONTINUOUS
10
1.7415073228346456
20
0.9936675590551181
11
1.7414425196850394
21
0.9937021259842519
0
LINE
8
BLACK
6
CONTINUOUS
10
1.7414425196850394
20
0.9937021259842519
11
1.7413731496062992
21
0.9937268897637795
0
LINE
8
BLACK
6
CONTINUOUS
10
1.7413731496062992
20
0.9937268897637795
11
1.7413144094488189
21
0.9937704330708661
0
LINE
8
BLACK
6
CONTINUOUS
10
1.7413144094488189
20
0.9937704330708661
11
1.7409965354330708
21
0.9939398818897638
0
LINE
8
BLACK
6
CONTINUOUS
10
1.7409965354330708
20
0.9939398818897638
11
1.7353722047244093
21
0.9976894094488189
0
LINE
8
BLACK
6
CONTINUOUS
10
1.7353722047244093
20
0.9976894094488189
11
1.7353705118110236
21
0.9976907874015748
0
LINE
8
BLACK
6
CONTINUOUS
10
1.7353705118110236
20
0.9976907874015748
11
1.7353696456692913
21
0.9976911417322835
0
LINE
8
BLACK
6
CONTINUOUS
10
1.7353696456692913
20
0.9976911417322835
11
1.7351543307086614
21
0.9978678740157481
0
LINE
8
BLACK
6
CONTINUOUS
10
1.7351543307086614
20
0.9978678740157481
11
1.73492437007874
21
0.9980561811023622
0
LINE
8
BLACK
6
CONTINUOUS
10
1.73492437007874
20
0.9980561811023622
11
1.7349237795275589
21
0.9980570472440945
0
LINE
8
BLACK
6
CONTINUOUS
10
1.7349237795275589
20
0.9980570472440945
11
1.7349222047244095
21
0.9980583464566929
0
LINE
8
BLACK
6
CONTINUOUS
10
1.7349222047244095
20
0.9980583464566929
11
1.7330474409448819
21
0.9999331102362204
0
LINE
8
BLACK
6
CONTINUOUS
10
1.7330474409448819
20
0.9999331102362204
11
1.732861653543307
21
1.0001594881889764
0
LINE
8
BLACK
6
CONTINUOUS
10
1.732861653543307
20
1.0001594881889764
11
1.7328026771653542
21
1.0002106299212599
0
LINE
8
BLACK
6
CONTINUOUS
10
1.7328026771653542
20
1.0002106299212599
11
1.7327466929133857
21
1.0002996062992127
0
LINE
8
BLACK
6
CONTINUOUS
10
1.7327466929133857
20
1.0002996062992127
11
1.7326802362204723
21
1.0003805511811024
0
LINE
8
BLACK
6
CONTINUOUS
10
1.7326802362204723
20
1.0003805511811024
11
1.7326503937007873
21
1.0004525196850393
0
LINE
8
BLACK
6
CONTINUOUS
10
1.7326503937007873
20
1.0004525196850393
11
1.7324943307086613
21
1.0007005118110237
0
LINE
8
BLACK
6
CONTINUOUS
10
1.7324943307086613
20
1.0007005118110237
11
1.7306195669291338
21
1.0044500393700788
0
LINE
8
BLACK
6
CONTINUOUS
10
1.7306195669291338
20
1.0044500393700788
11
1.7304126771653543
21
1.0049906692913386
0
LINE
8
BLACK
6
CONTINUOUS
10
1.7304126771653543
20
1.0049906692913386
11
1.730405157480315
21
1.005096496062992
0
LINE
8
BLACK
6
CONTINUOUS
10
1.730405157480315
20
1.005096496062992
11
1.7303645669291339
21
1.0051944881889763
0
LINE
8
BLACK
6
CONTINUOUS
10
1.7303645669291339
20
1.0051944881889763
11
1.7303078346456693
21
1.0057705511811024
0
LINE
8
BLACK
6
CONTINUOUS
10
1.7303078346456693
20
1.0057705511811024
11
1.7303078346456693
21
1.0132696062992126
0
LINE
8
BLACK
6
CONTINUOUS
10
1.7303078346456693
20
1.0132696062992126
11
1.7303645669291339
21
1.0138456692913385
0
LINE
8
BLACK
6
CONTINUOUS
10
1.7303645669291339
20
1.0138456692913385
11
1.7308054724409447
21
1.0149100787401575
0
LINE
8
BLACK
6
CONTINUOUS
10
1.7308054724409447
20
1.0149100787401575
11
1.7316201181102362
21
1.0157247244094487
0
LINE
8
BLACK
6
CONTINUOUS
10
1.7316201181102362
20
1.0157247244094487
11
1.732684527559055
21
1.0161656299212598
0
LINE
8
BLACK
6
CONTINUOUS
10
1.732684527559055
20
1.0161656299212598
11
1.733836653543307
21
1.0161656299212598
0
LINE
8
BLACK
6
CONTINUOUS
10
1.733836653543307
20
1.0161656299212598
11
1.734901062992126
21
1.0157247244094487
0
LINE
8
BLACK
6
CONTINUOUS
10
1.734901062992126
20
1.0157247244094487
11
1.7357157086614172
21
1.0149100787401575
0
LINE
8
BLACK
6
CONTINUOUS
10
1.7357157086614172
20
1.0149100787401575
11
1.7361566141732283
21
1.0138456692913385
0
LINE
8
BLACK
6
CONTINUOUS
10
1.7361566141732283
20
1.0138456692913385
11
1.7362133464566929
21
1.0132696062992126
0
LINE
8
BLACK
6
CONTINUOUS
10
1.7362133464566929
20
1.0132696062992126
11
1.7362133464566929
21
1.0064675984251967
0
LINE
8
BLACK
6
CONTINUOUS
10
1.7362133464566929
20
1.0064675984251967
11
1.7375620866141732
21
1.0037701181102361
0
LINE
8
BLACK
6
CONTINUOUS
10
1.7375620866141732
20
1.0037701181102361
11
1.7388912204724409
21
1.0024409842519686
0
LINE
8
BLACK
6
CONTINUOUS
10
1.7388912204724409
20
1.0024409842519686
11
1.7438467716535433
21
0.9991372834645669
0
LINE
8
BLACK
6
CONTINUOUS
10
1.7438467716535433
20
0.9991372834645669
11
1.746763937007874
21
0.9984079921259842
0
LINE
8
BLACK
6
CONTINUOUS
10
1.746763937007874
20
0.9984079921259842
11
1.7456176771653542
21
1.0007005118110237
0
LINE
8
BLACK
6
CONTINUOUS
10
1.7456176771653542
20
1.0007005118110237
11
1.7454107874015747
21
1.0012411417322835
0
LINE
8
BLACK
6
CONTINUOUS
10
1.7454107874015747
20
1.0012411417322835
11
1.7454032677165354
21
1.0013469685039369
0
LINE
8
BLACK
6
CONTINUOUS
10
1.7454032677165354
20
1.0013469685039369
11
1.7453626771653543
21
1.0014449606299212
0
LINE
8
BLACK
6
CONTINUOUS
10
1.7453626771653543
20
1.0014449606299212
11
1.7453059448818897
21
1.0020210236220473
0
LINE
8
BLACK
6
CONTINUOUS
10
1.7453059448818897
20
1.0020210236220473
11
1.7453059448818897
21
1.0095200787401575
0
LINE
8
BLACK
6
CONTINUOUS
10
1.7453059448818897
20
1.0095200787401575
11
1.7453626771653543
21
1.0100961417322833
0
LINE
8
BLACK
6
CONTINUOUS
10
1.7453626771653543
20
1.0100961417322833
11
1.7454032677165354
21
1.0101941732283464
0
LINE
8
BLACK
6
CONTINUOUS
10
1.7454032677165354
20
1.0101941732283464
11
1.7454107874015747
21
1.0102999606299212
0
LINE
8
BLACK
6
CONTINUOUS
10
1.7454107874015747
20
1.0102999606299212
11
1.7456176771653542
21
1.010840590551181
0
LINE
8
BLACK
6
CONTINUOUS
10
1.7456176771653542
20
1.010840590551181
11
1.7474924409448818
21
1.0145901181102361
0
LINE
8
BLACK
6
CONTINUOUS
10
1.7474924409448818
20
1.0145901181102361
11
1.7476485039370078
21
1.0148381496062993
0
LINE
8
BLACK
6
CONTINUOUS
10
1.7476485039370078
20
1.0148381496062993
11
1.747678346456693
21
1.0149100787401575
0
LINE
8
BLACK
6
CONTINUOUS
10
1.747678346456693
20
1.0149100787401575
11
1.7477448031496063
21
1.0149910629921259
0
LINE
8
BLACK
6
CONTINUOUS
10
1.7477448031496063
20
1.0149910629921259
11
1.7478007874015749
21
1.01508
0
LINE
8
BLACK
6
CONTINUOUS
10
1.7478007874015749
20
1.01508
11
1.7478597637795275
21
1.0151311811023622
0
LINE
8
BLACK
6
CONTINUOUS
10
1.7478597637795275
20
1.0151311811023622
11
1.7480455511811024
21
1.0153575196850393
0
LINE
8
BLACK
6
CONTINUOUS
10
1.7480455511811024
20
1.0153575196850393
11
1.7499203149606299
21
1.0172322834645668
0
LINE
8
BLACK
6
CONTINUOUS
10
1.7499203149606299
20
1.0172322834645668
11
1.750146653543307
21
1.0174180708661418
0
LINE
8
BLACK
6
CONTINUOUS
10
1.750146653543307
20
1.0174180708661418
11
1.7501978346456692
21
1.0174770472440944
0
LINE
8
BLACK
6
CONTINUOUS
10
1.7501978346456692
20
1.0174770472440944
11
1.7502867716535433
21
1.0175330314960629
0
LINE
8
BLACK
6
CONTINUOUS
10
1.7502867716535433
20
1.0175330314960629
11
1.7503677559055117
21
1.0175994881889763
0
LINE
8
BLACK
6
CONTINUOUS
10
1.7503677559055117
20
1.0175994881889763
11
1.75043968503937
21
1.0176293307086615
0
LINE
8
BLACK
6
CONTINUOUS
10
1.75043968503937
20
1.0176293307086615
11
1.7506877165354331
21
1.0177853937007875
0
LINE
8
BLACK
6
CONTINUOUS
10
1.7506877165354331
20
1.0177853937007875
11
1.7544372440944882
21
1.019660157480315
0
LINE
8
BLACK
6
CONTINUOUS
10
1.7544372440944882
20
1.019660157480315
11
1.7549778346456693
21
1.0198670472440945
0
LINE
8
BLACK
6
CONTINUOUS
10
1.7549778346456693
20
1.0198670472440945
11
1.7550837007874016
21
1.0198746062992126
0
LINE
8
BLACK
6
CONTINUOUS
10
1.7550837007874016
20
1.0198746062992126
11
1.7551816929133859
21
1.0199151574803149
0
LINE
8
BLACK
6
CONTINUOUS
10
1.7551816929133859
20
1.0199151574803149
11
1.7557577559055118
21
1.0199718897637795
0
LINE
8
BLACK
6
CONTINUOUS
10
1.7557577559055118
20
1.0199718897637795
11
1.7651315748031495
21
1.0199718897637795
0
LINE
8
BLACK
6
CONTINUOUS
10
1.7651315748031495
20
1.0199718897637795
11
1.7657076377952756
21
1.0199151574803149
0
LINE
8
BLACK
6
CONTINUOUS
10
1.7537573228346457
20
1.0127176377952756
11
1.7525601968503937
21
1.0115205118110235
0
LINE
8
BLACK
6
CONTINUOUS
10
1.7525601968503937
20
1.0115205118110235
11
1.7512114566929133
21
1.0088230314960629
0
LINE
8
BLACK
6
CONTINUOUS
10
1.7512114566929133
20
1.0088230314960629
11
1.7512114566929133
21
1.0027180708661416
0
LINE
8
BLACK
6
CONTINUOUS
10
1.7512114566929133
20
1.0027180708661416
11
1.7525601968503937
21
1.000020590551181
0
LINE
8
BLACK
6
CONTINUOUS
10
1.7525601968503937
20
1.000020590551181
11
1.7537573228346457
21
0.9988234645669292
0
LINE
8
BLACK
6
CONTINUOUS
10
1.7537573228346457
20
0.9988234645669292
11
1.7564548031496063
21
0.9974747244094488
0
LINE
8
BLACK
6
CONTINUOUS
10
1.7564548031496063
20
0.9974747244094488
11
1.7644345275590552
21
0.9974747244094488
0
LINE
8
BLACK
6
CONTINUOUS
10
1.7644345275590552
20
0.9974747244094488
11
1.7671320078740158
21
0.9988235039370078
0
LINE
8
BLACK
6
CONTINUOUS
10
1.7671320078740158
20
0.9988235039370078
11
1.7683291732283464
21
1.0000206299212597
0
LINE
8
BLACK
6
CONTINUOUS
10
1.7683291732283464
20
1.0000206299212597
11
1.7696779133858267
21
1.0027180708661416
0
LINE
8
BLACK
6
CONTINUOUS
10
1.7696779133858267
20
1.0027180708661416
11
1.7696779133858267
21
1.0088230314960629
0
LINE
8
BLACK
6
CONTINUOUS
10
1.7696779133858267
20
1.0088230314960629
11
1.7683291732283464
21
1.0115205118110235
0
LINE
8
BLACK
6
CONTINUOUS
10
1.7683291732283464
20
1.0115205118110235
11
1.7671320078740158
21
1.0127176377952756
0
LINE
8
BLACK
6
CONTINUOUS
10
1.7671320078740158
20
1.0127176377952756
11
1.7644345275590552
21
1.0140663779527559
0
LINE
8
BLACK
6
CONTINUOUS
10
1.7644345275590552
20
1.0140663779527559
11
1.7564548031496063
21
1.0140663779527559
0
LINE
8
BLACK
6
CONTINUOUS
10
1.7564548031496063
20
1.0140663779527559
11
1.7537573228346457
21
1.0127176377952756
0
LINE
8
BLACK
6
CONTINUOUS
10
1.7732067322834646
20
1.1005301181102363
11
1.7742711417322834
21
1.1000892125984252
0
LINE
8
BLACK
6
CONTINUOUS
10
1.7742711417322834
20
1.1000892125984252
11
1.7750857874015749
21
1.0992745669291337
0
LINE
8
BLACK
6
CONTINUOUS
10
1.7750857874015749
20
1.0992745669291337
11
1.7755266929133857
21
1.0982101574803149
0
LINE
8
BLACK
6
CONTINUOUS
10
1.7755266929133857
20
1.0982101574803149
11
1.7755266929133857
21
1.097058031496063
0
LINE
8
BLACK
6
CONTINUOUS
10
1.7755266929133857
20
1.097058031496063
11
1.7750857874015749
21
1.0959936220472442
0
LINE
8
BLACK
6
CONTINUOUS
10
1.7750857874015749
20
1.0959936220472442
11
1.7742711417322834
21
1.0951789763779527
0
LINE
8
BLACK
6
CONTINUOUS
10
1.7742711417322834
20
1.0951789763779527
11
1.7732067322834646
21
1.0947380708661416
0
LINE
8
BLACK
6
CONTINUOUS
10
1.7732067322834646
20
1.0947380708661416
11
1.7726306692913385
21
1.0946813385826772
0
LINE
8
BLACK
6
CONTINUOUS
10
1.7726306692913385
20
1.0946813385826772
11
1.7527052755905512
21
1.0946813385826772
0
LINE
8
BLACK
6
CONTINUOUS
10
1.7527052755905512
20
1.0946813385826772
11
1.7504595275590551
21
1.0935585039370079
0
LINE
8
BLACK
6
CONTINUOUS
10
1.7504595275590551
20
1.0935585039370079
11
1.7493366929133858
21
1.0913127559055118
0
LINE
8
BLACK
6
CONTINUOUS
10
1.7493366929133858
20
1.0913127559055118
11
1.7493366929133858
21
1.0870825196850393
0
LINE
8
BLACK
6
CONTINUOUS
10
1.7493366929133858
20
1.0870825196850393
11
1.7504595275590551
21
1.0848368110236219
0
LINE
8
BLACK
6
CONTINUOUS
10
1.7504595275590551
20
1.0848368110236219
11
1.7527052755905512
21
1.0837139370078739
0
LINE
8
BLACK
6
CONTINUOUS
10
1.7527052755905512
20
1.0837139370078739
11
1.7726306692913385
21
1.0837139370078739
0
LINE
8
BLACK
6
CONTINUOUS
10
1.7726306692913385
20
1.0837139370078739
11
1.7732067322834646
21
1.0836572047244095
0
LINE
8
BLACK
6
CONTINUOUS
10
1.7732067322834646
20
1.0836572047244095
11
1.7742711417322834
21
1.0832162992125984
0
LINE
8
BLACK
6
CONTINUOUS
10
1.7742711417322834
20
1.0832162992125984
11
1.7750857874015749
21
1.082401653543307
0
LINE
8
BLACK
6
CONTINUOUS
10
1.7750857874015749
20
1.082401653543307
11
1.7755266929133857
21
1.0813372440944882
0
LINE
8
BLACK
6
CONTINUOUS
10
1.7755266929133857
20
1.0813372440944882
11
1.7755266929133857
21
1.0801851181102362
0
LINE
8
BLACK
6
CONTINUOUS
10
1.7755266929133857
20
1.0801851181102362
11
1.7750857874015749
21
1.0791207086614174
0
LINE
8
BLACK
6
CONTINUOUS
10
1.7750857874015749
20
1.0791207086614174
11
1.7742711417322834
21
1.0783060629921259
0
LINE
8
BLACK
6
CONTINUOUS
10
1.7742711417322834
20
1.0783060629921259
11
1.7732067322834646
21
1.0778651574803149
0
LINE
8
BLACK
6
CONTINUOUS
10
1.7732067322834646
20
1.0778651574803149
11
1.7726306692913385
21
1.0778084251968503
0
LINE
8
BLACK
6
CONTINUOUS
10
1.7726306692913385
20
1.0778084251968503
11
1.7527052755905512
21
1.0778084251968503
0
LINE
8
BLACK
6
CONTINUOUS
10
1.7527052755905512
20
1.0778084251968503
11
1.7504595275590551
21
1.0766855905511812
0
LINE
8
BLACK
6
CONTINUOUS
10
1.7504595275590551
20
1.0766855905511812
11
1.7493366929133858
21
1.0744398425196851
0
LINE
8
BLACK
6
CONTINUOUS
10
1.7493366929133858
20
1.0744398425196851
11
1.7493366929133858
21
1.0702096456692913
0
LINE
8
BLACK
6
CONTINUOUS
10
1.7493366929133858
20
1.0702096456692913
11
1.7506854330708661
21
1.0675121653543307
0
LINE
8
BLACK
6
CONTINUOUS
10
1.7506854330708661
20
1.0675121653543307
11
1.7513565354330709
21
1.0668410629921259
0
LINE
8
BLACK
6
CONTINUOUS
10
1.7513565354330709
20
1.0668410629921259
11
1.7726306692913385
21
1.0668410629921259
0
LINE
8
BLACK
6
CONTINUOUS
10
1.7726306692913385
20
1.0668410629921259
11
1.7732067322834646
21
1.0667843307086613
0
LINE
8
BLACK
6
CONTINUOUS
10
1.7732067322834646
20
1.0667843307086613
11
1.7742711417322834
21
1.0663434251968504
0
LINE
8
BLACK
6
CONTINUOUS
10
1.7742711417322834
20
1.0663434251968504
11
1.7750857874015749
21
1.065528779527559
0
LINE
8
BLACK
6
CONTINUOUS
10
1.7750857874015749
20
1.065528779527559
11
1.7755266929133857
21
1.0644643700787402
0
LINE
8
BLACK
6
CONTINUOUS
10
1.7755266929133857
20
1.0644643700787402
11
1.7755266929133857
21
1.0633122440944882
0
LINE
8
BLACK
6
CONTINUOUS
10
1.7755266929133857
20
1.0633122440944882
11
1.7750857874015749
21
1.0622478346456692
0
LINE
8
BLACK
6
CONTINUOUS
10
1.7750857874015749
20
1.0622478346456692
11
1.7742711417322834
21
1.061433188976378
0
LINE
8
BLACK
6
CONTINUOUS
10
1.7742711417322834
20
1.061433188976378
11
1.7732067322834646
21
1.0609922834645669
0
LINE
8
BLACK
6
CONTINUOUS
10
1.7732067322834646
20
1.0609922834645669
11
1.7726306692913385
21
1.0609355511811023
0
LINE
8
BLACK
6
CONTINUOUS
10
1.7726306692913385
20
1.0609355511811023
11
1.746383937007874
21
1.0609355511811023
0
LINE
8
BLACK
6
CONTINUOUS
10
1.746383937007874
20
1.0609355511811023
11
1.7458078740157479
21
1.0609922834645669
0
LINE
8
BLACK
6
CONTINUOUS
10
1.7458078740157479
20
1.0609922834645669
11
1.7447434645669291
21
1.061433188976378
0
LINE
8
BLACK
6
CONTINUOUS
10
1.7447434645669291
20
1.061433188976378
11
1.7439288188976378
21
1.0622478346456692
0
LINE
8
BLACK
6
CONTINUOUS
10
1.7439288188976378
20
1.0622478346456692
11
1.7434879133858268
21
1.0633122440944882
0
LINE
8
BLACK
6
CONTINUOUS
10
1.7434879133858268
20
1.0633122440944882
11
1.7434879133858268
21
1.0644643700787402
0
LINE
8
BLACK
6
CONTINUOUS
10
1.7434879133858268
20
1.0644643700787402
11
1.7439288188976378
21
1.065528779527559
0
LINE
8
BLACK
6
CONTINUOUS
10
1.7439288188976378
20
1.065528779527559
11
1.7446926377952756
21
1.0662926377952755
0
LINE
8
BLACK
6
CONTINUOUS
10
1.7446926377952756
20
1.0662926377952755
11
1.7437429133858267
21
1.0681920866141732
0
LINE
8
BLACK
6
CONTINUOUS
10
1.7437429133858267
20
1.0681920866141732
11
1.7435360236220472
21
1.068732716535433
0
LINE
8
BLACK
6
CONTINUOUS
10
1.7435360236220472
20
1.068732716535433
11
1.7435285039370079
21
1.0688385433070866
0
LINE
8
BLACK
6
CONTINUOUS
10
1.7435285039370079
20
1.0688385433070866
11
1.7434879133858268
21
1.0689365354330709
0
LINE
8
BLACK
6
CONTINUOUS
10
1.7434879133858268
20
1.0689365354330709
11
1.7434311811023622
21
1.0695125984251967
0
LINE
8
BLACK
6
CONTINUOUS
10
1.7434311811023622
20
1.0695125984251967
11
1.7434311811023622
21
1.0751368897637794
0
LINE
8
BLACK
6
CONTINUOUS
10
1.7434311811023622
20
1.0751368897637794
11
1.7434879133858268
21
1.0757129527559055
0
LINE
8
BLACK
6
CONTINUOUS
10
1.7434879133858268
20
1.0757129527559055
11
1.7435285039370079
21
1.0758109842519685
0
LINE
8
BLACK
6
CONTINUOUS
10
1.7435285039370079
20
1.0758109842519685
11
1.7435360236220472
21
1.0759167716535434
0
LINE
8
BLACK
6
CONTINUOUS
10
1.7435360236220472
20
1.0759167716535434
11
1.7437429133858267
21
1.0764574015748032
0
LINE
8
BLACK
6
CONTINUOUS
10
1.7437429133858267
20
1.0764574015748032
11
1.7456176771653542
21
1.0802069291338583
0
LINE
8
BLACK
6
CONTINUOUS
10
1.7456176771653542
20
1.0802069291338583
11
1.7456783070866142
21
1.0803033070866142
0
LINE
8
BLACK
6
CONTINUOUS
10
1.7456783070866142
20
1.0803033070866142
11
1.7456934645669291
21
1.0803487007874015
0
LINE
8
BLACK
6
CONTINUOUS
10
1.7456934645669291
20
1.0803487007874015
11
1.7457424803149606
21
1.0804052755905511
0
LINE
8
BLACK
6
CONTINUOUS
10
1.7457424803149606
20
1.0804052755905511
11
1.7459260236220473
21
1.0806968110236219
0
LINE
8
BLACK
6
CONTINUOUS
10
1.7459260236220473
20
1.0806968110236219
11
1.7460002362204723
21
1.0807611811023621
0
LINE
8
BLACK
6
CONTINUOUS
10
1.7460002362204723
20
1.0807611811023621
11
1.7459260236220473
21
1.0808255511811022
0
LINE
8
BLACK
6
CONTINUOUS
10
1.7459260236220473
20
1.0808255511811022
11
1.7457424803149606
21
1.081117125984252
0
LINE
8
BLACK
6
CONTINUOUS
10
1.7457424803149606
20
1.081117125984252
11
1.7456934645669291
21
1.0811736614173229
0
LINE
8
BLACK
6
CONTINUOUS
10
1.7456934645669291
20
1.0811736614173229
11
1.7456783070866142
21
1.081219094488189
0
LINE
8
BLACK
6
CONTINUOUS
10
1.7456783070866142
20
1.081219094488189
11
1.7456176771653542
21
1.0813154330708661
0
LINE
8
BLACK
6
CONTINUOUS
10
1.7456176771653542
20
1.0813154330708661
11
1.7437429133858267
21
1.0850649606299212
0
LINE
8
BLACK
6
CONTINUOUS
10
1.7437429133858267
20
1.0850649606299212
11
1.7435360236220472
21
1.085605590551181
0
LINE
8
BLACK
6
CONTINUOUS
10
1.7435360236220472
20
1.085605590551181
11
1.7435285039370079
21
1.0857114173228346
0
LINE
8
BLACK
6
CONTINUOUS
10
1.7435285039370079
20
1.0857114173228346
11
1.7434879133858268
21
1.0858094094488189
0
LINE
8
BLACK
6
CONTINUOUS
10
1.7434879133858268
20
1.0858094094488189
11
1.7434311811023622
21
1.086385472440945
0
LINE
8
BLACK
6
CONTINUOUS
10
1.7434311811023622
20
1.086385472440945
11
1.7434311811023622
21
1.0920097637795276
0
LINE
8
BLACK
6
CONTINUOUS
10
1.7434311811023622
20
1.0920097637795276
11
1.7434879133858268
21
1.0925858267716535
0
LINE
8
BLACK
6
CONTINUOUS
10
1.7434879133858268
20
1.0925858267716535
11
1.7435285039370079
21
1.0926838582677165
0
LINE
8
BLACK
6
CONTINUOUS
10
1.7435285039370079
20
1.0926838582677165
11
1.7435360236220472
21
1.0927896456692914
0
LINE
8
BLACK
6
CONTINUOUS
10
1.7435360236220472
20
1.0927896456692914
11
1.7437429133858267
21
1.0933302755905512
0
LINE
8
BLACK
6
CONTINUOUS
10
1.7437429133858267
20
1.0933302755905512
11
1.7456176771653542
21
1.097079842519685
0
LINE
8
BLACK
6
CONTINUOUS
10
1.7456176771653542
20
1.097079842519685
11
1.7456783070866142
21
1.0971761811023621
0
LINE
8
BLACK
6
CONTINUOUS
10
1.7456783070866142
20
1.0971761811023621
11
1.7456934645669291
21
1.0972216141732283
0
LINE
8
BLACK
6
CONTINUOUS
10
1.7456934645669291
20
1.0972216141732283
11
1.7457425196850394
21
1.0972782283464566
0
LINE
8
BLACK
6
CONTINUOUS
10
1.7457425196850394
20
1.0972782283464566
11
1.7459260236220473
21
1.0975696850393701
0
LINE
8
BLACK
6
CONTINUOUS
10
1.7459260236220473
20
1.0975696850393701
11
1.7462056299212598
21
1.0978122047244094
0
LINE
8
BLACK
6
CONTINUOUS
10
1.7462056299212598
20
1.0978122047244094
11
1.7464483070866141
21
1.0980920078740157
0
LINE
8
BLACK
6
CONTINUOUS
10
1.7464483070866141
20
1.0980920078740157
11
1.7467398425196849
21
1.0982755511811024
0
LINE
8
BLACK
6
CONTINUOUS
10
1.7467398425196849
20
1.0982755511811024
11
1.7467964173228345
21
1.0983245669291339
0
LINE
8
BLACK
6
CONTINUOUS
10
1.7467964173228345
20
1.0983245669291339
11
1.7468418110236219
21
1.0983397244094488
0
LINE
8
BLACK
6
CONTINUOUS
10
1.7468418110236219
20
1.0983397244094488
11
1.746938188976378
21
1.0984003543307086
0
LINE
8
BLACK
6
CONTINUOUS
10
1.746938188976378
20
1.0984003543307086
11
1.7506877165354331
21
1.1002751181102361
0
LINE
8
BLACK
6
CONTINUOUS
10
1.7506877165354331
20
1.1002751181102361
11
1.7512283070866141
21
1.1004820078740156
0
LINE
8
BLACK
6
CONTINUOUS
10
1.7512283070866141
20
1.1004820078740156
11
1.7513341732283465
21
1.1004895669291339
0
LINE
8
BLACK
6
CONTINUOUS
10
1.7513341732283465
20
1.1004895669291339
11
1.7514321653543308
21
1.1005301181102363
0
LINE
8
BLACK
6
CONTINUOUS
10
1.7514321653543308
20
1.1005301181102363
11
1.7520082283464566
21
1.1005868503937009
0
LINE
8
BLACK
6
CONTINUOUS
10
1.7520082283464566
20
1.1005868503937009
11
1.7726306692913385
21
1.1005868503937009
0
LINE
8
BLACK
6
CONTINUOUS
10
1.7726306692913385
20
1.1005868503937009
11
1.7732067322834646
21
1.1005301181102363
0
LINE
8
BLACK
6
CONTINUOUS
10
1.7732067322834646
20
1.1530235433070866
11
1.7742711417322834
21
1.1525826377952755
0
LINE
8
BLACK
6
CONTINUOUS
10
1.7742711417322834
20
1.1525826377952755
11
1.7750857874015749
21
1.1517679921259842
0
LINE
8
BLACK
6
CONTINUOUS
10
1.7750857874015749
20
1.1517679921259842
11
1.7755266929133857
21
1.1507035826771654
0
LINE
8
BLACK
6
CONTINUOUS
10
1.7755266929133857
20
1.1507035826771654
11
1.7755266929133857
21
1.1495514566929133
0
LINE
8
BLACK
6
CONTINUOUS
10
1.7755266929133857
20
1.1495514566929133
11
1.7750857874015749
21
1.1484870472440944
0
LINE
8
BLACK
6
CONTINUOUS
10
1.7750857874015749
20
1.1484870472440944
11
1.7742711417322834
21
1.1476724015748032
0
LINE
8
BLACK
6
CONTINUOUS
10
1.7742711417322834
20
1.1476724015748032
11
1.7732067322834646
21
1.1472314960629921
0
LINE
8
BLACK
6
CONTINUOUS
10
1.7732067322834646
20
1.1472314960629921
11
1.7726306692913385
21
1.1471747637795275
0
LINE
8
BLACK
6
CONTINUOUS
10
1.7726306692913385
20
1.1471747637795275
11
1.7527052755905512
21
1.1471747637795275
0
LINE
8
BLACK
6
CONTINUOUS
10
1.7527052755905512
20
1.1471747637795275
11
1.7504595275590551
21
1.1460519291338582
0
LINE
8
BLACK
6
CONTINUOUS
10
1.7504595275590551
20
1.1460519291338582
11
1.7493366929133858
21
1.1438061811023621
0
LINE
8
BLACK
6
CONTINUOUS
10
1.7493366929133858
20
1.1438061811023621
11
1.7493366929133858
21
1.1395759448818898
0
LINE
8
BLACK
6
CONTINUOUS
10
1.7493366929133858
20
1.1395759448818898
11
1.7504595275590551
21
1.1373302362204725
0
LINE
8
BLACK
6
CONTINUOUS
10
1.7504595275590551
20
1.1373302362204725
11
1.7527052755905512
21
1.1362073622047244
0
LINE
8
BLACK
6
CONTINUOUS
10
1.7527052755905512
20
1.1362073622047244
11
1.7726306692913385
21
1.1362073622047244
0
LINE
8
BLACK
6
CONTINUOUS
10
1.7726306692913385
20
1.1362073622047244
11
1.7732067322834646
21
1.1361506299212598
0
LINE
8
BLACK
6
CONTINUOUS
10
1.7732067322834646
20
1.1361506299212598
11
1.7742711417322834
21
1.1357097244094487
0
LINE
8
BLACK
6
CONTINUOUS
10
1.7742711417322834
20
1.1357097244094487
11
1.7750857874015749
21
1.1348950787401575
0
LINE
8
BLACK
6
CONTINUOUS
10
1.7750857874015749
20
1.1348950787401575
11
1.7755266929133857
21
1.1338306692913385
0
LINE
8
BLACK
6
CONTINUOUS
10
1.7755266929133857
20
1.1338306692913385
11
1.7755266929133857
21
1.1326785433070865
0
LINE
8
BLACK
6
CONTINUOUS
10
1.7755266929133857
20
1.1326785433070865
11
1.7750857874015749
21
1.1316141338582677
0
LINE
8
BLACK
6
CONTINUOUS
10
1.7750857874015749
20
1.1316141338582677
11
1.7742711417322834
21
1.1307994881889762
0
LINE
8
BLACK
6
CONTINUOUS
10
1.7742711417322834
20
1.1307994881889762
11
1.7732067322834646
21
1.1303585826771654
0
LINE
8
BLACK
6
CONTINUOUS
10
1.7732067322834646
20
1.1303585826771654
11
1.7726306692913385
21
1.1303018503937008
0
LINE
8
BLACK
6
CONTINUOUS
10
1.7726306692913385
20
1.1303018503937008
11
1.7527052755905512
21
1.1303018503937008
0
LINE
8
BLACK
6
CONTINUOUS
10
1.7527052755905512
20
1.1303018503937008
11
1.7504595275590551
21
1.1291790157480315
0
LINE
8
BLACK
6
CONTINUOUS
10
1.7504595275590551
20
1.1291790157480315
11
1.7493366929133858
21
1.1269332677165353
0
LINE
8
BLACK
6
CONTINUOUS
10
1.7493366929133858
20
1.1269332677165353
11
1.7493366929133858
21
1.1227030708661416
0
LINE
8
BLACK
6
CONTINUOUS
10
1.7493366929133858
20
1.1227030708661416
11
1.7506854330708661
21
1.120005590551181
0
LINE
8
BLACK
6
CONTINUOUS
10
1.7506854330708661
20
1.120005590551181
11
1.7513565354330709
21
1.1193344881889764
0
LINE
8
BLACK
6
CONTINUOUS
10
1.7513565354330709
20
1.1193344881889764
11
1.7726306692913385
21
1.1193344881889764
0
LINE
8
BLACK
6
CONTINUOUS
10
1.7726306692913385
20
1.1193344881889764
11
1.7732067322834646
21
1.1192777559055118
0
LINE
8
BLACK
6
CONTINUOUS
10
1.7732067322834646
20
1.1192777559055118
11
1.7742711417322834
21
1.1188368503937007
0
LINE
8
BLACK
6
CONTINUOUS
10
1.7742711417322834
20
1.1188368503937007
11
1.7750857874015749
21
1.1180222047244095
0
LINE
8
BLACK
6
CONTINUOUS
10
1.7750857874015749
20
1.1180222047244095
11
1.7755266929133857
21
1.1169577952755905
0
LINE
8
BLACK
6
CONTINUOUS
10
1.7755266929133857
20
1.1169577952755905
11
1.7755266929133857
21
1.1158056692913385
0
LINE
8
BLACK
6
CONTINUOUS
10
1.7755266929133857
20
1.1158056692913385
11
1.7750857874015749
21
1.1147412598425197
0
LINE
8
BLACK
6
CONTINUOUS
10
1.7750857874015749
20
1.1147412598425197
11
1.7742711417322834
21
1.1139266141732282
0
LINE
8
BLACK
6
CONTINUOUS
10
1.7742711417322834
20
1.1139266141732282
11
1.7732067322834646
21
1.1134857086614174
0
LINE
8
BLACK
6
CONTINUOUS
10
1.7732067322834646
20
1.1134857086614174
11
1.7726306692913385
21
1.1134289763779528
0
LINE
8
BLACK
6
CONTINUOUS
10
1.7726306692913385
20
1.1134289763779528
11
1.746383937007874
21
1.1134289763779528
0
LINE
8
BLACK
6
CONTINUOUS
10
1.746383937007874
20
1.1134289763779528
11
1.7458078740157479
21
1.1134857086614174
0
LINE
8
BLACK
6
CONTINUOUS
10
1.7458078740157479
20
1.1134857086614174
11
1.7447434645669291
21
1.1139266141732282
0
LINE
8
BLACK
6
CONTINUOUS
10
1.7447434645669291
20
1.1139266141732282
11
1.7439288188976378
21
1.1147412598425197
0
LINE
8
BLACK
6
CONTINUOUS
10
1.7439288188976378
20
1.1147412598425197
11
1.7434879133858268
21
1.1158056692913385
0
LINE
8
BLACK
6
CONTINUOUS
10
1.7434879133858268
20
1.1158056692913385
11
1.7434879133858268
21
1.1169577952755905
0
LINE
8
BLACK
6
CONTINUOUS
10
1.7434879133858268
20
1.1169577952755905
11
1.7439288188976378
21
1.1180222047244095
0
LINE
8
BLACK
6
CONTINUOUS
10
1.7439288188976378
20
1.1180222047244095
11
1.7446926377952756
21
1.118786062992126
0
LINE
8
BLACK
6
CONTINUOUS
10
1.7446926377952756
20
1.118786062992126
11
1.7437429133858267
21
1.1206855118110235
0
LINE
8
BLACK
6
CONTINUOUS
10
1.7437429133858267
20
1.1206855118110235
11
1.7435360236220472
21
1.1212261417322835
0
LINE
8
BLACK
6
CONTINUOUS
10
1.7435360236220472
20
1.1212261417322835
11
1.7435285039370079
21
1.1213319685039369
0
LINE
8
BLACK
6
CONTINUOUS
10
1.7435285039370079
20
1.1213319685039369
11
1.7434879133858268
21
1.1214299606299212
0
LINE
8
BLACK
6
CONTINUOUS
10
1.7434879133858268
20
1.1214299606299212
11
1.7434311811023622
21
1.1220060236220473
0
LINE
8
BLACK
6
CONTINUOUS
10
1.7434311811023622
20
1.1220060236220473
11
1.7434311811023622
21
1.1276303149606299
0
LINE
8
BLACK
6
CONTINUOUS
10
1.7434311811023622
20
1.1276303149606299
11
1.7434879133858268
21
1.1282063779527558
0
LINE
8
BLACK
6
CONTINUOUS
10
1.7434879133858268
20
1.1282063779527558
11
1.7435285039370079
21
1.1283044094488188
0
LINE
8
BLACK
6
CONTINUOUS
10
1.7435285039370079
20
1.1283044094488188
11
1.7435360236220472
21
1.1284101968503937
0
LINE
8
BLACK
6
CONTINUOUS
10
1.7435360236220472
20
1.1284101968503937
11
1.7437429133858267
21
1.1289508267716535
0
LINE
8
BLACK
6
CONTINUOUS
10
1.7437429133858267
20
1.1289508267716535
11
1.7456176771653542
21
1.1327003543307086
0
LINE
8
BLACK
6
CONTINUOUS
10
1.7456176771653542
20
1.1327003543307086
11
1.7456783070866142
21
1.1327967322834644
0
LINE
8
BLACK
6
CONTINUOUS
10
1.7456783070866142
20
1.1327967322834644
11
1.7456934645669291
21
1.132842125984252
0
LINE
8
BLACK
6
CONTINUOUS
10
1.7456934645669291
20
1.132842125984252
11
1.7457424803149606
21
1.1328987007874016
0
LINE
8
BLACK
6
CONTINUOUS
10
1.7457424803149606
20
1.1328987007874016
11
1.7459260236220473
21
1.1331902362204724
0
LINE
8
BLACK
6
CONTINUOUS
10
1.7459260236220473
20
1.1331902362204724
11
1.7460002362204723
21
1.1332546062992126
0
LINE
8
BLACK
6
CONTINUOUS
10
1.7460002362204723
20
1.1332546062992126
11
1.7459260236220473
21
1.1333189763779528
0
LINE
8
BLACK
6
CONTINUOUS
10
1.7459260236220473
20
1.1333189763779528
11
1.7457424803149606
21
1.1336105511811023
0
LINE
8
BLACK
6
CONTINUOUS
10
1.7457424803149606
20
1.1336105511811023
11
1.7456934645669291
21
1.1336670866141731
0
LINE
8
BLACK
6
CONTINUOUS
10
1.7456934645669291
20
1.1336670866141731
11
1.7456783070866142
21
1.1337125196850393
0
LINE
8
BLACK
6
CONTINUOUS
10
1.7456783070866142
20
1.1337125196850393
11
1.7456176771653542
21
1.1338088582677166
0
LINE
8
BLACK
6
CONTINUOUS
10
1.7456176771653542
20
1.1338088582677166
11
1.7437429133858267
21
1.1375583858267717
0
LINE
8
BLACK
6
CONTINUOUS
10
1.7437429133858267
20
1.1375583858267717
11
1.7435360236220472
21
1.1380990157480315
0
LINE
8
BLACK
6
CONTINUOUS
10
1.7435360236220472
20
1.1380990157480315
11
1.7435285039370079
21
1.1382048425196851
0
LINE
8
BLACK
6
CONTINUOUS
10
1.7435285039370079
20
1.1382048425196851
11
1.7434879133858268
21
1.1383028346456692
0
LINE
8
BLACK
6
CONTINUOUS
10
1.7434879133858268
20
1.1383028346456692
11
1.7434311811023622
21
1.1388788976377953
0
LINE
8
BLACK
6
CONTINUOUS
10
1.7434311811023622
20
1.1388788976377953
11
1.7434311811023622
21
1.1445031889763779
0
LINE
8
BLACK
6
CONTINUOUS
10
1.7434311811023622
20
1.1445031889763779
11
1.7434879133858268
21
1.145079251968504
0
LINE
8
BLACK
6
CONTINUOUS
10
1.7434879133858268
20
1.145079251968504
11
1.7435285039370079
21
1.1451772834645668
0
LINE
8
BLACK
6
CONTINUOUS
10
1.7435285039370079
20
1.1451772834645668
11
1.7435360236220472
21
1.1452830708661417
0
LINE
8
BLACK
6
CONTINUOUS
10
1.7435360236220472
20
1.1452830708661417
11
1.7437429133858267
21
1.1458237007874015
0
LINE
8
BLACK
6
CONTINUOUS
10
1.7437429133858267
20
1.1458237007874015
11
1.7456176771653542
21
1.1495732677165353
0
LINE
8
BLACK
6
CONTINUOUS
10
1.7456176771653542
20
1.1495732677165353
11
1.7456783070866142
21
1.1496696062992127
0
LINE
8
BLACK
6
CONTINUOUS
10
1.7456783070866142
20
1.1496696062992127
11
1.7456934645669291
21
1.1497150393700788
0
LINE
8
BLACK
6
CONTINUOUS
10
1.7456934645669291
20
1.1497150393700788
11
1.7457425196850394
21
1.1497716535433071
0
LINE
8
BLACK
6
CONTINUOUS
10
1.7457425196850394
20
1.1497716535433071
11
1.7459260236220473
21
1.1500631102362204
0
LINE
8
BLACK
6
CONTINUOUS
10
1.7459260236220473
20
1.1500631102362204
11
1.7462056299212598
21
1.1503056299212597
0
LINE
8
BLACK
6
CONTINUOUS
10
1.7462056299212598
20
1.1503056299212597
11
1.7464483070866141
21
1.150585433070866
0
LINE
8
BLACK
6
CONTINUOUS
10
1.7464483070866141
20
1.150585433070866
11
1.7467398425196849
21
1.1507689763779527
0
LINE
8
BLACK
6
CONTINUOUS
10
1.7467398425196849
20
1.1507689763779527
11
1.7467964173228345
21
1.1508179921259842
0
LINE
8
BLACK
6
CONTINUOUS
10
1.7467964173228345
20
1.1508179921259842
11
1.7468418110236219
21
1.1508331496062991
0
LINE
8
BLACK
6
CONTINUOUS
10
1.7468418110236219
20
1.1508331496062991
11
1.746938188976378
21
1.1508937795275591
0
LINE
8
BLACK
6
CONTINUOUS
10
1.746938188976378
20
1.1508937795275591
11
1.7506877165354331
21
1.1527685433070867
0
LINE
8
BLACK
6
CONTINUOUS
10
1.7506877165354331
20
1.1527685433070867
11
1.7512283070866141
21
1.1529754330708661
0
LINE
8
BLACK
6
CONTINUOUS
10
1.7512283070866141
20
1.1529754330708661
11
1.7513341732283465
21
1.1529829921259842
0
LINE
8
BLACK
6
CONTINUOUS
10
1.7513341732283465
20
1.1529829921259842
11
1.7514321653543308
21
1.1530235433070866
0
LINE
8
BLACK
6
CONTINUOUS
10
1.7514321653543308
20
1.1530235433070866
11
1.7520082283464566
21
1.1530802755905512
0
LINE
8
BLACK
6
CONTINUOUS
10
1.7520082283464566
20
1.1530802755905512
11
1.7726306692913385
21
1.1530802755905512
0
LINE
8
BLACK
6
CONTINUOUS
10
1.7726306692913385
20
1.1530802755905512
11
1.7732067322834646
21
1.1530235433070866
0
LINE
8
BLACK
6
CONTINUOUS
10
-0.0191089763779528
20
2.1704550787401575
11
-0.0180445669291339
21
2.1700141732283464
0
LINE
8
BLACK
6
CONTINUOUS
10
-0.0180445669291339
20
2.1700141732283464
11
-0.0172299212598425
21
2.169199527559055
0
LINE
8
BLACK
6
CONTINUOUS
10
-0.0172299212598425
20
2.169199527559055
11
-0.0167890157480315
21
2.1681351181102362
0
LINE
8
BLACK
6
CONTINUOUS
10
-0.0167890157480315
20
2.1681351181102362
11
-0.0167890157480315
21
2.166982992125984
0
LINE
8
BLACK
6
CONTINUOUS
10
-0.0167890157480315
20
2.166982992125984
11
-0.0172299212598425
21
2.1659185826771652
0
LINE
8
BLACK
6
CONTINUOUS
10
-0.0172299212598425
20
2.1659185826771652
11
-0.0180445669291339
21
2.1651039370078742
0
LINE
8
BLACK
6
CONTINUOUS
10
-0.0180445669291339
20
2.1651039370078742
11
-0.0191089763779528
21
2.1646630314960631
0
LINE
8
BLACK
6
CONTINUOUS
10
-0.0191089763779528
20
2.1646630314960631
11
-0.0196850393700787
21
2.1646062992125983
0
LINE
8
BLACK
6
CONTINUOUS
10
-0.0196850393700787
20
2.1646062992125983
11
-0.5951340157480315
21
2.1646062992125983
0
LINE
8
BLACK
6
CONTINUOUS
10
-0.5951340157480315
20
2.1646062992125983
11
-0.5742934251968503
21
2.1245719291338583
0
LINE
8
BLACK
6
CONTINUOUS
10
-0.5742934251968503
20
2.1245719291338583
11
-0.5740777559055118
21
2.1240347637795276
0
LINE
8
BLACK
6
CONTINUOUS
10
-0.5740777559055118
20
2.1240347637795276
11
-0.5739773622047244
21
2.1228870472440944
0
LINE
8
BLACK
6
CONTINUOUS
10
-0.5739773622047244
20
2.1228870472440944
11
-0.5743238188976377
21
2.1217882677165352
0
LINE
8
BLACK
6
CONTINUOUS
10
-0.5743238188976377
20
2.1217882677165352
11
-0.5750643700787401
21
2.1209057086614171
0
LINE
8
BLACK
6
CONTINUOUS
10
-0.5750643700787401
20
2.1209057086614171
11
-0.5760862992125985
21
2.1203737007874017
0
LINE
8
BLACK
6
CONTINUOUS
10
-0.5760862992125985
20
2.1203737007874017
11
-0.5772340157480315
21
2.120273307086614
0
LINE
8
BLACK
6
CONTINUOUS
10
-0.5772340157480315
20
2.120273307086614
11
-0.5783327952755906
21
2.1206197637795277
0
LINE
8
BLACK
6
CONTINUOUS
10
-0.5783327952755906
20
2.1206197637795277
11
-0.5792153543307087
21
2.1213603149606297
0
LINE
8
BLACK
6
CONTINUOUS
10
-0.5792153543307087
20
2.1213603149606297
11
-0.5795316929133858
21
2.1218450787401575
0
LINE
8
BLACK
6
CONTINUOUS
10
-0.5795316929133858
20
2.1218450787401575
11
-0.5970472440944882
21
2.1554921653543309
0
LINE
8
BLACK
6
CONTINUOUS
10
-0.5970472440944882
20
2.1554921653543309
11
-0.5970472440944882
21
1.9896259842519683
0
LINE
8
BLACK
6
CONTINUOUS
10
-0.5970472440944882
20
1.9896259842519683
11
-0.5795316929133858
21
2.0232730314960627
0
LINE
8
BLACK
6
CONTINUOUS
10
-0.5795316929133858
20
2.0232730314960627
11
-0.5792153543307087
21
2.0237577952755905
0
LINE
8
BLACK
6
CONTINUOUS
10
-0.5792153543307087
20
2.0237577952755905
11
-0.5783327952755906
21
2.024498346456693
0
LINE
8
BLACK
6
CONTINUOUS
10
-0.5783327952755906
20
2.024498346456693
11
-0.5772340157480315
21
2.0248448031496062
0
LINE
8
BLACK
6
CONTINUOUS
10
-0.5772340157480315
20
2.0248448031496062
11
-0.5760862992125985
21
2.0247444094488189
0
LINE
8
BLACK
6
CONTINUOUS
10
-0.5760862992125985
20
2.0247444094488189
11
-0.5750643700787401
21
2.0242124015748031
0
LINE
8
BLACK
6
CONTINUOUS
10
-0.5750643700787401
20
2.0242124015748031
11
-0.5743238188976377
21
2.0233298425196851
0
LINE
8
BLACK
6
CONTINUOUS
10
-0.5743238188976377
20
2.0233298425196851
11
-0.5739773622047244
21
2.0222310629921258
0
LINE
8
BLACK
6
CONTINUOUS
10
-0.5739773622047244
20
2.0222310629921258
11
-0.5740777559055118
21
2.0210833464566931
0
LINE
8
BLACK
6
CONTINUOUS
10
-0.5740777559055118
20
2.0210833464566931
11
-0.5742934251968503
21
2.0205461811023619
0
LINE
8
BLACK
6
CONTINUOUS
10
-0.5742934251968503
20
2.0205461811023619
11
-0.5951340157480315
21
1.9805118110236219
0
LINE
8
BLACK
6
CONTINUOUS
10
-0.5951340157480315
20
1.9805118110236219
11
-0.0196850393700787
21
1.9805118110236219
0
LINE
8
BLACK
6
CONTINUOUS
10
-0.0196850393700787
20
1.9805118110236219
11
-0.0191089763779528
21
1.9804550787401574
0
LINE
8
BLACK
6
CONTINUOUS
10
-0.0191089763779528
20
1.9804550787401574
11
-0.0180445669291339
21
1.9800141732283465
0
LINE
8
BLACK
6
CONTINUOUS
10
-0.0180445669291339
20
1.9800141732283465
11
-0.0172299212598425
21
1.979199527559055
0
LINE
8
BLACK
6
CONTINUOUS
10
-0.0172299212598425
20
1.979199527559055
11
-0.0167890157480315
21
1.9781351181102362
0
LINE
8
BLACK
6
CONTINUOUS
10
-0.0167890157480315
20
1.9781351181102362
11
-0.0167890157480315
21
1.9769829921259843
0
LINE
8
BLACK
6
CONTINUOUS
10
-0.0167890157480315
20
1.9769829921259843
11
-0.0172299212598425
21
1.9759185826771652
0
LINE
8
BLACK
6
CONTINUOUS
10
-0.0172299212598425
20
1.9759185826771652
11
-0.0180445669291339
21
1.975103937007874
0
LINE
8
BLACK
6
CONTINUOUS
10
-0.0180445669291339
20
1.975103937007874
11
-0.0191089763779528
21
1.9746630314960629
0
LINE
8
BLACK
6
CONTINUOUS
10
-0.0191089763779528
20
1.9746630314960629
11
-0.0196850393700787
21
1.9746062992125983
0
LINE
8
BLACK
6
CONTINUOUS
10
-0.0196850393700787
20
1.9746062992125983
11
-0.6230874015748031
21
1.9746062992125983
0
LINE
8
BLACK
6
CONTINUOUS
10
-0.6230874015748031
20
1.9746062992125983
11
-0.6236634645669291
21
1.9746630314960629
0
LINE
8
BLACK
6
CONTINUOUS
10
-0.6236634645669291
20
1.9746630314960629
11
-0.624727874015748
21
1.975103937007874
0
LINE
8
BLACK
6
CONTINUOUS
10
-0.624727874015748
20
1.975103937007874
11
-0.6255425196850394
21
1.9759185826771652
0
LINE
8
BLACK
6
CONTINUOUS
10
-0.6255425196850394
20
1.9759185826771652
11
-0.6259834251968504
21
1.9769829921259843
0
LINE
8
BLACK
6
CONTINUOUS
10
-0.6259834251968504
20
1.9769829921259843
11
-0.6259834251968504
21
1.9781351181102362
0
LINE
8
BLACK
6
CONTINUOUS
10
-0.6259834251968504
20
1.9781351181102362
11
-0.6255425196850394
21
1.979199527559055
0
LINE
8
BLACK
6
CONTINUOUS
10
-0.6255425196850394
20
1.979199527559055
11
-0.624727874015748
21
1.9800141732283465
0
LINE
8
BLACK
6
CONTINUOUS
10
-0.624727874015748
20
1.9800141732283465
11
-0.6236634645669291
21
1.9804550787401574
0
LINE
8
BLACK
6
CONTINUOUS
10
-0.6236634645669291
20
1.9804550787401574
11
-0.6230874015748031
21
1.9805118110236219
0
LINE
8
BLACK
6
CONTINUOUS
10
-0.6230874015748031
20
1.9805118110236219
11
-0.6048659842519685
21
1.9805118110236219
0
LINE
8
BLACK
6
CONTINUOUS
10
-0.6048659842519685
20
1.9805118110236219
11
-0.6257065748031496
21
2.0205461811023619
0
LINE
8
BLACK
6
CONTINUOUS
10
-0.6257065748031496
20
2.0205461811023619
11
-0.6259222440944882
21
2.0210833464566931
0
LINE
8
BLACK
6
CONTINUOUS
10
-0.6259222440944882
20
2.0210833464566931
11
-0.6260226377952756
21
2.0222310629921258
0
LINE
8
BLACK
6
CONTINUOUS
10
-0.6260226377952756
20
2.0222310629921258
11
-0.625676220472441
21
2.0233298425196851
0
LINE
8
BLACK
6
CONTINUOUS
10
-0.625676220472441
20
2.0233298425196851
11
-0.6249356692913386
21
2.0242124015748031
0
LINE
8
BLACK
6
CONTINUOUS
10
-0.6249356692913386
20
2.0242124015748031
11
-0.6239137007874016
21
2.0247444094488189
0
LINE
8
BLACK
6
CONTINUOUS
10
-0.6239137007874016
20
2.0247444094488189
11
-0.6227659842519685
21
2.0248448031496062
0
LINE
8
BLACK
6
CONTINUOUS
10
-0.6227659842519685
20
2.0248448031496062
11
-0.6216672047244094
21
2.0244983858267718
0
LINE
8
BLACK
6
CONTINUOUS
10
-0.6216672047244094
20
2.0244983858267718
11
-0.6207846456692914
21
2.0237578346456693
0
LINE
8
BLACK
6
CONTINUOUS
10
-0.6207846456692914
20
2.0237578346456693
11
-0.6204683070866142
21
2.0232730314960627
0
LINE
8
BLACK
6
CONTINUOUS
10
-0.6204683070866142
20
2.0232730314960627
11
-0.6029527559055118
21
1.9896259842519683
0
LINE
8
BLACK
6
CONTINUOUS
10
-0.6029527559055118
20
1.9896259842519683
11
-0.6029527559055118
21
2.1554921653543309
0
LINE
8
BLACK
6
CONTINUOUS
10
-0.6029527559055118
20
2.1554921653543309
11
-0.6204683070866142
21
2.1218450787401575
0
LINE
8
BLACK
6
CONTINUOUS
10
-0.6204683070866142
20
2.1218450787401575
11
-0.6207846456692914
21
2.121360275590551
0
LINE
8
BLACK
6
CONTINUOUS
10
-0.6207846456692914
20
2.121360275590551
11
-0.6216672047244094
21
2.1206197244094489
0
LINE
8
BLACK
6
CONTINUOUS
10
-0.6216672047244094
20
2.1206197244094489
11
-0.6227659842519685
21
2.120273307086614
0
LINE
8
BLACK
6
CONTINUOUS
10
-0.6227659842519685
20
2.120273307086614
11
-0.6239137007874016
21
2.1203737007874017
0
LINE
8
BLACK
6
CONTINUOUS
10
-0.6239137007874016
20
2.1203737007874017
11
-0.6249356692913386
21
2.1209057086614171
0
LINE
8
BLACK
6
CONTINUOUS
10
-0.6249356692913386
20
2.1209057086614171
11
-0.625676220472441
21
2.1217882677165352
0
LINE
8
BLACK
6
CONTINUOUS
10
-0.625676220472441
20
2.1217882677165352
11
-0.6260226377952756
21
2.1228870472440944
0
LINE
8
BLACK
6
CONTINUOUS
10
-0.6260226377952756
20
2.1228870472440944
11
-0.6259222440944882
21
2.1240347637795276
0
LINE
8
BLACK
6
CONTINUOUS
10
-0.6259222440944882
20
2.1240347637795276
11
-0.6257065748031496
21
2.1245719291338583
0
LINE
8
BLACK
6
CONTINUOUS
10
-0.6257065748031496
20
2.1245719291338583
11
-0.6048659842519685
21
2.1646062992125983
0
LINE
8
BLACK
6
CONTINUOUS
10
-0.6048659842519685
20
2.1646062992125983
11
-0.6230874015748031
21
2.1646062992125983
0
LINE
8
BLACK
6
CONTINUOUS
10
-0.6230874015748031
20
2.1646062992125983
11
-0.6236634645669291
21
2.1646630314960631
0
LINE
8
BLACK
6
CONTINUOUS
10
-0.6236634645669291
20
2.1646630314960631
11
-0.624727874015748
21
2.1651039370078742
0
LINE
8
BLACK
6
CONTINUOUS
10
-0.624727874015748
20
2.1651039370078742
11
-0.6255425196850394
21
2.1659185826771652
0
LINE
8
BLACK
6
CONTINUOUS
10
-0.6255425196850394
20
2.1659185826771652
11
-0.6259834251968504
21
2.166982992125984
0
LINE
8
BLACK
6
CONTINUOUS
10
-0.6259834251968504
20
2.166982992125984
11
-0.6259834251968504
21
2.1681351181102362
0
LINE
8
BLACK
6
CONTINUOUS
10
-0.6259834251968504
20
2.1681351181102362
11
-0.6255425196850394
21
2.169199527559055
0
LINE
8
BLACK
6
CONTINUOUS
10
-0.6255425196850394
20
2.169199527559055
11
-0.624727874015748
21
2.1700141732283464
0
LINE
8
BLACK
6
CONTINUOUS
10
-0.624727874015748
20
2.1700141732283464
11
-0.6236634645669291
21
2.1704550787401575
0
LINE
8
BLACK
6
CONTINUOUS
10
-0.6236634645669291
20
2.1704550787401575
11
-0.6230874015748031
21
2.1705118110236219
0
LINE
8
BLACK
6
CONTINUOUS
10
-0.6230874015748031
20
2.1705118110236219
11
-0.0196850393700787
21
2.1705118110236219
0
LINE
8
BLACK
6
CONTINUOUS
10
-0.0196850393700787
20
2.1705118110236219
11
-0.0191089763779528
21
2.1704550787401575
0
LINE
8
BLACK
6
CONTINUOUS
10
1.3464757086614172
20
2.6034812992125982
11
1.3470128740157481
21
2.60326562992126
0
LINE
8
BLACK
6
CONTINUOUS
10
1.3470128740157481
20
2.60326562992126
11
1.3870472440944881
21
2.5824250787401573
0
LINE
8
BLACK
6
CONTINUOUS
10
1.3870472440944881
20
2.5824250787401573
11
1.3870472440944881
21
2.6006464566929135
0
LINE
8
BLACK
6
CONTINUOUS
10
1.3870472440944881
20
2.6006464566929135
11
1.3871039763779527
21
2.6012225196850394
0
LINE
8
BLACK
6
CONTINUOUS
10
1.3871039763779527
20
2.6012225196850394
11
1.3875448818897638
21
2.6022869291338582
0
LINE
8
BLACK
6
CONTINUOUS
10
1.3875448818897638
20
2.6022869291338582
11
1.388359527559055
21
2.6031015748031496
0
LINE
8
BLACK
6
CONTINUOUS
10
1.388359527559055
20
2.6031015748031496
11
1.389423937007874
21
2.6035424803149607
0
LINE
8
BLACK
6
CONTINUOUS
10
1.389423937007874
20
2.6035424803149607
11
1.390576062992126
21
2.6035424803149607
0
LINE
8
BLACK
6
CONTINUOUS
10
1.390576062992126
20
2.6035424803149607
11
1.3916404724409448
21
2.6031015748031496
0
LINE
8
BLACK
6
CONTINUOUS
10
1.3916404724409448
20
2.6031015748031496
11
1.3924551181102363
21
2.6022869291338582
0
LINE
8
BLACK
6
CONTINUOUS
10
1.3924551181102363
20
2.6022869291338582
11
1.3928960236220471
21
2.6012225196850394
0
LINE
8
BLACK
6
CONTINUOUS
10
1.3928960236220471
20
2.6012225196850394
11
1.3929527559055117
21
2.6006464566929135
0
LINE
8
BLACK
6
CONTINUOUS
10
1.3929527559055117
20
2.6006464566929135
11
1.3929527559055117
21
2.187244094488189
0
LINE
8
BLACK
6
CONTINUOUS
10
1.3929527559055117
20
2.187244094488189
11
1.3928960236220471
21
2.1866680314960631
0
LINE
8
BLACK
6
CONTINUOUS
10
1.3928960236220471
20
2.1866680314960631
11
1.3924551181102363
21
2.1856036220472439
0
LINE
8
BLACK
6
CONTINUOUS
10
1.3924551181102363
20
2.1856036220472439
11
1.3916404724409448
21
2.1847889763779529
0
LINE
8
BLACK
6
CONTINUOUS
10
1.3916404724409448
20
2.1847889763779529
11
1.390576062992126
21
2.1843480708661418
0
LINE
8
BLACK
6
CONTINUOUS
10
1.390576062992126
20
2.1843480708661418
11
1.389423937007874
21
2.1843480708661418
0
LINE
8
BLACK
6
CONTINUOUS
10
1.389423937007874
20
2.1843480708661418
11
1.388359527559055
21
2.1847889763779529
0
LINE
8
BLACK
6
CONTINUOUS
10
1.388359527559055
20
2.1847889763779529
11
1.3875448818897638
21
2.1856036220472439
0
LINE
8
BLACK
6
CONTINUOUS
10
1.3875448818897638
20
2.1856036220472439
11
1.3871039763779527
21
2.1866680314960631
0
LINE
8
BLACK
6
CONTINUOUS
10
1.3871039763779527
20
2.1866680314960631
11
1.3870472440944881
21
2.187244094488189
0
LINE
8
BLACK
6
CONTINUOUS
10
1.3870472440944881
20
2.187244094488189
11
1.3870472440944881
21
2.5726930708661415
0
LINE
8
BLACK
6
CONTINUOUS
10
1.3870472440944881
20
2.5726930708661415
11
1.3470128740157481
21
2.5518524803149605
0
LINE
8
BLACK
6
CONTINUOUS
10
1.3470128740157481
20
2.5518524803149605
11
1.3464757086614172
21
2.5516368110236218
0
LINE
8
BLACK
6
CONTINUOUS
10
1.3464757086614172
20
2.5516368110236218
11
1.3453279921259842
21
2.5515364173228345
0
LINE
8
BLACK
6
CONTINUOUS
10
1.3453279921259842
20
2.5515364173228345
11
1.3442292125984252
21
2.5518828346456695
0
LINE
8
BLACK
6
CONTINUOUS
10
1.3442292125984252
20
2.5518828346456695
11
1.343346653543307
21
2.5526233858267715
0
LINE
8
BLACK
6
CONTINUOUS
10
1.343346653543307
20
2.5526233858267715
11
1.3428146456692913
21
2.5536453543307087
0
LINE
8
BLACK
6
CONTINUOUS
10
1.3428146456692913
20
2.5536453543307087
11
1.3427142519685038
21
2.5547930708661415
0
LINE
8
BLACK
6
CONTINUOUS
10
1.3427142519685038
20
2.5547930708661415
11
1.3430606692913385
21
2.5558918503937007
0
LINE
8
BLACK
6
CONTINUOUS
10
1.3430606692913385
20
2.5558918503937007
11
1.343801220472441
21
2.5567744094488187
0
LINE
8
BLACK
6
CONTINUOUS
10
1.343801220472441
20
2.5567744094488187
11
1.3442860236220473
21
2.5570907480314959
0
LINE
8
BLACK
6
CONTINUOUS
10
1.3442860236220473
20
2.5570907480314959
11
1.3779330708661417
21
2.5746062992125984
0
LINE
8
BLACK
6
CONTINUOUS
10
1.3779330708661417
20
2.5746062992125984
11
-0.1779330708661417
21
2.5746062992125984
0
LINE
8
BLACK
6
CONTINUOUS
10
-0.1779330708661417
20
2.5746062992125984
11
-0.1442860236220472
21
2.5570907480314959
0
LINE
8
BLACK
6
CONTINUOUS
10
-0.1442860236220472
20
2.5570907480314959
11
-0.1438012598425197
21
2.5567744094488187
0
LINE
8
BLACK
6
CONTINUOUS
10
-0.1438012598425197
20
2.5567744094488187
11
-0.1430607086614173
21
2.5558918503937007
0
LINE
8
BLACK
6
CONTINUOUS
10
-0.1430607086614173
20
2.5558918503937007
11
-0.1427142519685039
21
2.5547930708661415
0
LINE
8
BLACK
6
CONTINUOUS
10
-0.1427142519685039
20
2.5547930708661415
11
-0.1428146456692913
21
2.5536453543307087
0
LINE
8
BLACK
6
CONTINUOUS
10
-0.1428146456692913
20
2.5536453543307087
11
-0.1433466535433071
21
2.5526234251968503
0
LINE
8
BLACK
6
CONTINUOUS
10
-0.1433466535433071
20
2.5526234251968503
11
-0.1442292125984252
21
2.5518828740157478
0
LINE
8
BLACK
6
CONTINUOUS
10
-0.1442292125984252
20
2.5518828740157478
11
-0.1453279921259842
21
2.5515364173228345
0
LINE
8
BLACK
6
CONTINUOUS
10
-0.1453279921259842
20
2.5515364173228345
11
-0.1464757086614173
21
2.5516368110236218
0
LINE
8
BLACK
6
CONTINUOUS
10
-0.1464757086614173
20
2.5516368110236218
11
-0.147012874015748
21
2.5518524803149605
0
LINE
8
BLACK
6
CONTINUOUS
10
-0.147012874015748
20
2.5518524803149605
11
-0.1870472440944882
21
2.5726930708661415
0
LINE
8
BLACK
6
CONTINUOUS
10
-0.1870472440944882
20
2.5726930708661415
11
-0.1870472440944882
21
2.187244094488189
0
LINE
8
BLACK
6
CONTINUOUS
10
-0.1870472440944882
20
2.187244094488189
11
-0.1871039763779528
21
2.1866680314960631
0
LINE
8
BLACK
6
CONTINUOUS
10
-0.1871039763779528
20
2.1866680314960631
11
-0.1875448818897638
21
2.1856036220472439
0
LINE
8
BLACK
6
CONTINUOUS
10
-0.1875448818897638
20
2.1856036220472439
11
-0.1883595275590551
21
2.1847889763779529
0
LINE
8
BLACK
6
CONTINUOUS
10
-0.1883595275590551
20
2.1847889763779529
11
-0.189423937007874
21
2.1843480708661418
0
LINE
8
BLACK
6
CONTINUOUS
10
-0.189423937007874
20
2.1843480708661418
11
-0.190576062992126
21
2.1843480708661418
0
LINE
8
BLACK
6
CONTINUOUS
10
-0.190576062992126
20
2.1843480708661418
11
-0.1916404724409449
21
2.1847889763779529
0
LINE
8
BLACK
6
CONTINUOUS
10
-0.1916404724409449
20
2.1847889763779529
11
-0.1924551181102362
21
2.1856036220472439
0
LINE
8
BLACK
6
CONTINUOUS
10
-0.1924551181102362
20
2.1856036220472439
11
-0.1928960236220472
21
2.1866680314960631
0
LINE
8
BLACK
6
CONTINUOUS
10
-0.1928960236220472
20
2.1866680314960631
11
-0.1929527559055118
21
2.187244094488189
0
LINE
8
BLACK
6
CONTINUOUS
10
-0.1929527559055118
20
2.187244094488189
11
-0.1929527559055118
21
2.6006464566929135
0
LINE
8
BLACK
6
CONTINUOUS
10
-0.1929527559055118
20
2.6006464566929135
11
-0.1928960236220472
21
2.6012225196850394
0
LINE
8
BLACK
6
CONTINUOUS
10
-0.1928960236220472
20
2.6012225196850394
11
-0.1924551181102362
21
2.6022869291338582
0
LINE
8
BLACK
6
CONTINUOUS
10
-0.1924551181102362
20
2.6022869291338582
11
-0.1916404724409449
21
2.6031015748031496
0
LINE
8
BLACK
6
CONTINUOUS
10
-0.1916404724409449
20
2.6031015748031496
11
-0.190576062992126
21
2.6035424803149607
0
LINE
8
BLACK
6
CONTINUOUS
10
-0.190576062992126
20
2.6035424803149607
11
-0.189423937007874
21
2.6035424803149607
0
LINE
8
BLACK
6
CONTINUOUS
10
-0.189423937007874
20
2.6035424803149607
11
-0.1883595275590551
21
2.6031015748031496
0
LINE
8
BLACK
6
CONTINUOUS
10
-0.1883595275590551
20
2.6031015748031496
11
-0.1875448818897638
21
2.6022869291338582
0
LINE
8
BLACK
6
CONTINUOUS
10
-0.1875448818897638
20
2.6022869291338582
11
-0.1871039763779528
21
2.6012225196850394
0
LINE
8
BLACK
6
CONTINUOUS
10
-0.1871039763779528
20
2.6012225196850394
11
-0.1870472440944882
21
2.6006464566929135
0
LINE
8
BLACK
6
CONTINUOUS
10
-0.1870472440944882
20
2.6006464566929135
11
-0.1870472440944882
21
2.5824250787401573
0
LINE
8
BLACK
6
CONTINUOUS
10
-0.1870472440944882
20
2.5824250787401573
11
-0.147012874015748
21
2.60326562992126
0
LINE
8
BLACK
6
CONTINUOUS
10
-0.147012874015748
20
2.60326562992126
11
-0.1464757086614173
21
2.6034812992125982
0
LINE
8
BLACK
6
CONTINUOUS
10
-0.1464757086614173
20
2.6034812992125982
11
-0.1453279921259842
21
2.6035816929133859
0
LINE
8
BLACK
6
CONTINUOUS
10
-0.1453279921259842
20
2.6035816929133859
11
-0.1442292125984252
21
2.6032352362204723
0
LINE
8
BLACK
6
CONTINUOUS
10
-0.1442292125984252
20
2.6032352362204723
11
-0.1433466535433071
21
2.6024946850393702
0
LINE
8
BLACK
6
CONTINUOUS
10
-0.1433466535433071
20
2.6024946850393702
11
-0.1428146456692913
21
2.6014727559055117
0
LINE
8
BLACK
6
CONTINUOUS
10
-0.1428146456692913
20
2.6014727559055117
11
-0.1427142519685039
21
2.6003250393700785
0
LINE
8
BLACK
6
CONTINUOUS
10
-0.1427142519685039
20
2.6003250393700785
11
-0.1430607086614173
21
2.5992262598425198
0
LINE
8
BLACK
6
CONTINUOUS
10
-0.1430607086614173
20
2.5992262598425198
11
-0.1438012598425197
21
2.5983437007874017
0
LINE
8
BLACK
6
CONTINUOUS
10
-0.1438012598425197
20
2.5983437007874017
11
-0.1442860236220472
21
2.5980273622047245
0
LINE
8
BLACK
6
CONTINUOUS
10
-0.1442860236220472
20
2.5980273622047245
11
-0.1779330708661417
21
2.580511811023622
0
LINE
8
BLACK
6
CONTINUOUS
10
-0.1779330708661417
20
2.580511811023622
11
1.3779330708661417
21
2.580511811023622
0
LINE
8
BLACK
6
CONTINUOUS
10
1.3779330708661417
20
2.580511811023622
11
1.3442860236220473
21
2.5980273622047245
0
LINE
8
BLACK
6
CONTINUOUS
10
1.3442860236220473
20
2.5980273622047245
11
1.343801220472441
21
2.5983437007874017
0
LINE
8
BLACK
6
CONTINUOUS
10
1.343801220472441
20
2.5983437007874017
11
1.3430606692913385
21
2.5992262598425198
0
LINE
8
BLACK
6
CONTINUOUS
10
1.3430606692913385
20
2.5992262598425198
11
1.3427142519685038
21
2.6003250393700785
0
LINE
8
BLACK
6
CONTINUOUS
10
1.3427142519685038
20
2.6003250393700785
11
1.3428146456692913
21
2.6014727559055117
0
LINE
8
BLACK
6
CONTINUOUS
10
1.3428146456692913
20
2.6014727559055117
11
1.343346653543307
21
2.602494724409449
0
LINE
8
BLACK
6
CONTINUOUS
10
1.343346653543307
20
2.602494724409449
11
1.3442292125984252
21
2.603235275590551
0
LINE
8
BLACK
6
CONTINUOUS
10
1.3442292125984252
20
2.603235275590551
11
1.3453279921259842
21
2.6035816929133859
0
LINE
8
BLACK
6
CONTINUOUS
10
1.3453279921259842
20
2.6035816929133859
11
1.3464757086614172
21
2.6034812992125982
0
LINE
8
BLACK
6
CONTINUOUS
10
-0.6388522440944882
20
2.2348323622047244
11
-0.6380375984251968
21
2.2340177165354329
0
LINE
8
BLACK
6
CONTINUOUS
10
-0.6380375984251968
20
2.2340177165354329
11
-0.6375966929133858
21
2.2329533070866141
0
LINE
8
BLACK
6
CONTINUOUS
10
-0.6375966929133858
20
2.2329533070866141
11
-0.6375399606299212
21
2.2323772440944882
0
LINE
8
BLACK
6
CONTINUOUS
10
-0.6375399606299212
20
2.2323772440944882
11
-0.6375399606299212
21
2.2297057086614172
0
LINE
8
BLACK
6
CONTINUOUS
10
-0.6375399606299212
20
2.2297057086614172
11
-0.6273693307086614
21
2.2297057086614172
0
LINE
8
BLACK
6
CONTINUOUS
10
-0.6273693307086614
20
2.2297057086614172
11
-0.6267932677165354
21
2.2296489763779528
0
LINE
8
BLACK
6
CONTINUOUS
10
-0.6267932677165354
20
2.2296489763779528
11
-0.6257288582677165
21
2.2292080708661417
0
LINE
8
BLACK
6
CONTINUOUS
10
-0.6257288582677165
20
2.2292080708661417
11
-0.6249142125984252
21
2.2283934251968502
0
LINE
8
BLACK
6
CONTINUOUS
10
-0.6249142125984252
20
2.2283934251968502
11
-0.6244733070866142
21
2.2273290157480314
0
LINE
8
BLACK
6
CONTINUOUS
10
-0.6244733070866142
20
2.2273290157480314
11
-0.6244733070866142
21
2.2261768897637797
0
LINE
8
BLACK
6
CONTINUOUS
10
-0.6244733070866142
20
2.2261768897637797
11
-0.6249142125984252
21
2.2251124803149605
0
LINE
8
BLACK
6
CONTINUOUS
10
-0.6249142125984252
20
2.2251124803149605
11
-0.6257288582677165
21
2.2242978346456694
0
LINE
8
BLACK
6
CONTINUOUS
10
-0.6257288582677165
20
2.2242978346456694
11
-0.6267932677165354
21
2.2238569291338584
0
LINE
8
BLACK
6
CONTINUOUS
10
-0.6267932677165354
20
2.2238569291338584
11
-0.6273693307086614
21
2.2238001968503935
0
LINE
8
BLACK
6
CONTINUOUS
10
-0.6273693307086614
20
2.2238001968503935
11
-0.6375399606299212
21
2.2238001968503935
0
LINE
8
BLACK
6
CONTINUOUS
10
-0.6375399606299212
20
2.2238001968503935
11
-0.6375399606299212
21
2.20800531496063
0
LINE
8
BLACK
6
CONTINUOUS
10
-0.6375399606299212
20
2.20800531496063
11
-0.6375687007874016
21
2.207713779527559
0
LINE
8
BLACK
6
CONTINUOUS
10
-0.6375687007874016
20
2.207713779527559
11
-0.6375631496062992
21
2.2076360236220474
0
LINE
8
BLACK
6
CONTINUOUS
10
-0.6375631496062992
20
2.2076360236220474
11
-0.6375818897637795
21
2.2075799212598426
0
LINE
8
BLACK
6
CONTINUOUS
10
-0.6375818897637795
20
2.2075799212598426
11
-0.6375966929133858
21
2.2074292519685037
0
LINE
8
BLACK
6
CONTINUOUS
10
-0.6375966929133858
20
2.2074292519685037
11
-0.637777874015748
21
2.2069918897637795
0
LINE
8
BLACK
6
CONTINUOUS
10
-0.637777874015748
20
2.2069918897637795
11
-0.6379274803149606
21
2.206543031496063
0
LINE
8
BLACK
6
CONTINUOUS
10
-0.6379274803149606
20
2.206543031496063
11
-0.6379970078740157
21
2.2064629133858267
0
LINE
8
BLACK
6
CONTINUOUS
10
-0.6379970078740157
20
2.2064629133858267
11
-0.6380375984251968
21
2.2063648425196849
0
LINE
8
BLACK
6
CONTINUOUS
10
-0.6380375984251968
20
2.2063648425196849
11
-0.6383723622047244
21
2.206030118110236
0
LINE
8
BLACK
6
CONTINUOUS
10
-0.6383723622047244
20
2.206030118110236
11
-0.6386823622047244
21
2.2056726377952756
0
LINE
8
BLACK
6
CONTINUOUS
10
-0.6386823622047244
20
2.2056726377952756
11
-0.6387772440944882
21
2.2056252362204725
0
LINE
8
BLACK
6
CONTINUOUS
10
-0.6387772440944882
20
2.2056252362204725
11
-0.6388522440944882
21
2.2055501968503934
0
LINE
8
BLACK
6
CONTINUOUS
10
-0.6388522440944882
20
2.2055501968503934
11
-0.6392897244094488
21
2.2053690157480315
0
LINE
8
BLACK
6
CONTINUOUS
10
-0.6392897244094488
20
2.2053690157480315
11
-0.6397128346456693
21
2.2051574409448818
0
LINE
8
BLACK
6
CONTINUOUS
10
-0.6397128346456693
20
2.2051574409448818
11
-0.6398185826771653
21
2.2051499606299214
0
LINE
8
BLACK
6
CONTINUOUS
10
-0.6398185826771653
20
2.2051499606299214
11
-0.6399166535433071
21
2.2051092913385828
0
LINE
8
BLACK
6
CONTINUOUS
10
-0.6399166535433071
20
2.2051092913385828
11
-0.6403901968503937
21
2.2051092913385828
0
LINE
8
BLACK
6
CONTINUOUS
10
-0.6403901968503937
20
2.2051092913385828
11
-0.6408620472440945
21
2.2050757480314962
0
LINE
8
BLACK
6
CONTINUOUS
10
-0.6408620472440945
20
2.2050757480314962
11
-0.6410095669291338
21
2.2051092913385828
0
LINE
8
BLACK
6
CONTINUOUS
10
-0.6410095669291338
20
2.2051092913385828
11
-0.641068779527559
21
2.2051092913385828
0
LINE
8
BLACK
6
CONTINUOUS
10
-0.641068779527559
20
2.2051092913385828
11
-0.6411408661417323
21
2.2051391732283463
0
LINE
8
BLACK
6
CONTINUOUS
10
-0.6411408661417323
20
2.2051391732283463
11
-0.6414264960629921
21
2.205204094488189
0
LINE
8
BLACK
6
CONTINUOUS
10
-0.6414264960629921
20
2.205204094488189
11
-0.6695479133858268
21
2.2145779133858268
0
LINE
8
BLACK
6
CONTINUOUS
10
-0.6695479133858268
20
2.2145779133858268
11
-0.6700764960629921
21
2.2148138976377951
0
LINE
8
BLACK
6
CONTINUOUS
10
-0.6700764960629921
20
2.2148138976377951
11
-0.6709468503937007
21
2.2155687795275592
0
LINE
8
BLACK
6
CONTINUOUS
10
-0.6709468503937007
20
2.2155687795275592
11
-0.6714620472440944
21
2.2165992125984251
0
LINE
8
BLACK
6
CONTINUOUS
10
-0.6714620472440944
20
2.2165992125984251
11
-0.6715437401574803
21
2.2177484251968504
0
LINE
8
BLACK
6
CONTINUOUS
10
-0.6715437401574803
20
2.2177484251968504
11
-0.6711794094488189
21
2.2188414566929135
0
LINE
8
BLACK
6
CONTINUOUS
10
-0.6711794094488189
20
2.2188414566929135
11
-0.6704245275590551
21
2.2197118110236218
0
LINE
8
BLACK
6
CONTINUOUS
10
-0.6704245275590551
20
2.2197118110236218
11
-0.669394094488189
21
2.2202270078740156
0
LINE
8
BLACK
6
CONTINUOUS
10
-0.669394094488189
20
2.2202270078740156
11
-0.6682448818897637
21
2.2203087007874016
0
LINE
8
BLACK
6
CONTINUOUS
10
-0.6682448818897637
20
2.2203087007874016
11
-0.6676804330708661
21
2.2201803543307088
0
LINE
8
BLACK
6
CONTINUOUS
10
-0.6676804330708661
20
2.2201803543307088
11
-0.6434454724409449
21
2.2121020472440946
0
LINE
8
BLACK
6
CONTINUOUS
10
-0.6434454724409449
20
2.2121020472440946
11
-0.6434454724409449
21
2.2238001968503935
0
LINE
8
BLACK
6
CONTINUOUS
10
-0.6434454724409449
20
2.2238001968503935
11
-0.6536160629921259
21
2.2238001968503935
0
LINE
8
BLACK
6
CONTINUOUS
10
-0.6536160629921259
20
2.2238001968503935
11
-0.6541921259842519
21
2.2238569291338584
0
LINE
8
BLACK
6
CONTINUOUS
10
-0.6541921259842519
20
2.2238569291338584
11
-0.6552565354330708
21
2.2242978346456694
0
LINE
8
BLACK
6
CONTINUOUS
10
-0.6552565354330708
20
2.2242978346456694
11
-0.6560711811023622
21
2.2251124803149605
0
LINE
8
BLACK
6
CONTINUOUS
10
-0.6560711811023622
20
2.2251124803149605
11
-0.6565120866141733
21
2.2261768897637797
0
LINE
8
BLACK
6
CONTINUOUS
10
-0.6565120866141733
20
2.2261768897637797
11
-0.6565120866141733
21
2.2273290157480314
0
LINE
8
BLACK
6
CONTINUOUS
10
-0.6565120866141733
20
2.2273290157480314
11
-0.6560711811023622
21
2.2283934251968502
0
LINE
8
BLACK
6
CONTINUOUS
10
-0.6560711811023622
20
2.2283934251968502
11
-0.6552565354330708
21
2.2292080708661417
0
LINE
8
BLACK
6
CONTINUOUS
10
-0.6552565354330708
20
2.2292080708661417
11
-0.6541921259842519
21
2.2296489763779528
0
LINE
8
BLACK
6
CONTINUOUS
10
-0.6541921259842519
20
2.2296489763779528
11
-0.6536160629921259
21
2.2297057086614172
0
LINE
8
BLACK
6
CONTINUOUS
10
-0.6536160629921259
20
2.2297057086614172
11
-0.6434454724409449
21
2.2297057086614172
0
LINE
8
BLACK
6
CONTINUOUS
10
-0.6434454724409449
20
2.2297057086614172
11
-0.6434454724409449
21
2.2323772440944882
0
LINE
8
BLACK
6
CONTINUOUS
10
-0.6434454724409449
20
2.2323772440944882
11
-0.6433887401574803
21
2.2329533070866141
0
LINE
8
BLACK
6
CONTINUOUS
10
-0.6433887401574803
20
2.2329533070866141
11
-0.6429478346456693
21
2.2340177165354329
0
LINE
8
BLACK
6
CONTINUOUS
10
-0.6429478346456693
20
2.2340177165354329
11
-0.6421331889763779
21
2.2348323622047244
0
LINE
8
BLACK
6
CONTINUOUS
10
-0.6421331889763779
20
2.2348323622047244
11
-0.641068779527559
21
2.2352732677165355
0
LINE
8
BLACK
6
CONTINUOUS
10
-0.641068779527559
20
2.2352732677165355
11
-0.6399166535433071
21
2.2352732677165355
0
LINE
8
BLACK
6
CONTINUOUS
10
-0.6399166535433071
20
2.2352732677165355
11
-0.6388522440944882
21
2.2348323622047244
0
LINE
8
BLACK
6
CONTINUOUS
10
-0.6276037007874016
20
2.2517053149606299
11
-0.6276036220472441
21
2.2517052755905511
0
LINE
8
BLACK
6
CONTINUOUS
10
-0.6276036220472441
20
2.2517052755905511
11
-0.6271561811023622
21
2.2513380708661415
0
LINE
8
BLACK
6
CONTINUOUS
10
-0.6271561811023622
20
2.2513380708661415
11
-0.6252814173228346
21
2.2494633070866139
0
LINE
8
BLACK
6
CONTINUOUS
10
-0.6252814173228346
20
2.2494633070866139
11
-0.6249142125984252
21
2.2490158661417321
0
LINE
8
BLACK
6
CONTINUOUS
10
-0.6249142125984252
20
2.2490158661417321
11
-0.6247726377952756
21
2.2486740944881891
0
LINE
8
BLACK
6
CONTINUOUS
10
-0.6247726377952756
20
2.2486740944881891
11
-0.6244733070866142
21
2.2479514173228345
0
LINE
8
BLACK
6
CONTINUOUS
10
-0.6244733070866142
20
2.2479514173228345
11
-0.6244733070866142
21
2.2467993307086616
0
LINE
8
BLACK
6
CONTINUOUS
10
-0.6244733070866142
20
2.2467993307086616
11
-0.6249142125984252
21
2.2457349212598423
0
LINE
8
BLACK
6
CONTINUOUS
10
-0.6249142125984252
20
2.2457349212598423
11
-0.6252814173228346
21
2.2452874803149605
0
LINE
8
BLACK
6
CONTINUOUS
10
-0.6252814173228346
20
2.2452874803149605
11
-0.6271561811023622
21
2.2434127165354329
0
LINE
8
BLACK
6
CONTINUOUS
10
-0.6271561811023622
20
2.2434127165354329
11
-0.6276036220472441
21
2.2430455118110237
0
LINE
8
BLACK
6
CONTINUOUS
10
-0.6276036220472441
20
2.2430455118110237
11
-0.628668031496063
21
2.2426046062992127
0
LINE
8
BLACK
6
CONTINUOUS
10
-0.628668031496063
20
2.2426046062992127
11
-0.6298201181102362
21
2.2426046062992127
0
LINE
8
BLACK
6
CONTINUOUS
10
-0.6298201181102362
20
2.2426046062992127
11
-0.6308845275590551
21
2.243045472440945
0
LINE
8
BLACK
6
CONTINUOUS
10
-0.6308845275590551
20
2.243045472440945
11
-0.6313320078740158
21
2.2434127165354329
0
LINE
8
BLACK
6
CONTINUOUS
10
-0.6313320078740158
20
2.2434127165354329
11
-0.6332067716535433
21
2.2452874409448818
0
LINE
8
BLACK
6
CONTINUOUS
10
-0.6332067716535433
20
2.2452874409448818
11
-0.6335740157480315
21
2.2457349212598423
0
LINE
8
BLACK
6
CONTINUOUS
10
-0.6335740157480315
20
2.2457349212598423
11
-0.6335740551181103
21
2.2457349606299211
0
LINE
8
BLACK
6
CONTINUOUS
10
-0.6335740551181103
20
2.2457349606299211
11
-0.6340149212598425
21
2.2467993700787403
0
LINE
8
BLACK
6
CONTINUOUS
10
-0.6340149212598425
20
2.2467993700787403
11
-0.6340149212598425
21
2.2479514566929133
0
LINE
8
BLACK
6
CONTINUOUS
10
-0.6340149212598425
20
2.2479514566929133
11
-0.6337155905511811
21
2.2486740944881891
0
LINE
8
BLACK
6
CONTINUOUS
10
-0.6337155905511811
20
2.2486740944881891
11
-0.6335740551181103
21
2.2490158267716533
0
LINE
8
BLACK
6
CONTINUOUS
10
-0.6335740551181103
20
2.2490158267716533
11
-0.6335740157480315
21
2.2490158661417321
0
LINE
8
BLACK
6
CONTINUOUS
10
-0.6335740157480315
20
2.2490158661417321
11
-0.6332067716535433
21
2.2494633464566927
0
LINE
8
BLACK
6
CONTINUOUS
10
-0.6332067716535433
20
2.2494633464566927
11
-0.6313320078740158
21
2.2513380708661415
0
LINE
8
BLACK
6
CONTINUOUS
10
-0.6313320078740158
20
2.2513380708661415
11
-0.6308845275590551
21
2.2517053149606299
0
LINE
8
BLACK
6
CONTINUOUS
10
-0.6308845275590551
20
2.2517053149606299
11
-0.6298201181102362
21
2.2521461811023622
0
LINE
8
BLACK
6
CONTINUOUS
10
-0.6298201181102362
20
2.2521461811023622
11
-0.628668031496063
21
2.2521461811023622
0
LINE
8
BLACK
6
CONTINUOUS
10
-0.628668031496063
20
2.2521461811023622
11
-0.6276037007874016
21
2.2517053149606299
0
LINE
8
BLACK
6
CONTINUOUS
10
-0.6567895275590551
20
2.2896414566929133
11
-0.6566915354330709
21
2.2896008661417322
0
LINE
8
BLACK
6
CONTINUOUS
10
-0.6566915354330709
20
2.2896008661417322
11
-0.6565857086614173
21
2.2895933464566927
0
LINE
8
BLACK
6
CONTINUOUS
10
-0.6565857086614173
20
2.2895933464566927
11
-0.6560450787401575
21
2.2893864566929132
0
LINE
8
BLACK
6
CONTINUOUS
10
-0.6560450787401575
20
2.2893864566929132
11
-0.6522955511811024
21
2.2875116929133856
0
LINE
8
BLACK
6
CONTINUOUS
10
-0.6522955511811024
20
2.2875116929133856
11
-0.6520475590551181
21
2.2873556299212598
0
LINE
8
BLACK
6
CONTINUOUS
10
-0.6520475590551181
20
2.2873556299212598
11
-0.651975590551181
21
2.2873257874015747
0
LINE
8
BLACK
6
CONTINUOUS
10
-0.651975590551181
20
2.2873257874015747
11
-0.6518946456692913
21
2.2872593307086615
0
LINE
8
BLACK
6
CONTINUOUS
10
-0.6518946456692913
20
2.2872593307086615
11
-0.6518056692913385
21
2.287203346456693
0
LINE
8
BLACK
6
CONTINUOUS
10
-0.6518056692913385
20
2.287203346456693
11
-0.6517545275590551
21
2.2871443700787402
0
LINE
8
BLACK
6
CONTINUOUS
10
-0.6517545275590551
20
2.2871443700787402
11
-0.6515281496062992
21
2.2869585826771655
0
LINE
8
BLACK
6
CONTINUOUS
10
-0.6515281496062992
20
2.2869585826771655
11
-0.6498665354330708
21
2.2852969685039368
0
LINE
8
BLACK
6
CONTINUOUS
10
-0.6498665354330708
20
2.2852969685039368
11
-0.6482049212598425
21
2.2869585826771655
0
LINE
8
BLACK
6
CONTINUOUS
10
-0.6482049212598425
20
2.2869585826771655
11
-0.6479785826771653
21
2.2871443700787402
0
LINE
8
BLACK
6
CONTINUOUS
10
-0.6479785826771653
20
2.2871443700787402
11
-0.6479274015748031
21
2.287203346456693
0
LINE
8
BLACK
6
CONTINUOUS
10
-0.6479274015748031
20
2.287203346456693
11
-0.6478384645669292
21
2.2872593307086615
0
LINE
8
BLACK
6
CONTINUOUS
10
-0.6478384645669292
20
2.2872593307086615
11
-0.6477574803149606
21
2.2873257874015747
0
LINE
8
BLACK
6
CONTINUOUS
10
-0.6477574803149606
20
2.2873257874015747
11
-0.6476855511811024
21
2.2873556299212598
0
LINE
8
BLACK
6
CONTINUOUS
10
-0.6476855511811024
20
2.2873556299212598
11
-0.6474375196850394
21
2.2875116929133856
0
LINE
8
BLACK
6
CONTINUOUS
10
-0.6474375196850394
20
2.2875116929133856
11
-0.6436879921259843
21
2.2893864566929132
0
LINE
8
BLACK
6
CONTINUOUS
10
-0.6436879921259843
20
2.2893864566929132
11
-0.6431474015748031
21
2.2895933464566927
0
LINE
8
BLACK
6
CONTINUOUS
10
-0.6431474015748031
20
2.2895933464566927
11
-0.6430415354330709
21
2.2896009055118109
0
LINE
8
BLACK
6
CONTINUOUS
10
-0.6430415354330709
20
2.2896009055118109
11
-0.6429435433070866
21
2.2896414566929133
0
LINE
8
BLACK
6
CONTINUOUS
10
-0.6429435433070866
20
2.2896414566929133
11
-0.6423674803149606
21
2.2896981889763781
0
LINE
8
BLACK
6
CONTINUOUS
10
-0.6423674803149606
20
2.2896981889763781
11
-0.6348684251968504
21
2.2896981889763781
0
LINE
8
BLACK
6
CONTINUOUS
10
-0.6348684251968504
20
2.2896981889763781
11
-0.6342923622047244
21
2.2896414566929133
0
LINE
8
BLACK
6
CONTINUOUS
10
-0.6342923622047244
20
2.2896414566929133
11
-0.6341943700787401
21
2.2896008661417322
0
LINE
8
BLACK
6
CONTINUOUS
10
-0.6341943700787401
20
2.2896008661417322
11
-0.6340885433070866
21
2.2895933464566927
0
LINE
8
BLACK
6
CONTINUOUS
10
-0.6340885433070866
20
2.2895933464566927
11
-0.6335479133858267
21
2.2893864566929132
0
LINE
8
BLACK
6
CONTINUOUS
10
-0.6335479133858267
20
2.2893864566929132
11
-0.6297983858267716
21
2.2875116929133856
0
LINE
8
BLACK
6
CONTINUOUS
10
-0.6297983858267716
20
2.2875116929133856
11
-0.6295505118110236
21
2.2873556692913386
0
LINE
8
BLACK
6
CONTINUOUS
10
-0.6295505118110236
20
2.2873556692913386
11
-0.6294784645669291
21
2.2873258267716534
0
LINE
8
BLACK
6
CONTINUOUS
10
-0.6294784645669291
20
2.2873258267716534
11
-0.6293974409448819
21
2.2872593307086615
0
LINE
8
BLACK
6
CONTINUOUS
10
-0.6293974409448819
20
2.2872593307086615
11
-0.6293085039370079
21
2.287203346456693
0
LINE
8
BLACK
6
CONTINUOUS
10
-0.6293085039370079
20
2.287203346456693
11
-0.6292573622047244
21
2.2871443700787402
0
LINE
8
BLACK
6
CONTINUOUS
10
-0.6292573622047244
20
2.2871443700787402
11
-0.6290310236220472
21
2.2869586220472442
0
LINE
8
BLACK
6
CONTINUOUS
10
-0.6290310236220472
20
2.2869586220472442
11
-0.6271562204724409
21
2.2850838582677166
0
LINE
8
BLACK
6
CONTINUOUS
10
-0.6271562204724409
20
2.2850838582677166
11
-0.6269704724409448
21
2.2848575196850391
0
LINE
8
BLACK
6
CONTINUOUS
10
-0.6269704724409448
20
2.2848575196850391
11
-0.6269114173228346
21
2.2848062992125984
0
LINE
8
BLACK
6
CONTINUOUS
10
-0.6269114173228346
20
2.2848062992125984
11
-0.6268554330708661
21
2.2847173622047245
0
LINE
8
BLACK
6
CONTINUOUS
10
-0.6268554330708661
20
2.2847173622047245
11
-0.6267889763779527
21
2.2846363779527556
0
LINE
8
BLACK
6
CONTINUOUS
10
-0.6267889763779527
20
2.2846363779527556
11
-0.6267591732283464
21
2.2845644488188976
0
LINE
8
BLACK
6
CONTINUOUS
10
-0.6267591732283464
20
2.2845644488188976
11
-0.6266030708661418
21
2.2843164173228345
0
LINE
8
BLACK
6
CONTINUOUS
10
-0.6266030708661418
20
2.2843164173228345
11
-0.6247283070866142
21
2.2805668897637794
0
LINE
8
BLACK
6
CONTINUOUS
10
-0.6247283070866142
20
2.2805668897637794
11
-0.6245214173228346
21
2.2800262992125986
0
LINE
8
BLACK
6
CONTINUOUS
10
-0.6245214173228346
20
2.2800262992125986
11
-0.6245138976377953
21
2.279920433070866
0
LINE
8
BLACK
6
CONTINUOUS
10
-0.6245138976377953
20
2.279920433070866
11
-0.6244733070866142
21
2.2798224409448817
0
LINE
8
BLACK
6
CONTINUOUS
10
-0.6244733070866142
20
2.2798224409448817
11
-0.6244165748031496
21
2.2792463779527559
0
LINE
8
BLACK
6
CONTINUOUS
10
-0.6244165748031496
20
2.2792463779527559
11
-0.6244165748031496
21
2.2717473228346456
0
LINE
8
BLACK
6
CONTINUOUS
10
-0.6244165748031496
20
2.2717473228346456
11
-0.6244733070866142
21
2.2711712598425198
0
LINE
8
BLACK
6
CONTINUOUS
10
-0.6244733070866142
20
2.2711712598425198
11
-0.6245138976377953
21
2.2710733070866143
0
LINE
8
BLACK
6
CONTINUOUS
10
-0.6245138976377953
20
2.2710733070866143
11
-0.6245214173228346
21
2.2709674015748029
0
LINE
8
BLACK
6
CONTINUOUS
10
-0.6245214173228346
20
2.2709674015748029
11
-0.6247283070866142
21
2.2704268110236221
0
LINE
8
BLACK
6
CONTINUOUS
10
-0.6247283070866142
20
2.2704268110236221
11
-0.6266030708661418
21
2.266677283464567
0
LINE
8
BLACK
6
CONTINUOUS
10
-0.6266030708661418
20
2.266677283464567
11
-0.6267591732283464
21
2.2664292913385826
0
LINE
8
BLACK
6
CONTINUOUS
10
-0.6267591732283464
20
2.2664292913385826
11
-0.6267889763779527
21
2.2663573228346454
0
LINE
8
BLACK
6
CONTINUOUS
10
-0.6267889763779527
20
2.2663573228346454
11
-0.6268554330708661
21
2.2662763779527557
0
LINE
8
BLACK
6
CONTINUOUS
10
-0.6268554330708661
20
2.2662763779527557
11
-0.6269114173228346
21
2.2661874015748031
0
LINE
8
BLACK
6
CONTINUOUS
10
-0.6269114173228346
20
2.2661874015748031
11
-0.6269704724409448
21
2.2661362204724407
0
LINE
8
BLACK
6
CONTINUOUS
10
-0.6269704724409448
20
2.2661362204724407
11
-0.6271562204724409
21
2.2659098425196849
0
LINE
8
BLACK
6
CONTINUOUS
10
-0.6271562204724409
20
2.2659098425196849
11
-0.6290310236220472
21
2.2640350787401573
0
LINE
8
BLACK
6
CONTINUOUS
10
-0.6290310236220472
20
2.2640350787401573
11
-0.6292573622047244
21
2.2638493700787401
0
LINE
8
BLACK
6
CONTINUOUS
10
-0.6292573622047244
20
2.2638493700787401
11
-0.6293085039370079
21
2.2637903543307085
0
LINE
8
BLACK
6
CONTINUOUS
10
-0.6293085039370079
20
2.2637903543307085
11
-0.6293974409448819
21
2.2637344094488188
0
LINE
8
BLACK
6
CONTINUOUS
10
-0.6293974409448819
20
2.2637344094488188
11
-0.6294784645669291
21
2.2636678740157481
0
LINE
8
BLACK
6
CONTINUOUS
10
-0.6294784645669291
20
2.2636678740157481
11
-0.6295505118110236
21
2.2636380708661417
0
LINE
8
BLACK
6
CONTINUOUS
10
-0.6295505118110236
20
2.2636380708661417
11
-0.6297983858267716
21
2.2634820078740159
0
LINE
8
BLACK
6
CONTINUOUS
10
-0.6297983858267716
20
2.2634820078740159
11
-0.6335479133858267
21
2.2616072440944883
0
LINE
8
BLACK
6
CONTINUOUS
10
-0.6335479133858267
20
2.2616072440944883
11
-0.6340885433070866
21
2.2614003543307084
0
LINE
8
BLACK
6
CONTINUOUS
10
-0.6340885433070866
20
2.2614003543307084
11
-0.6341943700787401
21
2.2613928740157481
0
LINE
8
BLACK
6
CONTINUOUS
10
-0.6341943700787401
20
2.2613928740157481
11
-0.6342923622047244
21
2.2613522440944882
0
LINE
8
BLACK
6
CONTINUOUS
10
-0.6342923622047244
20
2.2613522440944882
11
-0.6348684251968504
21
2.2612955118110234
0
LINE
8
BLACK
6
CONTINUOUS
10
-0.6348684251968504
20
2.2612955118110234
11
-0.6423674803149606
21
2.2612955118110234
0
LINE
8
BLACK
6
CONTINUOUS
10
-0.6423674803149606
20
2.2612955118110234
11
-0.6429435433070866
21
2.2613522440944882
0
LINE
8
BLACK
6
CONTINUOUS
10
-0.6429435433070866
20
2.2613522440944882
11
-0.6430415354330709
21
2.2613928346456693
0
LINE
8
BLACK
6
CONTINUOUS
10
-0.6430415354330709
20
2.2613928346456693
11
-0.6431474015748031
21
2.2614003543307084
0
LINE
8
BLACK
6
CONTINUOUS
10
-0.6431474015748031
20
2.2614003543307084
11
-0.6436879921259843
21
2.2616072440944883
0
LINE
8
BLACK
6
CONTINUOUS
10
-0.6436879921259843
20
2.2616072440944883
11
-0.6474375196850394
21
2.2634820078740159
0
LINE
8
BLACK
6
CONTINUOUS
10
-0.6474375196850394
20
2.2634820078740159
11
-0.6476855511811024
21
2.2636381102362204
0
LINE
8
BLACK
6
CONTINUOUS
10
-0.6476855511811024
20
2.2636381102362204
11
-0.6477574803149606
21
2.2636679133858268
0
LINE
8
BLACK
6
CONTINUOUS
10
-0.6477574803149606
20
2.2636679133858268
11
-0.6478384645669292
21
2.2637344094488188
0
LINE
8
BLACK
6
CONTINUOUS
10
-0.6478384645669292
20
2.2637344094488188
11
-0.6479274015748031
21
2.2637903543307085
0
LINE
8
BLACK
6
CONTINUOUS
10
-0.6479274015748031
20
2.2637903543307085
11
-0.6479785826771653
21
2.2638493700787401
0
LINE
8
BLACK
6
CONTINUOUS
10
-0.6479785826771653
20
2.2638493700787401
11
-0.6482049212598425
21
2.2640351181102361
0
LINE
8
BLACK
6
CONTINUOUS
10
-0.6482049212598425
20
2.2640351181102361
11
-0.6498665354330708
21
2.2656967322834647
0
LINE
8
BLACK
6
CONTINUOUS
10
-0.6498665354330708
20
2.2656967322834647
11
-0.6515281496062992
21
2.2640351181102361
0
LINE
8
BLACK
6
CONTINUOUS
10
-0.6515281496062992
20
2.2640351181102361
11
-0.6517545275590551
21
2.2638493700787401
0
LINE
8
BLACK
6
CONTINUOUS
10
-0.6517545275590551
20
2.2638493700787401
11
-0.6518056692913385
21
2.2637903543307085
0
LINE
8
BLACK
6
CONTINUOUS
10
-0.6518056692913385
20
2.2637903543307085
11
-0.6518946456692913
21
2.2637344094488188
0
LINE
8
BLACK
6
CONTINUOUS
10
-0.6518946456692913
20
2.2637344094488188
11
-0.651975590551181
21
2.2636679133858268
0
LINE
8
BLACK
6
CONTINUOUS
10
-0.651975590551181
20
2.2636679133858268
11
-0.6520475590551181
21
2.2636381102362204
0
LINE
8
BLACK
6
CONTINUOUS
10
-0.6520475590551181
20
2.2636381102362204
11
-0.6522955511811024
21
2.2634820078740159
0
LINE
8
BLACK
6
CONTINUOUS
10
-0.6522955511811024
20
2.2634820078740159
11
-0.6560450787401575
21
2.2616072440944883
0
LINE
8
BLACK
6
CONTINUOUS
10
-0.6560450787401575
20
2.2616072440944883
11
-0.6565857086614173
21
2.2614003543307084
0
LINE
8
BLACK
6
CONTINUOUS
10
-0.6565857086614173
20
2.2614003543307084
11
-0.6566915354330709
21
2.2613928740157481
0
LINE
8
BLACK
6
CONTINUOUS
10
-0.6566915354330709
20
2.2613928740157481
11
-0.6567895275590551
21
2.2613522440944882
0
LINE
8
BLACK
6
CONTINUOUS
10
-0.6567895275590551
20
2.2613522440944882
11
-0.657365590551181
21
2.2612955118110234
0
LINE
8
BLACK
6
CONTINUOUS
10
-0.657365590551181
20
2.2612955118110234
11
-0.6592403543307086
21
2.2612955118110234
0
LINE
8
BLACK
6
CONTINUOUS
10
-0.6592403543307086
20
2.2612955118110234
11
-0.6598164173228346
21
2.2613522440944882
0
LINE
8
BLACK
6
CONTINUOUS
10
-0.6598164173228346
20
2.2613522440944882
11
-0.6599144094488189
21
2.2613928346456693
0
LINE
8
BLACK
6
CONTINUOUS
10
-0.6599144094488189
20
2.2613928346456693
11
-0.6600202755905512
21
2.2614003543307084
0
LINE
8
BLACK
6
CONTINUOUS
10
-0.6600202755905512
20
2.2614003543307084
11
-0.6605608661417323
21
2.2616072440944883
0
LINE
8
BLACK
6
CONTINUOUS
10
-0.6605608661417323
20
2.2616072440944883
11
-0.6643103937007874
21
2.2634820078740159
0
LINE
8
BLACK
6
CONTINUOUS
10
-0.6643103937007874
20
2.2634820078740159
11
-0.6645584251968504
21
2.2636381102362204
0
LINE
8
BLACK
6
CONTINUOUS
10
-0.6645584251968504
20
2.2636381102362204
11
-0.6646303543307086
21
2.2636679133858268
0
LINE
8
BLACK
6
CONTINUOUS
10
-0.6646303543307086
20
2.2636679133858268
11
-0.6647113385826772
21
2.2637344094488188
0
LINE
8
BLACK
6
CONTINUOUS
10
-0.6647113385826772
20
2.2637344094488188
11
-0.6648002755905512
21
2.2637903543307085
0
LINE
8
BLACK
6
CONTINUOUS
10
-0.6648002755905512
20
2.2637903543307085
11
-0.6648514566929133
21
2.2638493700787401
0
LINE
8
BLACK
6
CONTINUOUS
10
-0.6648514566929133
20
2.2638493700787401
11
-0.6650777952755905
21
2.2640351181102361
0
LINE
8
BLACK
6
CONTINUOUS
10
-0.6650777952755905
20
2.2640351181102361
11
-0.6669525590551181
21
2.2659098818897636
0
LINE
8
BLACK
6
CONTINUOUS
10
-0.6669525590551181
20
2.2659098818897636
11
-0.6671383464566929
21
2.2661362598425194
0
LINE
8
BLACK
6
CONTINUOUS
10
-0.6671383464566929
20
2.2661362598425194
11
-0.6671973228346456
21
2.2661874015748031
0
LINE
8
BLACK
6
CONTINUOUS
10
-0.6671973228346456
20
2.2661874015748031
11
-0.6672533070866141
21
2.2662763779527557
0
LINE
8
BLACK
6
CONTINUOUS
10
-0.6672533070866141
20
2.2662763779527557
11
-0.6673197637795275
21
2.2663573228346454
0
LINE
8
BLACK
6
CONTINUOUS
10
-0.6673197637795275
20
2.2663573228346454
11
-0.6673496062992126
21
2.2664292913385826
0
LINE
8
BLACK
6
CONTINUOUS
10
-0.6673496062992126
20
2.2664292913385826
11
-0.6675056692913386
21
2.266677283464567
0
LINE
8
BLACK
6
CONTINUOUS
10
-0.6675056692913386
20
2.266677283464567
11
-0.6693804330708661
21
2.2704268110236221
0
LINE
8
BLACK
6
CONTINUOUS
10
-0.6693804330708661
20
2.2704268110236221
11
-0.6695873228346456
21
2.2709674409448817
0
LINE
8
BLACK
6
CONTINUOUS
10
-0.6695873228346456
20
2.2709674409448817
11
-0.669594842519685
21
2.2710732677165355
0
LINE
8
BLACK
6
CONTINUOUS
10
-0.669594842519685
20
2.2710732677165355
11
-0.6696354330708661
21
2.2711712598425198
0
LINE
8
BLACK
6
CONTINUOUS
10
-0.6696354330708661
20
2.2711712598425198
11
-0.6696921653543307
21
2.2717473228346456
0
LINE
8
BLACK
6
CONTINUOUS
10
-0.6696921653543307
20
2.2717473228346456
11
-0.6696921653543307
21
2.2792463779527559
0
LINE
8
BLACK
6
CONTINUOUS
10
-0.6696921653543307
20
2.2792463779527559
11
-0.6696354330708661
21
2.2798224409448817
0
LINE
8
BLACK
6
CONTINUOUS
10
-0.6696354330708661
20
2.2798224409448817
11
-0.669594842519685
21
2.2799204724409448
0
LINE
8
BLACK
6
CONTINUOUS
10
-0.669594842519685
20
2.2799204724409448
11
-0.6695873228346456
21
2.2800262598425198
0
LINE
8
BLACK
6
CONTINUOUS
10
-0.6695873228346456
20
2.2800262598425198
11
-0.6693804330708661
21
2.2805668897637794
0
LINE
8
BLACK
6
CONTINUOUS
10
-0.6693804330708661
20
2.2805668897637794
11
-0.6675056692913386
21
2.2843164173228345
0
LINE
8
BLACK
6
CONTINUOUS
10
-0.6675056692913386
20
2.2843164173228345
11
-0.6673496062992126
21
2.2845644488188976
0
LINE
8
BLACK
6
CONTINUOUS
10
-0.6673496062992126
20
2.2845644488188976
11
-0.6673197637795275
21
2.2846363779527556
0
LINE
8
BLACK
6
CONTINUOUS
10
-0.6673197637795275
20
2.2846363779527556
11
-0.6672533070866141
21
2.2847173622047245
0
LINE
8
BLACK
6
CONTINUOUS
10
-0.6672533070866141
20
2.2847173622047245
11
-0.6671973228346456
21
2.2848062992125984
0
LINE
8
BLACK
6
CONTINUOUS
10
-0.6671973228346456
20
2.2848062992125984
11
-0.6671383464566929
21
2.2848574803149604
0
LINE
8
BLACK
6
CONTINUOUS
10
-0.6671383464566929
20
2.2848574803149604
11
-0.6669525590551181
21
2.2850838188976379
0
LINE
8
BLACK
6
CONTINUOUS
10
-0.6669525590551181
20
2.2850838188976379
11
-0.6650777952755905
21
2.2869585826771655
0
LINE
8
BLACK
6
CONTINUOUS
10
-0.6650777952755905
20
2.2869585826771655
11
-0.6648514566929133
21
2.2871443700787402
0
LINE
8
BLACK
6
CONTINUOUS
10
-0.6648514566929133
20
2.2871443700787402
11
-0.6648002755905512
21
2.287203346456693
0
LINE
8
BLACK
6
CONTINUOUS
10
-0.6648002755905512
20
2.287203346456693
11
-0.6647113385826772
21
2.2872593307086615
0
LINE
8
BLACK
6
CONTINUOUS
10
-0.6647113385826772
20
2.2872593307086615
11
-0.6646303543307086
21
2.2873257874015747
0
LINE
8
BLACK
6
CONTINUOUS
10
-0.6646303543307086
20
2.2873257874015747
11
-0.6645584251968504
21
2.2873556299212598
0
LINE
8
BLACK
6
CONTINUOUS
10
-0.6645584251968504
20
2.2873556299212598
11
-0.6643103937007874
21
2.2875116929133856
0
LINE
8
BLACK
6
CONTINUOUS
10
-0.6643103937007874
20
2.2875116929133856
11
-0.6605608661417323
21
2.2893864566929132
0
LINE
8
BLACK
6
CONTINUOUS
10
-0.6605608661417323
20
2.2893864566929132
11
-0.6600202755905512
21
2.2895933464566927
0
LINE
8
BLACK
6
CONTINUOUS
10
-0.6600202755905512
20
2.2895933464566927
11
-0.6599144094488189
21
2.2896009055118109
0
LINE
8
BLACK
6
CONTINUOUS
10
-0.6599144094488189
20
2.2896009055118109
11
-0.6598164173228346
21
2.2896414566929133
0
LINE
8
BLACK
6
CONTINUOUS
10
-0.6598164173228346
20
2.2896414566929133
11
-0.6592403543307086
21
2.2896981889763781
0
LINE
8
BLACK
6
CONTINUOUS
10
-0.6592403543307086
20
2.2896981889763781
11
-0.657365590551181
21
2.2896981889763781
0
LINE
8
BLACK
6
CONTINUOUS
10
-0.657365590551181
20
2.2896981889763781
11
-0.6567895275590551
21
2.2896414566929133
0
LINE
8
BLACK
6
CONTINUOUS
10
-0.6612407874015748
20
2.2824439370078742
11
-0.6624379133858268
21
2.2812468110236219
0
LINE
8
BLACK
6
CONTINUOUS
10
-0.6624379133858268
20
2.2812468110236219
11
-0.6637866535433071
21
2.2785493307086613
0
LINE
8
BLACK
6
CONTINUOUS
10
-0.6637866535433071
20
2.2785493307086613
11
-0.6637866535433071
21
2.2724443700787402
0
LINE
8
BLACK
6
CONTINUOUS
10
-0.6637866535433071
20
2.2724443700787402
11
-0.6624379133858268
21
2.2697468897637796
0
LINE
8
BLACK
6
CONTINUOUS
10
-0.6624379133858268
20
2.2697468897637796
11
-0.6612407874015748
21
2.2685497637795273
0
LINE
8
BLACK
6
CONTINUOUS
10
-0.6612407874015748
20
2.2685497637795273
11
-0.6585433070866141
21
2.267201023622047
0
LINE
8
BLACK
6
CONTINUOUS
10
-0.6585433070866141
20
2.267201023622047
11
-0.6580626377952756
21
2.267201023622047
0
LINE
8
BLACK
6
CONTINUOUS
10
-0.6580626377952756
20
2.267201023622047
11
-0.655365157480315
21
2.2685497637795273
0
LINE
8
BLACK
6
CONTINUOUS
10
-0.655365157480315
20
2.2685497637795273
11
-0.654168031496063
21
2.2697468897637796
0
LINE
8
BLACK
6
CONTINUOUS
10
-0.654168031496063
20
2.2697468897637796
11
-0.6528192913385826
21
2.2724443700787402
0
LINE
8
BLACK
6
CONTINUOUS
10
-0.6528192913385826
20
2.2724443700787402
11
-0.6528192913385826
21
2.2785493307086613
0
LINE
8
BLACK
6
CONTINUOUS
10
-0.6528192913385826
20
2.2785493307086613
11
-0.654168031496063
21
2.2812468110236219
0
LINE
8
BLACK
6
CONTINUOUS
10
-0.654168031496063
20
2.2812468110236219
11
-0.655365157480315
21
2.2824439370078742
0
LINE
8
BLACK
6
CONTINUOUS
10
-0.655365157480315
20
2.2824439370078742
11
-0.6580626377952756
21
2.2837926771653541
0
LINE
8
BLACK
6
CONTINUOUS
10
-0.6580626377952756
20
2.2837926771653541
11
-0.6585433070866141
21
2.2837926771653541
0
LINE
8
BLACK
6
CONTINUOUS
10
-0.6585433070866141
20
2.2837926771653541
11
-0.6612407874015748
21
2.2824439370078742
0
LINE
8
BLACK
6
CONTINUOUS
10
-0.6443679133858268
20
2.2824439370078742
11
-0.6455650393700787
21
2.2812468110236219
0
LINE
8
BLACK
6
CONTINUOUS
10
-0.6455650393700787
20
2.2812468110236219
11
-0.646913779527559
21
2.2785493307086613
0
LINE
8
BLACK
6
CONTINUOUS
10
-0.646913779527559
20
2.2785493307086613
11
-0.646913779527559
21
2.2724443700787402
0
LINE
8
BLACK
6
CONTINUOUS
10
-0.646913779527559
20
2.2724443700787402
11
-0.6455650393700787
21
2.2697468897637796
0
LINE
8
BLACK
6
CONTINUOUS
10
-0.6455650393700787
20
2.2697468897637796
11
-0.6443679133858268
21
2.2685497637795273
0
LINE
8
BLACK
6
CONTINUOUS
10
-0.6443679133858268
20
2.2685497637795273
11
-0.6416704330708661
21
2.267201023622047
0
LINE
8
BLACK
6
CONTINUOUS
10
-0.6416704330708661
20
2.267201023622047
11
-0.6355654724409449
21
2.267201023622047
0
LINE
8
BLACK
6
CONTINUOUS
10
-0.6355654724409449
20
2.267201023622047
11
-0.6328679921259842
21
2.2685498031496061
0
LINE
8
BLACK
6
CONTINUOUS
10
-0.6328679921259842
20
2.2685498031496061
11
-0.6316708267716535
21
2.2697469291338583
0
LINE
8
BLACK
6
CONTINUOUS
10
-0.6316708267716535
20
2.2697469291338583
11
-0.6303220866141732
21
2.2724443700787402
0
LINE
8
BLACK
6
CONTINUOUS
10
-0.6303220866141732
20
2.2724443700787402
11
-0.6303220866141732
21
2.2785493307086613
0
LINE
8
BLACK
6
CONTINUOUS
10
-0.6303220866141732
20
2.2785493307086613
11
-0.6316708267716535
21
2.2812468110236219
0
LINE
8
BLACK
6
CONTINUOUS
10
-0.6316708267716535
20
2.2812468110236219
11
-0.6328679921259842
21
2.2824439370078742
0
LINE
8
BLACK
6
CONTINUOUS
10
-0.6328679921259842
20
2.2824439370078742
11
-0.6355654724409449
21
2.2837926771653541
0
LINE
8
BLACK
6
CONTINUOUS
10
-0.6355654724409449
20
2.2837926771653541
11
-0.6416704330708661
21
2.2837926771653541
0
LINE
8
BLACK
6
CONTINUOUS
10
-0.6416704330708661
20
2.2837926771653541
11
-0.6443679133858268
21
2.2824439370078742
0
LINE
8
BLACK
6
CONTINUOUS
10
-0.6551992913385827
20
2.3271648031496062
11
-0.6551215354330708
21
2.3271703149606298
0
LINE
8
BLACK
6
CONTINUOUS
10
-0.6551215354330708
20
2.3271703149606298
11
-0.6550192913385826
21
2.3271470866141732
0
LINE
8
BLACK
6
CONTINUOUS
10
-0.6550192913385826
20
2.3271470866141732
11
-0.6549147637795275
21
2.3271367716535432
0
LINE
8
BLACK
6
CONTINUOUS
10
-0.6549147637795275
20
2.3271367716535432
11
-0.6548426771653543
21
2.3271069291338584
0
LINE
8
BLACK
6
CONTINUOUS
10
-0.6548426771653543
20
2.3271069291338584
11
-0.6545570866141732
21
2.327041968503937
0
LINE
8
BLACK
6
CONTINUOUS
10
-0.6545570866141732
20
2.327041968503937
11
-0.6489327952755906
21
2.3251672047244094
0
LINE
8
BLACK
6
CONTINUOUS
10
-0.6489327952755906
20
2.3251672047244094
11
-0.6484042519685039
21
2.3249312204724411
0
LINE
8
BLACK
6
CONTINUOUS
10
-0.6484042519685039
20
2.3249312204724411
11
-0.6483241338582677
21
2.3248617322834644
0
LINE
8
BLACK
6
CONTINUOUS
10
-0.6483241338582677
20
2.3248617322834644
11
-0.6482260629921259
21
2.3248211023622045
0
LINE
8
BLACK
6
CONTINUOUS
10
-0.6482260629921259
20
2.3248211023622045
11
-0.6477786220472441
21
2.3244538976377953
0
LINE
8
BLACK
6
CONTINUOUS
10
-0.6477786220472441
20
2.3244538976377953
11
-0.6303220866141732
21
2.3069974015748032
0
LINE
8
BLACK
6
CONTINUOUS
10
-0.6303220866141732
20
2.3069974015748032
11
-0.6303220866141732
21
2.3242407480314959
0
LINE
8
BLACK
6
CONTINUOUS
10
-0.6303220866141732
20
2.3242407480314959
11
-0.6302653543307086
21
2.3248168110236218
0
LINE
8
BLACK
6
CONTINUOUS
10
-0.6302653543307086
20
2.3248168110236218
11
-0.6298244488188977
21
2.3258812204724411
0
LINE
8
BLACK
6
CONTINUOUS
10
-0.6298244488188977
20
2.3258812204724411
11
-0.6290098031496063
21
2.3266958661417321
0
LINE
8
BLACK
6
CONTINUOUS
10
-0.6290098031496063
20
2.3266958661417321
11
-0.6279453937007874
21
2.3271367716535432
0
LINE
8
BLACK
6
CONTINUOUS
10
-0.6279453937007874
20
2.3271367716535432
11
-0.6267932677165354
21
2.3271367716535432
0
LINE
8
BLACK
6
CONTINUOUS
10
-0.6267932677165354
20
2.3271367716535432
11
-0.6257288582677165
21
2.3266958661417321
0
LINE
8
BLACK
6
CONTINUOUS
10
-0.6257288582677165
20
2.3266958661417321
11
-0.6249142125984252
21
2.3258812204724411
0
LINE
8
BLACK
6
CONTINUOUS
10
-0.6249142125984252
20
2.3258812204724411
11
-0.6244733070866142
21
2.3248168110236218
0
LINE
8
BLACK
6
CONTINUOUS
10
-0.6244733070866142
20
2.3248168110236218
11
-0.6244165748031496
21
2.3242407480314959
0
LINE
8
BLACK
6
CONTINUOUS
10
-0.6244165748031496
20
2.3242407480314959
11
-0.6244165748031496
21
2.2998688188976377
0
LINE
8
BLACK
6
CONTINUOUS
10
-0.6244165748031496
20
2.2998688188976377
11
-0.6244733070866142
21
2.2992927559055119
0
LINE
8
BLACK
6
CONTINUOUS
10
-0.6244733070866142
20
2.2992927559055119
11
-0.6246024409448818
21
2.2989810236220474
0
LINE
8
BLACK
6
CONTINUOUS
10
-0.6246024409448818
20
2.2989810236220474
11
-0.6249141732283464
21
2.298228346456693
0
LINE
8
BLACK
6
CONTINUOUS
10
-0.6249141732283464
20
2.298228346456693
11
-0.6257288582677165
21
2.2974137007874016
0
LINE
8
BLACK
6
CONTINUOUS
10
-0.6257288582677165
20
2.2974137007874016
11
-0.6267932677165354
21
2.2969727952755905
0
LINE
8
BLACK
6
CONTINUOUS
10
-0.6267932677165354
20
2.2969727952755905
11
-0.6279453543307086
21
2.2969727952755905
0
LINE
8
BLACK
6
CONTINUOUS
10
-0.6279453543307086
20
2.2969727952755905
11
-0.6279453937007874
21
2.2969727952755905
0
LINE
8
BLACK
6
CONTINUOUS
10
-0.6279453937007874
20
2.2969727952755905
11
-0.6282571653543307
21
2.2971019291338584
0
LINE
8
BLACK
6
CONTINUOUS
10
-0.6282571653543307
20
2.2971019291338584
11
-0.6290098031496063
21
2.2974136614173228
0
LINE
8
BLACK
6
CONTINUOUS
10
-0.6290098031496063
20
2.2974136614173228
11
-0.6294572440944882
21
2.2977809055118108
0
LINE
8
BLACK
6
CONTINUOUS
10
-0.6294572440944882
20
2.2977809055118108
11
-0.6514615748031496
21
2.3197851968503937
0
LINE
8
BLACK
6
CONTINUOUS
10
-0.6514615748031496
20
2.3197851968503937
11
-0.6559699606299213
21
2.3212879921259844
0
LINE
8
BLACK
6
CONTINUOUS
10
-0.6559699606299213
20
2.3212879921259844
11
-0.6585433070866141
21
2.3212879921259844
0
LINE
8
BLACK
6
CONTINUOUS
10
-0.6585433070866141
20
2.3212879921259844
11
-0.6612407874015748
21
2.319939251968504
0
LINE
8
BLACK
6
CONTINUOUS
10
-0.6612407874015748
20
2.319939251968504
11
-0.6624379133858268
21
2.3187421259842518
0
LINE
8
BLACK
6
CONTINUOUS
10
-0.6624379133858268
20
2.3187421259842518
11
-0.6637866535433071
21
2.3160446456692911
0
LINE
8
BLACK
6
CONTINUOUS
10
-0.6637866535433071
20
2.3160446456692911
11
-0.6637866535433071
21
2.3080649212598425
0
LINE
8
BLACK
6
CONTINUOUS
10
-0.6637866535433071
20
2.3080649212598425
11
-0.6624379133858268
21
2.3053674409448819
0
LINE
8
BLACK
6
CONTINUOUS
10
-0.6624379133858268
20
2.3053674409448819
11
-0.660901968503937
21
2.3038314960629922
0
LINE
8
BLACK
6
CONTINUOUS
10
-0.660901968503937
20
2.3038314960629922
11
-0.6605347637795276
21
2.3033840551181104
0
LINE
8
BLACK
6
CONTINUOUS
10
-0.6605347637795276
20
2.3033840551181104
11
-0.6600938582677165
21
2.3023196456692911
0
LINE
8
BLACK
6
CONTINUOUS
10
-0.6600938582677165
20
2.3023196456692911
11
-0.6600938582677165
21
2.3011675590551182
0
LINE
8
BLACK
6
CONTINUOUS
10
-0.6600938582677165
20
2.3011675590551182
11
-0.6605347637795276
21
2.3001031496062994
0
LINE
8
BLACK
6
CONTINUOUS
10
-0.6605347637795276
20
2.3001031496062994
11
-0.6613494488188976
21
2.2992884645669291
0
LINE
8
BLACK
6
CONTINUOUS
10
-0.6613494488188976
20
2.2992884645669291
11
-0.6624138582677165
21
2.2988475590551181
0
LINE
8
BLACK
6
CONTINUOUS
10
-0.6624138582677165
20
2.2988475590551181
11
-0.6635659448818898
21
2.2988475590551181
0
LINE
8
BLACK
6
CONTINUOUS
10
-0.6635659448818898
20
2.2988475590551181
11
-0.6646303543307086
21
2.2992884645669291
0
LINE
8
BLACK
6
CONTINUOUS
10
-0.6646303543307086
20
2.2992884645669291
11
-0.6650777952755905
21
2.2996556692913384
0
LINE
8
BLACK
6
CONTINUOUS
10
-0.6650777952755905
20
2.2996556692913384
11
-0.6669525590551181
21
2.3015304330708659
0
LINE
8
BLACK
6
CONTINUOUS
10
-0.6669525590551181
20
2.3015304330708659
11
-0.6671383464566929
21
2.3017568110236222
0
LINE
8
BLACK
6
CONTINUOUS
10
-0.6671383464566929
20
2.3017568110236222
11
-0.6671973228346456
21
2.3018079527559054
0
LINE
8
BLACK
6
CONTINUOUS
10
-0.6671973228346456
20
2.3018079527559054
11
-0.6672533070866141
21
2.301896929133858
0
LINE
8
BLACK
6
CONTINUOUS
10
-0.6672533070866141
20
2.301896929133858
11
-0.6673197637795275
21
2.3019778740157482
0
LINE
8
BLACK
6
CONTINUOUS
10
-0.6673197637795275
20
2.3019778740157482
11
-0.6673496062992126
21
2.3020498425196849
0
LINE
8
BLACK
6
CONTINUOUS
10
-0.6673496062992126
20
2.3020498425196849
11
-0.6675056692913386
21
2.3022978346456693
0
LINE
8
BLACK
6
CONTINUOUS
10
-0.6675056692913386
20
2.3022978346456693
11
-0.6693804330708661
21
2.3060473622047244
0
LINE
8
BLACK
6
CONTINUOUS
10
-0.6693804330708661
20
2.3060473622047244
11
-0.6695873228346456
21
2.3065879921259844
0
LINE
8
BLACK
6
CONTINUOUS
10
-0.6695873228346456
20
2.3065879921259844
11
-0.669594842519685
21
2.3066938188976378
0
LINE
8
BLACK
6
CONTINUOUS
10
-0.669594842519685
20
2.3066938188976378
11
-0.6696354330708661
21
2.3067918110236221
0
LINE
8
BLACK
6
CONTINUOUS
10
-0.6696354330708661
20
2.3067918110236221
11
-0.6696921653543307
21
2.3073678740157479
0
LINE
8
BLACK
6
CONTINUOUS
10
-0.6696921653543307
20
2.3073678740157479
11
-0.6696921653543307
21
2.3167416929133857
0
LINE
8
BLACK
6
CONTINUOUS
10
-0.6696921653543307
20
2.3167416929133857
11
-0.6696354330708661
21
2.3173177559055116
0
LINE
8
BLACK
6
CONTINUOUS
10
-0.6696354330708661
20
2.3173177559055116
11
-0.669594842519685
21
2.3174157874015746
0
LINE
8
BLACK
6
CONTINUOUS
10
-0.669594842519685
20
2.3174157874015746
11
-0.6695873228346456
21
2.3175215748031497
0
LINE
8
BLACK
6
CONTINUOUS
10
-0.6695873228346456
20
2.3175215748031497
11
-0.6693804330708661
21
2.3180622047244093
0
LINE
8
BLACK
6
CONTINUOUS
10
-0.6693804330708661
20
2.3180622047244093
11
-0.6675056692913386
21
2.3218117322834644
0
LINE
8
BLACK
6
CONTINUOUS
10
-0.6675056692913386
20
2.3218117322834644
11
-0.6673496062992126
21
2.3220597637795275
0
LINE
8
BLACK
6
CONTINUOUS
10
-0.6673496062992126
20
2.3220597637795275
11
-0.6673197637795275
21
2.3221316929133859
0
LINE
8
BLACK
6
CONTINUOUS
10
-0.6673197637795275
20
2.3221316929133859
11
-0.6672533070866141
21
2.3222126771653544
0
LINE
8
BLACK
6
CONTINUOUS
10
-0.6672533070866141
20
2.3222126771653544
11
-0.6671973228346456
21
2.3223016141732282
0
LINE
8
BLACK
6
CONTINUOUS
10
-0.6671973228346456
20
2.3223016141732282
11
-0.6671383464566929
21
2.3223527952755907
0
LINE
8
BLACK
6
CONTINUOUS
10
-0.6671383464566929
20
2.3223527952755907
11
-0.6669525590551181
21
2.3225791338582678
0
LINE
8
BLACK
6
CONTINUOUS
10
-0.6669525590551181
20
2.3225791338582678
11
-0.6650777952755905
21
2.3244538976377953
0
LINE
8
BLACK
6
CONTINUOUS
10
-0.6650777952755905
20
2.3244538976377953
11
-0.6648514566929133
21
2.32463968503937
0
LINE
8
BLACK
6
CONTINUOUS
10
-0.6648514566929133
20
2.32463968503937
11
-0.6648002755905512
21
2.3246986614173228
0
LINE
8
BLACK
6
CONTINUOUS
10
-0.6648002755905512
20
2.3246986614173228
11
-0.6647113385826772
21
2.3247546456692914
0
LINE
8
BLACK
6
CONTINUOUS
10
-0.6647113385826772
20
2.3247546456692914
11
-0.6646303543307086
21
2.3248211023622045
0
LINE
8
BLACK
6
CONTINUOUS
10
-0.6646303543307086
20
2.3248211023622045
11
-0.6645584251968504
21
2.3248509448818897
0
LINE
8
BLACK
6
CONTINUOUS
10
-0.6645584251968504
20
2.3248509448818897
11
-0.6643103937007874
21
2.3250070078740155
0
LINE
8
BLACK
6
CONTINUOUS
10
-0.6643103937007874
20
2.3250070078740155
11
-0.6605608661417323
21
2.326881771653543
0
LINE
8
BLACK
6
CONTINUOUS
10
-0.6605608661417323
20
2.326881771653543
11
-0.6600202755905512
21
2.327088661417323
0
LINE
8
BLACK
6
CONTINUOUS
10
-0.6600202755905512
20
2.327088661417323
11
-0.6599144094488189
21
2.3270962204724408
0
LINE
8
BLACK
6
CONTINUOUS
10
-0.6599144094488189
20
2.3270962204724408
11
-0.6598164173228346
21
2.3271367716535432
0
LINE
8
BLACK
6
CONTINUOUS
10
-0.6598164173228346
20
2.3271367716535432
11
-0.6592403543307086
21
2.327193503937008
0
LINE
8
BLACK
6
CONTINUOUS
10
-0.6592403543307086
20
2.327193503937008
11
-0.6554908267716535
21
2.327193503937008
0
LINE
8
BLACK
6
CONTINUOUS
10
-0.6554908267716535
20
2.327193503937008
11
-0.6551992913385827
21
2.3271648031496062
0
LINE
8
BLACK
6
CONTINUOUS
10
-0.6342923622047244
20
2.364632086614173
11
-0.6341943700787401
21
2.3645914960629919
0
LINE
8
BLACK
6
CONTINUOUS
10
-0.6341943700787401
20
2.3645914960629919
11
-0.6340885433070866
21
2.3645839763779528
0
LINE
8
BLACK
6
CONTINUOUS
10
-0.6340885433070866
20
2.3645839763779528
11
-0.6335479133858267
21
2.3643770866141733
0
LINE
8
BLACK
6
CONTINUOUS
10
-0.6335479133858267
20
2.3643770866141733
11
-0.6297983858267716
21
2.3625023228346458
0
LINE
8
BLACK
6
CONTINUOUS
10
-0.6297983858267716
20
2.3625023228346458
11
-0.6295505118110236
21
2.3623462992125983
0
LINE
8
BLACK
6
CONTINUOUS
10
-0.6295505118110236
20
2.3623462992125983
11
-0.6294784645669291
21
2.3623164566929131
0
LINE
8
BLACK
6
CONTINUOUS
10
-0.6294784645669291
20
2.3623164566929131
11
-0.6293974409448819
21
2.3622499606299212
0
LINE
8
BLACK
6
CONTINUOUS
10
-0.6293974409448819
20
2.3622499606299212
11
-0.6293085039370079
21
2.3621939763779527
0
LINE
8
BLACK
6
CONTINUOUS
10
-0.6293085039370079
20
2.3621939763779527
11
-0.6292573622047244
21
2.3621349999999999
0
LINE
8
BLACK
6
CONTINUOUS
10
-0.6292573622047244
20
2.3621349999999999
11
-0.6290310236220472
21
2.3619492519685039
0
LINE
8
BLACK
6
CONTINUOUS
10
-0.6290310236220472
20
2.3619492519685039
11
-0.6271562204724409
21
2.3600744881889764
0
LINE
8
BLACK
6
CONTINUOUS
10
-0.6271562204724409
20
2.3600744881889764
11
-0.6269704724409448
21
2.3598481496062993
0
LINE
8
BLACK
6
CONTINUOUS
10
-0.6269704724409448
20
2.3598481496062993
11
-0.6269114173228346
21
2.3597969291338581
0
LINE
8
BLACK
6
CONTINUOUS
10
-0.6269114173228346
20
2.3597969291338581
11
-0.6268554330708661
21
2.3597079921259843
0
LINE
8
BLACK
6
CONTINUOUS
10
-0.6268554330708661
20
2.3597079921259843
11
-0.6267889763779527
21
2.3596270078740158
0
LINE
8
BLACK
6
CONTINUOUS
10
-0.6267889763779527
20
2.3596270078740158
11
-0.6267591732283464
21
2.3595550787401574
0
LINE
8
BLACK
6
CONTINUOUS
10
-0.6267591732283464
20
2.3595550787401574
11
-0.6266030708661418
21
2.3593070472440942
0
LINE
8
BLACK
6
CONTINUOUS
10
-0.6266030708661418
20
2.3593070472440942
11
-0.6247283070866142
21
2.3555575196850391
0
LINE
8
BLACK
6
CONTINUOUS
10
-0.6247283070866142
20
2.3555575196850391
11
-0.6245214173228346
21
2.3550169291338583
0
LINE
8
BLACK
6
CONTINUOUS
10
-0.6245214173228346
20
2.3550169291338583
11
-0.6245138976377953
21
2.3549110629921257
0
LINE
8
BLACK
6
CONTINUOUS
10
-0.6245138976377953
20
2.3549110629921257
11
-0.6244733070866142
21
2.3548130708661419
0
LINE
8
BLACK
6
CONTINUOUS
10
-0.6244733070866142
20
2.3548130708661419
11
-0.6244165748031496
21
2.3542370078740156
0
LINE
8
BLACK
6
CONTINUOUS
10
-0.6244165748031496
20
2.3542370078740156
11
-0.6244165748031496
21
2.3467379527559054
0
LINE
8
BLACK
6
CONTINUOUS
10
-0.6244165748031496
20
2.3467379527559054
11
-0.6244733070866142
21
2.3461618897637795
0
LINE
8
BLACK
6
CONTINUOUS
10
-0.6244733070866142
20
2.3461618897637795
11
-0.6245138976377953
21
2.346063937007874
0
LINE
8
BLACK
6
CONTINUOUS
10
-0.6245138976377953
20
2.346063937007874
11
-0.6245214173228346
21
2.3459580314960631
0
LINE
8
BLACK
6
CONTINUOUS
10
-0.6245214173228346
20
2.3459580314960631
11
-0.6247283070866142
21
2.3454174409448818
0
LINE
8
BLACK
6
CONTINUOUS
10
-0.6247283070866142
20
2.3454174409448818
11
-0.6266030708661418
21
2.3416679133858267
0
LINE
8
BLACK
6
CONTINUOUS
10
-0.6266030708661418
20
2.3416679133858267
11
-0.6267591732283464
21
2.3414199212598423
0
LINE
8
BLACK
6
CONTINUOUS
10
-0.6267591732283464
20
2.3414199212598423
11
-0.6267889763779527
21
2.3413479527559056
0
LINE
8
BLACK
6
CONTINUOUS
10
-0.6267889763779527
20
2.3413479527559056
11
-0.6268554330708661
21
2.3412670078740159
0
LINE
8
BLACK
6
CONTINUOUS
10
-0.6268554330708661
20
2.3412670078740159
11
-0.6269114173228346
21
2.3411780314960629
0
LINE
8
BLACK
6
CONTINUOUS
10
-0.6269114173228346
20
2.3411780314960629
11
-0.6269704724409448
21
2.3411268503937008
0
LINE
8
BLACK
6
CONTINUOUS
10
-0.6269704724409448
20
2.3411268503937008
11
-0.6271562204724409
21
2.340900472440945
0
LINE
8
BLACK
6
CONTINUOUS
10
-0.6271562204724409
20
2.340900472440945
11
-0.6290310236220472
21
2.3390257086614175
0
LINE
8
BLACK
6
CONTINUOUS
10
-0.6290310236220472
20
2.3390257086614175
11
-0.6292573622047244
21
2.3388399999999998
0
LINE
8
BLACK
6
CONTINUOUS
10
-0.6292573622047244
20
2.3388399999999998
11
-0.6293085039370079
21
2.3387809842519682
0
LINE
8
BLACK
6
CONTINUOUS
10
-0.6293085039370079
20
2.3387809842519682
11
-0.6293974409448819
21
2.3387250393700785
0
LINE
8
BLACK
6
CONTINUOUS
10
-0.6293974409448819
20
2.3387250393700785
11
-0.6294784645669291
21
2.3386585039370078
0
LINE
8
BLACK
6
CONTINUOUS
10
-0.6294784645669291
20
2.3386585039370078
11
-0.6295505118110236
21
2.3386287007874014
0
LINE
8
BLACK
6
CONTINUOUS
10
-0.6295505118110236
20
2.3386287007874014
11
-0.6297983858267716
21
2.3384726377952756
0
LINE
8
BLACK
6
CONTINUOUS
10
-0.6297983858267716
20
2.3384726377952756
11
-0.6335479133858267
21
2.336597874015748
0
LINE
8
BLACK
6
CONTINUOUS
10
-0.6335479133858267
20
2.336597874015748
11
-0.6340885433070866
21
2.3363909842519686
0
LINE
8
BLACK
6
CONTINUOUS
10
-0.6340885433070866
20
2.3363909842519686
11
-0.6341943700787401
21
2.3363835039370078
0
LINE
8
BLACK
6
CONTINUOUS
10
-0.6341943700787401
20
2.3363835039370078
11
-0.6342923622047244
21
2.3363428740157479
0
LINE
8
BLACK
6
CONTINUOUS
10
-0.6342923622047244
20
2.3363428740157479
11
-0.6348684251968504
21
2.3362861417322835
0
LINE
8
BLACK
6
CONTINUOUS
10
-0.6348684251968504
20
2.3362861417322835
11
-0.6498665354330708
21
2.3362861417322835
0
LINE
8
BLACK
6
CONTINUOUS
10
-0.6498665354330708
20
2.3362861417322835
11
-0.6499670866141732
21
2.3362960629921261
0
LINE
8
BLACK
6
CONTINUOUS
10
-0.6499670866141732
20
2.3362960629921261
11
-0.6500100787401575
21
2.3362896456692912
0
LINE
8
BLACK
6
CONTINUOUS
10
-0.6500100787401575
20
2.3362896456692912
11
-0.6502255905511811
21
2.3363215354330706
0
LINE
8
BLACK
6
CONTINUOUS
10
-0.6502255905511811
20
2.3363215354330706
11
-0.6504425984251968
21
2.3363428740157479
0
LINE
8
BLACK
6
CONTINUOUS
10
-0.6504425984251968
20
2.3363428740157479
11
-0.6504828346456693
21
2.336359527559055
0
LINE
8
BLACK
6
CONTINUOUS
10
-0.6504828346456693
20
2.336359527559055
11
-0.6505826771653543
21
2.3363742913385828
0
LINE
8
BLACK
6
CONTINUOUS
10
-0.6505826771653543
20
2.3363742913385828
11
-0.6580817322834646
21
2.3382490551181103
0
LINE
8
BLACK
6
CONTINUOUS
10
-0.6580817322834646
20
2.3382490551181103
11
-0.6584212598425196
21
2.3383703937007874
0
LINE
8
BLACK
6
CONTINUOUS
10
-0.6584212598425196
20
2.3383703937007874
11
-0.6584926771653543
21
2.3383844881889764
0
LINE
8
BLACK
6
CONTINUOUS
10
-0.6584926771653543
20
2.3383844881889764
11
-0.6585574803149606
21
2.3384190551181101
0
LINE
8
BLACK
6
CONTINUOUS
10
-0.6585574803149606
20
2.3384190551181101
11
-0.6586268503937007
21
2.3384438188976375
0
LINE
8
BLACK
6
CONTINUOUS
10
-0.6586268503937007
20
2.3384438188976375
11
-0.658685590551181
21
2.3384873622047242
0
LINE
8
BLACK
6
CONTINUOUS
10
-0.658685590551181
20
2.3384873622047242
11
-0.6590034645669292
21
2.3386568110236219
0
LINE
8
BLACK
6
CONTINUOUS
10
-0.6590034645669292
20
2.3386568110236219
11
-0.6646277952755906
21
2.342406338582677
0
LINE
8
BLACK
6
CONTINUOUS
10
-0.6646277952755906
20
2.342406338582677
11
-0.6646294881889764
21
2.3424077165354329
0
LINE
8
BLACK
6
CONTINUOUS
10
-0.6646294881889764
20
2.3424077165354329
11
-0.6646303543307086
21
2.3424080708661417
0
LINE
8
BLACK
6
CONTINUOUS
10
-0.6646303543307086
20
2.3424080708661417
11
-0.6648456692913386
21
2.3425848031496064
0
LINE
8
BLACK
6
CONTINUOUS
10
-0.6648456692913386
20
2.3425848031496064
11
-0.6650756299212598
21
2.3427731102362204
0
LINE
8
BLACK
6
CONTINUOUS
10
-0.6650756299212598
20
2.3427731102362204
11
-0.665076220472441
21
2.3427739763779525
0
LINE
8
BLACK
6
CONTINUOUS
10
-0.665076220472441
20
2.3427739763779525
11
-0.6650777952755905
21
2.3427752755905513
0
LINE
8
BLACK
6
CONTINUOUS
10
-0.6650777952755905
20
2.3427752755905513
11
-0.6669525590551181
21
2.3446500393700789
0
LINE
8
BLACK
6
CONTINUOUS
10
-0.6669525590551181
20
2.3446500393700789
11
-0.6671383464566929
21
2.3448764173228347
0
LINE
8
BLACK
6
CONTINUOUS
10
-0.6671383464566929
20
2.3448764173228347
11
-0.6671973228346456
21
2.344927559055118
0
LINE
8
BLACK
6
CONTINUOUS
10
-0.6671973228346456
20
2.344927559055118
11
-0.6672533070866141
21
2.345016535433071
0
LINE
8
BLACK
6
CONTINUOUS
10
-0.6672533070866141
20
2.345016535433071
11
-0.6673197637795275
21
2.3450974803149607
0
LINE
8
BLACK
6
CONTINUOUS
10
-0.6673197637795275
20
2.3450974803149607
11
-0.6673496062992126
21
2.3451694488188974
0
LINE
8
BLACK
6
CONTINUOUS
10
-0.6673496062992126
20
2.3451694488188974
11
-0.6675056692913386
21
2.3454174409448818
0
LINE
8
BLACK
6
CONTINUOUS
10
-0.6675056692913386
20
2.3454174409448818
11
-0.6693804330708661
21
2.3491669685039369
0
LINE
8
BLACK
6
CONTINUOUS
10
-0.6693804330708661
20
2.3491669685039369
11
-0.6695873228346456
21
2.3497075984251969
0
LINE
8
BLACK
6
CONTINUOUS
10
-0.6695873228346456
20
2.3497075984251969
11
-0.669594842519685
21
2.3498134251968503
0
LINE
8
BLACK
6
CONTINUOUS
10
-0.669594842519685
20
2.3498134251968503
11
-0.6696354330708661
21
2.3499114173228346
0
LINE
8
BLACK
6
CONTINUOUS
10
-0.6696354330708661
20
2.3499114173228346
11
-0.6696921653543307
21
2.3504874803149605
0
LINE
8
BLACK
6
CONTINUOUS
10
-0.6696921653543307
20
2.3504874803149605
11
-0.6696921653543307
21
2.3579865354330707
0
LINE
8
BLACK
6
CONTINUOUS
10
-0.6696921653543307
20
2.3579865354330707
11
-0.6696354330708661
21
2.358562598425197
0
LINE
8
BLACK
6
CONTINUOUS
10
-0.6696354330708661
20
2.358562598425197
11
-0.6691945275590551
21
2.3596270078740158
0
LINE
8
BLACK
6
CONTINUOUS
10
-0.6691945275590551
20
2.3596270078740158
11
-0.6683798818897637
21
2.3604416535433068
0
LINE
8
BLACK
6
CONTINUOUS
10
-0.6683798818897637
20
2.3604416535433068
11
-0.6673154724409449
21
2.3608825590551179
0
LINE
8
BLACK
6
CONTINUOUS
10
-0.6673154724409449
20
2.3608825590551179
11
-0.666163346456693
21
2.3608825590551179
0
LINE
8
BLACK
6
CONTINUOUS
10
-0.666163346456693
20
2.3608825590551179
11
-0.665098937007874
21
2.3604416535433068
0
LINE
8
BLACK
6
CONTINUOUS
10
-0.665098937007874
20
2.3604416535433068
11
-0.6642842913385827
21
2.3596270078740158
0
LINE
8
BLACK
6
CONTINUOUS
10
-0.6642842913385827
20
2.3596270078740158
11
-0.6638433858267716
21
2.358562598425197
0
LINE
8
BLACK
6
CONTINUOUS
10
-0.6638433858267716
20
2.358562598425197
11
-0.6637866535433071
21
2.3579865354330707
0
LINE
8
BLACK
6
CONTINUOUS
10
-0.6637866535433071
20
2.3579865354330707
11
-0.6637866535433071
21
2.351184527559055
0
LINE
8
BLACK
6
CONTINUOUS
10
-0.6637866535433071
20
2.351184527559055
11
-0.6624379133858268
21
2.3484870472440944
0
LINE
8
BLACK
6
CONTINUOUS
10
-0.6624379133858268
20
2.3484870472440944
11
-0.6611087795275591
21
2.3471579133858267
0
LINE
8
BLACK
6
CONTINUOUS
10
-0.6611087795275591
20
2.3471579133858267
11
-0.6561532283464567
21
2.343854212598425
0
LINE
8
BLACK
6
CONTINUOUS
10
-0.6561532283464567
20
2.343854212598425
11
-0.653236062992126
21
2.3431249212598426
0
LINE
8
BLACK
6
CONTINUOUS
10
-0.653236062992126
20
2.3431249212598426
11
-0.6543823228346457
21
2.3454174409448818
0
LINE
8
BLACK
6
CONTINUOUS
10
-0.6543823228346457
20
2.3454174409448818
11
-0.6545892125984252
21
2.3459580708661418
0
LINE
8
BLACK
6
CONTINUOUS
10
-0.6545892125984252
20
2.3459580708661418
11
-0.6545967322834646
21
2.3460638976377952
0
LINE
8
BLACK
6
CONTINUOUS
10
-0.6545967322834646
20
2.3460638976377952
11
-0.6546373228346457
21
2.3461618897637795
0
LINE
8
BLACK
6
CONTINUOUS
10
-0.6546373228346457
20
2.3461618897637795
11
-0.6546940551181102
21
2.3467379527559054
0
LINE
8
BLACK
6
CONTINUOUS
10
-0.6546940551181102
20
2.3467379527559054
11
-0.6546940551181102
21
2.3542370078740156
0
LINE
8
BLACK
6
CONTINUOUS
10
-0.6546940551181102
20
2.3542370078740156
11
-0.6546373228346457
21
2.3548130708661419
0
LINE
8
BLACK
6
CONTINUOUS
10
-0.6546373228346457
20
2.3548130708661419
11
-0.6545967322834646
21
2.3549111023622045
0
LINE
8
BLACK
6
CONTINUOUS
10
-0.6545967322834646
20
2.3549111023622045
11
-0.6545892125984252
21
2.3550168897637795
0
LINE
8
BLACK
6
CONTINUOUS
10
-0.6545892125984252
20
2.3550168897637795
11
-0.6543823228346457
21
2.3555575196850391
0
LINE
8
BLACK
6
CONTINUOUS
10
-0.6543823228346457
20
2.3555575196850391
11
-0.6525075590551181
21
2.3593070472440942
0
LINE
8
BLACK
6
CONTINUOUS
10
-0.6525075590551181
20
2.3593070472440942
11
-0.6523514960629921
21
2.3595550787401574
0
LINE
8
BLACK
6
CONTINUOUS
10
-0.6523514960629921
20
2.3595550787401574
11
-0.6523216535433071
21
2.3596270078740158
0
LINE
8
BLACK
6
CONTINUOUS
10
-0.6523216535433071
20
2.3596270078740158
11
-0.6522551968503937
21
2.3597079921259843
0
LINE
8
BLACK
6
CONTINUOUS
10
-0.6522551968503937
20
2.3597079921259843
11
-0.6521992125984252
21
2.3597969291338581
0
LINE
8
BLACK
6
CONTINUOUS
10
-0.6521992125984252
20
2.3597969291338581
11
-0.6521402362204725
21
2.3598481102362205
0
LINE
8
BLACK
6
CONTINUOUS
10
-0.6521402362204725
20
2.3598481102362205
11
-0.6519544488188976
21
2.3600744488188976
0
LINE
8
BLACK
6
CONTINUOUS
10
-0.6519544488188976
20
2.3600744488188976
11
-0.6500796850393701
21
2.3619492125984252
0
LINE
8
BLACK
6
CONTINUOUS
10
-0.6500796850393701
20
2.3619492125984252
11
-0.6498533464566929
21
2.3621349999999999
0
LINE
8
BLACK
6
CONTINUOUS
10
-0.6498533464566929
20
2.3621349999999999
11
-0.6498021653543307
21
2.3621939763779527
0
LINE
8
BLACK
6
CONTINUOUS
10
-0.6498021653543307
20
2.3621939763779527
11
-0.6497132283464567
21
2.3622499606299212
0
LINE
8
BLACK
6
CONTINUOUS
10
-0.6497132283464567
20
2.3622499606299212
11
-0.6496322440944882
21
2.3623164173228344
0
LINE
8
BLACK
6
CONTINUOUS
10
-0.6496322440944882
20
2.3623164173228344
11
-0.6495603149606299
21
2.3623462598425196
0
LINE
8
BLACK
6
CONTINUOUS
10
-0.6495603149606299
20
2.3623462598425196
11
-0.6493122834645669
21
2.3625023228346458
0
LINE
8
BLACK
6
CONTINUOUS
10
-0.6493122834645669
20
2.3625023228346458
11
-0.6455627559055118
21
2.3643770866141733
0
LINE
8
BLACK
6
CONTINUOUS
10
-0.6455627559055118
20
2.3643770866141733
11
-0.6450221653543307
21
2.3645839763779528
0
LINE
8
BLACK
6
CONTINUOUS
10
-0.6450221653543307
20
2.3645839763779528
11
-0.6449162992125984
21
2.3645915354330707
0
LINE
8
BLACK
6
CONTINUOUS
10
-0.6449162992125984
20
2.3645915354330707
11
-0.6448183070866141
21
2.364632086614173
0
LINE
8
BLACK
6
CONTINUOUS
10
-0.6448183070866141
20
2.364632086614173
11
-0.6442422440944882
21
2.3646888188976378
0
LINE
8
BLACK
6
CONTINUOUS
10
-0.6442422440944882
20
2.3646888188976378
11
-0.6348684251968504
21
2.3646888188976378
0
LINE
8
BLACK
6
CONTINUOUS
10
-0.6348684251968504
20
2.3646888188976378
11
-0.6342923622047244
21
2.364632086614173
0
LINE
8
BLACK
6
CONTINUOUS
10
-0.6462426771653543
20
2.3574345669291339
11
-0.6474398031496063
21
2.3562374409448816
0
LINE
8
BLACK
6
CONTINUOUS
10
-0.6474398031496063
20
2.3562374409448816
11
-0.6487885433070866
21
2.353539960629921
0
LINE
8
BLACK
6
CONTINUOUS
10
-0.6487885433070866
20
2.353539960629921
11
-0.6487885433070866
21
2.3474349999999999
0
LINE
8
BLACK
6
CONTINUOUS
10
-0.6487885433070866
20
2.3474349999999999
11
-0.6474398031496063
21
2.3447375196850393
0
LINE
8
BLACK
6
CONTINUOUS
10
-0.6474398031496063
20
2.3447375196850393
11
-0.6462426771653543
21
2.3435403937007875
0
LINE
8
BLACK
6
CONTINUOUS
10
-0.6462426771653543
20
2.3435403937007875
11
-0.6435451968503937
21
2.3421916535433072
0
LINE
8
BLACK
6
CONTINUOUS
10
-0.6435451968503937
20
2.3421916535433072
11
-0.6355654724409449
21
2.3421916535433072
0
LINE
8
BLACK
6
CONTINUOUS
10
-0.6355654724409449
20
2.3421916535433072
11
-0.6328679921259842
21
2.3435404330708662
0
LINE
8
BLACK
6
CONTINUOUS
10
-0.6328679921259842
20
2.3435404330708662
11
-0.6316708267716535
21
2.344737559055118
0
LINE
8
BLACK
6
CONTINUOUS
10
-0.6316708267716535
20
2.344737559055118
11
-0.6303220866141732
21
2.3474349999999999
0
LINE
8
BLACK
6
CONTINUOUS
10
-0.6303220866141732
20
2.3474349999999999
11
-0.6303220866141732
21
2.353539960629921
0
LINE
8
BLACK
6
CONTINUOUS
10
-0.6303220866141732
20
2.353539960629921
11
-0.6316708267716535
21
2.3562374409448816
0
LINE
8
BLACK
6
CONTINUOUS
10
-0.6316708267716535
20
2.3562374409448816
11
-0.6328679921259842
21
2.3574345669291339
0
LINE
8
BLACK
6
CONTINUOUS
10
-0.6328679921259842
20
2.3574345669291339
11
-0.6355654724409449
21
2.3587833070866142
0
LINE
8
BLACK
6
CONTINUOUS
10
-0.6355654724409449
20
2.3587833070866142
11
-0.6435451968503937
21
2.3587833070866142
0
LINE
8
BLACK
6
CONTINUOUS
10
-0.6435451968503937
20
2.3587833070866142
11
-0.6462426771653543
21
2.3574345669291339
0
LINE
8
BLACK
6
CONTINUOUS
10
-0.6267932677165354
20
2.4452470472440946
11
-0.6257288582677165
21
2.4448061417322835
0
LINE
8
BLACK
6
CONTINUOUS
10
-0.6257288582677165
20
2.4448061417322835
11
-0.6249142125984252
21
2.443991496062992
0
LINE
8
BLACK
6
CONTINUOUS
10
-0.6249142125984252
20
2.443991496062992
11
-0.6244733070866142
21
2.4429270866141732
0
LINE
8
BLACK
6
CONTINUOUS
10
-0.6244733070866142
20
2.4429270866141732
11
-0.6244733070866142
21
2.4417749606299211
0
LINE
8
BLACK
6
CONTINUOUS
10
-0.6244733070866142
20
2.4417749606299211
11
-0.6249142125984252
21
2.4407105511811023
0
LINE
8
BLACK
6
CONTINUOUS
10
-0.6249142125984252
20
2.4407105511811023
11
-0.6257288582677165
21
2.4398959055118108
0
LINE
8
BLACK
6
CONTINUOUS
10
-0.6257288582677165
20
2.4398959055118108
11
-0.6267932677165354
21
2.4394550000000002
0
LINE
8
BLACK
6
CONTINUOUS
10
-0.6267932677165354
20
2.4394550000000002
11
-0.6273693307086614
21
2.4393982677165353
0
LINE
8
BLACK
6
CONTINUOUS
10
-0.6273693307086614
20
2.4393982677165353
11
-0.6472947244094488
21
2.4393982677165353
0
LINE
8
BLACK
6
CONTINUOUS
10
-0.6472947244094488
20
2.4393982677165353
11
-0.6495404724409448
21
2.4382754330708662
0
LINE
8
BLACK
6
CONTINUOUS
10
-0.6495404724409448
20
2.4382754330708662
11
-0.6506633070866141
21
2.4360296850393701
0
LINE
8
BLACK
6
CONTINUOUS
10
-0.6506633070866141
20
2.4360296850393701
11
-0.6506633070866141
21
2.4317994488188974
0
LINE
8
BLACK
6
CONTINUOUS
10
-0.6506633070866141
20
2.4317994488188974
11
-0.6495404724409448
21
2.42955374015748
0
LINE
8
BLACK
6
CONTINUOUS
10
-0.6495404724409448
20
2.42955374015748
11
-0.6472947244094488
21
2.4284308661417322
0
LINE
8
BLACK
6
CONTINUOUS
10
-0.6472947244094488
20
2.4284308661417322
11
-0.6273693307086614
21
2.4284308661417322
0
LINE
8
BLACK
6
CONTINUOUS
10
-0.6273693307086614
20
2.4284308661417322
11
-0.6267932677165354
21
2.4283741338582678
0
LINE
8
BLACK
6
CONTINUOUS
10
-0.6267932677165354
20
2.4283741338582678
11
-0.6257288582677165
21
2.4279332283464568
0
LINE
8
BLACK
6
CONTINUOUS
10
-0.6257288582677165
20
2.4279332283464568
11
-0.6249142125984252
21
2.4271185826771653
0
LINE
8
BLACK
6
CONTINUOUS
10
-0.6249142125984252
20
2.4271185826771653
11
-0.6244733070866142
21
2.4260541732283465
0
LINE
8
BLACK
6
CONTINUOUS
10
-0.6244733070866142
20
2.4260541732283465
11
-0.6244733070866142
21
2.4249020472440943
0
LINE
8
BLACK
6
CONTINUOUS
10
-0.6244733070866142
20
2.4249020472440943
11
-0.6249142125984252
21
2.4238376377952755
0
LINE
8
BLACK
6
CONTINUOUS
10
-0.6249142125984252
20
2.4238376377952755
11
-0.6257288582677165
21
2.423022992125984
0
LINE
8
BLACK
6
CONTINUOUS
10
-0.6257288582677165
20
2.423022992125984
11
-0.6267932677165354
21
2.422582086614173
0
LINE
8
BLACK
6
CONTINUOUS
10
-0.6267932677165354
20
2.422582086614173
11
-0.6273693307086614
21
2.4225253543307086
0
LINE
8
BLACK
6
CONTINUOUS
10
-0.6273693307086614
20
2.4225253543307086
11
-0.6472947244094488
21
2.4225253543307086
0
LINE
8
BLACK
6
CONTINUOUS
10
-0.6472947244094488
20
2.4225253543307086
11
-0.6495404724409448
21
2.4214025196850395
0
LINE
8
BLACK
6
CONTINUOUS
10
-0.6495404724409448
20
2.4214025196850395
11
-0.6506633070866141
21
2.4191567716535434
0
LINE
8
BLACK
6
CONTINUOUS
10
-0.6506633070866141
20
2.4191567716535434
11
-0.6506633070866141
21
2.4149265748031494
0
LINE
8
BLACK
6
CONTINUOUS
10
-0.6506633070866141
20
2.4149265748031494
11
-0.6493145669291338
21
2.4122290944881888
0
LINE
8
BLACK
6
CONTINUOUS
10
-0.6493145669291338
20
2.4122290944881888
11
-0.6486434645669291
21
2.4115579921259842
0
LINE
8
BLACK
6
CONTINUOUS
10
-0.6486434645669291
20
2.4115579921259842
11
-0.6273693307086614
21
2.4115579921259842
0
LINE
8
BLACK
6
CONTINUOUS
10
-0.6273693307086614
20
2.4115579921259842
11
-0.6267932677165354
21
2.4115012598425198
0
LINE
8
BLACK
6
CONTINUOUS
10
-0.6267932677165354
20
2.4115012598425198
11
-0.6257288582677165
21
2.4110603543307088
0
LINE
8
BLACK
6
CONTINUOUS
10
-0.6257288582677165
20
2.4110603543307088
11
-0.6249142125984252
21
2.4102457086614173
0
LINE
8
BLACK
6
CONTINUOUS
10
-0.6249142125984252
20
2.4102457086614173
11
-0.6244733070866142
21
2.4091812992125985
0
LINE
8
BLACK
6
CONTINUOUS
10
-0.6244733070866142
20
2.4091812992125985
11
-0.6244733070866142
21
2.4080291732283463
0
LINE
8
BLACK
6
CONTINUOUS
10
-0.6244733070866142
20
2.4080291732283463
11
-0.6249142125984252
21
2.4069647637795275
0
LINE
8
BLACK
6
CONTINUOUS
10
-0.6249142125984252
20
2.4069647637795275
11
-0.6257288582677165
21
2.406150118110236
0
LINE
8
BLACK
6
CONTINUOUS
10
-0.6257288582677165
20
2.406150118110236
11
-0.6267932677165354
21
2.405709212598425
0
LINE
8
BLACK
6
CONTINUOUS
10
-0.6267932677165354
20
2.405709212598425
11
-0.6273693307086614
21
2.4056524803149606
0
LINE
8
BLACK
6
CONTINUOUS
10
-0.6273693307086614
20
2.4056524803149606
11
-0.6536160629921259
21
2.4056524803149606
0
LINE
8
BLACK
6
CONTINUOUS
10
-0.6536160629921259
20
2.4056524803149606
11
-0.6541921259842519
21
2.405709212598425
0
LINE
8
BLACK
6
CONTINUOUS
10
-0.6541921259842519
20
2.405709212598425
11
-0.6552565354330708
21
2.406150118110236
0
LINE
8
BLACK
6
CONTINUOUS
10
-0.6552565354330708
20
2.406150118110236
11
-0.6560711811023622
21
2.4069647637795275
0
LINE
8
BLACK
6
CONTINUOUS
10
-0.6560711811023622
20
2.4069647637795275
11
-0.6565120866141733
21
2.4080291732283463
0
LINE
8
BLACK
6
CONTINUOUS
10
-0.6565120866141733
20
2.4080291732283463
11
-0.6565120866141733
21
2.4091812992125985
0
LINE
8
BLACK
6
CONTINUOUS
10
-0.6565120866141733
20
2.4091812992125985
11
-0.6560711811023622
21
2.4102457086614173
0
LINE
8
BLACK
6
CONTINUOUS
10
-0.6560711811023622
20
2.4102457086614173
11
-0.6553073622047244
21
2.4110095669291338
0
LINE
8
BLACK
6
CONTINUOUS
10
-0.6553073622047244
20
2.4110095669291338
11
-0.6562570866141733
21
2.4129090157480313
0
LINE
8
BLACK
6
CONTINUOUS
10
-0.6562570866141733
20
2.4129090157480313
11
-0.6564639763779527
21
2.4134496456692913
0
LINE
8
BLACK
6
CONTINUOUS
10
-0.6564639763779527
20
2.4134496456692913
11
-0.6564714960629922
21
2.4135554724409447
0
LINE
8
BLACK
6
CONTINUOUS
10
-0.6564714960629922
20
2.4135554724409447
11
-0.6565120866141733
21
2.413653464566929
0
LINE
8
BLACK
6
CONTINUOUS
10
-0.6565120866141733
20
2.413653464566929
11
-0.6565688188976377
21
2.4142295275590548
0
LINE
8
BLACK
6
CONTINUOUS
10
-0.6565688188976377
20
2.4142295275590548
11
-0.6565688188976377
21
2.419853818897638
0
LINE
8
BLACK
6
CONTINUOUS
10
-0.6565688188976377
20
2.419853818897638
11
-0.6565120866141733
21
2.4204298818897638
0
LINE
8
BLACK
6
CONTINUOUS
10
-0.6565120866141733
20
2.4204298818897638
11
-0.6564714960629922
21
2.4205279133858268
0
LINE
8
BLACK
6
CONTINUOUS
10
-0.6564714960629922
20
2.4205279133858268
11
-0.6564639763779527
21
2.4206337007874015
0
LINE
8
BLACK
6
CONTINUOUS
10
-0.6564639763779527
20
2.4206337007874015
11
-0.6562570866141733
21
2.4211743307086615
0
LINE
8
BLACK
6
CONTINUOUS
10
-0.6562570866141733
20
2.4211743307086615
11
-0.6543823228346457
21
2.4249238582677166
0
LINE
8
BLACK
6
CONTINUOUS
10
-0.6543823228346457
20
2.4249238582677166
11
-0.6543216929133858
21
2.4250202362204725
0
LINE
8
BLACK
6
CONTINUOUS
10
-0.6543216929133858
20
2.4250202362204725
11
-0.6543065354330708
21
2.4250656299212596
0
LINE
8
BLACK
6
CONTINUOUS
10
-0.6543065354330708
20
2.4250656299212596
11
-0.6542575196850393
21
2.4251222047244094
0
LINE
8
BLACK
6
CONTINUOUS
10
-0.6542575196850393
20
2.4251222047244094
11
-0.6540739763779527
21
2.4254137401574805
0
LINE
8
BLACK
6
CONTINUOUS
10
-0.6540739763779527
20
2.4254137401574805
11
-0.6539997637795275
21
2.4254781102362206
0
LINE
8
BLACK
6
CONTINUOUS
10
-0.6539997637795275
20
2.4254781102362206
11
-0.6540739763779527
21
2.4255424803149608
0
LINE
8
BLACK
6
CONTINUOUS
10
-0.6540739763779527
20
2.4255424803149608
11
-0.6542575196850393
21
2.4258340551181101
0
LINE
8
BLACK
6
CONTINUOUS
10
-0.6542575196850393
20
2.4258340551181101
11
-0.6543065354330708
21
2.4258905905511812
0
LINE
8
BLACK
6
CONTINUOUS
10
-0.6543065354330708
20
2.4258905905511812
11
-0.6543216929133858
21
2.4259360236220471
0
LINE
8
BLACK
6
CONTINUOUS
10
-0.6543216929133858
20
2.4259360236220471
11
-0.6543823228346457
21
2.4260323622047242
0
LINE
8
BLACK
6
CONTINUOUS
10
-0.6543823228346457
20
2.4260323622047242
11
-0.6562570866141733
21
2.4297818897637793
0
LINE
8
BLACK
6
CONTINUOUS
10
-0.6562570866141733
20
2.4297818897637793
11
-0.6564639763779527
21
2.4303225196850393
0
LINE
8
BLACK
6
CONTINUOUS
10
-0.6564639763779527
20
2.4303225196850393
11
-0.6564714960629922
21
2.4304283464566927
0
LINE
8
BLACK
6
CONTINUOUS
10
-0.6564714960629922
20
2.4304283464566927
11
-0.6565120866141733
21
2.430526338582677
0
LINE
8
BLACK
6
CONTINUOUS
10
-0.6565120866141733
20
2.430526338582677
11
-0.6565688188976377
21
2.4311024015748033
0
LINE
8
BLACK
6
CONTINUOUS
10
-0.6565688188976377
20
2.4311024015748033
11
-0.6565688188976377
21
2.4367266929133859
0
LINE
8
BLACK
6
CONTINUOUS
10
-0.6565688188976377
20
2.4367266929133859
11
-0.6565120866141733
21
2.4373027559055118
0
LINE
8
BLACK
6
CONTINUOUS
10
-0.6565120866141733
20
2.4373027559055118
11
-0.6564714960629922
21
2.4374007874015748
0
LINE
8
BLACK
6
CONTINUOUS
10
-0.6564714960629922
20
2.4374007874015748
11
-0.6564639763779527
21
2.4375065748031495
0
LINE
8
BLACK
6
CONTINUOUS
10
-0.6564639763779527
20
2.4375065748031495
11
-0.6562570866141733
21
2.4380472047244095
0
LINE
8
BLACK
6
CONTINUOUS
10
-0.6562570866141733
20
2.4380472047244095
11
-0.6543823228346457
21
2.4417967716535434
0
LINE
8
BLACK
6
CONTINUOUS
10
-0.6543823228346457
20
2.4417967716535434
11
-0.6543216929133858
21
2.4418931102362205
0
LINE
8
BLACK
6
CONTINUOUS
10
-0.6543216929133858
20
2.4418931102362205
11
-0.6543065354330708
21
2.4419385433070864
0
LINE
8
BLACK
6
CONTINUOUS
10
-0.6543065354330708
20
2.4419385433070864
11
-0.6542574803149606
21
2.4419951574803149
0
LINE
8
BLACK
6
CONTINUOUS
10
-0.6542574803149606
20
2.4419951574803149
11
-0.6540739763779527
21
2.4422866141732285
0
LINE
8
BLACK
6
CONTINUOUS
10
-0.6540739763779527
20
2.4422866141732285
11
-0.6537943700787402
21
2.4425291338582675
0
LINE
8
BLACK
6
CONTINUOUS
10
-0.6537943700787402
20
2.4425291338582675
11
-0.6535516929133858
21
2.4428089370078738
0
LINE
8
BLACK
6
CONTINUOUS
10
-0.6535516929133858
20
2.4428089370078738
11
-0.653260157480315
21
2.4429924803149605
0
LINE
8
BLACK
6
CONTINUOUS
10
-0.653260157480315
20
2.4429924803149605
11
-0.6532035826771654
21
2.443041496062992
0
LINE
8
BLACK
6
CONTINUOUS
10
-0.6532035826771654
20
2.443041496062992
11
-0.6531581889763779
21
2.4430566535433069
0
LINE
8
BLACK
6
CONTINUOUS
10
-0.6531581889763779
20
2.4430566535433069
11
-0.653061811023622
21
2.4431172834645669
0
LINE
8
BLACK
6
CONTINUOUS
10
-0.653061811023622
20
2.4431172834645669
11
-0.6493122834645669
21
2.4449920472440945
0
LINE
8
BLACK
6
CONTINUOUS
10
-0.6493122834645669
20
2.4449920472440945
11
-0.6487716929133858
21
2.4451989370078739
0
LINE
8
BLACK
6
CONTINUOUS
10
-0.6487716929133858
20
2.4451989370078739
11
-0.6486658267716535
21
2.4452064960629922
0
LINE
8
BLACK
6
CONTINUOUS
10
-0.6486658267716535
20
2.4452064960629922
11
-0.6485678346456693
21
2.4452470472440946
0
LINE
8
BLACK
6
CONTINUOUS
10
-0.6485678346456693
20
2.4452470472440946
11
-0.6479917716535433
21
2.445303779527559
0
LINE
8
BLACK
6
CONTINUOUS
10
-0.6479917716535433
20
2.445303779527559
11
-0.6273693307086614
21
2.445303779527559
0
LINE
8
BLACK
6
CONTINUOUS
10
-0.6273693307086614
20
2.445303779527559
11
-0.6267932677165354
21
2.4452470472440946
0
LINE
8
BLACK
6
CONTINUOUS
10
-0.6267932677165354
20
2.4977404724409449
11
-0.6257288582677165
21
2.4972995669291338
0
LINE
8
BLACK
6
CONTINUOUS
10
-0.6257288582677165
20
2.4972995669291338
11
-0.6249142125984252
21
2.4964849212598423
0
LINE
8
BLACK
6
CONTINUOUS
10
-0.6249142125984252
20
2.4964849212598423
11
-0.6244733070866142
21
2.4954205118110235
0
LINE
8
BLACK
6
CONTINUOUS
10
-0.6244733070866142
20
2.4954205118110235
11
-0.6244733070866142
21
2.4942683858267718
0
LINE
8
BLACK
6
CONTINUOUS
10
-0.6244733070866142
20
2.4942683858267718
11
-0.6249142125984252
21
2.4932039763779525
0
LINE
8
BLACK
6
CONTINUOUS
10
-0.6249142125984252
20
2.4932039763779525
11
-0.6257288582677165
21
2.4923893307086615
0
LINE
8
BLACK
6
CONTINUOUS
10
-0.6257288582677165
20
2.4923893307086615
11
-0.6267932677165354
21
2.4919484251968504
0
LINE
8
BLACK
6
CONTINUOUS
10
-0.6267932677165354
20
2.4919484251968504
11
-0.6273693307086614
21
2.4918916929133856
0
LINE
8
BLACK
6
CONTINUOUS
10
-0.6273693307086614
20
2.4918916929133856
11
-0.6472947244094488
21
2.4918916929133856
0
LINE
8
BLACK
6
CONTINUOUS
10
-0.6472947244094488
20
2.4918916929133856
11
-0.6495404724409448
21
2.4907688582677165
0
LINE
8
BLACK
6
CONTINUOUS
10
-0.6495404724409448
20
2.4907688582677165
11
-0.6506633070866141
21
2.4885231102362204
0
LINE
8
BLACK
6
CONTINUOUS
10
-0.6506633070866141
20
2.4885231102362204
11
-0.6506633070866141
21
2.4842928740157482
0
LINE
8
BLACK
6
CONTINUOUS
10
-0.6506633070866141
20
2.4842928740157482
11
-0.6495404724409448
21
2.4820471653543308
0
LINE
8
BLACK
6
CONTINUOUS
10
-0.6495404724409448
20
2.4820471653543308
11
-0.6472947244094488
21
2.4809242913385825
0
LINE
8
BLACK
6
CONTINUOUS
10
-0.6472947244094488
20
2.4809242913385825
11
-0.6273693307086614
21
2.4809242913385825
0
LINE
8
BLACK
6
CONTINUOUS
10
-0.6273693307086614
20
2.4809242913385825
11
-0.6267932677165354
21
2.4808675590551181
0
LINE
8
BLACK
6
CONTINUOUS
10
-0.6267932677165354
20
2.4808675590551181
11
-0.6257288582677165
21
2.480426653543307
0
LINE
8
BLACK
6
CONTINUOUS
10
-0.6257288582677165
20
2.480426653543307
11
-0.6249142125984252
21
2.4796120078740156
0
LINE
8
BLACK
6
CONTINUOUS
10
-0.6249142125984252
20
2.4796120078740156
11
-0.6244733070866142
21
2.4785475984251968
0
LINE
8
BLACK
6
CONTINUOUS
10
-0.6244733070866142
20
2.4785475984251968
11
-0.6244733070866142
21
2.477395472440945
0
LINE
8
BLACK
6
CONTINUOUS
10
-0.6244733070866142
20
2.477395472440945
11
-0.6249142125984252
21
2.4763310629921258
0
LINE
8
BLACK
6
CONTINUOUS
10
-0.6249142125984252
20
2.4763310629921258
11
-0.6257288582677165
21
2.4755164173228348
0
LINE
8
BLACK
6
CONTINUOUS
10
-0.6257288582677165
20
2.4755164173228348
11
-0.6267932677165354
21
2.4750755118110237
0
LINE
8
BLACK
6
CONTINUOUS
10
-0.6267932677165354
20
2.4750755118110237
11
-0.6273693307086614
21
2.4750187795275589
0
LINE
8
BLACK
6
CONTINUOUS
10
-0.6273693307086614
20
2.4750187795275589
11
-0.6472947244094488
21
2.4750187795275589
0
LINE
8
BLACK
6
CONTINUOUS
10
-0.6472947244094488
20
2.4750187795275589
11
-0.6495404724409448
21
2.4738959448818898
0
LINE
8
BLACK
6
CONTINUOUS
10
-0.6495404724409448
20
2.4738959448818898
11
-0.6506633070866141
21
2.4716501968503937
0
LINE
8
BLACK
6
CONTINUOUS
10
-0.6506633070866141
20
2.4716501968503937
11
-0.6506633070866141
21
2.4674199999999997
0
LINE
8
BLACK
6
CONTINUOUS
10
-0.6506633070866141
20
2.4674199999999997
11
-0.6493145669291338
21
2.4647225196850395
0
LINE
8
BLACK
6
CONTINUOUS
10
-0.6493145669291338
20
2.4647225196850395
11
-0.6486434645669291
21
2.4640514173228345
0
LINE
8
BLACK
6
CONTINUOUS
10
-0.6486434645669291
20
2.4640514173228345
11
-0.6273693307086614
21
2.4640514173228345
0
LINE
8
BLACK
6
CONTINUOUS
10
-0.6273693307086614
20
2.4640514173228345
11
-0.6267932677165354
21
2.4639946850393701
0
LINE
8
BLACK
6
CONTINUOUS
10
-0.6267932677165354
20
2.4639946850393701
11
-0.6257288582677165
21
2.4635537795275591
0
LINE
8
BLACK
6
CONTINUOUS
10
-0.6257288582677165
20
2.4635537795275591
11
-0.6249142125984252
21
2.4627391338582676
0
LINE
8
BLACK
6
CONTINUOUS
10
-0.6249142125984252
20
2.4627391338582676
11
-0.6244733070866142
21
2.4616747244094488
0
LINE
8
BLACK
6
CONTINUOUS
10
-0.6244733070866142
20
2.4616747244094488
11
-0.6244733070866142
21
2.4605225984251966
0
LINE
8
BLACK
6
CONTINUOUS
10
-0.6244733070866142
20
2.4605225984251966
11
-0.6249142125984252
21
2.4594581889763778
0
LINE
8
BLACK
6
CONTINUOUS
10
-0.6249142125984252
20
2.4594581889763778
11
-0.6257288582677165
21
2.4586435433070863
0
LINE
8
BLACK
6
CONTINUOUS
10
-0.6257288582677165
20
2.4586435433070863
11
-0.6267932677165354
21
2.4582026377952757
0
LINE
8
BLACK
6
CONTINUOUS
10
-0.6267932677165354
20
2.4582026377952757
11
-0.6273693307086614
21
2.4581459055118109
0
LINE
8
BLACK
6
CONTINUOUS
10
-0.6273693307086614
20
2.4581459055118109
11
-0.6536160629921259
21
2.4581459055118109
0
LINE
8
BLACK
6
CONTINUOUS
10
-0.6536160629921259
20
2.4581459055118109
11
-0.6541921259842519
21
2.4582026377952757
0
LINE
8
BLACK
6
CONTINUOUS
10
-0.6541921259842519
20
2.4582026377952757
11
-0.6552565354330708
21
2.4586435433070863
0
LINE
8
BLACK
6
CONTINUOUS
10
-0.6552565354330708
20
2.4586435433070863
11
-0.6560711811023622
21
2.4594581889763778
0
LINE
8
BLACK
6
CONTINUOUS
10
-0.6560711811023622
20
2.4594581889763778
11
-0.6565120866141733
21
2.4605225984251966
0
LINE
8
BLACK
6
CONTINUOUS
10
-0.6565120866141733
20
2.4605225984251966
11
-0.6565120866141733
21
2.4616747244094488
0
LINE
8
BLACK
6
CONTINUOUS
10
-0.6565120866141733
20
2.4616747244094488
11
-0.6560711811023622
21
2.4627391338582676
0
LINE
8
BLACK
6
CONTINUOUS
10
-0.6560711811023622
20
2.4627391338582676
11
-0.6553073622047244
21
2.4635029921259841
0
LINE
8
BLACK
6
CONTINUOUS
10
-0.6553073622047244
20
2.4635029921259841
11
-0.6562570866141733
21
2.465402440944882
0
LINE
8
BLACK
6
CONTINUOUS
10
-0.6562570866141733
20
2.465402440944882
11
-0.6564639763779527
21
2.4659430708661416
0
LINE
8
BLACK
6
CONTINUOUS
10
-0.6564639763779527
20
2.4659430708661416
11
-0.6564714960629922
21
2.466048897637795
0
LINE
8
BLACK
6
CONTINUOUS
10
-0.6564714960629922
20
2.466048897637795
11
-0.6565120866141733
21
2.4661468897637793
0
LINE
8
BLACK
6
CONTINUOUS
10
-0.6565120866141733
20
2.4661468897637793
11
-0.6565688188976377
21
2.4667229527559056
0
LINE
8
BLACK
6
CONTINUOUS
10
-0.6565688188976377
20
2.4667229527559056
11
-0.6565688188976377
21
2.4723472440944882
0
LINE
8
BLACK
6
CONTINUOUS
10
-0.6565688188976377
20
2.4723472440944882
11
-0.6565120866141733
21
2.4729233070866141
0
LINE
8
BLACK
6
CONTINUOUS
10
-0.6565120866141733
20
2.4729233070866141
11
-0.6564714960629922
21
2.4730213385826771
0
LINE
8
BLACK
6
CONTINUOUS
10
-0.6564714960629922
20
2.4730213385826771
11
-0.6564639763779527
21
2.4731271259842518
0
LINE
8
BLACK
6
CONTINUOUS
10
-0.6564639763779527
20
2.4731271259842518
11
-0.6562570866141733
21
2.4736677559055118
0
LINE
8
BLACK
6
CONTINUOUS
10
-0.6562570866141733
20
2.4736677559055118
11
-0.6543823228346457
21
2.4774172834645669
0
LINE
8
BLACK
6
CONTINUOUS
10
-0.6543823228346457
20
2.4774172834645669
11
-0.6543216929133858
21
2.4775136614173228
0
LINE
8
BLACK
6
CONTINUOUS
10
-0.6543216929133858
20
2.4775136614173228
11
-0.6543065354330708
21
2.4775590551181104
0
LINE
8
BLACK
6
CONTINUOUS
10
-0.6543065354330708
20
2.4775590551181104
11
-0.6542575196850393
21
2.4776156299212597
0
LINE
8
BLACK
6
CONTINUOUS
10
-0.6542575196850393
20
2.4776156299212597
11
-0.6540739763779527
21
2.4779071653543308
0
LINE
8
BLACK
6
CONTINUOUS
10
-0.6540739763779527
20
2.4779071653543308
11
-0.6539997637795275
21
2.4779715354330709
0
LINE
8
BLACK
6
CONTINUOUS
10
-0.6539997637795275
20
2.4779715354330709
11
-0.6540739763779527
21
2.4780359055118111
0
LINE
8
BLACK
6
CONTINUOUS
10
-0.6540739763779527
20
2.4780359055118111
11
-0.6542575196850393
21
2.4783274803149604
0
LINE
8
BLACK
6
CONTINUOUS
10
-0.6542575196850393
20
2.4783274803149604
11
-0.6543065354330708
21
2.4783840157480315
0
LINE
8
BLACK
6
CONTINUOUS
10
-0.6543065354330708
20
2.4783840157480315
11
-0.6543216929133858
21
2.4784294488188974
0
LINE
8
BLACK
6
CONTINUOUS
10
-0.6543216929133858
20
2.4784294488188974
11
-0.6543823228346457
21
2.4785257874015749
0
LINE
8
BLACK
6
CONTINUOUS
10
-0.6543823228346457
20
2.4785257874015749
11
-0.6562570866141733
21
2.48227531496063
0
LINE
8
BLACK
6
CONTINUOUS
10
-0.6562570866141733
20
2.48227531496063
11
-0.6564639763779527
21
2.4828159448818896
0
LINE
8
BLACK
6
CONTINUOUS
10
-0.6564639763779527
20
2.4828159448818896
11
-0.6564714960629922
21
2.4829217716535434
0
LINE
8
BLACK
6
CONTINUOUS
10
-0.6564714960629922
20
2.4829217716535434
11
-0.6565120866141733
21
2.4830197637795277
0
LINE
8
BLACK
6
CONTINUOUS
10
-0.6565120866141733
20
2.4830197637795277
11
-0.6565688188976377
21
2.4835958267716536
0
LINE
8
BLACK
6
CONTINUOUS
10
-0.6565688188976377
20
2.4835958267716536
11
-0.6565688188976377
21
2.4892201181102362
0
LINE
8
BLACK
6
CONTINUOUS
10
-0.6565688188976377
20
2.4892201181102362
11
-0.6565120866141733
21
2.4897961811023621
0
LINE
8
BLACK
6
CONTINUOUS
10
-0.6565120866141733
20
2.4897961811023621
11
-0.6564714960629922
21
2.4898942125984251
0
LINE
8
BLACK
6
CONTINUOUS
10
-0.6564714960629922
20
2.4898942125984251
11
-0.6564639763779527
21
2.4899999999999998
0
LINE
8
BLACK
6
CONTINUOUS
10
-0.6564639763779527
20
2.4899999999999998
11
-0.6562570866141733
21
2.4905406299212598
0
LINE
8
BLACK
6
CONTINUOUS
10
-0.6562570866141733
20
2.4905406299212598
11
-0.6543823228346457
21
2.4942901968503937
0
LINE
8
BLACK
6
CONTINUOUS
10
-0.6543823228346457
20
2.4942901968503937
11
-0.6543216929133858
21
2.4943865354330708
0
LINE
8
BLACK
6
CONTINUOUS
10
-0.6543216929133858
20
2.4943865354330708
11
-0.6543065354330708
21
2.4944319685039371
0
LINE
8
BLACK
6
CONTINUOUS
10
-0.6543065354330708
20
2.4944319685039371
11
-0.6542574803149606
21
2.4944885826771652
0
LINE
8
BLACK
6
CONTINUOUS
10
-0.6542574803149606
20
2.4944885826771652
11
-0.6540739763779527
21
2.4947800393700788
0
LINE
8
BLACK
6
CONTINUOUS
10
-0.6540739763779527
20
2.4947800393700788
11
-0.6537943700787402
21
2.4950225590551183
0
LINE
8
BLACK
6
CONTINUOUS
10
-0.6537943700787402
20
2.4950225590551183
11
-0.6535516929133858
21
2.4953023622047246
0
LINE
8
BLACK
6
CONTINUOUS
10
-0.6535516929133858
20
2.4953023622047246
11
-0.653260157480315
21
2.4954859055118108
0
LINE
8
BLACK
6
CONTINUOUS
10
-0.653260157480315
20
2.4954859055118108
11
-0.6532035826771654
21
2.4955349212598423
0
LINE
8
BLACK
6
CONTINUOUS
10
-0.6532035826771654
20
2.4955349212598423
11
-0.6531581889763779
21
2.4955500787401572
0
LINE
8
BLACK
6
CONTINUOUS
10
-0.6531581889763779
20
2.4955500787401572
11
-0.653061811023622
21
2.4956107086614172
0
LINE
8
BLACK
6
CONTINUOUS
10
-0.653061811023622
20
2.4956107086614172
11
-0.6493122834645669
21
2.4974854724409448
0
LINE
8
BLACK
6
CONTINUOUS
10
-0.6493122834645669
20
2.4974854724409448
11
-0.6487716929133858
21
2.4976923622047242
0
LINE
8
BLACK
6
CONTINUOUS
10
-0.6487716929133858
20
2.4976923622047242
11
-0.6486658267716535
21
2.4976999212598425
0
LINE
8
BLACK
6
CONTINUOUS
10
-0.6486658267716535
20
2.4976999212598425
11
-0.6485678346456693
21
2.4977404724409449
0
LINE
8
BLACK
6
CONTINUOUS
10
-0.6485678346456693
20
2.4977404724409449
11
-0.6479917716535433
21
2.4977972047244092
0
LINE
8
BLACK
6
CONTINUOUS
10
-0.6479917716535433
20
2.4977972047244092
11
-0.6273693307086614
21
2.4977972047244092
0
LINE
8
BLACK
6
CONTINUOUS
10
-0.6273693307086614
20
2.4977972047244092
11
-0.6267932677165354
21
2.4977404724409449
0
LINE
8
BLACK
6
CONTINUOUS
10
0.4880901181102362
20
2.6471944881889762
11
0.4881881102362204
21
2.6471538976377951
0
LINE
8
BLACK
6
CONTINUOUS
10
0.4881881102362204
20
2.6471538976377951
11
0.488293937007874
21
2.647146377952756
0
LINE
8
BLACK
6
CONTINUOUS
10
0.488293937007874
20
2.647146377952756
11
0.4888345669291339
21
2.6469394881889765
0
LINE
8
BLACK
6
CONTINUOUS
10
0.4888345669291339
20
2.6469394881889765
11
0.492584094488189
21
2.645064724409449
0
LINE
8
BLACK
6
CONTINUOUS
10
0.492584094488189
20
2.645064724409449
11
0.4928320866141732
21
2.6449086614173227
0
LINE
8
BLACK
6
CONTINUOUS
10
0.4928320866141732
20
2.6449086614173227
11
0.4929040551181103
21
2.6448788188976375
0
LINE
8
BLACK
6
CONTINUOUS
10
0.4929040551181103
20
2.6448788188976375
11
0.492985
21
2.6448123622047244
0
LINE
8
BLACK
6
CONTINUOUS
10
0.492985
20
2.6448123622047244
11
0.4930739763779527
21
2.6447563779527559
0
LINE
8
BLACK
6
CONTINUOUS
10
0.4930739763779527
20
2.6447563779527559
11
0.4931251181102362
21
2.644697401574803
0
LINE
8
BLACK
6
CONTINUOUS
10
0.4931251181102362
20
2.644697401574803
11
0.4933514960629921
21
2.6445116141732283
0
LINE
8
BLACK
6
CONTINUOUS
10
0.4933514960629921
20
2.6445116141732283
11
0.4952262598425197
21
2.6426368503937008
0
LINE
8
BLACK
6
CONTINUOUS
10
0.4952262598425197
20
2.6426368503937008
11
0.4954120078740157
21
2.6424105118110237
0
LINE
8
BLACK
6
CONTINUOUS
10
0.4954120078740157
20
2.6424105118110237
11
0.4954710236220473
21
2.6423593307086612
0
LINE
8
BLACK
6
CONTINUOUS
10
0.4954710236220473
20
2.6423593307086612
11
0.495526968503937
21
2.6422703937007874
0
LINE
8
BLACK
6
CONTINUOUS
10
0.495526968503937
20
2.6422703937007874
11
0.4955934645669291
21
2.642189409448819
0
LINE
8
BLACK
6
CONTINUOUS
10
0.4955934645669291
20
2.642189409448819
11
0.4956232677165354
21
2.6421174803149605
0
LINE
8
BLACK
6
CONTINUOUS
10
0.4956232677165354
20
2.6421174803149605
11
0.4957793700787401
21
2.6418694488188974
0
LINE
8
BLACK
6
CONTINUOUS
10
0.4957793700787401
20
2.6418694488188974
11
0.4976541338582677
21
2.6381199212598423
0
LINE
8
BLACK
6
CONTINUOUS
10
0.4976541338582677
20
2.6381199212598423
11
0.4976702362204724
21
2.638077834645669
0
LINE
8
BLACK
6
CONTINUOUS
10
0.4976702362204724
20
2.638077834645669
11
0.4976829527559055
21
2.6380606692913386
0
LINE
8
BLACK
6
CONTINUOUS
10
0.4976829527559055
20
2.6380606692913386
11
0.4977692519685039
21
2.6378190944881887
0
LINE
8
BLACK
6
CONTINUOUS
10
0.4977692519685039
20
2.6378190944881887
11
0.4978610236220472
21
2.6375793307086615
0
LINE
8
BLACK
6
CONTINUOUS
10
0.4978610236220472
20
2.6375793307086615
11
0.4978625196850394
21
2.6375580708661417
0
LINE
8
BLACK
6
CONTINUOUS
10
0.4978625196850394
20
2.6375580708661417
11
0.4978777165354331
21
2.6375155511811021
0
LINE
8
BLACK
6
CONTINUOUS
10
0.4978777165354331
20
2.6375155511811021
11
0.4997524803149606
21
2.6300164960629919
0
LINE
8
BLACK
6
CONTINUOUS
10
0.4997524803149606
20
2.6300164960629919
11
0.4997672440944882
21
2.6299166535433072
0
LINE
8
BLACK
6
CONTINUOUS
10
0.4997672440944882
20
2.6299166535433072
11
0.4997838976377952
21
2.6298764173228344
0
LINE
8
BLACK
6
CONTINUOUS
10
0.4997838976377952
20
2.6298764173228344
11
0.4998052362204724
21
2.629659409448819
0
LINE
8
BLACK
6
CONTINUOUS
10
0.4998052362204724
20
2.629659409448819
11
0.499837125984252
21
2.6294438976377954
0
LINE
8
BLACK
6
CONTINUOUS
10
0.499837125984252
20
2.6294438976377954
11
0.4998307086614173
21
2.6294009055118108
0
LINE
8
BLACK
6
CONTINUOUS
10
0.4998307086614173
20
2.6294009055118108
11
0.4998406299212598
21
2.6293003543307085
0
LINE
8
BLACK
6
CONTINUOUS
10
0.4998406299212598
20
2.6293003543307085
11
0.4998406299212598
21
2.6199265354330707
0
LINE
8
BLACK
6
CONTINUOUS
10
0.4998406299212598
20
2.6199265354330707
11
0.4998307086614173
21
2.6198260236220472
0
LINE
8
BLACK
6
CONTINUOUS
10
0.4998307086614173
20
2.6198260236220472
11
0.499837125984252
21
2.6197829921259843
0
LINE
8
BLACK
6
CONTINUOUS
10
0.499837125984252
20
2.6197829921259843
11
0.4998052362204724
21
2.6195675196850394
0
LINE
8
BLACK
6
CONTINUOUS
10
0.4998052362204724
20
2.6195675196850394
11
0.4997838976377952
21
2.6193504724409449
0
LINE
8
BLACK
6
CONTINUOUS
10
0.4997838976377952
20
2.6193504724409449
11
0.4997672440944882
21
2.6193102755905513
0
LINE
8
BLACK
6
CONTINUOUS
10
0.4997672440944882
20
2.6193102755905513
11
0.4997524803149606
21
2.6192103937007873
0
LINE
8
BLACK
6
CONTINUOUS
10
0.4997524803149606
20
2.6192103937007873
11
0.4978777165354331
21
2.6117113385826771
0
LINE
8
BLACK
6
CONTINUOUS
10
0.4978777165354331
20
2.6117113385826771
11
0.4978625196850394
21
2.6116688582677163
0
LINE
8
BLACK
6
CONTINUOUS
10
0.4978625196850394
20
2.6116688582677163
11
0.4978610236220472
21
2.6116475590551183
0
LINE
8
BLACK
6
CONTINUOUS
10
0.4978610236220472
20
2.6116475590551183
11
0.4977692519685039
21
2.6114078346456693
0
LINE
8
BLACK
6
CONTINUOUS
10
0.4977692519685039
20
2.6114078346456693
11
0.4976829527559055
21
2.6111662204724411
0
LINE
8
BLACK
6
CONTINUOUS
10
0.4976829527559055
20
2.6111662204724411
11
0.4976702362204724
21
2.611149094488189
0
LINE
8
BLACK
6
CONTINUOUS
10
0.4976702362204724
20
2.611149094488189
11
0.4976541338582677
21
2.611106968503937
0
LINE
8
BLACK
6
CONTINUOUS
10
0.4976541338582677
20
2.611106968503937
11
0.4957793700787401
21
2.6073574409448819
0
LINE
8
BLACK
6
CONTINUOUS
10
0.4957793700787401
20
2.6073574409448819
11
0.4956233070866142
21
2.6071095669291338
0
LINE
8
BLACK
6
CONTINUOUS
10
0.4956233070866142
20
2.6071095669291338
11
0.4955935039370079
21
2.6070375196850395
0
LINE
8
BLACK
6
CONTINUOUS
10
0.4955935039370079
20
2.6070375196850395
11
0.495526968503937
21
2.6069564960629918
0
LINE
8
BLACK
6
CONTINUOUS
10
0.495526968503937
20
2.6069564960629918
11
0.4954710236220473
21
2.606867559055118
0
LINE
8
BLACK
6
CONTINUOUS
10
0.4954710236220473
20
2.606867559055118
11
0.4954120078740157
21
2.6068164173228348
0
LINE
8
BLACK
6
CONTINUOUS
10
0.4954120078740157
20
2.6068164173228348
11
0.4952262598425197
21
2.6065900393700785
0
LINE
8
BLACK
6
CONTINUOUS
10
0.4952262598425197
20
2.6065900393700785
11
0.4933515354330709
21
2.6047152755905509
0
LINE
8
BLACK
6
CONTINUOUS
10
0.4933515354330709
20
2.6047152755905509
11
0.4931251574803149
21
2.604529527559055
0
LINE
8
BLACK
6
CONTINUOUS
10
0.4931251574803149
20
2.604529527559055
11
0.4930739763779527
21
2.6044704724409447
0
LINE
8
BLACK
6
CONTINUOUS
10
0.4930739763779527
20
2.6044704724409447
11
0.492985
21
2.6044144881889761
0
LINE
8
BLACK
6
CONTINUOUS
10
0.492985
20
2.6044144881889761
11
0.4929040551181103
21
2.604348031496063
0
LINE
8
BLACK
6
CONTINUOUS
10
0.4929040551181103
20
2.604348031496063
11
0.4928320866141732
21
2.6043182283464565
0
LINE
8
BLACK
6
CONTINUOUS
10
0.4928320866141732
20
2.6043182283464565
11
0.492584094488189
21
2.604162125984252
0
LINE
8
BLACK
6
CONTINUOUS
10
0.492584094488189
20
2.604162125984252
11
0.4888345669291339
21
2.6022873622047245
0
LINE
8
BLACK
6
CONTINUOUS
10
0.4888345669291339
20
2.6022873622047245
11
0.488293937007874
21
2.602080472440945
0
LINE
8
BLACK
6
CONTINUOUS
10
0.488293937007874
20
2.602080472440945
11
0.4881881102362204
21
2.6020729921259842
0
LINE
8
BLACK
6
CONTINUOUS
10
0.4881881102362204
20
2.6020729921259842
11
0.4880901181102362
21
2.6020323622047243
0
LINE
8
BLACK
6
CONTINUOUS
10
0.4880901181102362
20
2.6020323622047243
11
0.4875140551181102
21
2.60197562992126
0
LINE
8
BLACK
6
CONTINUOUS
10
0.4875140551181102
20
2.60197562992126
11
0.4837645275590551
21
2.60197562992126
0
LINE
8
BLACK
6
CONTINUOUS
10
0.4837645275590551
20
2.60197562992126
11
0.4831884645669291
21
2.6020323622047243
0
LINE
8
BLACK
6
CONTINUOUS
10
0.4831884645669291
20
2.6020323622047243
11
0.4830904724409449
21
2.6020729527559054
0
LINE
8
BLACK
6
CONTINUOUS
10
0.4830904724409449
20
2.6020729527559054
11
0.4829846062992126
21
2.602080472440945
0
LINE
8
BLACK
6
CONTINUOUS
10
0.4829846062992126
20
2.602080472440945
11
0.4824440157480315
21
2.6022873622047245
0
LINE
8
BLACK
6
CONTINUOUS
10
0.4824440157480315
20
2.6022873622047245
11
0.4786944881889764
21
2.604162125984252
0
LINE
8
BLACK
6
CONTINUOUS
10
0.4786944881889764
20
2.604162125984252
11
0.4784464566929134
21
2.6043182283464565
0
LINE
8
BLACK
6
CONTINUOUS
10
0.4784464566929134
20
2.6043182283464565
11
0.4783745275590551
21
2.604348031496063
0
LINE
8
BLACK
6
CONTINUOUS
10
0.4783745275590551
20
2.604348031496063
11
0.4782935433070866
21
2.6044144881889761
0
LINE
8
BLACK
6
CONTINUOUS
10
0.4782935433070866
20
2.6044144881889761
11
0.4782046062992126
21
2.6044704724409447
0
LINE
8
BLACK
6
CONTINUOUS
10
0.4782046062992126
20
2.6044704724409447
11
0.4781533858267716
21
2.604529527559055
0
LINE
8
BLACK
6
CONTINUOUS
10
0.4781533858267716
20
2.604529527559055
11
0.4779270472440945
21
2.6047152755905509
0
LINE
8
BLACK
6
CONTINUOUS
10
0.4779270472440945
20
2.6047152755905509
11
0.4760522834645669
21
2.6065900787401572
0
LINE
8
BLACK
6
CONTINUOUS
10
0.4760522834645669
20
2.6065900787401572
11
0.4758665354330708
21
2.6068164173228348
0
LINE
8
BLACK
6
CONTINUOUS
10
0.4758665354330708
20
2.6068164173228348
11
0.4758075590551181
21
2.606867559055118
0
LINE
8
BLACK
6
CONTINUOUS
10
0.4758075590551181
20
2.606867559055118
11
0.4757515748031496
21
2.6069564960629918
0
LINE
8
BLACK
6
CONTINUOUS
10
0.4757515748031496
20
2.6069564960629918
11
0.4756850787401575
21
2.6070375196850395
0
LINE
8
BLACK
6
CONTINUOUS
10
0.4756850787401575
20
2.6070375196850395
11
0.4756552362204725
21
2.6071095669291338
0
LINE
8
BLACK
6
CONTINUOUS
10
0.4756552362204725
20
2.6071095669291338
11
0.4754992125984252
21
2.6073574409448819
0
LINE
8
BLACK
6
CONTINUOUS
10
0.4754992125984252
20
2.6073574409448819
11
0.4736244488188976
21
2.611106968503937
0
LINE
8
BLACK
6
CONTINUOUS
10
0.4736244488188976
20
2.611106968503937
11
0.4736083070866142
21
2.611149094488189
0
LINE
8
BLACK
6
CONTINUOUS
10
0.4736083070866142
20
2.611149094488189
11
0.4735956299212598
21
2.6111662204724411
0
LINE
8
BLACK
6
CONTINUOUS
10
0.4735956299212598
20
2.6111662204724411
11
0.4735091732283465
21
2.6114081889763781
0
LINE
8
BLACK
6
CONTINUOUS
10
0.4735091732283465
20
2.6114081889763781
11
0.4734175590551181
21
2.611647598425197
0
LINE
8
BLACK
6
CONTINUOUS
10
0.4734175590551181
20
2.611647598425197
11
0.4734160236220472
21
2.6116688582677163
0
LINE
8
BLACK
6
CONTINUOUS
10
0.4734160236220472
20
2.6116688582677163
11
0.4734008661417323
21
2.6117113385826771
0
LINE
8
BLACK
6
CONTINUOUS
10
0.4734008661417323
20
2.6117113385826771
11
0.4715261023622047
21
2.6192103937007873
0
LINE
8
BLACK
6
CONTINUOUS
10
0.4715261023622047
20
2.6192103937007873
11
0.4715112992125984
21
2.6193102755905513
0
LINE
8
BLACK
6
CONTINUOUS
10
0.4715112992125984
20
2.6193102755905513
11
0.4714946850393701
21
2.6193504724409449
0
LINE
8
BLACK
6
CONTINUOUS
10
0.4714946850393701
20
2.6193504724409449
11
0.4714733070866142
21
2.6195675196850394
0
LINE
8
BLACK
6
CONTINUOUS
10
0.4714733070866142
20
2.6195675196850394
11
0.4714414566929134
21
2.6197829921259843
0
LINE
8
BLACK
6
CONTINUOUS
10
0.4714414566929134
20
2.6197829921259843
11
0.4714478346456693
21
2.6198260236220472
0
LINE
8
BLACK
6
CONTINUOUS
10
0.4714478346456693
20
2.6198260236220472
11
0.4714379527559055
21
2.6199265354330707
0
LINE
8
BLACK
6
CONTINUOUS
10
0.4714379527559055
20
2.6199265354330707
11
0.4714379527559055
21
2.6293003543307085
0
LINE
8
BLACK
6
CONTINUOUS
10
0.4714379527559055
20
2.6293003543307085
11
0.4714478346456693
21
2.6294009055118108
0
LINE
8
BLACK
6
CONTINUOUS
10
0.4714478346456693
20
2.6294009055118108
11
0.4714414566929134
21
2.6294438976377954
0
LINE
8
BLACK
6
CONTINUOUS
10
0.4714414566929134
20
2.6294438976377954
11
0.4714733070866142
21
2.629659409448819
0
LINE
8
BLACK
6
CONTINUOUS
10
0.4714733070866142
20
2.629659409448819
11
0.4714946850393701
21
2.6298764173228344
0
LINE
8
BLACK
6
CONTINUOUS
10
0.4714946850393701
20
2.6298764173228344
11
0.4715112992125984
21
2.6299166535433072
0
LINE
8
BLACK
6
CONTINUOUS
10
0.4715112992125984
20
2.6299166535433072
11
0.4715261023622047
21
2.6300164960629919
0
LINE
8
BLACK
6
CONTINUOUS
10
0.4715261023622047
20
2.6300164960629919
11
0.4734008661417323
21
2.6375155511811021
0
LINE
8
BLACK
6
CONTINUOUS
10
0.4734008661417323
20
2.6375155511811021
11
0.4734160236220472
21
2.6375580708661417
0
LINE
8
BLACK
6
CONTINUOUS
10
0.4734160236220472
20
2.6375580708661417
11
0.4734175590551181
21
2.6375792913385827
0
LINE
8
BLACK
6
CONTINUOUS
10
0.4734175590551181
20
2.6375792913385827
11
0.4735091732283465
21
2.6378187401574804
0
LINE
8
BLACK
6
CONTINUOUS
10
0.4735091732283465
20
2.6378187401574804
11
0.4735956299212598
21
2.6380606692913386
0
LINE
8
BLACK
6
CONTINUOUS
10
0.4735956299212598
20
2.6380606692913386
11
0.4736083070866142
21
2.638077834645669
0
LINE
8
BLACK
6
CONTINUOUS
10
0.4736083070866142
20
2.638077834645669
11
0.4736244488188976
21
2.6381199212598423
0
LINE
8
BLACK
6
CONTINUOUS
10
0.4736244488188976
20
2.6381199212598423
11
0.4754992125984252
21
2.6418694488188974
0
LINE
8
BLACK
6
CONTINUOUS
10
0.4754992125984252
20
2.6418694488188974
11
0.4756552755905512
21
2.6421174803149605
0
LINE
8
BLACK
6
CONTINUOUS
10
0.4756552755905512
20
2.6421174803149605
11
0.4756851181102362
21
2.642189409448819
0
LINE
8
BLACK
6
CONTINUOUS
10
0.4756851181102362
20
2.642189409448819
11
0.4757515748031496
21
2.6422703937007874
0
LINE
8
BLACK
6
CONTINUOUS
10
0.4757515748031496
20
2.6422703937007874
11
0.4758075590551181
21
2.6423593307086612
0
LINE
8
BLACK
6
CONTINUOUS
10
0.4758075590551181
20
2.6423593307086612
11
0.4758665354330708
21
2.6424105118110237
0
LINE
8
BLACK
6
CONTINUOUS
10
0.4758665354330708
20
2.6424105118110237
11
0.4760523228346457
21
2.6426368503937008
0
LINE
8
BLACK
6
CONTINUOUS
10
0.4760523228346457
20
2.6426368503937008
11
0.4779270866141732
21
2.6445116141732283
0
LINE
8
BLACK
6
CONTINUOUS
10
0.4779270866141732
20
2.6445116141732283
11
0.4781534251968504
21
2.644697401574803
0
LINE
8
BLACK
6
CONTINUOUS
10
0.4781534251968504
20
2.644697401574803
11
0.4782046062992126
21
2.6447563779527559
0
LINE
8
BLACK
6
CONTINUOUS
10
0.4782046062992126
20
2.6447563779527559
11
0.4782935433070866
21
2.6448123622047244
0
LINE
8
BLACK
6
CONTINUOUS
10
0.4782935433070866
20
2.6448123622047244
11
0.4783745275590551
21
2.6448788188976375
0
LINE
8
BLACK
6
CONTINUOUS
10
0.4783745275590551
20
2.6448788188976375
11
0.4784464566929134
21
2.6449086614173227
0
LINE
8
BLACK
6
CONTINUOUS
10
0.4784464566929134
20
2.6449086614173227
11
0.4786944881889764
21
2.645064724409449
0
LINE
8
BLACK
6
CONTINUOUS
10
0.4786944881889764
20
2.645064724409449
11
0.4824440157480315
21
2.6469394881889765
0
LINE
8
BLACK
6
CONTINUOUS
10
0.4824440157480315
20
2.6469394881889765
11
0.4829846062992126
21
2.647146377952756
0
LINE
8
BLACK
6
CONTINUOUS
10
0.4829846062992126
20
2.647146377952756
11
0.4830904724409449
21
2.6471539370078738
0
LINE
8
BLACK
6
CONTINUOUS
10
0.4830904724409449
20
2.6471539370078738
11
0.4831884645669291
21
2.6471944881889762
0
LINE
8
BLACK
6
CONTINUOUS
10
0.4831884645669291
20
2.6471944881889762
11
0.4837645275590551
21
2.647251220472441
0
LINE
8
BLACK
6
CONTINUOUS
10
0.4837645275590551
20
2.647251220472441
11
0.4875140551181102
21
2.647251220472441
0
LINE
8
BLACK
6
CONTINUOUS
10
0.4875140551181102
20
2.647251220472441
11
0.4880901181102362
21
2.6471944881889762
0
LINE
8
BLACK
6
CONTINUOUS
10
0.481764094488189
20
2.6399969685039371
11
0.480566968503937
21
2.6387998425196848
0
LINE
8
BLACK
6
CONTINUOUS
10
0.480566968503937
20
2.6387998425196848
11
0.4790514566929134
21
2.6357688582677166
0
LINE
8
BLACK
6
CONTINUOUS
10
0.4790514566929134
20
2.6357688582677166
11
0.4773434645669291
21
2.628936811023622
0
LINE
8
BLACK
6
CONTINUOUS
10
0.4773434645669291
20
2.628936811023622
11
0.4773434645669291
21
2.6202900787401573
0
LINE
8
BLACK
6
CONTINUOUS
10
0.4773434645669291
20
2.6202900787401573
11
0.4790514566929134
21
2.6134580314960631
0
LINE
8
BLACK
6
CONTINUOUS
10
0.4790514566929134
20
2.6134580314960631
11
0.480566968503937
21
2.6104270472440945
0
LINE
8
BLACK
6
CONTINUOUS
10
0.480566968503937
20
2.6104270472440945
11
0.481764094488189
21
2.6092298818897639
0
LINE
8
BLACK
6
CONTINUOUS
10
0.481764094488189
20
2.6092298818897639
11
0.4844615748031496
21
2.6078811417322836
0
LINE
8
BLACK
6
CONTINUOUS
10
0.4844615748031496
20
2.6078811417322836
11
0.4868170078740157
21
2.6078811417322836
0
LINE
8
BLACK
6
CONTINUOUS
10
0.4868170078740157
20
2.6078811417322836
11
0.4895144488188976
21
2.6092298818897639
0
LINE
8
BLACK
6
CONTINUOUS
10
0.4895144488188976
20
2.6092298818897639
11
0.4907115748031496
21
2.6104270472440945
0
LINE
8
BLACK
6
CONTINUOUS
10
0.4907115748031496
20
2.6104270472440945
11
0.4922270866141732
21
2.6134580314960631
0
LINE
8
BLACK
6
CONTINUOUS
10
0.4922270866141732
20
2.6134580314960631
11
0.4939351181102362
21
2.6202900787401573
0
LINE
8
BLACK
6
CONTINUOUS
10
0.4939351181102362
20
2.6202900787401573
11
0.4939351181102362
21
2.628936811023622
0
LINE
8
BLACK
6
CONTINUOUS
10
0.4939351181102362
20
2.628936811023622
11
0.4922270866141732
21
2.6357688582677166
0
LINE
8
BLACK
6
CONTINUOUS
10
0.4922270866141732
20
2.6357688582677166
11
0.4907116141732283
21
2.6387998425196848
0
LINE
8
BLACK
6
CONTINUOUS
10
0.4907116141732283
20
2.6387998425196848
11
0.4895144881889764
21
2.6399969685039371
0
LINE
8
BLACK
6
CONTINUOUS
10
0.4895144881889764
20
2.6399969685039371
11
0.4868170078740157
21
2.6413457086614174
0
LINE
8
BLACK
6
CONTINUOUS
10
0.4868170078740157
20
2.6413457086614174
11
0.4844615748031496
21
2.6413457086614174
0
LINE
8
BLACK
6
CONTINUOUS
10
0.4844615748031496
20
2.6413457086614174
11
0.481764094488189
21
2.6399969685039371
0
LINE
8
BLACK
6
CONTINUOUS
10
0.542165905511811
20
2.6471944881889762
11
0.5424583070866141
21
2.6471944881889762
0
LINE
8
BLACK
6
CONTINUOUS
10
0.5424583070866141
20
2.6471944881889762
11
0.5427255511811023
21
2.6470837795275588
0
LINE
8
BLACK
6
CONTINUOUS
10
0.5427255511811023
20
2.6470837795275588
11
0.5430093700787402
21
2.6470276377952757
0
LINE
8
BLACK
6
CONTINUOUS
10
0.5430093700787402
20
2.6470276377952757
11
0.5432526377952756
21
2.6468654724409446
0
LINE
8
BLACK
6
CONTINUOUS
10
0.5432526377952756
20
2.6468654724409446
11
0.543522716535433
21
2.6467535826771651
0
LINE
8
BLACK
6
CONTINUOUS
10
0.543522716535433
20
2.6467535826771651
11
0.5437271653543307
21
2.6465491338582678
0
LINE
8
BLACK
6
CONTINUOUS
10
0.5437271653543307
20
2.6465491338582678
11
0.5439679921259842
21
2.6463885826771651
0
LINE
8
BLACK
6
CONTINUOUS
10
0.5439679921259842
20
2.6463885826771651
11
0.5441307086614173
21
2.646145590551181
0
LINE
8
BLACK
6
CONTINUOUS
10
0.5441307086614173
20
2.646145590551181
11
0.5443373622047244
21
2.6459389370078741
0
LINE
8
BLACK
6
CONTINUOUS
10
0.5443373622047244
20
2.6459389370078741
11
0.544448031496063
21
2.6456717322834646
0
LINE
8
BLACK
6
CONTINUOUS
10
0.544448031496063
20
2.6456717322834646
11
0.5446090551181102
21
2.6454312992125986
0
LINE
8
BLACK
6
CONTINUOUS
10
0.5446090551181102
20
2.6454312992125986
11
0.5446663779527559
21
2.6451446456692911
0
LINE
8
BLACK
6
CONTINUOUS
10
0.5446663779527559
20
2.6451446456692911
11
0.5447782677165354
21
2.6448745275590553
0
LINE
8
BLACK
6
CONTINUOUS
10
0.5447782677165354
20
2.6448745275590553
11
0.5448343700787401
21
2.6443046062992126
0
LINE
8
BLACK
6
CONTINUOUS
10
0.5448343700787401
20
2.6443046062992126
11
0.544835
21
2.6443015748031495
0
LINE
8
BLACK
6
CONTINUOUS
10
0.544835
20
2.6443015748031495
11
0.5448347637795276
21
2.6443005511811024
0
LINE
8
BLACK
6
CONTINUOUS
10
0.5448347637795276
20
2.6443005511811024
11
0.544835
21
2.644298464566929
0
LINE
8
BLACK
6
CONTINUOUS
10
0.544835
20
2.644298464566929
11
0.544835
21
2.6078811417322836
0
LINE
8
BLACK
6
CONTINUOUS
10
0.544835
20
2.6078811417322836
11
0.5531308267716535
21
2.6078811417322836
0
LINE
8
BLACK
6
CONTINUOUS
10
0.5531308267716535
20
2.6078811417322836
11
0.5537068897637795
21
2.6078244094488188
0
LINE
8
BLACK
6
CONTINUOUS
10
0.5537068897637795
20
2.6078244094488188
11
0.5547712992125984
21
2.6073835039370077
0
LINE
8
BLACK
6
CONTINUOUS
10
0.5547712992125984
20
2.6073835039370077
11
0.5555859448818897
21
2.6065688582677167
0
LINE
8
BLACK
6
CONTINUOUS
10
0.5555859448818897
20
2.6065688582677167
11
0.5560268503937008
21
2.6055044488188974
0
LINE
8
BLACK
6
CONTINUOUS
10
0.5560268503937008
20
2.6055044488188974
11
0.5560268503937008
21
2.6043523228346457
0
LINE
8
BLACK
6
CONTINUOUS
10
0.5560268503937008
20
2.6043523228346457
11
0.5555859448818897
21
2.6032879133858269
0
LINE
8
BLACK
6
CONTINUOUS
10
0.5555859448818897
20
2.6032879133858269
11
0.5547712992125984
21
2.6024732677165354
0
LINE
8
BLACK
6
CONTINUOUS
10
0.5547712992125984
20
2.6024732677165354
11
0.5537068897637795
21
2.6020323622047243
0
LINE
8
BLACK
6
CONTINUOUS
10
0.5537068897637795
20
2.6020323622047243
11
0.5531308267716535
21
2.60197562992126
0
LINE
8
BLACK
6
CONTINUOUS
10
0.5531308267716535
20
2.60197562992126
11
0.5306336614173228
21
2.60197562992126
0
LINE
8
BLACK
6
CONTINUOUS
10
0.5306336614173228
20
2.60197562992126
11
0.5300575984251968
21
2.6020323622047243
0
LINE
8
BLACK
6
CONTINUOUS
10
0.5300575984251968
20
2.6020323622047243
11
0.5289931889763779
21
2.6024732677165354
0
LINE
8
BLACK
6
CONTINUOUS
10
0.5289931889763779
20
2.6024732677165354
11
0.5281785433070866
21
2.6032879133858269
0
LINE
8
BLACK
6
CONTINUOUS
10
0.5281785433070866
20
2.6032879133858269
11
0.5277376377952756
21
2.6043523228346457
0
LINE
8
BLACK
6
CONTINUOUS
10
0.5277376377952756
20
2.6043523228346457
11
0.5277376377952756
21
2.6055044488188974
0
LINE
8
BLACK
6
CONTINUOUS
10
0.5277376377952756
20
2.6055044488188974
11
0.5281785433070866
21
2.6065688582677167
0
LINE
8
BLACK
6
CONTINUOUS
10
0.5281785433070866
20
2.6065688582677167
11
0.5289931889763779
21
2.6073835039370077
0
LINE
8
BLACK
6
CONTINUOUS
10
0.5289931889763779
20
2.6073835039370077
11
0.5300575984251968
21
2.6078244094488188
0
LINE
8
BLACK
6
CONTINUOUS
10
0.5300575984251968
20
2.6078244094488188
11
0.5306336614173228
21
2.6078811417322836
0
LINE
8
BLACK
6
CONTINUOUS
10
0.5306336614173228
20
2.6078811417322836
11
0.5389294881889763
21
2.6078811417322836
0
LINE
8
BLACK
6
CONTINUOUS
10
0.5389294881889763
20
2.6078811417322836
11
0.5389294881889763
21
2.635295118110236
0
LINE
8
BLACK
6
CONTINUOUS
10
0.5389294881889763
20
2.635295118110236
11
0.5364711023622047
21
2.6328367322834647
0
LINE
8
BLACK
6
CONTINUOUS
10
0.5364711023622047
20
2.6328367322834647
11
0.5362447244094488
21
2.6326509842519683
0
LINE
8
BLACK
6
CONTINUOUS
10
0.5362447244094488
20
2.6326509842519683
11
0.5361935826771653
21
2.6325919685039367
0
LINE
8
BLACK
6
CONTINUOUS
10
0.5361935826771653
20
2.6325919685039367
11
0.5361046062992126
21
2.632536023622047
0
LINE
8
BLACK
6
CONTINUOUS
10
0.5361046062992126
20
2.632536023622047
11
0.5360236614173228
21
2.6324695275590551
0
LINE
8
BLACK
6
CONTINUOUS
10
0.5360236614173228
20
2.6324695275590551
11
0.5359516929133858
21
2.6324397244094486
0
LINE
8
BLACK
6
CONTINUOUS
10
0.5359516929133858
20
2.6324397244094486
11
0.5357037007874016
21
2.6322836220472441
0
LINE
8
BLACK
6
CONTINUOUS
10
0.5357037007874016
20
2.6322836220472441
11
0.5319541732283465
21
2.6304088582677165
0
LINE
8
BLACK
6
CONTINUOUS
10
0.5319541732283465
20
2.6304088582677165
11
0.5314135433070866
21
2.6302019685039371
0
LINE
8
BLACK
6
CONTINUOUS
10
0.5314135433070866
20
2.6302019685039371
11
0.5302643307086614
21
2.6301203149606298
0
LINE
8
BLACK
6
CONTINUOUS
10
0.5302643307086614
20
2.6301203149606298
11
0.5291713779527559
21
2.6304846456692914
0
LINE
8
BLACK
6
CONTINUOUS
10
0.5291713779527559
20
2.6304846456692914
11
0.5283009842519685
21
2.6312394881889762
0
LINE
8
BLACK
6
CONTINUOUS
10
0.5283009842519685
20
2.6312394881889762
11
0.527785748031496
21
2.6322700000000001
0
LINE
8
BLACK
6
CONTINUOUS
10
0.527785748031496
20
2.6322700000000001
11
0.527704094488189
21
2.633419212598425
0
LINE
8
BLACK
6
CONTINUOUS
10
0.527704094488189
20
2.633419212598425
11
0.5280684251968504
21
2.6345121653543306
0
LINE
8
BLACK
6
CONTINUOUS
10
0.5280684251968504
20
2.6345121653543306
11
0.5288232677165354
21
2.6353825590551181
0
LINE
8
BLACK
6
CONTINUOUS
10
0.5288232677165354
20
2.6353825590551181
11
0.5293131496062992
21
2.6356909055118112
0
LINE
8
BLACK
6
CONTINUOUS
10
0.5293131496062992
20
2.6356909055118112
11
0.532634094488189
21
2.637351377952756
0
LINE
8
BLACK
6
CONTINUOUS
10
0.532634094488189
20
2.637351377952756
11
0.5358379921259843
21
2.6405552755905513
0
LINE
8
BLACK
6
CONTINUOUS
10
0.5358379921259843
20
2.6405552755905513
11
0.5394253937007873
21
2.645936377952756
0
LINE
8
BLACK
6
CONTINUOUS
10
0.5394253937007873
20
2.645936377952756
11
0.5394267322834646
21
2.6459380708661415
0
LINE
8
BLACK
6
CONTINUOUS
10
0.5394267322834646
20
2.6459380708661415
11
0.5394271259842519
21
2.6459389370078741
0
LINE
8
BLACK
6
CONTINUOUS
10
0.5394271259842519
20
2.6459389370078741
11
0.5394291338582677
21
2.6459409842519683
0
LINE
8
BLACK
6
CONTINUOUS
10
0.5394291338582677
20
2.6459409842519683
11
0.5397921653543307
21
2.6463842125984249
0
LINE
8
BLACK
6
CONTINUOUS
10
0.5397921653543307
20
2.6463842125984249
11
0.5400350393700787
21
2.6465468897637794
0
LINE
8
BLACK
6
CONTINUOUS
10
0.5400350393700787
20
2.6465468897637794
11
0.5402417716535433
21
2.6467535826771651
0
LINE
8
BLACK
6
CONTINUOUS
10
0.5402417716535433
20
2.6467535826771651
11
0.5405090551181102
21
2.6468643307086612
0
LINE
8
BLACK
6
CONTINUOUS
10
0.5405090551181102
20
2.6468643307086612
11
0.5407494488188976
21
2.647025275590551
0
LINE
8
BLACK
6
CONTINUOUS
10
0.5407494488188976
20
2.647025275590551
11
0.5410360629921259
21
2.6470826377952754
0
LINE
8
BLACK
6
CONTINUOUS
10
0.5410360629921259
20
2.6470826377952754
11
0.5413061811023622
21
2.6471944881889762
0
LINE
8
BLACK
6
CONTINUOUS
10
0.5413061811023622
20
2.6471944881889762
11
0.5415954724409449
21
2.6471944881889762
0
LINE
8
BLACK
6
CONTINUOUS
10
0.5415954724409449
20
2.6471944881889762
11
0.5418791338582677
21
2.647251220472441
0
LINE
8
BLACK
6
CONTINUOUS
10
0.5418791338582677
20
2.647251220472441
11
0.542165905511811
21
2.6471944881889762
0
LINE
8
BLACK
6
CONTINUOUS
10
0.5909307874015748
20
2.6472212204724408
11
0.5910082677165355
21
2.6472263779527561
0
LINE
8
BLACK
6
CONTINUOUS
10
0.5910082677165355
20
2.6472263779527561
11
0.5910616141732283
21
2.6472083464566927
0
LINE
8
BLACK
6
CONTINUOUS
10
0.5910616141732283
20
2.6472083464566927
11
0.5912022047244094
21
2.6471944881889762
0
LINE
8
BLACK
6
CONTINUOUS
10
0.5912022047244094
20
2.6471944881889762
11
0.5916453937007874
21
2.6470109055118112
0
LINE
8
BLACK
6
CONTINUOUS
10
0.5916453937007874
20
2.6470109055118112
11
0.5920996456692913
21
2.6468572834645667
0
LINE
8
BLACK
6
CONTINUOUS
10
0.5920996456692913
20
2.6468572834645667
11
0.5921746062992126
21
2.6467917322834644
0
LINE
8
BLACK
6
CONTINUOUS
10
0.5921746062992126
20
2.6467917322834644
11
0.5922666141732283
21
2.6467535826771651
0
LINE
8
BLACK
6
CONTINUOUS
10
0.5922666141732283
20
2.6467535826771651
11
0.5926055905511811
21
2.6464146062992127
0
LINE
8
BLACK
6
CONTINUOUS
10
0.5926055905511811
20
2.6464146062992127
11
0.5929667322834645
21
2.6460986220472442
0
LINE
8
BLACK
6
CONTINUOUS
10
0.5929667322834645
20
2.6460986220472442
11
0.593010905511811
21
2.6460092913385824
0
LINE
8
BLACK
6
CONTINUOUS
10
0.593010905511811
20
2.6460092913385824
11
0.5930812598425197
21
2.6459389370078741
0
LINE
8
BLACK
6
CONTINUOUS
10
0.5930812598425197
20
2.6459389370078741
11
0.5932647244094488
21
2.6454960236220471
0
LINE
8
BLACK
6
CONTINUOUS
10
0.5932647244094488
20
2.6454960236220471
11
0.5934774409448819
21
2.6450658661417323
0
LINE
8
BLACK
6
CONTINUOUS
10
0.5934774409448819
20
2.6450658661417323
11
0.5934840551181102
21
2.6449665354330709
0
LINE
8
BLACK
6
CONTINUOUS
10
0.5934840551181102
20
2.6449665354330709
11
0.5935221653543307
21
2.6448745275590553
0
LINE
8
BLACK
6
CONTINUOUS
10
0.5935221653543307
20
2.6448745275590553
11
0.5935221653543307
21
2.6443948425196848
0
LINE
8
BLACK
6
CONTINUOUS
10
0.5935221653543307
20
2.6443948425196848
11
0.5935540551181102
21
2.6439163385826769
0
LINE
8
BLACK
6
CONTINUOUS
10
0.5935540551181102
20
2.6439163385826769
11
0.5935221653543307
21
2.6438220472440945
0
LINE
8
BLACK
6
CONTINUOUS
10
0.5935221653543307
20
2.6438220472440945
11
0.5935221653543307
21
2.6437224015748031
0
LINE
8
BLACK
6
CONTINUOUS
10
0.5935221653543307
20
2.6437224015748031
11
0.5933385433070866
21
2.6432792125984252
0
LINE
8
BLACK
6
CONTINUOUS
10
0.5933385433070866
20
2.6432792125984252
11
0.5931849606299212
21
2.642824960629921
0
LINE
8
BLACK
6
CONTINUOUS
10
0.5931849606299212
20
2.642824960629921
11
0.5931028346456693
21
2.6427101181102364
0
LINE
8
BLACK
6
CONTINUOUS
10
0.5931028346456693
20
2.6427101181102364
11
0.5930812598425197
21
2.6426579921259843
0
LINE
8
BLACK
6
CONTINUOUS
10
0.5930812598425197
20
2.6426579921259843
11
0.5930262992125984
21
2.6426030708661417
0
LINE
8
BLACK
6
CONTINUOUS
10
0.5930262992125984
20
2.6426030708661417
11
0.5928483070866142
21
2.6423540551181102
0
LINE
8
BLACK
6
CONTINUOUS
10
0.5928483070866142
20
2.6423540551181102
11
0.5839153937007874
21
2.6321450393700787
0
LINE
8
BLACK
6
CONTINUOUS
10
0.5839153937007874
20
2.6321450393700787
11
0.5844475984251969
21
2.6319413779527561
0
LINE
8
BLACK
6
CONTINUOUS
10
0.5844475984251969
20
2.6319413779527561
11
0.588197125984252
21
2.6300666141732281
0
LINE
8
BLACK
6
CONTINUOUS
10
0.588197125984252
20
2.6300666141732281
11
0.5884451181102363
21
2.6299105511811023
0
LINE
8
BLACK
6
CONTINUOUS
10
0.5884451181102363
20
2.6299105511811023
11
0.5885170866141732
21
2.6298807086614171
0
LINE
8
BLACK
6
CONTINUOUS
10
0.5885170866141732
20
2.6298807086614171
11
0.5885980314960629
21
2.6298142519685039
0
LINE
8
BLACK
6
CONTINUOUS
10
0.5885980314960629
20
2.6298142519685039
11
0.5886870078740157
21
2.6297582677165354
0
LINE
8
BLACK
6
CONTINUOUS
10
0.5886870078740157
20
2.6297582677165354
11
0.5887381496062992
21
2.6296992913385826
0
LINE
8
BLACK
6
CONTINUOUS
10
0.5887381496062992
20
2.6296992913385826
11
0.5889645275590552
21
2.6295135039370079
0
LINE
8
BLACK
6
CONTINUOUS
10
0.5889645275590552
20
2.6295135039370079
11
0.5908392913385827
21
2.6276387401574803
0
LINE
8
BLACK
6
CONTINUOUS
10
0.5908392913385827
20
2.6276387401574803
11
0.5910250393700788
21
2.6274124015748033
0
LINE
8
BLACK
6
CONTINUOUS
10
0.5910250393700788
20
2.6274124015748033
11
0.5910840551181102
21
2.6273612204724408
0
LINE
8
BLACK
6
CONTINUOUS
10
0.5910840551181102
20
2.6273612204724408
11
0.59114
21
2.627272283464567
0
LINE
8
BLACK
6
CONTINUOUS
10
0.59114
20
2.627272283464567
11
0.5912064960629921
21
2.6271912992125985
0
LINE
8
BLACK
6
CONTINUOUS
10
0.5912064960629921
20
2.6271912992125985
11
0.5912362992125985
21
2.6271193700787401
0
LINE
8
BLACK
6
CONTINUOUS
10
0.5912362992125985
20
2.6271193700787401
11
0.5913924015748031
21
2.626871338582677
0
LINE
8
BLACK
6
CONTINUOUS
10
0.5913924015748031
20
2.626871338582677
11
0.5932671653543307
21
2.6231218110236219
0
LINE
8
BLACK
6
CONTINUOUS
10
0.5932671653543307
20
2.6231218110236219
11
0.5934740551181102
21
2.622581220472441
0
LINE
8
BLACK
6
CONTINUOUS
10
0.5934740551181102
20
2.622581220472441
11
0.5934815748031496
21
2.6224753543307084
0
LINE
8
BLACK
6
CONTINUOUS
10
0.5934815748031496
20
2.6224753543307084
11
0.5935221653543307
21
2.6223773622047242
0
LINE
8
BLACK
6
CONTINUOUS
10
0.5935221653543307
20
2.6223773622047242
11
0.5935788976377953
21
2.6218012992125983
0
LINE
8
BLACK
6
CONTINUOUS
10
0.5935788976377953
20
2.6218012992125983
11
0.5935788976377953
21
2.6124274803149605
0
LINE
8
BLACK
6
CONTINUOUS
10
0.5935788976377953
20
2.6124274803149605
11
0.5935221653543307
21
2.6118514173228347
0
LINE
8
BLACK
6
CONTINUOUS
10
0.5935221653543307
20
2.6118514173228347
11
0.5934815748031496
21
2.6117534645669291
0
LINE
8
BLACK
6
CONTINUOUS
10
0.5934815748031496
20
2.6117534645669291
11
0.5934740551181102
21
2.6116475590551183
0
LINE
8
BLACK
6
CONTINUOUS
10
0.5934740551181102
20
2.6116475590551183
11
0.5932671653543307
21
2.611106968503937
0
LINE
8
BLACK
6
CONTINUOUS
10
0.5932671653543307
20
2.611106968503937
11
0.5913924015748031
21
2.6073574409448819
0
LINE
8
BLACK
6
CONTINUOUS
10
0.5913924015748031
20
2.6073574409448819
11
0.5912363385826771
21
2.6071095669291338
0
LINE
8
BLACK
6
CONTINUOUS
10
0.5912363385826771
20
2.6071095669291338
11
0.5912065354330709
21
2.6070375196850395
0
LINE
8
BLACK
6
CONTINUOUS
10
0.5912065354330709
20
2.6070375196850395
11
0.59114
21
2.6069564960629918
0
LINE
8
BLACK
6
CONTINUOUS
10
0.59114
20
2.6069564960629918
11
0.5910840551181102
21
2.606867559055118
0
LINE
8
BLACK
6
CONTINUOUS
10
0.5910840551181102
20
2.606867559055118
11
0.5910250393700788
21
2.6068164173228348
0
LINE
8
BLACK
6
CONTINUOUS
10
0.5910250393700788
20
2.6068164173228348
11
0.5908392913385827
21
2.6065900393700785
0
LINE
8
BLACK
6
CONTINUOUS
10
0.5908392913385827
20
2.6065900393700785
11
0.5889645669291338
21
2.6047152755905509
0
LINE
8
BLACK
6
CONTINUOUS
10
0.5889645669291338
20
2.6047152755905509
11
0.588738188976378
21
2.604529527559055
0
LINE
8
BLACK
6
CONTINUOUS
10
0.588738188976378
20
2.604529527559055
11
0.5886870078740157
21
2.6044704724409447
0
LINE
8
BLACK
6
CONTINUOUS
10
0.5886870078740157
20
2.6044704724409447
11
0.5885980314960629
21
2.6044144881889761
0
LINE
8
BLACK
6
CONTINUOUS
10
0.5885980314960629
20
2.6044144881889761
11
0.5885170866141732
21
2.604348031496063
0
LINE
8
BLACK
6
CONTINUOUS
10
0.5885170866141732
20
2.604348031496063
11
0.5884451181102363
21
2.6043182283464565
0
LINE
8
BLACK
6
CONTINUOUS
10
0.5884451181102363
20
2.6043182283464565
11
0.588197125984252
21
2.604162125984252
0
LINE
8
BLACK
6
CONTINUOUS
10
0.588197125984252
20
2.604162125984252
11
0.5844475984251969
21
2.6022873622047245
0
LINE
8
BLACK
6
CONTINUOUS
10
0.5844475984251969
20
2.6022873622047245
11
0.583906968503937
21
2.602080472440945
0
LINE
8
BLACK
6
CONTINUOUS
10
0.583906968503937
20
2.602080472440945
11
0.5838011417322835
21
2.6020729921259842
0
LINE
8
BLACK
6
CONTINUOUS
10
0.5838011417322835
20
2.6020729921259842
11
0.5837031496062992
21
2.6020323622047243
0
LINE
8
BLACK
6
CONTINUOUS
10
0.5837031496062992
20
2.6020323622047243
11
0.5831270866141732
21
2.60197562992126
0
LINE
8
BLACK
6
CONTINUOUS
10
0.5831270866141732
20
2.60197562992126
11
0.5718785039370079
21
2.60197562992126
0
LINE
8
BLACK
6
CONTINUOUS
10
0.5718785039370079
20
2.60197562992126
11
0.5713024409448819
21
2.6020323622047243
0
LINE
8
BLACK
6
CONTINUOUS
10
0.5713024409448819
20
2.6020323622047243
11
0.5712044488188976
21
2.6020729527559054
0
LINE
8
BLACK
6
CONTINUOUS
10
0.5712044488188976
20
2.6020729527559054
11
0.5710985826771653
21
2.602080472440945
0
LINE
8
BLACK
6
CONTINUOUS
10
0.5710985826771653
20
2.602080472440945
11
0.5705579921259842
21
2.6022873622047245
0
LINE
8
BLACK
6
CONTINUOUS
10
0.5705579921259842
20
2.6022873622047245
11
0.5668084645669291
21
2.604162125984252
0
LINE
8
BLACK
6
CONTINUOUS
10
0.5668084645669291
20
2.604162125984252
11
0.5665604330708661
21
2.6043182283464565
0
LINE
8
BLACK
6
CONTINUOUS
10
0.5665604330708661
20
2.6043182283464565
11
0.5664885039370079
21
2.604348031496063
0
LINE
8
BLACK
6
CONTINUOUS
10
0.5664885039370079
20
2.604348031496063
11
0.5664075196850393
21
2.6044144881889761
0
LINE
8
BLACK
6
CONTINUOUS
10
0.5664075196850393
20
2.6044144881889761
11
0.5663185826771654
21
2.6044704724409447
0
LINE
8
BLACK
6
CONTINUOUS
10
0.5663185826771654
20
2.6044704724409447
11
0.5662673622047244
21
2.604529527559055
0
LINE
8
BLACK
6
CONTINUOUS
10
0.5662673622047244
20
2.604529527559055
11
0.5660410236220472
21
2.6047152755905509
0
LINE
8
BLACK
6
CONTINUOUS
10
0.5660410236220472
20
2.6047152755905509
11
0.5641662598425197
21
2.6065900787401572
0
LINE
8
BLACK
6
CONTINUOUS
10
0.5641662598425197
20
2.6065900787401572
11
0.5637990551181102
21
2.6070375196850395
0
LINE
8
BLACK
6
CONTINUOUS
10
0.5637990551181102
20
2.6070375196850395
11
0.5633581889763779
21
2.6081019291338583
0
LINE
8
BLACK
6
CONTINUOUS
10
0.5633581889763779
20
2.6081019291338583
11
0.5633581889763779
21
2.6092540157480313
0
LINE
8
BLACK
6
CONTINUOUS
10
0.5633581889763779
20
2.6092540157480313
11
0.563799094488189
21
2.6103184251968505
0
LINE
8
BLACK
6
CONTINUOUS
10
0.563799094488189
20
2.6103184251968505
11
0.5646137795275591
21
2.6111331102362203
0
LINE
8
BLACK
6
CONTINUOUS
10
0.5646137795275591
20
2.6111331102362203
11
0.5656781889763779
21
2.6115739763779526
0
LINE
8
BLACK
6
CONTINUOUS
10
0.5656781889763779
20
2.6115739763779526
11
0.5668302755905512
21
2.6115739763779526
0
LINE
8
BLACK
6
CONTINUOUS
10
0.5668302755905512
20
2.6115739763779526
11
0.56789468503937
21
2.6111330708661415
0
LINE
8
BLACK
6
CONTINUOUS
10
0.56789468503937
20
2.6111330708661415
11
0.5683421653543307
21
2.6107658267716536
0
LINE
8
BLACK
6
CONTINUOUS
10
0.5683421653543307
20
2.6107658267716536
11
0.5698780708661417
21
2.6092298818897639
0
LINE
8
BLACK
6
CONTINUOUS
10
0.5698780708661417
20
2.6092298818897639
11
0.5725755511811024
21
2.6078811417322836
0
LINE
8
BLACK
6
CONTINUOUS
10
0.5725755511811024
20
2.6078811417322836
11
0.5824300393700788
21
2.6078811417322836
0
LINE
8
BLACK
6
CONTINUOUS
10
0.5824300393700788
20
2.6078811417322836
11
0.5851274803149606
21
2.6092298818897639
0
LINE
8
BLACK
6
CONTINUOUS
10
0.5851274803149606
20
2.6092298818897639
11
0.5863246062992126
21
2.6104270472440945
0
LINE
8
BLACK
6
CONTINUOUS
10
0.5863246062992126
20
2.6104270472440945
11
0.5876733858267716
21
2.6131245275590551
0
LINE
8
BLACK
6
CONTINUOUS
10
0.5876733858267716
20
2.6131245275590551
11
0.5876733858267716
21
2.6211042519685037
0
LINE
8
BLACK
6
CONTINUOUS
10
0.5876733858267716
20
2.6211042519685037
11
0.5863246456692913
21
2.6238017322834644
0
LINE
8
BLACK
6
CONTINUOUS
10
0.5863246456692913
20
2.6238017322834644
11
0.5851275196850394
21
2.6249988582677166
0
LINE
8
BLACK
6
CONTINUOUS
10
0.5851275196850394
20
2.6249988582677166
11
0.5824300393700788
21
2.6263475984251969
0
LINE
8
BLACK
6
CONTINUOUS
10
0.5824300393700788
20
2.6263475984251969
11
0.5775027952755906
21
2.6263475984251969
0
LINE
8
BLACK
6
CONTINUOUS
10
0.5775027952755906
20
2.6263475984251969
11
0.5771981102362205
21
2.6263776377952754
0
LINE
8
BLACK
6
CONTINUOUS
10
0.5771981102362205
20
2.6263776377952754
11
0.5771206692913385
21
2.6263724409448819
0
LINE
8
BLACK
6
CONTINUOUS
10
0.5771206692913385
20
2.6263724409448819
11
0.5770672834645669
21
2.6263905118110236
0
LINE
8
BLACK
6
CONTINUOUS
10
0.5770672834645669
20
2.6263905118110236
11
0.5769267322834646
21
2.6264043307086613
0
LINE
8
BLACK
6
CONTINUOUS
10
0.5769267322834646
20
2.6264043307086613
11
0.5764835039370079
21
2.6265879527559055
0
LINE
8
BLACK
6
CONTINUOUS
10
0.5764835039370079
20
2.6265879527559055
11
0.5760292913385827
21
2.6267415354330708
0
LINE
8
BLACK
6
CONTINUOUS
10
0.5760292913385827
20
2.6267415354330708
11
0.5759542913385827
21
2.6268071259842518
0
LINE
8
BLACK
6
CONTINUOUS
10
0.5759542913385827
20
2.6268071259842518
11
0.5758623228346457
21
2.6268452362204724
0
LINE
8
BLACK
6
CONTINUOUS
10
0.5758623228346457
20
2.6268452362204724
11
0.5755233070866141
21
2.627184251968504
0
LINE
8
BLACK
6
CONTINUOUS
10
0.5755233070866141
20
2.627184251968504
11
0.5751622047244095
21
2.6275001968503937
0
LINE
8
BLACK
6
CONTINUOUS
10
0.5751622047244095
20
2.6275001968503937
11
0.5751179921259842
21
2.6275895669291338
0
LINE
8
BLACK
6
CONTINUOUS
10
0.5751179921259842
20
2.6275895669291338
11
0.5750476771653543
21
2.6276598818897638
0
LINE
8
BLACK
6
CONTINUOUS
10
0.5750476771653543
20
2.6276598818897638
11
0.5748641732283465
21
2.6281028346456692
0
LINE
8
BLACK
6
CONTINUOUS
10
0.5748641732283465
20
2.6281028346456692
11
0.5746514960629922
21
2.6285329527559056
0
LINE
8
BLACK
6
CONTINUOUS
10
0.5746514960629922
20
2.6285329527559056
11
0.5746448425196851
21
2.6286323228346458
0
LINE
8
BLACK
6
CONTINUOUS
10
0.5746448425196851
20
2.6286323228346458
11
0.5746067716535433
21
2.6287242913385827
0
LINE
8
BLACK
6
CONTINUOUS
10
0.5746067716535433
20
2.6287242913385827
11
0.5746067716535433
21
2.6292040157480314
0
LINE
8
BLACK
6
CONTINUOUS
10
0.5746067716535433
20
2.6292040157480314
11
0.5745748818897638
21
2.6296824803149605
0
LINE
8
BLACK
6
CONTINUOUS
10
0.5745748818897638
20
2.6296824803149605
11
0.5746067716535433
21
2.6297768110236222
0
LINE
8
BLACK
6
CONTINUOUS
10
0.5746067716535433
20
2.6297768110236222
11
0.5746067716535433
21
2.6298764173228344
0
LINE
8
BLACK
6
CONTINUOUS
10
0.5746067716535433
20
2.6298764173228344
11
0.5747903543307087
21
2.6303196456692914
0
LINE
8
BLACK
6
CONTINUOUS
10
0.5747903543307087
20
2.6303196456692914
11
0.5749439763779527
21
2.6307738582677165
0
LINE
8
BLACK
6
CONTINUOUS
10
0.5749439763779527
20
2.6307738582677165
11
0.575026062992126
21
2.6308887401574803
0
LINE
8
BLACK
6
CONTINUOUS
10
0.575026062992126
20
2.6308887401574803
11
0.5750476771653543
21
2.6309408267716536
0
LINE
8
BLACK
6
CONTINUOUS
10
0.5750476771653543
20
2.6309408267716536
11
0.5751025984251968
21
2.6309957874015746
0
LINE
8
BLACK
6
CONTINUOUS
10
0.5751025984251968
20
2.6309957874015746
11
0.5752806299212598
21
2.6312447637795273
0
LINE
8
BLACK
6
CONTINUOUS
10
0.5752806299212598
20
2.6312447637795273
11
0.5841189763779527
21
2.6413457086614174
0
LINE
8
BLACK
6
CONTINUOUS
10
0.5841189763779527
20
2.6413457086614174
11
0.5662542125984252
21
2.6413457086614174
0
LINE
8
BLACK
6
CONTINUOUS
10
0.5662542125984252
20
2.6413457086614174
11
0.5656781496062993
21
2.6414024409448817
0
LINE
8
BLACK
6
CONTINUOUS
10
0.5656781496062993
20
2.6414024409448817
11
0.5646137401574803
21
2.6418433464566928
0
LINE
8
BLACK
6
CONTINUOUS
10
0.5646137401574803
20
2.6418433464566928
11
0.563799094488189
21
2.6426579921259843
0
LINE
8
BLACK
6
CONTINUOUS
10
0.563799094488189
20
2.6426579921259843
11
0.5633581889763779
21
2.6437224015748031
0
LINE
8
BLACK
6
CONTINUOUS
10
0.5633581889763779
20
2.6437224015748031
11
0.5633581889763779
21
2.6448745275590553
0
LINE
8
BLACK
6
CONTINUOUS
10
0.5633581889763779
20
2.6448745275590553
11
0.563799094488189
21
2.6459389370078741
0
LINE
8
BLACK
6
CONTINUOUS
10
0.563799094488189
20
2.6459389370078741
11
0.5646137401574803
21
2.6467535826771651
0
LINE
8
BLACK
6
CONTINUOUS
10
0.5646137401574803
20
2.6467535826771651
11
0.5656781496062993
21
2.6471944881889762
0
LINE
8
BLACK
6
CONTINUOUS
10
0.5656781496062993
20
2.6471944881889762
11
0.5662542125984252
21
2.647251220472441
0
LINE
8
BLACK
6
CONTINUOUS
10
0.5662542125984252
20
2.647251220472441
11
0.5906261417322834
21
2.647251220472441
0
LINE
8
BLACK
6
CONTINUOUS
10
0.5906261417322834
20
2.647251220472441
11
0.5909307874015748
21
2.6472212204724408
0
LINE
8
BLACK
6
CONTINUOUS
10
0.6211984645669291
20
2.6471944881889762
11
0.6212964566929133
21
2.6471538976377951
0
LINE
8
BLACK
6
CONTINUOUS
10
0.6212964566929133
20
2.6471538976377951
11
0.6214022834645669
21
2.647146377952756
0
LINE
8
BLACK
6
CONTINUOUS
10
0.6214022834645669
20
2.647146377952756
11
0.6219429133858267
21
2.6469394881889765
0
LINE
8
BLACK
6
CONTINUOUS
10
0.6219429133858267
20
2.6469394881889765
11
0.6256924409448819
21
2.645064724409449
0
LINE
8
BLACK
6
CONTINUOUS
10
0.6256924409448819
20
2.645064724409449
11
0.6259404330708661
21
2.6449086614173227
0
LINE
8
BLACK
6
CONTINUOUS
10
0.6259404330708661
20
2.6449086614173227
11
0.6260124015748031
21
2.6448788188976375
0
LINE
8
BLACK
6
CONTINUOUS
10
0.6260124015748031
20
2.6448788188976375
11
0.6260933464566929
21
2.6448123622047244
0
LINE
8
BLACK
6
CONTINUOUS
10
0.6260933464566929
20
2.6448123622047244
11
0.6261823228346457
21
2.6447563779527559
0
LINE
8
BLACK
6
CONTINUOUS
10
0.6261823228346457
20
2.6447563779527559
11
0.6262334645669291
21
2.644697401574803
0
LINE
8
BLACK
6
CONTINUOUS
10
0.6262334645669291
20
2.644697401574803
11
0.626459842519685
21
2.6445116141732283
0
LINE
8
BLACK
6
CONTINUOUS
10
0.626459842519685
20
2.6445116141732283
11
0.6283346062992126
21
2.6426368503937008
0
LINE
8
BLACK
6
CONTINUOUS
10
0.6283346062992126
20
2.6426368503937008
11
0.6285203543307086
21
2.6424105118110237
0
LINE
8
BLACK
6
CONTINUOUS
10
0.6285203543307086
20
2.6424105118110237
11
0.6285793700787401
21
2.6423593307086612
0
LINE
8
BLACK
6
CONTINUOUS
10
0.6285793700787401
20
2.6423593307086612
11
0.6286353149606299
21
2.6422703937007874
0
LINE
8
BLACK
6
CONTINUOUS
10
0.6286353149606299
20
2.6422703937007874
11
0.628701811023622
21
2.642189409448819
0
LINE
8
BLACK
6
CONTINUOUS
10
0.628701811023622
20
2.642189409448819
11
0.6287316141732283
21
2.6421174803149605
0
LINE
8
BLACK
6
CONTINUOUS
10
0.6287316141732283
20
2.6421174803149605
11
0.6288877165354331
21
2.6418694488188974
0
LINE
8
BLACK
6
CONTINUOUS
10
0.6288877165354331
20
2.6418694488188974
11
0.6307624803149606
21
2.6381199212598423
0
LINE
8
BLACK
6
CONTINUOUS
10
0.6307624803149606
20
2.6381199212598423
11
0.6309693700787401
21
2.6375793307086615
0
LINE
8
BLACK
6
CONTINUOUS
10
0.6309693700787401
20
2.6375793307086615
11
0.6309768897637795
21
2.6374734645669289
0
LINE
8
BLACK
6
CONTINUOUS
10
0.6309768897637795
20
2.6374734645669289
11
0.6310174803149606
21
2.6373754724409446
0
LINE
8
BLACK
6
CONTINUOUS
10
0.6310174803149606
20
2.6373754724409446
11
0.6310742125984252
21
2.6367994094488187
0
LINE
8
BLACK
6
CONTINUOUS
10
0.6310742125984252
20
2.6367994094488187
11
0.6310742125984252
21
2.6330498818897636
0
LINE
8
BLACK
6
CONTINUOUS
10
0.6310742125984252
20
2.6330498818897636
11
0.6310454724409449
21
2.6327583070866143
0
LINE
8
BLACK
6
CONTINUOUS
10
0.6310454724409449
20
2.6327583070866143
11
0.6310510236220472
21
2.6326805511811022
0
LINE
8
BLACK
6
CONTINUOUS
10
0.6310510236220472
20
2.6326805511811022
11
0.6310277559055117
21
2.632578307086614
0
LINE
8
BLACK
6
CONTINUOUS
10
0.6310277559055117
20
2.632578307086614
11
0.6310174803149606
21
2.6324738188976378
0
LINE
8
BLACK
6
CONTINUOUS
10
0.6310174803149606
20
2.6324738188976378
11
0.6309875984251968
21
2.6324017716535431
0
LINE
8
BLACK
6
CONTINUOUS
10
0.6309875984251968
20
2.6324017716535431
11
0.6309226771653543
21
2.6321161023622048
0
LINE
8
BLACK
6
CONTINUOUS
10
0.6309226771653543
20
2.6321161023622048
11
0.6290479133858268
21
2.6264918503937009
0
LINE
8
BLACK
6
CONTINUOUS
10
0.6290479133858268
20
2.6264918503937009
11
0.6288119291338583
21
2.6259632677165352
0
LINE
8
BLACK
6
CONTINUOUS
10
0.6288119291338583
20
2.6259632677165352
11
0.6287424409448819
21
2.6258831889763781
0
LINE
8
BLACK
6
CONTINUOUS
10
0.6287424409448819
20
2.6258831889763781
11
0.6287018503937007
21
2.6257851181102363
0
LINE
8
BLACK
6
CONTINUOUS
10
0.6287018503937007
20
2.6257851181102363
11
0.6283346062992126
21
2.6253376771653545
0
LINE
8
BLACK
6
CONTINUOUS
10
0.6283346062992126
20
2.6253376771653545
11
0.6108781102362204
21
2.6078811417322836
0
LINE
8
BLACK
6
CONTINUOUS
10
0.6108781102362204
20
2.6078811417322836
11
0.6281214566929134
21
2.6078811417322836
0
LINE
8
BLACK
6
CONTINUOUS
10
0.6281214566929134
20
2.6078811417322836
11
0.6286975196850394
21
2.6078244094488188
0
LINE
8
BLACK
6
CONTINUOUS
10
0.6286975196850394
20
2.6078244094488188
11
0.6297619291338582
21
2.6073835039370077
0
LINE
8
BLACK
6
CONTINUOUS
10
0.6297619291338582
20
2.6073835039370077
11
0.6305765748031495
21
2.6065688582677167
0
LINE
8
BLACK
6
CONTINUOUS
10
0.6305765748031495
20
2.6065688582677167
11
0.6310174803149606
21
2.6055044488188974
0
LINE
8
BLACK
6
CONTINUOUS
10
0.6310174803149606
20
2.6055044488188974
11
0.6310174803149606
21
2.6043523228346457
0
LINE
8
BLACK
6
CONTINUOUS
10
0.6310174803149606
20
2.6043523228346457
11
0.6305765748031495
21
2.6032879133858269
0
LINE
8
BLACK
6
CONTINUOUS
10
0.6305765748031495
20
2.6032879133858269
11
0.6297619291338582
21
2.6024732677165354
0
LINE
8
BLACK
6
CONTINUOUS
10
0.6297619291338582
20
2.6024732677165354
11
0.6286975196850394
21
2.6020323622047243
0
LINE
8
BLACK
6
CONTINUOUS
10
0.6286975196850394
20
2.6020323622047243
11
0.6281214566929134
21
2.60197562992126
0
LINE
8
BLACK
6
CONTINUOUS
10
0.6281214566929134
20
2.60197562992126
11
0.6037495275590551
21
2.60197562992126
0
LINE
8
BLACK
6
CONTINUOUS
10
0.6037495275590551
20
2.60197562992126
11
0.6031734645669291
21
2.6020323622047243
0
LINE
8
BLACK
6
CONTINUOUS
10
0.6031734645669291
20
2.6020323622047243
11
0.6021090551181102
21
2.6024732677165354
0
LINE
8
BLACK
6
CONTINUOUS
10
0.6021090551181102
20
2.6024732677165354
11
0.6012944094488188
21
2.6032879133858269
0
LINE
8
BLACK
6
CONTINUOUS
10
0.6012944094488188
20
2.6032879133858269
11
0.6008535039370079
21
2.6043523228346457
0
LINE
8
BLACK
6
CONTINUOUS
10
0.6008535039370079
20
2.6043523228346457
11
0.6008535039370079
21
2.6055044488188974
0
LINE
8
BLACK
6
CONTINUOUS
10
0.6008535039370079
20
2.6055044488188974
11
0.6012944094488188
21
2.6065688582677167
0
LINE
8
BLACK
6
CONTINUOUS
10
0.6012944094488188
20
2.6065688582677167
11
0.6016616141732284
21
2.6070162992125985
0
LINE
8
BLACK
6
CONTINUOUS
10
0.6016616141732284
20
2.6070162992125985
11
0.6236658661417323
21
2.6290206299212597
0
LINE
8
BLACK
6
CONTINUOUS
10
0.6236658661417323
20
2.6290206299212597
11
0.6251687007874016
21
2.6335290157480316
0
LINE
8
BLACK
6
CONTINUOUS
10
0.6251687007874016
20
2.6335290157480316
11
0.6251687007874016
21
2.6361023622047242
0
LINE
8
BLACK
6
CONTINUOUS
10
0.6251687007874016
20
2.6361023622047242
11
0.6238199606299213
21
2.6387998425196848
0
LINE
8
BLACK
6
CONTINUOUS
10
0.6238199606299213
20
2.6387998425196848
11
0.6226228346456693
21
2.6399969685039371
0
LINE
8
BLACK
6
CONTINUOUS
10
0.6226228346456693
20
2.6399969685039371
11
0.6199253543307086
21
2.6413457086614174
0
LINE
8
BLACK
6
CONTINUOUS
10
0.6199253543307086
20
2.6413457086614174
11
0.6119456299212598
21
2.6413457086614174
0
LINE
8
BLACK
6
CONTINUOUS
10
0.6119456299212598
20
2.6413457086614174
11
0.6092481496062992
21
2.6399969685039371
0
LINE
8
BLACK
6
CONTINUOUS
10
0.6092481496062992
20
2.6399969685039371
11
0.6077122047244095
21
2.6384610236220474
0
LINE
8
BLACK
6
CONTINUOUS
10
0.6077122047244095
20
2.6384610236220474
11
0.6072647637795275
21
2.6380938188976377
0
LINE
8
BLACK
6
CONTINUOUS
10
0.6072647637795275
20
2.6380938188976377
11
0.6062003149606299
21
2.6376529133858266
0
LINE
8
BLACK
6
CONTINUOUS
10
0.6062003149606299
20
2.6376529133858266
11
0.6050482677165354
21
2.6376529133858266
0
LINE
8
BLACK
6
CONTINUOUS
10
0.6050482677165354
20
2.6376529133858266
11
0.6039838188976377
21
2.6380938188976377
0
LINE
8
BLACK
6
CONTINUOUS
10
0.6039838188976377
20
2.6380938188976377
11
0.6031691732283464
21
2.6389084645669292
0
LINE
8
BLACK
6
CONTINUOUS
10
0.6031691732283464
20
2.6389084645669292
11
0.6027282677165354
21
2.6399729133858267
0
LINE
8
BLACK
6
CONTINUOUS
10
0.6027282677165354
20
2.6399729133858267
11
0.6027282677165354
21
2.6411249606299214
0
LINE
8
BLACK
6
CONTINUOUS
10
0.6027282677165354
20
2.6411249606299214
11
0.6031691732283464
21
2.642189409448819
0
LINE
8
BLACK
6
CONTINUOUS
10
0.6031691732283464
20
2.642189409448819
11
0.6035363779527559
21
2.6426368503937008
0
LINE
8
BLACK
6
CONTINUOUS
10
0.6035363779527559
20
2.6426368503937008
11
0.6054111417322835
21
2.6445116141732283
0
LINE
8
BLACK
6
CONTINUOUS
10
0.6054111417322835
20
2.6445116141732283
11
0.6056374803149606
21
2.644697401574803
0
LINE
8
BLACK
6
CONTINUOUS
10
0.6056374803149606
20
2.644697401574803
11
0.6056886614173228
21
2.6447563779527559
0
LINE
8
BLACK
6
CONTINUOUS
10
0.6056886614173228
20
2.6447563779527559
11
0.6057775984251969
21
2.6448123622047244
0
LINE
8
BLACK
6
CONTINUOUS
10
0.6057775984251969
20
2.6448123622047244
11
0.6058585826771653
21
2.6448788188976375
0
LINE
8
BLACK
6
CONTINUOUS
10
0.6058585826771653
20
2.6448788188976375
11
0.6059305118110236
21
2.6449086614173227
0
LINE
8
BLACK
6
CONTINUOUS
10
0.6059305118110236
20
2.6449086614173227
11
0.6061785433070866
21
2.645064724409449
0
LINE
8
BLACK
6
CONTINUOUS
10
0.6061785433070866
20
2.645064724409449
11
0.6099280708661418
21
2.6469394881889765
0
LINE
8
BLACK
6
CONTINUOUS
10
0.6099280708661418
20
2.6469394881889765
11
0.6104686614173228
21
2.647146377952756
0
LINE
8
BLACK
6
CONTINUOUS
10
0.6104686614173228
20
2.647146377952756
11
0.6105745275590551
21
2.6471539370078738
0
LINE
8
BLACK
6
CONTINUOUS
10
0.6105745275590551
20
2.6471539370078738
11
0.6106725196850393
21
2.6471944881889762
0
LINE
8
BLACK
6
CONTINUOUS
10
0.6106725196850393
20
2.6471944881889762
11
0.6112485826771653
21
2.647251220472441
0
LINE
8
BLACK
6
CONTINUOUS
10
0.6112485826771653
20
2.647251220472441
11
0.6206224015748031
21
2.647251220472441
0
LINE
8
BLACK
6
CONTINUOUS
10
0.6206224015748031
20
2.647251220472441
11
0.6211984645669291
21
2.6471944881889762
0
LINE
8
BLACK
6
CONTINUOUS
10
0.4477314960629921
20
2.6487384645669292
11
0.4486018897637795
21
2.6479835826771652
0
LINE
8
BLACK
6
CONTINUOUS
10
0.4486018897637795
20
2.6479835826771652
11
0.4491170866141732
21
2.6469531102362205
0
LINE
8
BLACK
6
CONTINUOUS
10
0.4491170866141732
20
2.6469531102362205
11
0.449198779527559
21
2.6458038976377951
0
LINE
8
BLACK
6
CONTINUOUS
10
0.449198779527559
20
2.6458038976377951
11
0.4490704330708661
21
2.6452394488188977
0
LINE
8
BLACK
6
CONTINUOUS
10
0.4490704330708661
20
2.6452394488188977
11
0.440992125984252
21
2.6210045275590552
0
LINE
8
BLACK
6
CONTINUOUS
10
0.440992125984252
20
2.6210045275590552
11
0.4526902755905512
21
2.6210045275590552
0
LINE
8
BLACK
6
CONTINUOUS
10
0.4526902755905512
20
2.6210045275590552
11
0.4526902755905512
21
2.6311751181102361
0
LINE
8
BLACK
6
CONTINUOUS
10
0.4526902755905512
20
2.6311751181102361
11
0.4527470078740157
21
2.6317511811023619
0
LINE
8
BLACK
6
CONTINUOUS
10
0.4527470078740157
20
2.6317511811023619
11
0.4531879133858268
21
2.6328155905511812
0
LINE
8
BLACK
6
CONTINUOUS
10
0.4531879133858268
20
2.6328155905511812
11
0.4540025590551181
21
2.6336302362204722
0
LINE
8
BLACK
6
CONTINUOUS
10
0.4540025590551181
20
2.6336302362204722
11
0.455066968503937
21
2.6340711417322833
0
LINE
8
BLACK
6
CONTINUOUS
10
0.455066968503937
20
2.6340711417322833
11
0.456219094488189
21
2.6340711417322833
0
LINE
8
BLACK
6
CONTINUOUS
10
0.456219094488189
20
2.6340711417322833
11
0.4572835039370078
21
2.6336302362204722
0
LINE
8
BLACK
6
CONTINUOUS
10
0.4572835039370078
20
2.6336302362204722
11
0.4580981496062992
21
2.6328155905511812
0
LINE
8
BLACK
6
CONTINUOUS
10
0.4580981496062992
20
2.6328155905511812
11
0.4585390551181102
21
2.6317511811023619
0
LINE
8
BLACK
6
CONTINUOUS
10
0.4585390551181102
20
2.6317511811023619
11
0.4585957874015748
21
2.6311751181102361
0
LINE
8
BLACK
6
CONTINUOUS
10
0.4585957874015748
20
2.6311751181102361
11
0.4585957874015748
21
2.6210045275590552
0
LINE
8
BLACK
6
CONTINUOUS
10
0.4585957874015748
20
2.6210045275590552
11
0.4612673228346457
21
2.6210045275590552
0
LINE
8
BLACK
6
CONTINUOUS
10
0.4612673228346457
20
2.6210045275590552
11
0.4618433858267716
21
2.6209477952755904
0
LINE
8
BLACK
6
CONTINUOUS
10
0.4618433858267716
20
2.6209477952755904
11
0.4629077952755906
21
2.6205068897637793
0
LINE
8
BLACK
6
CONTINUOUS
10
0.4629077952755906
20
2.6205068897637793
11
0.4637224409448819
21
2.6196922440944883
0
LINE
8
BLACK
6
CONTINUOUS
10
0.4637224409448819
20
2.6196922440944883
11
0.4641633464566929
21
2.6186278346456691
0
LINE
8
BLACK
6
CONTINUOUS
10
0.4641633464566929
20
2.6186278346456691
11
0.4641633464566929
21
2.6174757086614173
0
LINE
8
BLACK
6
CONTINUOUS
10
0.4641633464566929
20
2.6174757086614173
11
0.4637224409448819
21
2.6164112992125985
0
LINE
8
BLACK
6
CONTINUOUS
10
0.4637224409448819
20
2.6164112992125985
11
0.4629077952755906
21
2.6155966535433071
0
LINE
8
BLACK
6
CONTINUOUS
10
0.4629077952755906
20
2.6155966535433071
11
0.4618433858267716
21
2.615155748031496
0
LINE
8
BLACK
6
CONTINUOUS
10
0.4618433858267716
20
2.615155748031496
11
0.4612673228346457
21
2.6150990157480316
0
LINE
8
BLACK
6
CONTINUOUS
10
0.4612673228346457
20
2.6150990157480316
11
0.4585957874015748
21
2.6150990157480316
0
LINE
8
BLACK
6
CONTINUOUS
10
0.4585957874015748
20
2.6150990157480316
11
0.4585957874015748
21
2.6049283858267716
0
LINE
8
BLACK
6
CONTINUOUS
10
0.4585957874015748
20
2.6049283858267716
11
0.4585390551181102
21
2.6043523228346457
0
LINE
8
BLACK
6
CONTINUOUS
10
0.4585390551181102
20
2.6043523228346457
11
0.4580981496062992
21
2.6032879133858269
0
LINE
8
BLACK
6
CONTINUOUS
10
0.4580981496062992
20
2.6032879133858269
11
0.4572835039370078
21
2.6024732677165354
0
LINE
8
BLACK
6
CONTINUOUS
10
0.4572835039370078
20
2.6024732677165354
11
0.456219094488189
21
2.6020323622047243
0
LINE
8
BLACK
6
CONTINUOUS
10
0.456219094488189
20
2.6020323622047243
11
0.455066968503937
21
2.6020323622047243
0
LINE
8
BLACK
6
CONTINUOUS
10
0.455066968503937
20
2.6020323622047243
11
0.4540025590551181
21
2.6024732677165354
0
LINE
8
BLACK
6
CONTINUOUS
10
0.4540025590551181
20
2.6024732677165354
11
0.4531879133858268
21
2.6032879133858269
0
LINE
8
BLACK
6
CONTINUOUS
10
0.4531879133858268
20
2.6032879133858269
11
0.4527470078740157
21
2.6043523228346457
0
LINE
8
BLACK
6
CONTINUOUS
10
0.4527470078740157
20
2.6043523228346457
11
0.4526902755905512
21
2.6049283858267716
0
LINE
8
BLACK
6
CONTINUOUS
10
0.4526902755905512
20
2.6049283858267716
11
0.4526902755905512
21
2.6150990157480316
0
LINE
8
BLACK
6
CONTINUOUS
10
0.4526902755905512
20
2.6150990157480316
11
0.4368953937007874
21
2.6150990157480316
0
LINE
8
BLACK
6
CONTINUOUS
10
0.4368953937007874
20
2.6150990157480316
11
0.4366038188976378
21
2.6151277559055117
0
LINE
8
BLACK
6
CONTINUOUS
10
0.4366038188976378
20
2.6151277559055117
11
0.4365261023622047
21
2.6151222047244094
0
LINE
8
BLACK
6
CONTINUOUS
10
0.4365261023622047
20
2.6151222047244094
11
0.4364699606299213
21
2.6151409448818899
0
LINE
8
BLACK
6
CONTINUOUS
10
0.4364699606299213
20
2.6151409448818899
11
0.4363193307086614
21
2.615155748031496
0
LINE
8
BLACK
6
CONTINUOUS
10
0.4363193307086614
20
2.615155748031496
11
0.4358820078740158
21
2.6153368897637796
0
LINE
8
BLACK
6
CONTINUOUS
10
0.4358820078740158
20
2.6153368897637796
11
0.4354330708661417
21
2.615486535433071
0
LINE
8
BLACK
6
CONTINUOUS
10
0.4354330708661417
20
2.615486535433071
11
0.435352874015748
21
2.6155561023622047
0
LINE
8
BLACK
6
CONTINUOUS
10
0.435352874015748
20
2.6155561023622047
11
0.4352549212598425
21
2.6155966535433071
0
LINE
8
BLACK
6
CONTINUOUS
10
0.4352549212598425
20
2.6155966535433071
11
0.4349202755905512
21
2.6159312992125985
0
LINE
8
BLACK
6
CONTINUOUS
10
0.4349202755905512
20
2.6159312992125985
11
0.434562716535433
21
2.6162414173228346
0
LINE
8
BLACK
6
CONTINUOUS
10
0.434562716535433
20
2.6162414173228346
11
0.4345152755905512
21
2.6163362992125982
0
LINE
8
BLACK
6
CONTINUOUS
10
0.4345152755905512
20
2.6163362992125982
11
0.4344402755905512
21
2.6164112992125985
0
LINE
8
BLACK
6
CONTINUOUS
10
0.4344402755905512
20
2.6164112992125985
11
0.4342590944881889
21
2.6168486614173228
0
LINE
8
BLACK
6
CONTINUOUS
10
0.4342590944881889
20
2.6168486614173228
11
0.4340475196850394
21
2.6172718503937009
0
LINE
8
BLACK
6
CONTINUOUS
10
0.4340475196850394
20
2.6172718503937009
11
0.43404
21
2.6173776377952755
0
LINE
8
BLACK
6
CONTINUOUS
10
0.43404
20
2.6173776377952755
11
0.4339993700787401
21
2.6174757086614173
0
LINE
8
BLACK
6
CONTINUOUS
10
0.4339993700787401
20
2.6174757086614173
11
0.4339993700787401
21
2.6179492125984249
0
LINE
8
BLACK
6
CONTINUOUS
10
0.4339993700787401
20
2.6179492125984249
11
0.4339658267716535
21
2.6184210629921258
0
LINE
8
BLACK
6
CONTINUOUS
10
0.4339658267716535
20
2.6184210629921258
11
0.4339993700787401
21
2.6185685826771654
0
LINE
8
BLACK
6
CONTINUOUS
10
0.4339993700787401
20
2.6185685826771654
11
0.4339993700787401
21
2.6186278346456691
0
LINE
8
BLACK
6
CONTINUOUS
10
0.4339993700787401
20
2.6186278346456691
11
0.4340292125984252
21
2.6186999606299213
0
LINE
8
BLACK
6
CONTINUOUS
10
0.4340292125984252
20
2.6186999606299213
11
0.4340941732283464
21
2.6189855118110237
0
LINE
8
BLACK
6
CONTINUOUS
10
0.4340941732283464
20
2.6189855118110237
11
0.4434679921259843
21
2.647106968503937
0
LINE
8
BLACK
6
CONTINUOUS
10
0.4434679921259843
20
2.647106968503937
11
0.4437039763779527
21
2.6476355118110235
0
LINE
8
BLACK
6
CONTINUOUS
10
0.4437039763779527
20
2.6476355118110235
11
0.4444588582677165
21
2.6485058661417322
0
LINE
8
BLACK
6
CONTINUOUS
10
0.4444588582677165
20
2.6485058661417322
11
0.4454892913385827
21
2.6490211023622048
0
LINE
8
BLACK
6
CONTINUOUS
10
0.4454892913385827
20
2.6490211023622048
11
0.4466385039370079
21
2.6491027952755903
0
LINE
8
BLACK
6
CONTINUOUS
10
0.4466385039370079
20
2.6491027952755903
11
0.4477314960629921
21
2.6487384645669292
0
LINE
8
BLACK
6
CONTINUOUS
10
0.514680905511811
20
2.6114314566929133
11
0.515401220472441
21
2.6111331102362203
0
LINE
8
BLACK
6
CONTINUOUS
10
0.515401220472441
20
2.6111331102362203
11
0.5154012598425197
21
2.6111330708661415
0
LINE
8
BLACK
6
CONTINUOUS
10
0.5154012598425197
20
2.6111330708661415
11
0.5158487401574803
21
2.6107658267716536
0
LINE
8
BLACK
6
CONTINUOUS
10
0.5158487401574803
20
2.6107658267716536
11
0.5177234645669291
21
2.608891062992126
0
LINE
8
BLACK
6
CONTINUOUS
10
0.5177234645669291
20
2.608891062992126
11
0.5180907086614173
21
2.6084435826771655
0
LINE
8
BLACK
6
CONTINUOUS
10
0.5180907086614173
20
2.6084435826771655
11
0.5185297637795275
21
2.6073835039370077
0
LINE
8
BLACK
6
CONTINUOUS
10
0.5185297637795275
20
2.6073835039370077
11
0.5185315748031496
21
2.6073791732283462
0
LINE
8
BLACK
6
CONTINUOUS
10
0.5185315748031496
20
2.6073791732283462
11
0.5185315748031496
21
2.6062270866141732
0
LINE
8
BLACK
6
CONTINUOUS
10
0.5185315748031496
20
2.6062270866141732
11
0.5180906692913386
21
2.6051626771653544
0
LINE
8
BLACK
6
CONTINUOUS
10
0.5180906692913386
20
2.6051626771653544
11
0.5177234645669291
21
2.6047152362204722
0
LINE
8
BLACK
6
CONTINUOUS
10
0.5177234645669291
20
2.6047152362204722
11
0.5158487007874015
21
2.6028404724409446
0
LINE
8
BLACK
6
CONTINUOUS
10
0.5158487007874015
20
2.6028404724409446
11
0.5154012598425197
21
2.6024732677165354
0
LINE
8
BLACK
6
CONTINUOUS
10
0.5154012598425197
20
2.6024732677165354
11
0.5143368503937008
21
2.6020323622047243
0
LINE
8
BLACK
6
CONTINUOUS
10
0.5143368503937008
20
2.6020323622047243
11
0.5143368110236221
21
2.6020323622047243
0
LINE
8
BLACK
6
CONTINUOUS
10
0.5143368110236221
20
2.6020323622047243
11
0.5131847637795276
21
2.6020323622047243
0
LINE
8
BLACK
6
CONTINUOUS
10
0.5131847637795276
20
2.6020323622047243
11
0.5131847244094488
21
2.6020323622047243
0
LINE
8
BLACK
6
CONTINUOUS
10
0.5131847244094488
20
2.6020323622047243
11
0.5121203149606299
21
2.6024732677165354
0
LINE
8
BLACK
6
CONTINUOUS
10
0.5121203149606299
20
2.6024732677165354
11
0.511672874015748
21
2.6028404724409446
0
LINE
8
BLACK
6
CONTINUOUS
10
0.511672874015748
20
2.6028404724409446
11
0.5097981102362205
21
2.6047152362204722
0
LINE
8
BLACK
6
CONTINUOUS
10
0.5097981102362205
20
2.6047152362204722
11
0.509430905511811
21
2.6051626771653544
0
LINE
8
BLACK
6
CONTINUOUS
10
0.509430905511811
20
2.6051626771653544
11
0.5091883070866141
21
2.6057483858267716
0
LINE
8
BLACK
6
CONTINUOUS
10
0.5091883070866141
20
2.6057483858267716
11
0.5089899999999999
21
2.6062270866141732
0
LINE
8
BLACK
6
CONTINUOUS
10
0.5089899999999999
20
2.6062270866141732
11
0.5089899999999999
21
2.6073791732283462
0
LINE
8
BLACK
6
CONTINUOUS
10
0.5089899999999999
20
2.6073791732283462
11
0.5094308661417323
21
2.6084435826771655
0
LINE
8
BLACK
6
CONTINUOUS
10
0.5094308661417323
20
2.6084435826771655
11
0.5097980708661417
21
2.6088910236220473
0
LINE
8
BLACK
6
CONTINUOUS
10
0.5097980708661417
20
2.6088910236220473
11
0.5116728346456693
21
2.6107658267716536
0
LINE
8
BLACK
6
CONTINUOUS
10
0.5116728346456693
20
2.6107658267716536
11
0.5121203149606299
21
2.6111330708661415
0
LINE
8
BLACK
6
CONTINUOUS
10
0.5121203149606299
20
2.6111330708661415
11
0.5121203543307087
21
2.6111331102362203
0
LINE
8
BLACK
6
CONTINUOUS
10
0.5121203543307087
20
2.6111331102362203
11
0.5128406692913385
21
2.6114314566929133
0
LINE
8
BLACK
6
CONTINUOUS
10
0.5128406692913385
20
2.6114314566929133
11
0.5131847244094488
21
2.6115739763779526
0
LINE
8
BLACK
6
CONTINUOUS
10
0.5131847244094488
20
2.6115739763779526
11
0.5143368110236221
21
2.6115739763779526
0
LINE
8
BLACK
6
CONTINUOUS
10
0.5143368110236221
20
2.6115739763779526
11
0.5143368503937008
21
2.6115739763779526
0
LINE
8
BLACK
6
CONTINUOUS
10
0.5143368503937008
20
2.6115739763779526
11
0.514680905511811
21
2.6114314566929133
0
LINE
8
BLACK
6
CONTINUOUS
10
0.6868152755905511
20
2.6340711417322833
11
0.6869132677165354
21
2.6340305511811022
0
LINE
8
BLACK
6
CONTINUOUS
10
0.6869132677165354
20
2.6340305511811022
11
0.687019094488189
21
2.6340230314960631
0
LINE
8
BLACK
6
CONTINUOUS
10
0.687019094488189
20
2.6340230314960631
11
0.6875597244094488
21
2.6338161417322836
0
LINE
8
BLACK
6
CONTINUOUS
10
0.6875597244094488
20
2.6338161417322836
11
0.6913092519685039
21
2.6319413779527561
0
LINE
8
BLACK
6
CONTINUOUS
10
0.6913092519685039
20
2.6319413779527561
11
0.6914055905511811
21
2.6318807480314961
0
LINE
8
BLACK
6
CONTINUOUS
10
0.6914055905511811
20
2.6318807480314961
11
0.6914510236220472
21
2.6318655905511812
0
LINE
8
BLACK
6
CONTINUOUS
10
0.6914510236220472
20
2.6318655905511812
11
0.6915075590551181
21
2.6318165748031497
0
LINE
8
BLACK
6
CONTINUOUS
10
0.6915075590551181
20
2.6318165748031497
11
0.6917991338582677
21
2.631633031496063
0
LINE
8
BLACK
6
CONTINUOUS
10
0.6917991338582677
20
2.631633031496063
11
0.6918635039370079
21
2.6315588188976378
0
LINE
8
BLACK
6
CONTINUOUS
10
0.6918635039370079
20
2.6315588188976378
11
0.6919278740157481
21
2.631633031496063
0
LINE
8
BLACK
6
CONTINUOUS
10
0.6919278740157481
20
2.631633031496063
11
0.6922194094488189
21
2.6318165748031497
0
LINE
8
BLACK
6
CONTINUOUS
10
0.6922194094488189
20
2.6318165748031497
11
0.6922759842519685
21
2.6318655905511812
0
LINE
8
BLACK
6
CONTINUOUS
10
0.6922759842519685
20
2.6318655905511812
11
0.6923213779527558
21
2.6318807480314961
0
LINE
8
BLACK
6
CONTINUOUS
10
0.6923213779527558
20
2.6318807480314961
11
0.6924177559055118
21
2.6319413779527561
0
LINE
8
BLACK
6
CONTINUOUS
10
0.6924177559055118
20
2.6319413779527561
11
0.6961672834645669
21
2.6338161417322836
0
LINE
8
BLACK
6
CONTINUOUS
10
0.6961672834645669
20
2.6338161417322836
11
0.696707874015748
21
2.6340230314960631
0
LINE
8
BLACK
6
CONTINUOUS
10
0.696707874015748
20
2.6340230314960631
11
0.6968137401574803
21
2.6340305905511809
0
LINE
8
BLACK
6
CONTINUOUS
10
0.6968137401574803
20
2.6340305905511809
11
0.6969117322834646
21
2.6340711417322833
0
LINE
8
BLACK
6
CONTINUOUS
10
0.6969117322834646
20
2.6340711417322833
11
0.6974877952755906
21
2.6341278740157481
0
LINE
8
BLACK
6
CONTINUOUS
10
0.6974877952755906
20
2.6341278740157481
11
0.7031120866141732
21
2.6341278740157481
0
LINE
8
BLACK
6
CONTINUOUS
10
0.7031120866141732
20
2.6341278740157481
11
0.7036881496062992
21
2.6340711417322833
0
LINE
8
BLACK
6
CONTINUOUS
10
0.7036881496062992
20
2.6340711417322833
11
0.7037861417322835
21
2.6340305511811022
0
LINE
8
BLACK
6
CONTINUOUS
10
0.7037861417322835
20
2.6340305511811022
11
0.703891968503937
21
2.6340230314960631
0
LINE
8
BLACK
6
CONTINUOUS
10
0.703891968503937
20
2.6340230314960631
11
0.7044325984251968
21
2.6338161417322836
0
LINE
8
BLACK
6
CONTINUOUS
10
0.7044325984251968
20
2.6338161417322836
11
0.7081821653543307
21
2.6319413779527561
0
LINE
8
BLACK
6
CONTINUOUS
10
0.7081821653543307
20
2.6319413779527561
11
0.7082784645669291
21
2.6318807480314961
0
LINE
8
BLACK
6
CONTINUOUS
10
0.7082784645669291
20
2.6318807480314961
11
0.708323937007874
21
2.6318655905511812
0
LINE
8
BLACK
6
CONTINUOUS
10
0.708323937007874
20
2.6318655905511812
11
0.7083805118110236
21
2.6318165354330709
0
LINE
8
BLACK
6
CONTINUOUS
10
0.7083805118110236
20
2.6318165354330709
11
0.7086720078740157
21
2.631633031496063
0
LINE
8
BLACK
6
CONTINUOUS
10
0.7086720078740157
20
2.631633031496063
11
0.7089144881889764
21
2.6313534251968504
0
LINE
8
BLACK
6
CONTINUOUS
10
0.7089144881889764
20
2.6313534251968504
11
0.7091943307086614
21
2.6311107480314959
0
LINE
8
BLACK
6
CONTINUOUS
10
0.7091943307086614
20
2.6311107480314959
11
0.7093778346456693
21
2.6308192125984253
0
LINE
8
BLACK
6
CONTINUOUS
10
0.7093778346456693
20
2.6308192125984253
11
0.7094268897637795
21
2.6307626377952755
0
LINE
8
BLACK
6
CONTINUOUS
10
0.7094268897637795
20
2.6307626377952755
11
0.7094420078740157
21
2.6307172440944879
0
LINE
8
BLACK
6
CONTINUOUS
10
0.7094420078740157
20
2.6307172440944879
11
0.7095026771653543
21
2.6306208661417321
0
LINE
8
BLACK
6
CONTINUOUS
10
0.7095026771653543
20
2.6306208661417321
11
0.7113774409448819
21
2.626871338582677
0
LINE
8
BLACK
6
CONTINUOUS
10
0.7113774409448819
20
2.626871338582677
11
0.7115843307086614
21
2.6263307480314961
0
LINE
8
BLACK
6
CONTINUOUS
10
0.7115843307086614
20
2.6263307480314961
11
0.7115918503937008
21
2.6262248818897636
0
LINE
8
BLACK
6
CONTINUOUS
10
0.7115918503937008
20
2.6262248818897636
11
0.7116324409448819
21
2.6261268897637793
0
LINE
8
BLACK
6
CONTINUOUS
10
0.7116324409448819
20
2.6261268897637793
11
0.7116891732283465
21
2.6255508267716534
0
LINE
8
BLACK
6
CONTINUOUS
10
0.7116891732283465
20
2.6255508267716534
11
0.7116891732283465
21
2.6049283858267716
0
LINE
8
BLACK
6
CONTINUOUS
10
0.7116891732283465
20
2.6049283858267716
11
0.7116324409448819
21
2.6043523228346457
0
LINE
8
BLACK
6
CONTINUOUS
10
0.7116324409448819
20
2.6043523228346457
11
0.7111915354330709
21
2.6032879133858269
0
LINE
8
BLACK
6
CONTINUOUS
10
0.7111915354330709
20
2.6032879133858269
11
0.7103768897637796
21
2.6024732677165354
0
LINE
8
BLACK
6
CONTINUOUS
10
0.7103768897637796
20
2.6024732677165354
11
0.7093124803149606
21
2.6020323622047243
0
LINE
8
BLACK
6
CONTINUOUS
10
0.7093124803149606
20
2.6020323622047243
11
0.7081603543307087
21
2.6020323622047243
0
LINE
8
BLACK
6
CONTINUOUS
10
0.7081603543307087
20
2.6020323622047243
11
0.7070959448818898
21
2.6024732677165354
0
LINE
8
BLACK
6
CONTINUOUS
10
0.7070959448818898
20
2.6024732677165354
11
0.7062812992125984
21
2.6032879133858269
0
LINE
8
BLACK
6
CONTINUOUS
10
0.7062812992125984
20
2.6032879133858269
11
0.7058403937007874
21
2.6043523228346457
0
LINE
8
BLACK
6
CONTINUOUS
10
0.7058403937007874
20
2.6043523228346457
11
0.7057836614173228
21
2.6049283858267716
0
LINE
8
BLACK
6
CONTINUOUS
10
0.7057836614173228
20
2.6049283858267716
11
0.7057836614173228
21
2.6248537795275588
0
LINE
8
BLACK
6
CONTINUOUS
10
0.7057836614173228
20
2.6248537795275588
11
0.7046607874015748
21
2.627099527559055
0
LINE
8
BLACK
6
CONTINUOUS
10
0.7046607874015748
20
2.627099527559055
11
0.7024150393700788
21
2.6282223622047245
0
LINE
8
BLACK
6
CONTINUOUS
10
0.7024150393700788
20
2.6282223622047245
11
0.698184842519685
21
2.6282223622047245
0
LINE
8
BLACK
6
CONTINUOUS
10
0.698184842519685
20
2.6282223622047245
11
0.6959390944881889
21
2.627099527559055
0
LINE
8
BLACK
6
CONTINUOUS
10
0.6959390944881889
20
2.627099527559055
11
0.6948162598425197
21
2.6248537795275588
0
LINE
8
BLACK
6
CONTINUOUS
10
0.6948162598425197
20
2.6248537795275588
11
0.6948162598425197
21
2.6049283858267716
0
LINE
8
BLACK
6
CONTINUOUS
10
0.6948162598425197
20
2.6049283858267716
11
0.6947595275590551
21
2.6043523228346457
0
LINE
8
BLACK
6
CONTINUOUS
10
0.6947595275590551
20
2.6043523228346457
11
0.694318622047244
21
2.6032879133858269
0
LINE
8
BLACK
6
CONTINUOUS
10
0.694318622047244
20
2.6032879133858269
11
0.6935039763779527
21
2.6024732677165354
0
LINE
8
BLACK
6
CONTINUOUS
10
0.6935039763779527
20
2.6024732677165354
11
0.6924395669291339
21
2.6020323622047243
0
LINE
8
BLACK
6
CONTINUOUS
10
0.6924395669291339
20
2.6020323622047243
11
0.6912874409448819
21
2.6020323622047243
0
LINE
8
BLACK
6
CONTINUOUS
10
0.6912874409448819
20
2.6020323622047243
11
0.690223031496063
21
2.6024732677165354
0
LINE
8
BLACK
6
CONTINUOUS
10
0.690223031496063
20
2.6024732677165354
11
0.6894083858267717
21
2.6032879133858269
0
LINE
8
BLACK
6
CONTINUOUS
10
0.6894083858267717
20
2.6032879133858269
11
0.6889674803149606
21
2.6043523228346457
0
LINE
8
BLACK
6
CONTINUOUS
10
0.6889674803149606
20
2.6043523228346457
11
0.6889107480314961
21
2.6049283858267716
0
LINE
8
BLACK
6
CONTINUOUS
10
0.6889107480314961
20
2.6049283858267716
11
0.6889107480314961
21
2.6248537795275588
0
LINE
8
BLACK
6
CONTINUOUS
10
0.6889107480314961
20
2.6248537795275588
11
0.687787874015748
21
2.627099527559055
0
LINE
8
BLACK
6
CONTINUOUS
10
0.687787874015748
20
2.627099527559055
11
0.6855421653543307
21
2.6282223622047245
0
LINE
8
BLACK
6
CONTINUOUS
10
0.6855421653543307
20
2.6282223622047245
11
0.6813119685039369
21
2.6282223622047245
0
LINE
8
BLACK
6
CONTINUOUS
10
0.6813119685039369
20
2.6282223622047245
11
0.6786144881889764
21
2.6268736220472442
0
LINE
8
BLACK
6
CONTINUOUS
10
0.6786144881889764
20
2.6268736220472442
11
0.6779433858267716
21
2.6262025196850391
0
LINE
8
BLACK
6
CONTINUOUS
10
0.6779433858267716
20
2.6262025196850391
11
0.6779433858267716
21
2.6049283858267716
0
LINE
8
BLACK
6
CONTINUOUS
10
0.6779433858267716
20
2.6049283858267716
11
0.677886653543307
21
2.6043523228346457
0
LINE
8
BLACK
6
CONTINUOUS
10
0.677886653543307
20
2.6043523228346457
11
0.677445748031496
21
2.6032879133858269
0
LINE
8
BLACK
6
CONTINUOUS
10
0.677445748031496
20
2.6032879133858269
11
0.6766311023622047
21
2.6024732677165354
0
LINE
8
BLACK
6
CONTINUOUS
10
0.6766311023622047
20
2.6024732677165354
11
0.6755666929133858
21
2.6020323622047243
0
LINE
8
BLACK
6
CONTINUOUS
10
0.6755666929133858
20
2.6020323622047243
11
0.6744145669291338
21
2.6020323622047243
0
LINE
8
BLACK
6
CONTINUOUS
10
0.6744145669291338
20
2.6020323622047243
11
0.6733501574803149
21
2.6024732677165354
0
LINE
8
BLACK
6
CONTINUOUS
10
0.6733501574803149
20
2.6024732677165354
11
0.6725355118110236
21
2.6032879133858269
0
LINE
8
BLACK
6
CONTINUOUS
10
0.6725355118110236
20
2.6032879133858269
11
0.6720946062992126
21
2.6043523228346457
0
LINE
8
BLACK
6
CONTINUOUS
10
0.6720946062992126
20
2.6043523228346457
11
0.672037874015748
21
2.6049283858267716
0
LINE
8
BLACK
6
CONTINUOUS
10
0.672037874015748
20
2.6049283858267716
11
0.672037874015748
21
2.6311751181102361
0
LINE
8
BLACK
6
CONTINUOUS
10
0.672037874015748
20
2.6311751181102361
11
0.6720946062992126
21
2.6317511811023619
0
LINE
8
BLACK
6
CONTINUOUS
10
0.6720946062992126
20
2.6317511811023619
11
0.6725355118110236
21
2.6328155905511812
0
LINE
8
BLACK
6
CONTINUOUS
10
0.6725355118110236
20
2.6328155905511812
11
0.6733501574803149
21
2.6336302362204722
0
LINE
8
BLACK
6
CONTINUOUS
10
0.6733501574803149
20
2.6336302362204722
11
0.6744145669291338
21
2.6340711417322833
0
LINE
8
BLACK
6
CONTINUOUS
10
0.6744145669291338
20
2.6340711417322833
11
0.6755666929133858
21
2.6340711417322833
0
LINE
8
BLACK
6
CONTINUOUS
10
0.6755666929133858
20
2.6340711417322833
11
0.6766311023622047
21
2.6336302362204722
0
LINE
8
BLACK
6
CONTINUOUS
10
0.6766311023622047
20
2.6336302362204722
11
0.6773949212598425
21
2.6328664173228344
0
LINE
8
BLACK
6
CONTINUOUS
10
0.6773949212598425
20
2.6328664173228344
11
0.6792944094488189
21
2.6338161417322836
0
LINE
8
BLACK
6
CONTINUOUS
10
0.6792944094488189
20
2.6338161417322836
11
0.679835
21
2.6340230314960631
0
LINE
8
BLACK
6
CONTINUOUS
10
0.679835
20
2.6340230314960631
11
0.6799408661417322
21
2.6340305905511809
0
LINE
8
BLACK
6
CONTINUOUS
10
0.6799408661417322
20
2.6340305905511809
11
0.6800388582677165
21
2.6340711417322833
0
LINE
8
BLACK
6
CONTINUOUS
10
0.6800388582677165
20
2.6340711417322833
11
0.6806149212598425
21
2.6341278740157481
0
LINE
8
BLACK
6
CONTINUOUS
10
0.6806149212598425
20
2.6341278740157481
11
0.6862392125984251
21
2.6341278740157481
0
LINE
8
BLACK
6
CONTINUOUS
10
0.6862392125984251
20
2.6341278740157481
11
0.6868152755905511
21
2.6340711417322833
0
LINE
8
BLACK
6
CONTINUOUS
10
0.7393087007874015
20
2.6340711417322833
11
0.7394066929133858
21
2.6340305511811022
0
LINE
8
BLACK
6
CONTINUOUS
10
0.7394066929133858
20
2.6340305511811022
11
0.7395125196850394
21
2.6340230314960631
0
LINE
8
BLACK
6
CONTINUOUS
10
0.7395125196850394
20
2.6340230314960631
11
0.7400531496062992
21
2.6338161417322836
0
LINE
8
BLACK
6
CONTINUOUS
10
0.7400531496062992
20
2.6338161417322836
11
0.7438026771653543
21
2.6319413779527561
0
LINE
8
BLACK
6
CONTINUOUS
10
0.7438026771653543
20
2.6319413779527561
11
0.7438990157480315
21
2.6318807480314961
0
LINE
8
BLACK
6
CONTINUOUS
10
0.7438990157480315
20
2.6318807480314961
11
0.7439444488188977
21
2.6318655905511812
0
LINE
8
BLACK
6
CONTINUOUS
10
0.7439444488188977
20
2.6318655905511812
11
0.7440009842519685
21
2.6318165748031497
0
LINE
8
BLACK
6
CONTINUOUS
10
0.7440009842519685
20
2.6318165748031497
11
0.744292559055118
21
2.631633031496063
0
LINE
8
BLACK
6
CONTINUOUS
10
0.744292559055118
20
2.631633031496063
11
0.7443569291338582
21
2.6315588188976378
0
LINE
8
BLACK
6
CONTINUOUS
10
0.7443569291338582
20
2.6315588188976378
11
0.7444212992125984
21
2.631633031496063
0
LINE
8
BLACK
6
CONTINUOUS
10
0.7444212992125984
20
2.631633031496063
11
0.7447128346456693
21
2.6318165748031497
0
LINE
8
BLACK
6
CONTINUOUS
10
0.7447128346456693
20
2.6318165748031497
11
0.7447694094488189
21
2.6318655905511812
0
LINE
8
BLACK
6
CONTINUOUS
10
0.7447694094488189
20
2.6318655905511812
11
0.7448148031496062
21
2.6318807480314961
0
LINE
8
BLACK
6
CONTINUOUS
10
0.7448148031496062
20
2.6318807480314961
11
0.7449111811023622
21
2.6319413779527561
0
LINE
8
BLACK
6
CONTINUOUS
10
0.7449111811023622
20
2.6319413779527561
11
0.7486607086614173
21
2.6338161417322836
0
LINE
8
BLACK
6
CONTINUOUS
10
0.7486607086614173
20
2.6338161417322836
11
0.7492012992125984
21
2.6340230314960631
0
LINE
8
BLACK
6
CONTINUOUS
10
0.7492012992125984
20
2.6340230314960631
11
0.7493071653543307
21
2.6340305905511809
0
LINE
8
BLACK
6
CONTINUOUS
10
0.7493071653543307
20
2.6340305905511809
11
0.749405157480315
21
2.6340711417322833
0
LINE
8
BLACK
6
CONTINUOUS
10
0.749405157480315
20
2.6340711417322833
11
0.749981220472441
21
2.6341278740157481
0
LINE
8
BLACK
6
CONTINUOUS
10
0.749981220472441
20
2.6341278740157481
11
0.7556055118110236
21
2.6341278740157481
0
LINE
8
BLACK
6
CONTINUOUS
10
0.7556055118110236
20
2.6341278740157481
11
0.7561815748031496
21
2.6340711417322833
0
LINE
8
BLACK
6
CONTINUOUS
10
0.7561815748031496
20
2.6340711417322833
11
0.7562795669291339
21
2.6340305511811022
0
LINE
8
BLACK
6
CONTINUOUS
10
0.7562795669291339
20
2.6340305511811022
11
0.7563853937007874
21
2.6340230314960631
0
LINE
8
BLACK
6
CONTINUOUS
10
0.7563853937007874
20
2.6340230314960631
11
0.7569260236220472
21
2.6338161417322836
0
LINE
8
BLACK
6
CONTINUOUS
10
0.7569260236220472
20
2.6338161417322836
11
0.7606755905511811
21
2.6319413779527561
0
LINE
8
BLACK
6
CONTINUOUS
10
0.7606755905511811
20
2.6319413779527561
11
0.7607718897637795
21
2.6318807480314961
0
LINE
8
BLACK
6
CONTINUOUS
10
0.7607718897637795
20
2.6318807480314961
11
0.7608173622047244
21
2.6318655905511812
0
LINE
8
BLACK
6
CONTINUOUS
10
0.7608173622047244
20
2.6318655905511812
11
0.760873937007874
21
2.6318165354330709
0
LINE
8
BLACK
6
CONTINUOUS
10
0.760873937007874
20
2.6318165354330709
11
0.7611654330708661
21
2.631633031496063
0
LINE
8
BLACK
6
CONTINUOUS
10
0.7611654330708661
20
2.631633031496063
11
0.7614079133858268
21
2.6313534251968504
0
LINE
8
BLACK
6
CONTINUOUS
10
0.7614079133858268
20
2.6313534251968504
11
0.7616877559055117
21
2.6311107480314959
0
LINE
8
BLACK
6
CONTINUOUS
10
0.7616877559055117
20
2.6311107480314959
11
0.7618712598425197
21
2.6308192125984253
0
LINE
8
BLACK
6
CONTINUOUS
10
0.7618712598425197
20
2.6308192125984253
11
0.76192031496063
21
2.6307626377952755
0
LINE
8
BLACK
6
CONTINUOUS
10
0.76192031496063
20
2.6307626377952755
11
0.7619354330708661
21
2.6307172440944879
0
LINE
8
BLACK
6
CONTINUOUS
10
0.7619354330708661
20
2.6307172440944879
11
0.7619961023622047
21
2.6306208661417321
0
LINE
8
BLACK
6
CONTINUOUS
10
0.7619961023622047
20
2.6306208661417321
11
0.7638708661417323
21
2.626871338582677
0
LINE
8
BLACK
6
CONTINUOUS
10
0.7638708661417323
20
2.626871338582677
11
0.7640777559055117
21
2.6263307480314961
0
LINE
8
BLACK
6
CONTINUOUS
10
0.7640777559055117
20
2.6263307480314961
11
0.7640852755905512
21
2.6262248818897636
0
LINE
8
BLACK
6
CONTINUOUS
10
0.7640852755905512
20
2.6262248818897636
11
0.7641258661417323
21
2.6261268897637793
0
LINE
8
BLACK
6
CONTINUOUS
10
0.7641258661417323
20
2.6261268897637793
11
0.7641825984251969
21
2.6255508267716534
0
LINE
8
BLACK
6
CONTINUOUS
10
0.7641825984251969
20
2.6255508267716534
11
0.7641825984251969
21
2.6049283858267716
0
LINE
8
BLACK
6
CONTINUOUS
10
0.7641825984251969
20
2.6049283858267716
11
0.7641258661417323
21
2.6043523228346457
0
LINE
8
BLACK
6
CONTINUOUS
10
0.7641258661417323
20
2.6043523228346457
11
0.7636849606299212
21
2.6032879133858269
0
LINE
8
BLACK
6
CONTINUOUS
10
0.7636849606299212
20
2.6032879133858269
11
0.76287031496063
21
2.6024732677165354
0
LINE
8
BLACK
6
CONTINUOUS
10
0.76287031496063
20
2.6024732677165354
11
0.761805905511811
21
2.6020323622047243
0
LINE
8
BLACK
6
CONTINUOUS
10
0.761805905511811
20
2.6020323622047243
11
0.7606537795275591
21
2.6020323622047243
0
LINE
8
BLACK
6
CONTINUOUS
10
0.7606537795275591
20
2.6020323622047243
11
0.7595893700787402
21
2.6024732677165354
0
LINE
8
BLACK
6
CONTINUOUS
10
0.7595893700787402
20
2.6024732677165354
11
0.7587747244094488
21
2.6032879133858269
0
LINE
8
BLACK
6
CONTINUOUS
10
0.7587747244094488
20
2.6032879133858269
11
0.7583338188976377
21
2.6043523228346457
0
LINE
8
BLACK
6
CONTINUOUS
10
0.7583338188976377
20
2.6043523228346457
11
0.7582770866141733
21
2.6049283858267716
0
LINE
8
BLACK
6
CONTINUOUS
10
0.7582770866141733
20
2.6049283858267716
11
0.7582770866141733
21
2.6248537795275588
0
LINE
8
BLACK
6
CONTINUOUS
10
0.7582770866141733
20
2.6248537795275588
11
0.7571542125984252
21
2.627099527559055
0
LINE
8
BLACK
6
CONTINUOUS
10
0.7571542125984252
20
2.627099527559055
11
0.7549084645669292
21
2.6282223622047245
0
LINE
8
BLACK
6
CONTINUOUS
10
0.7549084645669292
20
2.6282223622047245
11
0.7506782677165355
21
2.6282223622047245
0
LINE
8
BLACK
6
CONTINUOUS
10
0.7506782677165355
20
2.6282223622047245
11
0.7484325196850393
21
2.627099527559055
0
LINE
8
BLACK
6
CONTINUOUS
10
0.7484325196850393
20
2.627099527559055
11
0.74730968503937
21
2.6248537795275588
0
LINE
8
BLACK
6
CONTINUOUS
10
0.74730968503937
20
2.6248537795275588
11
0.74730968503937
21
2.6049283858267716
0
LINE
8
BLACK
6
CONTINUOUS
10
0.74730968503937
20
2.6049283858267716
11
0.7472529527559055
21
2.6043523228346457
0
LINE
8
BLACK
6
CONTINUOUS
10
0.7472529527559055
20
2.6043523228346457
11
0.7468120472440944
21
2.6032879133858269
0
LINE
8
BLACK
6
CONTINUOUS
10
0.7468120472440944
20
2.6032879133858269
11
0.7459974015748031
21
2.6024732677165354
0
LINE
8
BLACK
6
CONTINUOUS
10
0.7459974015748031
20
2.6024732677165354
11
0.7449329921259842
21
2.6020323622047243
0
LINE
8
BLACK
6
CONTINUOUS
10
0.7449329921259842
20
2.6020323622047243
11
0.7437808661417322
21
2.6020323622047243
0
LINE
8
BLACK
6
CONTINUOUS
10
0.7437808661417322
20
2.6020323622047243
11
0.7427164566929134
21
2.6024732677165354
0
LINE
8
BLACK
6
CONTINUOUS
10
0.7427164566929134
20
2.6024732677165354
11
0.7419018110236221
21
2.6032879133858269
0
LINE
8
BLACK
6
CONTINUOUS
10
0.7419018110236221
20
2.6032879133858269
11
0.741460905511811
21
2.6043523228346457
0
LINE
8
BLACK
6
CONTINUOUS
10
0.741460905511811
20
2.6043523228346457
11
0.7414041732283464
21
2.6049283858267716
0
LINE
8
BLACK
6
CONTINUOUS
10
0.7414041732283464
20
2.6049283858267716
11
0.7414041732283464
21
2.6248537795275588
0
LINE
8
BLACK
6
CONTINUOUS
10
0.7414041732283464
20
2.6248537795275588
11
0.7402812992125984
21
2.627099527559055
0
LINE
8
BLACK
6
CONTINUOUS
10
0.7402812992125984
20
2.627099527559055
11
0.7380355905511811
21
2.6282223622047245
0
LINE
8
BLACK
6
CONTINUOUS
10
0.7380355905511811
20
2.6282223622047245
11
0.7338053937007873
21
2.6282223622047245
0
LINE
8
BLACK
6
CONTINUOUS
10
0.7338053937007873
20
2.6282223622047245
11
0.7311079133858267
21
2.6268736220472442
0
LINE
8
BLACK
6
CONTINUOUS
10
0.7311079133858267
20
2.6268736220472442
11
0.730436811023622
21
2.6262025196850391
0
LINE
8
BLACK
6
CONTINUOUS
10
0.730436811023622
20
2.6262025196850391
11
0.730436811023622
21
2.6049283858267716
0
LINE
8
BLACK
6
CONTINUOUS
10
0.730436811023622
20
2.6049283858267716
11
0.7303800787401574
21
2.6043523228346457
0
LINE
8
BLACK
6
CONTINUOUS
10
0.7303800787401574
20
2.6043523228346457
11
0.7299391732283464
21
2.6032879133858269
0
LINE
8
BLACK
6
CONTINUOUS
10
0.7299391732283464
20
2.6032879133858269
11
0.7291245275590551
21
2.6024732677165354
0
LINE
8
BLACK
6
CONTINUOUS
10
0.7291245275590551
20
2.6024732677165354
11
0.7280601181102362
21
2.6020323622047243
0
LINE
8
BLACK
6
CONTINUOUS
10
0.7280601181102362
20
2.6020323622047243
11
0.7269079921259842
21
2.6020323622047243
0
LINE
8
BLACK
6
CONTINUOUS
10
0.7269079921259842
20
2.6020323622047243
11
0.7258435826771653
21
2.6024732677165354
0
LINE
8
BLACK
6
CONTINUOUS
10
0.7258435826771653
20
2.6024732677165354
11
0.725028937007874
21
2.6032879133858269
0
LINE
8
BLACK
6
CONTINUOUS
10
0.725028937007874
20
2.6032879133858269
11
0.724588031496063
21
2.6043523228346457
0
LINE
8
BLACK
6
CONTINUOUS
10
0.724588031496063
20
2.6043523228346457
11
0.7245312992125984
21
2.6049283858267716
0
LINE
8
BLACK
6
CONTINUOUS
10
0.7245312992125984
20
2.6049283858267716
11
0.7245312992125984
21
2.6311751181102361
0
LINE
8
BLACK
6
CONTINUOUS
10
0.7245312992125984
20
2.6311751181102361
11
0.724588031496063
21
2.6317511811023619
0
LINE
8
BLACK
6
CONTINUOUS
10
0.724588031496063
20
2.6317511811023619
11
0.725028937007874
21
2.6328155905511812
0
LINE
8
BLACK
6
CONTINUOUS
10
0.725028937007874
20
2.6328155905511812
11
0.7258435826771653
21
2.6336302362204722
0
LINE
8
BLACK
6
CONTINUOUS
10
0.7258435826771653
20
2.6336302362204722
11
0.7269079921259842
21
2.6340711417322833
0
LINE
8
BLACK
6
CONTINUOUS
10
0.7269079921259842
20
2.6340711417322833
11
0.7280601181102362
21
2.6340711417322833
0
LINE
8
BLACK
6
CONTINUOUS
10
0.7280601181102362
20
2.6340711417322833
11
0.7291245275590551
21
2.6336302362204722
0
LINE
8
BLACK
6
CONTINUOUS
10
0.7291245275590551
20
2.6336302362204722
11
0.7298883464566929
21
2.6328664173228344
0
LINE
8
BLACK
6
CONTINUOUS
10
0.7298883464566929
20
2.6328664173228344
11
0.7317878346456693
21
2.6338161417322836
0
LINE
8
BLACK
6
CONTINUOUS
10
0.7317878346456693
20
2.6338161417322836
11
0.7323284251968504
21
2.6340230314960631
0
LINE
8
BLACK
6
CONTINUOUS
10
0.7323284251968504
20
2.6340230314960631
11
0.7324342913385826
21
2.6340305905511809
0
LINE
8
BLACK
6
CONTINUOUS
10
0.7324342913385826
20
2.6340305905511809
11
0.7325322834645669
21
2.6340711417322833
0
LINE
8
BLACK
6
CONTINUOUS
10
0.7325322834645669
20
2.6340711417322833
11
0.7331083464566929
21
2.6341278740157481
0
LINE
8
BLACK
6
CONTINUOUS
10
0.7331083464566929
20
2.6341278740157481
11
0.7387326377952755
21
2.6341278740157481
0
LINE
8
BLACK
6
CONTINUOUS
10
0.7387326377952755
20
2.6341278740157481
11
0.7393087007874015
21
2.6340711417322833
0
CIRCLE
8
BLACK
10
0.
20
1.9775590551181101
40
0.0068897637795276
0
CIRCLE
8
BLACK
10
1.2
20
0.0031496062992126
40
0.0068897637795276
0
CIRCLE
8
BLACK
10
0.
20
0.0031496062992126
40
0.0068897637795276
0
CIRCLE
8
BLACK
10
1.2
20
1.9775590551181101
40
0.0068897637795276
0
CIRCLE
8
BLACK
10
0.889763779527559
20
2.0283464566929132
40
0.0068897637795276
0
CIRCLE
8
BLACK
10
0.889763779527559
20
1.9283464566929134
40
0.0068897637795276
0
CIRCLE
8
BLACK
10
0.7897637795275591
20
2.0283464566929132
40
0.0068897637795276
0
CIRCLE
8
BLACK
10
0.7897637795275591
20
1.9283464566929134
40
0.0068897637795276
0
CIRCLE
8
BLACK
10
0.6897637795275591
20
2.0283464566929132
40
0.0068897637795276
0
CIRCLE
8
BLACK
10
0.6897637795275591
20
1.9283464566929134
40
0.0068897637795276
0
CIRCLE
8
BLACK
10
0.5897637795275591
20
2.0283464566929132
40
0.0068897637795276
0
CIRCLE
8
BLACK
10
0.5897637795275591
20
1.9283464566929134
40
0.0068897637795276
0
CIRCLE
8
BLACK
10
0.4897637795275591
20
2.0283464566929132
40
0.0068897637795276
0
CIRCLE
8
BLACK
10
0.4897637795275591
20
1.9283464566929134
40
0.0068897637795276
0
CIRCLE
8
BLACK
10
0.389763779527559
20
2.0283464566929132
40
0.0068897637795276
0
CIRCLE
8
BLACK
10
0.389763779527559
20
1.9283464566929134
40
0.0068897637795276
0
CIRCLE
8
BLACK
10
0.2897637795275591
20
2.0283464566929132
40
0.0068897637795276
0
CIRCLE
8
BLACK
10
0.2897637795275591
20
1.9283464566929134
40
0.0068897637795276
0
CIRCLE
8
BLACK
10
0.
20
1.9775590551181101
40
0.0068897637795276
0
CIRCLE
8
BLACK
10
1.2
20
0.0031496062992126
40
0.0068897637795276
0
CIRCLE
8
BLACK
10
0.
20
0.0031496062992126
40
0.0068897637795276
0
CIRCLE
8
BLACK
10
1.2
20
1.9775590551181101
40
0.0068897637795276
0
CIRCLE
8
BLACK
10
0.889763779527559
20
2.0283464566929132
40
0.0068897637795276
0
CIRCLE
8
BLACK
10
0.889763779527559
20
1.9283464566929134
40
0.0068897637795276
0
CIRCLE
8
BLACK
10
0.7897637795275591
20
2.0283464566929132
40
0.0068897637795276
0
CIRCLE
8
BLACK
10
0.7897637795275591
20
1.9283464566929134
40
0.0068897637795276
0
CIRCLE
8
BLACK
10
0.6897637795275591
20
2.0283464566929132
40
0.0068897637795276
0
CIRCLE
8
BLACK
10
0.6897637795275591
20
1.9283464566929134
40
0.0068897637795276
0
CIRCLE
8
BLACK
10
0.5897637795275591
20
2.0283464566929132
40
0.0068897637795276
0
CIRCLE
8
BLACK
10
0.5897637795275591
20
1.9283464566929134
40
0.0068897637795276
0
CIRCLE
8
BLACK
10
0.4897637795275591
20
2.0283464566929132
40
0.0068897637795276
0
CIRCLE
8
BLACK
10
0.4897637795275591
20
1.9283464566929134
40
0.0068897637795276
0
CIRCLE
8
BLACK
10
0.389763779527559
20
2.0283464566929132
40
0.0068897637795276
0
CIRCLE
8
BLACK
10
0.389763779527559
20
1.9283464566929134
40
0.0068897637795276
0
CIRCLE
8
BLACK
10
0.2897637795275591
20
2.0283464566929132
40
0.0068897637795276
0
CIRCLE
8
BLACK
10
0.2897637795275591
20
1.9283464566929134
40
0.0068897637795276
  0
ENDSEC
  0
EOF
