  0
SECTION
  2
HEADER
  9
$ANGBASE
  50
0.0
  9
$ANGDIR
  70
1
  9
$MEASUREMENT
  70
0
  0
ENDSEC
  0
SECTION
  2
TABLES
  0
TABLE
  2
LTYPE
  70
4
  0
LTYPE
  5
40F
  2
CONTINUOUS
  70
0
  3
Solid line
  72
65
  73
0
  40
0.0
  0
LTYPE
  5
410
  2
DASHDOT
 70
0
  3
Dash Dot ____ _ ____ _
 72
65
 73
4
 40
2.0
 49
1.25
 49
-0.25
 49
0.25
 49
-0.25
  0
LTYPE
  5
411
  2
DASHED
 70
0
  3
Dashed __ __ __ __ __
 72
65
 73
2
 40
0.75
 49
0.5
 49
-0.25
  0
LTYPE
  5
43B
  2
DOTTED
 70
0
  3
Dotted .  .  .  .
 72
65
 73
2
 40
0.2
 49
0.0
 49
-0.2
  0
ENDTAB
  0
TABLE
  2
STYLE
  70
4
  0
STYLE
  2
KICAD
  70
0
  40
0
  41
1
  42
1
  50
0
  71
0
  3
isocp.shx
  0
STYLE
  2
KICADB
  70
0
  40
0
  41
1
  42
1
  50
0
  71
0
  3
isocp.shx
  0
STYLE
  2
KICADI
  70
0
  40
0
  41
1
  42
1
  50
15
  71
0
  3
isocp.shx
  0
STYLE
  2
KICADBI
  70
0
  40
0
  41
1
  42
1
  50
15
  71
0
  3
isocp.shx
  0
ENDTAB
  0
TABLE
  2
LAYER
  70
1
  0
LAYER
  2
BLACK
  70
0
  62
7
  6
CONTINUOUS
  0
ENDTAB
  0
ENDSEC
  0
SECTION
  2
ENTITIES
0
LINE
8
BLACK
6
CONTINUOUS
10
0.3725815748031496
20
0.3446538582677166
11
0.3733962204724409
21
0.3438392125984252
0
LINE
8
BLACK
6
CONTINUOUS
10
0.3733962204724409
20
0.3438392125984252
11
0.373837125984252
21
0.3427748031496063
0
LINE
8
BLACK
6
CONTINUOUS
10
0.373837125984252
20
0.3427748031496063
11
0.3738938582677165
21
0.3421987401574803
0
LINE
8
BLACK
6
CONTINUOUS
10
0.3738938582677165
20
0.3421987401574803
11
0.3738938582677165
21
0.3209246456692914
0
LINE
8
BLACK
6
CONTINUOUS
10
0.3738938582677165
20
0.3209246456692914
11
0.3745649606299212
21
0.3202535039370079
0
LINE
8
BLACK
6
CONTINUOUS
10
0.3745649606299212
20
0.3202535039370079
11
0.3772624409448819
21
0.3189047637795275
0
LINE
8
BLACK
6
CONTINUOUS
10
0.3772624409448819
20
0.3189047637795275
11
0.3814926377952756
21
0.3189047637795275
0
LINE
8
BLACK
6
CONTINUOUS
10
0.3814926377952756
20
0.3189047637795275
11
0.3837383464566929
21
0.3200276377952756
0
LINE
8
BLACK
6
CONTINUOUS
10
0.3837383464566929
20
0.3200276377952756
11
0.3848612204724409
21
0.3222733858267716
0
LINE
8
BLACK
6
CONTINUOUS
10
0.3848612204724409
20
0.3222733858267716
11
0.3848612204724409
21
0.3421987401574803
0
LINE
8
BLACK
6
CONTINUOUS
10
0.3848612204724409
20
0.3421987401574803
11
0.3849179527559055
21
0.3427748031496063
0
LINE
8
BLACK
6
CONTINUOUS
10
0.3849179527559055
20
0.3427748031496063
11
0.3853588582677165
21
0.3438392125984252
0
LINE
8
BLACK
6
CONTINUOUS
10
0.3853588582677165
20
0.3438392125984252
11
0.3861735039370079
21
0.3446538582677166
0
LINE
8
BLACK
6
CONTINUOUS
10
0.3861735039370079
20
0.3446538582677166
11
0.3872379133858267
21
0.3450947637795275
0
LINE
8
BLACK
6
CONTINUOUS
10
0.3872379133858267
20
0.3450947637795275
11
0.3883900393700787
21
0.3450947637795275
0
LINE
8
BLACK
6
CONTINUOUS
10
0.3883900393700787
20
0.3450947637795275
11
0.3894544488188976
21
0.3446538582677166
0
LINE
8
BLACK
6
CONTINUOUS
10
0.3894544488188976
20
0.3446538582677166
11
0.390269094488189
21
0.3438392125984252
0
LINE
8
BLACK
6
CONTINUOUS
10
0.390269094488189
20
0.3438392125984252
11
0.39071
21
0.3427748031496063
0
LINE
8
BLACK
6
CONTINUOUS
10
0.39071
20
0.3427748031496063
11
0.3907667322834645
21
0.3421987401574803
0
LINE
8
BLACK
6
CONTINUOUS
10
0.3907667322834645
20
0.3421987401574803
11
0.3907667322834645
21
0.3215763385826771
0
LINE
8
BLACK
6
CONTINUOUS
10
0.3907667322834645
20
0.3215763385826771
11
0.39071
21
0.3210002755905512
0
LINE
8
BLACK
6
CONTINUOUS
10
0.39071
20
0.3210002755905512
11
0.3906693700787401
21
0.3209022834645669
0
LINE
8
BLACK
6
CONTINUOUS
10
0.3906693700787401
20
0.3209022834645669
11
0.3906618897637795
21
0.3207964566929134
0
LINE
8
BLACK
6
CONTINUOUS
10
0.3906618897637795
20
0.3207964566929134
11
0.390455
21
0.3202558267716535
0
LINE
8
BLACK
6
CONTINUOUS
10
0.390455
20
0.3202558267716535
11
0.3885802362204724
21
0.3165062598425197
0
LINE
8
BLACK
6
CONTINUOUS
10
0.3885802362204724
20
0.3165062598425197
11
0.3885195669291339
21
0.3164099212598425
0
LINE
8
BLACK
6
CONTINUOUS
10
0.3885195669291339
20
0.3164099212598425
11
0.3885044488188976
21
0.3163644881889764
0
LINE
8
BLACK
6
CONTINUOUS
10
0.3885044488188976
20
0.3163644881889764
11
0.3884553937007874
21
0.3163079527559055
0
LINE
8
BLACK
6
CONTINUOUS
10
0.3884553937007874
20
0.3163079527559055
11
0.3882718897637795
21
0.3160163779527559
0
LINE
8
BLACK
6
CONTINUOUS
10
0.3882718897637795
20
0.3160163779527559
11
0.3879921653543307
21
0.3157738188976378
0
LINE
8
BLACK
6
CONTINUOUS
10
0.3879921653543307
20
0.3157738188976378
11
0.3877496062992126
21
0.315494094488189
0
LINE
8
BLACK
6
CONTINUOUS
10
0.3877496062992126
20
0.315494094488189
11
0.387458031496063
21
0.3153105905511811
0
LINE
8
BLACK
6
CONTINUOUS
10
0.387458031496063
20
0.3153105905511811
11
0.3874014960629921
21
0.3152615354330708
0
LINE
8
BLACK
6
CONTINUOUS
10
0.3874014960629921
20
0.3152615354330708
11
0.387356062992126
21
0.3152464173228346
0
LINE
8
BLACK
6
CONTINUOUS
10
0.387356062992126
20
0.3152464173228346
11
0.3872597244094488
21
0.3151857480314961
0
LINE
8
BLACK
6
CONTINUOUS
10
0.3872597244094488
20
0.3151857480314961
11
0.3835101968503937
21
0.3133109842519685
0
LINE
8
BLACK
6
CONTINUOUS
10
0.3835101968503937
20
0.3133109842519685
11
0.3829695669291339
21
0.313104094488189
0
LINE
8
BLACK
6
CONTINUOUS
10
0.3829695669291339
20
0.313104094488189
11
0.3828637401574803
21
0.3130966141732283
0
LINE
8
BLACK
6
CONTINUOUS
10
0.3828637401574803
20
0.3130966141732283
11
0.382765748031496
21
0.3130559842519685
0
LINE
8
BLACK
6
CONTINUOUS
10
0.382765748031496
20
0.3130559842519685
11
0.3821896850393701
21
0.3129992519685039
0
LINE
8
BLACK
6
CONTINUOUS
10
0.3821896850393701
20
0.3129992519685039
11
0.3765653937007874
21
0.3129992519685039
0
LINE
8
BLACK
6
CONTINUOUS
10
0.3765653937007874
20
0.3129992519685039
11
0.3759893307086614
21
0.3130559842519685
0
LINE
8
BLACK
6
CONTINUOUS
10
0.3759893307086614
20
0.3130559842519685
11
0.3758913385826771
21
0.3130965748031496
0
LINE
8
BLACK
6
CONTINUOUS
10
0.3758913385826771
20
0.3130965748031496
11
0.3757854724409449
21
0.313104094488189
0
LINE
8
BLACK
6
CONTINUOUS
10
0.3757854724409449
20
0.313104094488189
11
0.3752448818897638
21
0.3133109842519685
0
LINE
8
BLACK
6
CONTINUOUS
10
0.3752448818897638
20
0.3133109842519685
11
0.3733453937007874
21
0.3142607480314961
0
LINE
8
BLACK
6
CONTINUOUS
10
0.3733453937007874
20
0.3142607480314961
11
0.3725815748031496
21
0.3134968897637795
0
LINE
8
BLACK
6
CONTINUOUS
10
0.3725815748031496
20
0.3134968897637795
11
0.3715171653543307
21
0.3130559842519685
0
LINE
8
BLACK
6
CONTINUOUS
10
0.3715171653543307
20
0.3130559842519685
11
0.3703650393700788
21
0.3130559842519685
0
LINE
8
BLACK
6
CONTINUOUS
10
0.3703650393700788
20
0.3130559842519685
11
0.3693006299212598
21
0.3134968897637795
0
LINE
8
BLACK
6
CONTINUOUS
10
0.3693006299212598
20
0.3134968897637795
11
0.3684859842519685
21
0.3143115354330708
0
LINE
8
BLACK
6
CONTINUOUS
10
0.3684859842519685
20
0.3143115354330708
11
0.3680450787401575
21
0.3153759448818897
0
LINE
8
BLACK
6
CONTINUOUS
10
0.3680450787401575
20
0.3153759448818897
11
0.3679883464566929
21
0.3159520078740157
0
LINE
8
BLACK
6
CONTINUOUS
10
0.3679883464566929
20
0.3159520078740157
11
0.3679883464566929
21
0.3421987401574803
0
LINE
8
BLACK
6
CONTINUOUS
10
0.3679883464566929
20
0.3421987401574803
11
0.3680450787401575
21
0.3427748031496063
0
LINE
8
BLACK
6
CONTINUOUS
10
0.3680450787401575
20
0.3427748031496063
11
0.3684859842519685
21
0.3438392125984252
0
LINE
8
BLACK
6
CONTINUOUS
10
0.3684859842519685
20
0.3438392125984252
11
0.3693006299212598
21
0.3446538582677166
0
LINE
8
BLACK
6
CONTINUOUS
10
0.3693006299212598
20
0.3446538582677166
11
0.3703650393700788
21
0.3450947637795275
0
LINE
8
BLACK
6
CONTINUOUS
10
0.3703650393700788
20
0.3450947637795275
11
0.3715171653543307
21
0.3450947637795275
0
LINE
8
BLACK
6
CONTINUOUS
10
0.3715171653543307
20
0.3450947637795275
11
0.3725815748031496
21
0.3446538582677166
0
LINE
8
BLACK
6
CONTINUOUS
10
0.4183862992125984
20
0.3582181102362205
11
0.4184842913385827
21
0.3581775196850394
0
LINE
8
BLACK
6
CONTINUOUS
10
0.4184842913385827
20
0.3581775196850394
11
0.4185901181102362
21
0.35817
0
LINE
8
BLACK
6
CONTINUOUS
10
0.4185901181102362
20
0.35817
11
0.4191307480314961
21
0.3579631102362205
0
LINE
8
BLACK
6
CONTINUOUS
10
0.4191307480314961
20
0.3579631102362205
11
0.4228802755905512
21
0.3560883464566929
0
LINE
8
BLACK
6
CONTINUOUS
10
0.4228802755905512
20
0.3560883464566929
11
0.4231282677165354
21
0.3559322834645669
0
LINE
8
BLACK
6
CONTINUOUS
10
0.4231282677165354
20
0.3559322834645669
11
0.4232002362204724
21
0.3559024409448819
0
LINE
8
BLACK
6
CONTINUOUS
10
0.4232002362204724
20
0.3559024409448819
11
0.4232811811023622
21
0.3558359842519685
0
LINE
8
BLACK
6
CONTINUOUS
10
0.4232811811023622
20
0.3558359842519685
11
0.4233701574803149
21
0.35578
0
LINE
8
BLACK
6
CONTINUOUS
10
0.4233701574803149
20
0.35578
11
0.4234212992125984
21
0.3557210236220472
0
LINE
8
BLACK
6
CONTINUOUS
10
0.4234212992125984
20
0.3557210236220472
11
0.4236476771653543
21
0.3555352362204725
0
LINE
8
BLACK
6
CONTINUOUS
10
0.4236476771653543
20
0.3555352362204725
11
0.4255224409448819
21
0.3536604724409449
0
LINE
8
BLACK
6
CONTINUOUS
10
0.4255224409448819
20
0.3536604724409449
11
0.425708188976378
21
0.3534341338582677
0
LINE
8
BLACK
6
CONTINUOUS
10
0.425708188976378
20
0.3534341338582677
11
0.4257672047244094
21
0.3533829527559055
0
LINE
8
BLACK
6
CONTINUOUS
10
0.4257672047244094
20
0.3533829527559055
11
0.4258231496062992
21
0.3532940157480315
0
LINE
8
BLACK
6
CONTINUOUS
10
0.4258231496062992
20
0.3532940157480315
11
0.4258896456692913
21
0.353213031496063
0
LINE
8
BLACK
6
CONTINUOUS
10
0.4258896456692913
20
0.353213031496063
11
0.4259194488188977
21
0.3531411023622047
0
LINE
8
BLACK
6
CONTINUOUS
10
0.4259194488188977
20
0.3531411023622047
11
0.4260755511811024
21
0.3528930708661417
0
LINE
8
BLACK
6
CONTINUOUS
10
0.4260755511811024
20
0.3528930708661417
11
0.4279503149606299
21
0.3491435433070866
0
LINE
8
BLACK
6
CONTINUOUS
10
0.4279503149606299
20
0.3491435433070866
11
0.4279664173228346
21
0.3491014566929134
0
LINE
8
BLACK
6
CONTINUOUS
10
0.4279664173228346
20
0.3491014566929134
11
0.4279791338582677
21
0.3490842913385827
0
LINE
8
BLACK
6
CONTINUOUS
10
0.4279791338582677
20
0.3490842913385827
11
0.4280654330708661
21
0.3488427165354331
0
LINE
8
BLACK
6
CONTINUOUS
10
0.4280654330708661
20
0.3488427165354331
11
0.4281572047244094
21
0.3486029527559055
0
LINE
8
BLACK
6
CONTINUOUS
10
0.4281572047244094
20
0.3486029527559055
11
0.4281587007874016
21
0.3485816929133858
0
LINE
8
BLACK
6
CONTINUOUS
10
0.4281587007874016
20
0.3485816929133858
11
0.4281738976377953
21
0.3485391732283464
0
LINE
8
BLACK
6
CONTINUOUS
10
0.4281738976377953
20
0.3485391732283464
11
0.4300486614173228
21
0.3410401181102362
0
LINE
8
BLACK
6
CONTINUOUS
10
0.4300486614173228
20
0.3410401181102362
11
0.4300634251968504
21
0.3409402755905512
0
LINE
8
BLACK
6
CONTINUOUS
10
0.4300634251968504
20
0.3409402755905512
11
0.4300800787401575
21
0.3409000393700787
0
LINE
8
BLACK
6
CONTINUOUS
10
0.4300800787401575
20
0.3409000393700787
11
0.4301014173228346
21
0.340683031496063
0
LINE
8
BLACK
6
CONTINUOUS
10
0.4301014173228346
20
0.340683031496063
11
0.4301333070866142
21
0.3404675196850394
0
LINE
8
BLACK
6
CONTINUOUS
10
0.4301333070866142
20
0.3404675196850394
11
0.4301268897637795
21
0.3404245275590551
0
LINE
8
BLACK
6
CONTINUOUS
10
0.4301268897637795
20
0.3404245275590551
11
0.4301368110236221
21
0.3403239763779528
0
LINE
8
BLACK
6
CONTINUOUS
10
0.4301368110236221
20
0.3403239763779528
11
0.4301368110236221
21
0.330950157480315
0
LINE
8
BLACK
6
CONTINUOUS
10
0.4301368110236221
20
0.330950157480315
11
0.4301268897637795
21
0.3308496456692913
0
LINE
8
BLACK
6
CONTINUOUS
10
0.4301268897637795
20
0.3308496456692913
11
0.4301333070866142
21
0.3308066141732283
0
LINE
8
BLACK
6
CONTINUOUS
10
0.4301333070866142
20
0.3308066141732283
11
0.4301014173228346
21
0.3305911417322834
0
LINE
8
BLACK
6
CONTINUOUS
10
0.4301014173228346
20
0.3305911417322834
11
0.4300800787401575
21
0.330374094488189
0
LINE
8
BLACK
6
CONTINUOUS
10
0.4300800787401575
20
0.330374094488189
11
0.4300634251968504
21
0.3303338976377952
0
LINE
8
BLACK
6
CONTINUOUS
10
0.4300634251968504
20
0.3303338976377952
11
0.4300486614173228
21
0.3302340157480315
0
LINE
8
BLACK
6
CONTINUOUS
10
0.4300486614173228
20
0.3302340157480315
11
0.4281738976377953
21
0.3227349606299212
0
LINE
8
BLACK
6
CONTINUOUS
10
0.4281738976377953
20
0.3227349606299212
11
0.4281587007874016
21
0.3226924803149606
0
LINE
8
BLACK
6
CONTINUOUS
10
0.4281587007874016
20
0.3226924803149606
11
0.4281572047244094
21
0.3226711811023622
0
LINE
8
BLACK
6
CONTINUOUS
10
0.4281572047244094
20
0.3226711811023622
11
0.4280654330708661
21
0.3224314566929134
0
LINE
8
BLACK
6
CONTINUOUS
10
0.4280654330708661
20
0.3224314566929134
11
0.4279791338582677
21
0.322189842519685
0
LINE
8
BLACK
6
CONTINUOUS
10
0.4279791338582677
20
0.322189842519685
11
0.4279664173228346
21
0.3221727165354331
0
LINE
8
BLACK
6
CONTINUOUS
10
0.4279664173228346
20
0.3221727165354331
11
0.4279503149606299
21
0.3221305905511811
0
LINE
8
BLACK
6
CONTINUOUS
10
0.4279503149606299
20
0.3221305905511811
11
0.4260755511811024
21
0.318381062992126
0
LINE
8
BLACK
6
CONTINUOUS
10
0.4260755511811024
20
0.318381062992126
11
0.4259194881889763
21
0.3181331889763779
0
LINE
8
BLACK
6
CONTINUOUS
10
0.4259194881889763
20
0.3181331889763779
11
0.4258896850393701
21
0.3180611417322834
0
LINE
8
BLACK
6
CONTINUOUS
10
0.4258896850393701
20
0.3180611417322834
11
0.4258231496062992
21
0.3179801181102362
0
LINE
8
BLACK
6
CONTINUOUS
10
0.4258231496062992
20
0.3179801181102362
11
0.4257672047244094
21
0.3178911811023622
0
LINE
8
BLACK
6
CONTINUOUS
10
0.4257672047244094
20
0.3178911811023622
11
0.425708188976378
21
0.3178400393700787
0
LINE
8
BLACK
6
CONTINUOUS
10
0.425708188976378
20
0.3178400393700787
11
0.4255224409448819
21
0.3176136614173228
0
LINE
8
BLACK
6
CONTINUOUS
10
0.4255224409448819
20
0.3176136614173228
11
0.423647716535433
21
0.3157388976377953
0
LINE
8
BLACK
6
CONTINUOUS
10
0.423647716535433
20
0.3157388976377953
11
0.4234213385826772
21
0.3155531496062992
0
LINE
8
BLACK
6
CONTINUOUS
10
0.4234213385826772
20
0.3155531496062992
11
0.4233701574803149
21
0.315494094488189
0
LINE
8
BLACK
6
CONTINUOUS
10
0.4233701574803149
20
0.315494094488189
11
0.4232811811023622
21
0.3154381102362205
0
LINE
8
BLACK
6
CONTINUOUS
10
0.4232811811023622
20
0.3154381102362205
11
0.4232002362204724
21
0.3153716535433071
0
LINE
8
BLACK
6
CONTINUOUS
10
0.4232002362204724
20
0.3153716535433071
11
0.4231282677165354
21
0.3153418503937008
0
LINE
8
BLACK
6
CONTINUOUS
10
0.4231282677165354
20
0.3153418503937008
11
0.4228802755905512
21
0.3151857480314961
0
LINE
8
BLACK
6
CONTINUOUS
10
0.4228802755905512
20
0.3151857480314961
11
0.4191307480314961
21
0.3133109842519685
0
LINE
8
BLACK
6
CONTINUOUS
10
0.4191307480314961
20
0.3133109842519685
11
0.4185901181102362
21
0.313104094488189
0
LINE
8
BLACK
6
CONTINUOUS
10
0.4185901181102362
20
0.313104094488189
11
0.4184842913385827
21
0.3130966141732283
0
LINE
8
BLACK
6
CONTINUOUS
10
0.4184842913385827
20
0.3130966141732283
11
0.4183862992125984
21
0.3130559842519685
0
LINE
8
BLACK
6
CONTINUOUS
10
0.4183862992125984
20
0.3130559842519685
11
0.4178102362204724
21
0.3129992519685039
0
LINE
8
BLACK
6
CONTINUOUS
10
0.4178102362204724
20
0.3129992519685039
11
0.4140607086614173
21
0.3129992519685039
0
LINE
8
BLACK
6
CONTINUOUS
10
0.4140607086614173
20
0.3129992519685039
11
0.4134846456692913
21
0.3130559842519685
0
LINE
8
BLACK
6
CONTINUOUS
10
0.4134846456692913
20
0.3130559842519685
11
0.4133866535433071
21
0.3130965748031496
0
LINE
8
BLACK
6
CONTINUOUS
10
0.4133866535433071
20
0.3130965748031496
11
0.4132807874015748
21
0.313104094488189
0
LINE
8
BLACK
6
CONTINUOUS
10
0.4132807874015748
20
0.313104094488189
11
0.4127401968503937
21
0.3133109842519685
0
LINE
8
BLACK
6
CONTINUOUS
10
0.4127401968503937
20
0.3133109842519685
11
0.4089906692913386
21
0.3151857480314961
0
LINE
8
BLACK
6
CONTINUOUS
10
0.4089906692913386
20
0.3151857480314961
11
0.4087426377952756
21
0.3153418503937008
0
LINE
8
BLACK
6
CONTINUOUS
10
0.4087426377952756
20
0.3153418503937008
11
0.4086707086614173
21
0.3153716535433071
0
LINE
8
BLACK
6
CONTINUOUS
10
0.4086707086614173
20
0.3153716535433071
11
0.4085897244094488
21
0.3154381102362205
0
LINE
8
BLACK
6
CONTINUOUS
10
0.4085897244094488
20
0.3154381102362205
11
0.4085007874015748
21
0.315494094488189
0
LINE
8
BLACK
6
CONTINUOUS
10
0.4085007874015748
20
0.315494094488189
11
0.4084495669291339
21
0.3155531496062992
0
LINE
8
BLACK
6
CONTINUOUS
10
0.4084495669291339
20
0.3155531496062992
11
0.4082232283464567
21
0.3157388976377953
0
LINE
8
BLACK
6
CONTINUOUS
10
0.4082232283464567
20
0.3157388976377953
11
0.4063484645669291
21
0.3176137007874016
0
LINE
8
BLACK
6
CONTINUOUS
10
0.4063484645669291
20
0.3176137007874016
11
0.4061627165354331
21
0.3178400393700787
0
LINE
8
BLACK
6
CONTINUOUS
10
0.4061627165354331
20
0.3178400393700787
11
0.4061037401574803
21
0.3178911811023622
0
LINE
8
BLACK
6
CONTINUOUS
10
0.4061037401574803
20
0.3178911811023622
11
0.4060477559055118
21
0.3179801181102362
0
LINE
8
BLACK
6
CONTINUOUS
10
0.4060477559055118
20
0.3179801181102362
11
0.4059812598425196
21
0.3180611417322834
0
LINE
8
BLACK
6
CONTINUOUS
10
0.4059812598425196
20
0.3180611417322834
11
0.4059514173228346
21
0.3181331889763779
0
LINE
8
BLACK
6
CONTINUOUS
10
0.4059514173228346
20
0.3181331889763779
11
0.4057953937007874
21
0.318381062992126
0
LINE
8
BLACK
6
CONTINUOUS
10
0.4057953937007874
20
0.318381062992126
11
0.4039206299212598
21
0.3221305905511811
0
LINE
8
BLACK
6
CONTINUOUS
10
0.4039206299212598
20
0.3221305905511811
11
0.4039044881889764
21
0.3221727165354331
0
LINE
8
BLACK
6
CONTINUOUS
10
0.4039044881889764
20
0.3221727165354331
11
0.403891811023622
21
0.322189842519685
0
LINE
8
BLACK
6
CONTINUOUS
10
0.403891811023622
20
0.322189842519685
11
0.4038053543307086
21
0.3224318110236221
0
LINE
8
BLACK
6
CONTINUOUS
10
0.4038053543307086
20
0.3224318110236221
11
0.4037137401574803
21
0.322671220472441
0
LINE
8
BLACK
6
CONTINUOUS
10
0.4037137401574803
20
0.322671220472441
11
0.4037122047244094
21
0.3226924803149606
0
LINE
8
BLACK
6
CONTINUOUS
10
0.4037122047244094
20
0.3226924803149606
11
0.4036970472440945
21
0.3227349606299212
0
LINE
8
BLACK
6
CONTINUOUS
10
0.4036970472440945
20
0.3227349606299212
11
0.4018222834645669
21
0.3302340157480315
0
LINE
8
BLACK
6
CONTINUOUS
10
0.4018222834645669
20
0.3302340157480315
11
0.4018074803149606
21
0.3303338976377952
0
LINE
8
BLACK
6
CONTINUOUS
10
0.4018074803149606
20
0.3303338976377952
11
0.4017908661417323
21
0.330374094488189
0
LINE
8
BLACK
6
CONTINUOUS
10
0.4017908661417323
20
0.330374094488189
11
0.4017694881889763
21
0.3305911417322834
0
LINE
8
BLACK
6
CONTINUOUS
10
0.4017694881889763
20
0.3305911417322834
11
0.4017376377952756
21
0.3308066141732283
0
LINE
8
BLACK
6
CONTINUOUS
10
0.4017376377952756
20
0.3308066141732283
11
0.4017440157480315
21
0.3308496456692913
0
LINE
8
BLACK
6
CONTINUOUS
10
0.4017440157480315
20
0.3308496456692913
11
0.4017341338582677
21
0.330950157480315
0
LINE
8
BLACK
6
CONTINUOUS
10
0.4017341338582677
20
0.330950157480315
11
0.4017341338582677
21
0.3403239763779528
0
LINE
8
BLACK
6
CONTINUOUS
10
0.4017341338582677
20
0.3403239763779528
11
0.4017440157480315
21
0.3404245275590551
0
LINE
8
BLACK
6
CONTINUOUS
10
0.4017440157480315
20
0.3404245275590551
11
0.4017376377952756
21
0.3404675196850394
0
LINE
8
BLACK
6
CONTINUOUS
10
0.4017376377952756
20
0.3404675196850394
11
0.4017694881889763
21
0.340683031496063
0
LINE
8
BLACK
6
CONTINUOUS
10
0.4017694881889763
20
0.340683031496063
11
0.4017908661417323
21
0.3409000393700787
0
LINE
8
BLACK
6
CONTINUOUS
10
0.4017908661417323
20
0.3409000393700787
11
0.4018074803149606
21
0.3409402755905512
0
LINE
8
BLACK
6
CONTINUOUS
10
0.4018074803149606
20
0.3409402755905512
11
0.4018222834645669
21
0.3410401181102362
0
LINE
8
BLACK
6
CONTINUOUS
10
0.4018222834645669
20
0.3410401181102362
11
0.4036970472440945
21
0.3485391732283464
0
LINE
8
BLACK
6
CONTINUOUS
10
0.4036970472440945
20
0.3485391732283464
11
0.4037122047244094
21
0.3485816929133858
0
LINE
8
BLACK
6
CONTINUOUS
10
0.4037122047244094
20
0.3485816929133858
11
0.4037137401574803
21
0.3486029133858268
0
LINE
8
BLACK
6
CONTINUOUS
10
0.4037137401574803
20
0.3486029133858268
11
0.4038053543307086
21
0.3488423622047244
0
LINE
8
BLACK
6
CONTINUOUS
10
0.4038053543307086
20
0.3488423622047244
11
0.403891811023622
21
0.3490842913385827
0
LINE
8
BLACK
6
CONTINUOUS
10
0.403891811023622
20
0.3490842913385827
11
0.4039044881889764
21
0.3491014566929134
0
LINE
8
BLACK
6
CONTINUOUS
10
0.4039044881889764
20
0.3491014566929134
11
0.4039206299212598
21
0.3491435433070866
0
LINE
8
BLACK
6
CONTINUOUS
10
0.4039206299212598
20
0.3491435433070866
11
0.4057953937007874
21
0.3528930708661417
0
LINE
8
BLACK
6
CONTINUOUS
10
0.4057953937007874
20
0.3528930708661417
11
0.4059514566929134
21
0.3531411023622047
0
LINE
8
BLACK
6
CONTINUOUS
10
0.4059514566929134
20
0.3531411023622047
11
0.4059812992125984
21
0.353213031496063
0
LINE
8
BLACK
6
CONTINUOUS
10
0.4059812992125984
20
0.353213031496063
11
0.4060477559055118
21
0.3532940157480315
0
LINE
8
BLACK
6
CONTINUOUS
10
0.4060477559055118
20
0.3532940157480315
11
0.4061037401574803
21
0.3533829527559055
0
LINE
8
BLACK
6
CONTINUOUS
10
0.4061037401574803
20
0.3533829527559055
11
0.4061627165354331
21
0.3534341338582677
0
LINE
8
BLACK
6
CONTINUOUS
10
0.4061627165354331
20
0.3534341338582677
11
0.4063485039370079
21
0.3536604724409449
0
LINE
8
BLACK
6
CONTINUOUS
10
0.4063485039370079
20
0.3536604724409449
11
0.4082232677165354
21
0.3555352362204725
0
LINE
8
BLACK
6
CONTINUOUS
10
0.4082232677165354
20
0.3555352362204725
11
0.4084496062992126
21
0.3557210236220472
0
LINE
8
BLACK
6
CONTINUOUS
10
0.4084496062992126
20
0.3557210236220472
11
0.4085007874015748
21
0.35578
0
LINE
8
BLACK
6
CONTINUOUS
10
0.4085007874015748
20
0.35578
11
0.4085897244094488
21
0.3558359842519685
0
LINE
8
BLACK
6
CONTINUOUS
10
0.4085897244094488
20
0.3558359842519685
11
0.4086707086614173
21
0.3559024409448819
0
LINE
8
BLACK
6
CONTINUOUS
10
0.4086707086614173
20
0.3559024409448819
11
0.4087426377952756
21
0.3559322834645669
0
LINE
8
BLACK
6
CONTINUOUS
10
0.4087426377952756
20
0.3559322834645669
11
0.4089906692913386
21
0.3560883464566929
0
LINE
8
BLACK
6
CONTINUOUS
10
0.4089906692913386
20
0.3560883464566929
11
0.4127401968503937
21
0.3579631102362205
0
LINE
8
BLACK
6
CONTINUOUS
10
0.4127401968503937
20
0.3579631102362205
11
0.4132807874015748
21
0.35817
0
LINE
8
BLACK
6
CONTINUOUS
10
0.4132807874015748
20
0.35817
11
0.4133866535433071
21
0.3581775590551181
0
LINE
8
BLACK
6
CONTINUOUS
10
0.4133866535433071
20
0.3581775590551181
11
0.4134846456692913
21
0.3582181102362205
0
LINE
8
BLACK
6
CONTINUOUS
10
0.4134846456692913
20
0.3582181102362205
11
0.4140607086614173
21
0.3582748425196851
0
LINE
8
BLACK
6
CONTINUOUS
10
0.4140607086614173
20
0.3582748425196851
11
0.4178102362204724
21
0.3582748425196851
0
LINE
8
BLACK
6
CONTINUOUS
10
0.4178102362204724
20
0.3582748425196851
11
0.4183862992125984
21
0.3582181102362205
0
LINE
8
BLACK
6
CONTINUOUS
10
0.4120602755905512
20
0.3510205905511811
11
0.4108631496062992
21
0.3498234645669291
0
LINE
8
BLACK
6
CONTINUOUS
10
0.4108631496062992
20
0.3498234645669291
11
0.4093476377952756
21
0.3467924803149606
0
LINE
8
BLACK
6
CONTINUOUS
10
0.4093476377952756
20
0.3467924803149606
11
0.4076396456692913
21
0.3399604330708662
0
LINE
8
BLACK
6
CONTINUOUS
10
0.4076396456692913
20
0.3399604330708662
11
0.4076396456692913
21
0.3313137007874016
0
LINE
8
BLACK
6
CONTINUOUS
10
0.4076396456692913
20
0.3313137007874016
11
0.4093476377952756
21
0.3244816535433071
0
LINE
8
BLACK
6
CONTINUOUS
10
0.4093476377952756
20
0.3244816535433071
11
0.4108631496062992
21
0.3214506692913386
0
LINE
8
BLACK
6
CONTINUOUS
10
0.4108631496062992
20
0.3214506692913386
11
0.4120602755905512
21
0.3202535039370079
0
LINE
8
BLACK
6
CONTINUOUS
10
0.4120602755905512
20
0.3202535039370079
11
0.4147577559055118
21
0.3189047637795275
0
LINE
8
BLACK
6
CONTINUOUS
10
0.4147577559055118
20
0.3189047637795275
11
0.4171131889763779
21
0.3189047637795275
0
LINE
8
BLACK
6
CONTINUOUS
10
0.4171131889763779
20
0.3189047637795275
11
0.4198106299212598
21
0.3202535039370079
0
LINE
8
BLACK
6
CONTINUOUS
10
0.4198106299212598
20
0.3202535039370079
11
0.4210077559055118
21
0.3214506692913386
0
LINE
8
BLACK
6
CONTINUOUS
10
0.4210077559055118
20
0.3214506692913386
11
0.4225232677165354
21
0.3244816535433071
0
LINE
8
BLACK
6
CONTINUOUS
10
0.4225232677165354
20
0.3244816535433071
11
0.4242312992125984
21
0.3313137007874016
0
LINE
8
BLACK
6
CONTINUOUS
10
0.4242312992125984
20
0.3313137007874016
11
0.4242312992125984
21
0.3399604330708662
0
LINE
8
BLACK
6
CONTINUOUS
10
0.4242312992125984
20
0.3399604330708662
11
0.4225232677165354
21
0.3467924803149606
0
LINE
8
BLACK
6
CONTINUOUS
10
0.4225232677165354
20
0.3467924803149606
11
0.4210077952755906
21
0.3498234645669291
0
LINE
8
BLACK
6
CONTINUOUS
10
0.4210077952755906
20
0.3498234645669291
11
0.4198106692913386
21
0.3510205905511811
0
LINE
8
BLACK
6
CONTINUOUS
10
0.4198106692913386
20
0.3510205905511811
11
0.4171131889763779
21
0.3523693307086614
0
LINE
8
BLACK
6
CONTINUOUS
10
0.4171131889763779
20
0.3523693307086614
11
0.4147577559055118
21
0.3523693307086614
0
LINE
8
BLACK
6
CONTINUOUS
10
0.4147577559055118
20
0.3523693307086614
11
0.4120602755905512
21
0.3510205905511811
0
LINE
8
BLACK
6
CONTINUOUS
10
0.4537175590551181
20
0.3582181102362205
11
0.4540068503937008
21
0.3582181102362205
0
LINE
8
BLACK
6
CONTINUOUS
10
0.4540068503937008
20
0.3582181102362205
11
0.4542769291338583
21
0.3581062598425197
0
LINE
8
BLACK
6
CONTINUOUS
10
0.4542769291338583
20
0.3581062598425197
11
0.4545635826771653
21
0.3580488976377953
0
LINE
8
BLACK
6
CONTINUOUS
10
0.4545635826771653
20
0.3580488976377953
11
0.454803937007874
21
0.3578879527559055
0
LINE
8
BLACK
6
CONTINUOUS
10
0.454803937007874
20
0.3578879527559055
11
0.4550712598425197
21
0.3577772047244094
0
LINE
8
BLACK
6
CONTINUOUS
10
0.4550712598425197
20
0.3577772047244094
11
0.4552779527559055
21
0.3575705118110236
0
LINE
8
BLACK
6
CONTINUOUS
10
0.4552779527559055
20
0.3575705118110236
11
0.4555208661417323
21
0.3574078346456693
0
LINE
8
BLACK
6
CONTINUOUS
10
0.4555208661417323
20
0.3574078346456693
11
0.4558838582677165
21
0.3569646062992126
0
LINE
8
BLACK
6
CONTINUOUS
10
0.4558838582677165
20
0.3569646062992126
11
0.455885905511811
21
0.3569625590551181
0
LINE
8
BLACK
6
CONTINUOUS
10
0.455885905511811
20
0.3569625590551181
11
0.4558862598425197
21
0.3569616929133858
0
LINE
8
BLACK
6
CONTINUOUS
10
0.4558862598425197
20
0.3569616929133858
11
0.4558876377952756
21
0.35696
0
LINE
8
BLACK
6
CONTINUOUS
10
0.4558876377952756
20
0.35696
11
0.4594749606299213
21
0.3515789763779528
0
LINE
8
BLACK
6
CONTINUOUS
10
0.4594749606299213
20
0.3515789763779528
11
0.462678937007874
21
0.348375
0
LINE
8
BLACK
6
CONTINUOUS
10
0.462678937007874
20
0.348375
11
0.4659998818897638
21
0.3467145275590551
0
LINE
8
BLACK
6
CONTINUOUS
10
0.4659998818897638
20
0.3467145275590551
11
0.4664897637795276
21
0.3464061811023622
0
LINE
8
BLACK
6
CONTINUOUS
10
0.4664897637795276
20
0.3464061811023622
11
0.4672446062992126
21
0.3455357874015748
0
LINE
8
BLACK
6
CONTINUOUS
10
0.4672446062992126
20
0.3455357874015748
11
0.467608937007874
21
0.3444428346456693
0
LINE
8
BLACK
6
CONTINUOUS
10
0.467608937007874
20
0.3444428346456693
11
0.4675272834645669
21
0.3432936220472441
0
LINE
8
BLACK
6
CONTINUOUS
10
0.4675272834645669
20
0.3432936220472441
11
0.4670120078740158
21
0.3422631102362205
0
LINE
8
BLACK
6
CONTINUOUS
10
0.4670120078740158
20
0.3422631102362205
11
0.4661416535433071
21
0.3415082677165354
0
LINE
8
BLACK
6
CONTINUOUS
10
0.4661416535433071
20
0.3415082677165354
11
0.4650486614173228
21
0.341143937007874
0
LINE
8
BLACK
6
CONTINUOUS
10
0.4650486614173228
20
0.341143937007874
11
0.4638994488188976
21
0.3412255905511811
0
LINE
8
BLACK
6
CONTINUOUS
10
0.4638994488188976
20
0.3412255905511811
11
0.4633588582677165
21
0.3414324803149606
0
LINE
8
BLACK
6
CONTINUOUS
10
0.4633588582677165
20
0.3414324803149606
11
0.4596093307086614
21
0.3433072440944882
0
LINE
8
BLACK
6
CONTINUOUS
10
0.4596093307086614
20
0.3433072440944882
11
0.4593614960629921
21
0.3434632677165354
0
LINE
8
BLACK
6
CONTINUOUS
10
0.4593614960629921
20
0.3434632677165354
11
0.4592893700787402
21
0.3434931102362205
0
LINE
8
BLACK
6
CONTINUOUS
10
0.4592893700787402
20
0.3434931102362205
11
0.4592081889763779
21
0.3435597244094488
0
LINE
8
BLACK
6
CONTINUOUS
10
0.4592081889763779
20
0.3435597244094488
11
0.4591194488188976
21
0.3436155905511811
0
LINE
8
BLACK
6
CONTINUOUS
10
0.4591194488188976
20
0.3436155905511811
11
0.4590683070866142
21
0.3436745275590551
0
LINE
8
BLACK
6
CONTINUOUS
10
0.4590683070866142
20
0.3436745275590551
11
0.4588419291338582
21
0.3438603543307087
0
LINE
8
BLACK
6
CONTINUOUS
10
0.4588419291338582
20
0.3438603543307087
11
0.4563835433070866
21
0.3463187401574803
0
LINE
8
BLACK
6
CONTINUOUS
10
0.4563835433070866
20
0.3463187401574803
11
0.4563835433070866
21
0.3189047637795275
0
LINE
8
BLACK
6
CONTINUOUS
10
0.4563835433070866
20
0.3189047637795275
11
0.4646793700787402
21
0.3189047637795275
0
LINE
8
BLACK
6
CONTINUOUS
10
0.4646793700787402
20
0.3189047637795275
11
0.4652554330708661
21
0.318848031496063
0
LINE
8
BLACK
6
CONTINUOUS
10
0.4652554330708661
20
0.318848031496063
11
0.466319842519685
21
0.318407125984252
0
LINE
8
BLACK
6
CONTINUOUS
10
0.466319842519685
20
0.318407125984252
11
0.4671344881889763
21
0.3175924803149606
0
LINE
8
BLACK
6
CONTINUOUS
10
0.4671344881889763
20
0.3175924803149606
11
0.4675753937007874
21
0.3165280708661417
0
LINE
8
BLACK
6
CONTINUOUS
10
0.4675753937007874
20
0.3165280708661417
11
0.4675753937007874
21
0.3153759448818897
0
LINE
8
BLACK
6
CONTINUOUS
10
0.4675753937007874
20
0.3153759448818897
11
0.4671344881889763
21
0.3143115354330708
0
LINE
8
BLACK
6
CONTINUOUS
10
0.4671344881889763
20
0.3143115354330708
11
0.466319842519685
21
0.3134968897637795
0
LINE
8
BLACK
6
CONTINUOUS
10
0.466319842519685
20
0.3134968897637795
11
0.4652554330708661
21
0.3130559842519685
0
LINE
8
BLACK
6
CONTINUOUS
10
0.4652554330708661
20
0.3130559842519685
11
0.4646793700787402
21
0.3129992519685039
0
LINE
8
BLACK
6
CONTINUOUS
10
0.4646793700787402
20
0.3129992519685039
11
0.4421822047244094
21
0.3129992519685039
0
LINE
8
BLACK
6
CONTINUOUS
10
0.4421822047244094
20
0.3129992519685039
11
0.4416061417322835
21
0.3130559842519685
0
LINE
8
BLACK
6
CONTINUOUS
10
0.4416061417322835
20
0.3130559842519685
11
0.4405417322834645
21
0.3134968897637795
0
LINE
8
BLACK
6
CONTINUOUS
10
0.4405417322834645
20
0.3134968897637795
11
0.4397270866141732
21
0.3143115354330708
0
LINE
8
BLACK
6
CONTINUOUS
10
0.4397270866141732
20
0.3143115354330708
11
0.4392861811023622
21
0.3153759448818897
0
LINE
8
BLACK
6
CONTINUOUS
10
0.4392861811023622
20
0.3153759448818897
11
0.4392861811023622
21
0.3165280708661417
0
LINE
8
BLACK
6
CONTINUOUS
10
0.4392861811023622
20
0.3165280708661417
11
0.4397270866141732
21
0.3175924803149606
0
LINE
8
BLACK
6
CONTINUOUS
10
0.4397270866141732
20
0.3175924803149606
11
0.4405417322834645
21
0.318407125984252
0
LINE
8
BLACK
6
CONTINUOUS
10
0.4405417322834645
20
0.318407125984252
11
0.4416061417322835
21
0.318848031496063
0
LINE
8
BLACK
6
CONTINUOUS
10
0.4416061417322835
20
0.318848031496063
11
0.4421822047244094
21
0.3189047637795275
0
LINE
8
BLACK
6
CONTINUOUS
10
0.4421822047244094
20
0.3189047637795275
11
0.450478031496063
21
0.3189047637795275
0
LINE
8
BLACK
6
CONTINUOUS
10
0.450478031496063
20
0.3189047637795275
11
0.450478031496063
21
0.3553220866141732
0
LINE
8
BLACK
6
CONTINUOUS
10
0.450478031496063
20
0.3553220866141732
11
0.4504782283464567
21
0.3553241732283465
0
LINE
8
BLACK
6
CONTINUOUS
10
0.4504782283464567
20
0.3553241732283465
11
0.450478031496063
21
0.3553251968503937
0
LINE
8
BLACK
6
CONTINUOUS
10
0.450478031496063
20
0.3553251968503937
11
0.4504786220472441
21
0.3553282283464567
0
LINE
8
BLACK
6
CONTINUOUS
10
0.4504786220472441
20
0.3553282283464567
11
0.4505347637795276
21
0.3558981496062992
0
LINE
8
BLACK
6
CONTINUOUS
10
0.4505347637795276
20
0.3558981496062992
11
0.4506466141732283
21
0.3561682677165354
0
LINE
8
BLACK
6
CONTINUOUS
10
0.4506466141732283
20
0.3561682677165354
11
0.4507039763779527
21
0.3564548818897638
0
LINE
8
BLACK
6
CONTINUOUS
10
0.4507039763779527
20
0.3564548818897638
11
0.4508649212598425
21
0.3566952755905512
0
LINE
8
BLACK
6
CONTINUOUS
10
0.4508649212598425
20
0.3566952755905512
11
0.4509756692913386
21
0.3569625590551181
0
LINE
8
BLACK
6
CONTINUOUS
10
0.4509756692913386
20
0.3569625590551181
11
0.4511823622047244
21
0.3571692913385827
0
LINE
8
BLACK
6
CONTINUOUS
10
0.4511823622047244
20
0.3571692913385827
11
0.4513450393700787
21
0.3574121653543307
0
LINE
8
BLACK
6
CONTINUOUS
10
0.4513450393700787
20
0.3574121653543307
11
0.451585748031496
21
0.3575726771653543
0
LINE
8
BLACK
6
CONTINUOUS
10
0.451585748031496
20
0.3575726771653543
11
0.4517903149606299
21
0.3577772047244094
0
LINE
8
BLACK
6
CONTINUOUS
10
0.4517903149606299
20
0.3577772047244094
11
0.4520603937007874
21
0.357889094488189
0
LINE
8
BLACK
6
CONTINUOUS
10
0.4520603937007874
20
0.357889094488189
11
0.4523036614173228
21
0.3580512598425197
0
LINE
8
BLACK
6
CONTINUOUS
10
0.4523036614173228
20
0.3580512598425197
11
0.4525874409448819
21
0.3581074015748031
0
LINE
8
BLACK
6
CONTINUOUS
10
0.4525874409448819
20
0.3581074015748031
11
0.4528547244094488
21
0.3582181102362205
0
LINE
8
BLACK
6
CONTINUOUS
10
0.4528547244094488
20
0.3582181102362205
11
0.4531471259842519
21
0.3582181102362205
0
LINE
8
BLACK
6
CONTINUOUS
10
0.4531471259842519
20
0.3582181102362205
11
0.4534338976377953
21
0.3582748425196851
0
LINE
8
BLACK
6
CONTINUOUS
10
0.4534338976377953
20
0.3582748425196851
11
0.4537175590551181
21
0.3582181102362205
0
LINE
8
BLACK
6
CONTINUOUS
10
0.3527694881889764
20
0.3582181102362205
11
0.3538338976377953
21
0.3577772047244094
0
LINE
8
BLACK
6
CONTINUOUS
10
0.3538338976377953
20
0.3577772047244094
11
0.3546485433070866
21
0.3569625590551181
0
LINE
8
BLACK
6
CONTINUOUS
10
0.3546485433070866
20
0.3569625590551181
11
0.3550894488188976
21
0.3558981496062992
0
LINE
8
BLACK
6
CONTINUOUS
10
0.3550894488188976
20
0.3558981496062992
11
0.3551461811023622
21
0.3553220866141732
0
LINE
8
BLACK
6
CONTINUOUS
10
0.3551461811023622
20
0.3553220866141732
11
0.3551461811023622
21
0.3159520078740157
0
LINE
8
BLACK
6
CONTINUOUS
10
0.3551461811023622
20
0.3159520078740157
11
0.3550894488188976
21
0.3153759448818897
0
LINE
8
BLACK
6
CONTINUOUS
10
0.3550894488188976
20
0.3153759448818897
11
0.3546485433070866
21
0.3143115354330708
0
LINE
8
BLACK
6
CONTINUOUS
10
0.3546485433070866
20
0.3143115354330708
11
0.3538338976377953
21
0.3134968897637795
0
LINE
8
BLACK
6
CONTINUOUS
10
0.3538338976377953
20
0.3134968897637795
11
0.3527694881889764
21
0.3130559842519685
0
LINE
8
BLACK
6
CONTINUOUS
10
0.3527694881889764
20
0.3130559842519685
11
0.3516173622047244
21
0.3130559842519685
0
LINE
8
BLACK
6
CONTINUOUS
10
0.3516173622047244
20
0.3130559842519685
11
0.3505529527559055
21
0.3134968897637795
0
LINE
8
BLACK
6
CONTINUOUS
10
0.3505529527559055
20
0.3134968897637795
11
0.3497383070866142
21
0.3143115354330708
0
LINE
8
BLACK
6
CONTINUOUS
10
0.3497383070866142
20
0.3143115354330708
11
0.3492974015748032
21
0.3153759448818897
0
LINE
8
BLACK
6
CONTINUOUS
10
0.3492974015748032
20
0.3153759448818897
11
0.3492406692913386
21
0.3159520078740157
0
LINE
8
BLACK
6
CONTINUOUS
10
0.3492406692913386
20
0.3159520078740157
11
0.3492406692913386
21
0.3336216929133858
0
LINE
8
BLACK
6
CONTINUOUS
10
0.3492406692913386
20
0.3336216929133858
11
0.3390700787401575
21
0.3336216929133858
0
LINE
8
BLACK
6
CONTINUOUS
10
0.3390700787401575
20
0.3336216929133858
11
0.3384940157480315
21
0.3336784251968504
0
LINE
8
BLACK
6
CONTINUOUS
10
0.3384940157480315
20
0.3336784251968504
11
0.3374296062992126
21
0.3341193307086614
0
LINE
8
BLACK
6
CONTINUOUS
10
0.3374296062992126
20
0.3341193307086614
11
0.3366149606299212
21
0.3349339763779527
0
LINE
8
BLACK
6
CONTINUOUS
10
0.3366149606299212
20
0.3349339763779527
11
0.3361740551181102
21
0.3359983858267717
0
LINE
8
BLACK
6
CONTINUOUS
10
0.3361740551181102
20
0.3359983858267717
11
0.3361740551181102
21
0.3371505118110236
0
LINE
8
BLACK
6
CONTINUOUS
10
0.3361740551181102
20
0.3371505118110236
11
0.3366149606299212
21
0.3382149212598425
0
LINE
8
BLACK
6
CONTINUOUS
10
0.3366149606299212
20
0.3382149212598425
11
0.3374296062992126
21
0.3390295669291338
0
LINE
8
BLACK
6
CONTINUOUS
10
0.3374296062992126
20
0.3390295669291338
11
0.3384940157480315
21
0.3394704724409449
0
LINE
8
BLACK
6
CONTINUOUS
10
0.3384940157480315
20
0.3394704724409449
11
0.3390700787401575
21
0.3395272047244094
0
LINE
8
BLACK
6
CONTINUOUS
10
0.3390700787401575
20
0.3395272047244094
11
0.3492406692913386
21
0.3395272047244094
0
LINE
8
BLACK
6
CONTINUOUS
10
0.3492406692913386
20
0.3395272047244094
11
0.3492406692913386
21
0.3523693307086614
0
LINE
8
BLACK
6
CONTINUOUS
10
0.3492406692913386
20
0.3523693307086614
11
0.3334457874015748
21
0.3523693307086614
0
LINE
8
BLACK
6
CONTINUOUS
10
0.3334457874015748
20
0.3523693307086614
11
0.3328697244094488
21
0.352426062992126
0
LINE
8
BLACK
6
CONTINUOUS
10
0.3328697244094488
20
0.352426062992126
11
0.3318053149606299
21
0.352866968503937
0
LINE
8
BLACK
6
CONTINUOUS
10
0.3318053149606299
20
0.352866968503937
11
0.3309906692913386
21
0.3536816141732284
0
LINE
8
BLACK
6
CONTINUOUS
10
0.3309906692913386
20
0.3536816141732284
11
0.3305497637795276
21
0.3547460236220472
0
LINE
8
BLACK
6
CONTINUOUS
10
0.3305497637795276
20
0.3547460236220472
11
0.3305497637795276
21
0.3558981496062992
0
LINE
8
BLACK
6
CONTINUOUS
10
0.3305497637795276
20
0.3558981496062992
11
0.3309906692913386
21
0.3569625590551181
0
LINE
8
BLACK
6
CONTINUOUS
10
0.3309906692913386
20
0.3569625590551181
11
0.3318053149606299
21
0.3577772047244094
0
LINE
8
BLACK
6
CONTINUOUS
10
0.3318053149606299
20
0.3577772047244094
11
0.3328697244094488
21
0.3582181102362205
0
LINE
8
BLACK
6
CONTINUOUS
10
0.3328697244094488
20
0.3582181102362205
11
0.3334457874015748
21
0.3582748425196851
0
LINE
8
BLACK
6
CONTINUOUS
10
0.3334457874015748
20
0.3582748425196851
11
0.3521934251968504
21
0.3582748425196851
0
LINE
8
BLACK
6
CONTINUOUS
10
0.3521934251968504
20
0.3582748425196851
11
0.3527694881889764
21
0.3582181102362205
0
LINE
8
BLACK
6
CONTINUOUS
10
0.3903014173228346
20
0.4121970866141732
11
0.3907600787401574
21
0.4121970866141732
0
LINE
8
BLACK
6
CONTINUOUS
10
0.3907600787401574
20
0.4121970866141732
11
0.3908747244094488
21
0.4120824409448819
0
LINE
8
BLACK
6
CONTINUOUS
10
0.3908747244094488
20
0.4120824409448819
11
0.3910337401574803
21
0.4120506299212598
0
LINE
8
BLACK
6
CONTINUOUS
10
0.3910337401574803
20
0.4120506299212598
11
0.3914677559055118
21
0.4116157086614173
0
LINE
8
BLACK
6
CONTINUOUS
10
0.3914677559055118
20
0.4116157086614173
11
0.3932560236220473
21
0.4089332677165354
0
LINE
8
BLACK
6
CONTINUOUS
10
0.3932560236220473
20
0.4089332677165354
11
0.394839842519685
21
0.4073494881889764
0
LINE
8
BLACK
6
CONTINUOUS
10
0.394839842519685
20
0.4073494881889764
11
0.3964859842519685
21
0.4065264173228346
0
LINE
8
BLACK
6
CONTINUOUS
10
0.3964859842519685
20
0.4065264173228346
11
0.3969713779527559
21
0.4061497244094488
0
LINE
8
BLACK
6
CONTINUOUS
10
0.3969713779527559
20
0.4061497244094488
11
0.3973525590551181
21
0.4050062598425197
0
LINE
8
BLACK
6
CONTINUOUS
10
0.3973525590551181
20
0.4050062598425197
11
0.3968135433070866
21
0.4039282283464567
0
LINE
8
BLACK
6
CONTINUOUS
10
0.3968135433070866
20
0.4039282283464567
11
0.3956700787401575
21
0.4035470472440945
0
LINE
8
BLACK
6
CONTINUOUS
10
0.3956700787401575
20
0.4035470472440945
11
0.3950774409448819
21
0.4037093307086614
0
LINE
8
BLACK
6
CONTINUOUS
10
0.3950774409448819
20
0.4037093307086614
11
0.393202716535433
21
0.4046466929133858
0
LINE
8
BLACK
6
CONTINUOUS
10
0.393202716535433
20
0.4046466929133858
11
0.3930035039370079
21
0.4048012992125984
0
LINE
8
BLACK
6
CONTINUOUS
10
0.3930035039370079
20
0.4048012992125984
11
0.3927933858267716
21
0.4049416929133858
0
LINE
8
BLACK
6
CONTINUOUS
10
0.3927933858267716
20
0.4049416929133858
11
0.3917322440944882
21
0.406002874015748
0
LINE
8
BLACK
6
CONTINUOUS
10
0.3917322440944882
20
0.406002874015748
11
0.3917322440944882
21
0.3926319291338582
0
LINE
8
BLACK
6
CONTINUOUS
10
0.3917322440944882
20
0.3926319291338582
11
0.3957817322834646
21
0.3926319291338582
0
LINE
8
BLACK
6
CONTINUOUS
10
0.3957817322834646
20
0.3926319291338582
11
0.3963843700787402
21
0.3925120472440945
0
LINE
8
BLACK
6
CONTINUOUS
10
0.3963843700787402
20
0.3925120472440945
11
0.3972366535433071
21
0.3916597637795275
0
LINE
8
BLACK
6
CONTINUOUS
10
0.3972366535433071
20
0.3916597637795275
11
0.3972366535433071
21
0.3904544881889764
0
LINE
8
BLACK
6
CONTINUOUS
10
0.3972366535433071
20
0.3904544881889764
11
0.3963843700787402
21
0.3896022047244094
0
LINE
8
BLACK
6
CONTINUOUS
10
0.3963843700787402
20
0.3896022047244094
11
0.3957817322834646
21
0.3894823228346457
0
LINE
8
BLACK
6
CONTINUOUS
10
0.3957817322834646
20
0.3894823228346457
11
0.3845331496062992
21
0.3894823228346457
0
LINE
8
BLACK
6
CONTINUOUS
10
0.3845331496062992
20
0.3894823228346457
11
0.3839305118110236
21
0.3896022047244094
0
LINE
8
BLACK
6
CONTINUOUS
10
0.3839305118110236
20
0.3896022047244094
11
0.3830782283464567
21
0.3904544881889764
0
LINE
8
BLACK
6
CONTINUOUS
10
0.3830782283464567
20
0.3904544881889764
11
0.3830782283464567
21
0.3916597637795275
0
LINE
8
BLACK
6
CONTINUOUS
10
0.3830782283464567
20
0.3916597637795275
11
0.3839305118110236
21
0.3925120472440945
0
LINE
8
BLACK
6
CONTINUOUS
10
0.3839305118110236
20
0.3925120472440945
11
0.3845331496062992
21
0.3926319291338582
0
LINE
8
BLACK
6
CONTINUOUS
10
0.3845331496062992
20
0.3926319291338582
11
0.3885826377952756
21
0.3926319291338582
0
LINE
8
BLACK
6
CONTINUOUS
10
0.3885826377952756
20
0.3926319291338582
11
0.3885826377952756
21
0.4107421653543307
0
LINE
8
BLACK
6
CONTINUOUS
10
0.3885826377952756
20
0.4107421653543307
11
0.3887025196850394
21
0.4113448031496063
0
LINE
8
BLACK
6
CONTINUOUS
10
0.3887025196850394
20
0.4113448031496063
11
0.3888171653543307
21
0.4114594881889764
0
LINE
8
BLACK
6
CONTINUOUS
10
0.3888171653543307
20
0.4114594881889764
11
0.3888489763779527
21
0.4116184645669291
0
LINE
8
BLACK
6
CONTINUOUS
10
0.3888489763779527
20
0.4116184645669291
11
0.3892305511811023
21
0.411872874015748
0
LINE
8
BLACK
6
CONTINUOUS
10
0.3892305511811023
20
0.411872874015748
11
0.3895548031496063
21
0.4121970866141732
0
LINE
8
BLACK
6
CONTINUOUS
10
0.3895548031496063
20
0.4121970866141732
11
0.3897169291338582
21
0.4121970866141732
0
LINE
8
BLACK
6
CONTINUOUS
10
0.3897169291338582
20
0.4121970866141732
11
0.389851811023622
21
0.4122870078740157
0
LINE
8
BLACK
6
CONTINUOUS
10
0.389851811023622
20
0.4122870078740157
11
0.3903014173228346
21
0.4121970866141732
0
LINE
8
BLACK
6
CONTINUOUS
10
0.4091527952755906
20
0.412267716535433
11
0.4094031102362204
21
0.4122361417322835
0
LINE
8
BLACK
6
CONTINUOUS
10
0.4094031102362204
20
0.4122361417322835
11
0.4122152362204725
21
0.4112987401574803
0
LINE
8
BLACK
6
CONTINUOUS
10
0.4122152362204725
20
0.4112987401574803
11
0.4122837401574803
21
0.41125968503937
0
LINE
8
BLACK
6
CONTINUOUS
10
0.4122837401574803
20
0.41125968503937
11
0.4123198818897638
21
0.41125968503937
0
LINE
8
BLACK
6
CONTINUOUS
10
0.4123198818897638
20
0.41125968503937
11
0.41252968503937
21
0.4111194881889764
0
LINE
8
BLACK
6
CONTINUOUS
10
0.41252968503937
20
0.4111194881889764
11
0.4127490551181102
21
0.4109944488188976
0
LINE
8
BLACK
6
CONTINUOUS
10
0.4127490551181102
20
0.4109944488188976
11
0.4127651968503937
21
0.410962125984252
0
LINE
8
BLACK
6
CONTINUOUS
10
0.4127651968503937
20
0.410962125984252
11
0.4128307874015748
21
0.4109183070866141
0
LINE
8
BLACK
6
CONTINUOUS
10
0.4128307874015748
20
0.4109183070866141
11
0.4147055511811024
21
0.4090435826771653
0
LINE
8
BLACK
6
CONTINUOUS
10
0.4147055511811024
20
0.4090435826771653
11
0.4148458267716535
21
0.4088336614173228
0
LINE
8
BLACK
6
CONTINUOUS
10
0.4148458267716535
20
0.4088336614173228
11
0.4150005511811024
21
0.4086342913385826
0
LINE
8
BLACK
6
CONTINUOUS
10
0.4150005511811024
20
0.4086342913385826
11
0.4159379527559055
21
0.4067595275590551
0
LINE
8
BLACK
6
CONTINUOUS
10
0.4159379527559055
20
0.4067595275590551
11
0.4159835039370078
21
0.4065931496062992
0
LINE
8
BLACK
6
CONTINUOUS
10
0.4159835039370078
20
0.4065931496062992
11
0.4160572047244094
21
0.4064371653543307
0
LINE
8
BLACK
6
CONTINUOUS
10
0.4160572047244094
20
0.4064371653543307
11
0.4169945669291338
21
0.4026876377952756
0
LINE
8
BLACK
6
CONTINUOUS
10
0.4169945669291338
20
0.4026876377952756
11
0.417003937007874
21
0.4024949212598425
0
LINE
8
BLACK
6
CONTINUOUS
10
0.417003937007874
20
0.4024949212598425
11
0.4170415748031496
21
0.4023057086614173
0
LINE
8
BLACK
6
CONTINUOUS
10
0.4170415748031496
20
0.4023057086614173
11
0.4170415748031496
21
0.3994935826771653
0
LINE
8
BLACK
6
CONTINUOUS
10
0.4170415748031496
20
0.3994935826771653
11
0.417003937007874
21
0.3993044094488189
0
LINE
8
BLACK
6
CONTINUOUS
10
0.417003937007874
20
0.3993044094488189
11
0.4169945669291338
21
0.3991116535433071
0
LINE
8
BLACK
6
CONTINUOUS
10
0.4169945669291338
20
0.3991116535433071
11
0.4160572047244094
21
0.395362125984252
0
LINE
8
BLACK
6
CONTINUOUS
10
0.4160572047244094
20
0.395362125984252
11
0.4159835039370078
21
0.3952061811023622
0
LINE
8
BLACK
6
CONTINUOUS
10
0.4159835039370078
20
0.3952061811023622
11
0.4159379527559055
21
0.3950397637795275
0
LINE
8
BLACK
6
CONTINUOUS
10
0.4159379527559055
20
0.3950397637795275
11
0.4150005511811024
21
0.393165
0
LINE
8
BLACK
6
CONTINUOUS
10
0.4150005511811024
20
0.393165
11
0.4148456299212598
21
0.3929654330708661
0
LINE
8
BLACK
6
CONTINUOUS
10
0.4148456299212598
20
0.3929654330708661
11
0.4147055511811024
21
0.392755748031496
0
LINE
8
BLACK
6
CONTINUOUS
10
0.4147055511811024
20
0.392755748031496
11
0.4128308267716536
21
0.3908809448818897
0
LINE
8
BLACK
6
CONTINUOUS
10
0.4128308267716536
20
0.3908809448818897
11
0.4127651968503937
21
0.390837125984252
0
LINE
8
BLACK
6
CONTINUOUS
10
0.4127651968503937
20
0.390837125984252
11
0.4127490551181102
21
0.3908048031496063
0
LINE
8
BLACK
6
CONTINUOUS
10
0.4127490551181102
20
0.3908048031496063
11
0.4125299606299213
21
0.3906799606299213
0
LINE
8
BLACK
6
CONTINUOUS
10
0.4125299606299213
20
0.3906799606299213
11
0.4123199212598425
21
0.3905395669291338
0
LINE
8
BLACK
6
CONTINUOUS
10
0.4123199212598425
20
0.3905395669291338
11
0.4122837401574803
21
0.3905395669291338
0
LINE
8
BLACK
6
CONTINUOUS
10
0.4122837401574803
20
0.3905395669291338
11
0.4122152362204725
21
0.3905005118110236
0
LINE
8
BLACK
6
CONTINUOUS
10
0.4122152362204725
20
0.3905005118110236
11
0.4094031102362204
21
0.3895631496062992
0
LINE
8
BLACK
6
CONTINUOUS
10
0.4094031102362204
20
0.3895631496062992
11
0.4091527952755906
21
0.3895316141732283
0
LINE
8
BLACK
6
CONTINUOUS
10
0.4091527952755906
20
0.3895316141732283
11
0.4089051181102362
21
0.3894823228346457
0
LINE
8
BLACK
6
CONTINUOUS
10
0.4089051181102362
20
0.3894823228346457
11
0.4070303543307087
21
0.3894823228346457
0
LINE
8
BLACK
6
CONTINUOUS
10
0.4070303543307087
20
0.3894823228346457
11
0.4067829133858268
21
0.3895315748031496
0
LINE
8
BLACK
6
CONTINUOUS
10
0.4067829133858268
20
0.3895315748031496
11
0.4065324015748031
21
0.3895631102362205
0
LINE
8
BLACK
6
CONTINUOUS
10
0.4065324015748031
20
0.3895631102362205
11
0.4037201968503937
21
0.3905005118110236
0
LINE
8
BLACK
6
CONTINUOUS
10
0.4037201968503937
20
0.3905005118110236
11
0.4036516929133858
21
0.3905395669291338
0
LINE
8
BLACK
6
CONTINUOUS
10
0.4036516929133858
20
0.3905395669291338
11
0.4036155118110236
21
0.3905395669291338
0
LINE
8
BLACK
6
CONTINUOUS
10
0.4036155118110236
20
0.3905395669291338
11
0.4034053149606299
21
0.3906800393700787
0
LINE
8
BLACK
6
CONTINUOUS
10
0.4034053149606299
20
0.3906800393700787
11
0.4031864173228346
21
0.3908048031496063
0
LINE
8
BLACK
6
CONTINUOUS
10
0.4031864173228346
20
0.3908048031496063
11
0.4031702755905512
21
0.3908370866141732
0
LINE
8
BLACK
6
CONTINUOUS
10
0.4031702755905512
20
0.3908370866141732
11
0.4031046062992126
21
0.3908809448818897
0
LINE
8
BLACK
6
CONTINUOUS
10
0.4031046062992126
20
0.3908809448818897
11
0.4021672440944882
21
0.3918183464566929
0
LINE
8
BLACK
6
CONTINUOUS
10
0.4021672440944882
20
0.3918183464566929
11
0.401825905511811
21
0.3923292519685039
0
LINE
8
BLACK
6
CONTINUOUS
10
0.401825905511811
20
0.3923292519685039
11
0.4018259448818898
21
0.3935345669291339
0
LINE
8
BLACK
6
CONTINUOUS
10
0.4018259448818898
20
0.3935345669291339
11
0.402678188976378
21
0.3943868110236221
0
LINE
8
BLACK
6
CONTINUOUS
10
0.402678188976378
20
0.3943868110236221
11
0.4038835039370078
21
0.3943867716535433
0
LINE
8
BLACK
6
CONTINUOUS
10
0.4038835039370078
20
0.3943867716535433
11
0.4043944094488189
21
0.3940454330708661
0
LINE
8
BLACK
6
CONTINUOUS
10
0.4043944094488189
20
0.3940454330708661
11
0.4050688582677165
21
0.393370905511811
0
LINE
8
BLACK
6
CONTINUOUS
10
0.4050688582677165
20
0.393370905511811
11
0.4072858661417323
21
0.3926319291338582
0
LINE
8
BLACK
6
CONTINUOUS
10
0.4072858661417323
20
0.3926319291338582
11
0.4086496062992126
21
0.3926319291338582
0
LINE
8
BLACK
6
CONTINUOUS
10
0.4086496062992126
20
0.3926319291338582
11
0.4108665354330708
21
0.3933709448818897
0
LINE
8
BLACK
6
CONTINUOUS
10
0.4108665354330708
20
0.3933709448818897
11
0.4122977559055118
21
0.3948021653543307
0
LINE
8
BLACK
6
CONTINUOUS
10
0.4122977559055118
20
0.3948021653543307
11
0.4130435039370078
21
0.3962937401574803
0
LINE
8
BLACK
6
CONTINUOUS
10
0.4130435039370078
20
0.3962937401574803
11
0.413891968503937
21
0.3996874803149606
0
LINE
8
BLACK
6
CONTINUOUS
10
0.413891968503937
20
0.3996874803149606
11
0.413891968503937
21
0.4021118503937008
0
LINE
8
BLACK
6
CONTINUOUS
10
0.413891968503937
20
0.4021118503937008
11
0.4130435039370078
21
0.4055055905511811
0
LINE
8
BLACK
6
CONTINUOUS
10
0.4130435039370078
20
0.4055055905511811
11
0.4122977559055118
21
0.4069971653543307
0
LINE
8
BLACK
6
CONTINUOUS
10
0.4122977559055118
20
0.4069971653543307
11
0.4108665354330708
21
0.4084283858267717
0
LINE
8
BLACK
6
CONTINUOUS
10
0.4108665354330708
20
0.4084283858267717
11
0.4086496062992126
21
0.4091673622047244
0
LINE
8
BLACK
6
CONTINUOUS
10
0.4086496062992126
20
0.4091673622047244
11
0.4072858661417323
21
0.4091673622047244
0
LINE
8
BLACK
6
CONTINUOUS
10
0.4072858661417323
20
0.4091673622047244
11
0.4050688582677165
21
0.4084283858267717
0
LINE
8
BLACK
6
CONTINUOUS
10
0.4050688582677165
20
0.4084283858267717
11
0.4043943700787401
21
0.4077538582677165
0
LINE
8
BLACK
6
CONTINUOUS
10
0.4043943700787401
20
0.4077538582677165
11
0.4038834645669291
21
0.4074124803149606
0
LINE
8
BLACK
6
CONTINUOUS
10
0.4038834645669291
20
0.4074124803149606
11
0.402678188976378
21
0.4074124803149606
0
LINE
8
BLACK
6
CONTINUOUS
10
0.402678188976378
20
0.4074124803149606
11
0.401825905511811
21
0.4082647637795275
0
LINE
8
BLACK
6
CONTINUOUS
10
0.401825905511811
20
0.4082647637795275
11
0.401825905511811
21
0.4094700393700788
0
LINE
8
BLACK
6
CONTINUOUS
10
0.401825905511811
20
0.4094700393700788
11
0.4021672834645669
21
0.4099809448818897
0
LINE
8
BLACK
6
CONTINUOUS
10
0.4021672834645669
20
0.4099809448818897
11
0.4031046456692913
21
0.4109183070866141
0
LINE
8
BLACK
6
CONTINUOUS
10
0.4031046456692913
20
0.4109183070866141
11
0.4031701968503937
21
0.410962125984252
0
LINE
8
BLACK
6
CONTINUOUS
10
0.4031701968503937
20
0.410962125984252
11
0.4031863779527559
21
0.4109944488188976
0
LINE
8
BLACK
6
CONTINUOUS
10
0.4031863779527559
20
0.4109944488188976
11
0.4034057086614173
21
0.4111194881889764
0
LINE
8
BLACK
6
CONTINUOUS
10
0.4034057086614173
20
0.4111194881889764
11
0.4036155511811024
21
0.41125968503937
0
LINE
8
BLACK
6
CONTINUOUS
10
0.4036155511811024
20
0.41125968503937
11
0.4036516929133858
21
0.41125968503937
0
LINE
8
BLACK
6
CONTINUOUS
10
0.4036516929133858
20
0.41125968503937
11
0.4037201968503937
21
0.4112987401574803
0
LINE
8
BLACK
6
CONTINUOUS
10
0.4037201968503937
20
0.4112987401574803
11
0.4065323622047244
21
0.4122361417322835
0
LINE
8
BLACK
6
CONTINUOUS
10
0.4065323622047244
20
0.4122361417322835
11
0.4067826377952756
21
0.412267716535433
0
LINE
8
BLACK
6
CONTINUOUS
10
0.4067826377952756
20
0.412267716535433
11
0.4070303543307087
21
0.412316968503937
0
LINE
8
BLACK
6
CONTINUOUS
10
0.4070303543307087
20
0.412316968503937
11
0.4089051181102362
21
0.412316968503937
0
LINE
8
BLACK
6
CONTINUOUS
10
0.4089051181102362
20
0.412316968503937
11
0.4091527952755906
21
0.412267716535433
0
LINE
8
BLACK
6
CONTINUOUS
10
0.4401233858267716
20
0.4264249606299212
11
0.4411887401574803
21
0.4253596062992126
0
LINE
8
BLACK
6
CONTINUOUS
10
0.4411887401574803
20
0.4253596062992126
11
0.4413385826771654
21
0.4246062992125984
0
LINE
8
BLACK
6
CONTINUOUS
10
0.4413385826771654
20
0.4246062992125984
11
0.4413385826771654
21
0.3753937007874016
0
LINE
8
BLACK
6
CONTINUOUS
10
0.4413385826771654
20
0.3753937007874016
11
0.4411887401574803
21
0.3746403937007874
0
LINE
8
BLACK
6
CONTINUOUS
10
0.4411887401574803
20
0.3746403937007874
11
0.4401233858267716
21
0.3735750393700787
0
LINE
8
BLACK
6
CONTINUOUS
10
0.4401233858267716
20
0.3735750393700787
11
0.4393700787401575
21
0.3734251968503937
0
LINE
8
BLACK
6
CONTINUOUS
10
0.4393700787401575
20
0.3734251968503937
11
0.3606299212598425
21
0.3734251968503937
0
LINE
8
BLACK
6
CONTINUOUS
10
0.3606299212598425
20
0.3734251968503937
11
0.3598766141732284
21
0.3735750393700787
0
LINE
8
BLACK
6
CONTINUOUS
10
0.3598766141732284
20
0.3735750393700787
11
0.3588112598425197
21
0.3746403937007874
0
LINE
8
BLACK
6
CONTINUOUS
10
0.3588112598425197
20
0.3746403937007874
11
0.3586614173228346
21
0.3753937007874016
0
LINE
8
BLACK
6
CONTINUOUS
10
0.3586614173228346
20
0.3753937007874016
11
0.3586614173228346
21
0.4246062992125984
0
LINE
8
BLACK
6
CONTINUOUS
10
0.3586614173228346
20
0.4246062992125984
11
0.3588112598425197
21
0.4253596062992126
0
LINE
8
BLACK
6
CONTINUOUS
10
0.3588112598425197
20
0.4253596062992126
11
0.3598766141732284
21
0.4264249606299212
0
LINE
8
BLACK
6
CONTINUOUS
10
0.3598766141732284
20
0.4264249606299212
11
0.3606299212598425
21
0.4265748031496063
0
LINE
8
BLACK
6
CONTINUOUS
10
0.3606299212598425
20
0.4265748031496063
11
0.4393700787401575
21
0.4265748031496063
0
LINE
8
BLACK
6
CONTINUOUS
10
0.4393700787401575
20
0.4265748031496063
11
0.4401233858267716
21
0.4264249606299212
0
LINE
8
BLACK
6
CONTINUOUS
10
0.3625984251968504
20
0.4226377952755905
11
0.3625984251968504
21
0.3773622047244095
0
LINE
8
BLACK
6
CONTINUOUS
10
0.3625984251968504
20
0.3773622047244095
11
0.4374015748031496
21
0.3773622047244095
0
LINE
8
BLACK
6
CONTINUOUS
10
0.4374015748031496
20
0.3773622047244095
11
0.4374015748031496
21
0.4226377952755905
0
LINE
8
BLACK
6
CONTINUOUS
10
0.4374015748031496
20
0.4226377952755905
11
0.3625984251968504
21
0.4226377952755905
0
LINE
8
BLACK
6
CONTINUOUS
10
0.6797806692913385
20
0.5284653543307086
11
0.6805953149606299
21
0.5276507086614173
0
LINE
8
BLACK
6
CONTINUOUS
10
0.6805953149606299
20
0.5276507086614173
11
0.6810362204724409
21
0.5265862992125984
0
LINE
8
BLACK
6
CONTINUOUS
10
0.6810362204724409
20
0.5265862992125984
11
0.6810929527559055
21
0.5260102362204724
0
LINE
8
BLACK
6
CONTINUOUS
10
0.6810929527559055
20
0.5260102362204724
11
0.6810929527559055
21
0.5248325196850394
0
LINE
8
BLACK
6
CONTINUOUS
10
0.6810929527559055
20
0.5248325196850394
11
0.6824416929133859
21
0.5221350393700788
0
LINE
8
BLACK
6
CONTINUOUS
10
0.6824416929133859
20
0.5221350393700788
11
0.6839776377952755
21
0.520599094488189
0
LINE
8
BLACK
6
CONTINUOUS
10
0.6839776377952755
20
0.520599094488189
11
0.684344842519685
21
0.5201516535433071
0
LINE
8
BLACK
6
CONTINUOUS
10
0.684344842519685
20
0.5201516535433071
11
0.6847857480314961
21
0.5190872440944881
0
LINE
8
BLACK
6
CONTINUOUS
10
0.6847857480314961
20
0.5190872440944881
11
0.6847857480314961
21
0.5179351574803149
0
LINE
8
BLACK
6
CONTINUOUS
10
0.6847857480314961
20
0.5179351574803149
11
0.684344842519685
21
0.516870748031496
0
LINE
8
BLACK
6
CONTINUOUS
10
0.684344842519685
20
0.516870748031496
11
0.683530157480315
21
0.5160560629921259
0
LINE
8
BLACK
6
CONTINUOUS
10
0.683530157480315
20
0.5160560629921259
11
0.6824657480314961
21
0.5156151574803149
0
LINE
8
BLACK
6
CONTINUOUS
10
0.6824657480314961
20
0.5156151574803149
11
0.6813136614173229
21
0.5156151574803149
0
LINE
8
BLACK
6
CONTINUOUS
10
0.6813136614173229
20
0.5156151574803149
11
0.6802492519685039
21
0.5160560629921259
0
LINE
8
BLACK
6
CONTINUOUS
10
0.6802492519685039
20
0.5160560629921259
11
0.679801811023622
21
0.5164232677165355
0
LINE
8
BLACK
6
CONTINUOUS
10
0.679801811023622
20
0.5164232677165355
11
0.6779270472440945
21
0.518298031496063
0
LINE
8
BLACK
6
CONTINUOUS
10
0.6779270472440945
20
0.518298031496063
11
0.6777412598425196
21
0.5185244094488188
0
LINE
8
BLACK
6
CONTINUOUS
10
0.6777412598425196
20
0.5185244094488188
11
0.6776822834645669
21
0.5185755511811023
0
LINE
8
BLACK
6
CONTINUOUS
10
0.6776822834645669
20
0.5185755511811023
11
0.6776262992125984
21
0.5186645275590551
0
LINE
8
BLACK
6
CONTINUOUS
10
0.6776262992125984
20
0.5186645275590551
11
0.677559842519685
21
0.5187454724409448
0
LINE
8
BLACK
6
CONTINUOUS
10
0.677559842519685
20
0.5187454724409448
11
0.67753
21
0.5188174409448819
0
LINE
8
BLACK
6
CONTINUOUS
10
0.67753
20
0.5188174409448819
11
0.677373937007874
21
0.5190654330708662
0
LINE
8
BLACK
6
CONTINUOUS
10
0.677373937007874
20
0.5190654330708662
11
0.6754991732283464
21
0.5228149606299213
0
LINE
8
BLACK
6
CONTINUOUS
10
0.6754991732283464
20
0.5228149606299213
11
0.6752922834645669
21
0.5233555905511811
0
LINE
8
BLACK
6
CONTINUOUS
10
0.6752922834645669
20
0.5233555905511811
11
0.6752847637795275
21
0.5234614173228347
0
LINE
8
BLACK
6
CONTINUOUS
10
0.6752847637795275
20
0.5234614173228347
11
0.6752441732283464
21
0.5235594094488188
0
LINE
8
BLACK
6
CONTINUOUS
10
0.6752441732283464
20
0.5235594094488188
11
0.6751874409448819
21
0.5241354724409448
0
LINE
8
BLACK
6
CONTINUOUS
10
0.6751874409448819
20
0.5241354724409448
11
0.6751874409448819
21
0.5260102362204724
0
LINE
8
BLACK
6
CONTINUOUS
10
0.6751874409448819
20
0.5260102362204724
11
0.6752441732283464
21
0.5265862992125984
0
LINE
8
BLACK
6
CONTINUOUS
10
0.6752441732283464
20
0.5265862992125984
11
0.6756850787401575
21
0.5276507086614173
0
LINE
8
BLACK
6
CONTINUOUS
10
0.6756850787401575
20
0.5276507086614173
11
0.6764997244094488
21
0.5284653543307086
0
LINE
8
BLACK
6
CONTINUOUS
10
0.6764997244094488
20
0.5284653543307086
11
0.6775641338582677
21
0.5289062598425197
0
LINE
8
BLACK
6
CONTINUOUS
10
0.6775641338582677
20
0.5289062598425197
11
0.6787162598425197
21
0.5289062598425197
0
LINE
8
BLACK
6
CONTINUOUS
10
0.6787162598425197
20
0.5289062598425197
11
0.6797806692913385
21
0.5284653543307086
0
LINE
8
BLACK
6
CONTINUOUS
10
0.6524695669291338
20
0.5664015748031496
11
0.6525675590551181
21
0.5663609842519685
0
LINE
8
BLACK
6
CONTINUOUS
10
0.6525675590551181
20
0.5663609842519685
11
0.6526733858267716
21
0.5663534645669291
0
LINE
8
BLACK
6
CONTINUOUS
10
0.6526733858267716
20
0.5663534645669291
11
0.6532140157480315
21
0.5661465748031496
0
LINE
8
BLACK
6
CONTINUOUS
10
0.6532140157480315
20
0.5661465748031496
11
0.6569635433070866
21
0.564271811023622
0
LINE
8
BLACK
6
CONTINUOUS
10
0.6569635433070866
20
0.564271811023622
11
0.6572115354330709
21
0.564115748031496
0
LINE
8
BLACK
6
CONTINUOUS
10
0.6572115354330709
20
0.564115748031496
11
0.6572835039370079
21
0.564085905511811
0
LINE
8
BLACK
6
CONTINUOUS
10
0.6572835039370079
20
0.564085905511811
11
0.6573644488188977
21
0.5640194488188977
0
LINE
8
BLACK
6
CONTINUOUS
10
0.6573644488188977
20
0.5640194488188977
11
0.6574534251968503
21
0.5639634645669291
0
LINE
8
BLACK
6
CONTINUOUS
10
0.6574534251968503
20
0.5639634645669291
11
0.6575045669291338
21
0.5639044881889763
0
LINE
8
BLACK
6
CONTINUOUS
10
0.6575045669291338
20
0.5639044881889763
11
0.6577309448818898
21
0.5637187007874016
0
LINE
8
BLACK
6
CONTINUOUS
10
0.6577309448818898
20
0.5637187007874016
11
0.6596057086614173
21
0.5618439370078741
0
LINE
8
BLACK
6
CONTINUOUS
10
0.6596057086614173
20
0.5618439370078741
11
0.6596070078740157
21
0.5618423622047244
0
LINE
8
BLACK
6
CONTINUOUS
10
0.6596070078740157
20
0.5618423622047244
11
0.6596078740157481
21
0.5618417716535433
0
LINE
8
BLACK
6
CONTINUOUS
10
0.6596078740157481
20
0.5618417716535433
11
0.6597961811023622
21
0.561611811023622
0
LINE
8
BLACK
6
CONTINUOUS
10
0.6597961811023622
20
0.561611811023622
11
0.6599729133858268
21
0.5613964960629921
0
LINE
8
BLACK
6
CONTINUOUS
10
0.6599729133858268
20
0.5613964960629921
11
0.6599732677165354
21
0.5613956299212598
0
LINE
8
BLACK
6
CONTINUOUS
10
0.6599732677165354
20
0.5613956299212598
11
0.6599746456692913
21
0.561393937007874
0
LINE
8
BLACK
6
CONTINUOUS
10
0.6599746456692913
20
0.561393937007874
11
0.6637241732283464
21
0.5557696062992126
0
LINE
8
BLACK
6
CONTINUOUS
10
0.6637241732283464
20
0.5557696062992126
11
0.6638936220472441
21
0.5554517322834646
0
LINE
8
BLACK
6
CONTINUOUS
10
0.6638936220472441
20
0.5554517322834646
11
0.6639371653543307
21
0.5553929921259843
0
LINE
8
BLACK
6
CONTINUOUS
10
0.6639371653543307
20
0.5553929921259843
11
0.6639619291338582
21
0.5553236220472441
0
LINE
8
BLACK
6
CONTINUOUS
10
0.6639619291338582
20
0.5553236220472441
11
0.6639964960629922
21
0.5552588188976377
0
LINE
8
BLACK
6
CONTINUOUS
10
0.6639964960629922
20
0.5552588188976377
11
0.6640105905511811
21
0.5551874015748032
0
LINE
8
BLACK
6
CONTINUOUS
10
0.6640105905511811
20
0.5551874015748032
11
0.6641319291338582
21
0.554847874015748
0
LINE
8
BLACK
6
CONTINUOUS
10
0.6641319291338582
20
0.554847874015748
11
0.6660066929133858
21
0.5473488188976378
0
LINE
8
BLACK
6
CONTINUOUS
10
0.6660066929133858
20
0.5473488188976378
11
0.6660214566929133
21
0.5472489763779528
0
LINE
8
BLACK
6
CONTINUOUS
10
0.6660214566929133
20
0.5472489763779528
11
0.6660381102362205
21
0.5472087401574803
0
LINE
8
BLACK
6
CONTINUOUS
10
0.6660381102362205
20
0.5472087401574803
11
0.6660594488188977
21
0.5469917322834645
0
LINE
8
BLACK
6
CONTINUOUS
10
0.6660594488188977
20
0.5469917322834645
11
0.6660913385826771
21
0.5467762204724409
0
LINE
8
BLACK
6
CONTINUOUS
10
0.6660913385826771
20
0.5467762204724409
11
0.6660849212598425
21
0.5467332283464567
0
LINE
8
BLACK
6
CONTINUOUS
10
0.6660849212598425
20
0.5467332283464567
11
0.666094842519685
21
0.5466326771653544
0
LINE
8
BLACK
6
CONTINUOUS
10
0.666094842519685
20
0.5466326771653544
11
0.666094842519685
21
0.5316345669291338
0
LINE
8
BLACK
6
CONTINUOUS
10
0.666094842519685
20
0.5316345669291338
11
0.6660381102362205
21
0.5310585039370078
0
LINE
8
BLACK
6
CONTINUOUS
10
0.6660381102362205
20
0.5310585039370078
11
0.6659975196850394
21
0.5309605511811023
0
LINE
8
BLACK
6
CONTINUOUS
10
0.6659975196850394
20
0.5309605511811023
11
0.66599
21
0.5308546456692913
0
LINE
8
BLACK
6
CONTINUOUS
10
0.66599
20
0.5308546456692913
11
0.6657831102362205
21
0.5303140551181103
0
LINE
8
BLACK
6
CONTINUOUS
10
0.6657831102362205
20
0.5303140551181103
11
0.6639083464566929
21
0.5265645275590551
0
LINE
8
BLACK
6
CONTINUOUS
10
0.6639083464566929
20
0.5265645275590551
11
0.6637522834645669
21
0.526316653543307
0
LINE
8
BLACK
6
CONTINUOUS
10
0.6637522834645669
20
0.526316653543307
11
0.6637224803149606
21
0.5262446062992125
0
LINE
8
BLACK
6
CONTINUOUS
10
0.6637224803149606
20
0.5262446062992125
11
0.6636559448818897
21
0.5261635826771653
0
LINE
8
BLACK
6
CONTINUOUS
10
0.6636559448818897
20
0.5261635826771653
11
0.6636
21
0.5260746456692913
0
LINE
8
BLACK
6
CONTINUOUS
10
0.6636
20
0.5260746456692913
11
0.6635409842519685
21
0.5260235039370078
0
LINE
8
BLACK
6
CONTINUOUS
10
0.6635409842519685
20
0.5260235039370078
11
0.6633552362204724
21
0.525797125984252
0
LINE
8
BLACK
6
CONTINUOUS
10
0.6633552362204724
20
0.525797125984252
11
0.6614805118110236
21
0.5239223622047244
0
LINE
8
BLACK
6
CONTINUOUS
10
0.6614805118110236
20
0.5239223622047244
11
0.6612541338582677
21
0.5237366141732284
0
LINE
8
BLACK
6
CONTINUOUS
10
0.6612541338582677
20
0.5237366141732284
11
0.6612029527559055
21
0.5236775590551181
0
LINE
8
BLACK
6
CONTINUOUS
10
0.6612029527559055
20
0.5236775590551181
11
0.6611139763779528
21
0.5236215748031496
0
LINE
8
BLACK
6
CONTINUOUS
10
0.6611139763779528
20
0.5236215748031496
11
0.661033031496063
21
0.5235551181102363
0
LINE
8
BLACK
6
CONTINUOUS
10
0.661033031496063
20
0.5235551181102363
11
0.660961062992126
21
0.5235253149606299
0
LINE
8
BLACK
6
CONTINUOUS
10
0.660961062992126
20
0.5235253149606299
11
0.6607130708661417
21
0.5233692125984252
0
LINE
8
BLACK
6
CONTINUOUS
10
0.6607130708661417
20
0.5233692125984252
11
0.6569635433070866
21
0.5214944488188976
0
LINE
8
BLACK
6
CONTINUOUS
10
0.6569635433070866
20
0.5214944488188976
11
0.6564229133858268
21
0.5212875590551181
0
LINE
8
BLACK
6
CONTINUOUS
10
0.6564229133858268
20
0.5212875590551181
11
0.6563170866141732
21
0.5212800787401575
0
LINE
8
BLACK
6
CONTINUOUS
10
0.6563170866141732
20
0.5212800787401575
11
0.6562190944881889
21
0.5212394488188976
0
LINE
8
BLACK
6
CONTINUOUS
10
0.6562190944881889
20
0.5212394488188976
11
0.655643031496063
21
0.521182716535433
0
LINE
8
BLACK
6
CONTINUOUS
10
0.655643031496063
20
0.521182716535433
11
0.6481439763779527
21
0.521182716535433
0
LINE
8
BLACK
6
CONTINUOUS
10
0.6481439763779527
20
0.521182716535433
11
0.6475679133858268
21
0.5212394488188976
0
LINE
8
BLACK
6
CONTINUOUS
10
0.6475679133858268
20
0.5212394488188976
11
0.6474699212598425
21
0.5212800393700787
0
LINE
8
BLACK
6
CONTINUOUS
10
0.6474699212598425
20
0.5212800393700787
11
0.6473640551181102
21
0.5212875590551181
0
LINE
8
BLACK
6
CONTINUOUS
10
0.6473640551181102
20
0.5212875590551181
11
0.6468234645669291
21
0.5214944488188976
0
LINE
8
BLACK
6
CONTINUOUS
10
0.6468234645669291
20
0.5214944488188976
11
0.643073937007874
21
0.5233692125984252
0
LINE
8
BLACK
6
CONTINUOUS
10
0.643073937007874
20
0.5233692125984252
11
0.642825905511811
21
0.5235253149606299
0
LINE
8
BLACK
6
CONTINUOUS
10
0.642825905511811
20
0.5235253149606299
11
0.6427539763779527
21
0.5235551181102363
0
LINE
8
BLACK
6
CONTINUOUS
10
0.6427539763779527
20
0.5235551181102363
11
0.6426729921259843
21
0.5236215748031496
0
LINE
8
BLACK
6
CONTINUOUS
10
0.6426729921259843
20
0.5236215748031496
11
0.6425840551181102
21
0.5236775590551181
0
LINE
8
BLACK
6
CONTINUOUS
10
0.6425840551181102
20
0.5236775590551181
11
0.6425328346456692
21
0.5237366141732284
0
LINE
8
BLACK
6
CONTINUOUS
10
0.6425328346456692
20
0.5237366141732284
11
0.6423064960629921
21
0.5239223622047244
0
LINE
8
BLACK
6
CONTINUOUS
10
0.6423064960629921
20
0.5239223622047244
11
0.6404317322834645
21
0.5257971653543307
0
LINE
8
BLACK
6
CONTINUOUS
10
0.6404317322834645
20
0.5257971653543307
11
0.6402459842519684
21
0.5260235039370078
0
LINE
8
BLACK
6
CONTINUOUS
10
0.6402459842519684
20
0.5260235039370078
11
0.6401870078740157
21
0.5260746456692913
0
LINE
8
BLACK
6
CONTINUOUS
10
0.6401870078740157
20
0.5260746456692913
11
0.6401310236220472
21
0.5261635826771653
0
LINE
8
BLACK
6
CONTINUOUS
10
0.6401310236220472
20
0.5261635826771653
11
0.6400645275590551
21
0.5262446062992125
0
LINE
8
BLACK
6
CONTINUOUS
10
0.6400645275590551
20
0.5262446062992125
11
0.6400346850393701
21
0.526316653543307
0
LINE
8
BLACK
6
CONTINUOUS
10
0.6400346850393701
20
0.526316653543307
11
0.6398786614173229
21
0.5265645275590551
0
LINE
8
BLACK
6
CONTINUOUS
10
0.6398786614173229
20
0.5265645275590551
11
0.6380038976377953
21
0.5303140551181103
0
LINE
8
BLACK
6
CONTINUOUS
10
0.6380038976377953
20
0.5303140551181103
11
0.6377970078740157
21
0.5308546850393701
0
LINE
8
BLACK
6
CONTINUOUS
10
0.6377970078740157
20
0.5308546850393701
11
0.6377894881889764
21
0.5309605118110237
0
LINE
8
BLACK
6
CONTINUOUS
10
0.6377894881889764
20
0.5309605118110237
11
0.6377488976377953
21
0.5310585039370078
0
LINE
8
BLACK
6
CONTINUOUS
10
0.6377488976377953
20
0.5310585039370078
11
0.6376921653543307
21
0.5316345669291338
0
LINE
8
BLACK
6
CONTINUOUS
10
0.6376921653543307
20
0.5316345669291338
11
0.6376921653543307
21
0.5410083858267717
0
LINE
8
BLACK
6
CONTINUOUS
10
0.6376921653543307
20
0.5410083858267717
11
0.6377488976377953
21
0.5415844488188977
0
LINE
8
BLACK
6
CONTINUOUS
10
0.6377488976377953
20
0.5415844488188977
11
0.6377894881889764
21
0.5416824803149606
0
LINE
8
BLACK
6
CONTINUOUS
10
0.6377894881889764
20
0.5416824803149606
11
0.6377970078740157
21
0.5417882677165354
0
LINE
8
BLACK
6
CONTINUOUS
10
0.6377970078740157
20
0.5417882677165354
11
0.6380038976377953
21
0.5423288976377952
0
LINE
8
BLACK
6
CONTINUOUS
10
0.6380038976377953
20
0.5423288976377952
11
0.6398786614173229
21
0.5460784251968503
0
LINE
8
BLACK
6
CONTINUOUS
10
0.6398786614173229
20
0.5460784251968503
11
0.6400347244094488
21
0.5463264566929134
0
LINE
8
BLACK
6
CONTINUOUS
10
0.6400347244094488
20
0.5463264566929134
11
0.6400645669291338
21
0.5463983858267717
0
LINE
8
BLACK
6
CONTINUOUS
10
0.6400645669291338
20
0.5463983858267717
11
0.6401310236220472
21
0.5464793700787401
0
LINE
8
BLACK
6
CONTINUOUS
10
0.6401310236220472
20
0.5464793700787401
11
0.6401870078740157
21
0.5465683070866142
0
LINE
8
BLACK
6
CONTINUOUS
10
0.6401870078740157
20
0.5465683070866142
11
0.6402459842519684
21
0.5466194881889763
0
LINE
8
BLACK
6
CONTINUOUS
10
0.6402459842519684
20
0.5466194881889763
11
0.6404317716535433
21
0.5468458267716535
0
LINE
8
BLACK
6
CONTINUOUS
10
0.6404317716535433
20
0.5468458267716535
11
0.6423065354330708
21
0.5487205905511811
0
LINE
8
BLACK
6
CONTINUOUS
10
0.6423065354330708
20
0.5487205905511811
11
0.642532874015748
21
0.5489063779527559
0
LINE
8
BLACK
6
CONTINUOUS
10
0.642532874015748
20
0.5489063779527559
11
0.6425840551181102
21
0.5489653543307087
0
LINE
8
BLACK
6
CONTINUOUS
10
0.6425840551181102
20
0.5489653543307087
11
0.6426729921259843
21
0.5490213385826771
0
LINE
8
BLACK
6
CONTINUOUS
10
0.6426729921259843
20
0.5490213385826771
11
0.6427539763779527
21
0.5490877952755905
0
LINE
8
BLACK
6
CONTINUOUS
10
0.6427539763779527
20
0.5490877952755905
11
0.642825905511811
21
0.5491176377952756
0
LINE
8
BLACK
6
CONTINUOUS
10
0.642825905511811
20
0.5491176377952756
11
0.643073937007874
21
0.5492737007874016
0
LINE
8
BLACK
6
CONTINUOUS
10
0.643073937007874
20
0.5492737007874016
11
0.6468234645669291
21
0.5511484645669291
0
LINE
8
BLACK
6
CONTINUOUS
10
0.6468234645669291
20
0.5511484645669291
11
0.6473640551181102
21
0.5513553543307087
0
LINE
8
BLACK
6
CONTINUOUS
10
0.6473640551181102
20
0.5513553543307087
11
0.6474699212598425
21
0.5513629133858268
0
LINE
8
BLACK
6
CONTINUOUS
10
0.6474699212598425
20
0.5513629133858268
11
0.6475679133858268
21
0.5514034645669291
0
LINE
8
BLACK
6
CONTINUOUS
10
0.6475679133858268
20
0.5514034645669291
11
0.6481439763779527
21
0.5514601968503937
0
LINE
8
BLACK
6
CONTINUOUS
10
0.6481439763779527
20
0.5514601968503937
11
0.655643031496063
21
0.5514601968503937
0
LINE
8
BLACK
6
CONTINUOUS
10
0.655643031496063
20
0.5514601968503937
11
0.6562190944881889
21
0.5514034645669291
0
LINE
8
BLACK
6
CONTINUOUS
10
0.6562190944881889
20
0.5514034645669291
11
0.6563170866141732
21
0.551362874015748
0
LINE
8
BLACK
6
CONTINUOUS
10
0.6563170866141732
20
0.551362874015748
11
0.6564229133858268
21
0.5513553543307087
0
LINE
8
BLACK
6
CONTINUOUS
10
0.6564229133858268
20
0.5513553543307087
11
0.6569635433070866
21
0.5511484645669291
0
LINE
8
BLACK
6
CONTINUOUS
10
0.6569635433070866
20
0.5511484645669291
11
0.659256062992126
21
0.5500022047244094
0
LINE
8
BLACK
6
CONTINUOUS
10
0.659256062992126
20
0.5500022047244094
11
0.6585267716535433
21
0.5529193700787401
0
LINE
8
BLACK
6
CONTINUOUS
10
0.6585267716535433
20
0.5529193700787401
11
0.6552230708661417
21
0.5578749212598425
0
LINE
8
BLACK
6
CONTINUOUS
10
0.6552230708661417
20
0.5578749212598425
11
0.653893937007874
21
0.5592040551181102
0
LINE
8
BLACK
6
CONTINUOUS
10
0.653893937007874
20
0.5592040551181102
11
0.6511964566929134
21
0.5605527952755905
0
LINE
8
BLACK
6
CONTINUOUS
10
0.6511964566929134
20
0.5605527952755905
11
0.6443944488188976
21
0.5605527952755905
0
LINE
8
BLACK
6
CONTINUOUS
10
0.6443944488188976
20
0.5605527952755905
11
0.6438183858267716
21
0.5606095275590551
0
LINE
8
BLACK
6
CONTINUOUS
10
0.6438183858267716
20
0.5606095275590551
11
0.6427539763779527
21
0.5610504330708661
0
LINE
8
BLACK
6
CONTINUOUS
10
0.6427539763779527
20
0.5610504330708661
11
0.6419393307086614
21
0.5618650787401575
0
LINE
8
BLACK
6
CONTINUOUS
10
0.6419393307086614
20
0.5618650787401575
11
0.6414984251968504
21
0.5629294881889764
0
LINE
8
BLACK
6
CONTINUOUS
10
0.6414984251968504
20
0.5629294881889764
11
0.6414984251968504
21
0.5640816141732283
0
LINE
8
BLACK
6
CONTINUOUS
10
0.6414984251968504
20
0.5640816141732283
11
0.6419393307086614
21
0.5651460236220472
0
LINE
8
BLACK
6
CONTINUOUS
10
0.6419393307086614
20
0.5651460236220472
11
0.6427539763779527
21
0.5659606692913386
0
LINE
8
BLACK
6
CONTINUOUS
10
0.6427539763779527
20
0.5659606692913386
11
0.6438183858267716
21
0.5664015748031496
0
LINE
8
BLACK
6
CONTINUOUS
10
0.6438183858267716
20
0.5664015748031496
11
0.6443944488188976
21
0.5664583070866142
0
LINE
8
BLACK
6
CONTINUOUS
10
0.6443944488188976
20
0.5664583070866142
11
0.6518935039370078
21
0.5664583070866142
0
LINE
8
BLACK
6
CONTINUOUS
10
0.6518935039370078
20
0.5664583070866142
11
0.6524695669291338
21
0.5664015748031496
0
LINE
8
BLACK
6
CONTINUOUS
10
0.6461435433070866
20
0.5442059448818898
11
0.6449464173228346
21
0.5430088188976377
0
LINE
8
BLACK
6
CONTINUOUS
10
0.6449464173228346
20
0.5430088188976377
11
0.6435976771653543
21
0.5403113385826771
0
LINE
8
BLACK
6
CONTINUOUS
10
0.6435976771653543
20
0.5403113385826771
11
0.6435976771653543
21
0.5323316141732284
0
LINE
8
BLACK
6
CONTINUOUS
10
0.6435976771653543
20
0.5323316141732284
11
0.6449464173228346
21
0.5296341338582677
0
LINE
8
BLACK
6
CONTINUOUS
10
0.6449464173228346
20
0.5296341338582677
11
0.6461435433070866
21
0.528436968503937
0
LINE
8
BLACK
6
CONTINUOUS
10
0.6461435433070866
20
0.528436968503937
11
0.6488410236220472
21
0.5270882283464566
0
LINE
8
BLACK
6
CONTINUOUS
10
0.6488410236220472
20
0.5270882283464566
11
0.6549459842519685
21
0.5270882283464566
0
LINE
8
BLACK
6
CONTINUOUS
10
0.6549459842519685
20
0.5270882283464566
11
0.6576434251968504
21
0.528436968503937
0
LINE
8
BLACK
6
CONTINUOUS
10
0.6576434251968504
20
0.528436968503937
11
0.6588405511811023
21
0.5296341338582677
0
LINE
8
BLACK
6
CONTINUOUS
10
0.6588405511811023
20
0.5296341338582677
11
0.6601893307086614
21
0.5323316141732284
0
LINE
8
BLACK
6
CONTINUOUS
10
0.6601893307086614
20
0.5323316141732284
11
0.6601893307086614
21
0.5403113385826771
0
LINE
8
BLACK
6
CONTINUOUS
10
0.6601893307086614
20
0.5403113385826771
11
0.658840590551181
21
0.5430088188976377
0
LINE
8
BLACK
6
CONTINUOUS
10
0.658840590551181
20
0.5430088188976377
11
0.6576434645669291
21
0.5442059448818898
0
LINE
8
BLACK
6
CONTINUOUS
10
0.6576434645669291
20
0.5442059448818898
11
0.6549459842519685
21
0.5455546850393701
0
LINE
8
BLACK
6
CONTINUOUS
10
0.6549459842519685
20
0.5455546850393701
11
0.6488410236220472
21
0.5455546850393701
0
LINE
8
BLACK
6
CONTINUOUS
10
0.6488410236220472
20
0.5455546850393701
11
0.6461435433070866
21
0.5442059448818898
0
LINE
8
BLACK
6
CONTINUOUS
10
0.7177233070866141
20
0.5664373622047244
11
0.7177953149606299
21
0.5664445275590551
0
LINE
8
BLACK
6
CONTINUOUS
10
0.7177953149606299
20
0.5664445275590551
11
0.7178656299212598
21
0.5664233464566929
0
LINE
8
BLACK
6
CONTINUOUS
10
0.7178656299212598
20
0.5664233464566929
11
0.7180863385826771
21
0.5664015748031496
0
LINE
8
BLACK
6
CONTINUOUS
10
0.7180863385826771
20
0.5664015748031496
11
0.7184849999999999
21
0.5662364566929133
0
LINE
8
BLACK
6
CONTINUOUS
10
0.7184849999999999
20
0.5662364566929133
11
0.7188983070866142
21
0.5661117322834646
0
LINE
8
BLACK
6
CONTINUOUS
10
0.7188983070866142
20
0.5661117322834646
11
0.7190133858267717
21
0.5660175984251968
0
LINE
8
BLACK
6
CONTINUOUS
10
0.7190133858267717
20
0.5660175984251968
11
0.719150748031496
21
0.5659606692913386
0
LINE
8
BLACK
6
CONTINUOUS
10
0.719150748031496
20
0.5659606692913386
11
0.7194559842519684
21
0.5656554330708661
0
LINE
8
BLACK
6
CONTINUOUS
10
0.7194559842519684
20
0.5656554330708661
11
0.7197899606299213
21
0.5653821653543307
0
LINE
8
BLACK
6
CONTINUOUS
10
0.7197899606299213
20
0.5653821653543307
11
0.7198601968503937
21
0.5652512204724409
0
LINE
8
BLACK
6
CONTINUOUS
10
0.7198601968503937
20
0.5652512204724409
11
0.7199653937007874
21
0.5651460236220472
0
LINE
8
BLACK
6
CONTINUOUS
10
0.7199653937007874
20
0.5651460236220472
11
0.7201305511811024
21
0.5647472440944882
0
LINE
8
BLACK
6
CONTINUOUS
10
0.7201305511811024
20
0.5647472440944882
11
0.7203346062992125
21
0.5643669291338582
0
LINE
8
BLACK
6
CONTINUOUS
10
0.7203346062992125
20
0.5643669291338582
11
0.720378188976378
21
0.5641494488188976
0
LINE
8
BLACK
6
CONTINUOUS
10
0.720378188976378
20
0.5641494488188976
11
0.7204062992125984
21
0.5640816141732283
0
LINE
8
BLACK
6
CONTINUOUS
10
0.7204062992125984
20
0.5640816141732283
11
0.7204062992125984
21
0.5640093307086614
0
LINE
8
BLACK
6
CONTINUOUS
10
0.7204062992125984
20
0.5640093307086614
11
0.7204483858267716
21
0.5637993700787401
0
LINE
8
BLACK
6
CONTINUOUS
10
0.7204483858267716
20
0.5637993700787401
11
0.7223231496062992
21
0.5450517322834646
0
LINE
8
BLACK
6
CONTINUOUS
10
0.7223231496062992
20
0.5450517322834646
11
0.7223240157480315
21
0.5444728740157481
0
LINE
8
BLACK
6
CONTINUOUS
10
0.7223240157480315
20
0.5444728740157481
11
0.722281062992126
21
0.5443305511811023
0
LINE
8
BLACK
6
CONTINUOUS
10
0.722281062992126
20
0.5443305511811023
11
0.722281062992126
21
0.5441818897637796
0
LINE
8
BLACK
6
CONTINUOUS
10
0.722281062992126
20
0.5441818897637796
11
0.7221159448818898
21
0.5437833070866142
0
LINE
8
BLACK
6
CONTINUOUS
10
0.7221159448818898
20
0.5437833070866142
11
0.7219912204724409
21
0.5433698818897638
0
LINE
8
BLACK
6
CONTINUOUS
10
0.7219912204724409
20
0.5433698818897638
11
0.7218970078740158
21
0.5432547637795275
0
LINE
8
BLACK
6
CONTINUOUS
10
0.7218970078740158
20
0.5432547637795275
11
0.7218401574803149
21
0.5431174803149607
0
LINE
8
BLACK
6
CONTINUOUS
10
0.7218401574803149
20
0.5431174803149607
11
0.7215350787401574
21
0.5428124409448819
0
LINE
8
BLACK
6
CONTINUOUS
10
0.7215350787401574
20
0.5428124409448819
11
0.7212616535433071
21
0.5424782283464566
0
LINE
8
BLACK
6
CONTINUOUS
10
0.7212616535433071
20
0.5424782283464566
11
0.7211305905511811
21
0.5424079527559055
0
LINE
8
BLACK
6
CONTINUOUS
10
0.7211305905511811
20
0.5424079527559055
11
0.7210254724409448
21
0.5423027952755906
0
LINE
8
BLACK
6
CONTINUOUS
10
0.7210254724409448
20
0.5423027952755906
11
0.7206268503937008
21
0.5421377165354331
0
LINE
8
BLACK
6
CONTINUOUS
10
0.7206268503937008
20
0.5421377165354331
11
0.7202464173228347
21
0.5419335826771653
0
LINE
8
BLACK
6
CONTINUOUS
10
0.7202464173228347
20
0.5419335826771653
11
0.7200983858267717
21
0.5419188188976378
0
LINE
8
BLACK
6
CONTINUOUS
10
0.7200983858267717
20
0.5419188188976378
11
0.7199610629921259
21
0.5418618897637795
0
LINE
8
BLACK
6
CONTINUOUS
10
0.7199610629921259
20
0.5418618897637795
11
0.7195295275590551
21
0.5418618897637795
0
LINE
8
BLACK
6
CONTINUOUS
10
0.7195295275590551
20
0.5418618897637795
11
0.7191
21
0.541818937007874
0
LINE
8
BLACK
6
CONTINUOUS
10
0.7191
20
0.541818937007874
11
0.7189576377952756
21
0.5418618897637795
0
LINE
8
BLACK
6
CONTINUOUS
10
0.7189576377952756
20
0.5418618897637795
11
0.7188089763779527
21
0.5418618897637795
0
LINE
8
BLACK
6
CONTINUOUS
10
0.7188089763779527
20
0.5418618897637795
11
0.7184102755905512
21
0.5420270472440945
0
LINE
8
BLACK
6
CONTINUOUS
10
0.7184102755905512
20
0.5420270472440945
11
0.7179970078740158
21
0.5421517322834646
0
LINE
8
BLACK
6
CONTINUOUS
10
0.7179970078740158
20
0.5421517322834646
11
0.7178818897637795
21
0.5422459055118111
0
LINE
8
BLACK
6
CONTINUOUS
10
0.7178818897637795
20
0.5422459055118111
11
0.7177445669291338
21
0.5423027952755906
0
LINE
8
BLACK
6
CONTINUOUS
10
0.7177445669291338
20
0.5423027952755906
11
0.717297125984252
21
0.54267
0
LINE
8
BLACK
6
CONTINUOUS
10
0.717297125984252
20
0.54267
11
0.7157611811023622
21
0.5442059448818898
0
LINE
8
BLACK
6
CONTINUOUS
10
0.7157611811023622
20
0.5442059448818898
11
0.7130637007874016
21
0.5455546850393701
0
LINE
8
BLACK
6
CONTINUOUS
10
0.7130637007874016
20
0.5455546850393701
11
0.7050839763779527
21
0.5455546850393701
0
LINE
8
BLACK
6
CONTINUOUS
10
0.7050839763779527
20
0.5455546850393701
11
0.7023864960629921
21
0.5442059448818898
0
LINE
8
BLACK
6
CONTINUOUS
10
0.7023864960629921
20
0.5442059448818898
11
0.7011893700787402
21
0.5430088188976377
0
LINE
8
BLACK
6
CONTINUOUS
10
0.7011893700787402
20
0.5430088188976377
11
0.6998406299212598
21
0.5403113385826771
0
LINE
8
BLACK
6
CONTINUOUS
10
0.6998406299212598
20
0.5403113385826771
11
0.6998406299212598
21
0.5323316141732284
0
LINE
8
BLACK
6
CONTINUOUS
10
0.6998406299212598
20
0.5323316141732284
11
0.7011893700787402
21
0.5296341338582677
0
LINE
8
BLACK
6
CONTINUOUS
10
0.7011893700787402
20
0.5296341338582677
11
0.7023864960629921
21
0.528436968503937
0
LINE
8
BLACK
6
CONTINUOUS
10
0.7023864960629921
20
0.528436968503937
11
0.7050839763779527
21
0.5270882283464566
0
LINE
8
BLACK
6
CONTINUOUS
10
0.7050839763779527
20
0.5270882283464566
11
0.7130637007874016
21
0.5270882283464566
0
LINE
8
BLACK
6
CONTINUOUS
10
0.7130637007874016
20
0.5270882283464566
11
0.7157611417322834
21
0.528436968503937
0
LINE
8
BLACK
6
CONTINUOUS
10
0.7157611417322834
20
0.528436968503937
11
0.7172970866141732
21
0.5299729133858267
0
LINE
8
BLACK
6
CONTINUOUS
10
0.7172970866141732
20
0.5299729133858267
11
0.7177445669291338
21
0.5303401574803149
0
LINE
8
BLACK
6
CONTINUOUS
10
0.7177445669291338
20
0.5303401574803149
11
0.7188089763779527
21
0.530781062992126
0
LINE
8
BLACK
6
CONTINUOUS
10
0.7188089763779527
20
0.530781062992126
11
0.7199610629921259
21
0.530781062992126
0
LINE
8
BLACK
6
CONTINUOUS
10
0.7199610629921259
20
0.530781062992126
11
0.7210254724409448
21
0.5303401968503937
0
LINE
8
BLACK
6
CONTINUOUS
10
0.7210254724409448
20
0.5303401968503937
11
0.7218401574803149
21
0.5295255118110236
0
LINE
8
BLACK
6
CONTINUOUS
10
0.7218401574803149
20
0.5295255118110236
11
0.722281062992126
21
0.5284611023622047
0
LINE
8
BLACK
6
CONTINUOUS
10
0.722281062992126
20
0.5284611023622047
11
0.722281062992126
21
0.5273090157480315
0
LINE
8
BLACK
6
CONTINUOUS
10
0.722281062992126
20
0.5273090157480315
11
0.7218401968503937
21
0.5262446062992125
0
LINE
8
BLACK
6
CONTINUOUS
10
0.7218401968503937
20
0.5262446062992125
11
0.7214729527559055
21
0.525797125984252
0
LINE
8
BLACK
6
CONTINUOUS
10
0.7214729527559055
20
0.525797125984252
11
0.7195982283464567
21
0.5239223622047244
0
LINE
8
BLACK
6
CONTINUOUS
10
0.7195982283464567
20
0.5239223622047244
11
0.7193718503937008
21
0.5237366141732284
0
LINE
8
BLACK
6
CONTINUOUS
10
0.7193718503937008
20
0.5237366141732284
11
0.7193206692913385
21
0.5236775590551181
0
LINE
8
BLACK
6
CONTINUOUS
10
0.7193206692913385
20
0.5236775590551181
11
0.7192316929133858
21
0.5236215748031496
0
LINE
8
BLACK
6
CONTINUOUS
10
0.7192316929133858
20
0.5236215748031496
11
0.719150748031496
21
0.5235551181102363
0
LINE
8
BLACK
6
CONTINUOUS
10
0.719150748031496
20
0.5235551181102363
11
0.7190787795275591
21
0.5235253149606299
0
LINE
8
BLACK
6
CONTINUOUS
10
0.7190787795275591
20
0.5235253149606299
11
0.7188307874015748
21
0.5233692125984252
0
LINE
8
BLACK
6
CONTINUOUS
10
0.7188307874015748
20
0.5233692125984252
11
0.7150812598425197
21
0.5214944488188976
0
LINE
8
BLACK
6
CONTINUOUS
10
0.7150812598425197
20
0.5214944488188976
11
0.7145406299212598
21
0.5212875590551181
0
LINE
8
BLACK
6
CONTINUOUS
10
0.7145406299212598
20
0.5212875590551181
11
0.7144348031496063
21
0.5212800787401575
0
LINE
8
BLACK
6
CONTINUOUS
10
0.7144348031496063
20
0.5212800787401575
11
0.714336811023622
21
0.5212394488188976
0
LINE
8
BLACK
6
CONTINUOUS
10
0.714336811023622
20
0.5212394488188976
11
0.713760748031496
21
0.521182716535433
0
LINE
8
BLACK
6
CONTINUOUS
10
0.713760748031496
20
0.521182716535433
11
0.7043869291338583
21
0.521182716535433
0
LINE
8
BLACK
6
CONTINUOUS
10
0.7043869291338583
20
0.521182716535433
11
0.7038108661417323
21
0.5212394488188976
0
LINE
8
BLACK
6
CONTINUOUS
10
0.7038108661417323
20
0.5212394488188976
11
0.703712874015748
21
0.5212800393700787
0
LINE
8
BLACK
6
CONTINUOUS
10
0.703712874015748
20
0.5212800393700787
11
0.7036070078740158
21
0.5212875590551181
0
LINE
8
BLACK
6
CONTINUOUS
10
0.7036070078740158
20
0.5212875590551181
11
0.7030664173228346
21
0.5214944488188976
0
LINE
8
BLACK
6
CONTINUOUS
10
0.7030664173228346
20
0.5214944488188976
11
0.6993168897637795
21
0.5233692125984252
0
LINE
8
BLACK
6
CONTINUOUS
10
0.6993168897637795
20
0.5233692125984252
11
0.6990688582677165
21
0.5235253149606299
0
LINE
8
BLACK
6
CONTINUOUS
10
0.6990688582677165
20
0.5235253149606299
11
0.6989969291338582
21
0.5235551181102363
0
LINE
8
BLACK
6
CONTINUOUS
10
0.6989969291338582
20
0.5235551181102363
11
0.6989159448818898
21
0.5236215748031496
0
LINE
8
BLACK
6
CONTINUOUS
10
0.6989159448818898
20
0.5236215748031496
11
0.6988270078740157
21
0.5236775590551181
0
LINE
8
BLACK
6
CONTINUOUS
10
0.6988270078740157
20
0.5236775590551181
11
0.6987757874015748
21
0.5237366141732284
0
LINE
8
BLACK
6
CONTINUOUS
10
0.6987757874015748
20
0.5237366141732284
11
0.6985494488188976
21
0.5239223622047244
0
LINE
8
BLACK
6
CONTINUOUS
10
0.6985494488188976
20
0.5239223622047244
11
0.69667468503937
21
0.5257971653543307
0
LINE
8
BLACK
6
CONTINUOUS
10
0.69667468503937
20
0.5257971653543307
11
0.696488937007874
21
0.5260235039370078
0
LINE
8
BLACK
6
CONTINUOUS
10
0.696488937007874
20
0.5260235039370078
11
0.6964299606299212
21
0.5260746456692913
0
LINE
8
BLACK
6
CONTINUOUS
10
0.6964299606299212
20
0.5260746456692913
11
0.6963739763779527
21
0.5261635826771653
0
LINE
8
BLACK
6
CONTINUOUS
10
0.6963739763779527
20
0.5261635826771653
11
0.6963074803149606
21
0.5262446062992125
0
LINE
8
BLACK
6
CONTINUOUS
10
0.6963074803149606
20
0.5262446062992125
11
0.6962776377952756
21
0.526316653543307
0
LINE
8
BLACK
6
CONTINUOUS
10
0.6962776377952756
20
0.526316653543307
11
0.6961216141732284
21
0.5265645275590551
0
LINE
8
BLACK
6
CONTINUOUS
10
0.6961216141732284
20
0.5265645275590551
11
0.6942468503937008
21
0.5303140551181103
0
LINE
8
BLACK
6
CONTINUOUS
10
0.6942468503937008
20
0.5303140551181103
11
0.6940399606299212
21
0.5308546850393701
0
LINE
8
BLACK
6
CONTINUOUS
10
0.6940399606299212
20
0.5308546850393701
11
0.6940324409448819
21
0.5309605118110237
0
LINE
8
BLACK
6
CONTINUOUS
10
0.6940324409448819
20
0.5309605118110237
11
0.6939918503937008
21
0.5310585039370078
0
LINE
8
BLACK
6
CONTINUOUS
10
0.6939918503937008
20
0.5310585039370078
11
0.6939351181102362
21
0.5316345669291338
0
LINE
8
BLACK
6
CONTINUOUS
10
0.6939351181102362
20
0.5316345669291338
11
0.6939351181102362
21
0.5410083858267717
0
LINE
8
BLACK
6
CONTINUOUS
10
0.6939351181102362
20
0.5410083858267717
11
0.6939918503937008
21
0.5415844488188977
0
LINE
8
BLACK
6
CONTINUOUS
10
0.6939918503937008
20
0.5415844488188977
11
0.6940324409448819
21
0.5416824803149606
0
LINE
8
BLACK
6
CONTINUOUS
10
0.6940324409448819
20
0.5416824803149606
11
0.6940399606299212
21
0.5417882677165354
0
LINE
8
BLACK
6
CONTINUOUS
10
0.6940399606299212
20
0.5417882677165354
11
0.6942468503937008
21
0.5423288976377952
0
LINE
8
BLACK
6
CONTINUOUS
10
0.6942468503937008
20
0.5423288976377952
11
0.6961216141732284
21
0.5460784251968503
0
LINE
8
BLACK
6
CONTINUOUS
10
0.6961216141732284
20
0.5460784251968503
11
0.6962776771653543
21
0.5463264566929134
0
LINE
8
BLACK
6
CONTINUOUS
10
0.6962776771653543
20
0.5463264566929134
11
0.6963075196850393
21
0.5463983858267717
0
LINE
8
BLACK
6
CONTINUOUS
10
0.6963075196850393
20
0.5463983858267717
11
0.6963739763779527
21
0.5464793700787401
0
LINE
8
BLACK
6
CONTINUOUS
10
0.6963739763779527
20
0.5464793700787401
11
0.6964299606299212
21
0.5465683070866142
0
LINE
8
BLACK
6
CONTINUOUS
10
0.6964299606299212
20
0.5465683070866142
11
0.696488937007874
21
0.5466194881889763
0
LINE
8
BLACK
6
CONTINUOUS
10
0.696488937007874
20
0.5466194881889763
11
0.6966747244094488
21
0.5468458267716535
0
LINE
8
BLACK
6
CONTINUOUS
10
0.6966747244094488
20
0.5468458267716535
11
0.6985494881889763
21
0.5487205905511811
0
LINE
8
BLACK
6
CONTINUOUS
10
0.6985494881889763
20
0.5487205905511811
11
0.6987758267716535
21
0.5489063779527559
0
LINE
8
BLACK
6
CONTINUOUS
10
0.6987758267716535
20
0.5489063779527559
11
0.6988270078740157
21
0.5489653543307087
0
LINE
8
BLACK
6
CONTINUOUS
10
0.6988270078740157
20
0.5489653543307087
11
0.6989159448818898
21
0.5490213385826771
0
LINE
8
BLACK
6
CONTINUOUS
10
0.6989159448818898
20
0.5490213385826771
11
0.6989969291338582
21
0.5490877952755905
0
LINE
8
BLACK
6
CONTINUOUS
10
0.6989969291338582
20
0.5490877952755905
11
0.6990688582677165
21
0.5491176377952756
0
LINE
8
BLACK
6
CONTINUOUS
10
0.6990688582677165
20
0.5491176377952756
11
0.6993168897637795
21
0.5492737007874016
0
LINE
8
BLACK
6
CONTINUOUS
10
0.6993168897637795
20
0.5492737007874016
11
0.7030664173228346
21
0.5511484645669291
0
LINE
8
BLACK
6
CONTINUOUS
10
0.7030664173228346
20
0.5511484645669291
11
0.7036070078740158
21
0.5513553543307087
0
LINE
8
BLACK
6
CONTINUOUS
10
0.7036070078740158
20
0.5513553543307087
11
0.703712874015748
21
0.5513629133858268
0
LINE
8
BLACK
6
CONTINUOUS
10
0.703712874015748
20
0.5513629133858268
11
0.7038108661417323
21
0.5514034645669291
0
LINE
8
BLACK
6
CONTINUOUS
10
0.7038108661417323
20
0.5514034645669291
11
0.7043869291338583
21
0.5514601968503937
0
LINE
8
BLACK
6
CONTINUOUS
10
0.7043869291338583
20
0.5514601968503937
11
0.713760748031496
21
0.5514601968503937
0
LINE
8
BLACK
6
CONTINUOUS
10
0.713760748031496
20
0.5514601968503937
11
0.714336811023622
21
0.5514034645669291
0
LINE
8
BLACK
6
CONTINUOUS
10
0.714336811023622
20
0.5514034645669291
11
0.7144348031496063
21
0.551362874015748
0
LINE
8
BLACK
6
CONTINUOUS
10
0.7144348031496063
20
0.551362874015748
11
0.7145406299212598
21
0.5513553543307087
0
LINE
8
BLACK
6
CONTINUOUS
10
0.7145406299212598
20
0.5513553543307087
11
0.7150812598425197
21
0.5511484645669291
0
LINE
8
BLACK
6
CONTINUOUS
10
0.7150812598425197
20
0.5511484645669291
11
0.715815157480315
21
0.5507815354330708
0
LINE
8
BLACK
6
CONTINUOUS
10
0.715815157480315
20
0.5507815354330708
11
0.7148380708661417
21
0.5605527952755905
0
LINE
8
BLACK
6
CONTINUOUS
10
0.7148380708661417
20
0.5605527952755905
11
0.6987626377952756
21
0.5605527952755905
0
LINE
8
BLACK
6
CONTINUOUS
10
0.6987626377952756
20
0.5605527952755905
11
0.6981865748031496
21
0.5606095275590551
0
LINE
8
BLACK
6
CONTINUOUS
10
0.6981865748031496
20
0.5606095275590551
11
0.6971221653543307
21
0.5610504330708661
0
LINE
8
BLACK
6
CONTINUOUS
10
0.6971221653543307
20
0.5610504330708661
11
0.6963075196850393
21
0.5618650787401575
0
LINE
8
BLACK
6
CONTINUOUS
10
0.6963075196850393
20
0.5618650787401575
11
0.6958666141732284
21
0.5629294881889764
0
LINE
8
BLACK
6
CONTINUOUS
10
0.6958666141732284
20
0.5629294881889764
11
0.6958666141732284
21
0.5640816141732283
0
LINE
8
BLACK
6
CONTINUOUS
10
0.6958666141732284
20
0.5640816141732283
11
0.6963075196850393
21
0.5651460236220472
0
LINE
8
BLACK
6
CONTINUOUS
10
0.6963075196850393
20
0.5651460236220472
11
0.6971221653543307
21
0.5659606692913386
0
LINE
8
BLACK
6
CONTINUOUS
10
0.6971221653543307
20
0.5659606692913386
11
0.6981865748031496
21
0.5664015748031496
0
LINE
8
BLACK
6
CONTINUOUS
10
0.6981865748031496
20
0.5664015748031496
11
0.6987626377952756
21
0.5664583070866142
0
LINE
8
BLACK
6
CONTINUOUS
10
0.6987626377952756
20
0.5664583070866142
11
0.7175102755905511
21
0.5664583070866142
0
LINE
8
BLACK
6
CONTINUOUS
10
0.7175102755905511
20
0.5664583070866142
11
0.7177233070866141
21
0.5664373622047244
0
LINE
8
BLACK
6
CONTINUOUS
10
0.7946672047244094
20
0.5664296062992126
11
0.7947449606299213
21
0.5664351181102362
0
LINE
8
BLACK
6
CONTINUOUS
10
0.7947449606299213
20
0.5664351181102362
11
0.7948472047244094
21
0.5664118897637795
0
LINE
8
BLACK
6
CONTINUOUS
10
0.7948472047244094
20
0.5664118897637795
11
0.7949517322834645
21
0.5664015748031496
0
LINE
8
BLACK
6
CONTINUOUS
10
0.7949517322834645
20
0.5664015748031496
11
0.7950238188976377
21
0.5663717322834646
0
LINE
8
BLACK
6
CONTINUOUS
10
0.7950238188976377
20
0.5663717322834646
11
0.7953094094488189
21
0.5663067716535433
0
LINE
8
BLACK
6
CONTINUOUS
10
0.7953094094488189
20
0.5663067716535433
11
0.8009337007874016
21
0.5644320078740157
0
LINE
8
BLACK
6
CONTINUOUS
10
0.8009337007874016
20
0.5644320078740157
11
0.8014622440944882
21
0.5641960236220472
0
LINE
8
BLACK
6
CONTINUOUS
10
0.8014622440944882
20
0.5641960236220472
11
0.8015423622047244
21
0.5641265354330709
0
LINE
8
BLACK
6
CONTINUOUS
10
0.8015423622047244
20
0.5641265354330709
11
0.8016404330708661
21
0.564085905511811
0
LINE
8
BLACK
6
CONTINUOUS
10
0.8016404330708661
20
0.564085905511811
11
0.802087874015748
21
0.5637187007874016
0
LINE
8
BLACK
6
CONTINUOUS
10
0.802087874015748
20
0.5637187007874016
11
0.8058374015748031
21
0.5599691732283465
0
LINE
8
BLACK
6
CONTINUOUS
10
0.8058374015748031
20
0.5599691732283465
11
0.8060232283464567
21
0.5597427952755906
0
LINE
8
BLACK
6
CONTINUOUS
10
0.8060232283464567
20
0.5597427952755906
11
0.8060821653543306
21
0.5596916535433071
0
LINE
8
BLACK
6
CONTINUOUS
10
0.8060821653543306
20
0.5596916535433071
11
0.806138031496063
21
0.5596029133858268
0
LINE
8
BLACK
6
CONTINUOUS
10
0.806138031496063
20
0.5596029133858268
11
0.8062046456692913
21
0.5595217322834646
0
LINE
8
BLACK
6
CONTINUOUS
10
0.8062046456692913
20
0.5595217322834646
11
0.8062344881889764
21
0.5594496062992126
0
LINE
8
BLACK
6
CONTINUOUS
10
0.8062344881889764
20
0.5594496062992126
11
0.8063905118110236
21
0.5592017716535433
0
LINE
8
BLACK
6
CONTINUOUS
10
0.8063905118110236
20
0.5592017716535433
11
0.8082652755905512
21
0.5554522440944881
0
LINE
8
BLACK
6
CONTINUOUS
10
0.8082652755905512
20
0.5554522440944881
11
0.8082813779527559
21
0.555410157480315
0
LINE
8
BLACK
6
CONTINUOUS
10
0.8082813779527559
20
0.555410157480315
11
0.808294094488189
21
0.5553929921259843
0
LINE
8
BLACK
6
CONTINUOUS
10
0.808294094488189
20
0.5553929921259843
11
0.8083803937007874
21
0.5551514173228347
0
LINE
8
BLACK
6
CONTINUOUS
10
0.8083803937007874
20
0.5551514173228347
11
0.8084721653543306
21
0.5549116535433071
0
LINE
8
BLACK
6
CONTINUOUS
10
0.8084721653543306
20
0.5549116535433071
11
0.8084736614173228
21
0.5548903937007874
0
LINE
8
BLACK
6
CONTINUOUS
10
0.8084736614173228
20
0.5548903937007874
11
0.8084888582677165
21
0.554847874015748
0
LINE
8
BLACK
6
CONTINUOUS
10
0.8084888582677165
20
0.554847874015748
11
0.8103636220472441
21
0.5473488188976378
0
LINE
8
BLACK
6
CONTINUOUS
10
0.8103636220472441
20
0.5473488188976378
11
0.8103783858267717
21
0.5472489763779528
0
LINE
8
BLACK
6
CONTINUOUS
10
0.8103783858267717
20
0.5472489763779528
11
0.8103950393700787
21
0.5472087401574803
0
LINE
8
BLACK
6
CONTINUOUS
10
0.8103950393700787
20
0.5472087401574803
11
0.8104163779527559
21
0.5469917322834645
0
LINE
8
BLACK
6
CONTINUOUS
10
0.8104163779527559
20
0.5469917322834645
11
0.8104482677165354
21
0.5467762204724409
0
LINE
8
BLACK
6
CONTINUOUS
10
0.8104482677165354
20
0.5467762204724409
11
0.8104418503937008
21
0.5467332283464567
0
LINE
8
BLACK
6
CONTINUOUS
10
0.8104418503937008
20
0.5467332283464567
11
0.8104517716535433
21
0.5466326771653544
0
LINE
8
BLACK
6
CONTINUOUS
10
0.8104517716535433
20
0.5466326771653544
11
0.8104517716535433
21
0.5410083858267717
0
LINE
8
BLACK
6
CONTINUOUS
10
0.8104517716535433
20
0.5410083858267717
11
0.8104418503937008
21
0.540907874015748
0
LINE
8
BLACK
6
CONTINUOUS
10
0.8104418503937008
20
0.540907874015748
11
0.8104482677165354
21
0.540864842519685
0
LINE
8
BLACK
6
CONTINUOUS
10
0.8104482677165354
20
0.540864842519685
11
0.8104163779527559
21
0.5406493700787401
0
LINE
8
BLACK
6
CONTINUOUS
10
0.8104163779527559
20
0.5406493700787401
11
0.8103950393700787
21
0.5404323228346457
0
LINE
8
BLACK
6
CONTINUOUS
10
0.8103950393700787
20
0.5404323228346457
11
0.8103783858267717
21
0.5403921259842519
0
LINE
8
BLACK
6
CONTINUOUS
10
0.8103783858267717
20
0.5403921259842519
11
0.8103636220472441
21
0.5402922440944882
0
LINE
8
BLACK
6
CONTINUOUS
10
0.8103636220472441
20
0.5402922440944882
11
0.8084888582677165
21
0.532793188976378
0
LINE
8
BLACK
6
CONTINUOUS
10
0.8084888582677165
20
0.532793188976378
11
0.8084736614173228
21
0.5327507086614173
0
LINE
8
BLACK
6
CONTINUOUS
10
0.8084736614173228
20
0.5327507086614173
11
0.8084721653543306
21
0.5327294094488189
0
LINE
8
BLACK
6
CONTINUOUS
10
0.8084721653543306
20
0.5327294094488189
11
0.8083803937007874
21
0.5324896850393701
0
LINE
8
BLACK
6
CONTINUOUS
10
0.8083803937007874
20
0.5324896850393701
11
0.808294094488189
21
0.5322480708661417
0
LINE
8
BLACK
6
CONTINUOUS
10
0.808294094488189
20
0.5322480708661417
11
0.8082813779527559
21
0.5322309448818897
0
LINE
8
BLACK
6
CONTINUOUS
10
0.8082813779527559
20
0.5322309448818897
11
0.8082652755905512
21
0.5321888188976378
0
LINE
8
BLACK
6
CONTINUOUS
10
0.8082652755905512
20
0.5321888188976378
11
0.8063905118110236
21
0.5284392913385827
0
LINE
8
BLACK
6
CONTINUOUS
10
0.8063905118110236
20
0.5284392913385827
11
0.8062344488188976
21
0.5281914173228346
0
LINE
8
BLACK
6
CONTINUOUS
10
0.8062344488188976
20
0.5281914173228346
11
0.8062046456692913
21
0.5281193700787401
0
LINE
8
BLACK
6
CONTINUOUS
10
0.8062046456692913
20
0.5281193700787401
11
0.8061381102362205
21
0.5280383464566929
0
LINE
8
BLACK
6
CONTINUOUS
10
0.8061381102362205
20
0.5280383464566929
11
0.8060821653543306
21
0.5279494094488189
0
LINE
8
BLACK
6
CONTINUOUS
10
0.8060821653543306
20
0.5279494094488189
11
0.8060231496062992
21
0.5278982677165355
0
LINE
8
BLACK
6
CONTINUOUS
10
0.8060231496062992
20
0.5278982677165355
11
0.8058374409448819
21
0.5276719291338583
0
LINE
8
BLACK
6
CONTINUOUS
10
0.8058374409448819
20
0.5276719291338583
11
0.802087874015748
21
0.5239223228346457
0
LINE
8
BLACK
6
CONTINUOUS
10
0.802087874015748
20
0.5239223228346457
11
0.8016404330708661
21
0.5235551181102363
0
LINE
8
BLACK
6
CONTINUOUS
10
0.8016404330708661
20
0.5235551181102363
11
0.8015423622047244
21
0.5235145275590551
0
LINE
8
BLACK
6
CONTINUOUS
10
0.8015423622047244
20
0.5235145275590551
11
0.8014622440944882
21
0.5234449999999999
0
LINE
8
BLACK
6
CONTINUOUS
10
0.8014622440944882
20
0.5234449999999999
11
0.8009337007874016
21
0.5232090157480315
0
LINE
8
BLACK
6
CONTINUOUS
10
0.8009337007874016
20
0.5232090157480315
11
0.7953094094488189
21
0.5213342519685039
0
LINE
8
BLACK
6
CONTINUOUS
10
0.7953094094488189
20
0.5213342519685039
11
0.7950238188976377
21
0.5212693307086614
0
LINE
8
BLACK
6
CONTINUOUS
10
0.7950238188976377
20
0.5212693307086614
11
0.7949517322834645
21
0.5212394488188976
0
LINE
8
BLACK
6
CONTINUOUS
10
0.7949517322834645
20
0.5212394488188976
11
0.7948472047244094
21
0.5212291732283465
0
LINE
8
BLACK
6
CONTINUOUS
10
0.7948472047244094
20
0.5212291732283465
11
0.7947449606299213
21
0.521205905511811
0
LINE
8
BLACK
6
CONTINUOUS
10
0.7947449606299213
20
0.521205905511811
11
0.7946672047244094
21
0.5212114566929134
0
LINE
8
BLACK
6
CONTINUOUS
10
0.7946672047244094
20
0.5212114566929134
11
0.7943756692913385
21
0.521182716535433
0
LINE
8
BLACK
6
CONTINUOUS
10
0.7943756692913385
20
0.521182716535433
11
0.7906261417322834
21
0.521182716535433
0
LINE
8
BLACK
6
CONTINUOUS
10
0.7906261417322834
20
0.521182716535433
11
0.7903345275590551
21
0.5212114566929134
0
LINE
8
BLACK
6
CONTINUOUS
10
0.7903345275590551
20
0.5212114566929134
11
0.790256811023622
21
0.521205905511811
0
LINE
8
BLACK
6
CONTINUOUS
10
0.790256811023622
20
0.521205905511811
11
0.7901545275590551
21
0.5212291732283465
0
LINE
8
BLACK
6
CONTINUOUS
10
0.7901545275590551
20
0.5212291732283465
11
0.7900500787401574
21
0.5212394488188976
0
LINE
8
BLACK
6
CONTINUOUS
10
0.7900500787401574
20
0.5212394488188976
11
0.7899779921259842
21
0.5212693307086614
0
LINE
8
BLACK
6
CONTINUOUS
10
0.7899779921259842
20
0.5212693307086614
11
0.7896923622047244
21
0.5213342519685039
0
LINE
8
BLACK
6
CONTINUOUS
10
0.7896923622047244
20
0.5213342519685039
11
0.7840681102362205
21
0.5232090157480315
0
LINE
8
BLACK
6
CONTINUOUS
10
0.7840681102362205
20
0.5232090157480315
11
0.7835395275590551
21
0.5234449999999999
0
LINE
8
BLACK
6
CONTINUOUS
10
0.7835395275590551
20
0.5234449999999999
11
0.7834593307086614
21
0.5235145669291339
0
LINE
8
BLACK
6
CONTINUOUS
10
0.7834593307086614
20
0.5235145669291339
11
0.7833613779527558
21
0.5235551181102363
0
LINE
8
BLACK
6
CONTINUOUS
10
0.7833613779527558
20
0.5235551181102363
11
0.7829138976377953
21
0.5239223622047244
0
LINE
8
BLACK
6
CONTINUOUS
10
0.7829138976377953
20
0.5239223622047244
11
0.7810391338582677
21
0.5257971653543307
0
LINE
8
BLACK
6
CONTINUOUS
10
0.7810391338582677
20
0.5257971653543307
11
0.7806719291338583
21
0.5262446062992125
0
LINE
8
BLACK
6
CONTINUOUS
10
0.7806719291338583
20
0.5262446062992125
11
0.780231062992126
21
0.5273090157480315
0
LINE
8
BLACK
6
CONTINUOUS
10
0.780231062992126
20
0.5273090157480315
11
0.780231062992126
21
0.5284611023622047
0
LINE
8
BLACK
6
CONTINUOUS
10
0.780231062992126
20
0.5284611023622047
11
0.7806719685039369
21
0.5295255118110236
0
LINE
8
BLACK
6
CONTINUOUS
10
0.7806719685039369
20
0.5295255118110236
11
0.781486653543307
21
0.5303401968503937
0
LINE
8
BLACK
6
CONTINUOUS
10
0.781486653543307
20
0.5303401968503937
11
0.782551062992126
21
0.530781062992126
0
LINE
8
BLACK
6
CONTINUOUS
10
0.782551062992126
20
0.530781062992126
11
0.7837031496062992
21
0.530781062992126
0
LINE
8
BLACK
6
CONTINUOUS
10
0.7837031496062992
20
0.530781062992126
11
0.7847675590551181
21
0.5303401574803149
0
LINE
8
BLACK
6
CONTINUOUS
10
0.7847675590551181
20
0.5303401574803149
11
0.7852150393700787
21
0.5299729133858267
0
LINE
8
BLACK
6
CONTINUOUS
10
0.7852150393700787
20
0.5299729133858267
11
0.7865968897637795
21
0.5285910236220472
0
LINE
8
BLACK
6
CONTINUOUS
10
0.7865968897637795
20
0.5285910236220472
11
0.7911052755905512
21
0.5270882283464566
0
LINE
8
BLACK
6
CONTINUOUS
10
0.7911052755905512
20
0.5270882283464566
11
0.7938965354330708
21
0.5270882283464566
0
LINE
8
BLACK
6
CONTINUOUS
10
0.7938965354330708
20
0.5270882283464566
11
0.7984049212598425
21
0.528591062992126
0
LINE
8
BLACK
6
CONTINUOUS
10
0.7984049212598425
20
0.528591062992126
11
0.8013227165354331
21
0.5315088976377953
0
LINE
8
BLACK
6
CONTINUOUS
10
0.8013227165354331
20
0.5315088976377953
11
0.8028382283464567
21
0.5345398818897638
0
LINE
8
BLACK
6
CONTINUOUS
10
0.8028382283464567
20
0.5345398818897638
11
0.8045462598425197
21
0.5413719291338582
0
LINE
8
BLACK
6
CONTINUOUS
10
0.8045462598425197
20
0.5413719291338582
11
0.8045462598425197
21
0.5462691338582677
0
LINE
8
BLACK
6
CONTINUOUS
10
0.8045462598425197
20
0.5462691338582677
11
0.8028382283464567
21
0.5531011811023622
0
LINE
8
BLACK
6
CONTINUOUS
10
0.8028382283464567
20
0.5531011811023622
11
0.8013227559055118
21
0.5561321653543307
0
LINE
8
BLACK
6
CONTINUOUS
10
0.8013227559055118
20
0.5561321653543307
11
0.7984049212598425
21
0.5590499999999999
0
LINE
8
BLACK
6
CONTINUOUS
10
0.7984049212598425
20
0.5590499999999999
11
0.7938965354330708
21
0.5605527952755905
0
LINE
8
BLACK
6
CONTINUOUS
10
0.7938965354330708
20
0.5605527952755905
11
0.7911052755905512
21
0.5605527952755905
0
LINE
8
BLACK
6
CONTINUOUS
10
0.7911052755905512
20
0.5605527952755905
11
0.7865968897637795
21
0.5590499999999999
0
LINE
8
BLACK
6
CONTINUOUS
10
0.7865968897637795
20
0.5590499999999999
11
0.785215
21
0.5576681102362204
0
LINE
8
BLACK
6
CONTINUOUS
10
0.785215
20
0.5576681102362204
11
0.7847675590551181
21
0.557300905511811
0
LINE
8
BLACK
6
CONTINUOUS
10
0.7847675590551181
20
0.557300905511811
11
0.7837031102362204
21
0.55686
0
LINE
8
BLACK
6
CONTINUOUS
10
0.7837031102362204
20
0.55686
11
0.782551062992126
21
0.55686
0
LINE
8
BLACK
6
CONTINUOUS
10
0.782551062992126
20
0.55686
11
0.7814866141732283
21
0.557300905511811
0
LINE
8
BLACK
6
CONTINUOUS
10
0.7814866141732283
20
0.557300905511811
11
0.7806719685039369
21
0.5581155511811023
0
LINE
8
BLACK
6
CONTINUOUS
10
0.7806719685039369
20
0.5581155511811023
11
0.780231062992126
21
0.55918
0
LINE
8
BLACK
6
CONTINUOUS
10
0.780231062992126
20
0.55918
11
0.780231062992126
21
0.5603320472440945
0
LINE
8
BLACK
6
CONTINUOUS
10
0.780231062992126
20
0.5603320472440945
11
0.7806719685039369
21
0.5613964960629921
0
LINE
8
BLACK
6
CONTINUOUS
10
0.7806719685039369
20
0.5613964960629921
11
0.7810391732283465
21
0.5618439370078741
0
LINE
8
BLACK
6
CONTINUOUS
10
0.7810391732283465
20
0.5618439370078741
11
0.782913937007874
21
0.5637187007874016
0
LINE
8
BLACK
6
CONTINUOUS
10
0.782913937007874
20
0.5637187007874016
11
0.7833613779527558
21
0.564085905511811
0
LINE
8
BLACK
6
CONTINUOUS
10
0.7833613779527558
20
0.564085905511811
11
0.7834593307086614
21
0.5641264960629921
0
LINE
8
BLACK
6
CONTINUOUS
10
0.7834593307086614
20
0.5641264960629921
11
0.7835395275590551
21
0.5641960236220472
0
LINE
8
BLACK
6
CONTINUOUS
10
0.7835395275590551
20
0.5641960236220472
11
0.7840681102362205
21
0.5644320078740157
0
LINE
8
BLACK
6
CONTINUOUS
10
0.7840681102362205
20
0.5644320078740157
11
0.7896923622047244
21
0.5663067716535433
0
LINE
8
BLACK
6
CONTINUOUS
10
0.7896923622047244
20
0.5663067716535433
11
0.7899779921259842
21
0.5663717322834646
0
LINE
8
BLACK
6
CONTINUOUS
10
0.7899779921259842
20
0.5663717322834646
11
0.7900500787401574
21
0.5664015748031496
0
LINE
8
BLACK
6
CONTINUOUS
10
0.7900500787401574
20
0.5664015748031496
11
0.7901545275590551
21
0.5664118897637795
0
LINE
8
BLACK
6
CONTINUOUS
10
0.7901545275590551
20
0.5664118897637795
11
0.790256811023622
21
0.5664351181102362
0
LINE
8
BLACK
6
CONTINUOUS
10
0.790256811023622
20
0.5664351181102362
11
0.7903345275590551
21
0.5664296062992126
0
LINE
8
BLACK
6
CONTINUOUS
10
0.7903345275590551
20
0.5664296062992126
11
0.7906261417322834
21
0.5664583070866142
0
LINE
8
BLACK
6
CONTINUOUS
10
0.7906261417322834
20
0.5664583070866142
11
0.7943756692913385
21
0.5664583070866142
0
LINE
8
BLACK
6
CONTINUOUS
10
0.7943756692913385
20
0.5664583070866142
11
0.7946672047244094
21
0.5664296062992126
0
LINE
8
BLACK
6
CONTINUOUS
10
0.8433325984251968
20
0.5664373622047244
11
0.8434046062992125
21
0.5664445275590551
0
LINE
8
BLACK
6
CONTINUOUS
10
0.8434046062992125
20
0.5664445275590551
11
0.8434749212598425
21
0.5664233464566929
0
LINE
8
BLACK
6
CONTINUOUS
10
0.8434749212598425
20
0.5664233464566929
11
0.8436956299212598
21
0.5664015748031496
0
LINE
8
BLACK
6
CONTINUOUS
10
0.8436956299212598
20
0.5664015748031496
11
0.8440942913385826
21
0.5662364566929133
0
LINE
8
BLACK
6
CONTINUOUS
10
0.8440942913385826
20
0.5662364566929133
11
0.8445075984251968
21
0.5661117322834646
0
LINE
8
BLACK
6
CONTINUOUS
10
0.8445075984251968
20
0.5661117322834646
11
0.8446226771653543
21
0.5660175984251968
0
LINE
8
BLACK
6
CONTINUOUS
10
0.8446226771653543
20
0.5660175984251968
11
0.8447600393700787
21
0.5659606692913386
0
LINE
8
BLACK
6
CONTINUOUS
10
0.8447600393700787
20
0.5659606692913386
11
0.8450652755905511
21
0.5656554330708661
0
LINE
8
BLACK
6
CONTINUOUS
10
0.8450652755905511
20
0.5656554330708661
11
0.845399251968504
21
0.5653821653543307
0
LINE
8
BLACK
6
CONTINUOUS
10
0.845399251968504
20
0.5653821653543307
11
0.8454694881889764
21
0.5652512204724409
0
LINE
8
BLACK
6
CONTINUOUS
10
0.8454694881889764
20
0.5652512204724409
11
0.8455746850393701
21
0.5651460236220472
0
LINE
8
BLACK
6
CONTINUOUS
10
0.8455746850393701
20
0.5651460236220472
11
0.845739842519685
21
0.5647472440944882
0
LINE
8
BLACK
6
CONTINUOUS
10
0.845739842519685
20
0.5647472440944882
11
0.8459438976377952
21
0.5643669291338582
0
LINE
8
BLACK
6
CONTINUOUS
10
0.8459438976377952
20
0.5643669291338582
11
0.8459874803149606
21
0.5641494488188976
0
LINE
8
BLACK
6
CONTINUOUS
10
0.8459874803149606
20
0.5641494488188976
11
0.846015590551181
21
0.5640816141732283
0
LINE
8
BLACK
6
CONTINUOUS
10
0.846015590551181
20
0.5640816141732283
11
0.846015590551181
21
0.5640093307086614
0
LINE
8
BLACK
6
CONTINUOUS
10
0.846015590551181
20
0.5640093307086614
11
0.8460576771653543
21
0.5637993700787401
0
LINE
8
BLACK
6
CONTINUOUS
10
0.8460576771653543
20
0.5637993700787401
11
0.8479324409448818
21
0.5450517322834646
0
LINE
8
BLACK
6
CONTINUOUS
10
0.8479324409448818
20
0.5450517322834646
11
0.8479333070866142
21
0.5444728740157481
0
LINE
8
BLACK
6
CONTINUOUS
10
0.8479333070866142
20
0.5444728740157481
11
0.8478903543307087
21
0.5443305511811023
0
LINE
8
BLACK
6
CONTINUOUS
10
0.8478903543307087
20
0.5443305511811023
11
0.8478903543307087
21
0.5441818897637796
0
LINE
8
BLACK
6
CONTINUOUS
10
0.8478903543307087
20
0.5441818897637796
11
0.8477252362204725
21
0.5437833070866142
0
LINE
8
BLACK
6
CONTINUOUS
10
0.8477252362204725
20
0.5437833070866142
11
0.8476005118110236
21
0.5433698818897638
0
LINE
8
BLACK
6
CONTINUOUS
10
0.8476005118110236
20
0.5433698818897638
11
0.8475062992125985
21
0.5432547637795275
0
LINE
8
BLACK
6
CONTINUOUS
10
0.8475062992125985
20
0.5432547637795275
11
0.8474494488188976
21
0.5431174803149607
0
LINE
8
BLACK
6
CONTINUOUS
10
0.8474494488188976
20
0.5431174803149607
11
0.8471443700787401
21
0.5428124409448819
0
LINE
8
BLACK
6
CONTINUOUS
10
0.8471443700787401
20
0.5428124409448819
11
0.8468709448818897
21
0.5424782283464566
0
LINE
8
BLACK
6
CONTINUOUS
10
0.8468709448818897
20
0.5424782283464566
11
0.8467398818897638
21
0.5424079527559055
0
LINE
8
BLACK
6
CONTINUOUS
10
0.8467398818897638
20
0.5424079527559055
11
0.8466347637795275
21
0.5423027952755906
0
LINE
8
BLACK
6
CONTINUOUS
10
0.8466347637795275
20
0.5423027952755906
11
0.8462361417322835
21
0.5421377165354331
0
LINE
8
BLACK
6
CONTINUOUS
10
0.8462361417322835
20
0.5421377165354331
11
0.8458557086614173
21
0.5419335826771653
0
LINE
8
BLACK
6
CONTINUOUS
10
0.8458557086614173
20
0.5419335826771653
11
0.8457076771653543
21
0.5419188188976378
0
LINE
8
BLACK
6
CONTINUOUS
10
0.8457076771653543
20
0.5419188188976378
11
0.8455703543307086
21
0.5418618897637795
0
LINE
8
BLACK
6
CONTINUOUS
10
0.8455703543307086
20
0.5418618897637795
11
0.8451388188976378
21
0.5418618897637795
0
LINE
8
BLACK
6
CONTINUOUS
10
0.8451388188976378
20
0.5418618897637795
11
0.8447092913385826
21
0.541818937007874
0
LINE
8
BLACK
6
CONTINUOUS
10
0.8447092913385826
20
0.541818937007874
11
0.8445669291338582
21
0.5418618897637795
0
LINE
8
BLACK
6
CONTINUOUS
10
0.8445669291338582
20
0.5418618897637795
11
0.8444182677165354
21
0.5418618897637795
0
LINE
8
BLACK
6
CONTINUOUS
10
0.8444182677165354
20
0.5418618897637795
11
0.8440195669291338
21
0.5420270472440945
0
LINE
8
BLACK
6
CONTINUOUS
10
0.8440195669291338
20
0.5420270472440945
11
0.8436062992125984
21
0.5421517322834646
0
LINE
8
BLACK
6
CONTINUOUS
10
0.8436062992125984
20
0.5421517322834646
11
0.8434911811023622
21
0.5422459055118111
0
LINE
8
BLACK
6
CONTINUOUS
10
0.8434911811023622
20
0.5422459055118111
11
0.8433538582677165
21
0.5423027952755906
0
LINE
8
BLACK
6
CONTINUOUS
10
0.8433538582677165
20
0.5423027952755906
11
0.8429064173228347
21
0.54267
0
LINE
8
BLACK
6
CONTINUOUS
10
0.8429064173228347
20
0.54267
11
0.8413704724409449
21
0.5442059448818898
0
LINE
8
BLACK
6
CONTINUOUS
10
0.8413704724409449
20
0.5442059448818898
11
0.8386729921259842
21
0.5455546850393701
0
LINE
8
BLACK
6
CONTINUOUS
10
0.8386729921259842
20
0.5455546850393701
11
0.8306932677165354
21
0.5455546850393701
0
LINE
8
BLACK
6
CONTINUOUS
10
0.8306932677165354
20
0.5455546850393701
11
0.8279957874015748
21
0.5442059448818898
0
LINE
8
BLACK
6
CONTINUOUS
10
0.8279957874015748
20
0.5442059448818898
11
0.8267986614173228
21
0.5430088188976377
0
LINE
8
BLACK
6
CONTINUOUS
10
0.8267986614173228
20
0.5430088188976377
11
0.8254499212598425
21
0.5403113385826771
0
LINE
8
BLACK
6
CONTINUOUS
10
0.8254499212598425
20
0.5403113385826771
11
0.8254499212598425
21
0.5323316141732284
0
LINE
8
BLACK
6
CONTINUOUS
10
0.8254499212598425
20
0.5323316141732284
11
0.8267986614173228
21
0.5296341338582677
0
LINE
8
BLACK
6
CONTINUOUS
10
0.8267986614173228
20
0.5296341338582677
11
0.8279957874015748
21
0.528436968503937
0
LINE
8
BLACK
6
CONTINUOUS
10
0.8279957874015748
20
0.528436968503937
11
0.8306932677165354
21
0.5270882283464566
0
LINE
8
BLACK
6
CONTINUOUS
10
0.8306932677165354
20
0.5270882283464566
11
0.8386729921259842
21
0.5270882283464566
0
LINE
8
BLACK
6
CONTINUOUS
10
0.8386729921259842
20
0.5270882283464566
11
0.8413704330708661
21
0.528436968503937
0
LINE
8
BLACK
6
CONTINUOUS
10
0.8413704330708661
20
0.528436968503937
11
0.8429063779527559
21
0.5299729133858267
0
LINE
8
BLACK
6
CONTINUOUS
10
0.8429063779527559
20
0.5299729133858267
11
0.8433538582677165
21
0.5303401574803149
0
LINE
8
BLACK
6
CONTINUOUS
10
0.8433538582677165
20
0.5303401574803149
11
0.8444182677165354
21
0.530781062992126
0
LINE
8
BLACK
6
CONTINUOUS
10
0.8444182677165354
20
0.530781062992126
11
0.8455703543307086
21
0.530781062992126
0
LINE
8
BLACK
6
CONTINUOUS
10
0.8455703543307086
20
0.530781062992126
11
0.8466347637795275
21
0.5303401968503937
0
LINE
8
BLACK
6
CONTINUOUS
10
0.8466347637795275
20
0.5303401968503937
11
0.8474494488188976
21
0.5295255118110236
0
LINE
8
BLACK
6
CONTINUOUS
10
0.8474494488188976
20
0.5295255118110236
11
0.8478903543307087
21
0.5284611023622047
0
LINE
8
BLACK
6
CONTINUOUS
10
0.8478903543307087
20
0.5284611023622047
11
0.8478903543307087
21
0.5273090157480315
0
LINE
8
BLACK
6
CONTINUOUS
10
0.8478903543307087
20
0.5273090157480315
11
0.8474494881889764
21
0.5262446062992125
0
LINE
8
BLACK
6
CONTINUOUS
10
0.8474494881889764
20
0.5262446062992125
11
0.8470822440944882
21
0.525797125984252
0
LINE
8
BLACK
6
CONTINUOUS
10
0.8470822440944882
20
0.525797125984252
11
0.8452075196850394
21
0.5239223622047244
0
LINE
8
BLACK
6
CONTINUOUS
10
0.8452075196850394
20
0.5239223622047244
11
0.8449811417322834
21
0.5237366141732284
0
LINE
8
BLACK
6
CONTINUOUS
10
0.8449811417322834
20
0.5237366141732284
11
0.8449299606299212
21
0.5236775590551181
0
LINE
8
BLACK
6
CONTINUOUS
10
0.8449299606299212
20
0.5236775590551181
11
0.8448409842519685
21
0.5236215748031496
0
LINE
8
BLACK
6
CONTINUOUS
10
0.8448409842519685
20
0.5236215748031496
11
0.8447600393700787
21
0.5235551181102363
0
LINE
8
BLACK
6
CONTINUOUS
10
0.8447600393700787
20
0.5235551181102363
11
0.8446880708661417
21
0.5235253149606299
0
LINE
8
BLACK
6
CONTINUOUS
10
0.8446880708661417
20
0.5235253149606299
11
0.8444400787401575
21
0.5233692125984252
0
LINE
8
BLACK
6
CONTINUOUS
10
0.8444400787401575
20
0.5233692125984252
11
0.8406905511811024
21
0.5214944488188976
0
LINE
8
BLACK
6
CONTINUOUS
10
0.8406905511811024
20
0.5214944488188976
11
0.8401499212598424
21
0.5212875590551181
0
LINE
8
BLACK
6
CONTINUOUS
10
0.8401499212598424
20
0.5212875590551181
11
0.840044094488189
21
0.5212800787401575
0
LINE
8
BLACK
6
CONTINUOUS
10
0.840044094488189
20
0.5212800787401575
11
0.8399461023622047
21
0.5212394488188976
0
LINE
8
BLACK
6
CONTINUOUS
10
0.8399461023622047
20
0.5212394488188976
11
0.8393700393700787
21
0.521182716535433
0
LINE
8
BLACK
6
CONTINUOUS
10
0.8393700393700787
20
0.521182716535433
11
0.8299962204724409
21
0.521182716535433
0
LINE
8
BLACK
6
CONTINUOUS
10
0.8299962204724409
20
0.521182716535433
11
0.8294201574803149
21
0.5212394488188976
0
LINE
8
BLACK
6
CONTINUOUS
10
0.8294201574803149
20
0.5212394488188976
11
0.8293221653543307
21
0.5212800393700787
0
LINE
8
BLACK
6
CONTINUOUS
10
0.8293221653543307
20
0.5212800393700787
11
0.8292162992125984
21
0.5212875590551181
0
LINE
8
BLACK
6
CONTINUOUS
10
0.8292162992125984
20
0.5212875590551181
11
0.8286757086614173
21
0.5214944488188976
0
LINE
8
BLACK
6
CONTINUOUS
10
0.8286757086614173
20
0.5214944488188976
11
0.8249261811023622
21
0.5233692125984252
0
LINE
8
BLACK
6
CONTINUOUS
10
0.8249261811023622
20
0.5233692125984252
11
0.8246781496062991
21
0.5235253149606299
0
LINE
8
BLACK
6
CONTINUOUS
10
0.8246781496062991
20
0.5235253149606299
11
0.8246062204724409
21
0.5235551181102363
0
LINE
8
BLACK
6
CONTINUOUS
10
0.8246062204724409
20
0.5235551181102363
11
0.8245252362204725
21
0.5236215748031496
0
LINE
8
BLACK
6
CONTINUOUS
10
0.8245252362204725
20
0.5236215748031496
11
0.8244362992125984
21
0.5236775590551181
0
LINE
8
BLACK
6
CONTINUOUS
10
0.8244362992125984
20
0.5236775590551181
11
0.8243850787401574
21
0.5237366141732284
0
LINE
8
BLACK
6
CONTINUOUS
10
0.8243850787401574
20
0.5237366141732284
11
0.8241587401574803
21
0.5239223622047244
0
LINE
8
BLACK
6
CONTINUOUS
10
0.8241587401574803
20
0.5239223622047244
11
0.8222839763779527
21
0.5257971653543307
0
LINE
8
BLACK
6
CONTINUOUS
10
0.8222839763779527
20
0.5257971653543307
11
0.8220982283464566
21
0.5260235039370078
0
LINE
8
BLACK
6
CONTINUOUS
10
0.8220982283464566
20
0.5260235039370078
11
0.8220392519685039
21
0.5260746456692913
0
LINE
8
BLACK
6
CONTINUOUS
10
0.8220392519685039
20
0.5260746456692913
11
0.8219832677165354
21
0.5261635826771653
0
LINE
8
BLACK
6
CONTINUOUS
10
0.8219832677165354
20
0.5261635826771653
11
0.8219167716535433
21
0.5262446062992125
0
LINE
8
BLACK
6
CONTINUOUS
10
0.8219167716535433
20
0.5262446062992125
11
0.8218869291338583
21
0.526316653543307
0
LINE
8
BLACK
6
CONTINUOUS
10
0.8218869291338583
20
0.526316653543307
11
0.821730905511811
21
0.5265645275590551
0
LINE
8
BLACK
6
CONTINUOUS
10
0.821730905511811
20
0.5265645275590551
11
0.8198561417322835
21
0.5303140551181103
0
LINE
8
BLACK
6
CONTINUOUS
10
0.8198561417322835
20
0.5303140551181103
11
0.8196492519685039
21
0.5308546850393701
0
LINE
8
BLACK
6
CONTINUOUS
10
0.8196492519685039
20
0.5308546850393701
11
0.8196417322834646
21
0.5309605118110237
0
LINE
8
BLACK
6
CONTINUOUS
10
0.8196417322834646
20
0.5309605118110237
11
0.8196011417322835
21
0.5310585039370078
0
LINE
8
BLACK
6
CONTINUOUS
10
0.8196011417322835
20
0.5310585039370078
11
0.8195444094488189
21
0.5316345669291338
0
LINE
8
BLACK
6
CONTINUOUS
10
0.8195444094488189
20
0.5316345669291338
11
0.8195444094488189
21
0.5410083858267717
0
LINE
8
BLACK
6
CONTINUOUS
10
0.8195444094488189
20
0.5410083858267717
11
0.8196011417322835
21
0.5415844488188977
0
LINE
8
BLACK
6
CONTINUOUS
10
0.8196011417322835
20
0.5415844488188977
11
0.8196417322834646
21
0.5416824803149606
0
LINE
8
BLACK
6
CONTINUOUS
10
0.8196417322834646
20
0.5416824803149606
11
0.8196492519685039
21
0.5417882677165354
0
LINE
8
BLACK
6
CONTINUOUS
10
0.8196492519685039
20
0.5417882677165354
11
0.8198561417322835
21
0.5423288976377952
0
LINE
8
BLACK
6
CONTINUOUS
10
0.8198561417322835
20
0.5423288976377952
11
0.821730905511811
21
0.5460784251968503
0
LINE
8
BLACK
6
CONTINUOUS
10
0.821730905511811
20
0.5460784251968503
11
0.8218869685039369
21
0.5463264566929134
0
LINE
8
BLACK
6
CONTINUOUS
10
0.8218869685039369
20
0.5463264566929134
11
0.821916811023622
21
0.5463983858267717
0
LINE
8
BLACK
6
CONTINUOUS
10
0.821916811023622
20
0.5463983858267717
11
0.8219832677165354
21
0.5464793700787401
0
LINE
8
BLACK
6
CONTINUOUS
10
0.8219832677165354
20
0.5464793700787401
11
0.8220392519685039
21
0.5465683070866142
0
LINE
8
BLACK
6
CONTINUOUS
10
0.8220392519685039
20
0.5465683070866142
11
0.8220982283464566
21
0.5466194881889763
0
LINE
8
BLACK
6
CONTINUOUS
10
0.8220982283464566
20
0.5466194881889763
11
0.8222840157480314
21
0.5468458267716535
0
LINE
8
BLACK
6
CONTINUOUS
10
0.8222840157480314
20
0.5468458267716535
11
0.824158779527559
21
0.5487205905511811
0
LINE
8
BLACK
6
CONTINUOUS
10
0.824158779527559
20
0.5487205905511811
11
0.8243851181102362
21
0.5489063779527559
0
LINE
8
BLACK
6
CONTINUOUS
10
0.8243851181102362
20
0.5489063779527559
11
0.8244362992125984
21
0.5489653543307087
0
LINE
8
BLACK
6
CONTINUOUS
10
0.8244362992125984
20
0.5489653543307087
11
0.8245252362204725
21
0.5490213385826771
0
LINE
8
BLACK
6
CONTINUOUS
10
0.8245252362204725
20
0.5490213385826771
11
0.8246062204724409
21
0.5490877952755905
0
LINE
8
BLACK
6
CONTINUOUS
10
0.8246062204724409
20
0.5490877952755905
11
0.8246781496062991
21
0.5491176377952756
0
LINE
8
BLACK
6
CONTINUOUS
10
0.8246781496062991
20
0.5491176377952756
11
0.8249261811023622
21
0.5492737007874016
0
LINE
8
BLACK
6
CONTINUOUS
10
0.8249261811023622
20
0.5492737007874016
11
0.8286757086614173
21
0.5511484645669291
0
LINE
8
BLACK
6
CONTINUOUS
10
0.8286757086614173
20
0.5511484645669291
11
0.8292162992125984
21
0.5513553543307087
0
LINE
8
BLACK
6
CONTINUOUS
10
0.8292162992125984
20
0.5513553543307087
11
0.8293221653543307
21
0.5513629133858268
0
LINE
8
BLACK
6
CONTINUOUS
10
0.8293221653543307
20
0.5513629133858268
11
0.8294201574803149
21
0.5514034645669291
0
LINE
8
BLACK
6
CONTINUOUS
10
0.8294201574803149
20
0.5514034645669291
11
0.8299962204724409
21
0.5514601968503937
0
LINE
8
BLACK
6
CONTINUOUS
10
0.8299962204724409
20
0.5514601968503937
11
0.8393700393700787
21
0.5514601968503937
0
LINE
8
BLACK
6
CONTINUOUS
10
0.8393700393700787
20
0.5514601968503937
11
0.8399461023622047
21
0.5514034645669291
0
LINE
8
BLACK
6
CONTINUOUS
10
0.8399461023622047
20
0.5514034645669291
11
0.840044094488189
21
0.551362874015748
0
LINE
8
BLACK
6
CONTINUOUS
10
0.840044094488189
20
0.551362874015748
11
0.8401499212598424
21
0.5513553543307087
0
LINE
8
BLACK
6
CONTINUOUS
10
0.8401499212598424
20
0.5513553543307087
11
0.8406905511811024
21
0.5511484645669291
0
LINE
8
BLACK
6
CONTINUOUS
10
0.8406905511811024
20
0.5511484645669291
11
0.8414244488188977
21
0.5507815354330708
0
LINE
8
BLACK
6
CONTINUOUS
10
0.8414244488188977
20
0.5507815354330708
11
0.8404473622047244
21
0.5605527952755905
0
LINE
8
BLACK
6
CONTINUOUS
10
0.8404473622047244
20
0.5605527952755905
11
0.8243719291338583
21
0.5605527952755905
0
LINE
8
BLACK
6
CONTINUOUS
10
0.8243719291338583
20
0.5605527952755905
11
0.8237958661417323
21
0.5606095275590551
0
LINE
8
BLACK
6
CONTINUOUS
10
0.8237958661417323
20
0.5606095275590551
11
0.8227314566929134
21
0.5610504330708661
0
LINE
8
BLACK
6
CONTINUOUS
10
0.8227314566929134
20
0.5610504330708661
11
0.821916811023622
21
0.5618650787401575
0
LINE
8
BLACK
6
CONTINUOUS
10
0.821916811023622
20
0.5618650787401575
11
0.821475905511811
21
0.5629294881889764
0
LINE
8
BLACK
6
CONTINUOUS
10
0.821475905511811
20
0.5629294881889764
11
0.821475905511811
21
0.5640816141732283
0
LINE
8
BLACK
6
CONTINUOUS
10
0.821475905511811
20
0.5640816141732283
11
0.821916811023622
21
0.5651460236220472
0
LINE
8
BLACK
6
CONTINUOUS
10
0.821916811023622
20
0.5651460236220472
11
0.8227314566929134
21
0.5659606692913386
0
LINE
8
BLACK
6
CONTINUOUS
10
0.8227314566929134
20
0.5659606692913386
11
0.8237958661417323
21
0.5664015748031496
0
LINE
8
BLACK
6
CONTINUOUS
10
0.8237958661417323
20
0.5664015748031496
11
0.8243719291338583
21
0.5664583070866142
0
LINE
8
BLACK
6
CONTINUOUS
10
0.8243719291338583
20
0.5664583070866142
11
0.8431195669291338
21
0.5664583070866142
0
LINE
8
BLACK
6
CONTINUOUS
10
0.8431195669291338
20
0.5664583070866142
11
0.8433325984251968
21
0.5664373622047244
0
LINE
8
BLACK
6
CONTINUOUS
10
0.8808279133858268
20
0.5664373622047244
11
0.8808999212598425
21
0.5664445275590551
0
LINE
8
BLACK
6
CONTINUOUS
10
0.8808999212598425
20
0.5664445275590551
11
0.8809702362204724
21
0.5664233464566929
0
LINE
8
BLACK
6
CONTINUOUS
10
0.8809702362204724
20
0.5664233464566929
11
0.8811909448818898
21
0.5664015748031496
0
LINE
8
BLACK
6
CONTINUOUS
10
0.8811909448818898
20
0.5664015748031496
11
0.8815896062992126
21
0.5662364566929133
0
LINE
8
BLACK
6
CONTINUOUS
10
0.8815896062992126
20
0.5662364566929133
11
0.8820029133858267
21
0.5661117322834646
0
LINE
8
BLACK
6
CONTINUOUS
10
0.8820029133858267
20
0.5661117322834646
11
0.8821179921259842
21
0.5660175984251968
0
LINE
8
BLACK
6
CONTINUOUS
10
0.8821179921259842
20
0.5660175984251968
11
0.8822553543307087
21
0.5659606692913386
0
LINE
8
BLACK
6
CONTINUOUS
10
0.8822553543307087
20
0.5659606692913386
11
0.8825605905511811
21
0.5656554330708661
0
LINE
8
BLACK
6
CONTINUOUS
10
0.8825605905511811
20
0.5656554330708661
11
0.8828945669291338
21
0.5653821653543307
0
LINE
8
BLACK
6
CONTINUOUS
10
0.8828945669291338
20
0.5653821653543307
11
0.8829648031496062
21
0.5652512204724409
0
LINE
8
BLACK
6
CONTINUOUS
10
0.8829648031496062
20
0.5652512204724409
11
0.88307
21
0.5651460236220472
0
LINE
8
BLACK
6
CONTINUOUS
10
0.88307
20
0.5651460236220472
11
0.8832351574803149
21
0.5647472440944882
0
LINE
8
BLACK
6
CONTINUOUS
10
0.8832351574803149
20
0.5647472440944882
11
0.8834392125984252
21
0.5643669291338582
0
LINE
8
BLACK
6
CONTINUOUS
10
0.8834392125984252
20
0.5643669291338582
11
0.8834827952755905
21
0.5641494488188976
0
LINE
8
BLACK
6
CONTINUOUS
10
0.8834827952755905
20
0.5641494488188976
11
0.883510905511811
21
0.5640816141732283
0
LINE
8
BLACK
6
CONTINUOUS
10
0.883510905511811
20
0.5640816141732283
11
0.883510905511811
21
0.5640093307086614
0
LINE
8
BLACK
6
CONTINUOUS
10
0.883510905511811
20
0.5640093307086614
11
0.8835529921259843
21
0.5637993700787401
0
LINE
8
BLACK
6
CONTINUOUS
10
0.8835529921259843
20
0.5637993700787401
11
0.8854277559055118
21
0.5450517322834646
0
LINE
8
BLACK
6
CONTINUOUS
10
0.8854277559055118
20
0.5450517322834646
11
0.885428622047244
21
0.5444728740157481
0
LINE
8
BLACK
6
CONTINUOUS
10
0.885428622047244
20
0.5444728740157481
11
0.8853856692913386
21
0.5443305511811023
0
LINE
8
BLACK
6
CONTINUOUS
10
0.8853856692913386
20
0.5443305511811023
11
0.8853856692913386
21
0.5441818897637796
0
LINE
8
BLACK
6
CONTINUOUS
10
0.8853856692913386
20
0.5441818897637796
11
0.8852205511811023
21
0.5437833070866142
0
LINE
8
BLACK
6
CONTINUOUS
10
0.8852205511811023
20
0.5437833070866142
11
0.8850958267716535
21
0.5433698818897638
0
LINE
8
BLACK
6
CONTINUOUS
10
0.8850958267716535
20
0.5433698818897638
11
0.8850016141732283
21
0.5432547637795275
0
LINE
8
BLACK
6
CONTINUOUS
10
0.8850016141732283
20
0.5432547637795275
11
0.8849447637795276
21
0.5431174803149607
0
LINE
8
BLACK
6
CONTINUOUS
10
0.8849447637795276
20
0.5431174803149607
11
0.8846396850393701
21
0.5428124409448819
0
LINE
8
BLACK
6
CONTINUOUS
10
0.8846396850393701
20
0.5428124409448819
11
0.8843662598425197
21
0.5424782283464566
0
LINE
8
BLACK
6
CONTINUOUS
10
0.8843662598425197
20
0.5424782283464566
11
0.8842351968503936
21
0.5424079527559055
0
LINE
8
BLACK
6
CONTINUOUS
10
0.8842351968503936
20
0.5424079527559055
11
0.8841300787401575
21
0.5423027952755906
0
LINE
8
BLACK
6
CONTINUOUS
10
0.8841300787401575
20
0.5423027952755906
11
0.8837314566929134
21
0.5421377165354331
0
LINE
8
BLACK
6
CONTINUOUS
10
0.8837314566929134
20
0.5421377165354331
11
0.8833510236220472
21
0.5419335826771653
0
LINE
8
BLACK
6
CONTINUOUS
10
0.8833510236220472
20
0.5419335826771653
11
0.8832029921259842
21
0.5419188188976378
0
LINE
8
BLACK
6
CONTINUOUS
10
0.8832029921259842
20
0.5419188188976378
11
0.8830656692913386
21
0.5418618897637795
0
LINE
8
BLACK
6
CONTINUOUS
10
0.8830656692913386
20
0.5418618897637795
11
0.8826341338582677
21
0.5418618897637795
0
LINE
8
BLACK
6
CONTINUOUS
10
0.8826341338582677
20
0.5418618897637795
11
0.8822046062992126
21
0.541818937007874
0
LINE
8
BLACK
6
CONTINUOUS
10
0.8822046062992126
20
0.541818937007874
11
0.8820622440944882
21
0.5418618897637795
0
LINE
8
BLACK
6
CONTINUOUS
10
0.8820622440944882
20
0.5418618897637795
11
0.8819135826771654
21
0.5418618897637795
0
LINE
8
BLACK
6
CONTINUOUS
10
0.8819135826771654
20
0.5418618897637795
11
0.8815148818897638
21
0.5420270472440945
0
LINE
8
BLACK
6
CONTINUOUS
10
0.8815148818897638
20
0.5420270472440945
11
0.8811016141732283
21
0.5421517322834646
0
LINE
8
BLACK
6
CONTINUOUS
10
0.8811016141732283
20
0.5421517322834646
11
0.8809864960629921
21
0.5422459055118111
0
LINE
8
BLACK
6
CONTINUOUS
10
0.8809864960629921
20
0.5422459055118111
11
0.8808491732283464
21
0.5423027952755906
0
LINE
8
BLACK
6
CONTINUOUS
10
0.8808491732283464
20
0.5423027952755906
11
0.8804017322834645
21
0.54267
0
LINE
8
BLACK
6
CONTINUOUS
10
0.8804017322834645
20
0.54267
11
0.8788657874015748
21
0.5442059448818898
0
LINE
8
BLACK
6
CONTINUOUS
10
0.8788657874015748
20
0.5442059448818898
11
0.8761683070866142
21
0.5455546850393701
0
LINE
8
BLACK
6
CONTINUOUS
10
0.8761683070866142
20
0.5455546850393701
11
0.8681885826771654
21
0.5455546850393701
0
LINE
8
BLACK
6
CONTINUOUS
10
0.8681885826771654
20
0.5455546850393701
11
0.8654911023622047
21
0.5442059448818898
0
LINE
8
BLACK
6
CONTINUOUS
10
0.8654911023622047
20
0.5442059448818898
11
0.8642939763779527
21
0.5430088188976377
0
LINE
8
BLACK
6
CONTINUOUS
10
0.8642939763779527
20
0.5430088188976377
11
0.8629452362204724
21
0.5403113385826771
0
LINE
8
BLACK
6
CONTINUOUS
10
0.8629452362204724
20
0.5403113385826771
11
0.8629452362204724
21
0.5323316141732284
0
LINE
8
BLACK
6
CONTINUOUS
10
0.8629452362204724
20
0.5323316141732284
11
0.8642939763779527
21
0.5296341338582677
0
LINE
8
BLACK
6
CONTINUOUS
10
0.8642939763779527
20
0.5296341338582677
11
0.8654911023622047
21
0.528436968503937
0
LINE
8
BLACK
6
CONTINUOUS
10
0.8654911023622047
20
0.528436968503937
11
0.8681885826771654
21
0.5270882283464566
0
LINE
8
BLACK
6
CONTINUOUS
10
0.8681885826771654
20
0.5270882283464566
11
0.8761683070866142
21
0.5270882283464566
0
LINE
8
BLACK
6
CONTINUOUS
10
0.8761683070866142
20
0.5270882283464566
11
0.8788657480314961
21
0.528436968503937
0
LINE
8
BLACK
6
CONTINUOUS
10
0.8788657480314961
20
0.528436968503937
11
0.8804016929133858
21
0.5299729133858267
0
LINE
8
BLACK
6
CONTINUOUS
10
0.8804016929133858
20
0.5299729133858267
11
0.8808491732283464
21
0.5303401574803149
0
LINE
8
BLACK
6
CONTINUOUS
10
0.8808491732283464
20
0.5303401574803149
11
0.8819135826771654
21
0.530781062992126
0
LINE
8
BLACK
6
CONTINUOUS
10
0.8819135826771654
20
0.530781062992126
11
0.8830656692913386
21
0.530781062992126
0
LINE
8
BLACK
6
CONTINUOUS
10
0.8830656692913386
20
0.530781062992126
11
0.8841300787401575
21
0.5303401968503937
0
LINE
8
BLACK
6
CONTINUOUS
10
0.8841300787401575
20
0.5303401968503937
11
0.8849447637795276
21
0.5295255118110236
0
LINE
8
BLACK
6
CONTINUOUS
10
0.8849447637795276
20
0.5295255118110236
11
0.8853856692913386
21
0.5284611023622047
0
LINE
8
BLACK
6
CONTINUOUS
10
0.8853856692913386
20
0.5284611023622047
11
0.8853856692913386
21
0.5273090157480315
0
LINE
8
BLACK
6
CONTINUOUS
10
0.8853856692913386
20
0.5273090157480315
11
0.8849448031496063
21
0.5262446062992125
0
LINE
8
BLACK
6
CONTINUOUS
10
0.8849448031496063
20
0.5262446062992125
11
0.8845775590551181
21
0.525797125984252
0
LINE
8
BLACK
6
CONTINUOUS
10
0.8845775590551181
20
0.525797125984252
11
0.8827028346456692
21
0.5239223622047244
0
LINE
8
BLACK
6
CONTINUOUS
10
0.8827028346456692
20
0.5239223622047244
11
0.8824764566929134
21
0.5237366141732284
0
LINE
8
BLACK
6
CONTINUOUS
10
0.8824764566929134
20
0.5237366141732284
11
0.8824252755905512
21
0.5236775590551181
0
LINE
8
BLACK
6
CONTINUOUS
10
0.8824252755905512
20
0.5236775590551181
11
0.8823362992125984
21
0.5236215748031496
0
LINE
8
BLACK
6
CONTINUOUS
10
0.8823362992125984
20
0.5236215748031496
11
0.8822553543307087
21
0.5235551181102363
0
LINE
8
BLACK
6
CONTINUOUS
10
0.8822553543307087
20
0.5235551181102363
11
0.8821833858267716
21
0.5235253149606299
0
LINE
8
BLACK
6
CONTINUOUS
10
0.8821833858267716
20
0.5235253149606299
11
0.8819353937007873
21
0.5233692125984252
0
LINE
8
BLACK
6
CONTINUOUS
10
0.8819353937007873
20
0.5233692125984252
11
0.8781858661417322
21
0.5214944488188976
0
LINE
8
BLACK
6
CONTINUOUS
10
0.8781858661417322
20
0.5214944488188976
11
0.8776452362204724
21
0.5212875590551181
0
LINE
8
BLACK
6
CONTINUOUS
10
0.8776452362204724
20
0.5212875590551181
11
0.8775394094488189
21
0.5212800787401575
0
LINE
8
BLACK
6
CONTINUOUS
10
0.8775394094488189
20
0.5212800787401575
11
0.8774414173228346
21
0.5212394488188976
0
LINE
8
BLACK
6
CONTINUOUS
10
0.8774414173228346
20
0.5212394488188976
11
0.8768653543307087
21
0.521182716535433
0
LINE
8
BLACK
6
CONTINUOUS
10
0.8768653543307087
20
0.521182716535433
11
0.8674915354330709
21
0.521182716535433
0
LINE
8
BLACK
6
CONTINUOUS
10
0.8674915354330709
20
0.521182716535433
11
0.8669154724409449
21
0.5212394488188976
0
LINE
8
BLACK
6
CONTINUOUS
10
0.8669154724409449
20
0.5212394488188976
11
0.8668174803149606
21
0.5212800393700787
0
LINE
8
BLACK
6
CONTINUOUS
10
0.8668174803149606
20
0.5212800393700787
11
0.8667116141732283
21
0.5212875590551181
0
LINE
8
BLACK
6
CONTINUOUS
10
0.8667116141732283
20
0.5212875590551181
11
0.8661710236220472
21
0.5214944488188976
0
LINE
8
BLACK
6
CONTINUOUS
10
0.8661710236220472
20
0.5214944488188976
11
0.8624214960629921
21
0.5233692125984252
0
LINE
8
BLACK
6
CONTINUOUS
10
0.8624214960629921
20
0.5233692125984252
11
0.8621734645669291
21
0.5235253149606299
0
LINE
8
BLACK
6
CONTINUOUS
10
0.8621734645669291
20
0.5235253149606299
11
0.8621015354330709
21
0.5235551181102363
0
LINE
8
BLACK
6
CONTINUOUS
10
0.8621015354330709
20
0.5235551181102363
11
0.8620205511811023
21
0.5236215748031496
0
LINE
8
BLACK
6
CONTINUOUS
10
0.8620205511811023
20
0.5236215748031496
11
0.8619316141732283
21
0.5236775590551181
0
LINE
8
BLACK
6
CONTINUOUS
10
0.8619316141732283
20
0.5236775590551181
11
0.8618803937007874
21
0.5237366141732284
0
LINE
8
BLACK
6
CONTINUOUS
10
0.8618803937007874
20
0.5237366141732284
11
0.8616540551181102
21
0.5239223622047244
0
LINE
8
BLACK
6
CONTINUOUS
10
0.8616540551181102
20
0.5239223622047244
11
0.8597792913385827
21
0.5257971653543307
0
LINE
8
BLACK
6
CONTINUOUS
10
0.8597792913385827
20
0.5257971653543307
11
0.8595935433070866
21
0.5260235039370078
0
LINE
8
BLACK
6
CONTINUOUS
10
0.8595935433070866
20
0.5260235039370078
11
0.8595345669291339
21
0.5260746456692913
0
LINE
8
BLACK
6
CONTINUOUS
10
0.8595345669291339
20
0.5260746456692913
11
0.8594785826771654
21
0.5261635826771653
0
LINE
8
BLACK
6
CONTINUOUS
10
0.8594785826771654
20
0.5261635826771653
11
0.8594120866141732
21
0.5262446062992125
0
LINE
8
BLACK
6
CONTINUOUS
10
0.8594120866141732
20
0.5262446062992125
11
0.8593822440944882
21
0.526316653543307
0
LINE
8
BLACK
6
CONTINUOUS
10
0.8593822440944882
20
0.526316653543307
11
0.8592262204724409
21
0.5265645275590551
0
LINE
8
BLACK
6
CONTINUOUS
10
0.8592262204724409
20
0.5265645275590551
11
0.8573514566929133
21
0.5303140551181103
0
LINE
8
BLACK
6
CONTINUOUS
10
0.8573514566929133
20
0.5303140551181103
11
0.8571445669291339
21
0.5308546850393701
0
LINE
8
BLACK
6
CONTINUOUS
10
0.8571445669291339
20
0.5308546850393701
11
0.8571370472440945
21
0.5309605118110237
0
LINE
8
BLACK
6
CONTINUOUS
10
0.8571370472440945
20
0.5309605118110237
11
0.8570964566929133
21
0.5310585039370078
0
LINE
8
BLACK
6
CONTINUOUS
10
0.8570964566929133
20
0.5310585039370078
11
0.8570397244094488
21
0.5316345669291338
0
LINE
8
BLACK
6
CONTINUOUS
10
0.8570397244094488
20
0.5316345669291338
11
0.8570397244094488
21
0.5410083858267717
0
LINE
8
BLACK
6
CONTINUOUS
10
0.8570397244094488
20
0.5410083858267717
11
0.8570964566929133
21
0.5415844488188977
0
LINE
8
BLACK
6
CONTINUOUS
10
0.8570964566929133
20
0.5415844488188977
11
0.8571370472440945
21
0.5416824803149606
0
LINE
8
BLACK
6
CONTINUOUS
10
0.8571370472440945
20
0.5416824803149606
11
0.8571445669291339
21
0.5417882677165354
0
LINE
8
BLACK
6
CONTINUOUS
10
0.8571445669291339
20
0.5417882677165354
11
0.8573514566929133
21
0.5423288976377952
0
LINE
8
BLACK
6
CONTINUOUS
10
0.8573514566929133
20
0.5423288976377952
11
0.8592262204724409
21
0.5460784251968503
0
LINE
8
BLACK
6
CONTINUOUS
10
0.8592262204724409
20
0.5460784251968503
11
0.8593822834645669
21
0.5463264566929134
0
LINE
8
BLACK
6
CONTINUOUS
10
0.8593822834645669
20
0.5463264566929134
11
0.859412125984252
21
0.5463983858267717
0
LINE
8
BLACK
6
CONTINUOUS
10
0.859412125984252
20
0.5463983858267717
11
0.8594785826771654
21
0.5464793700787401
0
LINE
8
BLACK
6
CONTINUOUS
10
0.8594785826771654
20
0.5464793700787401
11
0.8595345669291339
21
0.5465683070866142
0
LINE
8
BLACK
6
CONTINUOUS
10
0.8595345669291339
20
0.5465683070866142
11
0.8595935433070866
21
0.5466194881889763
0
LINE
8
BLACK
6
CONTINUOUS
10
0.8595935433070866
20
0.5466194881889763
11
0.8597793307086614
21
0.5468458267716535
0
LINE
8
BLACK
6
CONTINUOUS
10
0.8597793307086614
20
0.5468458267716535
11
0.861654094488189
21
0.5487205905511811
0
LINE
8
BLACK
6
CONTINUOUS
10
0.861654094488189
20
0.5487205905511811
11
0.8618804330708661
21
0.5489063779527559
0
LINE
8
BLACK
6
CONTINUOUS
10
0.8618804330708661
20
0.5489063779527559
11
0.8619316141732283
21
0.5489653543307087
0
LINE
8
BLACK
6
CONTINUOUS
10
0.8619316141732283
20
0.5489653543307087
11
0.8620205511811023
21
0.5490213385826771
0
LINE
8
BLACK
6
CONTINUOUS
10
0.8620205511811023
20
0.5490213385826771
11
0.8621015354330709
21
0.5490877952755905
0
LINE
8
BLACK
6
CONTINUOUS
10
0.8621015354330709
20
0.5490877952755905
11
0.8621734645669291
21
0.5491176377952756
0
LINE
8
BLACK
6
CONTINUOUS
10
0.8621734645669291
20
0.5491176377952756
11
0.8624214960629921
21
0.5492737007874016
0
LINE
8
BLACK
6
CONTINUOUS
10
0.8624214960629921
20
0.5492737007874016
11
0.8661710236220472
21
0.5511484645669291
0
LINE
8
BLACK
6
CONTINUOUS
10
0.8661710236220472
20
0.5511484645669291
11
0.8667116141732283
21
0.5513553543307087
0
LINE
8
BLACK
6
CONTINUOUS
10
0.8667116141732283
20
0.5513553543307087
11
0.8668174803149606
21
0.5513629133858268
0
LINE
8
BLACK
6
CONTINUOUS
10
0.8668174803149606
20
0.5513629133858268
11
0.8669154724409449
21
0.5514034645669291
0
LINE
8
BLACK
6
CONTINUOUS
10
0.8669154724409449
20
0.5514034645669291
11
0.8674915354330709
21
0.5514601968503937
0
LINE
8
BLACK
6
CONTINUOUS
10
0.8674915354330709
20
0.5514601968503937
11
0.8768653543307087
21
0.5514601968503937
0
LINE
8
BLACK
6
CONTINUOUS
10
0.8768653543307087
20
0.5514601968503937
11
0.8774414173228346
21
0.5514034645669291
0
LINE
8
BLACK
6
CONTINUOUS
10
0.8774414173228346
20
0.5514034645669291
11
0.8775394094488189
21
0.551362874015748
0
LINE
8
BLACK
6
CONTINUOUS
10
0.8775394094488189
20
0.551362874015748
11
0.8776452362204724
21
0.5513553543307087
0
LINE
8
BLACK
6
CONTINUOUS
10
0.8776452362204724
20
0.5513553543307087
11
0.8781858661417322
21
0.5511484645669291
0
LINE
8
BLACK
6
CONTINUOUS
10
0.8781858661417322
20
0.5511484645669291
11
0.8789197637795275
21
0.5507815354330708
0
LINE
8
BLACK
6
CONTINUOUS
10
0.8789197637795275
20
0.5507815354330708
11
0.8779426771653543
21
0.5605527952755905
0
LINE
8
BLACK
6
CONTINUOUS
10
0.8779426771653543
20
0.5605527952755905
11
0.8618672440944881
21
0.5605527952755905
0
LINE
8
BLACK
6
CONTINUOUS
10
0.8618672440944881
20
0.5605527952755905
11
0.8612911811023621
21
0.5606095275590551
0
LINE
8
BLACK
6
CONTINUOUS
10
0.8612911811023621
20
0.5606095275590551
11
0.8602267716535433
21
0.5610504330708661
0
LINE
8
BLACK
6
CONTINUOUS
10
0.8602267716535433
20
0.5610504330708661
11
0.859412125984252
21
0.5618650787401575
0
LINE
8
BLACK
6
CONTINUOUS
10
0.859412125984252
20
0.5618650787401575
11
0.8589712204724409
21
0.5629294881889764
0
LINE
8
BLACK
6
CONTINUOUS
10
0.8589712204724409
20
0.5629294881889764
11
0.8589712204724409
21
0.5640816141732283
0
LINE
8
BLACK
6
CONTINUOUS
10
0.8589712204724409
20
0.5640816141732283
11
0.859412125984252
21
0.5651460236220472
0
LINE
8
BLACK
6
CONTINUOUS
10
0.859412125984252
20
0.5651460236220472
11
0.8602267716535433
21
0.5659606692913386
0
LINE
8
BLACK
6
CONTINUOUS
10
0.8602267716535433
20
0.5659606692913386
11
0.8612911811023621
21
0.5664015748031496
0
LINE
8
BLACK
6
CONTINUOUS
10
0.8612911811023621
20
0.5664015748031496
11
0.8618672440944881
21
0.5664583070866142
0
LINE
8
BLACK
6
CONTINUOUS
10
0.8618672440944881
20
0.5664583070866142
11
0.8806148818897638
21
0.5664583070866142
0
LINE
8
BLACK
6
CONTINUOUS
10
0.8806148818897638
20
0.5664583070866142
11
0.8808279133858268
21
0.5664373622047244
0
LINE
8
BLACK
6
CONTINUOUS
10
0.9561815748031496
20
0.5664015748031496
11
0.9572459842519685
21
0.5659606692913386
0
LINE
8
BLACK
6
CONTINUOUS
10
0.9572459842519685
20
0.5659606692913386
11
0.9580606299212598
21
0.5651460236220472
0
LINE
8
BLACK
6
CONTINUOUS
10
0.9580606299212598
20
0.5651460236220472
11
0.9585015354330708
21
0.5640816141732283
0
LINE
8
BLACK
6
CONTINUOUS
10
0.9585015354330708
20
0.5640816141732283
11
0.9585015354330708
21
0.5629294881889764
0
LINE
8
BLACK
6
CONTINUOUS
10
0.9585015354330708
20
0.5629294881889764
11
0.9580606299212598
21
0.5618650787401575
0
LINE
8
BLACK
6
CONTINUOUS
10
0.9580606299212598
20
0.5618650787401575
11
0.9572459842519685
21
0.5610504330708661
0
LINE
8
BLACK
6
CONTINUOUS
10
0.9572459842519685
20
0.5610504330708661
11
0.9561815748031496
21
0.5606095275590551
0
LINE
8
BLACK
6
CONTINUOUS
10
0.9561815748031496
20
0.5606095275590551
11
0.9556055118110236
21
0.5605527952755905
0
LINE
8
BLACK
6
CONTINUOUS
10
0.9556055118110236
20
0.5605527952755905
11
0.9348761023622048
21
0.5605527952755905
0
LINE
8
BLACK
6
CONTINUOUS
10
0.9348761023622048
20
0.5605527952755905
11
0.9580623622047244
21
0.5257733858267717
0
LINE
8
BLACK
6
CONTINUOUS
10
0.9580623622047244
20
0.5257733858267717
11
0.95833468503937
21
0.5252625984251968
0
LINE
8
BLACK
6
CONTINUOUS
10
0.95833468503937
20
0.5252625984251968
11
0.9583907874015748
21
0.5249788188976378
0
LINE
8
BLACK
6
CONTINUOUS
10
0.9583907874015748
20
0.5249788188976378
11
0.9585015354330708
21
0.5247115354330708
0
LINE
8
BLACK
6
CONTINUOUS
10
0.9585015354330708
20
0.5247115354330708
11
0.9585015354330708
21
0.5244191732283464
0
LINE
8
BLACK
6
CONTINUOUS
10
0.9585015354330708
20
0.5244191732283464
11
0.9585582677165354
21
0.5241323622047244
0
LINE
8
BLACK
6
CONTINUOUS
10
0.9585582677165354
20
0.5241323622047244
11
0.9585015354330708
21
0.5238487401574803
0
LINE
8
BLACK
6
CONTINUOUS
10
0.9585015354330708
20
0.5238487401574803
11
0.9585015354330708
21
0.5235594094488188
0
LINE
8
BLACK
6
CONTINUOUS
10
0.9585015354330708
20
0.5235594094488188
11
0.9583896456692913
21
0.5232893307086615
0
LINE
8
BLACK
6
CONTINUOUS
10
0.9583896456692913
20
0.5232893307086615
11
0.9583323228346456
21
0.5230026771653543
0
LINE
8
BLACK
6
CONTINUOUS
10
0.9583323228346456
20
0.5230026771653543
11
0.9581713385826771
21
0.5227623228346456
0
LINE
8
BLACK
6
CONTINUOUS
10
0.9581713385826771
20
0.5227623228346456
11
0.9580606299212598
21
0.522495
0
LINE
8
BLACK
6
CONTINUOUS
10
0.9580606299212598
20
0.522495
11
0.9578538976377953
21
0.5222883070866141
0
LINE
8
BLACK
6
CONTINUOUS
10
0.9578538976377953
20
0.5222883070866141
11
0.9576912598425197
21
0.5220453937007874
0
LINE
8
BLACK
6
CONTINUOUS
10
0.9576912598425197
20
0.5220453937007874
11
0.9574505118110236
21
0.5218849212598425
0
LINE
8
BLACK
6
CONTINUOUS
10
0.9574505118110236
20
0.5218849212598425
11
0.9572459842519685
21
0.5216803543307087
0
LINE
8
BLACK
6
CONTINUOUS
10
0.9572459842519685
20
0.5216803543307087
11
0.9569758661417322
21
0.5215685039370078
0
LINE
8
BLACK
6
CONTINUOUS
10
0.9569758661417322
20
0.5215685039370078
11
0.9567326377952756
21
0.5214062992125984
0
LINE
8
BLACK
6
CONTINUOUS
10
0.9567326377952756
20
0.5214062992125984
11
0.9564488188976378
21
0.5213501968503937
0
LINE
8
BLACK
6
CONTINUOUS
10
0.9564488188976378
20
0.5213501968503937
11
0.9561815748031496
21
0.5212394488188976
0
LINE
8
BLACK
6
CONTINUOUS
10
0.9561815748031496
20
0.5212394488188976
11
0.9556055118110236
21
0.521182716535433
0
LINE
8
BLACK
6
CONTINUOUS
10
0.9556055118110236
20
0.521182716535433
11
0.9556024015748031
21
0.521182716535433
0
LINE
8
BLACK
6
CONTINUOUS
10
0.9556024015748031
20
0.521182716535433
11
0.9293588188976378
21
0.521182716535433
0
LINE
8
BLACK
6
CONTINUOUS
10
0.9293588188976378
20
0.521182716535433
11
0.9287827559055117
21
0.5212394488188976
0
LINE
8
BLACK
6
CONTINUOUS
10
0.9287827559055117
20
0.5212394488188976
11
0.9277183464566929
21
0.5216803543307087
0
LINE
8
BLACK
6
CONTINUOUS
10
0.9277183464566929
20
0.5216803543307087
11
0.9269037007874016
21
0.522495
0
LINE
8
BLACK
6
CONTINUOUS
10
0.9269037007874016
20
0.522495
11
0.9264627952755905
21
0.5235594094488188
0
LINE
8
BLACK
6
CONTINUOUS
10
0.9264627952755905
20
0.5235594094488188
11
0.9264627952755905
21
0.5247115354330708
0
LINE
8
BLACK
6
CONTINUOUS
10
0.9264627952755905
20
0.5247115354330708
11
0.9269037007874016
21
0.5257759448818897
0
LINE
8
BLACK
6
CONTINUOUS
10
0.9269037007874016
20
0.5257759448818897
11
0.9277183464566929
21
0.5265905905511811
0
LINE
8
BLACK
6
CONTINUOUS
10
0.9277183464566929
20
0.5265905905511811
11
0.9287827559055117
21
0.5270314960629922
0
LINE
8
BLACK
6
CONTINUOUS
10
0.9287827559055117
20
0.5270314960629922
11
0.9293588188976378
21
0.5270882283464566
0
LINE
8
BLACK
6
CONTINUOUS
10
0.9293588188976378
20
0.5270882283464566
11
0.9500882283464567
21
0.5270882283464566
0
LINE
8
BLACK
6
CONTINUOUS
10
0.9500882283464567
20
0.5270882283464566
11
0.926901968503937
21
0.5618676771653544
0
LINE
8
BLACK
6
CONTINUOUS
10
0.926901968503937
20
0.5618676771653544
11
0.9266296456692913
21
0.5623784251968503
0
LINE
8
BLACK
6
CONTINUOUS
10
0.9266296456692913
20
0.5623784251968503
11
0.9265735039370079
21
0.5626622440944882
0
LINE
8
BLACK
6
CONTINUOUS
10
0.9265735039370079
20
0.5626622440944882
11
0.9264627952755905
21
0.5629294881889764
0
LINE
8
BLACK
6
CONTINUOUS
10
0.9264627952755905
20
0.5629294881889764
11
0.9264627952755905
21
0.5632218897637795
0
LINE
8
BLACK
6
CONTINUOUS
10
0.9264627952755905
20
0.5632218897637795
11
0.9264060629921259
21
0.5635086614173228
0
LINE
8
BLACK
6
CONTINUOUS
10
0.9264060629921259
20
0.5635086614173228
11
0.9264627952755905
21
0.5637923228346456
0
LINE
8
BLACK
6
CONTINUOUS
10
0.9264627952755905
20
0.5637923228346456
11
0.9264627952755905
21
0.5640816141732283
0
LINE
8
BLACK
6
CONTINUOUS
10
0.9264627952755905
20
0.5640816141732283
11
0.9265746456692913
21
0.5643517322834646
0
LINE
8
BLACK
6
CONTINUOUS
10
0.9265746456692913
20
0.5643517322834646
11
0.9266320078740157
21
0.5646383464566929
0
LINE
8
BLACK
6
CONTINUOUS
10
0.9266320078740157
20
0.5646383464566929
11
0.9267929527559055
21
0.5648787401574803
0
LINE
8
BLACK
6
CONTINUOUS
10
0.9267929527559055
20
0.5648787401574803
11
0.9269037007874016
21
0.5651460236220472
0
LINE
8
BLACK
6
CONTINUOUS
10
0.9269037007874016
20
0.5651460236220472
11
0.9271103937007874
21
0.5653527559055118
0
LINE
8
BLACK
6
CONTINUOUS
10
0.9271103937007874
20
0.5653527559055118
11
0.9272730708661417
21
0.5655956299212598
0
LINE
8
BLACK
6
CONTINUOUS
10
0.9272730708661417
20
0.5655956299212598
11
0.927513779527559
21
0.5657561417322835
0
LINE
8
BLACK
6
CONTINUOUS
10
0.927513779527559
20
0.5657561417322835
11
0.9277183464566929
21
0.5659606692913386
0
LINE
8
BLACK
6
CONTINUOUS
10
0.9277183464566929
20
0.5659606692913386
11
0.9279884251968503
21
0.5660725590551181
0
LINE
8
BLACK
6
CONTINUOUS
10
0.9279884251968503
20
0.5660725590551181
11
0.9282316929133858
21
0.5662347244094488
0
LINE
8
BLACK
6
CONTINUOUS
10
0.9282316929133858
20
0.5662347244094488
11
0.9285154724409449
21
0.5662908661417323
0
LINE
8
BLACK
6
CONTINUOUS
10
0.9285154724409449
20
0.5662908661417323
11
0.9287827559055117
21
0.5664015748031496
0
LINE
8
BLACK
6
CONTINUOUS
10
0.9287827559055117
20
0.5664015748031496
11
0.9293588188976378
21
0.5664583070866142
0
LINE
8
BLACK
6
CONTINUOUS
10
0.9293588188976378
20
0.5664583070866142
11
0.9556055118110236
21
0.5664583070866142
0
LINE
8
BLACK
6
CONTINUOUS
10
0.9556055118110236
20
0.5664583070866142
11
0.9561815748031496
21
0.5664015748031496
0
LINE
8
BLACK
6
CONTINUOUS
10
0.991802125984252
20
0.5664015748031496
11
0.9928665354330708
21
0.5659606692913386
0
LINE
8
BLACK
6
CONTINUOUS
10
0.9928665354330708
20
0.5659606692913386
11
0.9936811811023621
21
0.5651460236220472
0
LINE
8
BLACK
6
CONTINUOUS
10
0.9936811811023621
20
0.5651460236220472
11
0.9941220866141732
21
0.5640816141732283
0
LINE
8
BLACK
6
CONTINUOUS
10
0.9941220866141732
20
0.5640816141732283
11
0.9941788188976378
21
0.5635055511811023
0
LINE
8
BLACK
6
CONTINUOUS
10
0.9941788188976378
20
0.5635055511811023
11
0.9941788188976378
21
0.5241354724409448
0
LINE
8
BLACK
6
CONTINUOUS
10
0.9941788188976378
20
0.5241354724409448
11
0.9941220866141732
21
0.5235594094488188
0
LINE
8
BLACK
6
CONTINUOUS
10
0.9941220866141732
20
0.5235594094488188
11
0.9936811811023621
21
0.522495
0
LINE
8
BLACK
6
CONTINUOUS
10
0.9936811811023621
20
0.522495
11
0.9928665354330708
21
0.5216803543307087
0
LINE
8
BLACK
6
CONTINUOUS
10
0.9928665354330708
20
0.5216803543307087
11
0.991802125984252
21
0.5212394488188976
0
LINE
8
BLACK
6
CONTINUOUS
10
0.991802125984252
20
0.5212394488188976
11
0.991226062992126
21
0.521182716535433
0
LINE
8
BLACK
6
CONTINUOUS
10
0.991226062992126
20
0.521182716535433
11
0.9762279527559055
21
0.521182716535433
0
LINE
8
BLACK
6
CONTINUOUS
10
0.9762279527559055
20
0.521182716535433
11
0.9756518897637795
21
0.5212394488188976
0
LINE
8
BLACK
6
CONTINUOUS
10
0.9756518897637795
20
0.5212394488188976
11
0.9755538976377952
21
0.5212800393700787
0
LINE
8
BLACK
6
CONTINUOUS
10
0.9755538976377952
20
0.5212800393700787
11
0.975448031496063
21
0.5212875590551181
0
LINE
8
BLACK
6
CONTINUOUS
10
0.975448031496063
20
0.5212875590551181
11
0.9749074409448819
21
0.5214944488188976
0
LINE
8
BLACK
6
CONTINUOUS
10
0.9749074409448819
20
0.5214944488188976
11
0.9711579133858268
21
0.5233692125984252
0
LINE
8
BLACK
6
CONTINUOUS
10
0.9711579133858268
20
0.5233692125984252
11
0.9709098818897638
21
0.5235253149606299
0
LINE
8
BLACK
6
CONTINUOUS
10
0.9709098818897638
20
0.5235253149606299
11
0.9708379527559055
21
0.5235551181102363
0
LINE
8
BLACK
6
CONTINUOUS
10
0.9708379527559055
20
0.5235551181102363
11
0.970756968503937
21
0.5236215748031496
0
LINE
8
BLACK
6
CONTINUOUS
10
0.970756968503937
20
0.5236215748031496
11
0.970668031496063
21
0.5236775590551181
0
LINE
8
BLACK
6
CONTINUOUS
10
0.970668031496063
20
0.5236775590551181
11
0.9706168110236221
21
0.5237366141732284
0
LINE
8
BLACK
6
CONTINUOUS
10
0.9706168110236221
20
0.5237366141732284
11
0.9703904724409449
21
0.5239223622047244
0
LINE
8
BLACK
6
CONTINUOUS
10
0.9703904724409449
20
0.5239223622047244
11
0.9685157086614173
21
0.5257971653543307
0
LINE
8
BLACK
6
CONTINUOUS
10
0.9685157086614173
20
0.5257971653543307
11
0.9683299606299213
21
0.5260235039370078
0
LINE
8
BLACK
6
CONTINUOUS
10
0.9683299606299213
20
0.5260235039370078
11
0.9682709842519684
21
0.5260746456692913
0
LINE
8
BLACK
6
CONTINUOUS
10
0.9682709842519684
20
0.5260746456692913
11
0.9682149999999999
21
0.5261635826771653
0
LINE
8
BLACK
6
CONTINUOUS
10
0.9682149999999999
20
0.5261635826771653
11
0.9681485039370078
21
0.5262446062992125
0
LINE
8
BLACK
6
CONTINUOUS
10
0.9681485039370078
20
0.5262446062992125
11
0.9681186614173228
21
0.526316653543307
0
LINE
8
BLACK
6
CONTINUOUS
10
0.9681186614173228
20
0.526316653543307
11
0.9679626377952756
21
0.5265645275590551
0
LINE
8
BLACK
6
CONTINUOUS
10
0.9679626377952756
20
0.5265645275590551
11
0.966087874015748
21
0.5303140551181103
0
LINE
8
BLACK
6
CONTINUOUS
10
0.966087874015748
20
0.5303140551181103
11
0.9658809842519684
21
0.5308546850393701
0
LINE
8
BLACK
6
CONTINUOUS
10
0.9658809842519684
20
0.5308546850393701
11
0.9658734645669291
21
0.5309605118110237
0
LINE
8
BLACK
6
CONTINUOUS
10
0.9658734645669291
20
0.5309605118110237
11
0.965832874015748
21
0.5310585039370078
0
LINE
8
BLACK
6
CONTINUOUS
10
0.965832874015748
20
0.5310585039370078
11
0.9657761417322834
21
0.5316345669291338
0
LINE
8
BLACK
6
CONTINUOUS
10
0.9657761417322834
20
0.5316345669291338
11
0.9657761417322834
21
0.5372588582677166
0
LINE
8
BLACK
6
CONTINUOUS
10
0.9657761417322834
20
0.5372588582677166
11
0.965832874015748
21
0.5378349212598426
0
LINE
8
BLACK
6
CONTINUOUS
10
0.965832874015748
20
0.5378349212598426
11
0.9658734645669291
21
0.5379329527559055
0
LINE
8
BLACK
6
CONTINUOUS
10
0.9658734645669291
20
0.5379329527559055
11
0.9658809842519684
21
0.5380387401574803
0
LINE
8
BLACK
6
CONTINUOUS
10
0.9658809842519684
20
0.5380387401574803
11
0.966087874015748
21
0.5385793700787401
0
LINE
8
BLACK
6
CONTINUOUS
10
0.966087874015748
20
0.5385793700787401
11
0.9679626377952756
21
0.5423288976377952
0
LINE
8
BLACK
6
CONTINUOUS
10
0.9679626377952756
20
0.5423288976377952
11
0.9681187007874016
21
0.5425769291338582
0
LINE
8
BLACK
6
CONTINUOUS
10
0.9681187007874016
20
0.5425769291338582
11
0.9681485433070866
21
0.5426488582677165
0
LINE
8
BLACK
6
CONTINUOUS
10
0.9681485433070866
20
0.5426488582677165
11
0.9682149999999999
21
0.542729842519685
0
LINE
8
BLACK
6
CONTINUOUS
10
0.9682149999999999
20
0.542729842519685
11
0.9682709842519684
21
0.5428187795275591
0
LINE
8
BLACK
6
CONTINUOUS
10
0.9682709842519684
20
0.5428187795275591
11
0.9683299606299213
21
0.5428699606299212
0
LINE
8
BLACK
6
CONTINUOUS
10
0.9683299606299213
20
0.5428699606299212
11
0.9685157480314961
21
0.5430962992125984
0
LINE
8
BLACK
6
CONTINUOUS
10
0.9685157480314961
20
0.5430962992125984
11
0.9703905118110236
21
0.5449710629921259
0
LINE
8
BLACK
6
CONTINUOUS
10
0.9703905118110236
20
0.5449710629921259
11
0.9708379527559055
21
0.5453382677165354
0
LINE
8
BLACK
6
CONTINUOUS
10
0.9708379527559055
20
0.5453382677165354
11
0.970935905511811
21
0.5453788582677165
0
LINE
8
BLACK
6
CONTINUOUS
10
0.970935905511811
20
0.5453788582677165
11
0.9710161023622047
21
0.5454483858267717
0
LINE
8
BLACK
6
CONTINUOUS
10
0.9710161023622047
20
0.5454483858267717
11
0.9712549606299212
21
0.5455550787401575
0
LINE
8
BLACK
6
CONTINUOUS
10
0.9712549606299212
20
0.5455550787401575
11
0.9703905118110236
21
0.5464195275590551
0
LINE
8
BLACK
6
CONTINUOUS
10
0.9703905118110236
20
0.5464195275590551
11
0.9702047244094488
21
0.546645905511811
0
LINE
8
BLACK
6
CONTINUOUS
10
0.9702047244094488
20
0.546645905511811
11
0.970145748031496
21
0.5466970472440945
0
LINE
8
BLACK
6
CONTINUOUS
10
0.970145748031496
20
0.5466970472440945
11
0.9700897637795275
21
0.5467860236220472
0
LINE
8
BLACK
6
CONTINUOUS
10
0.9700897637795275
20
0.5467860236220472
11
0.9700233070866141
21
0.546866968503937
0
LINE
8
BLACK
6
CONTINUOUS
10
0.9700233070866141
20
0.546866968503937
11
0.9699934645669291
21
0.546938937007874
0
LINE
8
BLACK
6
CONTINUOUS
10
0.9699934645669291
20
0.546938937007874
11
0.9698374015748031
21
0.5471869291338582
0
LINE
8
BLACK
6
CONTINUOUS
10
0.9698374015748031
20
0.5471869291338582
11
0.9679626377952756
21
0.5509364566929134
0
LINE
8
BLACK
6
CONTINUOUS
10
0.9679626377952756
20
0.5509364566929134
11
0.967755748031496
21
0.5514770866141732
0
LINE
8
BLACK
6
CONTINUOUS
10
0.967755748031496
20
0.5514770866141732
11
0.9677482283464567
21
0.5515829133858268
0
LINE
8
BLACK
6
CONTINUOUS
10
0.9677482283464567
20
0.5515829133858268
11
0.9677076377952756
21
0.551680905511811
0
LINE
8
BLACK
6
CONTINUOUS
10
0.9677076377952756
20
0.551680905511811
11
0.967650905511811
21
0.552256968503937
0
LINE
8
BLACK
6
CONTINUOUS
10
0.967650905511811
20
0.552256968503937
11
0.967650905511811
21
0.5560064960629921
0
LINE
8
BLACK
6
CONTINUOUS
10
0.967650905511811
20
0.5560064960629921
11
0.9677076377952756
21
0.5565825590551181
0
LINE
8
BLACK
6
CONTINUOUS
10
0.9677076377952756
20
0.5565825590551181
11
0.9677482283464567
21
0.5566805905511811
0
LINE
8
BLACK
6
CONTINUOUS
10
0.9677482283464567
20
0.5566805905511811
11
0.967755748031496
21
0.5567863779527559
0
LINE
8
BLACK
6
CONTINUOUS
10
0.967755748031496
20
0.5567863779527559
11
0.9679626377952756
21
0.5573270078740158
0
LINE
8
BLACK
6
CONTINUOUS
10
0.9679626377952756
20
0.5573270078740158
11
0.9698374015748031
21
0.5610765354330709
0
LINE
8
BLACK
6
CONTINUOUS
10
0.9698374015748031
20
0.5610765354330709
11
0.9699934645669291
21
0.5613245669291338
0
LINE
8
BLACK
6
CONTINUOUS
10
0.9699934645669291
20
0.5613245669291338
11
0.9700233070866141
21
0.5613964960629921
0
LINE
8
BLACK
6
CONTINUOUS
10
0.9700233070866141
20
0.5613964960629921
11
0.9700897637795275
21
0.5614774803149606
0
LINE
8
BLACK
6
CONTINUOUS
10
0.9700897637795275
20
0.5614774803149606
11
0.970145748031496
21
0.5615664173228346
0
LINE
8
BLACK
6
CONTINUOUS
10
0.970145748031496
20
0.5615664173228346
11
0.9702047244094488
21
0.5616175984251969
0
LINE
8
BLACK
6
CONTINUOUS
10
0.9702047244094488
20
0.5616175984251969
11
0.9703905118110236
21
0.5618439370078741
0
LINE
8
BLACK
6
CONTINUOUS
10
0.9703905118110236
20
0.5618439370078741
11
0.9722652755905512
21
0.5637187007874016
0
LINE
8
BLACK
6
CONTINUOUS
10
0.9722652755905512
20
0.5637187007874016
11
0.9724916141732283
21
0.5639044881889763
0
LINE
8
BLACK
6
CONTINUOUS
10
0.9724916141732283
20
0.5639044881889763
11
0.9725427952755905
21
0.5639634645669291
0
LINE
8
BLACK
6
CONTINUOUS
10
0.9725427952755905
20
0.5639634645669291
11
0.9726317322834646
21
0.5640194488188977
0
LINE
8
BLACK
6
CONTINUOUS
10
0.9726317322834646
20
0.5640194488188977
11
0.972712716535433
21
0.564085905511811
0
LINE
8
BLACK
6
CONTINUOUS
10
0.972712716535433
20
0.564085905511811
11
0.9727846456692913
21
0.564115748031496
0
LINE
8
BLACK
6
CONTINUOUS
10
0.9727846456692913
20
0.564115748031496
11
0.9730326771653544
21
0.564271811023622
0
LINE
8
BLACK
6
CONTINUOUS
10
0.9730326771653544
20
0.564271811023622
11
0.9767822047244095
21
0.5661465748031496
0
LINE
8
BLACK
6
CONTINUOUS
10
0.9767822047244095
20
0.5661465748031496
11
0.9773227952755905
21
0.5663534645669291
0
LINE
8
BLACK
6
CONTINUOUS
10
0.9773227952755905
20
0.5663534645669291
11
0.9774286614173228
21
0.5663610236220472
0
LINE
8
BLACK
6
CONTINUOUS
10
0.9774286614173228
20
0.5663610236220472
11
0.977526653543307
21
0.5664015748031496
0
LINE
8
BLACK
6
CONTINUOUS
10
0.977526653543307
20
0.5664015748031496
11
0.978102716535433
21
0.5664583070866142
0
LINE
8
BLACK
6
CONTINUOUS
10
0.978102716535433
20
0.5664583070866142
11
0.991226062992126
21
0.5664583070866142
0
LINE
8
BLACK
6
CONTINUOUS
10
0.991226062992126
20
0.5664583070866142
11
0.991802125984252
21
0.5664015748031496
0
LINE
8
BLACK
6
CONTINUOUS
10
0.9740734645669291
20
0.5403023622047244
11
0.9730303937007874
21
0.5392592913385826
0
LINE
8
BLACK
6
CONTINUOUS
10
0.9730303937007874
20
0.5392592913385826
11
0.971681653543307
21
0.536561811023622
0
LINE
8
BLACK
6
CONTINUOUS
10
0.971681653543307
20
0.536561811023622
11
0.971681653543307
21
0.5323316141732284
0
LINE
8
BLACK
6
CONTINUOUS
10
0.971681653543307
20
0.5323316141732284
11
0.9730303937007874
21
0.5296341338582677
0
LINE
8
BLACK
6
CONTINUOUS
10
0.9730303937007874
20
0.5296341338582677
11
0.9742275196850394
21
0.528436968503937
0
LINE
8
BLACK
6
CONTINUOUS
10
0.9742275196850394
20
0.528436968503937
11
0.9769249999999999
21
0.5270882283464566
0
LINE
8
BLACK
6
CONTINUOUS
10
0.9769249999999999
20
0.5270882283464566
11
0.9882733070866142
21
0.5270882283464566
0
LINE
8
BLACK
6
CONTINUOUS
10
0.9882733070866142
20
0.5270882283464566
11
0.9882733070866142
21
0.541805157480315
0
LINE
8
BLACK
6
CONTINUOUS
10
0.9882733070866142
20
0.541805157480315
11
0.9785818503937007
21
0.541805157480315
0
LINE
8
BLACK
6
CONTINUOUS
10
0.9785818503937007
20
0.541805157480315
11
0.9740734645669291
21
0.5403023622047244
0
LINE
8
BLACK
6
CONTINUOUS
10
0.976102283464567
20
0.5592040551181102
11
0.9749051574803149
21
0.5580069291338583
0
LINE
8
BLACK
6
CONTINUOUS
10
0.9749051574803149
20
0.5580069291338583
11
0.9735564173228346
21
0.5553094488188977
0
LINE
8
BLACK
6
CONTINUOUS
10
0.9735564173228346
20
0.5553094488188977
11
0.9735564173228346
21
0.5529540157480315
0
LINE
8
BLACK
6
CONTINUOUS
10
0.9735564173228346
20
0.5529540157480315
11
0.9749051574803149
21
0.5502565354330708
0
LINE
8
BLACK
6
CONTINUOUS
10
0.9749051574803149
20
0.5502565354330708
11
0.976102283464567
21
0.5490594094488189
0
LINE
8
BLACK
6
CONTINUOUS
10
0.976102283464567
20
0.5490594094488189
11
0.9787997637795275
21
0.5477106692913386
0
LINE
8
BLACK
6
CONTINUOUS
10
0.9787997637795275
20
0.5477106692913386
11
0.9882733070866142
21
0.5477106692913386
0
LINE
8
BLACK
6
CONTINUOUS
10
0.9882733070866142
20
0.5477106692913386
11
0.9882733070866142
21
0.5605527952755905
0
LINE
8
BLACK
6
CONTINUOUS
10
0.9882733070866142
20
0.5605527952755905
11
0.9787997637795275
21
0.5605527952755905
0
LINE
8
BLACK
6
CONTINUOUS
10
0.9787997637795275
20
0.5605527952755905
11
0.976102283464567
21
0.5592040551181102
0
LINE
8
BLACK
6
CONTINUOUS
10
0.6308585826771653
20
0.5660707874015748
11
0.6317289763779528
21
0.565315905511811
0
LINE
8
BLACK
6
CONTINUOUS
10
0.6317289763779528
20
0.565315905511811
11
0.6322441732283465
21
0.5642854330708661
0
LINE
8
BLACK
6
CONTINUOUS
10
0.6322441732283465
20
0.5642854330708661
11
0.6323258661417323
21
0.5631362204724409
0
LINE
8
BLACK
6
CONTINUOUS
10
0.6323258661417323
20
0.5631362204724409
11
0.6321975196850393
21
0.5625718110236221
0
LINE
8
BLACK
6
CONTINUOUS
10
0.6321975196850393
20
0.5625718110236221
11
0.6190741732283465
21
0.5232017322834646
0
LINE
8
BLACK
6
CONTINUOUS
10
0.6190741732283465
20
0.5232017322834646
11
0.618838188976378
21
0.5226731496062992
0
LINE
8
BLACK
6
CONTINUOUS
10
0.618838188976378
20
0.5226731496062992
11
0.6186999212598425
21
0.5225137795275591
0
LINE
8
BLACK
6
CONTINUOUS
10
0.6186999212598425
20
0.5225137795275591
11
0.6186056299212598
21
0.5223251181102362
0
LINE
8
BLACK
6
CONTINUOUS
10
0.6186056299212598
20
0.5223251181102362
11
0.6183259448818897
21
0.5220825590551181
0
LINE
8
BLACK
6
CONTINUOUS
10
0.6183259448818897
20
0.5220825590551181
11
0.6180833070866142
21
0.5218027952755906
0
LINE
8
BLACK
6
CONTINUOUS
10
0.6180833070866142
20
0.5218027952755906
11
0.6178945669291338
21
0.5217084645669291
0
LINE
8
BLACK
6
CONTINUOUS
10
0.6178945669291338
20
0.5217084645669291
11
0.6177352362204724
21
0.5215702362204724
0
LINE
8
BLACK
6
CONTINUOUS
10
0.6177352362204724
20
0.5215702362204724
11
0.6173839763779527
21
0.5214531889763779
0
LINE
8
BLACK
6
CONTINUOUS
10
0.6173839763779527
20
0.5214531889763779
11
0.617052874015748
21
0.5212875984251968
0
LINE
8
BLACK
6
CONTINUOUS
10
0.617052874015748
20
0.5212875984251968
11
0.6168424409448818
21
0.5212726771653543
0
LINE
8
BLACK
6
CONTINUOUS
10
0.6168424409448818
20
0.5212726771653543
11
0.6166422440944882
21
0.521205905511811
0
LINE
8
BLACK
6
CONTINUOUS
10
0.6166422440944882
20
0.521205905511811
11
0.6162729527559055
21
0.5212321653543307
0
LINE
8
BLACK
6
CONTINUOUS
10
0.6162729527559055
20
0.5212321653543307
11
0.6159036614173228
21
0.521205905511811
0
LINE
8
BLACK
6
CONTINUOUS
10
0.6159036614173228
20
0.521205905511811
11
0.6157034251968504
21
0.5212726771653543
0
LINE
8
BLACK
6
CONTINUOUS
10
0.6157034251968504
20
0.5212726771653543
11
0.6154930314960629
21
0.5212875984251968
0
LINE
8
BLACK
6
CONTINUOUS
10
0.6154930314960629
20
0.5212875984251968
11
0.6151620078740158
21
0.5214531496062992
0
LINE
8
BLACK
6
CONTINUOUS
10
0.6151620078740158
20
0.5214531496062992
11
0.6148106299212598
21
0.5215702362204724
0
LINE
8
BLACK
6
CONTINUOUS
10
0.6148106299212598
20
0.5215702362204724
11
0.6146511417322834
21
0.5217085826771654
0
LINE
8
BLACK
6
CONTINUOUS
10
0.6146511417322834
20
0.5217085826771654
11
0.6144625984251968
21
0.5218028346456692
0
LINE
8
BLACK
6
CONTINUOUS
10
0.6144625984251968
20
0.5218028346456692
11
0.6142201181102362
21
0.5220824015748031
0
LINE
8
BLACK
6
CONTINUOUS
10
0.6142201181102362
20
0.5220824015748031
11
0.6139402755905512
21
0.5223251181102362
0
LINE
8
BLACK
6
CONTINUOUS
10
0.6139402755905512
20
0.5223251181102362
11
0.6138459055118111
21
0.5225138582677166
0
LINE
8
BLACK
6
CONTINUOUS
10
0.6138459055118111
20
0.5225138582677166
11
0.6137077165354331
21
0.5226731889763779
0
LINE
8
BLACK
6
CONTINUOUS
10
0.6137077165354331
20
0.5226731889763779
11
0.6134717322834645
21
0.5232017322834646
0
LINE
8
BLACK
6
CONTINUOUS
10
0.6134717322834645
20
0.5232017322834646
11
0.6003483858267716
21
0.5625718110236221
0
LINE
8
BLACK
6
CONTINUOUS
10
0.6003483858267716
20
0.5625718110236221
11
0.6002200393700787
21
0.5631362598425197
0
LINE
8
BLACK
6
CONTINUOUS
10
0.6002200393700787
20
0.5631362598425197
11
0.6003017322834645
21
0.5642854724409448
0
LINE
8
BLACK
6
CONTINUOUS
10
0.6003017322834645
20
0.5642854724409448
11
0.6008169291338582
21
0.565315905511811
0
LINE
8
BLACK
6
CONTINUOUS
10
0.6008169291338582
20
0.565315905511811
11
0.6016872834645669
21
0.5660707874015748
0
LINE
8
BLACK
6
CONTINUOUS
10
0.6016872834645669
20
0.5660707874015748
11
0.6027803149606299
21
0.5664351181102362
0
LINE
8
BLACK
6
CONTINUOUS
10
0.6027803149606299
20
0.5664351181102362
11
0.6039295275590552
21
0.5663534251968504
0
LINE
8
BLACK
6
CONTINUOUS
10
0.6039295275590552
20
0.5663534251968504
11
0.6049599606299213
21
0.5658382283464567
0
LINE
8
BLACK
6
CONTINUOUS
10
0.6049599606299213
20
0.5658382283464567
11
0.605714842519685
21
0.564967874015748
0
LINE
8
BLACK
6
CONTINUOUS
10
0.605714842519685
20
0.564967874015748
11
0.6059508267716536
21
0.5644392913385826
0
LINE
8
BLACK
6
CONTINUOUS
10
0.6059508267716536
20
0.5644392913385826
11
0.6162729527559055
21
0.5334729133858268
0
LINE
8
BLACK
6
CONTINUOUS
10
0.6162729527559055
20
0.5334729133858268
11
0.6265950787401575
21
0.5644392913385826
0
LINE
8
BLACK
6
CONTINUOUS
10
0.6265950787401575
20
0.5644392913385826
11
0.626831062992126
21
0.5649678346456692
0
LINE
8
BLACK
6
CONTINUOUS
10
0.626831062992126
20
0.5649678346456692
11
0.6275859448818898
21
0.5658381889763779
0
LINE
8
BLACK
6
CONTINUOUS
10
0.6275859448818898
20
0.5658381889763779
11
0.6286163779527559
21
0.5663534251968504
0
LINE
8
BLACK
6
CONTINUOUS
10
0.6286163779527559
20
0.5663534251968504
11
0.6297655905511811
21
0.5664351181102362
0
LINE
8
BLACK
6
CONTINUOUS
10
0.6297655905511811
20
0.5664351181102362
11
0.6308585826771653
21
0.5660707874015748
0
LINE
8
BLACK
6
CONTINUOUS
10
0.9214472440944882
20
0.5660707874015748
11
0.9223176377952755
21
0.565315905511811
0
LINE
8
BLACK
6
CONTINUOUS
10
0.9223176377952755
20
0.565315905511811
11
0.9228328346456692
21
0.5642854330708661
0
LINE
8
BLACK
6
CONTINUOUS
10
0.9228328346456692
20
0.5642854330708661
11
0.9229145275590551
21
0.5631362204724409
0
LINE
8
BLACK
6
CONTINUOUS
10
0.9229145275590551
20
0.5631362204724409
11
0.9227861811023622
21
0.5625718110236221
0
LINE
8
BLACK
6
CONTINUOUS
10
0.9227861811023622
20
0.5625718110236221
11
0.9096628346456692
21
0.5232017322834646
0
LINE
8
BLACK
6
CONTINUOUS
10
0.9096628346456692
20
0.5232017322834646
11
0.9094268503937007
21
0.5226731496062992
0
LINE
8
BLACK
6
CONTINUOUS
10
0.9094268503937007
20
0.5226731496062992
11
0.9092885826771653
21
0.5225137795275591
0
LINE
8
BLACK
6
CONTINUOUS
10
0.9092885826771653
20
0.5225137795275591
11
0.9091942913385826
21
0.5223251181102362
0
LINE
8
BLACK
6
CONTINUOUS
10
0.9091942913385826
20
0.5223251181102362
11
0.9089146062992126
21
0.5220825590551181
0
LINE
8
BLACK
6
CONTINUOUS
10
0.9089146062992126
20
0.5220825590551181
11
0.9086719685039369
21
0.5218027952755906
0
LINE
8
BLACK
6
CONTINUOUS
10
0.9086719685039369
20
0.5218027952755906
11
0.9084832283464567
21
0.5217084645669291
0
LINE
8
BLACK
6
CONTINUOUS
10
0.9084832283464567
20
0.5217084645669291
11
0.9083238976377953
21
0.5215702362204724
0
LINE
8
BLACK
6
CONTINUOUS
10
0.9083238976377953
20
0.5215702362204724
11
0.9079726377952756
21
0.5214531889763779
0
LINE
8
BLACK
6
CONTINUOUS
10
0.9079726377952756
20
0.5214531889763779
11
0.9076415354330708
21
0.5212875984251968
0
LINE
8
BLACK
6
CONTINUOUS
10
0.9076415354330708
20
0.5212875984251968
11
0.9074311023622047
21
0.5212726771653543
0
LINE
8
BLACK
6
CONTINUOUS
10
0.9074311023622047
20
0.5212726771653543
11
0.907230905511811
21
0.521205905511811
0
LINE
8
BLACK
6
CONTINUOUS
10
0.907230905511811
20
0.521205905511811
11
0.9068616141732283
21
0.5212321653543307
0
LINE
8
BLACK
6
CONTINUOUS
10
0.9068616141732283
20
0.5212321653543307
11
0.9064923228346456
21
0.521205905511811
0
LINE
8
BLACK
6
CONTINUOUS
10
0.9064923228346456
20
0.521205905511811
11
0.9062920866141732
21
0.5212726771653543
0
LINE
8
BLACK
6
CONTINUOUS
10
0.9062920866141732
20
0.5212726771653543
11
0.9060816929133858
21
0.5212875984251968
0
LINE
8
BLACK
6
CONTINUOUS
10
0.9060816929133858
20
0.5212875984251968
11
0.9057506692913385
21
0.5214531496062992
0
LINE
8
BLACK
6
CONTINUOUS
10
0.9057506692913385
20
0.5214531496062992
11
0.9053992913385827
21
0.5215702362204724
0
LINE
8
BLACK
6
CONTINUOUS
10
0.9053992913385827
20
0.5215702362204724
11
0.9052398031496063
21
0.5217085826771654
0
LINE
8
BLACK
6
CONTINUOUS
10
0.9052398031496063
20
0.5217085826771654
11
0.9050512598425197
21
0.5218028346456692
0
LINE
8
BLACK
6
CONTINUOUS
10
0.9050512598425197
20
0.5218028346456692
11
0.904808779527559
21
0.5220824015748031
0
LINE
8
BLACK
6
CONTINUOUS
10
0.904808779527559
20
0.5220824015748031
11
0.904528937007874
21
0.5223251181102362
0
LINE
8
BLACK
6
CONTINUOUS
10
0.904528937007874
20
0.5223251181102362
11
0.9044345669291338
21
0.5225138582677166
0
LINE
8
BLACK
6
CONTINUOUS
10
0.9044345669291338
20
0.5225138582677166
11
0.9042963779527559
21
0.5226731889763779
0
LINE
8
BLACK
6
CONTINUOUS
10
0.9042963779527559
20
0.5226731889763779
11
0.9040603937007874
21
0.5232017322834646
0
LINE
8
BLACK
6
CONTINUOUS
10
0.9040603937007874
20
0.5232017322834646
11
0.8909370472440945
21
0.5625718110236221
0
LINE
8
BLACK
6
CONTINUOUS
10
0.8909370472440945
20
0.5625718110236221
11
0.8908087007874016
21
0.5631362598425197
0
LINE
8
BLACK
6
CONTINUOUS
10
0.8908087007874016
20
0.5631362598425197
11
0.8908903937007874
21
0.5642854724409448
0
LINE
8
BLACK
6
CONTINUOUS
10
0.8908903937007874
20
0.5642854724409448
11
0.8914055905511811
21
0.565315905511811
0
LINE
8
BLACK
6
CONTINUOUS
10
0.8914055905511811
20
0.565315905511811
11
0.8922759448818898
21
0.5660707874015748
0
LINE
8
BLACK
6
CONTINUOUS
10
0.8922759448818898
20
0.5660707874015748
11
0.8933689763779528
21
0.5664351181102362
0
LINE
8
BLACK
6
CONTINUOUS
10
0.8933689763779528
20
0.5664351181102362
11
0.8945181889763779
21
0.5663534251968504
0
LINE
8
BLACK
6
CONTINUOUS
10
0.8945181889763779
20
0.5663534251968504
11
0.8955486220472441
21
0.5658382283464567
0
LINE
8
BLACK
6
CONTINUOUS
10
0.8955486220472441
20
0.5658382283464567
11
0.8963035039370079
21
0.564967874015748
0
LINE
8
BLACK
6
CONTINUOUS
10
0.8963035039370079
20
0.564967874015748
11
0.8965394881889763
21
0.5644392913385826
0
LINE
8
BLACK
6
CONTINUOUS
10
0.8965394881889763
20
0.5644392913385826
11
0.9068616141732283
21
0.5334729133858268
0
LINE
8
BLACK
6
CONTINUOUS
10
0.9068616141732283
20
0.5334729133858268
11
0.9171837401574803
21
0.5644392913385826
0
LINE
8
BLACK
6
CONTINUOUS
10
0.9171837401574803
20
0.5644392913385826
11
0.9174197244094487
21
0.5649678346456692
0
LINE
8
BLACK
6
CONTINUOUS
10
0.9174197244094487
20
0.5649678346456692
11
0.9181746062992125
21
0.5658381889763779
0
LINE
8
BLACK
6
CONTINUOUS
10
0.9181746062992125
20
0.5658381889763779
11
0.9192050393700787
21
0.5663534251968504
0
LINE
8
BLACK
6
CONTINUOUS
10
0.9192050393700787
20
0.5663534251968504
11
0.920354251968504
21
0.5664351181102362
0
LINE
8
BLACK
6
CONTINUOUS
10
0.920354251968504
20
0.5664351181102362
11
0.9214472440944882
21
0.5660707874015748
0
LINE
8
BLACK
6
CONTINUOUS
10
0.7668302362204724
20
0.5420296456692913
11
0.7678946456692913
21
0.5415887401574803
0
LINE
8
BLACK
6
CONTINUOUS
10
0.7678946456692913
20
0.5415887401574803
11
0.7687092913385827
21
0.5407740944881889
0
LINE
8
BLACK
6
CONTINUOUS
10
0.7687092913385827
20
0.5407740944881889
11
0.7691501968503937
21
0.5397096850393701
0
LINE
8
BLACK
6
CONTINUOUS
10
0.7691501968503937
20
0.5397096850393701
11
0.7691501968503937
21
0.5385575590551182
0
LINE
8
BLACK
6
CONTINUOUS
10
0.7691501968503937
20
0.5385575590551182
11
0.7687092913385827
21
0.5374931496062992
0
LINE
8
BLACK
6
CONTINUOUS
10
0.7687092913385827
20
0.5374931496062992
11
0.7678946456692913
21
0.5366785039370079
0
LINE
8
BLACK
6
CONTINUOUS
10
0.7678946456692913
20
0.5366785039370079
11
0.7668302362204724
21
0.5362375984251968
0
LINE
8
BLACK
6
CONTINUOUS
10
0.7668302362204724
20
0.5362375984251968
11
0.7662541732283464
21
0.5361808661417323
0
LINE
8
BLACK
6
CONTINUOUS
10
0.7662541732283464
20
0.5361808661417323
11
0.7362579527559054
21
0.5361808661417323
0
LINE
8
BLACK
6
CONTINUOUS
10
0.7362579527559054
20
0.5361808661417323
11
0.7356818897637795
21
0.5362375984251968
0
LINE
8
BLACK
6
CONTINUOUS
10
0.7356818897637795
20
0.5362375984251968
11
0.7346174803149607
21
0.5366785039370079
0
LINE
8
BLACK
6
CONTINUOUS
10
0.7346174803149607
20
0.5366785039370079
11
0.7338028346456693
21
0.5374931496062992
0
LINE
8
BLACK
6
CONTINUOUS
10
0.7338028346456693
20
0.5374931496062992
11
0.7333619291338582
21
0.5385575590551182
0
LINE
8
BLACK
6
CONTINUOUS
10
0.7333619291338582
20
0.5385575590551182
11
0.7333619291338582
21
0.5397096850393701
0
LINE
8
BLACK
6
CONTINUOUS
10
0.7333619291338582
20
0.5397096850393701
11
0.7338028346456693
21
0.5407740944881889
0
LINE
8
BLACK
6
CONTINUOUS
10
0.7338028346456693
20
0.5407740944881889
11
0.7346174803149607
21
0.5415887401574803
0
LINE
8
BLACK
6
CONTINUOUS
10
0.7346174803149607
20
0.5415887401574803
11
0.7356818897637795
21
0.5420296456692913
0
LINE
8
BLACK
6
CONTINUOUS
10
0.7356818897637795
20
0.5420296456692913
11
0.7362579527559054
21
0.5420863779527559
0
LINE
8
BLACK
6
CONTINUOUS
10
0.7362579527559054
20
0.5420863779527559
11
0.7662541732283464
21
0.5420863779527559
0
LINE
8
BLACK
6
CONTINUOUS
10
0.7662541732283464
20
0.5420863779527559
11
0.7668302362204724
21
0.5420296456692913
0
LINE
8
BLACK
6
CONTINUOUS
10
0.7809280708661417
20
0.6776824409448818
11
0.781021811023622
21
0.6776824409448818
0
LINE
8
BLACK
6
CONTINUOUS
10
0.781021811023622
20
0.6776824409448818
11
0.7810942913385827
21
0.6776099606299213
0
LINE
8
BLACK
6
CONTINUOUS
10
0.7810942913385827
20
0.6776099606299213
11
0.7813923228346457
21
0.6774799606299212
0
LINE
8
BLACK
6
CONTINUOUS
10
0.7813923228346457
20
0.6774799606299212
11
0.8236
21
0.6481303149606299
0
LINE
8
BLACK
6
CONTINUOUS
10
0.8236
20
0.6481303149606299
11
0.8236
21
0.675863779527559
0
LINE
8
BLACK
6
CONTINUOUS
10
0.8236
20
0.675863779527559
11
0.823749842519685
21
0.6766170866141732
0
LINE
8
BLACK
6
CONTINUOUS
10
0.823749842519685
20
0.6766170866141732
11
0.8248151968503937
21
0.6776824409448818
0
LINE
8
BLACK
6
CONTINUOUS
10
0.8248151968503937
20
0.6776824409448818
11
0.826321811023622
21
0.6776824409448818
0
LINE
8
BLACK
6
CONTINUOUS
10
0.826321811023622
20
0.6776824409448818
11
0.8273871653543307
21
0.6766170866141732
0
LINE
8
BLACK
6
CONTINUOUS
10
0.8273871653543307
20
0.6766170866141732
11
0.8275370078740157
21
0.675863779527559
0
LINE
8
BLACK
6
CONTINUOUS
10
0.8275370078740157
20
0.675863779527559
11
0.8275370078740157
21
0.6463322834645669
0
LINE
8
BLACK
6
CONTINUOUS
10
0.8275370078740157
20
0.6463322834645669
11
0.8610685039370078
21
0.6463322834645669
0
LINE
8
BLACK
6
CONTINUOUS
10
0.8610685039370078
20
0.6463322834645669
11
0.861821811023622
21
0.6461824409448819
0
LINE
8
BLACK
6
CONTINUOUS
10
0.861821811023622
20
0.6461824409448819
11
0.8628871653543307
21
0.6451170866141732
0
LINE
8
BLACK
6
CONTINUOUS
10
0.8628871653543307
20
0.6451170866141732
11
0.8628871653543307
21
0.6436104724409448
0
LINE
8
BLACK
6
CONTINUOUS
10
0.8628871653543307
20
0.6436104724409448
11
0.861821811023622
21
0.6425451181102362
0
LINE
8
BLACK
6
CONTINUOUS
10
0.861821811023622
20
0.6425451181102362
11
0.8610685039370078
21
0.6423952755905512
0
LINE
8
BLACK
6
CONTINUOUS
10
0.8610685039370078
20
0.6423952755905512
11
0.8275370078740157
21
0.6423952755905512
0
LINE
8
BLACK
6
CONTINUOUS
10
0.8275370078740157
20
0.6423952755905512
11
0.8275370078740157
21
0.612863779527559
0
LINE
8
BLACK
6
CONTINUOUS
10
0.8275370078740157
20
0.612863779527559
11
0.8273871653543307
21
0.6121104724409449
0
LINE
8
BLACK
6
CONTINUOUS
10
0.8273871653543307
20
0.6121104724409449
11
0.826321811023622
21
0.6110451181102362
0
LINE
8
BLACK
6
CONTINUOUS
10
0.826321811023622
20
0.6110451181102362
11
0.8248151968503937
21
0.6110451181102362
0
LINE
8
BLACK
6
CONTINUOUS
10
0.8248151968503937
20
0.6110451181102362
11
0.823749842519685
21
0.6121104724409449
0
LINE
8
BLACK
6
CONTINUOUS
10
0.823749842519685
20
0.6121104724409449
11
0.8236
21
0.612863779527559
0
LINE
8
BLACK
6
CONTINUOUS
10
0.8236
20
0.612863779527559
11
0.8236
21
0.6407327559055118
0
LINE
8
BLACK
6
CONTINUOUS
10
0.8236
20
0.6407327559055118
11
0.7813427165354331
21
0.6132142125984252
0
LINE
8
BLACK
6
CONTINUOUS
10
0.7813427165354331
20
0.6132142125984252
11
0.7810894881889764
21
0.6131128346456692
0
LINE
8
BLACK
6
CONTINUOUS
10
0.7810894881889764
20
0.6131128346456692
11
0.781021811023622
21
0.6130451181102362
0
LINE
8
BLACK
6
CONTINUOUS
10
0.781021811023622
20
0.6130451181102362
11
0.7809204330708661
21
0.6130451181102362
0
LINE
8
BLACK
6
CONTINUOUS
10
0.7809204330708661
20
0.6130451181102362
11
0.78062968503937
21
0.6129287007874016
0
LINE
8
BLACK
6
CONTINUOUS
10
0.78062968503937
20
0.6129287007874016
11
0.7800785433070866
21
0.6130451181102362
0
LINE
8
BLACK
6
CONTINUOUS
10
0.7800785433070866
20
0.6130451181102362
11
0.7795151968503937
21
0.6130451181102362
0
LINE
8
BLACK
6
CONTINUOUS
10
0.7795151968503937
20
0.6130451181102362
11
0.7793642913385826
21
0.6131960236220473
0
LINE
8
BLACK
6
CONTINUOUS
10
0.7793642913385826
20
0.6131960236220473
11
0.7791555905511811
21
0.6132400787401575
0
LINE
8
BLACK
6
CONTINUOUS
10
0.7791555905511811
20
0.6132400787401575
11
0.7788481496062992
21
0.6137121653543307
0
LINE
8
BLACK
6
CONTINUOUS
10
0.7788481496062992
20
0.6137121653543307
11
0.7784498425196851
21
0.6141104724409449
0
LINE
8
BLACK
6
CONTINUOUS
10
0.7784498425196851
20
0.6141104724409449
11
0.7783887007874015
21
0.6144176771653543
0
LINE
8
BLACK
6
CONTINUOUS
10
0.7783887007874015
20
0.6144176771653543
11
0.7783334251968503
21
0.6145025984251968
0
LINE
8
BLACK
6
CONTINUOUS
10
0.7783334251968503
20
0.6145025984251968
11
0.778353188976378
21
0.6145962992125984
0
LINE
8
BLACK
6
CONTINUOUS
10
0.778353188976378
20
0.6145962992125984
11
0.7783
21
0.614863779527559
0
LINE
8
BLACK
6
CONTINUOUS
10
0.7783
20
0.614863779527559
11
0.7783
21
0.6423952755905512
0
LINE
8
BLACK
6
CONTINUOUS
10
0.7783
20
0.6423952755905512
11
0.7409685039370079
21
0.6423952755905512
0
LINE
8
BLACK
6
CONTINUOUS
10
0.7409685039370079
20
0.6423952755905512
11
0.7402151968503937
21
0.6425451181102362
0
LINE
8
BLACK
6
CONTINUOUS
10
0.7402151968503937
20
0.6425451181102362
11
0.7391498425196851
21
0.6436104724409448
0
LINE
8
BLACK
6
CONTINUOUS
10
0.7391498425196851
20
0.6436104724409448
11
0.7391498425196851
21
0.6451170866141732
0
LINE
8
BLACK
6
CONTINUOUS
10
0.7391498425196851
20
0.6451170866141732
11
0.7402151968503937
21
0.6461824409448819
0
LINE
8
BLACK
6
CONTINUOUS
10
0.7402151968503937
20
0.6461824409448819
11
0.7409685039370079
21
0.6463322834645669
0
LINE
8
BLACK
6
CONTINUOUS
10
0.7409685039370079
20
0.6463322834645669
11
0.7783
21
0.6463322834645669
0
LINE
8
BLACK
6
CONTINUOUS
10
0.7783
20
0.6463322834645669
11
0.7783
21
0.675863779527559
0
LINE
8
BLACK
6
CONTINUOUS
10
0.7783
20
0.675863779527559
11
0.7783633858267717
21
0.6761826377952755
0
LINE
8
BLACK
6
CONTINUOUS
10
0.7783633858267717
20
0.6761826377952755
11
0.7783452755905511
21
0.6762835826771654
0
LINE
8
BLACK
6
CONTINUOUS
10
0.7783452755905511
20
0.6762835826771654
11
0.7783988188976377
21
0.6763605905511811
0
LINE
8
BLACK
6
CONTINUOUS
10
0.7783988188976377
20
0.6763605905511811
11
0.7784498425196851
21
0.6766170866141732
0
LINE
8
BLACK
6
CONTINUOUS
10
0.7784498425196851
20
0.6766170866141732
11
0.778867874015748
21
0.677035157480315
0
LINE
8
BLACK
6
CONTINUOUS
10
0.778867874015748
20
0.677035157480315
11
0.7792054330708661
21
0.6775205511811023
0
LINE
8
BLACK
6
CONTINUOUS
10
0.7792054330708661
20
0.6775205511811023
11
0.7793856692913386
21
0.6775529527559055
0
LINE
8
BLACK
6
CONTINUOUS
10
0.7793856692913386
20
0.6775529527559055
11
0.7795151968503937
21
0.6776824409448818
0
LINE
8
BLACK
6
CONTINUOUS
10
0.7795151968503937
20
0.6776824409448818
11
0.7801063779527558
21
0.6776824409448818
0
LINE
8
BLACK
6
CONTINUOUS
10
0.7801063779527558
20
0.6776824409448818
11
0.7806883070866142
21
0.6777870078740157
0
LINE
8
BLACK
6
CONTINUOUS
10
0.7806883070866142
20
0.6777870078740157
11
0.7809280708661417
21
0.6776824409448818
0
LINE
8
BLACK
6
CONTINUOUS
10
0.7822370078740157
20
0.618494842519685
11
0.8220434251968504
21
0.6444173622047243
0
LINE
8
BLACK
6
CONTINUOUS
10
0.8220434251968504
20
0.6444173622047243
11
0.7822370078740157
21
0.6720973228346456
0
LINE
8
BLACK
6
CONTINUOUS
10
0.7822370078740157
20
0.6720973228346456
11
0.7822370078740157
21
0.618494842519685
0
LINE
8
BLACK
6
CONTINUOUS
10
0.8913044881889763
20
0.705277716535433
11
0.892369842519685
21
0.7042123622047244
0
LINE
8
BLACK
6
CONTINUOUS
10
0.892369842519685
20
0.7042123622047244
11
0.8925196850393701
21
0.7034590551181102
0
LINE
8
BLACK
6
CONTINUOUS
10
0.8925196850393701
20
0.7034590551181102
11
0.8925196850393701
21
0.5853488188976378
0
LINE
8
BLACK
6
CONTINUOUS
10
0.8925196850393701
20
0.5853488188976378
11
0.892369842519685
21
0.5845955118110236
0
LINE
8
BLACK
6
CONTINUOUS
10
0.892369842519685
20
0.5845955118110236
11
0.8913044881889763
21
0.5835301574803149
0
LINE
8
BLACK
6
CONTINUOUS
10
0.8913044881889763
20
0.5835301574803149
11
0.8905511811023622
21
0.5833803149606299
0
LINE
8
BLACK
6
CONTINUOUS
10
0.8905511811023622
20
0.5833803149606299
11
0.7094488188976378
21
0.5833803149606299
0
LINE
8
BLACK
6
CONTINUOUS
10
0.7094488188976378
20
0.5833803149606299
11
0.7086955118110236
21
0.5835301574803149
0
LINE
8
BLACK
6
CONTINUOUS
10
0.7086955118110236
20
0.5835301574803149
11
0.707630157480315
21
0.5845955118110236
0
LINE
8
BLACK
6
CONTINUOUS
10
0.707630157480315
20
0.5845955118110236
11
0.7074803149606299
21
0.5853488188976378
0
LINE
8
BLACK
6
CONTINUOUS
10
0.7074803149606299
20
0.5853488188976378
11
0.7074803149606299
21
0.7034590551181102
0
LINE
8
BLACK
6
CONTINUOUS
10
0.7074803149606299
20
0.7034590551181102
11
0.707630157480315
21
0.7042123622047244
0
LINE
8
BLACK
6
CONTINUOUS
10
0.707630157480315
20
0.7042123622047244
11
0.7086955118110236
21
0.705277716535433
0
LINE
8
BLACK
6
CONTINUOUS
10
0.7086955118110236
20
0.705277716535433
11
0.7094488188976378
21
0.7054275590551181
0
LINE
8
BLACK
6
CONTINUOUS
10
0.7094488188976378
20
0.7054275590551181
11
0.8905511811023622
21
0.7054275590551181
0
LINE
8
BLACK
6
CONTINUOUS
10
0.8905511811023622
20
0.7054275590551181
11
0.8913044881889763
21
0.705277716535433
0
LINE
8
BLACK
6
CONTINUOUS
10
0.7114173228346456
20
0.7014905511811024
11
0.7114173228346456
21
0.5873173228346457
0
LINE
8
BLACK
6
CONTINUOUS
10
0.7114173228346456
20
0.5873173228346457
11
0.8885826771653543
21
0.5873173228346457
0
LINE
8
BLACK
6
CONTINUOUS
10
0.8885826771653543
20
0.5873173228346457
11
0.8885826771653543
21
0.7014905511811024
0
LINE
8
BLACK
6
CONTINUOUS
10
0.8885826771653543
20
0.7014905511811024
11
0.7114173228346456
21
0.7014905511811024
0
LINE
8
BLACK
6
CONTINUOUS
10
0.7806016929133858
20
0.7671889763779527
11
0.7808909842519685
21
0.7671889763779527
0
LINE
8
BLACK
6
CONTINUOUS
10
0.7808909842519685
20
0.7671889763779527
11
0.781161062992126
21
0.7670771259842519
0
LINE
8
BLACK
6
CONTINUOUS
10
0.781161062992126
20
0.7670771259842519
11
0.7814477165354331
21
0.7670197637795275
0
LINE
8
BLACK
6
CONTINUOUS
10
0.7814477165354331
20
0.7670197637795275
11
0.7816880708661417
21
0.7668588188976377
0
LINE
8
BLACK
6
CONTINUOUS
10
0.7816880708661417
20
0.7668588188976377
11
0.7819553937007874
21
0.7667480708661417
0
LINE
8
BLACK
6
CONTINUOUS
10
0.7819553937007874
20
0.7667480708661417
11
0.7821620866141732
21
0.7665413779527559
0
LINE
8
BLACK
6
CONTINUOUS
10
0.7821620866141732
20
0.7665413779527559
11
0.782405
21
0.7663787007874016
0
LINE
8
BLACK
6
CONTINUOUS
10
0.782405
20
0.7663787007874016
11
0.7827679921259842
21
0.7659354724409448
0
LINE
8
BLACK
6
CONTINUOUS
10
0.7827679921259842
20
0.7659354724409448
11
0.7827700393700787
21
0.7659334251968504
0
LINE
8
BLACK
6
CONTINUOUS
10
0.7827700393700787
20
0.7659334251968504
11
0.7827703937007874
21
0.7659325590551181
0
LINE
8
BLACK
6
CONTINUOUS
10
0.7827703937007874
20
0.7659325590551181
11
0.7827717716535433
21
0.7659308661417322
0
LINE
8
BLACK
6
CONTINUOUS
10
0.7827717716535433
20
0.7659308661417322
11
0.786359094488189
21
0.760549842519685
0
LINE
8
BLACK
6
CONTINUOUS
10
0.786359094488189
20
0.760549842519685
11
0.7895630708661417
21
0.7573458661417323
0
LINE
8
BLACK
6
CONTINUOUS
10
0.7895630708661417
20
0.7573458661417323
11
0.7928840157480315
21
0.7556853937007874
0
LINE
8
BLACK
6
CONTINUOUS
10
0.7928840157480315
20
0.7556853937007874
11
0.7933738976377953
21
0.7553770472440945
0
LINE
8
BLACK
6
CONTINUOUS
10
0.7933738976377953
20
0.7553770472440945
11
0.7941287401574803
21
0.754506653543307
0
LINE
8
BLACK
6
CONTINUOUS
10
0.7941287401574803
20
0.754506653543307
11
0.7944930708661417
21
0.7534137007874016
0
LINE
8
BLACK
6
CONTINUOUS
10
0.7944930708661417
20
0.7534137007874016
11
0.7944114173228346
21
0.7522644881889764
0
LINE
8
BLACK
6
CONTINUOUS
10
0.7944114173228346
20
0.7522644881889764
11
0.7938961417322834
21
0.7512339763779528
0
LINE
8
BLACK
6
CONTINUOUS
10
0.7938961417322834
20
0.7512339763779528
11
0.7930257874015748
21
0.7504791338582677
0
LINE
8
BLACK
6
CONTINUOUS
10
0.7930257874015748
20
0.7504791338582677
11
0.7919327952755906
21
0.7501148031496063
0
LINE
8
BLACK
6
CONTINUOUS
10
0.7919327952755906
20
0.7501148031496063
11
0.7907835826771653
21
0.7501964566929133
0
LINE
8
BLACK
6
CONTINUOUS
10
0.7907835826771653
20
0.7501964566929133
11
0.7902429921259843
21
0.7504033464566929
0
LINE
8
BLACK
6
CONTINUOUS
10
0.7902429921259843
20
0.7504033464566929
11
0.7864934645669291
21
0.7522781102362205
0
LINE
8
BLACK
6
CONTINUOUS
10
0.7864934645669291
20
0.7522781102362205
11
0.7862456299212598
21
0.7524341338582677
0
LINE
8
BLACK
6
CONTINUOUS
10
0.7862456299212598
20
0.7524341338582677
11
0.7861735039370079
21
0.7524639763779527
0
LINE
8
BLACK
6
CONTINUOUS
10
0.7861735039370079
20
0.7524639763779527
11
0.7860923228346457
21
0.7525305905511811
0
LINE
8
BLACK
6
CONTINUOUS
10
0.7860923228346457
20
0.7525305905511811
11
0.7860035826771653
21
0.7525864566929134
0
LINE
8
BLACK
6
CONTINUOUS
10
0.7860035826771653
20
0.7525864566929134
11
0.7859524409448819
21
0.7526453937007874
0
LINE
8
BLACK
6
CONTINUOUS
10
0.7859524409448819
20
0.7526453937007874
11
0.785726062992126
21
0.7528312204724409
0
LINE
8
BLACK
6
CONTINUOUS
10
0.785726062992126
20
0.7528312204724409
11
0.7832676771653543
21
0.7552896062992126
0
LINE
8
BLACK
6
CONTINUOUS
10
0.7832676771653543
20
0.7552896062992126
11
0.7832676771653543
21
0.7278756299212599
0
LINE
8
BLACK
6
CONTINUOUS
10
0.7832676771653543
20
0.7278756299212599
11
0.7915635039370078
21
0.7278756299212599
0
LINE
8
BLACK
6
CONTINUOUS
10
0.7915635039370078
20
0.7278756299212599
11
0.7921395669291338
21
0.7278188976377953
0
LINE
8
BLACK
6
CONTINUOUS
10
0.7921395669291338
20
0.7278188976377953
11
0.7932039763779527
21
0.7273779921259842
0
LINE
8
BLACK
6
CONTINUOUS
10
0.7932039763779527
20
0.7273779921259842
11
0.794018622047244
21
0.7265633464566928
0
LINE
8
BLACK
6
CONTINUOUS
10
0.794018622047244
20
0.7265633464566928
11
0.7944595275590551
21
0.725498937007874
0
LINE
8
BLACK
6
CONTINUOUS
10
0.7944595275590551
20
0.725498937007874
11
0.7944595275590551
21
0.7243468110236221
0
LINE
8
BLACK
6
CONTINUOUS
10
0.7944595275590551
20
0.7243468110236221
11
0.794018622047244
21
0.7232824015748032
0
LINE
8
BLACK
6
CONTINUOUS
10
0.794018622047244
20
0.7232824015748032
11
0.7932039763779527
21
0.7224677559055118
0
LINE
8
BLACK
6
CONTINUOUS
10
0.7932039763779527
20
0.7224677559055118
11
0.7921395669291338
21
0.7220268503937007
0
LINE
8
BLACK
6
CONTINUOUS
10
0.7921395669291338
20
0.7220268503937007
11
0.7915635039370078
21
0.7219701181102363
0
LINE
8
BLACK
6
CONTINUOUS
10
0.7915635039370078
20
0.7219701181102363
11
0.7690663385826771
21
0.7219701181102363
0
LINE
8
BLACK
6
CONTINUOUS
10
0.7690663385826771
20
0.7219701181102363
11
0.7684902755905512
21
0.7220268503937007
0
LINE
8
BLACK
6
CONTINUOUS
10
0.7684902755905512
20
0.7220268503937007
11
0.7674258661417322
21
0.7224677559055118
0
LINE
8
BLACK
6
CONTINUOUS
10
0.7674258661417322
20
0.7224677559055118
11
0.7666112204724409
21
0.7232824015748032
0
LINE
8
BLACK
6
CONTINUOUS
10
0.7666112204724409
20
0.7232824015748032
11
0.7661703149606299
21
0.7243468110236221
0
LINE
8
BLACK
6
CONTINUOUS
10
0.7661703149606299
20
0.7243468110236221
11
0.7661703149606299
21
0.725498937007874
0
LINE
8
BLACK
6
CONTINUOUS
10
0.7661703149606299
20
0.725498937007874
11
0.7666112204724409
21
0.7265633464566928
0
LINE
8
BLACK
6
CONTINUOUS
10
0.7666112204724409
20
0.7265633464566928
11
0.7674258661417322
21
0.7273779921259842
0
LINE
8
BLACK
6
CONTINUOUS
10
0.7674258661417322
20
0.7273779921259842
11
0.7684902755905512
21
0.7278188976377953
0
LINE
8
BLACK
6
CONTINUOUS
10
0.7684902755905512
20
0.7278188976377953
11
0.7690663385826771
21
0.7278756299212599
0
LINE
8
BLACK
6
CONTINUOUS
10
0.7690663385826771
20
0.7278756299212599
11
0.7773621653543307
21
0.7278756299212599
0
LINE
8
BLACK
6
CONTINUOUS
10
0.7773621653543307
20
0.7278756299212599
11
0.7773621653543307
21
0.7642929527559055
0
LINE
8
BLACK
6
CONTINUOUS
10
0.7773621653543307
20
0.7642929527559055
11
0.7773623622047244
21
0.7642950393700787
0
LINE
8
BLACK
6
CONTINUOUS
10
0.7773623622047244
20
0.7642950393700787
11
0.7773621653543307
21
0.7642960629921259
0
LINE
8
BLACK
6
CONTINUOUS
10
0.7773621653543307
20
0.7642960629921259
11
0.7773627559055118
21
0.764299094488189
0
LINE
8
BLACK
6
CONTINUOUS
10
0.7773627559055118
20
0.764299094488189
11
0.7774188976377953
21
0.7648690157480315
0
LINE
8
BLACK
6
CONTINUOUS
10
0.7774188976377953
20
0.7648690157480315
11
0.777530748031496
21
0.7651391338582677
0
LINE
8
BLACK
6
CONTINUOUS
10
0.777530748031496
20
0.7651391338582677
11
0.7775881102362204
21
0.7654257480314961
0
LINE
8
BLACK
6
CONTINUOUS
10
0.7775881102362204
20
0.7654257480314961
11
0.7777490551181102
21
0.7656661417322834
0
LINE
8
BLACK
6
CONTINUOUS
10
0.7777490551181102
20
0.7656661417322834
11
0.7778598031496062
21
0.7659334251968504
0
LINE
8
BLACK
6
CONTINUOUS
10
0.7778598031496062
20
0.7659334251968504
11
0.7780664960629922
21
0.7661401574803149
0
LINE
8
BLACK
6
CONTINUOUS
10
0.7780664960629922
20
0.7661401574803149
11
0.7782291732283464
21
0.766383031496063
0
LINE
8
BLACK
6
CONTINUOUS
10
0.7782291732283464
20
0.766383031496063
11
0.7784698818897637
21
0.7665435433070866
0
LINE
8
BLACK
6
CONTINUOUS
10
0.7784698818897637
20
0.7665435433070866
11
0.7786744488188976
21
0.7667480708661417
0
LINE
8
BLACK
6
CONTINUOUS
10
0.7786744488188976
20
0.7667480708661417
11
0.7789445275590551
21
0.7668599606299212
0
LINE
8
BLACK
6
CONTINUOUS
10
0.7789445275590551
20
0.7668599606299212
11
0.7791877952755906
21
0.7670221259842519
0
LINE
8
BLACK
6
CONTINUOUS
10
0.7791877952755906
20
0.7670221259842519
11
0.7794715748031495
21
0.7670782677165354
0
LINE
8
BLACK
6
CONTINUOUS
10
0.7794715748031495
20
0.7670782677165354
11
0.7797388582677165
21
0.7671889763779527
0
LINE
8
BLACK
6
CONTINUOUS
10
0.7797388582677165
20
0.7671889763779527
11
0.7800312598425196
21
0.7671889763779527
0
LINE
8
BLACK
6
CONTINUOUS
10
0.7800312598425196
20
0.7671889763779527
11
0.7803180314960629
21
0.7672457086614173
0
LINE
8
BLACK
6
CONTINUOUS
10
0.7803180314960629
20
0.7672457086614173
11
0.7806016929133858
21
0.7671889763779527
0
LINE
8
BLACK
6
CONTINUOUS
10
0.8296348818897638
20
0.7671889763779527
11
0.8306992913385827
21
0.7667480708661417
0
LINE
8
BLACK
6
CONTINUOUS
10
0.8306992913385827
20
0.7667480708661417
11
0.831513937007874
21
0.7659334251968504
0
LINE
8
BLACK
6
CONTINUOUS
10
0.831513937007874
20
0.7659334251968504
11
0.831954842519685
21
0.7648690157480315
0
LINE
8
BLACK
6
CONTINUOUS
10
0.831954842519685
20
0.7648690157480315
11
0.8320115748031496
21
0.7642929527559055
0
LINE
8
BLACK
6
CONTINUOUS
10
0.8320115748031496
20
0.7642929527559055
11
0.8320115748031496
21
0.7249228740157481
0
LINE
8
BLACK
6
CONTINUOUS
10
0.8320115748031496
20
0.7249228740157481
11
0.831954842519685
21
0.7243468110236221
0
LINE
8
BLACK
6
CONTINUOUS
10
0.831954842519685
20
0.7243468110236221
11
0.831513937007874
21
0.7232824015748032
0
LINE
8
BLACK
6
CONTINUOUS
10
0.831513937007874
20
0.7232824015748032
11
0.8306992913385827
21
0.7224677559055118
0
LINE
8
BLACK
6
CONTINUOUS
10
0.8306992913385827
20
0.7224677559055118
11
0.8296348818897638
21
0.7220268503937007
0
LINE
8
BLACK
6
CONTINUOUS
10
0.8296348818897638
20
0.7220268503937007
11
0.8290588188976378
21
0.7219701181102363
0
LINE
8
BLACK
6
CONTINUOUS
10
0.8290588188976378
20
0.7219701181102363
11
0.819685
21
0.7219701181102363
0
LINE
8
BLACK
6
CONTINUOUS
10
0.819685
20
0.7219701181102363
11
0.8193933858267717
21
0.7219988582677165
0
LINE
8
BLACK
6
CONTINUOUS
10
0.8193933858267717
20
0.7219988582677165
11
0.8193156692913386
21
0.7219933070866141
0
LINE
8
BLACK
6
CONTINUOUS
10
0.8193156692913386
20
0.7219933070866141
11
0.8192133858267716
21
0.7220165748031496
0
LINE
8
BLACK
6
CONTINUOUS
10
0.8192133858267716
20
0.7220165748031496
11
0.819108937007874
21
0.7220268503937007
0
LINE
8
BLACK
6
CONTINUOUS
10
0.819108937007874
20
0.7220268503937007
11
0.8190368503937008
21
0.7220567322834646
0
LINE
8
BLACK
6
CONTINUOUS
10
0.8190368503937008
20
0.7220567322834646
11
0.818751220472441
21
0.722121653543307
0
LINE
8
BLACK
6
CONTINUOUS
10
0.818751220472441
20
0.722121653543307
11
0.813126968503937
21
0.7239964173228346
0
LINE
8
BLACK
6
CONTINUOUS
10
0.813126968503937
20
0.7239964173228346
11
0.8125983858267717
21
0.7242324015748032
0
LINE
8
BLACK
6
CONTINUOUS
10
0.8125983858267717
20
0.7242324015748032
11
0.8125182677165355
21
0.7243018897637795
0
LINE
8
BLACK
6
CONTINUOUS
10
0.8125182677165355
20
0.7243018897637795
11
0.8124202362204724
21
0.7243424803149606
0
LINE
8
BLACK
6
CONTINUOUS
10
0.8124202362204724
20
0.7243424803149606
11
0.8119727952755905
21
0.7247097244094488
0
LINE
8
BLACK
6
CONTINUOUS
10
0.8119727952755905
20
0.7247097244094488
11
0.8082232677165354
21
0.7284592913385827
0
LINE
8
BLACK
6
CONTINUOUS
10
0.8082232677165354
20
0.7284592913385827
11
0.8080374803149606
21
0.7286856692913386
0
LINE
8
BLACK
6
CONTINUOUS
10
0.8080374803149606
20
0.7286856692913386
11
0.8079785039370079
21
0.728736811023622
0
LINE
8
BLACK
6
CONTINUOUS
10
0.8079785039370079
20
0.728736811023622
11
0.8079225196850394
21
0.728825748031496
0
LINE
8
BLACK
6
CONTINUOUS
10
0.8079225196850394
20
0.728825748031496
11
0.8078560236220472
21
0.7289067716535433
0
LINE
8
BLACK
6
CONTINUOUS
10
0.8078560236220472
20
0.7289067716535433
11
0.8078261811023622
21
0.7289788188976378
0
LINE
8
BLACK
6
CONTINUOUS
10
0.8078261811023622
20
0.7289788188976378
11
0.8076701574803149
21
0.7292266929133858
0
LINE
8
BLACK
6
CONTINUOUS
10
0.8076701574803149
20
0.7292266929133858
11
0.8057953937007873
21
0.7329762204724409
0
LINE
8
BLACK
6
CONTINUOUS
10
0.8057953937007873
20
0.7329762204724409
11
0.805779251968504
21
0.7330183464566929
0
LINE
8
BLACK
6
CONTINUOUS
10
0.805779251968504
20
0.7330183464566929
11
0.8057665748031496
21
0.7330354724409449
0
LINE
8
BLACK
6
CONTINUOUS
10
0.8057665748031496
20
0.7330354724409449
11
0.8056801181102362
21
0.7332774409448819
0
LINE
8
BLACK
6
CONTINUOUS
10
0.8056801181102362
20
0.7332774409448819
11
0.8055885039370079
21
0.7335168503937007
0
LINE
8
BLACK
6
CONTINUOUS
10
0.8055885039370079
20
0.7335168503937007
11
0.805586968503937
21
0.7335381102362205
0
LINE
8
BLACK
6
CONTINUOUS
10
0.805586968503937
20
0.7335381102362205
11
0.8055718110236221
21
0.7335805905511811
0
LINE
8
BLACK
6
CONTINUOUS
10
0.8055718110236221
20
0.7335805905511811
11
0.8036970472440945
21
0.7410796456692913
0
LINE
8
BLACK
6
CONTINUOUS
10
0.8036970472440945
20
0.7410796456692913
11
0.8036822440944882
21
0.7411795275590551
0
LINE
8
BLACK
6
CONTINUOUS
10
0.8036822440944882
20
0.7411795275590551
11
0.8036656299212598
21
0.7412197244094488
0
LINE
8
BLACK
6
CONTINUOUS
10
0.8036656299212598
20
0.7412197244094488
11
0.8036442519685039
21
0.7414367716535433
0
LINE
8
BLACK
6
CONTINUOUS
10
0.8036442519685039
20
0.7414367716535433
11
0.8036124015748032
21
0.7416522440944882
0
LINE
8
BLACK
6
CONTINUOUS
10
0.8036124015748032
20
0.7416522440944882
11
0.803618779527559
21
0.7416952755905512
0
LINE
8
BLACK
6
CONTINUOUS
10
0.803618779527559
20
0.7416952755905512
11
0.8036088976377953
21
0.7417957874015748
0
LINE
8
BLACK
6
CONTINUOUS
10
0.8036088976377953
20
0.7417957874015748
11
0.8036088976377953
21
0.7474200787401575
0
LINE
8
BLACK
6
CONTINUOUS
10
0.8036088976377953
20
0.7474200787401575
11
0.803618779527559
21
0.7475206299212598
0
LINE
8
BLACK
6
CONTINUOUS
10
0.803618779527559
20
0.7475206299212598
11
0.8036124015748032
21
0.747563622047244
0
LINE
8
BLACK
6
CONTINUOUS
10
0.8036124015748032
20
0.747563622047244
11
0.8036442519685039
21
0.7477791338582677
0
LINE
8
BLACK
6
CONTINUOUS
10
0.8036442519685039
20
0.7477791338582677
11
0.8036656299212598
21
0.7479961417322835
0
LINE
8
BLACK
6
CONTINUOUS
10
0.8036656299212598
20
0.7479961417322835
11
0.8036822440944882
21
0.7480363779527559
0
LINE
8
BLACK
6
CONTINUOUS
10
0.8036822440944882
20
0.7480363779527559
11
0.8036970472440945
21
0.7481362204724409
0
LINE
8
BLACK
6
CONTINUOUS
10
0.8036970472440945
20
0.7481362204724409
11
0.8055718110236221
21
0.7556352755905512
0
LINE
8
BLACK
6
CONTINUOUS
10
0.8055718110236221
20
0.7556352755905512
11
0.805586968503937
21
0.7556777952755905
0
LINE
8
BLACK
6
CONTINUOUS
10
0.805586968503937
20
0.7556777952755905
11
0.8055885039370079
21
0.7556990157480314
0
LINE
8
BLACK
6
CONTINUOUS
10
0.8055885039370079
20
0.7556990157480314
11
0.8056805118110236
21
0.7559394881889764
0
LINE
8
BLACK
6
CONTINUOUS
10
0.8056805118110236
20
0.7559394881889764
11
0.8057665748031496
21
0.7561803937007874
0
LINE
8
BLACK
6
CONTINUOUS
10
0.8057665748031496
20
0.7561803937007874
11
0.805779251968504
21
0.7561975590551181
0
LINE
8
BLACK
6
CONTINUOUS
10
0.805779251968504
20
0.7561975590551181
11
0.8057953937007873
21
0.7562396456692914
0
LINE
8
BLACK
6
CONTINUOUS
10
0.8057953937007873
20
0.7562396456692914
11
0.8076701574803149
21
0.7599891732283465
0
LINE
8
BLACK
6
CONTINUOUS
10
0.8076701574803149
20
0.7599891732283465
11
0.8078262204724409
21
0.7602372047244095
0
LINE
8
BLACK
6
CONTINUOUS
10
0.8078262204724409
20
0.7602372047244095
11
0.807856062992126
21
0.7603091338582677
0
LINE
8
BLACK
6
CONTINUOUS
10
0.807856062992126
20
0.7603091338582677
11
0.8079225196850394
21
0.7603901181102362
0
LINE
8
BLACK
6
CONTINUOUS
10
0.8079225196850394
20
0.7603901181102362
11
0.8079785039370079
21
0.7604790551181102
0
LINE
8
BLACK
6
CONTINUOUS
10
0.8079785039370079
20
0.7604790551181102
11
0.8080374803149606
21
0.7605302362204724
0
LINE
8
BLACK
6
CONTINUOUS
10
0.8080374803149606
20
0.7605302362204724
11
0.8082232677165354
21
0.7607565748031496
0
LINE
8
BLACK
6
CONTINUOUS
10
0.8082232677165354
20
0.7607565748031496
11
0.8119727952755905
21
0.7645061023622047
0
LINE
8
BLACK
6
CONTINUOUS
10
0.8119727952755905
20
0.7645061023622047
11
0.8124202362204724
21
0.7648733464566929
0
LINE
8
BLACK
6
CONTINUOUS
10
0.8124202362204724
20
0.7648733464566929
11
0.8125182677165355
21
0.7649139763779528
0
LINE
8
BLACK
6
CONTINUOUS
10
0.8125182677165355
20
0.7649139763779528
11
0.8125983858267717
21
0.7649834251968504
0
LINE
8
BLACK
6
CONTINUOUS
10
0.8125983858267717
20
0.7649834251968504
11
0.813126968503937
21
0.7652194094488188
0
LINE
8
BLACK
6
CONTINUOUS
10
0.813126968503937
20
0.7652194094488188
11
0.818751220472441
21
0.7670941732283464
0
LINE
8
BLACK
6
CONTINUOUS
10
0.818751220472441
20
0.7670941732283464
11
0.8190368503937008
21
0.7671591338582677
0
LINE
8
BLACK
6
CONTINUOUS
10
0.8190368503937008
20
0.7671591338582677
11
0.819108937007874
21
0.7671889763779527
0
LINE
8
BLACK
6
CONTINUOUS
10
0.819108937007874
20
0.7671889763779527
11
0.8192133858267716
21
0.7671992913385827
0
LINE
8
BLACK
6
CONTINUOUS
10
0.8192133858267716
20
0.7671992913385827
11
0.8193156692913386
21
0.7672225196850394
0
LINE
8
BLACK
6
CONTINUOUS
10
0.8193156692913386
20
0.7672225196850394
11
0.8193933858267717
21
0.7672170078740157
0
LINE
8
BLACK
6
CONTINUOUS
10
0.8193933858267717
20
0.7672170078740157
11
0.819685
21
0.7672457086614173
0
LINE
8
BLACK
6
CONTINUOUS
10
0.819685
20
0.7672457086614173
11
0.8290588188976378
21
0.7672457086614173
0
LINE
8
BLACK
6
CONTINUOUS
10
0.8290588188976378
20
0.7672457086614173
11
0.8296348818897638
21
0.7671889763779527
0
LINE
8
BLACK
6
CONTINUOUS
10
0.8156557480314961
20
0.7598374015748032
11
0.8127379133858268
21
0.7569195669291339
0
LINE
8
BLACK
6
CONTINUOUS
10
0.8127379133858268
20
0.7569195669291339
11
0.8112224015748031
21
0.7538885826771653
0
LINE
8
BLACK
6
CONTINUOUS
10
0.8112224015748031
20
0.7538885826771653
11
0.8095144094488189
21
0.7470565354330708
0
LINE
8
BLACK
6
CONTINUOUS
10
0.8095144094488189
20
0.7470565354330708
11
0.8095144094488189
21
0.7421593307086614
0
LINE
8
BLACK
6
CONTINUOUS
10
0.8095144094488189
20
0.7421593307086614
11
0.8112224015748031
21
0.7353272834645669
0
LINE
8
BLACK
6
CONTINUOUS
10
0.8112224015748031
20
0.7353272834645669
11
0.8127379133858268
21
0.7322962992125984
0
LINE
8
BLACK
6
CONTINUOUS
10
0.8127379133858268
20
0.7322962992125984
11
0.8156557480314961
21
0.7293784251968504
0
LINE
8
BLACK
6
CONTINUOUS
10
0.8156557480314961
20
0.7293784251968504
11
0.8201641338582677
21
0.7278756299212599
0
LINE
8
BLACK
6
CONTINUOUS
10
0.8201641338582677
20
0.7278756299212599
11
0.826106062992126
21
0.7278756299212599
0
LINE
8
BLACK
6
CONTINUOUS
10
0.826106062992126
20
0.7278756299212599
11
0.826106062992126
21
0.7613401968503937
0
LINE
8
BLACK
6
CONTINUOUS
10
0.826106062992126
20
0.7613401968503937
11
0.8201641338582677
21
0.7613401968503937
0
LINE
8
BLACK
6
CONTINUOUS
10
0.8201641338582677
20
0.7613401968503937
11
0.8156557480314961
21
0.7598374015748032
0
LINE
8
BLACK
6
CONTINUOUS
10
0.3996386614173228
20
0.9759346456692913
11
0.3997366535433071
21
0.9758940551181102
0
LINE
8
BLACK
6
CONTINUOUS
10
0.3997366535433071
20
0.9758940551181102
11
0.3998424803149606
21
0.9758865354330708
0
LINE
8
BLACK
6
CONTINUOUS
10
0.3998424803149606
20
0.9758865354330708
11
0.4003831102362205
21
0.9756796456692913
0
LINE
8
BLACK
6
CONTINUOUS
10
0.4003831102362205
20
0.9756796456692913
11
0.4041326377952756
21
0.9738048818897638
0
LINE
8
BLACK
6
CONTINUOUS
10
0.4041326377952756
20
0.9738048818897638
11
0.4043806299212598
21
0.9736488188976378
0
LINE
8
BLACK
6
CONTINUOUS
10
0.4043806299212598
20
0.9736488188976378
11
0.4044525984251968
21
0.9736189763779527
0
LINE
8
BLACK
6
CONTINUOUS
10
0.4044525984251968
20
0.9736189763779527
11
0.4045335433070866
21
0.9735525196850393
0
LINE
8
BLACK
6
CONTINUOUS
10
0.4045335433070866
20
0.9735525196850393
11
0.4046225196850394
21
0.9734965354330708
0
LINE
8
BLACK
6
CONTINUOUS
10
0.4046225196850394
20
0.9734965354330708
11
0.4046736614173228
21
0.9734375590551181
0
LINE
8
BLACK
6
CONTINUOUS
10
0.4046736614173228
20
0.9734375590551181
11
0.4049000393700787
21
0.9732517716535433
0
LINE
8
BLACK
6
CONTINUOUS
10
0.4049000393700787
20
0.9732517716535433
11
0.4067748031496063
21
0.9713770078740157
0
LINE
8
BLACK
6
CONTINUOUS
10
0.4067748031496063
20
0.9713770078740157
11
0.4069605511811024
21
0.9711506692913385
0
LINE
8
BLACK
6
CONTINUOUS
10
0.4069605511811024
20
0.9711506692913385
11
0.4070195669291338
21
0.9710994881889764
0
LINE
8
BLACK
6
CONTINUOUS
10
0.4070195669291338
20
0.9710994881889764
11
0.4070755118110236
21
0.9710105511811024
0
LINE
8
BLACK
6
CONTINUOUS
10
0.4070755118110236
20
0.9710105511811024
11
0.4071420078740157
21
0.9709295669291338
0
LINE
8
BLACK
6
CONTINUOUS
10
0.4071420078740157
20
0.9709295669291338
11
0.407171811023622
21
0.9708576377952756
0
LINE
8
BLACK
6
CONTINUOUS
10
0.407171811023622
20
0.9708576377952756
11
0.4073279133858267
21
0.9706096062992126
0
LINE
8
BLACK
6
CONTINUOUS
10
0.4073279133858267
20
0.9706096062992126
11
0.4092026771653543
21
0.9668600787401574
0
LINE
8
BLACK
6
CONTINUOUS
10
0.4092026771653543
20
0.9668600787401574
11
0.409218779527559
21
0.9668179921259842
0
LINE
8
BLACK
6
CONTINUOUS
10
0.409218779527559
20
0.9668179921259842
11
0.4092314960629921
21
0.9668008267716536
0
LINE
8
BLACK
6
CONTINUOUS
10
0.4092314960629921
20
0.9668008267716536
11
0.4093177952755905
21
0.9665592519685039
0
LINE
8
BLACK
6
CONTINUOUS
10
0.4093177952755905
20
0.9665592519685039
11
0.4094095669291338
21
0.9663194881889764
0
LINE
8
BLACK
6
CONTINUOUS
10
0.4094095669291338
20
0.9663194881889764
11
0.409411062992126
21
0.9662982283464566
0
LINE
8
BLACK
6
CONTINUOUS
10
0.409411062992126
20
0.9662982283464566
11
0.4094262598425197
21
0.9662557086614173
0
LINE
8
BLACK
6
CONTINUOUS
10
0.4094262598425197
20
0.9662557086614173
11
0.4113010236220472
21
0.9587566535433071
0
LINE
8
BLACK
6
CONTINUOUS
10
0.4113010236220472
20
0.9587566535433071
11
0.4113157874015748
21
0.958656811023622
0
LINE
8
BLACK
6
CONTINUOUS
10
0.4113157874015748
20
0.958656811023622
11
0.4113324409448819
21
0.9586165748031495
0
LINE
8
BLACK
6
CONTINUOUS
10
0.4113324409448819
20
0.9586165748031495
11
0.411353779527559
21
0.9583995669291339
0
LINE
8
BLACK
6
CONTINUOUS
10
0.411353779527559
20
0.9583995669291339
11
0.4113856692913386
21
0.9581840551181102
0
LINE
8
BLACK
6
CONTINUOUS
10
0.4113856692913386
20
0.9581840551181102
11
0.4113792519685039
21
0.958141062992126
0
LINE
8
BLACK
6
CONTINUOUS
10
0.4113792519685039
20
0.958141062992126
11
0.4113891732283464
21
0.9580405118110236
0
LINE
8
BLACK
6
CONTINUOUS
10
0.4113891732283464
20
0.9580405118110236
11
0.4113891732283464
21
0.9486666929133858
0
LINE
8
BLACK
6
CONTINUOUS
10
0.4113891732283464
20
0.9486666929133858
11
0.4113792519685039
21
0.9485661811023622
0
LINE
8
BLACK
6
CONTINUOUS
10
0.4113792519685039
20
0.9485661811023622
11
0.4113856692913386
21
0.9485231496062992
0
LINE
8
BLACK
6
CONTINUOUS
10
0.4113856692913386
20
0.9485231496062992
11
0.411353779527559
21
0.9483076771653544
0
LINE
8
BLACK
6
CONTINUOUS
10
0.411353779527559
20
0.9483076771653544
11
0.4113324409448819
21
0.9480906299212598
0
LINE
8
BLACK
6
CONTINUOUS
10
0.4113324409448819
20
0.9480906299212598
11
0.4113157874015748
21
0.9480504330708661
0
LINE
8
BLACK
6
CONTINUOUS
10
0.4113157874015748
20
0.9480504330708661
11
0.4113010236220472
21
0.9479505511811024
0
LINE
8
BLACK
6
CONTINUOUS
10
0.4113010236220472
20
0.9479505511811024
11
0.4094262598425197
21
0.9404514960629921
0
LINE
8
BLACK
6
CONTINUOUS
10
0.4094262598425197
20
0.9404514960629921
11
0.409411062992126
21
0.9404090157480315
0
LINE
8
BLACK
6
CONTINUOUS
10
0.409411062992126
20
0.9404090157480315
11
0.4094095669291338
21
0.9403877165354331
0
LINE
8
BLACK
6
CONTINUOUS
10
0.4094095669291338
20
0.9403877165354331
11
0.4093177952755905
21
0.9401479921259842
0
LINE
8
BLACK
6
CONTINUOUS
10
0.4093177952755905
20
0.9401479921259842
11
0.4092314960629921
21
0.9399063779527559
0
LINE
8
BLACK
6
CONTINUOUS
10
0.4092314960629921
20
0.9399063779527559
11
0.409218779527559
21
0.9398892519685039
0
LINE
8
BLACK
6
CONTINUOUS
10
0.409218779527559
20
0.9398892519685039
11
0.4092026771653543
21
0.9398471259842519
0
LINE
8
BLACK
6
CONTINUOUS
10
0.4092026771653543
20
0.9398471259842519
11
0.4073279133858267
21
0.9360975984251968
0
LINE
8
BLACK
6
CONTINUOUS
10
0.4073279133858267
20
0.9360975984251968
11
0.4071718503937008
21
0.9358497244094488
0
LINE
8
BLACK
6
CONTINUOUS
10
0.4071718503937008
20
0.9358497244094488
11
0.4071420472440945
21
0.9357776771653543
0
LINE
8
BLACK
6
CONTINUOUS
10
0.4071420472440945
20
0.9357776771653543
11
0.4070755118110236
21
0.9356966535433071
0
LINE
8
BLACK
6
CONTINUOUS
10
0.4070755118110236
20
0.9356966535433071
11
0.4070195669291338
21
0.9356077165354331
0
LINE
8
BLACK
6
CONTINUOUS
10
0.4070195669291338
20
0.9356077165354331
11
0.4069605511811024
21
0.9355565748031496
0
LINE
8
BLACK
6
CONTINUOUS
10
0.4069605511811024
20
0.9355565748031496
11
0.4067748031496063
21
0.9353301968503936
0
LINE
8
BLACK
6
CONTINUOUS
10
0.4067748031496063
20
0.9353301968503936
11
0.4049000787401575
21
0.9334554330708661
0
LINE
8
BLACK
6
CONTINUOUS
10
0.4049000787401575
20
0.9334554330708661
11
0.4046737007874016
21
0.93326968503937
0
LINE
8
BLACK
6
CONTINUOUS
10
0.4046737007874016
20
0.93326968503937
11
0.4046225196850394
21
0.9332106299212598
0
LINE
8
BLACK
6
CONTINUOUS
10
0.4046225196850394
20
0.9332106299212598
11
0.4045335433070866
21
0.9331546456692913
0
LINE
8
BLACK
6
CONTINUOUS
10
0.4045335433070866
20
0.9331546456692913
11
0.4044525984251968
21
0.9330881889763779
0
LINE
8
BLACK
6
CONTINUOUS
10
0.4044525984251968
20
0.9330881889763779
11
0.4043806299212598
21
0.9330583858267716
0
LINE
8
BLACK
6
CONTINUOUS
10
0.4043806299212598
20
0.9330583858267716
11
0.4041326377952756
21
0.9329022834645669
0
LINE
8
BLACK
6
CONTINUOUS
10
0.4041326377952756
20
0.9329022834645669
11
0.4003831102362205
21
0.9310275196850394
0
LINE
8
BLACK
6
CONTINUOUS
10
0.4003831102362205
20
0.9310275196850394
11
0.3998424803149606
21
0.9308206299212598
0
LINE
8
BLACK
6
CONTINUOUS
10
0.3998424803149606
20
0.9308206299212598
11
0.3997366535433071
21
0.9308131496062992
0
LINE
8
BLACK
6
CONTINUOUS
10
0.3997366535433071
20
0.9308131496062992
11
0.3996386614173228
21
0.9307725196850394
0
LINE
8
BLACK
6
CONTINUOUS
10
0.3996386614173228
20
0.9307725196850394
11
0.3990625984251969
21
0.9307157874015748
0
LINE
8
BLACK
6
CONTINUOUS
10
0.3990625984251969
20
0.9307157874015748
11
0.3953130708661417
21
0.9307157874015748
0
LINE
8
BLACK
6
CONTINUOUS
10
0.3953130708661417
20
0.9307157874015748
11
0.3947370078740157
21
0.9307725196850394
0
LINE
8
BLACK
6
CONTINUOUS
10
0.3947370078740157
20
0.9307725196850394
11
0.3946390157480315
21
0.9308131102362205
0
LINE
8
BLACK
6
CONTINUOUS
10
0.3946390157480315
20
0.9308131102362205
11
0.3945331496062992
21
0.9308206299212598
0
LINE
8
BLACK
6
CONTINUOUS
10
0.3945331496062992
20
0.9308206299212598
11
0.3939925590551181
21
0.9310275196850394
0
LINE
8
BLACK
6
CONTINUOUS
10
0.3939925590551181
20
0.9310275196850394
11
0.390243031496063
21
0.9329022834645669
0
LINE
8
BLACK
6
CONTINUOUS
10
0.390243031496063
20
0.9329022834645669
11
0.389995
21
0.9330583858267716
0
LINE
8
BLACK
6
CONTINUOUS
10
0.389995
20
0.9330583858267716
11
0.3899230708661417
21
0.9330881889763779
0
LINE
8
BLACK
6
CONTINUOUS
10
0.3899230708661417
20
0.9330881889763779
11
0.3898420866141732
21
0.9331546456692913
0
LINE
8
BLACK
6
CONTINUOUS
10
0.3898420866141732
20
0.9331546456692913
11
0.3897531496062992
21
0.9332106299212598
0
LINE
8
BLACK
6
CONTINUOUS
10
0.3897531496062992
20
0.9332106299212598
11
0.3897019291338583
21
0.93326968503937
0
LINE
8
BLACK
6
CONTINUOUS
10
0.3897019291338583
20
0.93326968503937
11
0.3894755905511811
21
0.9334554330708661
0
LINE
8
BLACK
6
CONTINUOUS
10
0.3894755905511811
20
0.9334554330708661
11
0.3876008267716535
21
0.9353302362204724
0
LINE
8
BLACK
6
CONTINUOUS
10
0.3876008267716535
20
0.9353302362204724
11
0.3874150787401575
21
0.9355565748031496
0
LINE
8
BLACK
6
CONTINUOUS
10
0.3874150787401575
20
0.9355565748031496
11
0.3873561023622047
21
0.9356077165354331
0
LINE
8
BLACK
6
CONTINUOUS
10
0.3873561023622047
20
0.9356077165354331
11
0.3873001181102362
21
0.9356966535433071
0
LINE
8
BLACK
6
CONTINUOUS
10
0.3873001181102362
20
0.9356966535433071
11
0.3872336220472441
21
0.9357776771653543
0
LINE
8
BLACK
6
CONTINUOUS
10
0.3872336220472441
20
0.9357776771653543
11
0.387203779527559
21
0.9358497244094488
0
LINE
8
BLACK
6
CONTINUOUS
10
0.387203779527559
20
0.9358497244094488
11
0.3870477559055118
21
0.9360975984251968
0
LINE
8
BLACK
6
CONTINUOUS
10
0.3870477559055118
20
0.9360975984251968
11
0.3851729921259843
21
0.9398471259842519
0
LINE
8
BLACK
6
CONTINUOUS
10
0.3851729921259843
20
0.9398471259842519
11
0.3851568503937008
21
0.9398892519685039
0
LINE
8
BLACK
6
CONTINUOUS
10
0.3851568503937008
20
0.9398892519685039
11
0.3851441732283464
21
0.9399063779527559
0
LINE
8
BLACK
6
CONTINUOUS
10
0.3851441732283464
20
0.9399063779527559
11
0.3850577165354331
21
0.9401483464566929
0
LINE
8
BLACK
6
CONTINUOUS
10
0.3850577165354331
20
0.9401483464566929
11
0.3849661023622047
21
0.9403877559055118
0
LINE
8
BLACK
6
CONTINUOUS
10
0.3849661023622047
20
0.9403877559055118
11
0.3849645669291338
21
0.9404090157480315
0
LINE
8
BLACK
6
CONTINUOUS
10
0.3849645669291338
20
0.9404090157480315
11
0.3849494094488189
21
0.9404514960629921
0
LINE
8
BLACK
6
CONTINUOUS
10
0.3849494094488189
20
0.9404514960629921
11
0.3830746456692913
21
0.9479505511811024
0
LINE
8
BLACK
6
CONTINUOUS
10
0.3830746456692913
20
0.9479505511811024
11
0.3830598425196851
21
0.9480504330708661
0
LINE
8
BLACK
6
CONTINUOUS
10
0.3830598425196851
20
0.9480504330708661
11
0.3830432283464567
21
0.9480906299212598
0
LINE
8
BLACK
6
CONTINUOUS
10
0.3830432283464567
20
0.9480906299212598
11
0.3830218503937008
21
0.9483076771653544
0
LINE
8
BLACK
6
CONTINUOUS
10
0.3830218503937008
20
0.9483076771653544
11
0.38299
21
0.9485231496062992
0
LINE
8
BLACK
6
CONTINUOUS
10
0.38299
20
0.9485231496062992
11
0.3829963779527559
21
0.9485661811023622
0
LINE
8
BLACK
6
CONTINUOUS
10
0.3829963779527559
20
0.9485661811023622
11
0.3829864960629921
21
0.9486666929133858
0
LINE
8
BLACK
6
CONTINUOUS
10
0.3829864960629921
20
0.9486666929133858
11
0.3829864960629921
21
0.9580405118110236
0
LINE
8
BLACK
6
CONTINUOUS
10
0.3829864960629921
20
0.9580405118110236
11
0.3829963779527559
21
0.958141062992126
0
LINE
8
BLACK
6
CONTINUOUS
10
0.3829963779527559
20
0.958141062992126
11
0.38299
21
0.9581840551181102
0
LINE
8
BLACK
6
CONTINUOUS
10
0.38299
20
0.9581840551181102
11
0.3830218503937008
21
0.9583995669291339
0
LINE
8
BLACK
6
CONTINUOUS
10
0.3830218503937008
20
0.9583995669291339
11
0.3830432283464567
21
0.9586165748031495
0
LINE
8
BLACK
6
CONTINUOUS
10
0.3830432283464567
20
0.9586165748031495
11
0.3830598425196851
21
0.958656811023622
0
LINE
8
BLACK
6
CONTINUOUS
10
0.3830598425196851
20
0.958656811023622
11
0.3830746456692913
21
0.9587566535433071
0
LINE
8
BLACK
6
CONTINUOUS
10
0.3830746456692913
20
0.9587566535433071
11
0.3849494094488189
21
0.9662557086614173
0
LINE
8
BLACK
6
CONTINUOUS
10
0.3849494094488189
20
0.9662557086614173
11
0.3849645669291338
21
0.9662982283464566
0
LINE
8
BLACK
6
CONTINUOUS
10
0.3849645669291338
20
0.9662982283464566
11
0.3849661023622047
21
0.9663194488188976
0
LINE
8
BLACK
6
CONTINUOUS
10
0.3849661023622047
20
0.9663194488188976
11
0.3850577165354331
21
0.9665588976377952
0
LINE
8
BLACK
6
CONTINUOUS
10
0.3850577165354331
20
0.9665588976377952
11
0.3851441732283464
21
0.9668008267716536
0
LINE
8
BLACK
6
CONTINUOUS
10
0.3851441732283464
20
0.9668008267716536
11
0.3851568503937008
21
0.9668179921259842
0
LINE
8
BLACK
6
CONTINUOUS
10
0.3851568503937008
20
0.9668179921259842
11
0.3851729921259843
21
0.9668600787401574
0
LINE
8
BLACK
6
CONTINUOUS
10
0.3851729921259843
20
0.9668600787401574
11
0.3870477559055118
21
0.9706096062992126
0
LINE
8
BLACK
6
CONTINUOUS
10
0.3870477559055118
20
0.9706096062992126
11
0.3872038188976378
21
0.9708576377952756
0
LINE
8
BLACK
6
CONTINUOUS
10
0.3872038188976378
20
0.9708576377952756
11
0.3872336614173228
21
0.9709295669291338
0
LINE
8
BLACK
6
CONTINUOUS
10
0.3872336614173228
20
0.9709295669291338
11
0.3873001181102362
21
0.9710105511811024
0
LINE
8
BLACK
6
CONTINUOUS
10
0.3873001181102362
20
0.9710105511811024
11
0.3873561023622047
21
0.9710994881889764
0
LINE
8
BLACK
6
CONTINUOUS
10
0.3873561023622047
20
0.9710994881889764
11
0.3874150787401575
21
0.9711506692913385
0
LINE
8
BLACK
6
CONTINUOUS
10
0.3874150787401575
20
0.9711506692913385
11
0.3876008661417323
21
0.9713770078740157
0
LINE
8
BLACK
6
CONTINUOUS
10
0.3876008661417323
20
0.9713770078740157
11
0.3894756299212598
21
0.9732517716535433
0
LINE
8
BLACK
6
CONTINUOUS
10
0.3894756299212598
20
0.9732517716535433
11
0.389701968503937
21
0.9734375590551181
0
LINE
8
BLACK
6
CONTINUOUS
10
0.389701968503937
20
0.9734375590551181
11
0.3897531496062992
21
0.9734965354330708
0
LINE
8
BLACK
6
CONTINUOUS
10
0.3897531496062992
20
0.9734965354330708
11
0.3898420866141732
21
0.9735525196850393
0
LINE
8
BLACK
6
CONTINUOUS
10
0.3898420866141732
20
0.9735525196850393
11
0.3899230708661417
21
0.9736189763779527
0
LINE
8
BLACK
6
CONTINUOUS
10
0.3899230708661417
20
0.9736189763779527
11
0.389995
21
0.9736488188976378
0
LINE
8
BLACK
6
CONTINUOUS
10
0.389995
20
0.9736488188976378
11
0.390243031496063
21
0.9738048818897638
0
LINE
8
BLACK
6
CONTINUOUS
10
0.390243031496063
20
0.9738048818897638
11
0.3939925590551181
21
0.9756796456692913
0
LINE
8
BLACK
6
CONTINUOUS
10
0.3939925590551181
20
0.9756796456692913
11
0.3945331496062992
21
0.9758865354330708
0
LINE
8
BLACK
6
CONTINUOUS
10
0.3945331496062992
20
0.9758865354330708
11
0.3946390157480315
21
0.975894094488189
0
LINE
8
BLACK
6
CONTINUOUS
10
0.3946390157480315
20
0.975894094488189
11
0.3947370078740157
21
0.9759346456692913
0
LINE
8
BLACK
6
CONTINUOUS
10
0.3947370078740157
20
0.9759346456692913
11
0.3953130708661417
21
0.9759913779527559
0
LINE
8
BLACK
6
CONTINUOUS
10
0.3953130708661417
20
0.9759913779527559
11
0.3990625984251969
21
0.9759913779527559
0
LINE
8
BLACK
6
CONTINUOUS
10
0.3990625984251969
20
0.9759913779527559
11
0.3996386614173228
21
0.9759346456692913
0
LINE
8
BLACK
6
CONTINUOUS
10
0.3933126377952756
20
0.968737125984252
11
0.3921155118110236
21
0.96754
0
LINE
8
BLACK
6
CONTINUOUS
10
0.3921155118110236
20
0.96754
11
0.3906
21
0.9645090157480315
0
LINE
8
BLACK
6
CONTINUOUS
10
0.3906
20
0.9645090157480315
11
0.3888920078740157
21
0.957676968503937
0
LINE
8
BLACK
6
CONTINUOUS
10
0.3888920078740157
20
0.957676968503937
11
0.3888920078740157
21
0.9490302362204724
0
LINE
8
BLACK
6
CONTINUOUS
10
0.3888920078740157
20
0.9490302362204724
11
0.3906
21
0.942198188976378
0
LINE
8
BLACK
6
CONTINUOUS
10
0.3906
20
0.942198188976378
11
0.3921155118110236
21
0.9391672047244094
0
LINE
8
BLACK
6
CONTINUOUS
10
0.3921155118110236
20
0.9391672047244094
11
0.3933126377952756
21
0.9379700393700787
0
LINE
8
BLACK
6
CONTINUOUS
10
0.3933126377952756
20
0.9379700393700787
11
0.3960101181102362
21
0.9366212992125984
0
LINE
8
BLACK
6
CONTINUOUS
10
0.3960101181102362
20
0.9366212992125984
11
0.3983655511811023
21
0.9366212992125984
0
LINE
8
BLACK
6
CONTINUOUS
10
0.3983655511811023
20
0.9366212992125984
11
0.4010629921259842
21
0.9379700393700787
0
LINE
8
BLACK
6
CONTINUOUS
10
0.4010629921259842
20
0.9379700393700787
11
0.4022601181102362
21
0.9391672047244094
0
LINE
8
BLACK
6
CONTINUOUS
10
0.4022601181102362
20
0.9391672047244094
11
0.4037756299212598
21
0.942198188976378
0
LINE
8
BLACK
6
CONTINUOUS
10
0.4037756299212598
20
0.942198188976378
11
0.4054836614173228
21
0.9490302362204724
0
LINE
8
BLACK
6
CONTINUOUS
10
0.4054836614173228
20
0.9490302362204724
11
0.4054836614173228
21
0.957676968503937
0
LINE
8
BLACK
6
CONTINUOUS
10
0.4054836614173228
20
0.957676968503937
11
0.4037756299212598
21
0.9645090157480315
0
LINE
8
BLACK
6
CONTINUOUS
10
0.4037756299212598
20
0.9645090157480315
11
0.402260157480315
21
0.96754
0
LINE
8
BLACK
6
CONTINUOUS
10
0.402260157480315
20
0.96754
11
0.401063031496063
21
0.968737125984252
0
LINE
8
BLACK
6
CONTINUOUS
10
0.401063031496063
20
0.968737125984252
11
0.3983655511811023
21
0.9700858661417323
0
LINE
8
BLACK
6
CONTINUOUS
10
0.3983655511811023
20
0.9700858661417323
11
0.3960101181102362
21
0.9700858661417323
0
LINE
8
BLACK
6
CONTINUOUS
10
0.3960101181102362
20
0.9700858661417323
11
0.3933126377952756
21
0.968737125984252
0
LINE
8
BLACK
6
CONTINUOUS
10
0.4371339763779528
20
0.9759346456692913
11
0.437231968503937
21
0.9758940551181102
0
LINE
8
BLACK
6
CONTINUOUS
10
0.437231968503937
20
0.9758940551181102
11
0.4373377952755905
21
0.9758865354330708
0
LINE
8
BLACK
6
CONTINUOUS
10
0.4373377952755905
20
0.9758865354330708
11
0.4378784251968504
21
0.9756796456692913
0
LINE
8
BLACK
6
CONTINUOUS
10
0.4378784251968504
20
0.9756796456692913
11
0.4416279527559055
21
0.9738048818897638
0
LINE
8
BLACK
6
CONTINUOUS
10
0.4416279527559055
20
0.9738048818897638
11
0.4418759448818897
21
0.9736488188976378
0
LINE
8
BLACK
6
CONTINUOUS
10
0.4418759448818897
20
0.9736488188976378
11
0.4419479133858268
21
0.9736189763779527
0
LINE
8
BLACK
6
CONTINUOUS
10
0.4419479133858268
20
0.9736189763779527
11
0.4420288582677165
21
0.9735525196850393
0
LINE
8
BLACK
6
CONTINUOUS
10
0.4420288582677165
20
0.9735525196850393
11
0.4421178346456693
21
0.9734965354330708
0
LINE
8
BLACK
6
CONTINUOUS
10
0.4421178346456693
20
0.9734965354330708
11
0.4421689763779528
21
0.9734375590551181
0
LINE
8
BLACK
6
CONTINUOUS
10
0.4421689763779528
20
0.9734375590551181
11
0.4423953543307086
21
0.9732517716535433
0
LINE
8
BLACK
6
CONTINUOUS
10
0.4423953543307086
20
0.9732517716535433
11
0.4442701181102362
21
0.9713770078740157
0
LINE
8
BLACK
6
CONTINUOUS
10
0.4442701181102362
20
0.9713770078740157
11
0.4444558661417323
21
0.9711506692913385
0
LINE
8
BLACK
6
CONTINUOUS
10
0.4444558661417323
20
0.9711506692913385
11
0.4445148818897638
21
0.9710994881889764
0
LINE
8
BLACK
6
CONTINUOUS
10
0.4445148818897638
20
0.9710994881889764
11
0.4445708267716535
21
0.9710105511811024
0
LINE
8
BLACK
6
CONTINUOUS
10
0.4445708267716535
20
0.9710105511811024
11
0.4446373228346456
21
0.9709295669291338
0
LINE
8
BLACK
6
CONTINUOUS
10
0.4446373228346456
20
0.9709295669291338
11
0.444667125984252
21
0.9708576377952756
0
LINE
8
BLACK
6
CONTINUOUS
10
0.444667125984252
20
0.9708576377952756
11
0.4448232283464567
21
0.9706096062992126
0
LINE
8
BLACK
6
CONTINUOUS
10
0.4448232283464567
20
0.9706096062992126
11
0.4466979921259843
21
0.9668600787401574
0
LINE
8
BLACK
6
CONTINUOUS
10
0.4466979921259843
20
0.9668600787401574
11
0.4467140944881889
21
0.9668179921259842
0
LINE
8
BLACK
6
CONTINUOUS
10
0.4467140944881889
20
0.9668179921259842
11
0.4467268110236221
21
0.9668008267716536
0
LINE
8
BLACK
6
CONTINUOUS
10
0.4467268110236221
20
0.9668008267716536
11
0.4468131102362204
21
0.9665592519685039
0
LINE
8
BLACK
6
CONTINUOUS
10
0.4468131102362204
20
0.9665592519685039
11
0.4469048818897638
21
0.9663194881889764
0
LINE
8
BLACK
6
CONTINUOUS
10
0.4469048818897638
20
0.9663194881889764
11
0.4469063779527559
21
0.9662982283464566
0
LINE
8
BLACK
6
CONTINUOUS
10
0.4469063779527559
20
0.9662982283464566
11
0.4469215748031496
21
0.9662557086614173
0
LINE
8
BLACK
6
CONTINUOUS
10
0.4469215748031496
20
0.9662557086614173
11
0.4487963385826771
21
0.9587566535433071
0
LINE
8
BLACK
6
CONTINUOUS
10
0.4487963385826771
20
0.9587566535433071
11
0.4488111023622047
21
0.958656811023622
0
LINE
8
BLACK
6
CONTINUOUS
10
0.4488111023622047
20
0.958656811023622
11
0.4488277559055118
21
0.9586165748031495
0
LINE
8
BLACK
6
CONTINUOUS
10
0.4488277559055118
20
0.9586165748031495
11
0.448849094488189
21
0.9583995669291339
0
LINE
8
BLACK
6
CONTINUOUS
10
0.448849094488189
20
0.9583995669291339
11
0.4488809842519685
21
0.9581840551181102
0
LINE
8
BLACK
6
CONTINUOUS
10
0.4488809842519685
20
0.9581840551181102
11
0.4488745669291339
21
0.958141062992126
0
LINE
8
BLACK
6
CONTINUOUS
10
0.4488745669291339
20
0.958141062992126
11
0.4488844881889764
21
0.9580405118110236
0
LINE
8
BLACK
6
CONTINUOUS
10
0.4488844881889764
20
0.9580405118110236
11
0.4488844881889764
21
0.9486666929133858
0
LINE
8
BLACK
6
CONTINUOUS
10
0.4488844881889764
20
0.9486666929133858
11
0.4488745669291339
21
0.9485661811023622
0
LINE
8
BLACK
6
CONTINUOUS
10
0.4488745669291339
20
0.9485661811023622
11
0.4488809842519685
21
0.9485231496062992
0
LINE
8
BLACK
6
CONTINUOUS
10
0.4488809842519685
20
0.9485231496062992
11
0.448849094488189
21
0.9483076771653544
0
LINE
8
BLACK
6
CONTINUOUS
10
0.448849094488189
20
0.9483076771653544
11
0.4488277559055118
21
0.9480906299212598
0
LINE
8
BLACK
6
CONTINUOUS
10
0.4488277559055118
20
0.9480906299212598
11
0.4488111023622047
21
0.9480504330708661
0
LINE
8
BLACK
6
CONTINUOUS
10
0.4488111023622047
20
0.9480504330708661
11
0.4487963385826771
21
0.9479505511811024
0
LINE
8
BLACK
6
CONTINUOUS
10
0.4487963385826771
20
0.9479505511811024
11
0.4469215748031496
21
0.9404514960629921
0
LINE
8
BLACK
6
CONTINUOUS
10
0.4469215748031496
20
0.9404514960629921
11
0.4469063779527559
21
0.9404090157480315
0
LINE
8
BLACK
6
CONTINUOUS
10
0.4469063779527559
20
0.9404090157480315
11
0.4469048818897638
21
0.9403877165354331
0
LINE
8
BLACK
6
CONTINUOUS
10
0.4469048818897638
20
0.9403877165354331
11
0.4468131102362204
21
0.9401479921259842
0
LINE
8
BLACK
6
CONTINUOUS
10
0.4468131102362204
20
0.9401479921259842
11
0.4467268110236221
21
0.9399063779527559
0
LINE
8
BLACK
6
CONTINUOUS
10
0.4467268110236221
20
0.9399063779527559
11
0.4467140944881889
21
0.9398892519685039
0
LINE
8
BLACK
6
CONTINUOUS
10
0.4467140944881889
20
0.9398892519685039
11
0.4466979921259843
21
0.9398471259842519
0
LINE
8
BLACK
6
CONTINUOUS
10
0.4466979921259843
20
0.9398471259842519
11
0.4448232283464567
21
0.9360975984251968
0
LINE
8
BLACK
6
CONTINUOUS
10
0.4448232283464567
20
0.9360975984251968
11
0.4446671653543307
21
0.9358497244094488
0
LINE
8
BLACK
6
CONTINUOUS
10
0.4446671653543307
20
0.9358497244094488
11
0.4446373622047244
21
0.9357776771653543
0
LINE
8
BLACK
6
CONTINUOUS
10
0.4446373622047244
20
0.9357776771653543
11
0.4445708267716535
21
0.9356966535433071
0
LINE
8
BLACK
6
CONTINUOUS
10
0.4445708267716535
20
0.9356966535433071
11
0.4445148818897638
21
0.9356077165354331
0
LINE
8
BLACK
6
CONTINUOUS
10
0.4445148818897638
20
0.9356077165354331
11
0.4444558661417323
21
0.9355565748031496
0
LINE
8
BLACK
6
CONTINUOUS
10
0.4444558661417323
20
0.9355565748031496
11
0.4442701181102362
21
0.9353301968503936
0
LINE
8
BLACK
6
CONTINUOUS
10
0.4442701181102362
20
0.9353301968503936
11
0.4423953937007874
21
0.9334554330708661
0
LINE
8
BLACK
6
CONTINUOUS
10
0.4423953937007874
20
0.9334554330708661
11
0.4421690157480315
21
0.93326968503937
0
LINE
8
BLACK
6
CONTINUOUS
10
0.4421690157480315
20
0.93326968503937
11
0.4421178346456693
21
0.9332106299212598
0
LINE
8
BLACK
6
CONTINUOUS
10
0.4421178346456693
20
0.9332106299212598
11
0.4420288582677165
21
0.9331546456692913
0
LINE
8
BLACK
6
CONTINUOUS
10
0.4420288582677165
20
0.9331546456692913
11
0.4419479133858268
21
0.9330881889763779
0
LINE
8
BLACK
6
CONTINUOUS
10
0.4419479133858268
20
0.9330881889763779
11
0.4418759448818897
21
0.9330583858267716
0
LINE
8
BLACK
6
CONTINUOUS
10
0.4418759448818897
20
0.9330583858267716
11
0.4416279527559055
21
0.9329022834645669
0
LINE
8
BLACK
6
CONTINUOUS
10
0.4416279527559055
20
0.9329022834645669
11
0.4378784251968504
21
0.9310275196850394
0
LINE
8
BLACK
6
CONTINUOUS
10
0.4378784251968504
20
0.9310275196850394
11
0.4373377952755905
21
0.9308206299212598
0
LINE
8
BLACK
6
CONTINUOUS
10
0.4373377952755905
20
0.9308206299212598
11
0.437231968503937
21
0.9308131496062992
0
LINE
8
BLACK
6
CONTINUOUS
10
0.437231968503937
20
0.9308131496062992
11
0.4371339763779528
21
0.9307725196850394
0
LINE
8
BLACK
6
CONTINUOUS
10
0.4371339763779528
20
0.9307725196850394
11
0.4365579133858268
21
0.9307157874015748
0
LINE
8
BLACK
6
CONTINUOUS
10
0.4365579133858268
20
0.9307157874015748
11
0.4328083858267717
21
0.9307157874015748
0
LINE
8
BLACK
6
CONTINUOUS
10
0.4328083858267717
20
0.9307157874015748
11
0.4322323228346456
21
0.9307725196850394
0
LINE
8
BLACK
6
CONTINUOUS
10
0.4322323228346456
20
0.9307725196850394
11
0.4321343307086614
21
0.9308131102362205
0
LINE
8
BLACK
6
CONTINUOUS
10
0.4321343307086614
20
0.9308131102362205
11
0.4320284645669291
21
0.9308206299212598
0
LINE
8
BLACK
6
CONTINUOUS
10
0.4320284645669291
20
0.9308206299212598
11
0.431487874015748
21
0.9310275196850394
0
LINE
8
BLACK
6
CONTINUOUS
10
0.431487874015748
20
0.9310275196850394
11
0.4277383464566929
21
0.9329022834645669
0
LINE
8
BLACK
6
CONTINUOUS
10
0.4277383464566929
20
0.9329022834645669
11
0.4274903149606299
21
0.9330583858267716
0
LINE
8
BLACK
6
CONTINUOUS
10
0.4274903149606299
20
0.9330583858267716
11
0.4274183858267717
21
0.9330881889763779
0
LINE
8
BLACK
6
CONTINUOUS
10
0.4274183858267717
20
0.9330881889763779
11
0.4273374015748032
21
0.9331546456692913
0
LINE
8
BLACK
6
CONTINUOUS
10
0.4273374015748032
20
0.9331546456692913
11
0.4272484645669291
21
0.9332106299212598
0
LINE
8
BLACK
6
CONTINUOUS
10
0.4272484645669291
20
0.9332106299212598
11
0.4271972440944882
21
0.93326968503937
0
LINE
8
BLACK
6
CONTINUOUS
10
0.4271972440944882
20
0.93326968503937
11
0.426970905511811
21
0.9334554330708661
0
LINE
8
BLACK
6
CONTINUOUS
10
0.426970905511811
20
0.9334554330708661
11
0.4250961417322834
21
0.9353302362204724
0
LINE
8
BLACK
6
CONTINUOUS
10
0.4250961417322834
20
0.9353302362204724
11
0.4249103937007874
21
0.9355565748031496
0
LINE
8
BLACK
6
CONTINUOUS
10
0.4249103937007874
20
0.9355565748031496
11
0.4248514173228347
21
0.9356077165354331
0
LINE
8
BLACK
6
CONTINUOUS
10
0.4248514173228347
20
0.9356077165354331
11
0.4247954330708661
21
0.9356966535433071
0
LINE
8
BLACK
6
CONTINUOUS
10
0.4247954330708661
20
0.9356966535433071
11
0.424728937007874
21
0.9357776771653543
0
LINE
8
BLACK
6
CONTINUOUS
10
0.424728937007874
20
0.9357776771653543
11
0.424699094488189
21
0.9358497244094488
0
LINE
8
BLACK
6
CONTINUOUS
10
0.424699094488189
20
0.9358497244094488
11
0.4245430708661417
21
0.9360975984251968
0
LINE
8
BLACK
6
CONTINUOUS
10
0.4245430708661417
20
0.9360975984251968
11
0.4226683070866142
21
0.9398471259842519
0
LINE
8
BLACK
6
CONTINUOUS
10
0.4226683070866142
20
0.9398471259842519
11
0.4226521653543307
21
0.9398892519685039
0
LINE
8
BLACK
6
CONTINUOUS
10
0.4226521653543307
20
0.9398892519685039
11
0.4226394881889763
21
0.9399063779527559
0
LINE
8
BLACK
6
CONTINUOUS
10
0.4226394881889763
20
0.9399063779527559
11
0.422553031496063
21
0.9401483464566929
0
LINE
8
BLACK
6
CONTINUOUS
10
0.422553031496063
20
0.9401483464566929
11
0.4224614173228347
21
0.9403877559055118
0
LINE
8
BLACK
6
CONTINUOUS
10
0.4224614173228347
20
0.9403877559055118
11
0.4224598818897637
21
0.9404090157480315
0
LINE
8
BLACK
6
CONTINUOUS
10
0.4224598818897637
20
0.9404090157480315
11
0.4224447244094488
21
0.9404514960629921
0
LINE
8
BLACK
6
CONTINUOUS
10
0.4224447244094488
20
0.9404514960629921
11
0.4205699606299212
21
0.9479505511811024
0
LINE
8
BLACK
6
CONTINUOUS
10
0.4205699606299212
20
0.9479505511811024
11
0.420555157480315
21
0.9480504330708661
0
LINE
8
BLACK
6
CONTINUOUS
10
0.420555157480315
20
0.9480504330708661
11
0.4205385433070866
21
0.9480906299212598
0
LINE
8
BLACK
6
CONTINUOUS
10
0.4205385433070866
20
0.9480906299212598
11
0.4205171653543307
21
0.9483076771653544
0
LINE
8
BLACK
6
CONTINUOUS
10
0.4205171653543307
20
0.9483076771653544
11
0.4204853149606299
21
0.9485231496062992
0
LINE
8
BLACK
6
CONTINUOUS
10
0.4204853149606299
20
0.9485231496062992
11
0.4204916929133858
21
0.9485661811023622
0
LINE
8
BLACK
6
CONTINUOUS
10
0.4204916929133858
20
0.9485661811023622
11
0.420481811023622
21
0.9486666929133858
0
LINE
8
BLACK
6
CONTINUOUS
10
0.420481811023622
20
0.9486666929133858
11
0.420481811023622
21
0.9580405118110236
0
LINE
8
BLACK
6
CONTINUOUS
10
0.420481811023622
20
0.9580405118110236
11
0.4204916929133858
21
0.958141062992126
0
LINE
8
BLACK
6
CONTINUOUS
10
0.4204916929133858
20
0.958141062992126
11
0.4204853149606299
21
0.9581840551181102
0
LINE
8
BLACK
6
CONTINUOUS
10
0.4204853149606299
20
0.9581840551181102
11
0.4205171653543307
21
0.9583995669291339
0
LINE
8
BLACK
6
CONTINUOUS
10
0.4205171653543307
20
0.9583995669291339
11
0.4205385433070866
21
0.9586165748031495
0
LINE
8
BLACK
6
CONTINUOUS
10
0.4205385433070866
20
0.9586165748031495
11
0.420555157480315
21
0.958656811023622
0
LINE
8
BLACK
6
CONTINUOUS
10
0.420555157480315
20
0.958656811023622
11
0.4205699606299212
21
0.9587566535433071
0
LINE
8
BLACK
6
CONTINUOUS
10
0.4205699606299212
20
0.9587566535433071
11
0.4224447244094488
21
0.9662557086614173
0
LINE
8
BLACK
6
CONTINUOUS
10
0.4224447244094488
20
0.9662557086614173
11
0.4224598818897637
21
0.9662982283464566
0
LINE
8
BLACK
6
CONTINUOUS
10
0.4224598818897637
20
0.9662982283464566
11
0.4224614173228347
21
0.9663194488188976
0
LINE
8
BLACK
6
CONTINUOUS
10
0.4224614173228347
20
0.9663194488188976
11
0.422553031496063
21
0.9665588976377952
0
LINE
8
BLACK
6
CONTINUOUS
10
0.422553031496063
20
0.9665588976377952
11
0.4226394881889763
21
0.9668008267716536
0
LINE
8
BLACK
6
CONTINUOUS
10
0.4226394881889763
20
0.9668008267716536
11
0.4226521653543307
21
0.9668179921259842
0
LINE
8
BLACK
6
CONTINUOUS
10
0.4226521653543307
20
0.9668179921259842
11
0.4226683070866142
21
0.9668600787401574
0
LINE
8
BLACK
6
CONTINUOUS
10
0.4226683070866142
20
0.9668600787401574
11
0.4245430708661417
21
0.9706096062992126
0
LINE
8
BLACK
6
CONTINUOUS
10
0.4245430708661417
20
0.9706096062992126
11
0.4246991338582677
21
0.9708576377952756
0
LINE
8
BLACK
6
CONTINUOUS
10
0.4246991338582677
20
0.9708576377952756
11
0.4247289763779528
21
0.9709295669291338
0
LINE
8
BLACK
6
CONTINUOUS
10
0.4247289763779528
20
0.9709295669291338
11
0.4247954330708661
21
0.9710105511811024
0
LINE
8
BLACK
6
CONTINUOUS
10
0.4247954330708661
20
0.9710105511811024
11
0.4248514173228347
21
0.9710994881889764
0
LINE
8
BLACK
6
CONTINUOUS
10
0.4248514173228347
20
0.9710994881889764
11
0.4249103937007874
21
0.9711506692913385
0
LINE
8
BLACK
6
CONTINUOUS
10
0.4249103937007874
20
0.9711506692913385
11
0.4250961811023622
21
0.9713770078740157
0
LINE
8
BLACK
6
CONTINUOUS
10
0.4250961811023622
20
0.9713770078740157
11
0.4269709448818897
21
0.9732517716535433
0
LINE
8
BLACK
6
CONTINUOUS
10
0.4269709448818897
20
0.9732517716535433
11
0.4271972834645669
21
0.9734375590551181
0
LINE
8
BLACK
6
CONTINUOUS
10
0.4271972834645669
20
0.9734375590551181
11
0.4272484645669291
21
0.9734965354330708
0
LINE
8
BLACK
6
CONTINUOUS
10
0.4272484645669291
20
0.9734965354330708
11
0.4273374015748032
21
0.9735525196850393
0
LINE
8
BLACK
6
CONTINUOUS
10
0.4273374015748032
20
0.9735525196850393
11
0.4274183858267717
21
0.9736189763779527
0
LINE
8
BLACK
6
CONTINUOUS
10
0.4274183858267717
20
0.9736189763779527
11
0.4274903149606299
21
0.9736488188976378
0
LINE
8
BLACK
6
CONTINUOUS
10
0.4274903149606299
20
0.9736488188976378
11
0.4277383464566929
21
0.9738048818897638
0
LINE
8
BLACK
6
CONTINUOUS
10
0.4277383464566929
20
0.9738048818897638
11
0.431487874015748
21
0.9756796456692913
0
LINE
8
BLACK
6
CONTINUOUS
10
0.431487874015748
20
0.9756796456692913
11
0.4320284645669291
21
0.9758865354330708
0
LINE
8
BLACK
6
CONTINUOUS
10
0.4320284645669291
20
0.9758865354330708
11
0.4321343307086614
21
0.975894094488189
0
LINE
8
BLACK
6
CONTINUOUS
10
0.4321343307086614
20
0.975894094488189
11
0.4322323228346456
21
0.9759346456692913
0
LINE
8
BLACK
6
CONTINUOUS
10
0.4322323228346456
20
0.9759346456692913
11
0.4328083858267717
21
0.9759913779527559
0
LINE
8
BLACK
6
CONTINUOUS
10
0.4328083858267717
20
0.9759913779527559
11
0.4365579133858268
21
0.9759913779527559
0
LINE
8
BLACK
6
CONTINUOUS
10
0.4365579133858268
20
0.9759913779527559
11
0.4371339763779528
21
0.9759346456692913
0
LINE
8
BLACK
6
CONTINUOUS
10
0.4308079527559055
20
0.968737125984252
11
0.4296108267716535
21
0.96754
0
LINE
8
BLACK
6
CONTINUOUS
10
0.4296108267716535
20
0.96754
11
0.4280953149606299
21
0.9645090157480315
0
LINE
8
BLACK
6
CONTINUOUS
10
0.4280953149606299
20
0.9645090157480315
11
0.4263873228346456
21
0.957676968503937
0
LINE
8
BLACK
6
CONTINUOUS
10
0.4263873228346456
20
0.957676968503937
11
0.4263873228346456
21
0.9490302362204724
0
LINE
8
BLACK
6
CONTINUOUS
10
0.4263873228346456
20
0.9490302362204724
11
0.4280953149606299
21
0.942198188976378
0
LINE
8
BLACK
6
CONTINUOUS
10
0.4280953149606299
20
0.942198188976378
11
0.4296108267716535
21
0.9391672047244094
0
LINE
8
BLACK
6
CONTINUOUS
10
0.4296108267716535
20
0.9391672047244094
11
0.4308079527559055
21
0.9379700393700787
0
LINE
8
BLACK
6
CONTINUOUS
10
0.4308079527559055
20
0.9379700393700787
11
0.4335054330708661
21
0.9366212992125984
0
LINE
8
BLACK
6
CONTINUOUS
10
0.4335054330708661
20
0.9366212992125984
11
0.4358608661417323
21
0.9366212992125984
0
LINE
8
BLACK
6
CONTINUOUS
10
0.4358608661417323
20
0.9366212992125984
11
0.4385583070866141
21
0.9379700393700787
0
LINE
8
BLACK
6
CONTINUOUS
10
0.4385583070866141
20
0.9379700393700787
11
0.4397554330708661
21
0.9391672047244094
0
LINE
8
BLACK
6
CONTINUOUS
10
0.4397554330708661
20
0.9391672047244094
11
0.4412709448818897
21
0.942198188976378
0
LINE
8
BLACK
6
CONTINUOUS
10
0.4412709448818897
20
0.942198188976378
11
0.4429789763779527
21
0.9490302362204724
0
LINE
8
BLACK
6
CONTINUOUS
10
0.4429789763779527
20
0.9490302362204724
11
0.4429789763779527
21
0.957676968503937
0
LINE
8
BLACK
6
CONTINUOUS
10
0.4429789763779527
20
0.957676968503937
11
0.4412709448818897
21
0.9645090157480315
0
LINE
8
BLACK
6
CONTINUOUS
10
0.4412709448818897
20
0.9645090157480315
11
0.4397554724409449
21
0.96754
0
LINE
8
BLACK
6
CONTINUOUS
10
0.4397554724409449
20
0.96754
11
0.4385583464566929
21
0.968737125984252
0
LINE
8
BLACK
6
CONTINUOUS
10
0.4385583464566929
20
0.968737125984252
11
0.4358608661417323
21
0.9700858661417323
0
LINE
8
BLACK
6
CONTINUOUS
10
0.4358608661417323
20
0.9700858661417323
11
0.4335054330708661
21
0.9700858661417323
0
LINE
8
BLACK
6
CONTINUOUS
10
0.4335054330708661
20
0.9700858661417323
11
0.4308079527559055
21
0.968737125984252
0
LINE
8
BLACK
6
CONTINUOUS
10
0.4724652362204724
20
0.9759346456692913
11
0.4727545275590551
21
0.9759346456692913
0
LINE
8
BLACK
6
CONTINUOUS
10
0.4727545275590551
20
0.9759346456692913
11
0.4730246062992126
21
0.9758227952755906
0
LINE
8
BLACK
6
CONTINUOUS
10
0.4730246062992126
20
0.9758227952755906
11
0.4733112598425196
21
0.9757654330708662
0
LINE
8
BLACK
6
CONTINUOUS
10
0.4733112598425196
20
0.9757654330708662
11
0.4735516141732283
21
0.9756044881889764
0
LINE
8
BLACK
6
CONTINUOUS
10
0.4735516141732283
20
0.9756044881889764
11
0.473818937007874
21
0.9754937401574802
0
LINE
8
BLACK
6
CONTINUOUS
10
0.473818937007874
20
0.9754937401574802
11
0.4740256299212599
21
0.9752870472440944
0
LINE
8
BLACK
6
CONTINUOUS
10
0.4740256299212599
20
0.9752870472440944
11
0.4742685433070866
21
0.9751243700787401
0
LINE
8
BLACK
6
CONTINUOUS
10
0.4742685433070866
20
0.9751243700787401
11
0.4746315354330709
21
0.9746811417322835
0
LINE
8
BLACK
6
CONTINUOUS
10
0.4746315354330709
20
0.9746811417322835
11
0.4746335826771653
21
0.9746790944881889
0
LINE
8
BLACK
6
CONTINUOUS
10
0.4746335826771653
20
0.9746790944881889
11
0.474633937007874
21
0.9746782283464567
0
LINE
8
BLACK
6
CONTINUOUS
10
0.474633937007874
20
0.9746782283464567
11
0.4746353149606299
21
0.9746765354330709
0
LINE
8
BLACK
6
CONTINUOUS
10
0.4746353149606299
20
0.9746765354330709
11
0.4782226377952756
21
0.9692955118110236
0
LINE
8
BLACK
6
CONTINUOUS
10
0.4782226377952756
20
0.9692955118110236
11
0.4814266141732284
21
0.9660915354330708
0
LINE
8
BLACK
6
CONTINUOUS
10
0.4814266141732284
20
0.9660915354330708
11
0.4847475590551181
21
0.964431062992126
0
LINE
8
BLACK
6
CONTINUOUS
10
0.4847475590551181
20
0.964431062992126
11
0.4852374409448819
21
0.964122716535433
0
LINE
8
BLACK
6
CONTINUOUS
10
0.4852374409448819
20
0.964122716535433
11
0.4859922834645669
21
0.9632523228346457
0
LINE
8
BLACK
6
CONTINUOUS
10
0.4859922834645669
20
0.9632523228346457
11
0.4863566141732283
21
0.9621593700787401
0
LINE
8
BLACK
6
CONTINUOUS
10
0.4863566141732283
20
0.9621593700787401
11
0.4862749606299213
21
0.9610101574803149
0
LINE
8
BLACK
6
CONTINUOUS
10
0.4862749606299213
20
0.9610101574803149
11
0.4857596850393701
21
0.9599796456692913
0
LINE
8
BLACK
6
CONTINUOUS
10
0.4857596850393701
20
0.9599796456692913
11
0.4848893307086614
21
0.9592248031496062
0
LINE
8
BLACK
6
CONTINUOUS
10
0.4848893307086614
20
0.9592248031496062
11
0.4837963385826772
21
0.9588604724409449
0
LINE
8
BLACK
6
CONTINUOUS
10
0.4837963385826772
20
0.9588604724409449
11
0.482647125984252
21
0.958942125984252
0
LINE
8
BLACK
6
CONTINUOUS
10
0.482647125984252
20
0.958942125984252
11
0.4821065354330709
21
0.9591490157480315
0
LINE
8
BLACK
6
CONTINUOUS
10
0.4821065354330709
20
0.9591490157480315
11
0.4783570078740157
21
0.961023779527559
0
LINE
8
BLACK
6
CONTINUOUS
10
0.4783570078740157
20
0.961023779527559
11
0.4781091732283465
21
0.9611798031496063
0
LINE
8
BLACK
6
CONTINUOUS
10
0.4781091732283465
20
0.9611798031496063
11
0.4780370472440945
21
0.9612096456692913
0
LINE
8
BLACK
6
CONTINUOUS
10
0.4780370472440945
20
0.9612096456692913
11
0.4779558661417323
21
0.9612762598425196
0
LINE
8
BLACK
6
CONTINUOUS
10
0.4779558661417323
20
0.9612762598425196
11
0.477867125984252
21
0.961332125984252
0
LINE
8
BLACK
6
CONTINUOUS
10
0.477867125984252
20
0.961332125984252
11
0.4778159842519685
21
0.961391062992126
0
LINE
8
BLACK
6
CONTINUOUS
10
0.4778159842519685
20
0.961391062992126
11
0.4775896062992126
21
0.9615768897637795
0
LINE
8
BLACK
6
CONTINUOUS
10
0.4775896062992126
20
0.9615768897637795
11
0.4751312204724409
21
0.9640352755905511
0
LINE
8
BLACK
6
CONTINUOUS
10
0.4751312204724409
20
0.9640352755905511
11
0.4751312204724409
21
0.9366212992125984
0
LINE
8
BLACK
6
CONTINUOUS
10
0.4751312204724409
20
0.9366212992125984
11
0.4834270472440945
21
0.9366212992125984
0
LINE
8
BLACK
6
CONTINUOUS
10
0.4834270472440945
20
0.9366212992125984
11
0.4840031102362204
21
0.9365645669291338
0
LINE
8
BLACK
6
CONTINUOUS
10
0.4840031102362204
20
0.9365645669291338
11
0.4850675196850394
21
0.9361236614173228
0
LINE
8
BLACK
6
CONTINUOUS
10
0.4850675196850394
20
0.9361236614173228
11
0.4858821653543307
21
0.9353090157480315
0
LINE
8
BLACK
6
CONTINUOUS
10
0.4858821653543307
20
0.9353090157480315
11
0.4863230708661417
21
0.9342446062992126
0
LINE
8
BLACK
6
CONTINUOUS
10
0.4863230708661417
20
0.9342446062992126
11
0.4863230708661417
21
0.9330924803149606
0
LINE
8
BLACK
6
CONTINUOUS
10
0.4863230708661417
20
0.9330924803149606
11
0.4858821653543307
21
0.9320280708661417
0
LINE
8
BLACK
6
CONTINUOUS
10
0.4858821653543307
20
0.9320280708661417
11
0.4850675196850394
21
0.9312134251968504
0
LINE
8
BLACK
6
CONTINUOUS
10
0.4850675196850394
20
0.9312134251968504
11
0.4840031102362204
21
0.9307725196850394
0
LINE
8
BLACK
6
CONTINUOUS
10
0.4840031102362204
20
0.9307725196850394
11
0.4834270472440945
21
0.9307157874015748
0
LINE
8
BLACK
6
CONTINUOUS
10
0.4834270472440945
20
0.9307157874015748
11
0.4609298818897637
21
0.9307157874015748
0
LINE
8
BLACK
6
CONTINUOUS
10
0.4609298818897637
20
0.9307157874015748
11
0.4603538188976378
21
0.9307725196850394
0
LINE
8
BLACK
6
CONTINUOUS
10
0.4603538188976378
20
0.9307725196850394
11
0.4592894094488189
21
0.9312134251968504
0
LINE
8
BLACK
6
CONTINUOUS
10
0.4592894094488189
20
0.9312134251968504
11
0.4584747637795276
21
0.9320280708661417
0
LINE
8
BLACK
6
CONTINUOUS
10
0.4584747637795276
20
0.9320280708661417
11
0.4580338582677165
21
0.9330924803149606
0
LINE
8
BLACK
6
CONTINUOUS
10
0.4580338582677165
20
0.9330924803149606
11
0.4580338582677165
21
0.9342446062992126
0
LINE
8
BLACK
6
CONTINUOUS
10
0.4580338582677165
20
0.9342446062992126
11
0.4584747637795276
21
0.9353090157480315
0
LINE
8
BLACK
6
CONTINUOUS
10
0.4584747637795276
20
0.9353090157480315
11
0.4592894094488189
21
0.9361236614173228
0
LINE
8
BLACK
6
CONTINUOUS
10
0.4592894094488189
20
0.9361236614173228
11
0.4603538188976378
21
0.9365645669291338
0
LINE
8
BLACK
6
CONTINUOUS
10
0.4603538188976378
20
0.9365645669291338
11
0.4609298818897637
21
0.9366212992125984
0
LINE
8
BLACK
6
CONTINUOUS
10
0.4609298818897637
20
0.9366212992125984
11
0.4692257086614173
21
0.9366212992125984
0
LINE
8
BLACK
6
CONTINUOUS
10
0.4692257086614173
20
0.9366212992125984
11
0.4692257086614173
21
0.9730386220472441
0
LINE
8
BLACK
6
CONTINUOUS
10
0.4692257086614173
20
0.9730386220472441
11
0.469225905511811
21
0.9730407086614173
0
LINE
8
BLACK
6
CONTINUOUS
10
0.469225905511811
20
0.9730407086614173
11
0.4692257086614173
21
0.9730417322834646
0
LINE
8
BLACK
6
CONTINUOUS
10
0.4692257086614173
20
0.9730417322834646
11
0.4692262992125984
21
0.9730447637795275
0
LINE
8
BLACK
6
CONTINUOUS
10
0.4692262992125984
20
0.9730447637795275
11
0.4692824409448819
21
0.9736146850393701
0
LINE
8
BLACK
6
CONTINUOUS
10
0.4692824409448819
20
0.9736146850393701
11
0.4693942913385827
21
0.9738848031496062
0
LINE
8
BLACK
6
CONTINUOUS
10
0.4693942913385827
20
0.9738848031496062
11
0.4694516535433071
21
0.9741714173228346
0
LINE
8
BLACK
6
CONTINUOUS
10
0.4694516535433071
20
0.9741714173228346
11
0.4696125984251968
21
0.9744118110236221
0
LINE
8
BLACK
6
CONTINUOUS
10
0.4696125984251968
20
0.9744118110236221
11
0.4697233464566929
21
0.9746790944881889
0
LINE
8
BLACK
6
CONTINUOUS
10
0.4697233464566929
20
0.9746790944881889
11
0.4699300393700787
21
0.9748858267716535
0
LINE
8
BLACK
6
CONTINUOUS
10
0.4699300393700787
20
0.9748858267716535
11
0.4700927165354331
21
0.9751287007874015
0
LINE
8
BLACK
6
CONTINUOUS
10
0.4700927165354331
20
0.9751287007874015
11
0.4703334251968504
21
0.9752892125984252
0
LINE
8
BLACK
6
CONTINUOUS
10
0.4703334251968504
20
0.9752892125984252
11
0.4705379921259842
21
0.9754937401574802
0
LINE
8
BLACK
6
CONTINUOUS
10
0.4705379921259842
20
0.9754937401574802
11
0.4708080708661417
21
0.9756056299212598
0
LINE
8
BLACK
6
CONTINUOUS
10
0.4708080708661417
20
0.9756056299212598
11
0.4710513385826772
21
0.9757677952755905
0
LINE
8
BLACK
6
CONTINUOUS
10
0.4710513385826772
20
0.9757677952755905
11
0.4713351181102362
21
0.975823937007874
0
LINE
8
BLACK
6
CONTINUOUS
10
0.4713351181102362
20
0.975823937007874
11
0.4716024015748032
21
0.9759346456692913
0
LINE
8
BLACK
6
CONTINUOUS
10
0.4716024015748032
20
0.9759346456692913
11
0.4718948031496063
21
0.9759346456692913
0
LINE
8
BLACK
6
CONTINUOUS
10
0.4718948031496063
20
0.9759346456692913
11
0.4721815748031496
21
0.9759913779527559
0
LINE
8
BLACK
6
CONTINUOUS
10
0.4721815748031496
20
0.9759913779527559
11
0.4724652362204724
21
0.9759346456692913
0
LINE
8
BLACK
6
CONTINUOUS
10
0.3340218503937008
20
0.9759346456692913
11
0.3350862598425197
21
0.9754937401574802
0
LINE
8
BLACK
6
CONTINUOUS
10
0.3350862598425197
20
0.9754937401574802
11
0.335900905511811
21
0.9746790944881889
0
LINE
8
BLACK
6
CONTINUOUS
10
0.335900905511811
20
0.9746790944881889
11
0.336341811023622
21
0.9736146850393701
0
LINE
8
BLACK
6
CONTINUOUS
10
0.336341811023622
20
0.9736146850393701
11
0.3363985433070866
21
0.9730386220472441
0
LINE
8
BLACK
6
CONTINUOUS
10
0.3363985433070866
20
0.9730386220472441
11
0.3363985433070866
21
0.9336685433070866
0
LINE
8
BLACK
6
CONTINUOUS
10
0.3363985433070866
20
0.9336685433070866
11
0.336341811023622
21
0.9330924803149606
0
LINE
8
BLACK
6
CONTINUOUS
10
0.336341811023622
20
0.9330924803149606
11
0.335900905511811
21
0.9320280708661417
0
LINE
8
BLACK
6
CONTINUOUS
10
0.335900905511811
20
0.9320280708661417
11
0.3350862598425197
21
0.9312134251968504
0
LINE
8
BLACK
6
CONTINUOUS
10
0.3350862598425197
20
0.9312134251968504
11
0.3340218503937008
21
0.9307725196850394
0
LINE
8
BLACK
6
CONTINUOUS
10
0.3340218503937008
20
0.9307725196850394
11
0.3328697244094488
21
0.9307725196850394
0
LINE
8
BLACK
6
CONTINUOUS
10
0.3328697244094488
20
0.9307725196850394
11
0.3318053149606299
21
0.9312134251968504
0
LINE
8
BLACK
6
CONTINUOUS
10
0.3318053149606299
20
0.9312134251968504
11
0.3309906692913386
21
0.9320280708661417
0
LINE
8
BLACK
6
CONTINUOUS
10
0.3309906692913386
20
0.9320280708661417
11
0.3305497637795276
21
0.9330924803149606
0
LINE
8
BLACK
6
CONTINUOUS
10
0.3305497637795276
20
0.9330924803149606
11
0.330493031496063
21
0.9336685433070866
0
LINE
8
BLACK
6
CONTINUOUS
10
0.330493031496063
20
0.9336685433070866
11
0.330493031496063
21
0.9513382283464566
0
LINE
8
BLACK
6
CONTINUOUS
10
0.330493031496063
20
0.9513382283464566
11
0.3203224409448819
21
0.9513382283464566
0
LINE
8
BLACK
6
CONTINUOUS
10
0.3203224409448819
20
0.9513382283464566
11
0.3197463779527559
21
0.9513949606299212
0
LINE
8
BLACK
6
CONTINUOUS
10
0.3197463779527559
20
0.9513949606299212
11
0.318681968503937
21
0.9518358661417322
0
LINE
8
BLACK
6
CONTINUOUS
10
0.318681968503937
20
0.9518358661417322
11
0.3178673228346456
21
0.9526505118110236
0
LINE
8
BLACK
6
CONTINUOUS
10
0.3178673228346456
20
0.9526505118110236
11
0.3174264173228347
21
0.9537149212598425
0
LINE
8
BLACK
6
CONTINUOUS
10
0.3174264173228347
20
0.9537149212598425
11
0.3174264173228347
21
0.9548670472440944
0
LINE
8
BLACK
6
CONTINUOUS
10
0.3174264173228347
20
0.9548670472440944
11
0.3178673228346456
21
0.9559314566929134
0
LINE
8
BLACK
6
CONTINUOUS
10
0.3178673228346456
20
0.9559314566929134
11
0.318681968503937
21
0.9567461023622047
0
LINE
8
BLACK
6
CONTINUOUS
10
0.318681968503937
20
0.9567461023622047
11
0.3197463779527559
21
0.9571870078740157
0
LINE
8
BLACK
6
CONTINUOUS
10
0.3197463779527559
20
0.9571870078740157
11
0.3203224409448819
21
0.9572437401574803
0
LINE
8
BLACK
6
CONTINUOUS
10
0.3203224409448819
20
0.9572437401574803
11
0.330493031496063
21
0.9572437401574803
0
LINE
8
BLACK
6
CONTINUOUS
10
0.330493031496063
20
0.9572437401574803
11
0.330493031496063
21
0.9700858661417323
0
LINE
8
BLACK
6
CONTINUOUS
10
0.330493031496063
20
0.9700858661417323
11
0.3146981496062992
21
0.9700858661417323
0
LINE
8
BLACK
6
CONTINUOUS
10
0.3146981496062992
20
0.9700858661417323
11
0.3141220866141732
21
0.9701425984251968
0
LINE
8
BLACK
6
CONTINUOUS
10
0.3141220866141732
20
0.9701425984251968
11
0.3130576771653543
21
0.9705835039370079
0
LINE
8
BLACK
6
CONTINUOUS
10
0.3130576771653543
20
0.9705835039370079
11
0.312243031496063
21
0.9713981496062992
0
LINE
8
BLACK
6
CONTINUOUS
10
0.312243031496063
20
0.9713981496062992
11
0.3118021259842519
21
0.9724625590551181
0
LINE
8
BLACK
6
CONTINUOUS
10
0.3118021259842519
20
0.9724625590551181
11
0.3118021259842519
21
0.9736146850393701
0
LINE
8
BLACK
6
CONTINUOUS
10
0.3118021259842519
20
0.9736146850393701
11
0.312243031496063
21
0.9746790944881889
0
LINE
8
BLACK
6
CONTINUOUS
10
0.312243031496063
20
0.9746790944881889
11
0.3130576771653543
21
0.9754937401574802
0
LINE
8
BLACK
6
CONTINUOUS
10
0.3130576771653543
20
0.9754937401574802
11
0.3141220866141732
21
0.9759346456692913
0
LINE
8
BLACK
6
CONTINUOUS
10
0.3141220866141732
20
0.9759346456692913
11
0.3146981496062992
21
0.9759913779527559
0
LINE
8
BLACK
6
CONTINUOUS
10
0.3146981496062992
20
0.9759913779527559
11
0.3334457874015748
21
0.9759913779527559
0
LINE
8
BLACK
6
CONTINUOUS
10
0.3334457874015748
20
0.9759913779527559
11
0.3340218503937008
21
0.9759346456692913
0
LINE
8
BLACK
6
CONTINUOUS
10
0.3640181102362204
20
0.9628112992125984
11
0.3641161023622047
21
0.9627707086614173
0
LINE
8
BLACK
6
CONTINUOUS
10
0.3641161023622047
20
0.9627707086614173
11
0.3642219291338583
21
0.9627631889763779
0
LINE
8
BLACK
6
CONTINUOUS
10
0.3642219291338583
20
0.9627631889763779
11
0.3647625590551181
21
0.9625562992125984
0
LINE
8
BLACK
6
CONTINUOUS
10
0.3647625590551181
20
0.9625562992125984
11
0.3666620078740158
21
0.9616065748031496
0
LINE
8
BLACK
6
CONTINUOUS
10
0.3666620078740158
20
0.9616065748031496
11
0.3674258661417323
21
0.9623703937007874
0
LINE
8
BLACK
6
CONTINUOUS
10
0.3674258661417323
20
0.9623703937007874
11
0.3684902755905512
21
0.9628112992125984
0
LINE
8
BLACK
6
CONTINUOUS
10
0.3684902755905512
20
0.9628112992125984
11
0.3696424015748032
21
0.9628112992125984
0
LINE
8
BLACK
6
CONTINUOUS
10
0.3696424015748032
20
0.9628112992125984
11
0.370706811023622
21
0.9623703937007874
0
LINE
8
BLACK
6
CONTINUOUS
10
0.370706811023622
20
0.9623703937007874
11
0.3715214566929134
21
0.961555748031496
0
LINE
8
BLACK
6
CONTINUOUS
10
0.3715214566929134
20
0.961555748031496
11
0.3719623622047244
21
0.9604913385826771
0
LINE
8
BLACK
6
CONTINUOUS
10
0.3719623622047244
20
0.9604913385826771
11
0.372019094488189
21
0.9599152755905511
0
LINE
8
BLACK
6
CONTINUOUS
10
0.372019094488189
20
0.9599152755905511
11
0.372019094488189
21
0.9336685433070866
0
LINE
8
BLACK
6
CONTINUOUS
10
0.372019094488189
20
0.9336685433070866
11
0.3719623622047244
21
0.9330924803149606
0
LINE
8
BLACK
6
CONTINUOUS
10
0.3719623622047244
20
0.9330924803149606
11
0.3715214566929134
21
0.9320280708661417
0
LINE
8
BLACK
6
CONTINUOUS
10
0.3715214566929134
20
0.9320280708661417
11
0.370706811023622
21
0.9312134251968504
0
LINE
8
BLACK
6
CONTINUOUS
10
0.370706811023622
20
0.9312134251968504
11
0.3696424015748032
21
0.9307725196850394
0
LINE
8
BLACK
6
CONTINUOUS
10
0.3696424015748032
20
0.9307725196850394
11
0.3684902755905512
21
0.9307725196850394
0
LINE
8
BLACK
6
CONTINUOUS
10
0.3684902755905512
20
0.9307725196850394
11
0.3674258661417323
21
0.9312134251968504
0
LINE
8
BLACK
6
CONTINUOUS
10
0.3674258661417323
20
0.9312134251968504
11
0.3666112204724409
21
0.9320280708661417
0
LINE
8
BLACK
6
CONTINUOUS
10
0.3666112204724409
20
0.9320280708661417
11
0.3661703149606299
21
0.9330924803149606
0
LINE
8
BLACK
6
CONTINUOUS
10
0.3661703149606299
20
0.9330924803149606
11
0.3661135826771654
21
0.9336685433070866
0
LINE
8
BLACK
6
CONTINUOUS
10
0.3661135826771654
20
0.9336685433070866
11
0.3661135826771654
21
0.9549426771653543
0
LINE
8
BLACK
6
CONTINUOUS
10
0.3661135826771654
20
0.9549426771653543
11
0.3654424803149606
21
0.955613779527559
0
LINE
8
BLACK
6
CONTINUOUS
10
0.3654424803149606
20
0.955613779527559
11
0.362745
21
0.9569625196850393
0
LINE
8
BLACK
6
CONTINUOUS
10
0.362745
20
0.9569625196850393
11
0.3585148031496063
21
0.9569625196850393
0
LINE
8
BLACK
6
CONTINUOUS
10
0.3585148031496063
20
0.9569625196850393
11
0.3562690551181102
21
0.95583968503937
0
LINE
8
BLACK
6
CONTINUOUS
10
0.3562690551181102
20
0.95583968503937
11
0.3551462204724409
21
0.953593937007874
0
LINE
8
BLACK
6
CONTINUOUS
10
0.3551462204724409
20
0.953593937007874
11
0.3551462204724409
21
0.9336685433070866
0
LINE
8
BLACK
6
CONTINUOUS
10
0.3551462204724409
20
0.9336685433070866
11
0.3550894881889763
21
0.9330924803149606
0
LINE
8
BLACK
6
CONTINUOUS
10
0.3550894881889763
20
0.9330924803149606
11
0.3546485826771654
21
0.9320280708661417
0
LINE
8
BLACK
6
CONTINUOUS
10
0.3546485826771654
20
0.9320280708661417
11
0.353833937007874
21
0.9312134251968504
0
LINE
8
BLACK
6
CONTINUOUS
10
0.353833937007874
20
0.9312134251968504
11
0.3527695275590551
21
0.9307725196850394
0
LINE
8
BLACK
6
CONTINUOUS
10
0.3527695275590551
20
0.9307725196850394
11
0.3516174015748031
21
0.9307725196850394
0
LINE
8
BLACK
6
CONTINUOUS
10
0.3516174015748031
20
0.9307725196850394
11
0.3505529921259842
21
0.9312134251968504
0
LINE
8
BLACK
6
CONTINUOUS
10
0.3505529921259842
20
0.9312134251968504
11
0.3497383464566929
21
0.9320280708661417
0
LINE
8
BLACK
6
CONTINUOUS
10
0.3497383464566929
20
0.9320280708661417
11
0.3492974409448819
21
0.9330924803149606
0
LINE
8
BLACK
6
CONTINUOUS
10
0.3492974409448819
20
0.9330924803149606
11
0.3492407086614173
21
0.9336685433070866
0
LINE
8
BLACK
6
CONTINUOUS
10
0.3492407086614173
20
0.9336685433070866
11
0.3492407086614173
21
0.9542909842519685
0
LINE
8
BLACK
6
CONTINUOUS
10
0.3492407086614173
20
0.9542909842519685
11
0.3492974409448819
21
0.9548670472440944
0
LINE
8
BLACK
6
CONTINUOUS
10
0.3492974409448819
20
0.9548670472440944
11
0.349338031496063
21
0.9549650787401575
0
LINE
8
BLACK
6
CONTINUOUS
10
0.349338031496063
20
0.9549650787401575
11
0.3493455511811023
21
0.9550708661417323
0
LINE
8
BLACK
6
CONTINUOUS
10
0.3493455511811023
20
0.9550708661417323
11
0.3495524409448819
21
0.9556114960629921
0
LINE
8
BLACK
6
CONTINUOUS
10
0.3495524409448819
20
0.9556114960629921
11
0.3514272047244094
21
0.9593610236220472
0
LINE
8
BLACK
6
CONTINUOUS
10
0.3514272047244094
20
0.9593610236220472
11
0.3514878346456693
21
0.9594574015748031
0
LINE
8
BLACK
6
CONTINUOUS
10
0.3514878346456693
20
0.9594574015748031
11
0.3515029921259842
21
0.9595027952755906
0
LINE
8
BLACK
6
CONTINUOUS
10
0.3515029921259842
20
0.9595027952755906
11
0.3515520078740157
21
0.9595593700787401
0
LINE
8
BLACK
6
CONTINUOUS
10
0.3515520078740157
20
0.9595593700787401
11
0.3517355511811023
21
0.959850905511811
0
LINE
8
BLACK
6
CONTINUOUS
10
0.3517355511811023
20
0.959850905511811
11
0.3520152362204724
21
0.9600935039370079
0
LINE
8
BLACK
6
CONTINUOUS
10
0.3520152362204724
20
0.9600935039370079
11
0.3522578346456693
21
0.9603731889763779
0
LINE
8
BLACK
6
CONTINUOUS
10
0.3522578346456693
20
0.9603731889763779
11
0.3525493700787402
21
0.9605567322834645
0
LINE
8
BLACK
6
CONTINUOUS
10
0.3525493700787402
20
0.9605567322834645
11
0.3526059448818897
21
0.960605748031496
0
LINE
8
BLACK
6
CONTINUOUS
10
0.3526059448818897
20
0.960605748031496
11
0.3526513385826772
21
0.960620905511811
0
LINE
8
BLACK
6
CONTINUOUS
10
0.3526513385826772
20
0.960620905511811
11
0.3527477165354331
21
0.9606815354330709
0
LINE
8
BLACK
6
CONTINUOUS
10
0.3527477165354331
20
0.9606815354330709
11
0.3564972440944882
21
0.9625562992125984
0
LINE
8
BLACK
6
CONTINUOUS
10
0.3564972440944882
20
0.9625562992125984
11
0.3570378346456693
21
0.9627631889763779
0
LINE
8
BLACK
6
CONTINUOUS
10
0.3570378346456693
20
0.9627631889763779
11
0.3571437007874015
21
0.9627707480314961
0
LINE
8
BLACK
6
CONTINUOUS
10
0.3571437007874015
20
0.9627707480314961
11
0.3572416929133858
21
0.9628112992125984
0
LINE
8
BLACK
6
CONTINUOUS
10
0.3572416929133858
20
0.9628112992125984
11
0.3578177559055118
21
0.9628680314960629
0
LINE
8
BLACK
6
CONTINUOUS
10
0.3578177559055118
20
0.9628680314960629
11
0.3634420472440945
21
0.9628680314960629
0
LINE
8
BLACK
6
CONTINUOUS
10
0.3634420472440945
20
0.9628680314960629
11
0.3640181102362204
21
0.9628112992125984
0
LINE
8
BLACK
6
CONTINUOUS
10
0.393046968503937
20
1.0300181102362205
11
0.3930812598425197
21
1.0300295275590552
0
LINE
8
BLACK
6
CONTINUOUS
10
0.3930812598425197
20
1.0300295275590552
11
0.3933246850393701
21
1.029962874015748
0
LINE
8
BLACK
6
CONTINUOUS
10
0.3933246850393701
20
1.029962874015748
11
0.3935722440944882
21
1.029913622047244
0
LINE
8
BLACK
6
CONTINUOUS
10
0.3935722440944882
20
1.029913622047244
11
0.3935977559055118
21
1.0298881102362205
0
LINE
8
BLACK
6
CONTINUOUS
10
0.3935977559055118
20
1.0298881102362205
11
0.3936738976377953
21
1.0298672440944883
0
LINE
8
BLACK
6
CONTINUOUS
10
0.3936738976377953
20
1.0298672440944883
11
0.3955486614173228
21
1.0289298425196851
0
LINE
8
BLACK
6
CONTINUOUS
10
0.3955486614173228
20
1.0289298425196851
11
0.3957482283464567
21
1.0287749606299212
0
LINE
8
BLACK
6
CONTINUOUS
10
0.3957482283464567
20
1.0287749606299212
11
0.3959579133858268
21
1.028634842519685
0
LINE
8
BLACK
6
CONTINUOUS
10
0.3959579133858268
20
1.028634842519685
11
0.3968952755905512
21
1.0276974803149606
0
LINE
8
BLACK
6
CONTINUOUS
10
0.3968952755905512
20
1.0276974803149606
11
0.3972366535433071
21
1.0271865748031497
0
LINE
8
BLACK
6
CONTINUOUS
10
0.3972366535433071
20
1.0271865748031497
11
0.3972366535433071
21
1.0259812992125985
0
LINE
8
BLACK
6
CONTINUOUS
10
0.3972366535433071
20
1.0259812992125985
11
0.3963843700787402
21
1.0251290157480315
0
LINE
8
BLACK
6
CONTINUOUS
10
0.3963843700787402
20
1.0251290157480315
11
0.3951790944881889
21
1.0251290157480315
0
LINE
8
BLACK
6
CONTINUOUS
10
0.3951790944881889
20
1.0251290157480315
11
0.394668188976378
21
1.0254703937007874
0
LINE
8
BLACK
6
CONTINUOUS
10
0.394668188976378
20
1.0254703937007874
11
0.3939115354330708
21
1.0262270472440944
0
LINE
8
BLACK
6
CONTINUOUS
10
0.3939115354330708
20
1.0262270472440944
11
0.3925978346456693
21
1.0268838976377952
0
LINE
8
BLACK
6
CONTINUOUS
10
0.3925978346456693
20
1.0268838976377952
11
0.3886544488188976
21
1.0268838976377952
0
LINE
8
BLACK
6
CONTINUOUS
10
0.3886544488188976
20
1.0268838976377952
11
0.3873407086614173
21
1.0262270472440944
0
LINE
8
BLACK
6
CONTINUOUS
10
0.3873407086614173
20
1.0262270472440944
11
0.3867648031496063
21
1.0256511417322833
0
LINE
8
BLACK
6
CONTINUOUS
10
0.3867648031496063
20
1.0256511417322833
11
0.3861079527559055
21
1.024337401574803
0
LINE
8
BLACK
6
CONTINUOUS
10
0.3861079527559055
20
1.024337401574803
11
0.3861079527559055
21
1.0230899606299213
0
LINE
8
BLACK
6
CONTINUOUS
10
0.3861079527559055
20
1.0230899606299213
11
0.3868469291338583
21
1.0208729527559055
0
LINE
8
BLACK
6
CONTINUOUS
10
0.3868469291338583
20
1.0208729527559055
11
0.3978327165354331
21
1.0098872047244094
0
LINE
8
BLACK
6
CONTINUOUS
10
0.3978327165354331
20
1.0098872047244094
11
0.3981740551181102
21
1.0093762992125983
0
LINE
8
BLACK
6
CONTINUOUS
10
0.3981740551181102
20
1.0093762992125983
11
0.3981740551181102
21
1.0081709842519684
0
LINE
8
BLACK
6
CONTINUOUS
10
0.3981740551181102
20
1.0081709842519684
11
0.397321811023622
21
1.0073187401574804
0
LINE
8
BLACK
6
CONTINUOUS
10
0.397321811023622
20
1.0073187401574804
11
0.3973217716535433
21
1.0073187401574804
0
LINE
8
BLACK
6
CONTINUOUS
10
0.3973217716535433
20
1.0073187401574804
11
0.3967191338582677
21
1.0071988582677165
0
LINE
8
BLACK
6
CONTINUOUS
10
0.3967191338582677
20
1.0071988582677165
11
0.3845331496062992
21
1.0071988582677165
0
LINE
8
BLACK
6
CONTINUOUS
10
0.3845331496062992
20
1.0071988582677165
11
0.3839305118110236
21
1.0073187401574804
0
LINE
8
BLACK
6
CONTINUOUS
10
0.3839305118110236
20
1.0073187401574804
11
0.3830782283464567
21
1.0081710236220471
0
LINE
8
BLACK
6
CONTINUOUS
10
0.3830782283464567
20
1.0081710236220471
11
0.3830782283464567
21
1.0093762992125983
0
LINE
8
BLACK
6
CONTINUOUS
10
0.3830782283464567
20
1.0093762992125983
11
0.3839305118110236
21
1.0102285826771653
0
LINE
8
BLACK
6
CONTINUOUS
10
0.3839305118110236
20
1.0102285826771653
11
0.3845331496062992
21
1.0103484645669292
0
LINE
8
BLACK
6
CONTINUOUS
10
0.3845331496062992
20
1.0103484645669292
11
0.3929172047244094
21
1.0103484645669292
0
LINE
8
BLACK
6
CONTINUOUS
10
0.3929172047244094
20
1.0103484645669292
11
0.3843570078740157
21
1.0189087007874016
0
LINE
8
BLACK
6
CONTINUOUS
10
0.3843570078740157
20
1.0189087007874016
11
0.384313188976378
21
1.0189742913385826
0
LINE
8
BLACK
6
CONTINUOUS
10
0.384313188976378
20
1.0189742913385826
11
0.3842808661417323
21
1.0189904330708661
0
LINE
8
BLACK
6
CONTINUOUS
10
0.3842808661417323
20
1.0189904330708661
11
0.3841558267716536
21
1.0192098031496062
0
LINE
8
BLACK
6
CONTINUOUS
10
0.3841558267716536
20
1.0192098031496062
11
0.3840156299212598
21
1.0194196062992125
0
LINE
8
BLACK
6
CONTINUOUS
10
0.3840156299212598
20
1.0194196062992125
11
0.3840156299212598
21
1.0194557480314961
0
LINE
8
BLACK
6
CONTINUOUS
10
0.3840156299212598
20
1.0194557480314961
11
0.3839765748031496
21
1.0195242519685039
0
LINE
8
BLACK
6
CONTINUOUS
10
0.3839765748031496
20
1.0195242519685039
11
0.3830391732283465
21
1.0223364173228346
0
LINE
8
BLACK
6
CONTINUOUS
10
0.3830391732283465
20
1.0223364173228346
11
0.3830075984251968
21
1.0225867322834645
0
LINE
8
BLACK
6
CONTINUOUS
10
0.3830075984251968
20
1.0225867322834645
11
0.3829583464566929
21
1.0228344094488189
0
LINE
8
BLACK
6
CONTINUOUS
10
0.3829583464566929
20
1.0228344094488189
11
0.3829583464566929
21
1.0247091732283464
0
LINE
8
BLACK
6
CONTINUOUS
10
0.3829583464566929
20
1.0247091732283464
11
0.3829737401574803
21
1.0247865748031495
0
LINE
8
BLACK
6
CONTINUOUS
10
0.3829737401574803
20
1.0247865748031495
11
0.3829623228346457
21
1.0248208267716534
0
LINE
8
BLACK
6
CONTINUOUS
10
0.3829623228346457
20
1.0248208267716534
11
0.3830289763779527
21
1.0250642913385826
0
LINE
8
BLACK
6
CONTINUOUS
10
0.3830289763779527
20
1.0250642913385826
11
0.3830782283464567
21
1.0253118110236221
0
LINE
8
BLACK
6
CONTINUOUS
10
0.3830782283464567
20
1.0253118110236221
11
0.3831037401574803
21
1.0253373622047244
0
LINE
8
BLACK
6
CONTINUOUS
10
0.3831037401574803
20
1.0253373622047244
11
0.3831246062992126
21
1.0254134645669291
0
LINE
8
BLACK
6
CONTINUOUS
10
0.3831246062992126
20
1.0254134645669291
11
0.3840620078740157
21
1.0272882283464566
0
LINE
8
BLACK
6
CONTINUOUS
10
0.3840620078740157
20
1.0272882283464566
11
0.3842168897637795
21
1.0274878346456693
0
LINE
8
BLACK
6
CONTINUOUS
10
0.3842168897637795
20
1.0274878346456693
11
0.3843570078740157
21
1.0276974803149606
0
LINE
8
BLACK
6
CONTINUOUS
10
0.3843570078740157
20
1.0276974803149606
11
0.3852943700787401
21
1.028634842519685
0
LINE
8
BLACK
6
CONTINUOUS
10
0.3852943700787401
20
1.028634842519685
11
0.3855040157480315
21
1.0287749606299212
0
LINE
8
BLACK
6
CONTINUOUS
10
0.3855040157480315
20
1.0287749606299212
11
0.3857036220472441
21
1.0289298425196851
0
LINE
8
BLACK
6
CONTINUOUS
10
0.3857036220472441
20
1.0289298425196851
11
0.3875783858267716
21
1.0298672440944883
0
LINE
8
BLACK
6
CONTINUOUS
10
0.3875783858267716
20
1.0298672440944883
11
0.3876544881889764
21
1.0298881102362205
0
LINE
8
BLACK
6
CONTINUOUS
10
0.3876544881889764
20
1.0298881102362205
11
0.3876800393700787
21
1.029913622047244
0
LINE
8
BLACK
6
CONTINUOUS
10
0.3876800393700787
20
1.029913622047244
11
0.3879275590551181
21
1.029962874015748
0
LINE
8
BLACK
6
CONTINUOUS
10
0.3879275590551181
20
1.029962874015748
11
0.3881710236220473
21
1.0300295275590552
0
LINE
8
BLACK
6
CONTINUOUS
10
0.3881710236220473
20
1.0300295275590552
11
0.3882052755905512
21
1.0300181102362205
0
LINE
8
BLACK
6
CONTINUOUS
10
0.3882052755905512
20
1.0300181102362205
11
0.3882826771653543
21
1.0300335039370079
0
LINE
8
BLACK
6
CONTINUOUS
10
0.3882826771653543
20
1.0300335039370079
11
0.3929696062992126
21
1.0300335039370079
0
LINE
8
BLACK
6
CONTINUOUS
10
0.3929696062992126
20
1.0300335039370079
11
0.393046968503937
21
1.0300181102362205
0
LINE
8
BLACK
6
CONTINUOUS
10
0.4091527952755906
20
1.0299842519685038
11
0.4094031102362204
21
1.0299526771653542
0
LINE
8
BLACK
6
CONTINUOUS
10
0.4094031102362204
20
1.0299526771653542
11
0.4122152362204725
21
1.0290152755905511
0
LINE
8
BLACK
6
CONTINUOUS
10
0.4122152362204725
20
1.0290152755905511
11
0.4122837401574803
21
1.0289762204724409
0
LINE
8
BLACK
6
CONTINUOUS
10
0.4122837401574803
20
1.0289762204724409
11
0.4123198818897638
21
1.0289762204724409
0
LINE
8
BLACK
6
CONTINUOUS
10
0.4123198818897638
20
1.0289762204724409
11
0.41252968503937
21
1.0288360236220473
0
LINE
8
BLACK
6
CONTINUOUS
10
0.41252968503937
20
1.0288360236220473
11
0.4127490551181102
21
1.0287109842519684
0
LINE
8
BLACK
6
CONTINUOUS
10
0.4127490551181102
20
1.0287109842519684
11
0.4127651968503937
21
1.0286786614173229
0
LINE
8
BLACK
6
CONTINUOUS
10
0.4127651968503937
20
1.0286786614173229
11
0.4128307874015748
21
1.028634842519685
0
LINE
8
BLACK
6
CONTINUOUS
10
0.4128307874015748
20
1.028634842519685
11
0.4147055511811024
21
1.0267601181102362
0
LINE
8
BLACK
6
CONTINUOUS
10
0.4147055511811024
20
1.0267601181102362
11
0.4148458267716535
21
1.0265501968503936
0
LINE
8
BLACK
6
CONTINUOUS
10
0.4148458267716535
20
1.0265501968503936
11
0.4150005511811024
21
1.0263508267716535
0
LINE
8
BLACK
6
CONTINUOUS
10
0.4150005511811024
20
1.0263508267716535
11
0.4159379527559055
21
1.0244760629921259
0
LINE
8
BLACK
6
CONTINUOUS
10
0.4159379527559055
20
1.0244760629921259
11
0.4159835039370078
21
1.02430968503937
0
LINE
8
BLACK
6
CONTINUOUS
10
0.4159835039370078
20
1.02430968503937
11
0.4160572047244094
21
1.0241537007874015
0
LINE
8
BLACK
6
CONTINUOUS
10
0.4160572047244094
20
1.0241537007874015
11
0.4169945669291338
21
1.0204041732283464
0
LINE
8
BLACK
6
CONTINUOUS
10
0.4169945669291338
20
1.0204041732283464
11
0.417003937007874
21
1.0202114566929135
0
LINE
8
BLACK
6
CONTINUOUS
10
0.417003937007874
20
1.0202114566929135
11
0.4170415748031496
21
1.0200222440944882
0
LINE
8
BLACK
6
CONTINUOUS
10
0.4170415748031496
20
1.0200222440944882
11
0.4170415748031496
21
1.0172101181102362
0
LINE
8
BLACK
6
CONTINUOUS
10
0.4170415748031496
20
1.0172101181102362
11
0.417003937007874
21
1.0170209448818897
0
LINE
8
BLACK
6
CONTINUOUS
10
0.417003937007874
20
1.0170209448818897
11
0.4169945669291338
21
1.0168281889763779
0
LINE
8
BLACK
6
CONTINUOUS
10
0.4169945669291338
20
1.0168281889763779
11
0.4160572047244094
21
1.0130786614173228
0
LINE
8
BLACK
6
CONTINUOUS
10
0.4160572047244094
20
1.0130786614173228
11
0.4159835039370078
21
1.0129227165354331
0
LINE
8
BLACK
6
CONTINUOUS
10
0.4159835039370078
20
1.0129227165354331
11
0.4159379527559055
21
1.0127562992125985
0
LINE
8
BLACK
6
CONTINUOUS
10
0.4159379527559055
20
1.0127562992125985
11
0.4150005511811024
21
1.0108815354330709
0
LINE
8
BLACK
6
CONTINUOUS
10
0.4150005511811024
20
1.0108815354330709
11
0.4148456299212598
21
1.010681968503937
0
LINE
8
BLACK
6
CONTINUOUS
10
0.4148456299212598
20
1.010681968503937
11
0.4147055511811024
21
1.010472283464567
0
LINE
8
BLACK
6
CONTINUOUS
10
0.4147055511811024
20
1.010472283464567
11
0.4128308267716536
21
1.0085974803149607
0
LINE
8
BLACK
6
CONTINUOUS
10
0.4128308267716536
20
1.0085974803149607
11
0.4127651968503937
21
1.0085536614173227
0
LINE
8
BLACK
6
CONTINUOUS
10
0.4127651968503937
20
1.0085536614173227
11
0.4127490551181102
21
1.0085213385826772
0
LINE
8
BLACK
6
CONTINUOUS
10
0.4127490551181102
20
1.0085213385826772
11
0.4125299606299213
21
1.0083964960629921
0
LINE
8
BLACK
6
CONTINUOUS
10
0.4125299606299213
20
1.0083964960629921
11
0.4123199212598425
21
1.0082561023622048
0
LINE
8
BLACK
6
CONTINUOUS
10
0.4123199212598425
20
1.0082561023622048
11
0.4122837401574803
21
1.0082561023622048
0
LINE
8
BLACK
6
CONTINUOUS
10
0.4122837401574803
20
1.0082561023622048
11
0.4122152362204725
21
1.0082170472440946
0
LINE
8
BLACK
6
CONTINUOUS
10
0.4122152362204725
20
1.0082170472440946
11
0.4094031102362204
21
1.0072796850393702
0
LINE
8
BLACK
6
CONTINUOUS
10
0.4094031102362204
20
1.0072796850393702
11
0.4091527952755906
21
1.0072481496062993
0
LINE
8
BLACK
6
CONTINUOUS
10
0.4091527952755906
20
1.0072481496062993
11
0.4089051181102362
21
1.0071988582677165
0
LINE
8
BLACK
6
CONTINUOUS
10
0.4089051181102362
20
1.0071988582677165
11
0.4070303543307087
21
1.0071988582677165
0
LINE
8
BLACK
6
CONTINUOUS
10
0.4070303543307087
20
1.0071988582677165
11
0.4067829133858268
21
1.0072481102362205
0
LINE
8
BLACK
6
CONTINUOUS
10
0.4067829133858268
20
1.0072481102362205
11
0.4065324015748031
21
1.0072796456692914
0
LINE
8
BLACK
6
CONTINUOUS
10
0.4065324015748031
20
1.0072796456692914
11
0.4037201968503937
21
1.0082170472440946
0
LINE
8
BLACK
6
CONTINUOUS
10
0.4037201968503937
20
1.0082170472440946
11
0.4036516929133858
21
1.0082561023622048
0
LINE
8
BLACK
6
CONTINUOUS
10
0.4036516929133858
20
1.0082561023622048
11
0.4036155118110236
21
1.0082561023622048
0
LINE
8
BLACK
6
CONTINUOUS
10
0.4036155118110236
20
1.0082561023622048
11
0.4034053149606299
21
1.0083965748031496
0
LINE
8
BLACK
6
CONTINUOUS
10
0.4034053149606299
20
1.0083965748031496
11
0.4031864173228346
21
1.0085213385826772
0
LINE
8
BLACK
6
CONTINUOUS
10
0.4031864173228346
20
1.0085213385826772
11
0.4031702755905512
21
1.008553622047244
0
LINE
8
BLACK
6
CONTINUOUS
10
0.4031702755905512
20
1.008553622047244
11
0.4031046062992126
21
1.0085974803149607
0
LINE
8
BLACK
6
CONTINUOUS
10
0.4031046062992126
20
1.0085974803149607
11
0.4021672440944882
21
1.0095348818897638
0
LINE
8
BLACK
6
CONTINUOUS
10
0.4021672440944882
20
1.0095348818897638
11
0.401825905511811
21
1.0100457874015747
0
LINE
8
BLACK
6
CONTINUOUS
10
0.401825905511811
20
1.0100457874015747
11
0.4018259448818898
21
1.0112511023622046
0
LINE
8
BLACK
6
CONTINUOUS
10
0.4018259448818898
20
1.0112511023622046
11
0.402678188976378
21
1.0121033464566929
0
LINE
8
BLACK
6
CONTINUOUS
10
0.402678188976378
20
1.0121033464566929
11
0.4038835039370078
21
1.0121033070866141
0
LINE
8
BLACK
6
CONTINUOUS
10
0.4038835039370078
20
1.0121033070866141
11
0.4043944094488189
21
1.011761968503937
0
LINE
8
BLACK
6
CONTINUOUS
10
0.4043944094488189
20
1.011761968503937
11
0.4050688582677165
21
1.0110874409448818
0
LINE
8
BLACK
6
CONTINUOUS
10
0.4050688582677165
20
1.0110874409448818
11
0.4072858661417323
21
1.0103484645669292
0
LINE
8
BLACK
6
CONTINUOUS
10
0.4072858661417323
20
1.0103484645669292
11
0.4086496062992126
21
1.0103484645669292
0
LINE
8
BLACK
6
CONTINUOUS
10
0.4086496062992126
20
1.0103484645669292
11
0.4108665354330708
21
1.0110874803149605
0
LINE
8
BLACK
6
CONTINUOUS
10
0.4108665354330708
20
1.0110874803149605
11
0.4122977559055118
21
1.0125187007874015
0
LINE
8
BLACK
6
CONTINUOUS
10
0.4122977559055118
20
1.0125187007874015
11
0.4130435039370078
21
1.0140102755905511
0
LINE
8
BLACK
6
CONTINUOUS
10
0.4130435039370078
20
1.0140102755905511
11
0.413891968503937
21
1.0174040157480315
0
LINE
8
BLACK
6
CONTINUOUS
10
0.413891968503937
20
1.0174040157480315
11
0.413891968503937
21
1.0198283858267716
0
LINE
8
BLACK
6
CONTINUOUS
10
0.413891968503937
20
1.0198283858267716
11
0.4130435039370078
21
1.023222125984252
0
LINE
8
BLACK
6
CONTINUOUS
10
0.4130435039370078
20
1.023222125984252
11
0.4122977559055118
21
1.0247137007874016
0
LINE
8
BLACK
6
CONTINUOUS
10
0.4122977559055118
20
1.0247137007874016
11
0.4108665354330708
21
1.0261449212598426
0
LINE
8
BLACK
6
CONTINUOUS
10
0.4108665354330708
20
1.0261449212598426
11
0.4086496062992126
21
1.0268838976377952
0
LINE
8
BLACK
6
CONTINUOUS
10
0.4086496062992126
20
1.0268838976377952
11
0.4072858661417323
21
1.0268838976377952
0
LINE
8
BLACK
6
CONTINUOUS
10
0.4072858661417323
20
1.0268838976377952
11
0.4050688582677165
21
1.0261449212598426
0
LINE
8
BLACK
6
CONTINUOUS
10
0.4050688582677165
20
1.0261449212598426
11
0.4043943700787401
21
1.0254703937007874
0
LINE
8
BLACK
6
CONTINUOUS
10
0.4043943700787401
20
1.0254703937007874
11
0.4038834645669291
21
1.0251290157480315
0
LINE
8
BLACK
6
CONTINUOUS
10
0.4038834645669291
20
1.0251290157480315
11
0.402678188976378
21
1.0251290157480315
0
LINE
8
BLACK
6
CONTINUOUS
10
0.402678188976378
20
1.0251290157480315
11
0.401825905511811
21
1.0259812992125985
0
LINE
8
BLACK
6
CONTINUOUS
10
0.401825905511811
20
1.0259812992125985
11
0.401825905511811
21
1.0271865748031497
0
LINE
8
BLACK
6
CONTINUOUS
10
0.401825905511811
20
1.0271865748031497
11
0.4021672834645669
21
1.0276974803149606
0
LINE
8
BLACK
6
CONTINUOUS
10
0.4021672834645669
20
1.0276974803149606
11
0.4031046456692913
21
1.028634842519685
0
LINE
8
BLACK
6
CONTINUOUS
10
0.4031046456692913
20
1.028634842519685
11
0.4031701968503937
21
1.0286786614173229
0
LINE
8
BLACK
6
CONTINUOUS
10
0.4031701968503937
20
1.0286786614173229
11
0.4031863779527559
21
1.0287109842519684
0
LINE
8
BLACK
6
CONTINUOUS
10
0.4031863779527559
20
1.0287109842519684
11
0.4034057086614173
21
1.0288360236220473
0
LINE
8
BLACK
6
CONTINUOUS
10
0.4034057086614173
20
1.0288360236220473
11
0.4036155511811024
21
1.0289762204724409
0
LINE
8
BLACK
6
CONTINUOUS
10
0.4036155511811024
20
1.0289762204724409
11
0.4036516929133858
21
1.0289762204724409
0
LINE
8
BLACK
6
CONTINUOUS
10
0.4036516929133858
20
1.0289762204724409
11
0.4037201968503937
21
1.0290152755905511
0
LINE
8
BLACK
6
CONTINUOUS
10
0.4037201968503937
20
1.0290152755905511
11
0.4065323622047244
21
1.0299526771653542
0
LINE
8
BLACK
6
CONTINUOUS
10
0.4065323622047244
20
1.0299526771653542
11
0.4067826377952756
21
1.0299842519685038
0
LINE
8
BLACK
6
CONTINUOUS
10
0.4067826377952756
20
1.0299842519685038
11
0.4070303543307087
21
1.0300335039370079
0
LINE
8
BLACK
6
CONTINUOUS
10
0.4070303543307087
20
1.0300335039370079
11
0.4089051181102362
21
1.0300335039370079
0
LINE
8
BLACK
6
CONTINUOUS
10
0.4089051181102362
20
1.0300335039370079
11
0.4091527952755906
21
1.0299842519685038
0
LINE
8
BLACK
6
CONTINUOUS
10
0.4401233858267716
20
1.044141496062992
11
0.4411887401574803
21
1.0430761417322834
0
LINE
8
BLACK
6
CONTINUOUS
10
0.4411887401574803
20
1.0430761417322834
11
0.4413385826771654
21
1.0423228346456692
0
LINE
8
BLACK
6
CONTINUOUS
10
0.4413385826771654
20
1.0423228346456692
11
0.4413385826771654
21
0.9931102362204725
0
LINE
8
BLACK
6
CONTINUOUS
10
0.4413385826771654
20
0.9931102362204725
11
0.4411887401574803
21
0.9923569291338582
0
LINE
8
BLACK
6
CONTINUOUS
10
0.4411887401574803
20
0.9923569291338582
11
0.4401233858267716
21
0.9912915748031496
0
LINE
8
BLACK
6
CONTINUOUS
10
0.4401233858267716
20
0.9912915748031496
11
0.4393700787401575
21
0.9911417322834646
0
LINE
8
BLACK
6
CONTINUOUS
10
0.4393700787401575
20
0.9911417322834646
11
0.3606299212598425
21
0.9911417322834646
0
LINE
8
BLACK
6
CONTINUOUS
10
0.3606299212598425
20
0.9911417322834646
11
0.3598766141732284
21
0.9912915748031496
0
LINE
8
BLACK
6
CONTINUOUS
10
0.3598766141732284
20
0.9912915748031496
11
0.3588112598425197
21
0.9923569291338582
0
LINE
8
BLACK
6
CONTINUOUS
10
0.3588112598425197
20
0.9923569291338582
11
0.3586614173228346
21
0.9931102362204725
0
LINE
8
BLACK
6
CONTINUOUS
10
0.3586614173228346
20
0.9931102362204725
11
0.3586614173228346
21
1.0423228346456692
0
LINE
8
BLACK
6
CONTINUOUS
10
0.3586614173228346
20
1.0423228346456692
11
0.3588112598425197
21
1.0430761417322834
0
LINE
8
BLACK
6
CONTINUOUS
10
0.3588112598425197
20
1.0430761417322834
11
0.3598766141732284
21
1.044141496062992
0
LINE
8
BLACK
6
CONTINUOUS
10
0.3598766141732284
20
1.044141496062992
11
0.3606299212598425
21
1.0442913385826771
0
LINE
8
BLACK
6
CONTINUOUS
10
0.3606299212598425
20
1.0442913385826771
11
0.4393700787401575
21
1.0442913385826771
0
LINE
8
BLACK
6
CONTINUOUS
10
0.4393700787401575
20
1.0442913385826771
11
0.4401233858267716
21
1.044141496062992
0
LINE
8
BLACK
6
CONTINUOUS
10
0.3625984251968504
20
1.0403543307086613
11
0.3625984251968504
21
0.9950787401574803
0
LINE
8
BLACK
6
CONTINUOUS
10
0.3625984251968504
20
0.9950787401574803
11
0.4374015748031496
21
0.9950787401574803
0
LINE
8
BLACK
6
CONTINUOUS
10
0.4374015748031496
20
0.9950787401574803
11
0.4374015748031496
21
1.0403543307086613
0
LINE
8
BLACK
6
CONTINUOUS
10
0.4374015748031496
20
1.0403543307086613
11
0.3625984251968504
21
1.0403543307086613
0
CIRCLE
8
BLACK
10
0.
20
1.2
40
0.0068897637795276
0
CIRCLE
8
BLACK
10
1.2
20
0.
40
0.0068897637795276
0
CIRCLE
8
BLACK
10
1.25
20
0.5
40
0.0068897637795276
0
CIRCLE
8
BLACK
10
1.1499999999999999
20
0.5
40
0.0068897637795276
0
CIRCLE
8
BLACK
10
1.25
20
0.6
40
0.0068897637795276
0
CIRCLE
8
BLACK
10
1.1499999999999999
20
0.6
40
0.0068897637795276
0
CIRCLE
8
BLACK
10
1.25
20
0.7
40
0.0068897637795276
0
CIRCLE
8
BLACK
10
1.1499999999999999
20
0.7
40
0.0068897637795276
0
CIRCLE
8
BLACK
10
0.
20
0.
40
0.0068897637795276
0
CIRCLE
8
BLACK
10
1.2
20
1.2
40
0.0068897637795276
0
CIRCLE
8
BLACK
10
0.
20
1.2
40
0.0068897637795276
0
CIRCLE
8
BLACK
10
1.2
20
0.
40
0.0068897637795276
0
CIRCLE
8
BLACK
10
1.25
20
0.5
40
0.0068897637795276
0
CIRCLE
8
BLACK
10
1.1499999999999999
20
0.5
40
0.0068897637795276
0
CIRCLE
8
BLACK
10
1.25
20
0.6
40
0.0068897637795276
0
CIRCLE
8
BLACK
10
1.1499999999999999
20
0.6
40
0.0068897637795276
0
CIRCLE
8
BLACK
10
1.25
20
0.7
40
0.0068897637795276
0
CIRCLE
8
BLACK
10
1.1499999999999999
20
0.7
40
0.0068897637795276
0
CIRCLE
8
BLACK
10
0.
20
0.
40
0.0068897637795276
0
CIRCLE
8
BLACK
10
1.2
20
1.2
40
0.0068897637795276
  0
ENDSEC
  0
EOF
