ISO-10303-21;
HEADER;
FILE_DESCRIPTION(('KiCad electronic assembly'),'2;1');
FILE_NAME('GLCD01.step','2026-05-06T21:20:23',('Pcbnew'),('Kicad'),
  'Open CASCADE STEP processor 7.8','KiCad to STEP converter','Unknown'
  );
FILE_SCHEMA(('AUTOMOTIVE_DESIGN { 1 0 10303 214 1 1 1 1 }'));
ENDSEC;
DATA;
#1 = APPLICATION_PROTOCOL_DEFINITION('international standard',
  'automotive_design',2000,#2);
#2 = APPLICATION_CONTEXT(
  'core data for automotive mechanical design processes');
#3 = SHAPE_DEFINITION_REPRESENTATION(#4,#10);
#4 = PRODUCT_DEFINITION_SHAPE('','',#5);
#5 = PRODUCT_DEFINITION('design','',#6,#9);
#6 = PRODUCT_DEFINITION_FORMATION('','',#7);
#7 = PRODUCT('GLCD01 1','GLCD01 1','',(#8));
#8 = PRODUCT_CONTEXT('',#2,'mechanical');
#9 = PRODUCT_DEFINITION_CONTEXT('part definition',#2,'design');
#10 = SHAPE_REPRESENTATION('',(#11,#15,#19,#23,#27,#31,#35,#39,#43,#47,
    #51),#55);
#11 = AXIS2_PLACEMENT_3D('',#12,#13,#14);
#12 = CARTESIAN_POINT('',(0.,0.,0.));
#13 = DIRECTION('',(0.,0.,1.));
#14 = DIRECTION('',(1.,0.,-0.));
#15 = AXIS2_PLACEMENT_3D('',#16,#17,#18);
#16 = CARTESIAN_POINT('',(120.07,-72.97,-8.5E-02));
#17 = DIRECTION('',(1.499759782662E-32,1.224646799147E-16,-1.));
#18 = DIRECTION('',(-1.,1.224646799147E-16,0.));
#19 = AXIS2_PLACEMENT_3D('',#20,#21,#22);
#20 = CARTESIAN_POINT('',(115.67,-85.87,-8.5E-02));
#21 = DIRECTION('',(1.224646799147E-16,-1.359631073447E-32,-1.));
#22 = DIRECTION('',(1.110223024625E-16,1.,0.));
#23 = AXIS2_PLACEMENT_3D('',#24,#25,#26);
#24 = CARTESIAN_POINT('',(129.43,-98.79,-8.5E-02));
#25 = DIRECTION('',(-1.224646799147E-16,-1.359631073447E-32,-1.));
#26 = DIRECTION('',(1.110223024625E-16,-1.,0.));
#27 = AXIS2_PLACEMENT_3D('',#28,#29,#30);
#28 = CARTESIAN_POINT('',(123.205,-81.78,-8.5E-02));
#29 = DIRECTION('',(0.,-1.224646799147E-16,-1.));
#30 = DIRECTION('',(1.,0.,0.));
#31 = AXIS2_PLACEMENT_3D('',#32,#33,#34);
#32 = CARTESIAN_POINT('',(122.35,-79.06,-8.5E-02));
#33 = DIRECTION('',(1.499759782662E-32,1.224646799147E-16,-1.));
#34 = DIRECTION('',(-1.,1.224646799147E-16,0.));
#35 = AXIS2_PLACEMENT_3D('',#36,#37,#38);
#36 = CARTESIAN_POINT('',(116.97,-72.97,-8.5E-02));
#37 = DIRECTION('',(1.499759782662E-32,1.224646799147E-16,-1.));
#38 = DIRECTION('',(-1.,1.224646799147E-16,0.));
#39 = AXIS2_PLACEMENT_3D('',#40,#41,#42);
#40 = CARTESIAN_POINT('',(119.185,-86.56,-8.5E-02));
#41 = DIRECTION('',(1.499759782662E-32,1.224646799147E-16,-1.));
#42 = DIRECTION('',(-1.,1.224646799147E-16,0.));
#43 = AXIS2_PLACEMENT_3D('',#44,#45,#46);
#44 = CARTESIAN_POINT('',(119.32,-82.8,-8.5E-02));
#45 = DIRECTION('',(0.,-1.224646799147E-16,-1.));
#46 = DIRECTION('',(1.,0.,0.));
#47 = AXIS2_PLACEMENT_3D('',#48,#49,#50);
#48 = CARTESIAN_POINT('',(118.84,-76.32,-8.5E-02));
#49 = DIRECTION('',(-1.224646799147E-16,-1.359631073447E-32,-1.));
#50 = DIRECTION('',(1.110223024625E-16,-1.,0.));
#51 = AXIS2_PLACEMENT_3D('',#52,#53,#54);
#52 = CARTESIAN_POINT('',(0.,0.,0.));
#53 = DIRECTION('',(0.,0.,1.));
#54 = DIRECTION('',(1.,0.,-0.));
#55 = ( GEOMETRIC_REPRESENTATION_CONTEXT(3) 
GLOBAL_UNCERTAINTY_ASSIGNED_CONTEXT((#59)) GLOBAL_UNIT_ASSIGNED_CONTEXT(
(#56,#57,#58)) REPRESENTATION_CONTEXT('Context #1',
  '3D Context with UNIT and UNCERTAINTY') );
#56 = ( LENGTH_UNIT() NAMED_UNIT(*) SI_UNIT(.MILLI.,.METRE.) );
#57 = ( NAMED_UNIT(*) PLANE_ANGLE_UNIT() SI_UNIT($,.RADIAN.) );
#58 = ( NAMED_UNIT(*) SI_UNIT($,.STERADIAN.) SOLID_ANGLE_UNIT() );
#59 = UNCERTAINTY_MEASURE_WITH_UNIT(LENGTH_MEASURE(1.E-07),#56,
  'distance_accuracy_value','confusion accuracy');
#60 = PRODUCT_RELATED_PRODUCT_CATEGORY('part',$,(#7));
#61 = SHAPE_DEFINITION_REPRESENTATION(#62,#68);
#62 = PRODUCT_DEFINITION_SHAPE('','',#63);
#63 = PRODUCT_DEFINITION('design','',#64,#67);
#64 = PRODUCT_DEFINITION_FORMATION('','',#65);
#65 = PRODUCT('R_0603_1608Metric','R_0603_1608Metric','',(#66));
#66 = PRODUCT_CONTEXT('',#2,'mechanical');
#67 = PRODUCT_DEFINITION_CONTEXT('part definition',#2,'design');
#68 = ADVANCED_BREP_SHAPE_REPRESENTATION('',(#11,#69),#859);
#69 = MANIFOLD_SOLID_BREP('',#70);
#70 = CLOSED_SHELL('',(#71,#111,#194,#219,#244,#311,#328,#345,#394,#411,
    #428,#477,#494,#563,#594,#618,#687,#711,#728,#745,#762,#779,#796,
    #813,#830,#847));
#71 = ADVANCED_FACE('',(#72),#106,.F.);
#72 = FACE_BOUND('',#73,.F.);
#73 = EDGE_LOOP('',(#74,#84,#92,#100));
#74 = ORIENTED_EDGE('',*,*,#75,.F.);
#75 = EDGE_CURVE('',#76,#78,#80,.T.);
#76 = VERTEX_POINT('',#77);
#77 = CARTESIAN_POINT('',(-0.8,-0.4,4.5E-02));
#78 = VERTEX_POINT('',#79);
#79 = CARTESIAN_POINT('',(-0.8,-0.4,0.405));
#80 = LINE('',#81,#82);
#81 = CARTESIAN_POINT('',(-0.8,-0.4,0.));
#82 = VECTOR('',#83,1.);
#83 = DIRECTION('',(0.,0.,1.));
#84 = ORIENTED_EDGE('',*,*,#85,.T.);
#85 = EDGE_CURVE('',#76,#86,#88,.T.);
#86 = VERTEX_POINT('',#87);
#87 = CARTESIAN_POINT('',(-0.8,0.4,4.5E-02));
#88 = LINE('',#89,#90);
#89 = CARTESIAN_POINT('',(-0.8,-0.4,4.5E-02));
#90 = VECTOR('',#91,1.);
#91 = DIRECTION('',(0.,1.,0.));
#92 = ORIENTED_EDGE('',*,*,#93,.T.);
#93 = EDGE_CURVE('',#86,#94,#96,.T.);
#94 = VERTEX_POINT('',#95);
#95 = CARTESIAN_POINT('',(-0.8,0.4,0.405));
#96 = LINE('',#97,#98);
#97 = CARTESIAN_POINT('',(-0.8,0.4,0.));
#98 = VECTOR('',#99,1.);
#99 = DIRECTION('',(0.,0.,1.));
#100 = ORIENTED_EDGE('',*,*,#101,.F.);
#101 = EDGE_CURVE('',#78,#94,#102,.T.);
#102 = LINE('',#103,#104);
#103 = CARTESIAN_POINT('',(-0.8,-0.4,0.405));
#104 = VECTOR('',#105,1.);
#105 = DIRECTION('',(0.,1.,0.));
#106 = PLANE('',#107);
#107 = AXIS2_PLACEMENT_3D('',#108,#109,#110);
#108 = CARTESIAN_POINT('',(-0.8,-0.4,0.));
#109 = DIRECTION('',(1.,0.,0.));
#110 = DIRECTION('',(0.,0.,1.));
#111 = ADVANCED_FACE('',(#112),#189,.F.);
#112 = FACE_BOUND('',#113,.F.);
#113 = EDGE_LOOP('',(#114,#124,#131,#132,#141,#149,#158,#166,#174,#182)
  );
#114 = ORIENTED_EDGE('',*,*,#115,.F.);
#115 = EDGE_CURVE('',#116,#118,#120,.T.);
#116 = VERTEX_POINT('',#117);
#117 = CARTESIAN_POINT('',(-0.755,-0.4,-2.775557561563E-17));
#118 = VERTEX_POINT('',#119);
#119 = CARTESIAN_POINT('',(-0.545,-0.4,-2.775557561563E-17));
#120 = LINE('',#121,#122);
#121 = CARTESIAN_POINT('',(-0.8,-0.4,0.));
#122 = VECTOR('',#123,1.);
#123 = DIRECTION('',(1.,0.,0.));
#124 = ORIENTED_EDGE('',*,*,#125,.F.);
#125 = EDGE_CURVE('',#76,#116,#126,.T.);
#126 = CIRCLE('',#127,4.5E-02);
#127 = AXIS2_PLACEMENT_3D('',#128,#129,#130);
#128 = CARTESIAN_POINT('',(-0.755,-0.4,4.5E-02));
#129 = DIRECTION('',(0.,-1.,0.));
#130 = DIRECTION('',(0.,0.,1.));
#131 = ORIENTED_EDGE('',*,*,#75,.T.);
#132 = ORIENTED_EDGE('',*,*,#133,.T.);
#133 = EDGE_CURVE('',#78,#134,#136,.T.);
#134 = VERTEX_POINT('',#135);
#135 = CARTESIAN_POINT('',(-0.755,-0.4,0.45));
#136 = CIRCLE('',#137,4.5E-02);
#137 = AXIS2_PLACEMENT_3D('',#138,#139,#140);
#138 = CARTESIAN_POINT('',(-0.755,-0.4,0.405));
#139 = DIRECTION('',(0.,1.,0.));
#140 = DIRECTION('',(0.,-0.,1.));
#141 = ORIENTED_EDGE('',*,*,#142,.T.);
#142 = EDGE_CURVE('',#134,#143,#145,.T.);
#143 = VERTEX_POINT('',#144);
#144 = CARTESIAN_POINT('',(-0.545,-0.4,0.45));
#145 = LINE('',#146,#147);
#146 = CARTESIAN_POINT('',(-0.8,-0.4,0.45));
#147 = VECTOR('',#148,1.);
#148 = DIRECTION('',(1.,0.,0.));
#149 = ORIENTED_EDGE('',*,*,#150,.F.);
#150 = EDGE_CURVE('',#151,#143,#153,.T.);
#151 = VERTEX_POINT('',#152);
#152 = CARTESIAN_POINT('',(-0.5,-0.4,0.405));
#153 = CIRCLE('',#154,4.5E-02);
#154 = AXIS2_PLACEMENT_3D('',#155,#156,#157);
#155 = CARTESIAN_POINT('',(-0.545,-0.4,0.405));
#156 = DIRECTION('',(0.,-1.,0.));
#157 = DIRECTION('',(0.,0.,1.));
#158 = ORIENTED_EDGE('',*,*,#159,.F.);
#159 = EDGE_CURVE('',#160,#151,#162,.T.);
#160 = VERTEX_POINT('',#161);
#161 = CARTESIAN_POINT('',(-0.755,-0.4,0.405));
#162 = LINE('',#163,#164);
#163 = CARTESIAN_POINT('',(-0.755,-0.4,0.405));
#164 = VECTOR('',#165,1.);
#165 = DIRECTION('',(1.,0.,0.));
#166 = ORIENTED_EDGE('',*,*,#167,.F.);
#167 = EDGE_CURVE('',#168,#160,#170,.T.);
#168 = VERTEX_POINT('',#169);
#169 = CARTESIAN_POINT('',(-0.755,-0.4,4.5E-02));
#170 = LINE('',#171,#172);
#171 = CARTESIAN_POINT('',(-0.755,-0.4,4.5E-02));
#172 = VECTOR('',#173,1.);
#173 = DIRECTION('',(0.,0.,1.));
#174 = ORIENTED_EDGE('',*,*,#175,.T.);
#175 = EDGE_CURVE('',#168,#176,#178,.T.);
#176 = VERTEX_POINT('',#177);
#177 = CARTESIAN_POINT('',(-0.5,-0.4,4.5E-02));
#178 = LINE('',#179,#180);
#179 = CARTESIAN_POINT('',(-0.755,-0.4,4.5E-02));
#180 = VECTOR('',#181,1.);
#181 = DIRECTION('',(1.,0.,0.));
#182 = ORIENTED_EDGE('',*,*,#183,.T.);
#183 = EDGE_CURVE('',#176,#118,#184,.T.);
#184 = CIRCLE('',#185,4.5E-02);
#185 = AXIS2_PLACEMENT_3D('',#186,#187,#188);
#186 = CARTESIAN_POINT('',(-0.545,-0.4,4.5E-02));
#187 = DIRECTION('',(0.,1.,0.));
#188 = DIRECTION('',(0.,-0.,1.));
#189 = PLANE('',#190);
#190 = AXIS2_PLACEMENT_3D('',#191,#192,#193);
#191 = CARTESIAN_POINT('',(-0.8,-0.4,0.));
#192 = DIRECTION('',(0.,1.,0.));
#193 = DIRECTION('',(0.,-0.,1.));
#194 = ADVANCED_FACE('',(#195),#214,.T.);
#195 = FACE_BOUND('',#196,.T.);
#196 = EDGE_LOOP('',(#197,#198,#207,#213));
#197 = ORIENTED_EDGE('',*,*,#85,.T.);
#198 = ORIENTED_EDGE('',*,*,#199,.T.);
#199 = EDGE_CURVE('',#86,#200,#202,.T.);
#200 = VERTEX_POINT('',#201);
#201 = CARTESIAN_POINT('',(-0.755,0.4,-2.775557561563E-17));
#202 = CIRCLE('',#203,4.5E-02);
#203 = AXIS2_PLACEMENT_3D('',#204,#205,#206);
#204 = CARTESIAN_POINT('',(-0.755,0.4,4.5E-02));
#205 = DIRECTION('',(0.,-1.,0.));
#206 = DIRECTION('',(0.,0.,1.));
#207 = ORIENTED_EDGE('',*,*,#208,.F.);
#208 = EDGE_CURVE('',#116,#200,#209,.T.);
#209 = LINE('',#210,#211);
#210 = CARTESIAN_POINT('',(-0.755,-0.4,-2.775557561563E-17));
#211 = VECTOR('',#212,1.);
#212 = DIRECTION('',(0.,1.,0.));
#213 = ORIENTED_EDGE('',*,*,#125,.F.);
#214 = CYLINDRICAL_SURFACE('',#215,4.5E-02);
#215 = AXIS2_PLACEMENT_3D('',#216,#217,#218);
#216 = CARTESIAN_POINT('',(-0.755,-0.4,4.5E-02));
#217 = DIRECTION('',(0.,1.,0.));
#218 = DIRECTION('',(-1.,0.,0.));
#219 = ADVANCED_FACE('',(#220),#239,.T.);
#220 = FACE_BOUND('',#221,.T.);
#221 = EDGE_LOOP('',(#222,#223,#231,#238));
#222 = ORIENTED_EDGE('',*,*,#133,.T.);
#223 = ORIENTED_EDGE('',*,*,#224,.T.);
#224 = EDGE_CURVE('',#134,#225,#227,.T.);
#225 = VERTEX_POINT('',#226);
#226 = CARTESIAN_POINT('',(-0.755,0.4,0.45));
#227 = LINE('',#228,#229);
#228 = CARTESIAN_POINT('',(-0.755,-0.4,0.45));
#229 = VECTOR('',#230,1.);
#230 = DIRECTION('',(0.,1.,0.));
#231 = ORIENTED_EDGE('',*,*,#232,.F.);
#232 = EDGE_CURVE('',#94,#225,#233,.T.);
#233 = CIRCLE('',#234,4.5E-02);
#234 = AXIS2_PLACEMENT_3D('',#235,#236,#237);
#235 = CARTESIAN_POINT('',(-0.755,0.4,0.405));
#236 = DIRECTION('',(0.,1.,0.));
#237 = DIRECTION('',(0.,-0.,1.));
#238 = ORIENTED_EDGE('',*,*,#101,.F.);
#239 = CYLINDRICAL_SURFACE('',#240,4.5E-02);
#240 = AXIS2_PLACEMENT_3D('',#241,#242,#243);
#241 = CARTESIAN_POINT('',(-0.755,-0.4,0.405));
#242 = DIRECTION('',(0.,1.,0.));
#243 = DIRECTION('',(-1.,0.,0.));
#244 = ADVANCED_FACE('',(#245),#306,.T.);
#245 = FACE_BOUND('',#246,.T.);
#246 = EDGE_LOOP('',(#247,#255,#256,#257,#258,#266,#275,#283,#291,#299)
  );
#247 = ORIENTED_EDGE('',*,*,#248,.F.);
#248 = EDGE_CURVE('',#200,#249,#251,.T.);
#249 = VERTEX_POINT('',#250);
#250 = CARTESIAN_POINT('',(-0.545,0.4,-2.775557561563E-17));
#251 = LINE('',#252,#253);
#252 = CARTESIAN_POINT('',(-0.8,0.4,0.));
#253 = VECTOR('',#254,1.);
#254 = DIRECTION('',(1.,0.,0.));
#255 = ORIENTED_EDGE('',*,*,#199,.F.);
#256 = ORIENTED_EDGE('',*,*,#93,.T.);
#257 = ORIENTED_EDGE('',*,*,#232,.T.);
#258 = ORIENTED_EDGE('',*,*,#259,.T.);
#259 = EDGE_CURVE('',#225,#260,#262,.T.);
#260 = VERTEX_POINT('',#261);
#261 = CARTESIAN_POINT('',(-0.545,0.4,0.45));
#262 = LINE('',#263,#264);
#263 = CARTESIAN_POINT('',(-0.8,0.4,0.45));
#264 = VECTOR('',#265,1.);
#265 = DIRECTION('',(1.,0.,0.));
#266 = ORIENTED_EDGE('',*,*,#267,.F.);
#267 = EDGE_CURVE('',#268,#260,#270,.T.);
#268 = VERTEX_POINT('',#269);
#269 = CARTESIAN_POINT('',(-0.5,0.4,0.405));
#270 = CIRCLE('',#271,4.5E-02);
#271 = AXIS2_PLACEMENT_3D('',#272,#273,#274);
#272 = CARTESIAN_POINT('',(-0.545,0.4,0.405));
#273 = DIRECTION('',(0.,-1.,0.));
#274 = DIRECTION('',(0.,0.,1.));
#275 = ORIENTED_EDGE('',*,*,#276,.F.);
#276 = EDGE_CURVE('',#277,#268,#279,.T.);
#277 = VERTEX_POINT('',#278);
#278 = CARTESIAN_POINT('',(-0.755,0.4,0.405));
#279 = LINE('',#280,#281);
#280 = CARTESIAN_POINT('',(-0.755,0.4,0.405));
#281 = VECTOR('',#282,1.);
#282 = DIRECTION('',(1.,0.,0.));
#283 = ORIENTED_EDGE('',*,*,#284,.F.);
#284 = EDGE_CURVE('',#285,#277,#287,.T.);
#285 = VERTEX_POINT('',#286);
#286 = CARTESIAN_POINT('',(-0.755,0.4,4.5E-02));
#287 = LINE('',#288,#289);
#288 = CARTESIAN_POINT('',(-0.755,0.4,4.5E-02));
#289 = VECTOR('',#290,1.);
#290 = DIRECTION('',(0.,0.,1.));
#291 = ORIENTED_EDGE('',*,*,#292,.T.);
#292 = EDGE_CURVE('',#285,#293,#295,.T.);
#293 = VERTEX_POINT('',#294);
#294 = CARTESIAN_POINT('',(-0.5,0.4,4.5E-02));
#295 = LINE('',#296,#297);
#296 = CARTESIAN_POINT('',(-0.755,0.4,4.5E-02));
#297 = VECTOR('',#298,1.);
#298 = DIRECTION('',(1.,0.,0.));
#299 = ORIENTED_EDGE('',*,*,#300,.T.);
#300 = EDGE_CURVE('',#293,#249,#301,.T.);
#301 = CIRCLE('',#302,4.5E-02);
#302 = AXIS2_PLACEMENT_3D('',#303,#304,#305);
#303 = CARTESIAN_POINT('',(-0.545,0.4,4.5E-02));
#304 = DIRECTION('',(0.,1.,0.));
#305 = DIRECTION('',(0.,-0.,1.));
#306 = PLANE('',#307);
#307 = AXIS2_PLACEMENT_3D('',#308,#309,#310);
#308 = CARTESIAN_POINT('',(-0.8,0.4,0.));
#309 = DIRECTION('',(0.,1.,0.));
#310 = DIRECTION('',(0.,-0.,1.));
#311 = ADVANCED_FACE('',(#312),#323,.F.);
#312 = FACE_BOUND('',#313,.F.);
#313 = EDGE_LOOP('',(#314,#315,#316,#317));
#314 = ORIENTED_EDGE('',*,*,#248,.F.);
#315 = ORIENTED_EDGE('',*,*,#208,.F.);
#316 = ORIENTED_EDGE('',*,*,#115,.T.);
#317 = ORIENTED_EDGE('',*,*,#318,.T.);
#318 = EDGE_CURVE('',#118,#249,#319,.T.);
#319 = LINE('',#320,#321);
#320 = CARTESIAN_POINT('',(-0.545,-0.4,-2.775557561563E-17));
#321 = VECTOR('',#322,1.);
#322 = DIRECTION('',(0.,1.,0.));
#323 = PLANE('',#324);
#324 = AXIS2_PLACEMENT_3D('',#325,#326,#327);
#325 = CARTESIAN_POINT('',(-0.8,-0.4,0.));
#326 = DIRECTION('',(0.,0.,1.));
#327 = DIRECTION('',(1.,0.,-0.));
#328 = ADVANCED_FACE('',(#329),#340,.T.);
#329 = FACE_BOUND('',#330,.T.);
#330 = EDGE_LOOP('',(#331,#332,#333,#334));
#331 = ORIENTED_EDGE('',*,*,#183,.T.);
#332 = ORIENTED_EDGE('',*,*,#318,.T.);
#333 = ORIENTED_EDGE('',*,*,#300,.F.);
#334 = ORIENTED_EDGE('',*,*,#335,.F.);
#335 = EDGE_CURVE('',#176,#293,#336,.T.);
#336 = LINE('',#337,#338);
#337 = CARTESIAN_POINT('',(-0.5,-0.4,4.5E-02));
#338 = VECTOR('',#339,1.);
#339 = DIRECTION('',(0.,1.,0.));
#340 = CYLINDRICAL_SURFACE('',#341,4.5E-02);
#341 = AXIS2_PLACEMENT_3D('',#342,#343,#344);
#342 = CARTESIAN_POINT('',(-0.545,-0.4,4.5E-02));
#343 = DIRECTION('',(0.,1.,0.));
#344 = DIRECTION('',(1.,0.,0.));
#345 = ADVANCED_FACE('',(#346),#389,.F.);
#346 = FACE_BOUND('',#347,.F.);
#347 = EDGE_LOOP('',(#348,#349,#350,#351,#359,#367,#375,#383));
#348 = ORIENTED_EDGE('',*,*,#175,.F.);
#349 = ORIENTED_EDGE('',*,*,#167,.T.);
#350 = ORIENTED_EDGE('',*,*,#159,.T.);
#351 = ORIENTED_EDGE('',*,*,#352,.T.);
#352 = EDGE_CURVE('',#151,#353,#355,.T.);
#353 = VERTEX_POINT('',#354);
#354 = CARTESIAN_POINT('',(0.5,-0.4,0.405));
#355 = LINE('',#356,#357);
#356 = CARTESIAN_POINT('',(-0.5,-0.4,0.405));
#357 = VECTOR('',#358,1.);
#358 = DIRECTION('',(1.,0.,0.));
#359 = ORIENTED_EDGE('',*,*,#360,.T.);
#360 = EDGE_CURVE('',#353,#361,#363,.T.);
#361 = VERTEX_POINT('',#362);
#362 = CARTESIAN_POINT('',(0.755,-0.4,0.405));
#363 = LINE('',#364,#365);
#364 = CARTESIAN_POINT('',(-0.755,-0.4,0.405));
#365 = VECTOR('',#366,1.);
#366 = DIRECTION('',(1.,0.,0.));
#367 = ORIENTED_EDGE('',*,*,#368,.F.);
#368 = EDGE_CURVE('',#369,#361,#371,.T.);
#369 = VERTEX_POINT('',#370);
#370 = CARTESIAN_POINT('',(0.755,-0.4,4.5E-02));
#371 = LINE('',#372,#373);
#372 = CARTESIAN_POINT('',(0.755,-0.4,4.5E-02));
#373 = VECTOR('',#374,1.);
#374 = DIRECTION('',(0.,0.,1.));
#375 = ORIENTED_EDGE('',*,*,#376,.F.);
#376 = EDGE_CURVE('',#377,#369,#379,.T.);
#377 = VERTEX_POINT('',#378);
#378 = CARTESIAN_POINT('',(0.5,-0.4,4.5E-02));
#379 = LINE('',#380,#381);
#380 = CARTESIAN_POINT('',(-0.755,-0.4,4.5E-02));
#381 = VECTOR('',#382,1.);
#382 = DIRECTION('',(1.,0.,0.));
#383 = ORIENTED_EDGE('',*,*,#384,.F.);
#384 = EDGE_CURVE('',#176,#377,#385,.T.);
#385 = LINE('',#386,#387);
#386 = CARTESIAN_POINT('',(-0.755,-0.4,4.5E-02));
#387 = VECTOR('',#388,1.);
#388 = DIRECTION('',(1.,0.,0.));
#389 = PLANE('',#390);
#390 = AXIS2_PLACEMENT_3D('',#391,#392,#393);
#391 = CARTESIAN_POINT('',(-0.755,-0.4,4.5E-02));
#392 = DIRECTION('',(0.,1.,0.));
#393 = DIRECTION('',(0.,-0.,1.));
#394 = ADVANCED_FACE('',(#395),#406,.T.);
#395 = FACE_BOUND('',#396,.T.);
#396 = EDGE_LOOP('',(#397,#398,#399,#400));
#397 = ORIENTED_EDGE('',*,*,#259,.F.);
#398 = ORIENTED_EDGE('',*,*,#224,.F.);
#399 = ORIENTED_EDGE('',*,*,#142,.T.);
#400 = ORIENTED_EDGE('',*,*,#401,.T.);
#401 = EDGE_CURVE('',#143,#260,#402,.T.);
#402 = LINE('',#403,#404);
#403 = CARTESIAN_POINT('',(-0.545,-0.4,0.45));
#404 = VECTOR('',#405,1.);
#405 = DIRECTION('',(0.,1.,0.));
#406 = PLANE('',#407);
#407 = AXIS2_PLACEMENT_3D('',#408,#409,#410);
#408 = CARTESIAN_POINT('',(-0.8,-0.4,0.45));
#409 = DIRECTION('',(0.,0.,1.));
#410 = DIRECTION('',(1.,0.,-0.));
#411 = ADVANCED_FACE('',(#412),#423,.T.);
#412 = FACE_BOUND('',#413,.T.);
#413 = EDGE_LOOP('',(#414,#420,#421,#422));
#414 = ORIENTED_EDGE('',*,*,#415,.T.);
#415 = EDGE_CURVE('',#151,#268,#416,.T.);
#416 = LINE('',#417,#418);
#417 = CARTESIAN_POINT('',(-0.5,-0.4,0.405));
#418 = VECTOR('',#419,1.);
#419 = DIRECTION('',(0.,1.,0.));
#420 = ORIENTED_EDGE('',*,*,#267,.T.);
#421 = ORIENTED_EDGE('',*,*,#401,.F.);
#422 = ORIENTED_EDGE('',*,*,#150,.F.);
#423 = CYLINDRICAL_SURFACE('',#424,4.5E-02);
#424 = AXIS2_PLACEMENT_3D('',#425,#426,#427);
#425 = CARTESIAN_POINT('',(-0.545,-0.4,0.405));
#426 = DIRECTION('',(0.,1.,0.));
#427 = DIRECTION('',(1.,0.,0.));
#428 = ADVANCED_FACE('',(#429),#472,.T.);
#429 = FACE_BOUND('',#430,.T.);
#430 = EDGE_LOOP('',(#431,#432,#433,#434,#442,#450,#458,#466));
#431 = ORIENTED_EDGE('',*,*,#292,.F.);
#432 = ORIENTED_EDGE('',*,*,#284,.T.);
#433 = ORIENTED_EDGE('',*,*,#276,.T.);
#434 = ORIENTED_EDGE('',*,*,#435,.T.);
#435 = EDGE_CURVE('',#268,#436,#438,.T.);
#436 = VERTEX_POINT('',#437);
#437 = CARTESIAN_POINT('',(0.5,0.4,0.405));
#438 = LINE('',#439,#440);
#439 = CARTESIAN_POINT('',(-0.5,0.4,0.405));
#440 = VECTOR('',#441,1.);
#441 = DIRECTION('',(1.,0.,0.));
#442 = ORIENTED_EDGE('',*,*,#443,.T.);
#443 = EDGE_CURVE('',#436,#444,#446,.T.);
#444 = VERTEX_POINT('',#445);
#445 = CARTESIAN_POINT('',(0.755,0.4,0.405));
#446 = LINE('',#447,#448);
#447 = CARTESIAN_POINT('',(-0.755,0.4,0.405));
#448 = VECTOR('',#449,1.);
#449 = DIRECTION('',(1.,0.,0.));
#450 = ORIENTED_EDGE('',*,*,#451,.F.);
#451 = EDGE_CURVE('',#452,#444,#454,.T.);
#452 = VERTEX_POINT('',#453);
#453 = CARTESIAN_POINT('',(0.755,0.4,4.5E-02));
#454 = LINE('',#455,#456);
#455 = CARTESIAN_POINT('',(0.755,0.4,4.5E-02));
#456 = VECTOR('',#457,1.);
#457 = DIRECTION('',(0.,0.,1.));
#458 = ORIENTED_EDGE('',*,*,#459,.F.);
#459 = EDGE_CURVE('',#460,#452,#462,.T.);
#460 = VERTEX_POINT('',#461);
#461 = CARTESIAN_POINT('',(0.5,0.4,4.5E-02));
#462 = LINE('',#463,#464);
#463 = CARTESIAN_POINT('',(-0.755,0.4,4.5E-02));
#464 = VECTOR('',#465,1.);
#465 = DIRECTION('',(1.,0.,0.));
#466 = ORIENTED_EDGE('',*,*,#467,.F.);
#467 = EDGE_CURVE('',#293,#460,#468,.T.);
#468 = LINE('',#469,#470);
#469 = CARTESIAN_POINT('',(-0.755,0.4,4.5E-02));
#470 = VECTOR('',#471,1.);
#471 = DIRECTION('',(1.,0.,0.));
#472 = PLANE('',#473);
#473 = AXIS2_PLACEMENT_3D('',#474,#475,#476);
#474 = CARTESIAN_POINT('',(-0.755,0.4,4.5E-02));
#475 = DIRECTION('',(0.,1.,0.));
#476 = DIRECTION('',(0.,-0.,1.));
#477 = ADVANCED_FACE('',(#478),#489,.F.);
#478 = FACE_BOUND('',#479,.F.);
#479 = EDGE_LOOP('',(#480,#481,#482,#488));
#480 = ORIENTED_EDGE('',*,*,#335,.F.);
#481 = ORIENTED_EDGE('',*,*,#384,.T.);
#482 = ORIENTED_EDGE('',*,*,#483,.T.);
#483 = EDGE_CURVE('',#377,#460,#484,.T.);
#484 = LINE('',#485,#486);
#485 = CARTESIAN_POINT('',(0.5,-0.4,4.5E-02));
#486 = VECTOR('',#487,1.);
#487 = DIRECTION('',(0.,1.,0.));
#488 = ORIENTED_EDGE('',*,*,#467,.F.);
#489 = PLANE('',#490);
#490 = AXIS2_PLACEMENT_3D('',#491,#492,#493);
#491 = CARTESIAN_POINT('',(-0.755,-0.4,4.5E-02));
#492 = DIRECTION('',(0.,0.,1.));
#493 = DIRECTION('',(1.,0.,-0.));
#494 = ADVANCED_FACE('',(#495),#558,.F.);
#495 = FACE_BOUND('',#496,.F.);
#496 = EDGE_LOOP('',(#497,#507,#514,#515,#516,#517,#526,#534,#543,#551)
  );
#497 = ORIENTED_EDGE('',*,*,#498,.F.);
#498 = EDGE_CURVE('',#499,#501,#503,.T.);
#499 = VERTEX_POINT('',#500);
#500 = CARTESIAN_POINT('',(0.545,-0.4,-2.775557561563E-17));
#501 = VERTEX_POINT('',#502);
#502 = CARTESIAN_POINT('',(0.755,-0.4,-2.775557561563E-17));
#503 = LINE('',#504,#505);
#504 = CARTESIAN_POINT('',(0.5,-0.4,0.));
#505 = VECTOR('',#506,1.);
#506 = DIRECTION('',(1.,0.,0.));
#507 = ORIENTED_EDGE('',*,*,#508,.F.);
#508 = EDGE_CURVE('',#377,#499,#509,.T.);
#509 = CIRCLE('',#510,4.5E-02);
#510 = AXIS2_PLACEMENT_3D('',#511,#512,#513);
#511 = CARTESIAN_POINT('',(0.545,-0.4,4.5E-02));
#512 = DIRECTION('',(0.,-1.,0.));
#513 = DIRECTION('',(0.,0.,1.));
#514 = ORIENTED_EDGE('',*,*,#376,.T.);
#515 = ORIENTED_EDGE('',*,*,#368,.T.);
#516 = ORIENTED_EDGE('',*,*,#360,.F.);
#517 = ORIENTED_EDGE('',*,*,#518,.T.);
#518 = EDGE_CURVE('',#353,#519,#521,.T.);
#519 = VERTEX_POINT('',#520);
#520 = CARTESIAN_POINT('',(0.545,-0.4,0.45));
#521 = CIRCLE('',#522,4.5E-02);
#522 = AXIS2_PLACEMENT_3D('',#523,#524,#525);
#523 = CARTESIAN_POINT('',(0.545,-0.4,0.405));
#524 = DIRECTION('',(0.,1.,0.));
#525 = DIRECTION('',(0.,-0.,1.));
#526 = ORIENTED_EDGE('',*,*,#527,.T.);
#527 = EDGE_CURVE('',#519,#528,#530,.T.);
#528 = VERTEX_POINT('',#529);
#529 = CARTESIAN_POINT('',(0.755,-0.4,0.45));
#530 = LINE('',#531,#532);
#531 = CARTESIAN_POINT('',(0.5,-0.4,0.45));
#532 = VECTOR('',#533,1.);
#533 = DIRECTION('',(1.,0.,0.));
#534 = ORIENTED_EDGE('',*,*,#535,.F.);
#535 = EDGE_CURVE('',#536,#528,#538,.T.);
#536 = VERTEX_POINT('',#537);
#537 = CARTESIAN_POINT('',(0.8,-0.4,0.405));
#538 = CIRCLE('',#539,4.5E-02);
#539 = AXIS2_PLACEMENT_3D('',#540,#541,#542);
#540 = CARTESIAN_POINT('',(0.755,-0.4,0.405));
#541 = DIRECTION('',(0.,-1.,0.));
#542 = DIRECTION('',(0.,0.,1.));
#543 = ORIENTED_EDGE('',*,*,#544,.F.);
#544 = EDGE_CURVE('',#545,#536,#547,.T.);
#545 = VERTEX_POINT('',#546);
#546 = CARTESIAN_POINT('',(0.8,-0.4,4.5E-02));
#547 = LINE('',#548,#549);
#548 = CARTESIAN_POINT('',(0.8,-0.4,0.));
#549 = VECTOR('',#550,1.);
#550 = DIRECTION('',(0.,0.,1.));
#551 = ORIENTED_EDGE('',*,*,#552,.T.);
#552 = EDGE_CURVE('',#545,#501,#553,.T.);
#553 = CIRCLE('',#554,4.5E-02);
#554 = AXIS2_PLACEMENT_3D('',#555,#556,#557);
#555 = CARTESIAN_POINT('',(0.755,-0.4,4.5E-02));
#556 = DIRECTION('',(0.,1.,0.));
#557 = DIRECTION('',(0.,-0.,1.));
#558 = PLANE('',#559);
#559 = AXIS2_PLACEMENT_3D('',#560,#561,#562);
#560 = CARTESIAN_POINT('',(0.5,-0.4,0.));
#561 = DIRECTION('',(0.,1.,0.));
#562 = DIRECTION('',(0.,-0.,1.));
#563 = ADVANCED_FACE('',(#564),#589,.F.);
#564 = FACE_BOUND('',#565,.F.);
#565 = EDGE_LOOP('',(#566,#567,#575,#583));
#566 = ORIENTED_EDGE('',*,*,#352,.F.);
#567 = ORIENTED_EDGE('',*,*,#568,.T.);
#568 = EDGE_CURVE('',#151,#569,#571,.T.);
#569 = VERTEX_POINT('',#570);
#570 = CARTESIAN_POINT('',(-0.5,-0.4,0.45));
#571 = LINE('',#572,#573);
#572 = CARTESIAN_POINT('',(-0.5,-0.4,0.405));
#573 = VECTOR('',#574,1.);
#574 = DIRECTION('',(0.,0.,1.));
#575 = ORIENTED_EDGE('',*,*,#576,.T.);
#576 = EDGE_CURVE('',#569,#577,#579,.T.);
#577 = VERTEX_POINT('',#578);
#578 = CARTESIAN_POINT('',(0.5,-0.4,0.45));
#579 = LINE('',#580,#581);
#580 = CARTESIAN_POINT('',(-0.5,-0.4,0.45));
#581 = VECTOR('',#582,1.);
#582 = DIRECTION('',(1.,0.,0.));
#583 = ORIENTED_EDGE('',*,*,#584,.F.);
#584 = EDGE_CURVE('',#353,#577,#585,.T.);
#585 = LINE('',#586,#587);
#586 = CARTESIAN_POINT('',(0.5,-0.4,0.405));
#587 = VECTOR('',#588,1.);
#588 = DIRECTION('',(0.,0.,1.));
#589 = PLANE('',#590);
#590 = AXIS2_PLACEMENT_3D('',#591,#592,#593);
#591 = CARTESIAN_POINT('',(-0.5,-0.4,0.405));
#592 = DIRECTION('',(0.,1.,0.));
#593 = DIRECTION('',(0.,-0.,1.));
#594 = ADVANCED_FACE('',(#595),#613,.F.);
#595 = FACE_BOUND('',#596,.F.);
#596 = EDGE_LOOP('',(#597,#598,#599,#607));
#597 = ORIENTED_EDGE('',*,*,#568,.F.);
#598 = ORIENTED_EDGE('',*,*,#415,.T.);
#599 = ORIENTED_EDGE('',*,*,#600,.T.);
#600 = EDGE_CURVE('',#268,#601,#603,.T.);
#601 = VERTEX_POINT('',#602);
#602 = CARTESIAN_POINT('',(-0.5,0.4,0.45));
#603 = LINE('',#604,#605);
#604 = CARTESIAN_POINT('',(-0.5,0.4,0.405));
#605 = VECTOR('',#606,1.);
#606 = DIRECTION('',(0.,0.,1.));
#607 = ORIENTED_EDGE('',*,*,#608,.F.);
#608 = EDGE_CURVE('',#569,#601,#609,.T.);
#609 = LINE('',#610,#611);
#610 = CARTESIAN_POINT('',(-0.5,-0.4,0.45));
#611 = VECTOR('',#612,1.);
#612 = DIRECTION('',(0.,1.,0.));
#613 = PLANE('',#614);
#614 = AXIS2_PLACEMENT_3D('',#615,#616,#617);
#615 = CARTESIAN_POINT('',(-0.5,-0.4,0.405));
#616 = DIRECTION('',(1.,0.,0.));
#617 = DIRECTION('',(0.,0.,1.));
#618 = ADVANCED_FACE('',(#619),#682,.T.);
#619 = FACE_BOUND('',#620,.T.);
#620 = EDGE_LOOP('',(#621,#631,#638,#639,#640,#641,#650,#658,#667,#675)
  );
#621 = ORIENTED_EDGE('',*,*,#622,.F.);
#622 = EDGE_CURVE('',#623,#625,#627,.T.);
#623 = VERTEX_POINT('',#624);
#624 = CARTESIAN_POINT('',(0.545,0.4,-2.775557561563E-17));
#625 = VERTEX_POINT('',#626);
#626 = CARTESIAN_POINT('',(0.755,0.4,-2.775557561563E-17));
#627 = LINE('',#628,#629);
#628 = CARTESIAN_POINT('',(0.5,0.4,0.));
#629 = VECTOR('',#630,1.);
#630 = DIRECTION('',(1.,0.,0.));
#631 = ORIENTED_EDGE('',*,*,#632,.F.);
#632 = EDGE_CURVE('',#460,#623,#633,.T.);
#633 = CIRCLE('',#634,4.5E-02);
#634 = AXIS2_PLACEMENT_3D('',#635,#636,#637);
#635 = CARTESIAN_POINT('',(0.545,0.4,4.5E-02));
#636 = DIRECTION('',(0.,-1.,0.));
#637 = DIRECTION('',(0.,0.,1.));
#638 = ORIENTED_EDGE('',*,*,#459,.T.);
#639 = ORIENTED_EDGE('',*,*,#451,.T.);
#640 = ORIENTED_EDGE('',*,*,#443,.F.);
#641 = ORIENTED_EDGE('',*,*,#642,.T.);
#642 = EDGE_CURVE('',#436,#643,#645,.T.);
#643 = VERTEX_POINT('',#644);
#644 = CARTESIAN_POINT('',(0.545,0.4,0.45));
#645 = CIRCLE('',#646,4.5E-02);
#646 = AXIS2_PLACEMENT_3D('',#647,#648,#649);
#647 = CARTESIAN_POINT('',(0.545,0.4,0.405));
#648 = DIRECTION('',(0.,1.,0.));
#649 = DIRECTION('',(0.,-0.,1.));
#650 = ORIENTED_EDGE('',*,*,#651,.T.);
#651 = EDGE_CURVE('',#643,#652,#654,.T.);
#652 = VERTEX_POINT('',#653);
#653 = CARTESIAN_POINT('',(0.755,0.4,0.45));
#654 = LINE('',#655,#656);
#655 = CARTESIAN_POINT('',(0.5,0.4,0.45));
#656 = VECTOR('',#657,1.);
#657 = DIRECTION('',(1.,0.,0.));
#658 = ORIENTED_EDGE('',*,*,#659,.F.);
#659 = EDGE_CURVE('',#660,#652,#662,.T.);
#660 = VERTEX_POINT('',#661);
#661 = CARTESIAN_POINT('',(0.8,0.4,0.405));
#662 = CIRCLE('',#663,4.5E-02);
#663 = AXIS2_PLACEMENT_3D('',#664,#665,#666);
#664 = CARTESIAN_POINT('',(0.755,0.4,0.405));
#665 = DIRECTION('',(0.,-1.,0.));
#666 = DIRECTION('',(0.,0.,1.));
#667 = ORIENTED_EDGE('',*,*,#668,.F.);
#668 = EDGE_CURVE('',#669,#660,#671,.T.);
#669 = VERTEX_POINT('',#670);
#670 = CARTESIAN_POINT('',(0.8,0.4,4.5E-02));
#671 = LINE('',#672,#673);
#672 = CARTESIAN_POINT('',(0.8,0.4,0.));
#673 = VECTOR('',#674,1.);
#674 = DIRECTION('',(0.,0.,1.));
#675 = ORIENTED_EDGE('',*,*,#676,.T.);
#676 = EDGE_CURVE('',#669,#625,#677,.T.);
#677 = CIRCLE('',#678,4.5E-02);
#678 = AXIS2_PLACEMENT_3D('',#679,#680,#681);
#679 = CARTESIAN_POINT('',(0.755,0.4,4.5E-02));
#680 = DIRECTION('',(0.,1.,0.));
#681 = DIRECTION('',(0.,-0.,1.));
#682 = PLANE('',#683);
#683 = AXIS2_PLACEMENT_3D('',#684,#685,#686);
#684 = CARTESIAN_POINT('',(0.5,0.4,0.));
#685 = DIRECTION('',(0.,1.,0.));
#686 = DIRECTION('',(0.,-0.,1.));
#687 = ADVANCED_FACE('',(#688),#706,.T.);
#688 = FACE_BOUND('',#689,.T.);
#689 = EDGE_LOOP('',(#690,#691,#692,#700));
#690 = ORIENTED_EDGE('',*,*,#435,.F.);
#691 = ORIENTED_EDGE('',*,*,#600,.T.);
#692 = ORIENTED_EDGE('',*,*,#693,.T.);
#693 = EDGE_CURVE('',#601,#694,#696,.T.);
#694 = VERTEX_POINT('',#695);
#695 = CARTESIAN_POINT('',(0.5,0.4,0.45));
#696 = LINE('',#697,#698);
#697 = CARTESIAN_POINT('',(-0.5,0.4,0.45));
#698 = VECTOR('',#699,1.);
#699 = DIRECTION('',(1.,0.,0.));
#700 = ORIENTED_EDGE('',*,*,#701,.F.);
#701 = EDGE_CURVE('',#436,#694,#702,.T.);
#702 = LINE('',#703,#704);
#703 = CARTESIAN_POINT('',(0.5,0.4,0.405));
#704 = VECTOR('',#705,1.);
#705 = DIRECTION('',(0.,0.,1.));
#706 = PLANE('',#707);
#707 = AXIS2_PLACEMENT_3D('',#708,#709,#710);
#708 = CARTESIAN_POINT('',(-0.5,0.4,0.405));
#709 = DIRECTION('',(0.,1.,0.));
#710 = DIRECTION('',(0.,-0.,1.));
#711 = ADVANCED_FACE('',(#712),#723,.T.);
#712 = FACE_BOUND('',#713,.T.);
#713 = EDGE_LOOP('',(#714,#715,#716,#722));
#714 = ORIENTED_EDGE('',*,*,#483,.T.);
#715 = ORIENTED_EDGE('',*,*,#632,.T.);
#716 = ORIENTED_EDGE('',*,*,#717,.F.);
#717 = EDGE_CURVE('',#499,#623,#718,.T.);
#718 = LINE('',#719,#720);
#719 = CARTESIAN_POINT('',(0.545,-0.4,-2.775557561563E-17));
#720 = VECTOR('',#721,1.);
#721 = DIRECTION('',(0.,1.,0.));
#722 = ORIENTED_EDGE('',*,*,#508,.F.);
#723 = CYLINDRICAL_SURFACE('',#724,4.5E-02);
#724 = AXIS2_PLACEMENT_3D('',#725,#726,#727);
#725 = CARTESIAN_POINT('',(0.545,-0.4,4.5E-02));
#726 = DIRECTION('',(0.,1.,0.));
#727 = DIRECTION('',(-1.,0.,0.));
#728 = ADVANCED_FACE('',(#729),#740,.F.);
#729 = FACE_BOUND('',#730,.F.);
#730 = EDGE_LOOP('',(#731,#732,#733,#734));
#731 = ORIENTED_EDGE('',*,*,#622,.F.);
#732 = ORIENTED_EDGE('',*,*,#717,.F.);
#733 = ORIENTED_EDGE('',*,*,#498,.T.);
#734 = ORIENTED_EDGE('',*,*,#735,.T.);
#735 = EDGE_CURVE('',#501,#625,#736,.T.);
#736 = LINE('',#737,#738);
#737 = CARTESIAN_POINT('',(0.755,-0.4,-2.775557561563E-17));
#738 = VECTOR('',#739,1.);
#739 = DIRECTION('',(0.,1.,0.));
#740 = PLANE('',#741);
#741 = AXIS2_PLACEMENT_3D('',#742,#743,#744);
#742 = CARTESIAN_POINT('',(0.5,-0.4,0.));
#743 = DIRECTION('',(0.,0.,1.));
#744 = DIRECTION('',(1.,0.,-0.));
#745 = ADVANCED_FACE('',(#746),#757,.T.);
#746 = FACE_BOUND('',#747,.T.);
#747 = EDGE_LOOP('',(#748,#749,#750,#751));
#748 = ORIENTED_EDGE('',*,*,#552,.T.);
#749 = ORIENTED_EDGE('',*,*,#735,.T.);
#750 = ORIENTED_EDGE('',*,*,#676,.F.);
#751 = ORIENTED_EDGE('',*,*,#752,.F.);
#752 = EDGE_CURVE('',#545,#669,#753,.T.);
#753 = LINE('',#754,#755);
#754 = CARTESIAN_POINT('',(0.8,-0.4,4.5E-02));
#755 = VECTOR('',#756,1.);
#756 = DIRECTION('',(0.,1.,0.));
#757 = CYLINDRICAL_SURFACE('',#758,4.5E-02);
#758 = AXIS2_PLACEMENT_3D('',#759,#760,#761);
#759 = CARTESIAN_POINT('',(0.755,-0.4,4.5E-02));
#760 = DIRECTION('',(0.,1.,0.));
#761 = DIRECTION('',(1.,0.,0.));
#762 = ADVANCED_FACE('',(#763),#774,.T.);
#763 = FACE_BOUND('',#764,.T.);
#764 = EDGE_LOOP('',(#765,#766,#767,#768));
#765 = ORIENTED_EDGE('',*,*,#544,.F.);
#766 = ORIENTED_EDGE('',*,*,#752,.T.);
#767 = ORIENTED_EDGE('',*,*,#668,.T.);
#768 = ORIENTED_EDGE('',*,*,#769,.F.);
#769 = EDGE_CURVE('',#536,#660,#770,.T.);
#770 = LINE('',#771,#772);
#771 = CARTESIAN_POINT('',(0.8,-0.4,0.405));
#772 = VECTOR('',#773,1.);
#773 = DIRECTION('',(0.,1.,0.));
#774 = PLANE('',#775);
#775 = AXIS2_PLACEMENT_3D('',#776,#777,#778);
#776 = CARTESIAN_POINT('',(0.8,-0.4,0.));
#777 = DIRECTION('',(1.,0.,0.));
#778 = DIRECTION('',(0.,0.,1.));
#779 = ADVANCED_FACE('',(#780),#791,.T.);
#780 = FACE_BOUND('',#781,.T.);
#781 = EDGE_LOOP('',(#782,#783,#784,#790));
#782 = ORIENTED_EDGE('',*,*,#769,.T.);
#783 = ORIENTED_EDGE('',*,*,#659,.T.);
#784 = ORIENTED_EDGE('',*,*,#785,.F.);
#785 = EDGE_CURVE('',#528,#652,#786,.T.);
#786 = LINE('',#787,#788);
#787 = CARTESIAN_POINT('',(0.755,-0.4,0.45));
#788 = VECTOR('',#789,1.);
#789 = DIRECTION('',(0.,1.,0.));
#790 = ORIENTED_EDGE('',*,*,#535,.F.);
#791 = CYLINDRICAL_SURFACE('',#792,4.5E-02);
#792 = AXIS2_PLACEMENT_3D('',#793,#794,#795);
#793 = CARTESIAN_POINT('',(0.755,-0.4,0.405));
#794 = DIRECTION('',(0.,1.,0.));
#795 = DIRECTION('',(1.,0.,0.));
#796 = ADVANCED_FACE('',(#797),#808,.T.);
#797 = FACE_BOUND('',#798,.T.);
#798 = EDGE_LOOP('',(#799,#800,#806,#807));
#799 = ORIENTED_EDGE('',*,*,#651,.F.);
#800 = ORIENTED_EDGE('',*,*,#801,.F.);
#801 = EDGE_CURVE('',#519,#643,#802,.T.);
#802 = LINE('',#803,#804);
#803 = CARTESIAN_POINT('',(0.545,-0.4,0.45));
#804 = VECTOR('',#805,1.);
#805 = DIRECTION('',(0.,1.,0.));
#806 = ORIENTED_EDGE('',*,*,#527,.T.);
#807 = ORIENTED_EDGE('',*,*,#785,.T.);
#808 = PLANE('',#809);
#809 = AXIS2_PLACEMENT_3D('',#810,#811,#812);
#810 = CARTESIAN_POINT('',(0.5,-0.4,0.45));
#811 = DIRECTION('',(0.,0.,1.));
#812 = DIRECTION('',(1.,0.,-0.));
#813 = ADVANCED_FACE('',(#814),#825,.T.);
#814 = FACE_BOUND('',#815,.T.);
#815 = EDGE_LOOP('',(#816,#817,#818,#819));
#816 = ORIENTED_EDGE('',*,*,#518,.T.);
#817 = ORIENTED_EDGE('',*,*,#801,.T.);
#818 = ORIENTED_EDGE('',*,*,#642,.F.);
#819 = ORIENTED_EDGE('',*,*,#820,.F.);
#820 = EDGE_CURVE('',#353,#436,#821,.T.);
#821 = LINE('',#822,#823);
#822 = CARTESIAN_POINT('',(0.5,-0.4,0.405));
#823 = VECTOR('',#824,1.);
#824 = DIRECTION('',(0.,1.,0.));
#825 = CYLINDRICAL_SURFACE('',#826,4.5E-02);
#826 = AXIS2_PLACEMENT_3D('',#827,#828,#829);
#827 = CARTESIAN_POINT('',(0.545,-0.4,0.405));
#828 = DIRECTION('',(0.,1.,0.));
#829 = DIRECTION('',(-1.,0.,0.));
#830 = ADVANCED_FACE('',(#831),#842,.T.);
#831 = FACE_BOUND('',#832,.T.);
#832 = EDGE_LOOP('',(#833,#834,#835,#836));
#833 = ORIENTED_EDGE('',*,*,#584,.F.);
#834 = ORIENTED_EDGE('',*,*,#820,.T.);
#835 = ORIENTED_EDGE('',*,*,#701,.T.);
#836 = ORIENTED_EDGE('',*,*,#837,.F.);
#837 = EDGE_CURVE('',#577,#694,#838,.T.);
#838 = LINE('',#839,#840);
#839 = CARTESIAN_POINT('',(0.5,-0.4,0.45));
#840 = VECTOR('',#841,1.);
#841 = DIRECTION('',(0.,1.,0.));
#842 = PLANE('',#843);
#843 = AXIS2_PLACEMENT_3D('',#844,#845,#846);
#844 = CARTESIAN_POINT('',(0.5,-0.4,0.405));
#845 = DIRECTION('',(1.,0.,0.));
#846 = DIRECTION('',(0.,0.,1.));
#847 = ADVANCED_FACE('',(#848),#854,.T.);
#848 = FACE_BOUND('',#849,.T.);
#849 = EDGE_LOOP('',(#850,#851,#852,#853));
#850 = ORIENTED_EDGE('',*,*,#608,.F.);
#851 = ORIENTED_EDGE('',*,*,#576,.T.);
#852 = ORIENTED_EDGE('',*,*,#837,.T.);
#853 = ORIENTED_EDGE('',*,*,#693,.F.);
#854 = PLANE('',#855);
#855 = AXIS2_PLACEMENT_3D('',#856,#857,#858);
#856 = CARTESIAN_POINT('',(-0.5,-0.4,0.45));
#857 = DIRECTION('',(0.,0.,1.));
#858 = DIRECTION('',(1.,0.,-0.));
#859 = ( GEOMETRIC_REPRESENTATION_CONTEXT(3) 
GLOBAL_UNCERTAINTY_ASSIGNED_CONTEXT((#863)) GLOBAL_UNIT_ASSIGNED_CONTEXT
((#860,#861,#862)) REPRESENTATION_CONTEXT('Context #1',
  '3D Context with UNIT and UNCERTAINTY') );
#860 = ( LENGTH_UNIT() NAMED_UNIT(*) SI_UNIT(.MILLI.,.METRE.) );
#861 = ( NAMED_UNIT(*) PLANE_ANGLE_UNIT() SI_UNIT($,.RADIAN.) );
#862 = ( NAMED_UNIT(*) SI_UNIT($,.STERADIAN.) SOLID_ANGLE_UNIT() );
#863 = UNCERTAINTY_MEASURE_WITH_UNIT(LENGTH_MEASURE(1.E-07),#860,
  'distance_accuracy_value','confusion accuracy');
#864 = CONTEXT_DEPENDENT_SHAPE_REPRESENTATION(#865,#867);
#865 = ( REPRESENTATION_RELATIONSHIP('','',#68,#10) 
REPRESENTATION_RELATIONSHIP_WITH_TRANSFORMATION(#866) 
SHAPE_REPRESENTATION_RELATIONSHIP() );
#866 = ITEM_DEFINED_TRANSFORMATION('','',#11,#15);
#867 = PRODUCT_DEFINITION_SHAPE('Placement','Placement of an item',#868
  );
#868 = NEXT_ASSEMBLY_USAGE_OCCURRENCE('1','R3','',#5,#63,$);
#869 = PRODUCT_RELATED_PRODUCT_CATEGORY('part',$,(#65));
#870 = SHAPE_DEFINITION_REPRESENTATION(#871,#877);
#871 = PRODUCT_DEFINITION_SHAPE('','',#872);
#872 = PRODUCT_DEFINITION('design','',#873,#876);
#873 = PRODUCT_DEFINITION_FORMATION('','',#874);
#874 = PRODUCT('C_0603_1608Metric','C_0603_1608Metric','',(#875));
#875 = PRODUCT_CONTEXT('',#2,'mechanical');
#876 = PRODUCT_DEFINITION_CONTEXT('part definition',#2,'design');
#877 = ADVANCED_BREP_SHAPE_REPRESENTATION('',(#11,#878),#1732);
#878 = MANIFOLD_SOLID_BREP('',#879);
#879 = CLOSED_SHELL('',(#880,#956,#987,#1012,#1037,#1061,#1085,#1110,
    #1135,#1152,#1238,#1270,#1294,#1319,#1343,#1368,#1392,#1417,#1434,
    #1520,#1551,#1576,#1601,#1625,#1649,#1674,#1699,#1716));
#880 = ADVANCED_FACE('',(#881),#951,.F.);
#881 = FACE_BOUND('',#882,.F.);
#882 = EDGE_LOOP('',(#883,#893,#902,#910,#919,#927,#936,#944));
#883 = ORIENTED_EDGE('',*,*,#884,.F.);
#884 = EDGE_CURVE('',#885,#887,#889,.T.);
#885 = VERTEX_POINT('',#886);
#886 = CARTESIAN_POINT('',(-0.8,-0.4,3.E-02));
#887 = VERTEX_POINT('',#888);
#888 = CARTESIAN_POINT('',(-0.8,-0.4,0.77));
#889 = LINE('',#890,#891);
#890 = CARTESIAN_POINT('',(-0.8,-0.4,0.));
#891 = VECTOR('',#892,1.);
#892 = DIRECTION('',(0.,0.,1.));
#893 = ORIENTED_EDGE('',*,*,#894,.T.);
#894 = EDGE_CURVE('',#885,#895,#897,.T.);
#895 = VERTEX_POINT('',#896);
#896 = CARTESIAN_POINT('',(-0.8,-0.37,0.));
#897 = CIRCLE('',#898,3.E-02);
#898 = AXIS2_PLACEMENT_3D('',#899,#900,#901);
#899 = CARTESIAN_POINT('',(-0.8,-0.37,3.E-02));
#900 = DIRECTION('',(1.,0.,-0.));
#901 = DIRECTION('',(0.,0.,1.));
#902 = ORIENTED_EDGE('',*,*,#903,.T.);
#903 = EDGE_CURVE('',#895,#904,#906,.T.);
#904 = VERTEX_POINT('',#905);
#905 = CARTESIAN_POINT('',(-0.8,0.37,0.));
#906 = LINE('',#907,#908);
#907 = CARTESIAN_POINT('',(-0.8,-0.4,0.));
#908 = VECTOR('',#909,1.);
#909 = DIRECTION('',(0.,1.,0.));
#910 = ORIENTED_EDGE('',*,*,#911,.F.);
#911 = EDGE_CURVE('',#912,#904,#914,.T.);
#912 = VERTEX_POINT('',#913);
#913 = CARTESIAN_POINT('',(-0.8,0.4,3.E-02));
#914 = CIRCLE('',#915,3.E-02);
#915 = AXIS2_PLACEMENT_3D('',#916,#917,#918);
#916 = CARTESIAN_POINT('',(-0.8,0.37,3.E-02));
#917 = DIRECTION('',(-1.,0.,0.));
#918 = DIRECTION('',(0.,0.,1.));
#919 = ORIENTED_EDGE('',*,*,#920,.T.);
#920 = EDGE_CURVE('',#912,#921,#923,.T.);
#921 = VERTEX_POINT('',#922);
#922 = CARTESIAN_POINT('',(-0.8,0.4,0.77));
#923 = LINE('',#924,#925);
#924 = CARTESIAN_POINT('',(-0.8,0.4,0.));
#925 = VECTOR('',#926,1.);
#926 = DIRECTION('',(0.,0.,1.));
#927 = ORIENTED_EDGE('',*,*,#928,.T.);
#928 = EDGE_CURVE('',#921,#929,#931,.T.);
#929 = VERTEX_POINT('',#930);
#930 = CARTESIAN_POINT('',(-0.8,0.37,0.8));
#931 = CIRCLE('',#932,3.E-02);
#932 = AXIS2_PLACEMENT_3D('',#933,#934,#935);
#933 = CARTESIAN_POINT('',(-0.8,0.37,0.77));
#934 = DIRECTION('',(1.,0.,-0.));
#935 = DIRECTION('',(0.,0.,1.));
#936 = ORIENTED_EDGE('',*,*,#937,.F.);
#937 = EDGE_CURVE('',#938,#929,#940,.T.);
#938 = VERTEX_POINT('',#939);
#939 = CARTESIAN_POINT('',(-0.8,-0.37,0.8));
#940 = LINE('',#941,#942);
#941 = CARTESIAN_POINT('',(-0.8,-0.4,0.8));
#942 = VECTOR('',#943,1.);
#943 = DIRECTION('',(0.,1.,0.));
#944 = ORIENTED_EDGE('',*,*,#945,.F.);
#945 = EDGE_CURVE('',#887,#938,#946,.T.);
#946 = CIRCLE('',#947,3.E-02);
#947 = AXIS2_PLACEMENT_3D('',#948,#949,#950);
#948 = CARTESIAN_POINT('',(-0.8,-0.37,0.77));
#949 = DIRECTION('',(-1.,0.,0.));
#950 = DIRECTION('',(0.,0.,1.));
#951 = PLANE('',#952);
#952 = AXIS2_PLACEMENT_3D('',#953,#954,#955);
#953 = CARTESIAN_POINT('',(-0.8,-0.4,0.));
#954 = DIRECTION('',(1.,0.,0.));
#955 = DIRECTION('',(0.,0.,1.));
#956 = ADVANCED_FACE('',(#957),#982,.F.);
#957 = FACE_BOUND('',#958,.F.);
#958 = EDGE_LOOP('',(#959,#969,#975,#976));
#959 = ORIENTED_EDGE('',*,*,#960,.F.);
#960 = EDGE_CURVE('',#961,#963,#965,.T.);
#961 = VERTEX_POINT('',#962);
#962 = CARTESIAN_POINT('',(-0.5,-0.4,3.E-02));
#963 = VERTEX_POINT('',#964);
#964 = CARTESIAN_POINT('',(-0.5,-0.4,0.77));
#965 = LINE('',#966,#967);
#966 = CARTESIAN_POINT('',(-0.5,-0.4,0.));
#967 = VECTOR('',#968,1.);
#968 = DIRECTION('',(0.,0.,1.));
#969 = ORIENTED_EDGE('',*,*,#970,.F.);
#970 = EDGE_CURVE('',#885,#961,#971,.T.);
#971 = LINE('',#972,#973);
#972 = CARTESIAN_POINT('',(-0.8,-0.4,3.E-02));
#973 = VECTOR('',#974,1.);
#974 = DIRECTION('',(1.,0.,0.));
#975 = ORIENTED_EDGE('',*,*,#884,.T.);
#976 = ORIENTED_EDGE('',*,*,#977,.T.);
#977 = EDGE_CURVE('',#887,#963,#978,.T.);
#978 = LINE('',#979,#980);
#979 = CARTESIAN_POINT('',(-0.8,-0.4,0.77));
#980 = VECTOR('',#981,1.);
#981 = DIRECTION('',(1.,0.,0.));
#982 = PLANE('',#983);
#983 = AXIS2_PLACEMENT_3D('',#984,#985,#986);
#984 = CARTESIAN_POINT('',(-0.8,-0.4,0.));
#985 = DIRECTION('',(0.,1.,0.));
#986 = DIRECTION('',(0.,-0.,1.));
#987 = ADVANCED_FACE('',(#988),#1007,.T.);
#988 = FACE_BOUND('',#989,.T.);
#989 = EDGE_LOOP('',(#990,#991,#999,#1006));
#990 = ORIENTED_EDGE('',*,*,#894,.T.);
#991 = ORIENTED_EDGE('',*,*,#992,.T.);
#992 = EDGE_CURVE('',#895,#993,#995,.T.);
#993 = VERTEX_POINT('',#994);
#994 = CARTESIAN_POINT('',(-0.5,-0.37,0.));
#995 = LINE('',#996,#997);
#996 = CARTESIAN_POINT('',(-0.8,-0.37,0.));
#997 = VECTOR('',#998,1.);
#998 = DIRECTION('',(1.,0.,0.));
#999 = ORIENTED_EDGE('',*,*,#1000,.F.);
#1000 = EDGE_CURVE('',#961,#993,#1001,.T.);
#1001 = CIRCLE('',#1002,3.E-02);
#1002 = AXIS2_PLACEMENT_3D('',#1003,#1004,#1005);
#1003 = CARTESIAN_POINT('',(-0.5,-0.37,3.E-02));
#1004 = DIRECTION('',(1.,0.,-0.));
#1005 = DIRECTION('',(0.,0.,1.));
#1006 = ORIENTED_EDGE('',*,*,#970,.F.);
#1007 = CYLINDRICAL_SURFACE('',#1008,3.E-02);
#1008 = AXIS2_PLACEMENT_3D('',#1009,#1010,#1011);
#1009 = CARTESIAN_POINT('',(-0.8,-0.37,3.E-02));
#1010 = DIRECTION('',(1.,0.,0.));
#1011 = DIRECTION('',(0.,-1.,0.));
#1012 = ADVANCED_FACE('',(#1013),#1032,.T.);
#1013 = FACE_BOUND('',#1014,.T.);
#1014 = EDGE_LOOP('',(#1015,#1016,#1025,#1031));
#1015 = ORIENTED_EDGE('',*,*,#977,.T.);
#1016 = ORIENTED_EDGE('',*,*,#1017,.T.);
#1017 = EDGE_CURVE('',#963,#1018,#1020,.T.);
#1018 = VERTEX_POINT('',#1019);
#1019 = CARTESIAN_POINT('',(-0.5,-0.37,0.8));
#1020 = CIRCLE('',#1021,3.E-02);
#1021 = AXIS2_PLACEMENT_3D('',#1022,#1023,#1024);
#1022 = CARTESIAN_POINT('',(-0.5,-0.37,0.77));
#1023 = DIRECTION('',(-1.,0.,0.));
#1024 = DIRECTION('',(0.,0.,1.));
#1025 = ORIENTED_EDGE('',*,*,#1026,.F.);
#1026 = EDGE_CURVE('',#938,#1018,#1027,.T.);
#1027 = LINE('',#1028,#1029);
#1028 = CARTESIAN_POINT('',(-0.8,-0.37,0.8));
#1029 = VECTOR('',#1030,1.);
#1030 = DIRECTION('',(1.,0.,0.));
#1031 = ORIENTED_EDGE('',*,*,#945,.F.);
#1032 = CYLINDRICAL_SURFACE('',#1033,3.E-02);
#1033 = AXIS2_PLACEMENT_3D('',#1034,#1035,#1036);
#1034 = CARTESIAN_POINT('',(-0.8,-0.37,0.77));
#1035 = DIRECTION('',(1.,0.,0.));
#1036 = DIRECTION('',(0.,-1.,0.));
#1037 = ADVANCED_FACE('',(#1038),#1056,.F.);
#1038 = FACE_BOUND('',#1039,.F.);
#1039 = EDGE_LOOP('',(#1040,#1041,#1042,#1050));
#1040 = ORIENTED_EDGE('',*,*,#903,.F.);
#1041 = ORIENTED_EDGE('',*,*,#992,.T.);
#1042 = ORIENTED_EDGE('',*,*,#1043,.T.);
#1043 = EDGE_CURVE('',#993,#1044,#1046,.T.);
#1044 = VERTEX_POINT('',#1045);
#1045 = CARTESIAN_POINT('',(-0.5,0.37,0.));
#1046 = LINE('',#1047,#1048);
#1047 = CARTESIAN_POINT('',(-0.5,-0.4,0.));
#1048 = VECTOR('',#1049,1.);
#1049 = DIRECTION('',(0.,1.,0.));
#1050 = ORIENTED_EDGE('',*,*,#1051,.F.);
#1051 = EDGE_CURVE('',#904,#1044,#1052,.T.);
#1052 = LINE('',#1053,#1054);
#1053 = CARTESIAN_POINT('',(-0.8,0.37,0.));
#1054 = VECTOR('',#1055,1.);
#1055 = DIRECTION('',(1.,0.,0.));
#1056 = PLANE('',#1057);
#1057 = AXIS2_PLACEMENT_3D('',#1058,#1059,#1060);
#1058 = CARTESIAN_POINT('',(-0.8,-0.4,0.));
#1059 = DIRECTION('',(0.,0.,1.));
#1060 = DIRECTION('',(1.,0.,-0.));
#1061 = ADVANCED_FACE('',(#1062),#1080,.T.);
#1062 = FACE_BOUND('',#1063,.T.);
#1063 = EDGE_LOOP('',(#1064,#1065,#1066,#1074));
#1064 = ORIENTED_EDGE('',*,*,#937,.F.);
#1065 = ORIENTED_EDGE('',*,*,#1026,.T.);
#1066 = ORIENTED_EDGE('',*,*,#1067,.T.);
#1067 = EDGE_CURVE('',#1018,#1068,#1070,.T.);
#1068 = VERTEX_POINT('',#1069);
#1069 = CARTESIAN_POINT('',(-0.5,0.37,0.8));
#1070 = LINE('',#1071,#1072);
#1071 = CARTESIAN_POINT('',(-0.5,-0.4,0.8));
#1072 = VECTOR('',#1073,1.);
#1073 = DIRECTION('',(0.,1.,0.));
#1074 = ORIENTED_EDGE('',*,*,#1075,.F.);
#1075 = EDGE_CURVE('',#929,#1068,#1076,.T.);
#1076 = LINE('',#1077,#1078);
#1077 = CARTESIAN_POINT('',(-0.8,0.37,0.8));
#1078 = VECTOR('',#1079,1.);
#1079 = DIRECTION('',(1.,0.,0.));
#1080 = PLANE('',#1081);
#1081 = AXIS2_PLACEMENT_3D('',#1082,#1083,#1084);
#1082 = CARTESIAN_POINT('',(-0.8,-0.4,0.8));
#1083 = DIRECTION('',(0.,0.,1.));
#1084 = DIRECTION('',(1.,0.,-0.));
#1085 = ADVANCED_FACE('',(#1086),#1105,.T.);
#1086 = FACE_BOUND('',#1087,.T.);
#1087 = EDGE_LOOP('',(#1088,#1096,#1103,#1104));
#1088 = ORIENTED_EDGE('',*,*,#1089,.T.);
#1089 = EDGE_CURVE('',#912,#1090,#1092,.T.);
#1090 = VERTEX_POINT('',#1091);
#1091 = CARTESIAN_POINT('',(-0.5,0.4,3.E-02));
#1092 = LINE('',#1093,#1094);
#1093 = CARTESIAN_POINT('',(-0.8,0.4,3.E-02));
#1094 = VECTOR('',#1095,1.);
#1095 = DIRECTION('',(1.,0.,0.));
#1096 = ORIENTED_EDGE('',*,*,#1097,.T.);
#1097 = EDGE_CURVE('',#1090,#1044,#1098,.T.);
#1098 = CIRCLE('',#1099,3.E-02);
#1099 = AXIS2_PLACEMENT_3D('',#1100,#1101,#1102);
#1100 = CARTESIAN_POINT('',(-0.5,0.37,3.E-02));
#1101 = DIRECTION('',(-1.,0.,0.));
#1102 = DIRECTION('',(0.,0.,1.));
#1103 = ORIENTED_EDGE('',*,*,#1051,.F.);
#1104 = ORIENTED_EDGE('',*,*,#911,.F.);
#1105 = CYLINDRICAL_SURFACE('',#1106,3.E-02);
#1106 = AXIS2_PLACEMENT_3D('',#1107,#1108,#1109);
#1107 = CARTESIAN_POINT('',(-0.8,0.37,3.E-02));
#1108 = DIRECTION('',(1.,0.,0.));
#1109 = DIRECTION('',(-0.,1.,0.));
#1110 = ADVANCED_FACE('',(#1111),#1130,.T.);
#1111 = FACE_BOUND('',#1112,.T.);
#1112 = EDGE_LOOP('',(#1113,#1114,#1115,#1124));
#1113 = ORIENTED_EDGE('',*,*,#928,.T.);
#1114 = ORIENTED_EDGE('',*,*,#1075,.T.);
#1115 = ORIENTED_EDGE('',*,*,#1116,.F.);
#1116 = EDGE_CURVE('',#1117,#1068,#1119,.T.);
#1117 = VERTEX_POINT('',#1118);
#1118 = CARTESIAN_POINT('',(-0.5,0.4,0.77));
#1119 = CIRCLE('',#1120,3.E-02);
#1120 = AXIS2_PLACEMENT_3D('',#1121,#1122,#1123);
#1121 = CARTESIAN_POINT('',(-0.5,0.37,0.77));
#1122 = DIRECTION('',(1.,0.,-0.));
#1123 = DIRECTION('',(0.,0.,1.));
#1124 = ORIENTED_EDGE('',*,*,#1125,.F.);
#1125 = EDGE_CURVE('',#921,#1117,#1126,.T.);
#1126 = LINE('',#1127,#1128);
#1127 = CARTESIAN_POINT('',(-0.8,0.4,0.77));
#1128 = VECTOR('',#1129,1.);
#1129 = DIRECTION('',(1.,0.,0.));
#1130 = CYLINDRICAL_SURFACE('',#1131,3.E-02);
#1131 = AXIS2_PLACEMENT_3D('',#1132,#1133,#1134);
#1132 = CARTESIAN_POINT('',(-0.8,0.37,0.77));
#1133 = DIRECTION('',(1.,0.,0.));
#1134 = DIRECTION('',(-0.,1.,0.));
#1135 = ADVANCED_FACE('',(#1136),#1147,.T.);
#1136 = FACE_BOUND('',#1137,.T.);
#1137 = EDGE_LOOP('',(#1138,#1144,#1145,#1146));
#1138 = ORIENTED_EDGE('',*,*,#1139,.F.);
#1139 = EDGE_CURVE('',#1090,#1117,#1140,.T.);
#1140 = LINE('',#1141,#1142);
#1141 = CARTESIAN_POINT('',(-0.5,0.4,0.));
#1142 = VECTOR('',#1143,1.);
#1143 = DIRECTION('',(0.,0.,1.));
#1144 = ORIENTED_EDGE('',*,*,#1089,.F.);
#1145 = ORIENTED_EDGE('',*,*,#920,.T.);
#1146 = ORIENTED_EDGE('',*,*,#1125,.T.);
#1147 = PLANE('',#1148);
#1148 = AXIS2_PLACEMENT_3D('',#1149,#1150,#1151);
#1149 = CARTESIAN_POINT('',(-0.8,0.4,0.));
#1150 = DIRECTION('',(0.,1.,0.));
#1151 = DIRECTION('',(0.,-0.,1.));
#1152 = ADVANCED_FACE('',(#1153,#1163),#1233,.T.);
#1153 = FACE_BOUND('',#1154,.T.);
#1154 = EDGE_LOOP('',(#1155,#1156,#1157,#1158,#1159,#1160,#1161,#1162));
#1155 = ORIENTED_EDGE('',*,*,#960,.F.);
#1156 = ORIENTED_EDGE('',*,*,#1000,.T.);
#1157 = ORIENTED_EDGE('',*,*,#1043,.T.);
#1158 = ORIENTED_EDGE('',*,*,#1097,.F.);
#1159 = ORIENTED_EDGE('',*,*,#1139,.T.);
#1160 = ORIENTED_EDGE('',*,*,#1116,.T.);
#1161 = ORIENTED_EDGE('',*,*,#1067,.F.);
#1162 = ORIENTED_EDGE('',*,*,#1017,.F.);
#1163 = FACE_BOUND('',#1164,.T.);
#1164 = EDGE_LOOP('',(#1165,#1176,#1184,#1193,#1201,#1210,#1218,#1227));
#1165 = ORIENTED_EDGE('',*,*,#1166,.F.);
#1166 = EDGE_CURVE('',#1167,#1169,#1171,.T.);
#1167 = VERTEX_POINT('',#1168);
#1168 = CARTESIAN_POINT('',(-0.5,-0.37,6.E-02));
#1169 = VERTEX_POINT('',#1170);
#1170 = CARTESIAN_POINT('',(-0.5,-0.34,3.E-02));
#1171 = CIRCLE('',#1172,3.E-02);
#1172 = AXIS2_PLACEMENT_3D('',#1173,#1174,#1175);
#1173 = CARTESIAN_POINT('',(-0.5,-0.34,6.E-02));
#1174 = DIRECTION('',(1.,0.,-0.));
#1175 = DIRECTION('',(0.,0.,1.));
#1176 = ORIENTED_EDGE('',*,*,#1177,.T.);
#1177 = EDGE_CURVE('',#1167,#1178,#1180,.T.);
#1178 = VERTEX_POINT('',#1179);
#1179 = CARTESIAN_POINT('',(-0.5,-0.37,0.74));
#1180 = LINE('',#1181,#1182);
#1181 = CARTESIAN_POINT('',(-0.5,-0.37,3.E-02));
#1182 = VECTOR('',#1183,1.);
#1183 = DIRECTION('',(0.,0.,1.));
#1184 = ORIENTED_EDGE('',*,*,#1185,.T.);
#1185 = EDGE_CURVE('',#1178,#1186,#1188,.T.);
#1186 = VERTEX_POINT('',#1187);
#1187 = CARTESIAN_POINT('',(-0.5,-0.34,0.77));
#1188 = CIRCLE('',#1189,3.E-02);
#1189 = AXIS2_PLACEMENT_3D('',#1190,#1191,#1192);
#1190 = CARTESIAN_POINT('',(-0.5,-0.34,0.74));
#1191 = DIRECTION('',(-1.,0.,0.));
#1192 = DIRECTION('',(0.,0.,1.));
#1193 = ORIENTED_EDGE('',*,*,#1194,.T.);
#1194 = EDGE_CURVE('',#1186,#1195,#1197,.T.);
#1195 = VERTEX_POINT('',#1196);
#1196 = CARTESIAN_POINT('',(-0.5,0.34,0.77));
#1197 = LINE('',#1198,#1199);
#1198 = CARTESIAN_POINT('',(-0.5,-0.37,0.77));
#1199 = VECTOR('',#1200,1.);
#1200 = DIRECTION('',(0.,1.,0.));
#1201 = ORIENTED_EDGE('',*,*,#1202,.F.);
#1202 = EDGE_CURVE('',#1203,#1195,#1205,.T.);
#1203 = VERTEX_POINT('',#1204);
#1204 = CARTESIAN_POINT('',(-0.5,0.37,0.74));
#1205 = CIRCLE('',#1206,3.E-02);
#1206 = AXIS2_PLACEMENT_3D('',#1207,#1208,#1209);
#1207 = CARTESIAN_POINT('',(-0.5,0.34,0.74));
#1208 = DIRECTION('',(1.,0.,-0.));
#1209 = DIRECTION('',(0.,0.,1.));
#1210 = ORIENTED_EDGE('',*,*,#1211,.F.);
#1211 = EDGE_CURVE('',#1212,#1203,#1214,.T.);
#1212 = VERTEX_POINT('',#1213);
#1213 = CARTESIAN_POINT('',(-0.5,0.37,6.E-02));
#1214 = LINE('',#1215,#1216);
#1215 = CARTESIAN_POINT('',(-0.5,0.37,3.E-02));
#1216 = VECTOR('',#1217,1.);
#1217 = DIRECTION('',(0.,0.,1.));
#1218 = ORIENTED_EDGE('',*,*,#1219,.T.);
#1219 = EDGE_CURVE('',#1212,#1220,#1222,.T.);
#1220 = VERTEX_POINT('',#1221);
#1221 = CARTESIAN_POINT('',(-0.5,0.34,3.E-02));
#1222 = CIRCLE('',#1223,3.E-02);
#1223 = AXIS2_PLACEMENT_3D('',#1224,#1225,#1226);
#1224 = CARTESIAN_POINT('',(-0.5,0.34,6.E-02));
#1225 = DIRECTION('',(-1.,0.,0.));
#1226 = DIRECTION('',(0.,0.,1.));
#1227 = ORIENTED_EDGE('',*,*,#1228,.F.);
#1228 = EDGE_CURVE('',#1169,#1220,#1229,.T.);
#1229 = LINE('',#1230,#1231);
#1230 = CARTESIAN_POINT('',(-0.5,-0.37,3.E-02));
#1231 = VECTOR('',#1232,1.);
#1232 = DIRECTION('',(0.,1.,0.));
#1233 = PLANE('',#1234);
#1234 = AXIS2_PLACEMENT_3D('',#1235,#1236,#1237);
#1235 = CARTESIAN_POINT('',(-0.5,-0.4,0.));
#1236 = DIRECTION('',(1.,0.,0.));
#1237 = DIRECTION('',(0.,0.,1.));
#1238 = ADVANCED_FACE('',(#1239),#1265,.T.);
#1239 = FACE_BOUND('',#1240,.T.);
#1240 = EDGE_LOOP('',(#1241,#1242,#1250,#1259));
#1241 = ORIENTED_EDGE('',*,*,#1166,.T.);
#1242 = ORIENTED_EDGE('',*,*,#1243,.T.);
#1243 = EDGE_CURVE('',#1169,#1244,#1246,.T.);
#1244 = VERTEX_POINT('',#1245);
#1245 = CARTESIAN_POINT('',(0.5,-0.34,3.E-02));
#1246 = LINE('',#1247,#1248);
#1247 = CARTESIAN_POINT('',(-0.5,-0.34,3.E-02));
#1248 = VECTOR('',#1249,1.);
#1249 = DIRECTION('',(1.,0.,0.));
#1250 = ORIENTED_EDGE('',*,*,#1251,.F.);
#1251 = EDGE_CURVE('',#1252,#1244,#1254,.T.);
#1252 = VERTEX_POINT('',#1253);
#1253 = CARTESIAN_POINT('',(0.5,-0.37,6.E-02));
#1254 = CIRCLE('',#1255,3.E-02);
#1255 = AXIS2_PLACEMENT_3D('',#1256,#1257,#1258);
#1256 = CARTESIAN_POINT('',(0.5,-0.34,6.E-02));
#1257 = DIRECTION('',(1.,0.,-0.));
#1258 = DIRECTION('',(0.,0.,1.));
#1259 = ORIENTED_EDGE('',*,*,#1260,.F.);
#1260 = EDGE_CURVE('',#1167,#1252,#1261,.T.);
#1261 = LINE('',#1262,#1263);
#1262 = CARTESIAN_POINT('',(-0.5,-0.37,6.E-02));
#1263 = VECTOR('',#1264,1.);
#1264 = DIRECTION('',(1.,0.,0.));
#1265 = CYLINDRICAL_SURFACE('',#1266,3.E-02);
#1266 = AXIS2_PLACEMENT_3D('',#1267,#1268,#1269);
#1267 = CARTESIAN_POINT('',(-0.5,-0.34,6.E-02));
#1268 = DIRECTION('',(1.,0.,0.));
#1269 = DIRECTION('',(0.,-1.,0.));
#1270 = ADVANCED_FACE('',(#1271),#1289,.F.);
#1271 = FACE_BOUND('',#1272,.F.);
#1272 = EDGE_LOOP('',(#1273,#1274,#1275,#1283));
#1273 = ORIENTED_EDGE('',*,*,#1228,.F.);
#1274 = ORIENTED_EDGE('',*,*,#1243,.T.);
#1275 = ORIENTED_EDGE('',*,*,#1276,.T.);
#1276 = EDGE_CURVE('',#1244,#1277,#1279,.T.);
#1277 = VERTEX_POINT('',#1278);
#1278 = CARTESIAN_POINT('',(0.5,0.34,3.E-02));
#1279 = LINE('',#1280,#1281);
#1280 = CARTESIAN_POINT('',(0.5,-0.37,3.E-02));
#1281 = VECTOR('',#1282,1.);
#1282 = DIRECTION('',(0.,1.,0.));
#1283 = ORIENTED_EDGE('',*,*,#1284,.F.);
#1284 = EDGE_CURVE('',#1220,#1277,#1285,.T.);
#1285 = LINE('',#1286,#1287);
#1286 = CARTESIAN_POINT('',(-0.5,0.34,3.E-02));
#1287 = VECTOR('',#1288,1.);
#1288 = DIRECTION('',(1.,0.,0.));
#1289 = PLANE('',#1290);
#1290 = AXIS2_PLACEMENT_3D('',#1291,#1292,#1293);
#1291 = CARTESIAN_POINT('',(-0.5,-0.37,3.E-02));
#1292 = DIRECTION('',(0.,0.,1.));
#1293 = DIRECTION('',(1.,0.,-0.));
#1294 = ADVANCED_FACE('',(#1295),#1314,.T.);
#1295 = FACE_BOUND('',#1296,.T.);
#1296 = EDGE_LOOP('',(#1297,#1305,#1312,#1313));
#1297 = ORIENTED_EDGE('',*,*,#1298,.T.);
#1298 = EDGE_CURVE('',#1212,#1299,#1301,.T.);
#1299 = VERTEX_POINT('',#1300);
#1300 = CARTESIAN_POINT('',(0.5,0.37,6.E-02));
#1301 = LINE('',#1302,#1303);
#1302 = CARTESIAN_POINT('',(-0.5,0.37,6.E-02));
#1303 = VECTOR('',#1304,1.);
#1304 = DIRECTION('',(1.,0.,0.));
#1305 = ORIENTED_EDGE('',*,*,#1306,.T.);
#1306 = EDGE_CURVE('',#1299,#1277,#1307,.T.);
#1307 = CIRCLE('',#1308,3.E-02);
#1308 = AXIS2_PLACEMENT_3D('',#1309,#1310,#1311);
#1309 = CARTESIAN_POINT('',(0.5,0.34,6.E-02));
#1310 = DIRECTION('',(-1.,0.,0.));
#1311 = DIRECTION('',(0.,0.,1.));
#1312 = ORIENTED_EDGE('',*,*,#1284,.F.);
#1313 = ORIENTED_EDGE('',*,*,#1219,.F.);
#1314 = CYLINDRICAL_SURFACE('',#1315,3.E-02);
#1315 = AXIS2_PLACEMENT_3D('',#1316,#1317,#1318);
#1316 = CARTESIAN_POINT('',(-0.5,0.34,6.E-02));
#1317 = DIRECTION('',(1.,0.,0.));
#1318 = DIRECTION('',(-0.,1.,0.));
#1319 = ADVANCED_FACE('',(#1320),#1338,.T.);
#1320 = FACE_BOUND('',#1321,.T.);
#1321 = EDGE_LOOP('',(#1322,#1330,#1331,#1332));
#1322 = ORIENTED_EDGE('',*,*,#1323,.F.);
#1323 = EDGE_CURVE('',#1299,#1324,#1326,.T.);
#1324 = VERTEX_POINT('',#1325);
#1325 = CARTESIAN_POINT('',(0.5,0.37,0.74));
#1326 = LINE('',#1327,#1328);
#1327 = CARTESIAN_POINT('',(0.5,0.37,3.E-02));
#1328 = VECTOR('',#1329,1.);
#1329 = DIRECTION('',(0.,0.,1.));
#1330 = ORIENTED_EDGE('',*,*,#1298,.F.);
#1331 = ORIENTED_EDGE('',*,*,#1211,.T.);
#1332 = ORIENTED_EDGE('',*,*,#1333,.T.);
#1333 = EDGE_CURVE('',#1203,#1324,#1334,.T.);
#1334 = LINE('',#1335,#1336);
#1335 = CARTESIAN_POINT('',(-0.5,0.37,0.74));
#1336 = VECTOR('',#1337,1.);
#1337 = DIRECTION('',(1.,0.,0.));
#1338 = PLANE('',#1339);
#1339 = AXIS2_PLACEMENT_3D('',#1340,#1341,#1342);
#1340 = CARTESIAN_POINT('',(-0.5,0.37,3.E-02));
#1341 = DIRECTION('',(0.,1.,0.));
#1342 = DIRECTION('',(0.,-0.,1.));
#1343 = ADVANCED_FACE('',(#1344),#1363,.T.);
#1344 = FACE_BOUND('',#1345,.T.);
#1345 = EDGE_LOOP('',(#1346,#1347,#1355,#1362));
#1346 = ORIENTED_EDGE('',*,*,#1202,.T.);
#1347 = ORIENTED_EDGE('',*,*,#1348,.T.);
#1348 = EDGE_CURVE('',#1195,#1349,#1351,.T.);
#1349 = VERTEX_POINT('',#1350);
#1350 = CARTESIAN_POINT('',(0.5,0.34,0.77));
#1351 = LINE('',#1352,#1353);
#1352 = CARTESIAN_POINT('',(-0.5,0.34,0.77));
#1353 = VECTOR('',#1354,1.);
#1354 = DIRECTION('',(1.,0.,0.));
#1355 = ORIENTED_EDGE('',*,*,#1356,.F.);
#1356 = EDGE_CURVE('',#1324,#1349,#1357,.T.);
#1357 = CIRCLE('',#1358,3.E-02);
#1358 = AXIS2_PLACEMENT_3D('',#1359,#1360,#1361);
#1359 = CARTESIAN_POINT('',(0.5,0.34,0.74));
#1360 = DIRECTION('',(1.,0.,-0.));
#1361 = DIRECTION('',(0.,0.,1.));
#1362 = ORIENTED_EDGE('',*,*,#1333,.F.);
#1363 = CYLINDRICAL_SURFACE('',#1364,3.E-02);
#1364 = AXIS2_PLACEMENT_3D('',#1365,#1366,#1367);
#1365 = CARTESIAN_POINT('',(-0.5,0.34,0.74));
#1366 = DIRECTION('',(1.,0.,0.));
#1367 = DIRECTION('',(-0.,1.,0.));
#1368 = ADVANCED_FACE('',(#1369),#1387,.T.);
#1369 = FACE_BOUND('',#1370,.T.);
#1370 = EDGE_LOOP('',(#1371,#1372,#1380,#1386));
#1371 = ORIENTED_EDGE('',*,*,#1194,.F.);
#1372 = ORIENTED_EDGE('',*,*,#1373,.T.);
#1373 = EDGE_CURVE('',#1186,#1374,#1376,.T.);
#1374 = VERTEX_POINT('',#1375);
#1375 = CARTESIAN_POINT('',(0.5,-0.34,0.77));
#1376 = LINE('',#1377,#1378);
#1377 = CARTESIAN_POINT('',(-0.5,-0.34,0.77));
#1378 = VECTOR('',#1379,1.);
#1379 = DIRECTION('',(1.,0.,0.));
#1380 = ORIENTED_EDGE('',*,*,#1381,.T.);
#1381 = EDGE_CURVE('',#1374,#1349,#1382,.T.);
#1382 = LINE('',#1383,#1384);
#1383 = CARTESIAN_POINT('',(0.5,-0.37,0.77));
#1384 = VECTOR('',#1385,1.);
#1385 = DIRECTION('',(0.,1.,0.));
#1386 = ORIENTED_EDGE('',*,*,#1348,.F.);
#1387 = PLANE('',#1388);
#1388 = AXIS2_PLACEMENT_3D('',#1389,#1390,#1391);
#1389 = CARTESIAN_POINT('',(-0.5,-0.37,0.77));
#1390 = DIRECTION('',(0.,0.,1.));
#1391 = DIRECTION('',(1.,0.,-0.));
#1392 = ADVANCED_FACE('',(#1393),#1412,.T.);
#1393 = FACE_BOUND('',#1394,.T.);
#1394 = EDGE_LOOP('',(#1395,#1403,#1410,#1411));
#1395 = ORIENTED_EDGE('',*,*,#1396,.T.);
#1396 = EDGE_CURVE('',#1178,#1397,#1399,.T.);
#1397 = VERTEX_POINT('',#1398);
#1398 = CARTESIAN_POINT('',(0.5,-0.37,0.74));
#1399 = LINE('',#1400,#1401);
#1400 = CARTESIAN_POINT('',(-0.5,-0.37,0.74));
#1401 = VECTOR('',#1402,1.);
#1402 = DIRECTION('',(1.,0.,0.));
#1403 = ORIENTED_EDGE('',*,*,#1404,.T.);
#1404 = EDGE_CURVE('',#1397,#1374,#1405,.T.);
#1405 = CIRCLE('',#1406,3.E-02);
#1406 = AXIS2_PLACEMENT_3D('',#1407,#1408,#1409);
#1407 = CARTESIAN_POINT('',(0.5,-0.34,0.74));
#1408 = DIRECTION('',(-1.,0.,0.));
#1409 = DIRECTION('',(0.,0.,1.));
#1410 = ORIENTED_EDGE('',*,*,#1373,.F.);
#1411 = ORIENTED_EDGE('',*,*,#1185,.F.);
#1412 = CYLINDRICAL_SURFACE('',#1413,3.E-02);
#1413 = AXIS2_PLACEMENT_3D('',#1414,#1415,#1416);
#1414 = CARTESIAN_POINT('',(-0.5,-0.34,0.74));
#1415 = DIRECTION('',(1.,0.,0.));
#1416 = DIRECTION('',(0.,-1.,0.));
#1417 = ADVANCED_FACE('',(#1418),#1429,.F.);
#1418 = FACE_BOUND('',#1419,.F.);
#1419 = EDGE_LOOP('',(#1420,#1426,#1427,#1428));
#1420 = ORIENTED_EDGE('',*,*,#1421,.F.);
#1421 = EDGE_CURVE('',#1252,#1397,#1422,.T.);
#1422 = LINE('',#1423,#1424);
#1423 = CARTESIAN_POINT('',(0.5,-0.37,3.E-02));
#1424 = VECTOR('',#1425,1.);
#1425 = DIRECTION('',(0.,0.,1.));
#1426 = ORIENTED_EDGE('',*,*,#1260,.F.);
#1427 = ORIENTED_EDGE('',*,*,#1177,.T.);
#1428 = ORIENTED_EDGE('',*,*,#1396,.T.);
#1429 = PLANE('',#1430);
#1430 = AXIS2_PLACEMENT_3D('',#1431,#1432,#1433);
#1431 = CARTESIAN_POINT('',(-0.5,-0.37,3.E-02));
#1432 = DIRECTION('',(0.,1.,0.));
#1433 = DIRECTION('',(0.,-0.,1.));
#1434 = ADVANCED_FACE('',(#1435,#1505),#1515,.F.);
#1435 = FACE_BOUND('',#1436,.F.);
#1436 = EDGE_LOOP('',(#1437,#1447,#1456,#1464,#1473,#1481,#1490,#1498));
#1437 = ORIENTED_EDGE('',*,*,#1438,.F.);
#1438 = EDGE_CURVE('',#1439,#1441,#1443,.T.);
#1439 = VERTEX_POINT('',#1440);
#1440 = CARTESIAN_POINT('',(0.5,-0.4,3.E-02));
#1441 = VERTEX_POINT('',#1442);
#1442 = CARTESIAN_POINT('',(0.5,-0.4,0.77));
#1443 = LINE('',#1444,#1445);
#1444 = CARTESIAN_POINT('',(0.5,-0.4,0.));
#1445 = VECTOR('',#1446,1.);
#1446 = DIRECTION('',(0.,0.,1.));
#1447 = ORIENTED_EDGE('',*,*,#1448,.T.);
#1448 = EDGE_CURVE('',#1439,#1449,#1451,.T.);
#1449 = VERTEX_POINT('',#1450);
#1450 = CARTESIAN_POINT('',(0.5,-0.37,0.));
#1451 = CIRCLE('',#1452,3.E-02);
#1452 = AXIS2_PLACEMENT_3D('',#1453,#1454,#1455);
#1453 = CARTESIAN_POINT('',(0.5,-0.37,3.E-02));
#1454 = DIRECTION('',(1.,0.,-0.));
#1455 = DIRECTION('',(0.,0.,1.));
#1456 = ORIENTED_EDGE('',*,*,#1457,.T.);
#1457 = EDGE_CURVE('',#1449,#1458,#1460,.T.);
#1458 = VERTEX_POINT('',#1459);
#1459 = CARTESIAN_POINT('',(0.5,0.37,0.));
#1460 = LINE('',#1461,#1462);
#1461 = CARTESIAN_POINT('',(0.5,-0.4,0.));
#1462 = VECTOR('',#1463,1.);
#1463 = DIRECTION('',(0.,1.,0.));
#1464 = ORIENTED_EDGE('',*,*,#1465,.F.);
#1465 = EDGE_CURVE('',#1466,#1458,#1468,.T.);
#1466 = VERTEX_POINT('',#1467);
#1467 = CARTESIAN_POINT('',(0.5,0.4,3.E-02));
#1468 = CIRCLE('',#1469,3.E-02);
#1469 = AXIS2_PLACEMENT_3D('',#1470,#1471,#1472);
#1470 = CARTESIAN_POINT('',(0.5,0.37,3.E-02));
#1471 = DIRECTION('',(-1.,0.,0.));
#1472 = DIRECTION('',(0.,0.,1.));
#1473 = ORIENTED_EDGE('',*,*,#1474,.T.);
#1474 = EDGE_CURVE('',#1466,#1475,#1477,.T.);
#1475 = VERTEX_POINT('',#1476);
#1476 = CARTESIAN_POINT('',(0.5,0.4,0.77));
#1477 = LINE('',#1478,#1479);
#1478 = CARTESIAN_POINT('',(0.5,0.4,0.));
#1479 = VECTOR('',#1480,1.);
#1480 = DIRECTION('',(0.,0.,1.));
#1481 = ORIENTED_EDGE('',*,*,#1482,.T.);
#1482 = EDGE_CURVE('',#1475,#1483,#1485,.T.);
#1483 = VERTEX_POINT('',#1484);
#1484 = CARTESIAN_POINT('',(0.5,0.37,0.8));
#1485 = CIRCLE('',#1486,3.E-02);
#1486 = AXIS2_PLACEMENT_3D('',#1487,#1488,#1489);
#1487 = CARTESIAN_POINT('',(0.5,0.37,0.77));
#1488 = DIRECTION('',(1.,0.,-0.));
#1489 = DIRECTION('',(0.,0.,1.));
#1490 = ORIENTED_EDGE('',*,*,#1491,.F.);
#1491 = EDGE_CURVE('',#1492,#1483,#1494,.T.);
#1492 = VERTEX_POINT('',#1493);
#1493 = CARTESIAN_POINT('',(0.5,-0.37,0.8));
#1494 = LINE('',#1495,#1496);
#1495 = CARTESIAN_POINT('',(0.5,-0.4,0.8));
#1496 = VECTOR('',#1497,1.);
#1497 = DIRECTION('',(0.,1.,0.));
#1498 = ORIENTED_EDGE('',*,*,#1499,.F.);
#1499 = EDGE_CURVE('',#1441,#1492,#1500,.T.);
#1500 = CIRCLE('',#1501,3.E-02);
#1501 = AXIS2_PLACEMENT_3D('',#1502,#1503,#1504);
#1502 = CARTESIAN_POINT('',(0.5,-0.37,0.77));
#1503 = DIRECTION('',(-1.,0.,0.));
#1504 = DIRECTION('',(0.,0.,1.));
#1505 = FACE_BOUND('',#1506,.F.);
#1506 = EDGE_LOOP('',(#1507,#1508,#1509,#1510,#1511,#1512,#1513,#1514));
#1507 = ORIENTED_EDGE('',*,*,#1251,.F.);
#1508 = ORIENTED_EDGE('',*,*,#1421,.T.);
#1509 = ORIENTED_EDGE('',*,*,#1404,.T.);
#1510 = ORIENTED_EDGE('',*,*,#1381,.T.);
#1511 = ORIENTED_EDGE('',*,*,#1356,.F.);
#1512 = ORIENTED_EDGE('',*,*,#1323,.F.);
#1513 = ORIENTED_EDGE('',*,*,#1306,.T.);
#1514 = ORIENTED_EDGE('',*,*,#1276,.F.);
#1515 = PLANE('',#1516);
#1516 = AXIS2_PLACEMENT_3D('',#1517,#1518,#1519);
#1517 = CARTESIAN_POINT('',(0.5,-0.4,0.));
#1518 = DIRECTION('',(1.,0.,0.));
#1519 = DIRECTION('',(0.,0.,1.));
#1520 = ADVANCED_FACE('',(#1521),#1546,.F.);
#1521 = FACE_BOUND('',#1522,.F.);
#1522 = EDGE_LOOP('',(#1523,#1533,#1539,#1540));
#1523 = ORIENTED_EDGE('',*,*,#1524,.F.);
#1524 = EDGE_CURVE('',#1525,#1527,#1529,.T.);
#1525 = VERTEX_POINT('',#1526);
#1526 = CARTESIAN_POINT('',(0.8,-0.4,3.E-02));
#1527 = VERTEX_POINT('',#1528);
#1528 = CARTESIAN_POINT('',(0.8,-0.4,0.77));
#1529 = LINE('',#1530,#1531);
#1530 = CARTESIAN_POINT('',(0.8,-0.4,0.));
#1531 = VECTOR('',#1532,1.);
#1532 = DIRECTION('',(0.,0.,1.));
#1533 = ORIENTED_EDGE('',*,*,#1534,.F.);
#1534 = EDGE_CURVE('',#1439,#1525,#1535,.T.);
#1535 = LINE('',#1536,#1537);
#1536 = CARTESIAN_POINT('',(0.5,-0.4,3.E-02));
#1537 = VECTOR('',#1538,1.);
#1538 = DIRECTION('',(1.,0.,0.));
#1539 = ORIENTED_EDGE('',*,*,#1438,.T.);
#1540 = ORIENTED_EDGE('',*,*,#1541,.T.);
#1541 = EDGE_CURVE('',#1441,#1527,#1542,.T.);
#1542 = LINE('',#1543,#1544);
#1543 = CARTESIAN_POINT('',(0.5,-0.4,0.77));
#1544 = VECTOR('',#1545,1.);
#1545 = DIRECTION('',(1.,0.,0.));
#1546 = PLANE('',#1547);
#1547 = AXIS2_PLACEMENT_3D('',#1548,#1549,#1550);
#1548 = CARTESIAN_POINT('',(0.5,-0.4,0.));
#1549 = DIRECTION('',(0.,1.,0.));
#1550 = DIRECTION('',(0.,-0.,1.));
#1551 = ADVANCED_FACE('',(#1552),#1571,.T.);
#1552 = FACE_BOUND('',#1553,.T.);
#1553 = EDGE_LOOP('',(#1554,#1555,#1563,#1570));
#1554 = ORIENTED_EDGE('',*,*,#1448,.T.);
#1555 = ORIENTED_EDGE('',*,*,#1556,.T.);
#1556 = EDGE_CURVE('',#1449,#1557,#1559,.T.);
#1557 = VERTEX_POINT('',#1558);
#1558 = CARTESIAN_POINT('',(0.8,-0.37,0.));
#1559 = LINE('',#1560,#1561);
#1560 = CARTESIAN_POINT('',(0.5,-0.37,0.));
#1561 = VECTOR('',#1562,1.);
#1562 = DIRECTION('',(1.,0.,0.));
#1563 = ORIENTED_EDGE('',*,*,#1564,.F.);
#1564 = EDGE_CURVE('',#1525,#1557,#1565,.T.);
#1565 = CIRCLE('',#1566,3.E-02);
#1566 = AXIS2_PLACEMENT_3D('',#1567,#1568,#1569);
#1567 = CARTESIAN_POINT('',(0.8,-0.37,3.E-02));
#1568 = DIRECTION('',(1.,0.,-0.));
#1569 = DIRECTION('',(0.,0.,1.));
#1570 = ORIENTED_EDGE('',*,*,#1534,.F.);
#1571 = CYLINDRICAL_SURFACE('',#1572,3.E-02);
#1572 = AXIS2_PLACEMENT_3D('',#1573,#1574,#1575);
#1573 = CARTESIAN_POINT('',(0.5,-0.37,3.E-02));
#1574 = DIRECTION('',(1.,0.,0.));
#1575 = DIRECTION('',(0.,-1.,0.));
#1576 = ADVANCED_FACE('',(#1577),#1596,.T.);
#1577 = FACE_BOUND('',#1578,.T.);
#1578 = EDGE_LOOP('',(#1579,#1580,#1589,#1595));
#1579 = ORIENTED_EDGE('',*,*,#1541,.T.);
#1580 = ORIENTED_EDGE('',*,*,#1581,.T.);
#1581 = EDGE_CURVE('',#1527,#1582,#1584,.T.);
#1582 = VERTEX_POINT('',#1583);
#1583 = CARTESIAN_POINT('',(0.8,-0.37,0.8));
#1584 = CIRCLE('',#1585,3.E-02);
#1585 = AXIS2_PLACEMENT_3D('',#1586,#1587,#1588);
#1586 = CARTESIAN_POINT('',(0.8,-0.37,0.77));
#1587 = DIRECTION('',(-1.,0.,0.));
#1588 = DIRECTION('',(0.,0.,1.));
#1589 = ORIENTED_EDGE('',*,*,#1590,.F.);
#1590 = EDGE_CURVE('',#1492,#1582,#1591,.T.);
#1591 = LINE('',#1592,#1593);
#1592 = CARTESIAN_POINT('',(0.5,-0.37,0.8));
#1593 = VECTOR('',#1594,1.);
#1594 = DIRECTION('',(1.,0.,0.));
#1595 = ORIENTED_EDGE('',*,*,#1499,.F.);
#1596 = CYLINDRICAL_SURFACE('',#1597,3.E-02);
#1597 = AXIS2_PLACEMENT_3D('',#1598,#1599,#1600);
#1598 = CARTESIAN_POINT('',(0.5,-0.37,0.77));
#1599 = DIRECTION('',(1.,0.,0.));
#1600 = DIRECTION('',(0.,-1.,0.));
#1601 = ADVANCED_FACE('',(#1602),#1620,.F.);
#1602 = FACE_BOUND('',#1603,.F.);
#1603 = EDGE_LOOP('',(#1604,#1605,#1606,#1614));
#1604 = ORIENTED_EDGE('',*,*,#1457,.F.);
#1605 = ORIENTED_EDGE('',*,*,#1556,.T.);
#1606 = ORIENTED_EDGE('',*,*,#1607,.T.);
#1607 = EDGE_CURVE('',#1557,#1608,#1610,.T.);
#1608 = VERTEX_POINT('',#1609);
#1609 = CARTESIAN_POINT('',(0.8,0.37,0.));
#1610 = LINE('',#1611,#1612);
#1611 = CARTESIAN_POINT('',(0.8,-0.4,0.));
#1612 = VECTOR('',#1613,1.);
#1613 = DIRECTION('',(0.,1.,0.));
#1614 = ORIENTED_EDGE('',*,*,#1615,.F.);
#1615 = EDGE_CURVE('',#1458,#1608,#1616,.T.);
#1616 = LINE('',#1617,#1618);
#1617 = CARTESIAN_POINT('',(0.5,0.37,0.));
#1618 = VECTOR('',#1619,1.);
#1619 = DIRECTION('',(1.,0.,0.));
#1620 = PLANE('',#1621);
#1621 = AXIS2_PLACEMENT_3D('',#1622,#1623,#1624);
#1622 = CARTESIAN_POINT('',(0.5,-0.4,0.));
#1623 = DIRECTION('',(0.,0.,1.));
#1624 = DIRECTION('',(1.,0.,-0.));
#1625 = ADVANCED_FACE('',(#1626),#1644,.T.);
#1626 = FACE_BOUND('',#1627,.T.);
#1627 = EDGE_LOOP('',(#1628,#1629,#1630,#1638));
#1628 = ORIENTED_EDGE('',*,*,#1491,.F.);
#1629 = ORIENTED_EDGE('',*,*,#1590,.T.);
#1630 = ORIENTED_EDGE('',*,*,#1631,.T.);
#1631 = EDGE_CURVE('',#1582,#1632,#1634,.T.);
#1632 = VERTEX_POINT('',#1633);
#1633 = CARTESIAN_POINT('',(0.8,0.37,0.8));
#1634 = LINE('',#1635,#1636);
#1635 = CARTESIAN_POINT('',(0.8,-0.4,0.8));
#1636 = VECTOR('',#1637,1.);
#1637 = DIRECTION('',(0.,1.,0.));
#1638 = ORIENTED_EDGE('',*,*,#1639,.F.);
#1639 = EDGE_CURVE('',#1483,#1632,#1640,.T.);
#1640 = LINE('',#1641,#1642);
#1641 = CARTESIAN_POINT('',(0.5,0.37,0.8));
#1642 = VECTOR('',#1643,1.);
#1643 = DIRECTION('',(1.,0.,0.));
#1644 = PLANE('',#1645);
#1645 = AXIS2_PLACEMENT_3D('',#1646,#1647,#1648);
#1646 = CARTESIAN_POINT('',(0.5,-0.4,0.8));
#1647 = DIRECTION('',(0.,0.,1.));
#1648 = DIRECTION('',(1.,0.,-0.));
#1649 = ADVANCED_FACE('',(#1650),#1669,.T.);
#1650 = FACE_BOUND('',#1651,.T.);
#1651 = EDGE_LOOP('',(#1652,#1660,#1667,#1668));
#1652 = ORIENTED_EDGE('',*,*,#1653,.T.);
#1653 = EDGE_CURVE('',#1466,#1654,#1656,.T.);
#1654 = VERTEX_POINT('',#1655);
#1655 = CARTESIAN_POINT('',(0.8,0.4,3.E-02));
#1656 = LINE('',#1657,#1658);
#1657 = CARTESIAN_POINT('',(0.5,0.4,3.E-02));
#1658 = VECTOR('',#1659,1.);
#1659 = DIRECTION('',(1.,0.,0.));
#1660 = ORIENTED_EDGE('',*,*,#1661,.T.);
#1661 = EDGE_CURVE('',#1654,#1608,#1662,.T.);
#1662 = CIRCLE('',#1663,3.E-02);
#1663 = AXIS2_PLACEMENT_3D('',#1664,#1665,#1666);
#1664 = CARTESIAN_POINT('',(0.8,0.37,3.E-02));
#1665 = DIRECTION('',(-1.,0.,0.));
#1666 = DIRECTION('',(0.,0.,1.));
#1667 = ORIENTED_EDGE('',*,*,#1615,.F.);
#1668 = ORIENTED_EDGE('',*,*,#1465,.F.);
#1669 = CYLINDRICAL_SURFACE('',#1670,3.E-02);
#1670 = AXIS2_PLACEMENT_3D('',#1671,#1672,#1673);
#1671 = CARTESIAN_POINT('',(0.5,0.37,3.E-02));
#1672 = DIRECTION('',(1.,0.,0.));
#1673 = DIRECTION('',(-0.,1.,0.));
#1674 = ADVANCED_FACE('',(#1675),#1694,.T.);
#1675 = FACE_BOUND('',#1676,.T.);
#1676 = EDGE_LOOP('',(#1677,#1678,#1679,#1688));
#1677 = ORIENTED_EDGE('',*,*,#1482,.T.);
#1678 = ORIENTED_EDGE('',*,*,#1639,.T.);
#1679 = ORIENTED_EDGE('',*,*,#1680,.F.);
#1680 = EDGE_CURVE('',#1681,#1632,#1683,.T.);
#1681 = VERTEX_POINT('',#1682);
#1682 = CARTESIAN_POINT('',(0.8,0.4,0.77));
#1683 = CIRCLE('',#1684,3.E-02);
#1684 = AXIS2_PLACEMENT_3D('',#1685,#1686,#1687);
#1685 = CARTESIAN_POINT('',(0.8,0.37,0.77));
#1686 = DIRECTION('',(1.,0.,-0.));
#1687 = DIRECTION('',(0.,0.,1.));
#1688 = ORIENTED_EDGE('',*,*,#1689,.F.);
#1689 = EDGE_CURVE('',#1475,#1681,#1690,.T.);
#1690 = LINE('',#1691,#1692);
#1691 = CARTESIAN_POINT('',(0.5,0.4,0.77));
#1692 = VECTOR('',#1693,1.);
#1693 = DIRECTION('',(1.,0.,0.));
#1694 = CYLINDRICAL_SURFACE('',#1695,3.E-02);
#1695 = AXIS2_PLACEMENT_3D('',#1696,#1697,#1698);
#1696 = CARTESIAN_POINT('',(0.5,0.37,0.77));
#1697 = DIRECTION('',(1.,0.,0.));
#1698 = DIRECTION('',(-0.,1.,0.));
#1699 = ADVANCED_FACE('',(#1700),#1711,.T.);
#1700 = FACE_BOUND('',#1701,.T.);
#1701 = EDGE_LOOP('',(#1702,#1708,#1709,#1710));
#1702 = ORIENTED_EDGE('',*,*,#1703,.F.);
#1703 = EDGE_CURVE('',#1654,#1681,#1704,.T.);
#1704 = LINE('',#1705,#1706);
#1705 = CARTESIAN_POINT('',(0.8,0.4,0.));
#1706 = VECTOR('',#1707,1.);
#1707 = DIRECTION('',(0.,0.,1.));
#1708 = ORIENTED_EDGE('',*,*,#1653,.F.);
#1709 = ORIENTED_EDGE('',*,*,#1474,.T.);
#1710 = ORIENTED_EDGE('',*,*,#1689,.T.);
#1711 = PLANE('',#1712);
#1712 = AXIS2_PLACEMENT_3D('',#1713,#1714,#1715);
#1713 = CARTESIAN_POINT('',(0.5,0.4,0.));
#1714 = DIRECTION('',(0.,1.,0.));
#1715 = DIRECTION('',(0.,-0.,1.));
#1716 = ADVANCED_FACE('',(#1717),#1727,.T.);
#1717 = FACE_BOUND('',#1718,.T.);
#1718 = EDGE_LOOP('',(#1719,#1720,#1721,#1722,#1723,#1724,#1725,#1726));
#1719 = ORIENTED_EDGE('',*,*,#1524,.F.);
#1720 = ORIENTED_EDGE('',*,*,#1564,.T.);
#1721 = ORIENTED_EDGE('',*,*,#1607,.T.);
#1722 = ORIENTED_EDGE('',*,*,#1661,.F.);
#1723 = ORIENTED_EDGE('',*,*,#1703,.T.);
#1724 = ORIENTED_EDGE('',*,*,#1680,.T.);
#1725 = ORIENTED_EDGE('',*,*,#1631,.F.);
#1726 = ORIENTED_EDGE('',*,*,#1581,.F.);
#1727 = PLANE('',#1728);
#1728 = AXIS2_PLACEMENT_3D('',#1729,#1730,#1731);
#1729 = CARTESIAN_POINT('',(0.8,-0.4,0.));
#1730 = DIRECTION('',(1.,0.,0.));
#1731 = DIRECTION('',(0.,0.,1.));
#1732 = ( GEOMETRIC_REPRESENTATION_CONTEXT(3) 
GLOBAL_UNCERTAINTY_ASSIGNED_CONTEXT((#1736)) 
GLOBAL_UNIT_ASSIGNED_CONTEXT((#1733,#1734,#1735)) REPRESENTATION_CONTEXT
('Context #1','3D Context with UNIT and UNCERTAINTY') );
#1733 = ( LENGTH_UNIT() NAMED_UNIT(*) SI_UNIT(.MILLI.,.METRE.) );
#1734 = ( NAMED_UNIT(*) PLANE_ANGLE_UNIT() SI_UNIT($,.RADIAN.) );
#1735 = ( NAMED_UNIT(*) SI_UNIT($,.STERADIAN.) SOLID_ANGLE_UNIT() );
#1736 = UNCERTAINTY_MEASURE_WITH_UNIT(LENGTH_MEASURE(1.E-07),#1733,
  'distance_accuracy_value','confusion accuracy');
#1737 = CONTEXT_DEPENDENT_SHAPE_REPRESENTATION(#1738,#1740);
#1738 = ( REPRESENTATION_RELATIONSHIP('','',#877,#10) 
REPRESENTATION_RELATIONSHIP_WITH_TRANSFORMATION(#1739) 
SHAPE_REPRESENTATION_RELATIONSHIP() );
#1739 = ITEM_DEFINED_TRANSFORMATION('','',#11,#19);
#1740 = PRODUCT_DEFINITION_SHAPE('Placement','Placement of an item',
  #1741);
#1741 = NEXT_ASSEMBLY_USAGE_OCCURRENCE('2','C2','',#5,#872,$);
#1742 = PRODUCT_RELATED_PRODUCT_CATEGORY('part',$,(#874));
#1743 = CONTEXT_DEPENDENT_SHAPE_REPRESENTATION(#1744,#1746);
#1744 = ( REPRESENTATION_RELATIONSHIP('','',#877,#10) 
REPRESENTATION_RELATIONSHIP_WITH_TRANSFORMATION(#1745) 
SHAPE_REPRESENTATION_RELATIONSHIP() );
#1745 = ITEM_DEFINED_TRANSFORMATION('','',#11,#23);
#1746 = PRODUCT_DEFINITION_SHAPE('Placement','Placement of an item',
  #1747);
#1747 = NEXT_ASSEMBLY_USAGE_OCCURRENCE('3','C4','',#5,#872,$);
#1748 = CONTEXT_DEPENDENT_SHAPE_REPRESENTATION(#1749,#1751);
#1749 = ( REPRESENTATION_RELATIONSHIP('','',#877,#10) 
REPRESENTATION_RELATIONSHIP_WITH_TRANSFORMATION(#1750) 
SHAPE_REPRESENTATION_RELATIONSHIP() );
#1750 = ITEM_DEFINED_TRANSFORMATION('','',#11,#27);
#1751 = PRODUCT_DEFINITION_SHAPE('Placement','Placement of an item',
  #1752);
#1752 = NEXT_ASSEMBLY_USAGE_OCCURRENCE('4','C3','',#5,#872,$);
#1753 = CONTEXT_DEPENDENT_SHAPE_REPRESENTATION(#1754,#1756);
#1754 = ( REPRESENTATION_RELATIONSHIP('','',#68,#10) 
REPRESENTATION_RELATIONSHIP_WITH_TRANSFORMATION(#1755) 
SHAPE_REPRESENTATION_RELATIONSHIP() );
#1755 = ITEM_DEFINED_TRANSFORMATION('','',#11,#31);
#1756 = PRODUCT_DEFINITION_SHAPE('Placement','Placement of an item',
  #1757);
#1757 = NEXT_ASSEMBLY_USAGE_OCCURRENCE('5','R2','',#5,#63,$);
#1758 = CONTEXT_DEPENDENT_SHAPE_REPRESENTATION(#1759,#1761);
#1759 = ( REPRESENTATION_RELATIONSHIP('','',#68,#10) 
REPRESENTATION_RELATIONSHIP_WITH_TRANSFORMATION(#1760) 
SHAPE_REPRESENTATION_RELATIONSHIP() );
#1760 = ITEM_DEFINED_TRANSFORMATION('','',#11,#35);
#1761 = PRODUCT_DEFINITION_SHAPE('Placement','Placement of an item',
  #1762);
#1762 = NEXT_ASSEMBLY_USAGE_OCCURRENCE('6','R4','',#5,#63,$);
#1763 = CONTEXT_DEPENDENT_SHAPE_REPRESENTATION(#1764,#1766);
#1764 = ( REPRESENTATION_RELATIONSHIP('','',#68,#10) 
REPRESENTATION_RELATIONSHIP_WITH_TRANSFORMATION(#1765) 
SHAPE_REPRESENTATION_RELATIONSHIP() );
#1765 = ITEM_DEFINED_TRANSFORMATION('','',#11,#39);
#1766 = PRODUCT_DEFINITION_SHAPE('Placement','Placement of an item',
  #1767);
#1767 = NEXT_ASSEMBLY_USAGE_OCCURRENCE('7','R1','',#5,#63,$);
#1768 = SHAPE_DEFINITION_REPRESENTATION(#1769,#1775);
#1769 = PRODUCT_DEFINITION_SHAPE('','',#1770);
#1770 = PRODUCT_DEFINITION('design','',#1771,#1774);
#1771 = PRODUCT_DEFINITION_FORMATION('','',#1772);
#1772 = PRODUCT('SOT-23-5','SOT-23-5','',(#1773));
#1773 = PRODUCT_CONTEXT('',#2,'mechanical');
#1774 = PRODUCT_DEFINITION_CONTEXT('part definition',#2,'design');
#1775 = ADVANCED_BREP_SHAPE_REPRESENTATION('',(#11,#1776),#4845);
#1776 = MANIFOLD_SOLID_BREP('',#1777);
#1777 = CLOSED_SHELL('',(#1778,#1816,#1879,#1902,#1931,#1954,#2025,#2080
    ,#2103,#2126,#2143,#2166,#2254,#2270,#2300,#2331,#2362,#2393,#2424,
    #2455,#2472,#2489,#2520,#2551,#2582,#2612,#2635,#2658,#2675,#2720,
    #2790,#2813,#2836,#2859,#2914,#2952,#3001,#3093,#3118,#3202,#3224,
    #3316,#3341,#3425,#3442,#3527,#3552,#3629,#3714,#3739,#3816,#3833,
    #3925,#3950,#4034,#4051,#4070,#4089,#4135,#4151,#4170,#4186,#4203,
    #4215,#4232,#4249,#4266,#4283,#4300,#4317,#4334,#4346,#4363,#4380,
    #4397,#4414,#4431,#4448,#4465,#4477,#4494,#4511,#4528,#4545,#4562,
    #4579,#4591,#4608,#4625,#4642,#4659,#4676,#4693,#4705,#4722,#4739,
    #4756,#4773,#4790,#4807,#4824,#4836));
#1778 = ADVANCED_FACE('',(#1779),#1811,.F.);
#1779 = FACE_BOUND('',#1780,.F.);
#1780 = EDGE_LOOP('',(#1781,#1791,#1798,#1806));
#1781 = ORIENTED_EDGE('',*,*,#1782,.T.);
#1782 = EDGE_CURVE('',#1783,#1785,#1787,.T.);
#1783 = VERTEX_POINT('',#1784);
#1784 = CARTESIAN_POINT('',(-0.659324228722,1.358648457443,0.1));
#1785 = VERTEX_POINT('',#1786);
#1786 = CARTESIAN_POINT('',(0.659324228722,1.358648457443,0.1));
#1787 = LINE('',#1788,#1789);
#1788 = CARTESIAN_POINT('',(-0.659324228722,1.358648457443,0.1));
#1789 = VECTOR('',#1790,1.);
#1790 = DIRECTION('',(1.,1.110223024625E-16,0.));
#1791 = ORIENTED_EDGE('',*,*,#1792,.T.);
#1792 = EDGE_CURVE('',#1785,#1793,#1795,.T.);
#1793 = VERTEX_POINT('',#1794);
#1794 = CARTESIAN_POINT('',(0.705,1.45,0.75));
#1795 = B_SPLINE_CURVE_WITH_KNOTS('',1,(#1796,#1797),.UNSPECIFIED.,.F.,
  .F.,(2,2),(0.,1.),.PIECEWISE_BEZIER_KNOTS.);
#1796 = CARTESIAN_POINT('',(0.659324228722,1.358648457443,0.1));
#1797 = CARTESIAN_POINT('',(0.705,1.45,0.75));
#1798 = ORIENTED_EDGE('',*,*,#1799,.F.);
#1799 = EDGE_CURVE('',#1800,#1793,#1802,.T.);
#1800 = VERTEX_POINT('',#1801);
#1801 = CARTESIAN_POINT('',(-0.705,1.45,0.75));
#1802 = LINE('',#1803,#1804);
#1803 = CARTESIAN_POINT('',(-0.705,1.45,0.75));
#1804 = VECTOR('',#1805,1.);
#1805 = DIRECTION('',(1.,1.110223024625E-16,0.));
#1806 = ORIENTED_EDGE('',*,*,#1807,.F.);
#1807 = EDGE_CURVE('',#1783,#1800,#1808,.T.);
#1808 = B_SPLINE_CURVE_WITH_KNOTS('',1,(#1809,#1810),.UNSPECIFIED.,.F.,
  .F.,(2,2),(0.,1.),.PIECEWISE_BEZIER_KNOTS.);
#1809 = CARTESIAN_POINT('',(-0.659324228722,1.358648457443,0.1));
#1810 = CARTESIAN_POINT('',(-0.705,1.45,0.75));
#1811 = B_SPLINE_SURFACE_WITH_KNOTS('',1,1,(
    (#1812,#1813)
    ,(#1814,#1815
    )),.UNSPECIFIED.,.F.,.F.,.F.,(2,2),(2,2),(0.,1.41),(0.,1.),
  .PIECEWISE_BEZIER_KNOTS.);
#1812 = CARTESIAN_POINT('',(-0.659324228722,1.358648457443,0.1));
#1813 = CARTESIAN_POINT('',(-0.705,1.45,0.75));
#1814 = CARTESIAN_POINT('',(0.659324228722,1.358648457443,0.1));
#1815 = CARTESIAN_POINT('',(0.705,1.45,0.75));
#1816 = ADVANCED_FACE('',(#1817),#1874,.F.);
#1817 = FACE_BOUND('',#1818,.T.);
#1818 = EDGE_LOOP('',(#1819,#1820,#1828,#1836,#1844,#1852,#1860,#1868));
#1819 = ORIENTED_EDGE('',*,*,#1782,.T.);
#1820 = ORIENTED_EDGE('',*,*,#1821,.T.);
#1821 = EDGE_CURVE('',#1785,#1822,#1824,.T.);
#1822 = VERTEX_POINT('',#1823);
#1823 = CARTESIAN_POINT('',(0.708648457443,1.309324228722,0.1));
#1824 = LINE('',#1825,#1826);
#1825 = CARTESIAN_POINT('',(0.659324228722,1.358648457443,0.1));
#1826 = VECTOR('',#1827,1.);
#1827 = DIRECTION('',(0.707106781187,-0.707106781187,0.));
#1828 = ORIENTED_EDGE('',*,*,#1829,.T.);
#1829 = EDGE_CURVE('',#1822,#1830,#1832,.T.);
#1830 = VERTEX_POINT('',#1831);
#1831 = CARTESIAN_POINT('',(0.708648457443,-1.309324228722,0.1));
#1832 = LINE('',#1833,#1834);
#1833 = CARTESIAN_POINT('',(0.708648457443,1.309324228722,0.1));
#1834 = VECTOR('',#1835,1.);
#1835 = DIRECTION('',(1.110223024625E-16,-1.,0.));
#1836 = ORIENTED_EDGE('',*,*,#1837,.T.);
#1837 = EDGE_CURVE('',#1830,#1838,#1840,.T.);
#1838 = VERTEX_POINT('',#1839);
#1839 = CARTESIAN_POINT('',(0.659324228722,-1.358648457443,0.1));
#1840 = LINE('',#1841,#1842);
#1841 = CARTESIAN_POINT('',(0.708648457443,-1.309324228722,0.1));
#1842 = VECTOR('',#1843,1.);
#1843 = DIRECTION('',(-0.707106781187,-0.707106781187,0.));
#1844 = ORIENTED_EDGE('',*,*,#1845,.T.);
#1845 = EDGE_CURVE('',#1838,#1846,#1848,.T.);
#1846 = VERTEX_POINT('',#1847);
#1847 = CARTESIAN_POINT('',(-0.659324228722,-1.358648457443,0.1));
#1848 = LINE('',#1849,#1850);
#1849 = CARTESIAN_POINT('',(0.659324228722,-1.358648457443,0.1));
#1850 = VECTOR('',#1851,1.);
#1851 = DIRECTION('',(-1.,-1.110223024625E-16,0.));
#1852 = ORIENTED_EDGE('',*,*,#1853,.T.);
#1853 = EDGE_CURVE('',#1846,#1854,#1856,.T.);
#1854 = VERTEX_POINT('',#1855);
#1855 = CARTESIAN_POINT('',(-0.708648457443,-1.309324228722,0.1));
#1856 = LINE('',#1857,#1858);
#1857 = CARTESIAN_POINT('',(-0.659324228722,-1.358648457443,0.1));
#1858 = VECTOR('',#1859,1.);
#1859 = DIRECTION('',(-0.707106781187,0.707106781187,0.));
#1860 = ORIENTED_EDGE('',*,*,#1861,.T.);
#1861 = EDGE_CURVE('',#1854,#1862,#1864,.T.);
#1862 = VERTEX_POINT('',#1863);
#1863 = CARTESIAN_POINT('',(-0.708648457443,1.309324228722,0.1));
#1864 = LINE('',#1865,#1866);
#1865 = CARTESIAN_POINT('',(-0.708648457443,-1.309324228722,0.1));
#1866 = VECTOR('',#1867,1.);
#1867 = DIRECTION('',(-1.110223024625E-16,1.,0.));
#1868 = ORIENTED_EDGE('',*,*,#1869,.T.);
#1869 = EDGE_CURVE('',#1862,#1783,#1870,.T.);
#1870 = LINE('',#1871,#1872);
#1871 = CARTESIAN_POINT('',(-0.708648457443,1.309324228722,0.1));
#1872 = VECTOR('',#1873,1.);
#1873 = DIRECTION('',(0.707106781187,0.707106781187,0.));
#1874 = PLANE('',#1875);
#1875 = AXIS2_PLACEMENT_3D('',#1876,#1877,#1878);
#1876 = CARTESIAN_POINT('',(-0.659324228722,1.358648457443,0.1));
#1877 = DIRECTION('',(0.,0.,1.));
#1878 = DIRECTION('',(0.436587433964,-0.899661832304,0.));
#1879 = ADVANCED_FACE('',(#1880),#1897,.F.);
#1880 = FACE_BOUND('',#1881,.F.);
#1881 = EDGE_LOOP('',(#1882,#1883,#1890,#1896));
#1882 = ORIENTED_EDGE('',*,*,#1821,.T.);
#1883 = ORIENTED_EDGE('',*,*,#1884,.T.);
#1884 = EDGE_CURVE('',#1822,#1885,#1887,.T.);
#1885 = VERTEX_POINT('',#1886);
#1886 = CARTESIAN_POINT('',(0.8,1.355,0.75));
#1887 = B_SPLINE_CURVE_WITH_KNOTS('',1,(#1888,#1889),.UNSPECIFIED.,.F.,
  .F.,(2,2),(0.,1.),.PIECEWISE_BEZIER_KNOTS.);
#1888 = CARTESIAN_POINT('',(0.708648457443,1.309324228722,0.1));
#1889 = CARTESIAN_POINT('',(0.8,1.355,0.75));
#1890 = ORIENTED_EDGE('',*,*,#1891,.F.);
#1891 = EDGE_CURVE('',#1793,#1885,#1892,.T.);
#1892 = LINE('',#1893,#1894);
#1893 = CARTESIAN_POINT('',(0.705,1.45,0.75));
#1894 = VECTOR('',#1895,1.);
#1895 = DIRECTION('',(0.707106781187,-0.707106781187,0.));
#1896 = ORIENTED_EDGE('',*,*,#1792,.F.);
#1897 = B_SPLINE_SURFACE_WITH_KNOTS('',1,1,(
    (#1898,#1899)
    ,(#1900,#1901
    )),.UNSPECIFIED.,.F.,.F.,.F.,(2,2),(2,2),(0.,0.134350288425),(0.,1.)
  ,.PIECEWISE_BEZIER_KNOTS.);
#1898 = CARTESIAN_POINT('',(0.659324228722,1.358648457443,0.1));
#1899 = CARTESIAN_POINT('',(0.705,1.45,0.75));
#1900 = CARTESIAN_POINT('',(0.708648457443,1.309324228722,0.1));
#1901 = CARTESIAN_POINT('',(0.8,1.355,0.75));
#1902 = ADVANCED_FACE('',(#1903),#1926,.F.);
#1903 = FACE_BOUND('',#1904,.F.);
#1904 = EDGE_LOOP('',(#1905,#1906,#1913,#1921));
#1905 = ORIENTED_EDGE('',*,*,#1799,.T.);
#1906 = ORIENTED_EDGE('',*,*,#1907,.T.);
#1907 = EDGE_CURVE('',#1793,#1908,#1910,.T.);
#1908 = VERTEX_POINT('',#1909);
#1909 = CARTESIAN_POINT('',(0.705,1.45,0.9));
#1910 = B_SPLINE_CURVE_WITH_KNOTS('',1,(#1911,#1912),.UNSPECIFIED.,.F.,
  .F.,(2,2),(0.,1.),.PIECEWISE_BEZIER_KNOTS.);
#1911 = CARTESIAN_POINT('',(0.705,1.45,0.75));
#1912 = CARTESIAN_POINT('',(0.705,1.45,0.9));
#1913 = ORIENTED_EDGE('',*,*,#1914,.F.);
#1914 = EDGE_CURVE('',#1915,#1908,#1917,.T.);
#1915 = VERTEX_POINT('',#1916);
#1916 = CARTESIAN_POINT('',(-0.705,1.45,0.9));
#1917 = LINE('',#1918,#1919);
#1918 = CARTESIAN_POINT('',(-0.705,1.45,0.9));
#1919 = VECTOR('',#1920,1.);
#1920 = DIRECTION('',(1.,1.110223024625E-16,0.));
#1921 = ORIENTED_EDGE('',*,*,#1922,.F.);
#1922 = EDGE_CURVE('',#1800,#1915,#1923,.T.);
#1923 = B_SPLINE_CURVE_WITH_KNOTS('',1,(#1924,#1925),.UNSPECIFIED.,.F.,
  .F.,(2,2),(0.,1.),.PIECEWISE_BEZIER_KNOTS.);
#1924 = CARTESIAN_POINT('',(-0.705,1.45,0.75));
#1925 = CARTESIAN_POINT('',(-0.705,1.45,0.9));
#1926 = PLANE('',#1927);
#1927 = AXIS2_PLACEMENT_3D('',#1928,#1929,#1930);
#1928 = CARTESIAN_POINT('',(-0.705,1.45,0.9));
#1929 = DIRECTION('',(1.110223024625E-16,-1.,0.));
#1930 = DIRECTION('',(1.,1.110223024625E-16,0.));
#1931 = ADVANCED_FACE('',(#1932),#1949,.F.);
#1932 = FACE_BOUND('',#1933,.F.);
#1933 = EDGE_LOOP('',(#1934,#1935,#1936,#1944));
#1934 = ORIENTED_EDGE('',*,*,#1869,.T.);
#1935 = ORIENTED_EDGE('',*,*,#1807,.T.);
#1936 = ORIENTED_EDGE('',*,*,#1937,.F.);
#1937 = EDGE_CURVE('',#1938,#1800,#1940,.T.);
#1938 = VERTEX_POINT('',#1939);
#1939 = CARTESIAN_POINT('',(-0.8,1.355,0.75));
#1940 = LINE('',#1941,#1942);
#1941 = CARTESIAN_POINT('',(-0.8,1.355,0.75));
#1942 = VECTOR('',#1943,1.);
#1943 = DIRECTION('',(0.707106781187,0.707106781187,0.));
#1944 = ORIENTED_EDGE('',*,*,#1945,.F.);
#1945 = EDGE_CURVE('',#1862,#1938,#1946,.T.);
#1946 = B_SPLINE_CURVE_WITH_KNOTS('',1,(#1947,#1948),.UNSPECIFIED.,.F.,
  .F.,(2,2),(0.,1.),.PIECEWISE_BEZIER_KNOTS.);
#1947 = CARTESIAN_POINT('',(-0.708648457443,1.309324228722,0.1));
#1948 = CARTESIAN_POINT('',(-0.8,1.355,0.75));
#1949 = B_SPLINE_SURFACE_WITH_KNOTS('',1,1,(
    (#1950,#1951)
    ,(#1952,#1953
    )),.UNSPECIFIED.,.F.,.F.,.F.,(2,2),(2,2),(0.,0.134350288425),(0.,1.)
  ,.PIECEWISE_BEZIER_KNOTS.);
#1950 = CARTESIAN_POINT('',(-0.708648457443,1.309324228722,0.1));
#1951 = CARTESIAN_POINT('',(-0.8,1.355,0.75));
#1952 = CARTESIAN_POINT('',(-0.659324228722,1.358648457443,0.1));
#1953 = CARTESIAN_POINT('',(-0.705,1.45,0.75));
#1954 = ADVANCED_FACE('',(#1955),#2020,.F.);
#1955 = FACE_BOUND('',#1956,.F.);
#1956 = EDGE_LOOP('',(#1957,#1958,#1959,#1967,#1975,#1983,#1991,#1999,
    #2007,#2015));
#1957 = ORIENTED_EDGE('',*,*,#1861,.T.);
#1958 = ORIENTED_EDGE('',*,*,#1945,.T.);
#1959 = ORIENTED_EDGE('',*,*,#1960,.F.);
#1960 = EDGE_CURVE('',#1961,#1938,#1963,.T.);
#1961 = VERTEX_POINT('',#1962);
#1962 = CARTESIAN_POINT('',(-0.8,1.2,0.75));
#1963 = LINE('',#1964,#1965);
#1964 = CARTESIAN_POINT('',(-0.8,-1.355,0.75));
#1965 = VECTOR('',#1966,1.);
#1966 = DIRECTION('',(-1.110223024625E-16,1.,0.));
#1967 = ORIENTED_EDGE('',*,*,#1968,.F.);
#1968 = EDGE_CURVE('',#1969,#1961,#1971,.T.);
#1969 = VERTEX_POINT('',#1970);
#1970 = CARTESIAN_POINT('',(-0.8,0.7,0.75));
#1971 = LINE('',#1972,#1973);
#1972 = CARTESIAN_POINT('',(-0.8,-1.355,0.75));
#1973 = VECTOR('',#1974,1.);
#1974 = DIRECTION('',(-1.110223024625E-16,1.,0.));
#1975 = ORIENTED_EDGE('',*,*,#1976,.F.);
#1976 = EDGE_CURVE('',#1977,#1969,#1979,.T.);
#1977 = VERTEX_POINT('',#1978);
#1978 = CARTESIAN_POINT('',(-0.8,0.25,0.75));
#1979 = LINE('',#1980,#1981);
#1980 = CARTESIAN_POINT('',(-0.8,-1.355,0.75));
#1981 = VECTOR('',#1982,1.);
#1982 = DIRECTION('',(-1.110223024625E-16,1.,0.));
#1983 = ORIENTED_EDGE('',*,*,#1984,.F.);
#1984 = EDGE_CURVE('',#1985,#1977,#1987,.T.);
#1985 = VERTEX_POINT('',#1986);
#1986 = CARTESIAN_POINT('',(-0.8,-0.25,0.75));
#1987 = LINE('',#1988,#1989);
#1988 = CARTESIAN_POINT('',(-0.8,-1.355,0.75));
#1989 = VECTOR('',#1990,1.);
#1990 = DIRECTION('',(-1.110223024625E-16,1.,0.));
#1991 = ORIENTED_EDGE('',*,*,#1992,.F.);
#1992 = EDGE_CURVE('',#1993,#1985,#1995,.T.);
#1993 = VERTEX_POINT('',#1994);
#1994 = CARTESIAN_POINT('',(-0.8,-0.7,0.75));
#1995 = LINE('',#1996,#1997);
#1996 = CARTESIAN_POINT('',(-0.8,-1.355,0.75));
#1997 = VECTOR('',#1998,1.);
#1998 = DIRECTION('',(-1.110223024625E-16,1.,0.));
#1999 = ORIENTED_EDGE('',*,*,#2000,.F.);
#2000 = EDGE_CURVE('',#2001,#1993,#2003,.T.);
#2001 = VERTEX_POINT('',#2002);
#2002 = CARTESIAN_POINT('',(-0.8,-1.2,0.75));
#2003 = LINE('',#2004,#2005);
#2004 = CARTESIAN_POINT('',(-0.8,-1.355,0.75));
#2005 = VECTOR('',#2006,1.);
#2006 = DIRECTION('',(-1.110223024625E-16,1.,0.));
#2007 = ORIENTED_EDGE('',*,*,#2008,.F.);
#2008 = EDGE_CURVE('',#2009,#2001,#2011,.T.);
#2009 = VERTEX_POINT('',#2010);
#2010 = CARTESIAN_POINT('',(-0.8,-1.355,0.75));
#2011 = LINE('',#2012,#2013);
#2012 = CARTESIAN_POINT('',(-0.8,-1.355,0.75));
#2013 = VECTOR('',#2014,1.);
#2014 = DIRECTION('',(-1.110223024625E-16,1.,0.));
#2015 = ORIENTED_EDGE('',*,*,#2016,.F.);
#2016 = EDGE_CURVE('',#1854,#2009,#2017,.T.);
#2017 = B_SPLINE_CURVE_WITH_KNOTS('',1,(#2018,#2019),.UNSPECIFIED.,.F.,
  .F.,(2,2),(0.,1.),.PIECEWISE_BEZIER_KNOTS.);
#2018 = CARTESIAN_POINT('',(-0.708648457443,-1.309324228722,0.1));
#2019 = CARTESIAN_POINT('',(-0.8,-1.355,0.75));
#2020 = B_SPLINE_SURFACE_WITH_KNOTS('',1,1,(
    (#2021,#2022)
    ,(#2023,#2024
    )),.UNSPECIFIED.,.F.,.F.,.F.,(2,2),(2,2),(0.,2.71),(0.,1.),
  .PIECEWISE_BEZIER_KNOTS.);
#2021 = CARTESIAN_POINT('',(-0.708648457443,-1.309324228722,0.1));
#2022 = CARTESIAN_POINT('',(-0.8,-1.355,0.75));
#2023 = CARTESIAN_POINT('',(-0.708648457443,1.309324228722,0.1));
#2024 = CARTESIAN_POINT('',(-0.8,1.355,0.75));
#2025 = ADVANCED_FACE('',(#2026),#2075,.F.);
#2026 = FACE_BOUND('',#2027,.F.);
#2027 = EDGE_LOOP('',(#2028,#2029,#2036,#2044,#2052,#2060,#2068,#2074));
#2028 = ORIENTED_EDGE('',*,*,#1829,.T.);
#2029 = ORIENTED_EDGE('',*,*,#2030,.T.);
#2030 = EDGE_CURVE('',#1830,#2031,#2033,.T.);
#2031 = VERTEX_POINT('',#2032);
#2032 = CARTESIAN_POINT('',(0.8,-1.355,0.75));
#2033 = B_SPLINE_CURVE_WITH_KNOTS('',1,(#2034,#2035),.UNSPECIFIED.,.F.,
  .F.,(2,2),(0.,1.),.PIECEWISE_BEZIER_KNOTS.);
#2034 = CARTESIAN_POINT('',(0.708648457443,-1.309324228722,0.1));
#2035 = CARTESIAN_POINT('',(0.8,-1.355,0.75));
#2036 = ORIENTED_EDGE('',*,*,#2037,.F.);
#2037 = EDGE_CURVE('',#2038,#2031,#2040,.T.);
#2038 = VERTEX_POINT('',#2039);
#2039 = CARTESIAN_POINT('',(0.8,-1.2,0.75));
#2040 = LINE('',#2041,#2042);
#2041 = CARTESIAN_POINT('',(0.8,1.355,0.75));
#2042 = VECTOR('',#2043,1.);
#2043 = DIRECTION('',(1.110223024625E-16,-1.,0.));
#2044 = ORIENTED_EDGE('',*,*,#2045,.F.);
#2045 = EDGE_CURVE('',#2046,#2038,#2048,.T.);
#2046 = VERTEX_POINT('',#2047);
#2047 = CARTESIAN_POINT('',(0.8,-0.7,0.75));
#2048 = LINE('',#2049,#2050);
#2049 = CARTESIAN_POINT('',(0.8,1.355,0.75));
#2050 = VECTOR('',#2051,1.);
#2051 = DIRECTION('',(1.110223024625E-16,-1.,0.));
#2052 = ORIENTED_EDGE('',*,*,#2053,.F.);
#2053 = EDGE_CURVE('',#2054,#2046,#2056,.T.);
#2054 = VERTEX_POINT('',#2055);
#2055 = CARTESIAN_POINT('',(0.8,0.7,0.75));
#2056 = LINE('',#2057,#2058);
#2057 = CARTESIAN_POINT('',(0.8,1.355,0.75));
#2058 = VECTOR('',#2059,1.);
#2059 = DIRECTION('',(1.110223024625E-16,-1.,0.));
#2060 = ORIENTED_EDGE('',*,*,#2061,.F.);
#2061 = EDGE_CURVE('',#2062,#2054,#2064,.T.);
#2062 = VERTEX_POINT('',#2063);
#2063 = CARTESIAN_POINT('',(0.8,1.2,0.75));
#2064 = LINE('',#2065,#2066);
#2065 = CARTESIAN_POINT('',(0.8,1.355,0.75));
#2066 = VECTOR('',#2067,1.);
#2067 = DIRECTION('',(1.110223024625E-16,-1.,0.));
#2068 = ORIENTED_EDGE('',*,*,#2069,.F.);
#2069 = EDGE_CURVE('',#1885,#2062,#2070,.T.);
#2070 = LINE('',#2071,#2072);
#2071 = CARTESIAN_POINT('',(0.8,1.355,0.75));
#2072 = VECTOR('',#2073,1.);
#2073 = DIRECTION('',(1.110223024625E-16,-1.,0.));
#2074 = ORIENTED_EDGE('',*,*,#1884,.F.);
#2075 = B_SPLINE_SURFACE_WITH_KNOTS('',1,1,(
    (#2076,#2077)
    ,(#2078,#2079
    )),.UNSPECIFIED.,.F.,.F.,.F.,(2,2),(2,2),(0.,2.71),(0.,1.),
  .PIECEWISE_BEZIER_KNOTS.);
#2076 = CARTESIAN_POINT('',(0.708648457443,1.309324228722,0.1));
#2077 = CARTESIAN_POINT('',(0.8,1.355,0.75));
#2078 = CARTESIAN_POINT('',(0.708648457443,-1.309324228722,0.1));
#2079 = CARTESIAN_POINT('',(0.8,-1.355,0.75));
#2080 = ADVANCED_FACE('',(#2081),#2098,.F.);
#2081 = FACE_BOUND('',#2082,.F.);
#2082 = EDGE_LOOP('',(#2083,#2084,#2085,#2093));
#2083 = ORIENTED_EDGE('',*,*,#1853,.T.);
#2084 = ORIENTED_EDGE('',*,*,#2016,.T.);
#2085 = ORIENTED_EDGE('',*,*,#2086,.F.);
#2086 = EDGE_CURVE('',#2087,#2009,#2089,.T.);
#2087 = VERTEX_POINT('',#2088);
#2088 = CARTESIAN_POINT('',(-0.705,-1.45,0.75));
#2089 = LINE('',#2090,#2091);
#2090 = CARTESIAN_POINT('',(-0.705,-1.45,0.75));
#2091 = VECTOR('',#2092,1.);
#2092 = DIRECTION('',(-0.707106781187,0.707106781187,0.));
#2093 = ORIENTED_EDGE('',*,*,#2094,.F.);
#2094 = EDGE_CURVE('',#1846,#2087,#2095,.T.);
#2095 = B_SPLINE_CURVE_WITH_KNOTS('',1,(#2096,#2097),.UNSPECIFIED.,.F.,
  .F.,(2,2),(0.,1.),.PIECEWISE_BEZIER_KNOTS.);
#2096 = CARTESIAN_POINT('',(-0.659324228722,-1.358648457443,0.1));
#2097 = CARTESIAN_POINT('',(-0.705,-1.45,0.75));
#2098 = B_SPLINE_SURFACE_WITH_KNOTS('',1,1,(
    (#2099,#2100)
    ,(#2101,#2102
    )),.UNSPECIFIED.,.F.,.F.,.F.,(2,2),(2,2),(0.,0.134350288425),(0.,1.)
  ,.PIECEWISE_BEZIER_KNOTS.);
#2099 = CARTESIAN_POINT('',(-0.659324228722,-1.358648457443,0.1));
#2100 = CARTESIAN_POINT('',(-0.705,-1.45,0.75));
#2101 = CARTESIAN_POINT('',(-0.708648457443,-1.309324228722,0.1));
#2102 = CARTESIAN_POINT('',(-0.8,-1.355,0.75));
#2103 = ADVANCED_FACE('',(#2104),#2121,.F.);
#2104 = FACE_BOUND('',#2105,.F.);
#2105 = EDGE_LOOP('',(#2106,#2107,#2114,#2120));
#2106 = ORIENTED_EDGE('',*,*,#1837,.T.);
#2107 = ORIENTED_EDGE('',*,*,#2108,.T.);
#2108 = EDGE_CURVE('',#1838,#2109,#2111,.T.);
#2109 = VERTEX_POINT('',#2110);
#2110 = CARTESIAN_POINT('',(0.705,-1.45,0.75));
#2111 = B_SPLINE_CURVE_WITH_KNOTS('',1,(#2112,#2113),.UNSPECIFIED.,.F.,
  .F.,(2,2),(0.,1.),.PIECEWISE_BEZIER_KNOTS.);
#2112 = CARTESIAN_POINT('',(0.659324228722,-1.358648457443,0.1));
#2113 = CARTESIAN_POINT('',(0.705,-1.45,0.75));
#2114 = ORIENTED_EDGE('',*,*,#2115,.F.);
#2115 = EDGE_CURVE('',#2031,#2109,#2116,.T.);
#2116 = LINE('',#2117,#2118);
#2117 = CARTESIAN_POINT('',(0.8,-1.355,0.75));
#2118 = VECTOR('',#2119,1.);
#2119 = DIRECTION('',(-0.707106781187,-0.707106781187,0.));
#2120 = ORIENTED_EDGE('',*,*,#2030,.F.);
#2121 = B_SPLINE_SURFACE_WITH_KNOTS('',1,1,(
    (#2122,#2123)
    ,(#2124,#2125
    )),.UNSPECIFIED.,.F.,.F.,.F.,(2,2),(2,2),(0.,0.134350288425),(0.,1.)
  ,.PIECEWISE_BEZIER_KNOTS.);
#2122 = CARTESIAN_POINT('',(0.708648457443,-1.309324228722,0.1));
#2123 = CARTESIAN_POINT('',(0.8,-1.355,0.75));
#2124 = CARTESIAN_POINT('',(0.659324228722,-1.358648457443,0.1));
#2125 = CARTESIAN_POINT('',(0.705,-1.45,0.75));
#2126 = ADVANCED_FACE('',(#2127),#2138,.F.);
#2127 = FACE_BOUND('',#2128,.F.);
#2128 = EDGE_LOOP('',(#2129,#2130,#2131,#2137));
#2129 = ORIENTED_EDGE('',*,*,#1845,.T.);
#2130 = ORIENTED_EDGE('',*,*,#2094,.T.);
#2131 = ORIENTED_EDGE('',*,*,#2132,.F.);
#2132 = EDGE_CURVE('',#2109,#2087,#2133,.T.);
#2133 = LINE('',#2134,#2135);
#2134 = CARTESIAN_POINT('',(0.705,-1.45,0.75));
#2135 = VECTOR('',#2136,1.);
#2136 = DIRECTION('',(-1.,-1.110223024625E-16,0.));
#2137 = ORIENTED_EDGE('',*,*,#2108,.F.);
#2138 = B_SPLINE_SURFACE_WITH_KNOTS('',1,1,(
    (#2139,#2140)
    ,(#2141,#2142
    )),.UNSPECIFIED.,.F.,.F.,.F.,(2,2),(2,2),(0.,1.41),(0.,1.),
  .PIECEWISE_BEZIER_KNOTS.);
#2139 = CARTESIAN_POINT('',(0.659324228722,-1.358648457443,0.1));
#2140 = CARTESIAN_POINT('',(0.705,-1.45,0.75));
#2141 = CARTESIAN_POINT('',(-0.659324228722,-1.358648457443,0.1));
#2142 = CARTESIAN_POINT('',(-0.705,-1.45,0.75));
#2143 = ADVANCED_FACE('',(#2144),#2161,.F.);
#2144 = FACE_BOUND('',#2145,.F.);
#2145 = EDGE_LOOP('',(#2146,#2147,#2154,#2160));
#2146 = ORIENTED_EDGE('',*,*,#1891,.T.);
#2147 = ORIENTED_EDGE('',*,*,#2148,.T.);
#2148 = EDGE_CURVE('',#1885,#2149,#2151,.T.);
#2149 = VERTEX_POINT('',#2150);
#2150 = CARTESIAN_POINT('',(0.8,1.355,0.9));
#2151 = B_SPLINE_CURVE_WITH_KNOTS('',1,(#2152,#2153),.UNSPECIFIED.,.F.,
  .F.,(2,2),(0.,1.),.PIECEWISE_BEZIER_KNOTS.);
#2152 = CARTESIAN_POINT('',(0.8,1.355,0.75));
#2153 = CARTESIAN_POINT('',(0.8,1.355,0.9));
#2154 = ORIENTED_EDGE('',*,*,#2155,.F.);
#2155 = EDGE_CURVE('',#1908,#2149,#2156,.T.);
#2156 = LINE('',#2157,#2158);
#2157 = CARTESIAN_POINT('',(0.705,1.45,0.9));
#2158 = VECTOR('',#2159,1.);
#2159 = DIRECTION('',(0.707106781187,-0.707106781187,0.));
#2160 = ORIENTED_EDGE('',*,*,#1907,.F.);
#2161 = PLANE('',#2162);
#2162 = AXIS2_PLACEMENT_3D('',#2163,#2164,#2165);
#2163 = CARTESIAN_POINT('',(0.705,1.45,0.9));
#2164 = DIRECTION('',(-0.707106781187,-0.707106781187,0.));
#2165 = DIRECTION('',(0.707106781187,-0.707106781187,0.));
#2166 = ADVANCED_FACE('',(#2167),#2249,.F.);
#2167 = FACE_BOUND('',#2168,.F.);
#2168 = EDGE_LOOP('',(#2169,#2177,#2178,#2179,#2187,#2195,#2203,#2211,
    #2219,#2227,#2235,#2243));
#2169 = ORIENTED_EDGE('',*,*,#2170,.T.);
#2170 = EDGE_CURVE('',#2171,#1915,#2173,.T.);
#2171 = VERTEX_POINT('',#2172);
#2172 = CARTESIAN_POINT('',(-0.8,1.355,0.9));
#2173 = LINE('',#2174,#2175);
#2174 = CARTESIAN_POINT('',(-0.8,1.355,0.9));
#2175 = VECTOR('',#2176,1.);
#2176 = DIRECTION('',(0.707106781187,0.707106781187,0.));
#2177 = ORIENTED_EDGE('',*,*,#1914,.T.);
#2178 = ORIENTED_EDGE('',*,*,#2155,.T.);
#2179 = ORIENTED_EDGE('',*,*,#2180,.T.);
#2180 = EDGE_CURVE('',#2149,#2181,#2183,.T.);
#2181 = VERTEX_POINT('',#2182);
#2182 = CARTESIAN_POINT('',(0.8,1.2,0.9));
#2183 = LINE('',#2184,#2185);
#2184 = CARTESIAN_POINT('',(0.8,1.355,0.9));
#2185 = VECTOR('',#2186,1.);
#2186 = DIRECTION('',(1.110223024625E-16,-1.,0.));
#2187 = ORIENTED_EDGE('',*,*,#2188,.T.);
#2188 = EDGE_CURVE('',#2181,#2189,#2191,.T.);
#2189 = VERTEX_POINT('',#2190);
#2190 = CARTESIAN_POINT('',(0.775,1.2,0.9));
#2191 = LINE('',#2192,#2193);
#2192 = CARTESIAN_POINT('',(0.85,1.2,0.9));
#2193 = VECTOR('',#2194,1.);
#2194 = DIRECTION('',(-1.,-1.110223024625E-16,0.));
#2195 = ORIENTED_EDGE('',*,*,#2196,.F.);
#2196 = EDGE_CURVE('',#2197,#2189,#2199,.T.);
#2197 = VERTEX_POINT('',#2198);
#2198 = CARTESIAN_POINT('',(0.775,1.3425,0.9));
#2199 = LINE('',#2200,#2201);
#2200 = CARTESIAN_POINT('',(0.775,1.3425,0.9));
#2201 = VECTOR('',#2202,1.);
#2202 = DIRECTION('',(1.110223024625E-16,-1.,0.));
#2203 = ORIENTED_EDGE('',*,*,#2204,.F.);
#2204 = EDGE_CURVE('',#2205,#2197,#2207,.T.);
#2205 = VERTEX_POINT('',#2206);
#2206 = CARTESIAN_POINT('',(0.6925,1.425,0.9));
#2207 = LINE('',#2208,#2209);
#2208 = CARTESIAN_POINT('',(0.6925,1.425,0.9));
#2209 = VECTOR('',#2210,1.);
#2210 = DIRECTION('',(0.707106781187,-0.707106781187,0.));
#2211 = ORIENTED_EDGE('',*,*,#2212,.F.);
#2212 = EDGE_CURVE('',#2213,#2205,#2215,.T.);
#2213 = VERTEX_POINT('',#2214);
#2214 = CARTESIAN_POINT('',(-0.6925,1.425,0.9));
#2215 = LINE('',#2216,#2217);
#2216 = CARTESIAN_POINT('',(-0.6925,1.425,0.9));
#2217 = VECTOR('',#2218,1.);
#2218 = DIRECTION('',(1.,1.110223024625E-16,0.));
#2219 = ORIENTED_EDGE('',*,*,#2220,.F.);
#2220 = EDGE_CURVE('',#2221,#2213,#2223,.T.);
#2221 = VERTEX_POINT('',#2222);
#2222 = CARTESIAN_POINT('',(-0.775,1.3425,0.9));
#2223 = LINE('',#2224,#2225);
#2224 = CARTESIAN_POINT('',(-0.775,1.3425,0.9));
#2225 = VECTOR('',#2226,1.);
#2226 = DIRECTION('',(0.707106781187,0.707106781187,0.));
#2227 = ORIENTED_EDGE('',*,*,#2228,.F.);
#2228 = EDGE_CURVE('',#2229,#2221,#2231,.T.);
#2229 = VERTEX_POINT('',#2230);
#2230 = CARTESIAN_POINT('',(-0.775,1.2,0.9));
#2231 = LINE('',#2232,#2233);
#2232 = CARTESIAN_POINT('',(-0.775,-1.3425,0.9));
#2233 = VECTOR('',#2234,1.);
#2234 = DIRECTION('',(-1.110223024625E-16,1.,0.));
#2235 = ORIENTED_EDGE('',*,*,#2236,.F.);
#2236 = EDGE_CURVE('',#2237,#2229,#2239,.T.);
#2237 = VERTEX_POINT('',#2238);
#2238 = CARTESIAN_POINT('',(-0.8,1.2,0.9));
#2239 = LINE('',#2240,#2241);
#2240 = CARTESIAN_POINT('',(-0.85,1.2,0.9));
#2241 = VECTOR('',#2242,1.);
#2242 = DIRECTION('',(1.,-1.144237745222E-17,0.));
#2243 = ORIENTED_EDGE('',*,*,#2244,.T.);
#2244 = EDGE_CURVE('',#2237,#2171,#2245,.T.);
#2245 = LINE('',#2246,#2247);
#2246 = CARTESIAN_POINT('',(-0.8,-1.355,0.9));
#2247 = VECTOR('',#2248,1.);
#2248 = DIRECTION('',(-1.110223024625E-16,1.,0.));
#2249 = PLANE('',#2250);
#2250 = AXIS2_PLACEMENT_3D('',#2251,#2252,#2253);
#2251 = CARTESIAN_POINT('',(-2.091417030376E-16,1.4375,0.9));
#2252 = DIRECTION('',(4.595758349624E-18,6.551522493592E-27,-1.));
#2253 = DIRECTION('',(1.,1.51922136901E-16,4.595758349624E-18));
#2254 = ADVANCED_FACE('',(#2255),#2265,.F.);
#2255 = FACE_BOUND('',#2256,.F.);
#2256 = EDGE_LOOP('',(#2257,#2258,#2259,#2260));
#2257 = ORIENTED_EDGE('',*,*,#1937,.T.);
#2258 = ORIENTED_EDGE('',*,*,#1922,.T.);
#2259 = ORIENTED_EDGE('',*,*,#2170,.F.);
#2260 = ORIENTED_EDGE('',*,*,#2261,.F.);
#2261 = EDGE_CURVE('',#1938,#2171,#2262,.T.);
#2262 = B_SPLINE_CURVE_WITH_KNOTS('',1,(#2263,#2264),.UNSPECIFIED.,.F.,
  .F.,(2,2),(0.,1.),.PIECEWISE_BEZIER_KNOTS.);
#2263 = CARTESIAN_POINT('',(-0.8,1.355,0.75));
#2264 = CARTESIAN_POINT('',(-0.8,1.355,0.9));
#2265 = PLANE('',#2266);
#2266 = AXIS2_PLACEMENT_3D('',#2267,#2268,#2269);
#2267 = CARTESIAN_POINT('',(-0.8,1.355,0.9));
#2268 = DIRECTION('',(0.707106781187,-0.707106781187,0.));
#2269 = DIRECTION('',(0.707106781187,0.707106781187,0.));
#2270 = ADVANCED_FACE('',(#2271),#2295,.F.);
#2271 = FACE_BOUND('',#2272,.F.);
#2272 = EDGE_LOOP('',(#2273,#2280,#2281,#2289));
#2273 = ORIENTED_EDGE('',*,*,#2274,.F.);
#2274 = EDGE_CURVE('',#2009,#2275,#2277,.T.);
#2275 = VERTEX_POINT('',#2276);
#2276 = CARTESIAN_POINT('',(-0.8,-1.355,0.9));
#2277 = B_SPLINE_CURVE_WITH_KNOTS('',1,(#2278,#2279),.UNSPECIFIED.,.F.,
  .F.,(2,2),(0.,1.),.PIECEWISE_BEZIER_KNOTS.);
#2278 = CARTESIAN_POINT('',(-0.8,-1.355,0.75));
#2279 = CARTESIAN_POINT('',(-0.8,-1.355,0.9));
#2280 = ORIENTED_EDGE('',*,*,#2008,.T.);
#2281 = ORIENTED_EDGE('',*,*,#2282,.T.);
#2282 = EDGE_CURVE('',#2001,#2283,#2285,.T.);
#2283 = VERTEX_POINT('',#2284);
#2284 = CARTESIAN_POINT('',(-0.8,-1.2,0.9));
#2285 = LINE('',#2286,#2287);
#2286 = CARTESIAN_POINT('',(-0.8,-1.2,0.670847817658));
#2287 = VECTOR('',#2288,1.);
#2288 = DIRECTION('',(0.,0.,1.));
#2289 = ORIENTED_EDGE('',*,*,#2290,.F.);
#2290 = EDGE_CURVE('',#2275,#2283,#2291,.T.);
#2291 = LINE('',#2292,#2293);
#2292 = CARTESIAN_POINT('',(-0.8,-1.355,0.9));
#2293 = VECTOR('',#2294,1.);
#2294 = DIRECTION('',(-1.110223024625E-16,1.,0.));
#2295 = PLANE('',#2296);
#2296 = AXIS2_PLACEMENT_3D('',#2297,#2298,#2299);
#2297 = CARTESIAN_POINT('',(-0.8,-1.355,0.9));
#2298 = DIRECTION('',(1.,1.110223024625E-16,0.));
#2299 = DIRECTION('',(-1.110223024625E-16,1.,0.));
#2300 = ADVANCED_FACE('',(#2301),#2326,.F.);
#2301 = FACE_BOUND('',#2302,.F.);
#2302 = EDGE_LOOP('',(#2303,#2311,#2312,#2320));
#2303 = ORIENTED_EDGE('',*,*,#2304,.F.);
#2304 = EDGE_CURVE('',#2001,#2305,#2307,.T.);
#2305 = VERTEX_POINT('',#2306);
#2306 = CARTESIAN_POINT('',(-0.85,-1.2,0.75));
#2307 = LINE('',#2308,#2309);
#2308 = CARTESIAN_POINT('',(-0.75,-1.2,0.75));
#2309 = VECTOR('',#2310,1.);
#2310 = DIRECTION('',(-1.,1.144237745222E-17,0.));
#2311 = ORIENTED_EDGE('',*,*,#2000,.T.);
#2312 = ORIENTED_EDGE('',*,*,#2313,.T.);
#2313 = EDGE_CURVE('',#1993,#2314,#2316,.T.);
#2314 = VERTEX_POINT('',#2315);
#2315 = CARTESIAN_POINT('',(-0.85,-0.7,0.75));
#2316 = LINE('',#2317,#2318);
#2317 = CARTESIAN_POINT('',(-0.75,-0.7,0.75));
#2318 = VECTOR('',#2319,1.);
#2319 = DIRECTION('',(-1.,1.144237745222E-17,0.));
#2320 = ORIENTED_EDGE('',*,*,#2321,.F.);
#2321 = EDGE_CURVE('',#2305,#2314,#2322,.T.);
#2322 = LINE('',#2323,#2324);
#2323 = CARTESIAN_POINT('',(-0.85,-1.2,0.75));
#2324 = VECTOR('',#2325,1.);
#2325 = DIRECTION('',(1.144237745222E-17,1.,0.));
#2326 = PLANE('',#2327);
#2327 = AXIS2_PLACEMENT_3D('',#2328,#2329,#2330);
#2328 = CARTESIAN_POINT('',(-0.75,-1.2,0.75));
#2329 = DIRECTION('',(0.,0.,1.));
#2330 = DIRECTION('',(-1.,1.144237745222E-17,0.));
#2331 = ADVANCED_FACE('',(#2332),#2357,.F.);
#2332 = FACE_BOUND('',#2333,.F.);
#2333 = EDGE_LOOP('',(#2334,#2342,#2343,#2351));
#2334 = ORIENTED_EDGE('',*,*,#2335,.F.);
#2335 = EDGE_CURVE('',#1993,#2336,#2338,.T.);
#2336 = VERTEX_POINT('',#2337);
#2337 = CARTESIAN_POINT('',(-0.8,-0.7,0.9));
#2338 = LINE('',#2339,#2340);
#2339 = CARTESIAN_POINT('',(-0.8,-0.7,0.670847817658));
#2340 = VECTOR('',#2341,1.);
#2341 = DIRECTION('',(0.,0.,1.));
#2342 = ORIENTED_EDGE('',*,*,#1992,.T.);
#2343 = ORIENTED_EDGE('',*,*,#2344,.T.);
#2344 = EDGE_CURVE('',#1985,#2345,#2347,.T.);
#2345 = VERTEX_POINT('',#2346);
#2346 = CARTESIAN_POINT('',(-0.8,-0.25,0.9));
#2347 = LINE('',#2348,#2349);
#2348 = CARTESIAN_POINT('',(-0.8,-0.25,0.670847817658));
#2349 = VECTOR('',#2350,1.);
#2350 = DIRECTION('',(0.,0.,1.));
#2351 = ORIENTED_EDGE('',*,*,#2352,.F.);
#2352 = EDGE_CURVE('',#2336,#2345,#2353,.T.);
#2353 = LINE('',#2354,#2355);
#2354 = CARTESIAN_POINT('',(-0.8,-1.355,0.9));
#2355 = VECTOR('',#2356,1.);
#2356 = DIRECTION('',(-1.110223024625E-16,1.,0.));
#2357 = PLANE('',#2358);
#2358 = AXIS2_PLACEMENT_3D('',#2359,#2360,#2361);
#2359 = CARTESIAN_POINT('',(-0.8,-1.355,0.9));
#2360 = DIRECTION('',(1.,1.110223024625E-16,0.));
#2361 = DIRECTION('',(-1.110223024625E-16,1.,0.));
#2362 = ADVANCED_FACE('',(#2363),#2388,.F.);
#2363 = FACE_BOUND('',#2364,.F.);
#2364 = EDGE_LOOP('',(#2365,#2373,#2374,#2382));
#2365 = ORIENTED_EDGE('',*,*,#2366,.F.);
#2366 = EDGE_CURVE('',#1985,#2367,#2369,.T.);
#2367 = VERTEX_POINT('',#2368);
#2368 = CARTESIAN_POINT('',(-0.85,-0.25,0.75));
#2369 = LINE('',#2370,#2371);
#2370 = CARTESIAN_POINT('',(-0.75,-0.25,0.75));
#2371 = VECTOR('',#2372,1.);
#2372 = DIRECTION('',(-1.,1.144237745222E-17,0.));
#2373 = ORIENTED_EDGE('',*,*,#1984,.T.);
#2374 = ORIENTED_EDGE('',*,*,#2375,.T.);
#2375 = EDGE_CURVE('',#1977,#2376,#2378,.T.);
#2376 = VERTEX_POINT('',#2377);
#2377 = CARTESIAN_POINT('',(-0.85,0.25,0.75));
#2378 = LINE('',#2379,#2380);
#2379 = CARTESIAN_POINT('',(-0.75,0.25,0.75));
#2380 = VECTOR('',#2381,1.);
#2381 = DIRECTION('',(-1.,1.144237745222E-17,0.));
#2382 = ORIENTED_EDGE('',*,*,#2383,.F.);
#2383 = EDGE_CURVE('',#2367,#2376,#2384,.T.);
#2384 = LINE('',#2385,#2386);
#2385 = CARTESIAN_POINT('',(-0.85,-0.25,0.75));
#2386 = VECTOR('',#2387,1.);
#2387 = DIRECTION('',(1.144237745222E-17,1.,0.));
#2388 = PLANE('',#2389);
#2389 = AXIS2_PLACEMENT_3D('',#2390,#2391,#2392);
#2390 = CARTESIAN_POINT('',(-0.75,-0.25,0.75));
#2391 = DIRECTION('',(0.,0.,1.));
#2392 = DIRECTION('',(-1.,1.144237745222E-17,0.));
#2393 = ADVANCED_FACE('',(#2394),#2419,.F.);
#2394 = FACE_BOUND('',#2395,.F.);
#2395 = EDGE_LOOP('',(#2396,#2404,#2405,#2413));
#2396 = ORIENTED_EDGE('',*,*,#2397,.F.);
#2397 = EDGE_CURVE('',#1977,#2398,#2400,.T.);
#2398 = VERTEX_POINT('',#2399);
#2399 = CARTESIAN_POINT('',(-0.8,0.25,0.9));
#2400 = LINE('',#2401,#2402);
#2401 = CARTESIAN_POINT('',(-0.8,0.25,0.670847817658));
#2402 = VECTOR('',#2403,1.);
#2403 = DIRECTION('',(0.,0.,1.));
#2404 = ORIENTED_EDGE('',*,*,#1976,.T.);
#2405 = ORIENTED_EDGE('',*,*,#2406,.T.);
#2406 = EDGE_CURVE('',#1969,#2407,#2409,.T.);
#2407 = VERTEX_POINT('',#2408);
#2408 = CARTESIAN_POINT('',(-0.8,0.7,0.9));
#2409 = LINE('',#2410,#2411);
#2410 = CARTESIAN_POINT('',(-0.8,0.7,0.670847817658));
#2411 = VECTOR('',#2412,1.);
#2412 = DIRECTION('',(0.,0.,1.));
#2413 = ORIENTED_EDGE('',*,*,#2414,.F.);
#2414 = EDGE_CURVE('',#2398,#2407,#2415,.T.);
#2415 = LINE('',#2416,#2417);
#2416 = CARTESIAN_POINT('',(-0.8,-1.355,0.9));
#2417 = VECTOR('',#2418,1.);
#2418 = DIRECTION('',(-1.110223024625E-16,1.,0.));
#2419 = PLANE('',#2420);
#2420 = AXIS2_PLACEMENT_3D('',#2421,#2422,#2423);
#2421 = CARTESIAN_POINT('',(-0.8,-1.355,0.9));
#2422 = DIRECTION('',(1.,1.110223024625E-16,0.));
#2423 = DIRECTION('',(-1.110223024625E-16,1.,0.));
#2424 = ADVANCED_FACE('',(#2425),#2450,.F.);
#2425 = FACE_BOUND('',#2426,.F.);
#2426 = EDGE_LOOP('',(#2427,#2435,#2436,#2444));
#2427 = ORIENTED_EDGE('',*,*,#2428,.F.);
#2428 = EDGE_CURVE('',#1969,#2429,#2431,.T.);
#2429 = VERTEX_POINT('',#2430);
#2430 = CARTESIAN_POINT('',(-0.85,0.7,0.75));
#2431 = LINE('',#2432,#2433);
#2432 = CARTESIAN_POINT('',(-0.75,0.7,0.75));
#2433 = VECTOR('',#2434,1.);
#2434 = DIRECTION('',(-1.,1.144237745222E-17,0.));
#2435 = ORIENTED_EDGE('',*,*,#1968,.T.);
#2436 = ORIENTED_EDGE('',*,*,#2437,.T.);
#2437 = EDGE_CURVE('',#1961,#2438,#2440,.T.);
#2438 = VERTEX_POINT('',#2439);
#2439 = CARTESIAN_POINT('',(-0.85,1.2,0.75));
#2440 = LINE('',#2441,#2442);
#2441 = CARTESIAN_POINT('',(-0.75,1.2,0.75));
#2442 = VECTOR('',#2443,1.);
#2443 = DIRECTION('',(-1.,1.144237745222E-17,0.));
#2444 = ORIENTED_EDGE('',*,*,#2445,.F.);
#2445 = EDGE_CURVE('',#2429,#2438,#2446,.T.);
#2446 = LINE('',#2447,#2448);
#2447 = CARTESIAN_POINT('',(-0.85,0.7,0.75));
#2448 = VECTOR('',#2449,1.);
#2449 = DIRECTION('',(1.144237745222E-17,1.,0.));
#2450 = PLANE('',#2451);
#2451 = AXIS2_PLACEMENT_3D('',#2452,#2453,#2454);
#2452 = CARTESIAN_POINT('',(-0.75,0.7,0.75));
#2453 = DIRECTION('',(0.,0.,1.));
#2454 = DIRECTION('',(-1.,1.144237745222E-17,0.));
#2455 = ADVANCED_FACE('',(#2456),#2467,.F.);
#2456 = FACE_BOUND('',#2457,.F.);
#2457 = EDGE_LOOP('',(#2458,#2464,#2465,#2466));
#2458 = ORIENTED_EDGE('',*,*,#2459,.F.);
#2459 = EDGE_CURVE('',#1961,#2237,#2460,.T.);
#2460 = LINE('',#2461,#2462);
#2461 = CARTESIAN_POINT('',(-0.8,1.2,0.670847817658));
#2462 = VECTOR('',#2463,1.);
#2463 = DIRECTION('',(0.,0.,1.));
#2464 = ORIENTED_EDGE('',*,*,#1960,.T.);
#2465 = ORIENTED_EDGE('',*,*,#2261,.T.);
#2466 = ORIENTED_EDGE('',*,*,#2244,.F.);
#2467 = PLANE('',#2468);
#2468 = AXIS2_PLACEMENT_3D('',#2469,#2470,#2471);
#2469 = CARTESIAN_POINT('',(-0.8,-1.355,0.9));
#2470 = DIRECTION('',(1.,1.110223024625E-16,0.));
#2471 = DIRECTION('',(-1.110223024625E-16,1.,0.));
#2472 = ADVANCED_FACE('',(#2473),#2484,.F.);
#2473 = FACE_BOUND('',#2474,.F.);
#2474 = EDGE_LOOP('',(#2475,#2476,#2477,#2483));
#2475 = ORIENTED_EDGE('',*,*,#2148,.F.);
#2476 = ORIENTED_EDGE('',*,*,#2069,.T.);
#2477 = ORIENTED_EDGE('',*,*,#2478,.T.);
#2478 = EDGE_CURVE('',#2062,#2181,#2479,.T.);
#2479 = LINE('',#2480,#2481);
#2480 = CARTESIAN_POINT('',(0.8,1.2,0.670847817658));
#2481 = VECTOR('',#2482,1.);
#2482 = DIRECTION('',(0.,0.,1.));
#2483 = ORIENTED_EDGE('',*,*,#2180,.F.);
#2484 = PLANE('',#2485);
#2485 = AXIS2_PLACEMENT_3D('',#2486,#2487,#2488);
#2486 = CARTESIAN_POINT('',(0.8,1.355,0.9));
#2487 = DIRECTION('',(-1.,-1.110223024625E-16,0.));
#2488 = DIRECTION('',(1.110223024625E-16,-1.,0.));
#2489 = ADVANCED_FACE('',(#2490),#2515,.F.);
#2490 = FACE_BOUND('',#2491,.F.);
#2491 = EDGE_LOOP('',(#2492,#2500,#2501,#2509));
#2492 = ORIENTED_EDGE('',*,*,#2493,.F.);
#2493 = EDGE_CURVE('',#2062,#2494,#2496,.T.);
#2494 = VERTEX_POINT('',#2495);
#2495 = CARTESIAN_POINT('',(0.85,1.2,0.75));
#2496 = LINE('',#2497,#2498);
#2497 = CARTESIAN_POINT('',(0.75,1.2,0.75));
#2498 = VECTOR('',#2499,1.);
#2499 = DIRECTION('',(1.,1.110223024625E-16,0.));
#2500 = ORIENTED_EDGE('',*,*,#2061,.T.);
#2501 = ORIENTED_EDGE('',*,*,#2502,.T.);
#2502 = EDGE_CURVE('',#2054,#2503,#2505,.T.);
#2503 = VERTEX_POINT('',#2504);
#2504 = CARTESIAN_POINT('',(0.85,0.7,0.75));
#2505 = LINE('',#2506,#2507);
#2506 = CARTESIAN_POINT('',(0.75,0.7,0.75));
#2507 = VECTOR('',#2508,1.);
#2508 = DIRECTION('',(1.,1.110223024625E-16,0.));
#2509 = ORIENTED_EDGE('',*,*,#2510,.F.);
#2510 = EDGE_CURVE('',#2494,#2503,#2511,.T.);
#2511 = LINE('',#2512,#2513);
#2512 = CARTESIAN_POINT('',(0.85,1.2,0.75));
#2513 = VECTOR('',#2514,1.);
#2514 = DIRECTION('',(1.110223024625E-16,-1.,0.));
#2515 = PLANE('',#2516);
#2516 = AXIS2_PLACEMENT_3D('',#2517,#2518,#2519);
#2517 = CARTESIAN_POINT('',(0.75,1.2,0.75));
#2518 = DIRECTION('',(0.,0.,1.));
#2519 = DIRECTION('',(1.,1.110223024625E-16,-0.));
#2520 = ADVANCED_FACE('',(#2521),#2546,.F.);
#2521 = FACE_BOUND('',#2522,.F.);
#2522 = EDGE_LOOP('',(#2523,#2531,#2532,#2540));
#2523 = ORIENTED_EDGE('',*,*,#2524,.F.);
#2524 = EDGE_CURVE('',#2054,#2525,#2527,.T.);
#2525 = VERTEX_POINT('',#2526);
#2526 = CARTESIAN_POINT('',(0.8,0.7,0.9));
#2527 = LINE('',#2528,#2529);
#2528 = CARTESIAN_POINT('',(0.8,0.7,0.670847817658));
#2529 = VECTOR('',#2530,1.);
#2530 = DIRECTION('',(0.,0.,1.));
#2531 = ORIENTED_EDGE('',*,*,#2053,.T.);
#2532 = ORIENTED_EDGE('',*,*,#2533,.T.);
#2533 = EDGE_CURVE('',#2046,#2534,#2536,.T.);
#2534 = VERTEX_POINT('',#2535);
#2535 = CARTESIAN_POINT('',(0.8,-0.7,0.9));
#2536 = LINE('',#2537,#2538);
#2537 = CARTESIAN_POINT('',(0.8,-0.7,0.670847817658));
#2538 = VECTOR('',#2539,1.);
#2539 = DIRECTION('',(0.,0.,1.));
#2540 = ORIENTED_EDGE('',*,*,#2541,.F.);
#2541 = EDGE_CURVE('',#2525,#2534,#2542,.T.);
#2542 = LINE('',#2543,#2544);
#2543 = CARTESIAN_POINT('',(0.8,1.355,0.9));
#2544 = VECTOR('',#2545,1.);
#2545 = DIRECTION('',(1.110223024625E-16,-1.,0.));
#2546 = PLANE('',#2547);
#2547 = AXIS2_PLACEMENT_3D('',#2548,#2549,#2550);
#2548 = CARTESIAN_POINT('',(0.8,1.355,0.9));
#2549 = DIRECTION('',(-1.,-1.110223024625E-16,0.));
#2550 = DIRECTION('',(1.110223024625E-16,-1.,0.));
#2551 = ADVANCED_FACE('',(#2552),#2577,.F.);
#2552 = FACE_BOUND('',#2553,.F.);
#2553 = EDGE_LOOP('',(#2554,#2562,#2563,#2571));
#2554 = ORIENTED_EDGE('',*,*,#2555,.F.);
#2555 = EDGE_CURVE('',#2046,#2556,#2558,.T.);
#2556 = VERTEX_POINT('',#2557);
#2557 = CARTESIAN_POINT('',(0.85,-0.7,0.75));
#2558 = LINE('',#2559,#2560);
#2559 = CARTESIAN_POINT('',(0.75,-0.7,0.75));
#2560 = VECTOR('',#2561,1.);
#2561 = DIRECTION('',(1.,1.110223024625E-16,0.));
#2562 = ORIENTED_EDGE('',*,*,#2045,.T.);
#2563 = ORIENTED_EDGE('',*,*,#2564,.T.);
#2564 = EDGE_CURVE('',#2038,#2565,#2567,.T.);
#2565 = VERTEX_POINT('',#2566);
#2566 = CARTESIAN_POINT('',(0.85,-1.2,0.75));
#2567 = LINE('',#2568,#2569);
#2568 = CARTESIAN_POINT('',(0.75,-1.2,0.75));
#2569 = VECTOR('',#2570,1.);
#2570 = DIRECTION('',(1.,1.110223024625E-16,0.));
#2571 = ORIENTED_EDGE('',*,*,#2572,.F.);
#2572 = EDGE_CURVE('',#2556,#2565,#2573,.T.);
#2573 = LINE('',#2574,#2575);
#2574 = CARTESIAN_POINT('',(0.85,-0.7,0.75));
#2575 = VECTOR('',#2576,1.);
#2576 = DIRECTION('',(1.110223024625E-16,-1.,0.));
#2577 = PLANE('',#2578);
#2578 = AXIS2_PLACEMENT_3D('',#2579,#2580,#2581);
#2579 = CARTESIAN_POINT('',(0.75,-0.7,0.75));
#2580 = DIRECTION('',(0.,0.,1.));
#2581 = DIRECTION('',(1.,1.110223024625E-16,-0.));
#2582 = ADVANCED_FACE('',(#2583),#2607,.F.);
#2583 = FACE_BOUND('',#2584,.F.);
#2584 = EDGE_LOOP('',(#2585,#2593,#2594,#2601));
#2585 = ORIENTED_EDGE('',*,*,#2586,.F.);
#2586 = EDGE_CURVE('',#2038,#2587,#2589,.T.);
#2587 = VERTEX_POINT('',#2588);
#2588 = CARTESIAN_POINT('',(0.8,-1.2,0.9));
#2589 = LINE('',#2590,#2591);
#2590 = CARTESIAN_POINT('',(0.8,-1.2,0.670847817658));
#2591 = VECTOR('',#2592,1.);
#2592 = DIRECTION('',(0.,0.,1.));
#2593 = ORIENTED_EDGE('',*,*,#2037,.T.);
#2594 = ORIENTED_EDGE('',*,*,#2595,.T.);
#2595 = EDGE_CURVE('',#2031,#2596,#2598,.T.);
#2596 = VERTEX_POINT('',#2597);
#2597 = CARTESIAN_POINT('',(0.8,-1.355,0.9));
#2598 = B_SPLINE_CURVE_WITH_KNOTS('',1,(#2599,#2600),.UNSPECIFIED.,.F.,
  .F.,(2,2),(0.,1.),.PIECEWISE_BEZIER_KNOTS.);
#2599 = CARTESIAN_POINT('',(0.8,-1.355,0.75));
#2600 = CARTESIAN_POINT('',(0.8,-1.355,0.9));
#2601 = ORIENTED_EDGE('',*,*,#2602,.F.);
#2602 = EDGE_CURVE('',#2587,#2596,#2603,.T.);
#2603 = LINE('',#2604,#2605);
#2604 = CARTESIAN_POINT('',(0.8,1.355,0.9));
#2605 = VECTOR('',#2606,1.);
#2606 = DIRECTION('',(1.110223024625E-16,-1.,0.));
#2607 = PLANE('',#2608);
#2608 = AXIS2_PLACEMENT_3D('',#2609,#2610,#2611);
#2609 = CARTESIAN_POINT('',(0.8,1.355,0.9));
#2610 = DIRECTION('',(-1.,-1.110223024625E-16,0.));
#2611 = DIRECTION('',(1.110223024625E-16,-1.,0.));
#2612 = ADVANCED_FACE('',(#2613),#2630,.F.);
#2613 = FACE_BOUND('',#2614,.F.);
#2614 = EDGE_LOOP('',(#2615,#2616,#2617,#2625));
#2615 = ORIENTED_EDGE('',*,*,#2086,.T.);
#2616 = ORIENTED_EDGE('',*,*,#2274,.T.);
#2617 = ORIENTED_EDGE('',*,*,#2618,.F.);
#2618 = EDGE_CURVE('',#2619,#2275,#2621,.T.);
#2619 = VERTEX_POINT('',#2620);
#2620 = CARTESIAN_POINT('',(-0.705,-1.45,0.9));
#2621 = LINE('',#2622,#2623);
#2622 = CARTESIAN_POINT('',(-0.705,-1.45,0.9));
#2623 = VECTOR('',#2624,1.);
#2624 = DIRECTION('',(-0.707106781187,0.707106781187,0.));
#2625 = ORIENTED_EDGE('',*,*,#2626,.F.);
#2626 = EDGE_CURVE('',#2087,#2619,#2627,.T.);
#2627 = B_SPLINE_CURVE_WITH_KNOTS('',1,(#2628,#2629),.UNSPECIFIED.,.F.,
  .F.,(2,2),(0.,1.),.PIECEWISE_BEZIER_KNOTS.);
#2628 = CARTESIAN_POINT('',(-0.705,-1.45,0.75));
#2629 = CARTESIAN_POINT('',(-0.705,-1.45,0.9));
#2630 = PLANE('',#2631);
#2631 = AXIS2_PLACEMENT_3D('',#2632,#2633,#2634);
#2632 = CARTESIAN_POINT('',(-0.705,-1.45,0.9));
#2633 = DIRECTION('',(0.707106781187,0.707106781187,0.));
#2634 = DIRECTION('',(-0.707106781187,0.707106781187,0.));
#2635 = ADVANCED_FACE('',(#2636),#2653,.F.);
#2636 = FACE_BOUND('',#2637,.F.);
#2637 = EDGE_LOOP('',(#2638,#2639,#2646,#2652));
#2638 = ORIENTED_EDGE('',*,*,#2115,.T.);
#2639 = ORIENTED_EDGE('',*,*,#2640,.T.);
#2640 = EDGE_CURVE('',#2109,#2641,#2643,.T.);
#2641 = VERTEX_POINT('',#2642);
#2642 = CARTESIAN_POINT('',(0.705,-1.45,0.9));
#2643 = B_SPLINE_CURVE_WITH_KNOTS('',1,(#2644,#2645),.UNSPECIFIED.,.F.,
  .F.,(2,2),(0.,1.),.PIECEWISE_BEZIER_KNOTS.);
#2644 = CARTESIAN_POINT('',(0.705,-1.45,0.75));
#2645 = CARTESIAN_POINT('',(0.705,-1.45,0.9));
#2646 = ORIENTED_EDGE('',*,*,#2647,.F.);
#2647 = EDGE_CURVE('',#2596,#2641,#2648,.T.);
#2648 = LINE('',#2649,#2650);
#2649 = CARTESIAN_POINT('',(0.8,-1.355,0.9));
#2650 = VECTOR('',#2651,1.);
#2651 = DIRECTION('',(-0.707106781187,-0.707106781187,0.));
#2652 = ORIENTED_EDGE('',*,*,#2595,.F.);
#2653 = PLANE('',#2654);
#2654 = AXIS2_PLACEMENT_3D('',#2655,#2656,#2657);
#2655 = CARTESIAN_POINT('',(0.8,-1.355,0.9));
#2656 = DIRECTION('',(-0.707106781187,0.707106781187,0.));
#2657 = DIRECTION('',(-0.707106781187,-0.707106781187,0.));
#2658 = ADVANCED_FACE('',(#2659),#2670,.F.);
#2659 = FACE_BOUND('',#2660,.F.);
#2660 = EDGE_LOOP('',(#2661,#2662,#2663,#2669));
#2661 = ORIENTED_EDGE('',*,*,#2132,.T.);
#2662 = ORIENTED_EDGE('',*,*,#2626,.T.);
#2663 = ORIENTED_EDGE('',*,*,#2664,.F.);
#2664 = EDGE_CURVE('',#2641,#2619,#2665,.T.);
#2665 = LINE('',#2666,#2667);
#2666 = CARTESIAN_POINT('',(0.705,-1.45,0.9));
#2667 = VECTOR('',#2668,1.);
#2668 = DIRECTION('',(-1.,-1.110223024625E-16,0.));
#2669 = ORIENTED_EDGE('',*,*,#2640,.F.);
#2670 = PLANE('',#2671);
#2671 = AXIS2_PLACEMENT_3D('',#2672,#2673,#2674);
#2672 = CARTESIAN_POINT('',(0.705,-1.45,0.9));
#2673 = DIRECTION('',(-1.110223024625E-16,1.,0.));
#2674 = DIRECTION('',(-1.,-1.110223024625E-16,0.));
#2675 = ADVANCED_FACE('',(#2676),#2715,.F.);
#2676 = FACE_BOUND('',#2677,.F.);
#2677 = EDGE_LOOP('',(#2678,#2686,#2694,#2700,#2701,#2709));
#2678 = ORIENTED_EDGE('',*,*,#2679,.F.);
#2679 = EDGE_CURVE('',#2680,#2407,#2682,.T.);
#2680 = VERTEX_POINT('',#2681);
#2681 = CARTESIAN_POINT('',(-0.85,0.7,0.9));
#2682 = LINE('',#2683,#2684);
#2683 = CARTESIAN_POINT('',(-0.85,0.7,0.9));
#2684 = VECTOR('',#2685,1.);
#2685 = DIRECTION('',(1.,-1.144237745222E-17,0.));
#2686 = ORIENTED_EDGE('',*,*,#2687,.T.);
#2687 = EDGE_CURVE('',#2680,#2688,#2690,.T.);
#2688 = VERTEX_POINT('',#2689);
#2689 = CARTESIAN_POINT('',(-0.85,1.2,0.9));
#2690 = LINE('',#2691,#2692);
#2691 = CARTESIAN_POINT('',(-0.85,0.7,0.9));
#2692 = VECTOR('',#2693,1.);
#2693 = DIRECTION('',(1.144237745222E-17,1.,0.));
#2694 = ORIENTED_EDGE('',*,*,#2695,.T.);
#2695 = EDGE_CURVE('',#2688,#2237,#2696,.T.);
#2696 = LINE('',#2697,#2698);
#2697 = CARTESIAN_POINT('',(-0.85,1.2,0.9));
#2698 = VECTOR('',#2699,1.);
#2699 = DIRECTION('',(1.,-1.144237745222E-17,0.));
#2700 = ORIENTED_EDGE('',*,*,#2236,.T.);
#2701 = ORIENTED_EDGE('',*,*,#2702,.F.);
#2702 = EDGE_CURVE('',#2703,#2229,#2705,.T.);
#2703 = VERTEX_POINT('',#2704);
#2704 = CARTESIAN_POINT('',(-0.775,0.7,0.9));
#2705 = LINE('',#2706,#2707);
#2706 = CARTESIAN_POINT('',(-0.775,-1.3425,0.9));
#2707 = VECTOR('',#2708,1.);
#2708 = DIRECTION('',(-1.110223024625E-16,1.,0.));
#2709 = ORIENTED_EDGE('',*,*,#2710,.F.);
#2710 = EDGE_CURVE('',#2407,#2703,#2711,.T.);
#2711 = LINE('',#2712,#2713);
#2712 = CARTESIAN_POINT('',(-0.85,0.7,0.9));
#2713 = VECTOR('',#2714,1.);
#2714 = DIRECTION('',(1.,-1.144237745222E-17,0.));
#2715 = PLANE('',#2716);
#2716 = AXIS2_PLACEMENT_3D('',#2717,#2718,#2719);
#2717 = CARTESIAN_POINT('',(-0.85,0.7,0.9));
#2718 = DIRECTION('',(0.,0.,-1.));
#2719 = DIRECTION('',(1.,-1.144237745222E-17,0.));
#2720 = ADVANCED_FACE('',(#2721),#2785,.F.);
#2721 = FACE_BOUND('',#2722,.F.);
#2722 = EDGE_LOOP('',(#2723,#2733,#2741,#2749,#2757,#2763,#2764,#2765,
    #2772,#2780));
#2723 = ORIENTED_EDGE('',*,*,#2724,.T.);
#2724 = EDGE_CURVE('',#2725,#2727,#2729,.T.);
#2725 = VERTEX_POINT('',#2726);
#2726 = CARTESIAN_POINT('',(-0.775,-1.3425,0.9));
#2727 = VERTEX_POINT('',#2728);
#2728 = CARTESIAN_POINT('',(-0.775,-1.2,0.9));
#2729 = LINE('',#2730,#2731);
#2730 = CARTESIAN_POINT('',(-0.775,-1.3425,0.9));
#2731 = VECTOR('',#2732,1.);
#2732 = DIRECTION('',(-1.110223024625E-16,1.,0.));
#2733 = ORIENTED_EDGE('',*,*,#2734,.T.);
#2734 = EDGE_CURVE('',#2727,#2735,#2737,.T.);
#2735 = VERTEX_POINT('',#2736);
#2736 = CARTESIAN_POINT('',(-0.775,-0.7,0.9));
#2737 = LINE('',#2738,#2739);
#2738 = CARTESIAN_POINT('',(-0.775,-1.3425,0.9));
#2739 = VECTOR('',#2740,1.);
#2740 = DIRECTION('',(-1.110223024625E-16,1.,0.));
#2741 = ORIENTED_EDGE('',*,*,#2742,.T.);
#2742 = EDGE_CURVE('',#2735,#2743,#2745,.T.);
#2743 = VERTEX_POINT('',#2744);
#2744 = CARTESIAN_POINT('',(-0.775,-0.25,0.9));
#2745 = LINE('',#2746,#2747);
#2746 = CARTESIAN_POINT('',(-0.775,-1.3425,0.9));
#2747 = VECTOR('',#2748,1.);
#2748 = DIRECTION('',(-1.110223024625E-16,1.,0.));
#2749 = ORIENTED_EDGE('',*,*,#2750,.T.);
#2750 = EDGE_CURVE('',#2743,#2751,#2753,.T.);
#2751 = VERTEX_POINT('',#2752);
#2752 = CARTESIAN_POINT('',(-0.775,0.25,0.9));
#2753 = LINE('',#2754,#2755);
#2754 = CARTESIAN_POINT('',(-0.775,-1.3425,0.9));
#2755 = VECTOR('',#2756,1.);
#2756 = DIRECTION('',(-1.110223024625E-16,1.,0.));
#2757 = ORIENTED_EDGE('',*,*,#2758,.T.);
#2758 = EDGE_CURVE('',#2751,#2703,#2759,.T.);
#2759 = LINE('',#2760,#2761);
#2760 = CARTESIAN_POINT('',(-0.775,-1.3425,0.9));
#2761 = VECTOR('',#2762,1.);
#2762 = DIRECTION('',(-1.110223024625E-16,1.,0.));
#2763 = ORIENTED_EDGE('',*,*,#2702,.T.);
#2764 = ORIENTED_EDGE('',*,*,#2228,.T.);
#2765 = ORIENTED_EDGE('',*,*,#2766,.T.);
#2766 = EDGE_CURVE('',#2221,#2767,#2769,.T.);
#2767 = VERTEX_POINT('',#2768);
#2768 = CARTESIAN_POINT('',(-0.683648457443,1.296824228722,1.55));
#2769 = B_SPLINE_CURVE_WITH_KNOTS('',1,(#2770,#2771),.UNSPECIFIED.,.F.,
  .F.,(2,2),(0.,1.),.PIECEWISE_BEZIER_KNOTS.);
#2770 = CARTESIAN_POINT('',(-0.775,1.3425,0.9));
#2771 = CARTESIAN_POINT('',(-0.683648457443,1.296824228722,1.55));
#2772 = ORIENTED_EDGE('',*,*,#2773,.F.);
#2773 = EDGE_CURVE('',#2774,#2767,#2776,.T.);
#2774 = VERTEX_POINT('',#2775);
#2775 = CARTESIAN_POINT('',(-0.683648457443,-1.296824228722,1.55));
#2776 = LINE('',#2777,#2778);
#2777 = CARTESIAN_POINT('',(-0.683648457443,-1.296824228722,1.55));
#2778 = VECTOR('',#2779,1.);
#2779 = DIRECTION('',(-1.110223024625E-16,1.,0.));
#2780 = ORIENTED_EDGE('',*,*,#2781,.F.);
#2781 = EDGE_CURVE('',#2725,#2774,#2782,.T.);
#2782 = B_SPLINE_CURVE_WITH_KNOTS('',1,(#2783,#2784),.UNSPECIFIED.,.F.,
  .F.,(2,2),(0.,1.),.PIECEWISE_BEZIER_KNOTS.);
#2783 = CARTESIAN_POINT('',(-0.775,-1.3425,0.9));
#2784 = CARTESIAN_POINT('',(-0.683648457443,-1.296824228722,1.55));
#2785 = B_SPLINE_SURFACE_WITH_KNOTS('',1,1,(
    (#2786,#2787)
    ,(#2788,#2789
    )),.UNSPECIFIED.,.F.,.F.,.F.,(2,2),(2,2),(0.,2.685),(0.,1.),
  .PIECEWISE_BEZIER_KNOTS.);
#2786 = CARTESIAN_POINT('',(-0.775,-1.3425,0.9));
#2787 = CARTESIAN_POINT('',(-0.683648457443,-1.296824228722,1.55));
#2788 = CARTESIAN_POINT('',(-0.775,1.3425,0.9));
#2789 = CARTESIAN_POINT('',(-0.683648457443,1.296824228722,1.55));
#2790 = ADVANCED_FACE('',(#2791),#2808,.F.);
#2791 = FACE_BOUND('',#2792,.F.);
#2792 = EDGE_LOOP('',(#2793,#2794,#2801,#2807));
#2793 = ORIENTED_EDGE('',*,*,#2220,.T.);
#2794 = ORIENTED_EDGE('',*,*,#2795,.T.);
#2795 = EDGE_CURVE('',#2213,#2796,#2798,.T.);
#2796 = VERTEX_POINT('',#2797);
#2797 = CARTESIAN_POINT('',(-0.646824228722,1.333648457443,1.55));
#2798 = B_SPLINE_CURVE_WITH_KNOTS('',1,(#2799,#2800),.UNSPECIFIED.,.F.,
  .F.,(2,2),(0.,1.),.PIECEWISE_BEZIER_KNOTS.);
#2799 = CARTESIAN_POINT('',(-0.6925,1.425,0.9));
#2800 = CARTESIAN_POINT('',(-0.646824228722,1.333648457443,1.55));
#2801 = ORIENTED_EDGE('',*,*,#2802,.F.);
#2802 = EDGE_CURVE('',#2767,#2796,#2803,.T.);
#2803 = LINE('',#2804,#2805);
#2804 = CARTESIAN_POINT('',(-0.683648457443,1.296824228722,1.55));
#2805 = VECTOR('',#2806,1.);
#2806 = DIRECTION('',(0.707106781187,0.707106781187,0.));
#2807 = ORIENTED_EDGE('',*,*,#2766,.F.);
#2808 = B_SPLINE_SURFACE_WITH_KNOTS('',1,1,(
    (#2809,#2810)
    ,(#2811,#2812
    )),.UNSPECIFIED.,.F.,.F.,.F.,(2,2),(2,2),(0.,0.116672618896),(0.,1.)
  ,.PIECEWISE_BEZIER_KNOTS.);
#2809 = CARTESIAN_POINT('',(-0.775,1.3425,0.9));
#2810 = CARTESIAN_POINT('',(-0.683648457443,1.296824228722,1.55));
#2811 = CARTESIAN_POINT('',(-0.6925,1.425,0.9));
#2812 = CARTESIAN_POINT('',(-0.646824228722,1.333648457443,1.55));
#2813 = ADVANCED_FACE('',(#2814),#2831,.F.);
#2814 = FACE_BOUND('',#2815,.F.);
#2815 = EDGE_LOOP('',(#2816,#2817,#2824,#2830));
#2816 = ORIENTED_EDGE('',*,*,#2212,.T.);
#2817 = ORIENTED_EDGE('',*,*,#2818,.T.);
#2818 = EDGE_CURVE('',#2205,#2819,#2821,.T.);
#2819 = VERTEX_POINT('',#2820);
#2820 = CARTESIAN_POINT('',(0.646824228722,1.333648457443,1.55));
#2821 = B_SPLINE_CURVE_WITH_KNOTS('',1,(#2822,#2823),.UNSPECIFIED.,.F.,
  .F.,(2,2),(0.,1.),.PIECEWISE_BEZIER_KNOTS.);
#2822 = CARTESIAN_POINT('',(0.6925,1.425,0.9));
#2823 = CARTESIAN_POINT('',(0.646824228722,1.333648457443,1.55));
#2824 = ORIENTED_EDGE('',*,*,#2825,.F.);
#2825 = EDGE_CURVE('',#2796,#2819,#2826,.T.);
#2826 = LINE('',#2827,#2828);
#2827 = CARTESIAN_POINT('',(-0.646824228722,1.333648457443,1.55));
#2828 = VECTOR('',#2829,1.);
#2829 = DIRECTION('',(1.,1.110223024625E-16,0.));
#2830 = ORIENTED_EDGE('',*,*,#2795,.F.);
#2831 = B_SPLINE_SURFACE_WITH_KNOTS('',1,1,(
    (#2832,#2833)
    ,(#2834,#2835
    )),.UNSPECIFIED.,.F.,.F.,.F.,(2,2),(2,2),(0.,1.385),(0.,1.),
  .PIECEWISE_BEZIER_KNOTS.);
#2832 = CARTESIAN_POINT('',(-0.6925,1.425,0.9));
#2833 = CARTESIAN_POINT('',(-0.646824228722,1.333648457443,1.55));
#2834 = CARTESIAN_POINT('',(0.6925,1.425,0.9));
#2835 = CARTESIAN_POINT('',(0.646824228722,1.333648457443,1.55));
#2836 = ADVANCED_FACE('',(#2837),#2854,.F.);
#2837 = FACE_BOUND('',#2838,.F.);
#2838 = EDGE_LOOP('',(#2839,#2840,#2847,#2853));
#2839 = ORIENTED_EDGE('',*,*,#2204,.T.);
#2840 = ORIENTED_EDGE('',*,*,#2841,.T.);
#2841 = EDGE_CURVE('',#2197,#2842,#2844,.T.);
#2842 = VERTEX_POINT('',#2843);
#2843 = CARTESIAN_POINT('',(0.683648457443,1.296824228722,1.55));
#2844 = B_SPLINE_CURVE_WITH_KNOTS('',1,(#2845,#2846),.UNSPECIFIED.,.F.,
  .F.,(2,2),(0.,1.),.PIECEWISE_BEZIER_KNOTS.);
#2845 = CARTESIAN_POINT('',(0.775,1.3425,0.9));
#2846 = CARTESIAN_POINT('',(0.683648457443,1.296824228722,1.55));
#2847 = ORIENTED_EDGE('',*,*,#2848,.F.);
#2848 = EDGE_CURVE('',#2819,#2842,#2849,.T.);
#2849 = LINE('',#2850,#2851);
#2850 = CARTESIAN_POINT('',(0.646824228722,1.333648457443,1.55));
#2851 = VECTOR('',#2852,1.);
#2852 = DIRECTION('',(0.707106781187,-0.707106781187,0.));
#2853 = ORIENTED_EDGE('',*,*,#2818,.F.);
#2854 = B_SPLINE_SURFACE_WITH_KNOTS('',1,1,(
    (#2855,#2856)
    ,(#2857,#2858
    )),.UNSPECIFIED.,.F.,.F.,.F.,(2,2),(2,2),(0.,0.116672618896),(0.,1.)
  ,.PIECEWISE_BEZIER_KNOTS.);
#2855 = CARTESIAN_POINT('',(0.6925,1.425,0.9));
#2856 = CARTESIAN_POINT('',(0.646824228722,1.333648457443,1.55));
#2857 = CARTESIAN_POINT('',(0.775,1.3425,0.9));
#2858 = CARTESIAN_POINT('',(0.683648457443,1.296824228722,1.55));
#2859 = ADVANCED_FACE('',(#2860),#2909,.F.);
#2860 = FACE_BOUND('',#2861,.F.);
#2861 = EDGE_LOOP('',(#2862,#2863,#2871,#2879,#2887,#2895,#2902,#2908));
#2862 = ORIENTED_EDGE('',*,*,#2196,.T.);
#2863 = ORIENTED_EDGE('',*,*,#2864,.T.);
#2864 = EDGE_CURVE('',#2189,#2865,#2867,.T.);
#2865 = VERTEX_POINT('',#2866);
#2866 = CARTESIAN_POINT('',(0.775,0.7,0.9));
#2867 = LINE('',#2868,#2869);
#2868 = CARTESIAN_POINT('',(0.775,1.3425,0.9));
#2869 = VECTOR('',#2870,1.);
#2870 = DIRECTION('',(1.110223024625E-16,-1.,0.));
#2871 = ORIENTED_EDGE('',*,*,#2872,.T.);
#2872 = EDGE_CURVE('',#2865,#2873,#2875,.T.);
#2873 = VERTEX_POINT('',#2874);
#2874 = CARTESIAN_POINT('',(0.775,-0.7,0.9));
#2875 = LINE('',#2876,#2877);
#2876 = CARTESIAN_POINT('',(0.775,1.3425,0.9));
#2877 = VECTOR('',#2878,1.);
#2878 = DIRECTION('',(1.110223024625E-16,-1.,0.));
#2879 = ORIENTED_EDGE('',*,*,#2880,.T.);
#2880 = EDGE_CURVE('',#2873,#2881,#2883,.T.);
#2881 = VERTEX_POINT('',#2882);
#2882 = CARTESIAN_POINT('',(0.775,-1.2,0.9));
#2883 = LINE('',#2884,#2885);
#2884 = CARTESIAN_POINT('',(0.775,1.3425,0.9));
#2885 = VECTOR('',#2886,1.);
#2886 = DIRECTION('',(1.110223024625E-16,-1.,0.));
#2887 = ORIENTED_EDGE('',*,*,#2888,.T.);
#2888 = EDGE_CURVE('',#2881,#2889,#2891,.T.);
#2889 = VERTEX_POINT('',#2890);
#2890 = CARTESIAN_POINT('',(0.775,-1.3425,0.9));
#2891 = LINE('',#2892,#2893);
#2892 = CARTESIAN_POINT('',(0.775,1.3425,0.9));
#2893 = VECTOR('',#2894,1.);
#2894 = DIRECTION('',(1.110223024625E-16,-1.,0.));
#2895 = ORIENTED_EDGE('',*,*,#2896,.T.);
#2896 = EDGE_CURVE('',#2889,#2897,#2899,.T.);
#2897 = VERTEX_POINT('',#2898);
#2898 = CARTESIAN_POINT('',(0.683648457443,-1.296824228722,1.55));
#2899 = B_SPLINE_CURVE_WITH_KNOTS('',1,(#2900,#2901),.UNSPECIFIED.,.F.,
  .F.,(2,2),(0.,1.),.PIECEWISE_BEZIER_KNOTS.);
#2900 = CARTESIAN_POINT('',(0.775,-1.3425,0.9));
#2901 = CARTESIAN_POINT('',(0.683648457443,-1.296824228722,1.55));
#2902 = ORIENTED_EDGE('',*,*,#2903,.F.);
#2903 = EDGE_CURVE('',#2842,#2897,#2904,.T.);
#2904 = LINE('',#2905,#2906);
#2905 = CARTESIAN_POINT('',(0.683648457443,1.296824228722,1.55));
#2906 = VECTOR('',#2907,1.);
#2907 = DIRECTION('',(1.110223024625E-16,-1.,0.));
#2908 = ORIENTED_EDGE('',*,*,#2841,.F.);
#2909 = B_SPLINE_SURFACE_WITH_KNOTS('',1,1,(
    (#2910,#2911)
    ,(#2912,#2913
    )),.UNSPECIFIED.,.F.,.F.,.F.,(2,2),(2,2),(0.,2.685),(0.,1.),
  .PIECEWISE_BEZIER_KNOTS.);
#2910 = CARTESIAN_POINT('',(0.775,1.3425,0.9));
#2911 = CARTESIAN_POINT('',(0.683648457443,1.296824228722,1.55));
#2912 = CARTESIAN_POINT('',(0.775,-1.3425,0.9));
#2913 = CARTESIAN_POINT('',(0.683648457443,-1.296824228722,1.55));
#2914 = ADVANCED_FACE('',(#2915),#2947,.F.);
#2915 = FACE_BOUND('',#2916,.F.);
#2916 = EDGE_LOOP('',(#2917,#2925,#2933,#2939,#2945,#2946));
#2917 = ORIENTED_EDGE('',*,*,#2918,.F.);
#2918 = EDGE_CURVE('',#2919,#2181,#2921,.T.);
#2919 = VERTEX_POINT('',#2920);
#2920 = CARTESIAN_POINT('',(0.85,1.2,0.9));
#2921 = LINE('',#2922,#2923);
#2922 = CARTESIAN_POINT('',(0.85,1.2,0.9));
#2923 = VECTOR('',#2924,1.);
#2924 = DIRECTION('',(-1.,-1.110223024625E-16,0.));
#2925 = ORIENTED_EDGE('',*,*,#2926,.T.);
#2926 = EDGE_CURVE('',#2919,#2927,#2929,.T.);
#2927 = VERTEX_POINT('',#2928);
#2928 = CARTESIAN_POINT('',(0.85,0.7,0.9));
#2929 = LINE('',#2930,#2931);
#2930 = CARTESIAN_POINT('',(0.85,1.2,0.9));
#2931 = VECTOR('',#2932,1.);
#2932 = DIRECTION('',(1.110223024625E-16,-1.,0.));
#2933 = ORIENTED_EDGE('',*,*,#2934,.T.);
#2934 = EDGE_CURVE('',#2927,#2525,#2935,.T.);
#2935 = LINE('',#2936,#2937);
#2936 = CARTESIAN_POINT('',(0.85,0.7,0.9));
#2937 = VECTOR('',#2938,1.);
#2938 = DIRECTION('',(-1.,-1.110223024625E-16,0.));
#2939 = ORIENTED_EDGE('',*,*,#2940,.T.);
#2940 = EDGE_CURVE('',#2525,#2865,#2941,.T.);
#2941 = LINE('',#2942,#2943);
#2942 = CARTESIAN_POINT('',(0.85,0.7,0.9));
#2943 = VECTOR('',#2944,1.);
#2944 = DIRECTION('',(-1.,-1.110223024625E-16,0.));
#2945 = ORIENTED_EDGE('',*,*,#2864,.F.);
#2946 = ORIENTED_EDGE('',*,*,#2188,.F.);
#2947 = PLANE('',#2948);
#2948 = AXIS2_PLACEMENT_3D('',#2949,#2950,#2951);
#2949 = CARTESIAN_POINT('',(0.85,1.2,0.9));
#2950 = DIRECTION('',(0.,0.,-1.));
#2951 = DIRECTION('',(-1.,-1.110223024625E-16,-0.));
#2952 = ADVANCED_FACE('',(#2953),#2996,.F.);
#2953 = FACE_BOUND('',#2954,.F.);
#2954 = EDGE_LOOP('',(#2955,#2961,#2962,#2963,#2964,#2965,#2966,#2972,
    #2973,#2981,#2989,#2995));
#2955 = ORIENTED_EDGE('',*,*,#2956,.F.);
#2956 = EDGE_CURVE('',#2587,#2881,#2957,.T.);
#2957 = LINE('',#2958,#2959);
#2958 = CARTESIAN_POINT('',(0.85,-1.2,0.9));
#2959 = VECTOR('',#2960,1.);
#2960 = DIRECTION('',(-1.,-1.110223024625E-16,0.));
#2961 = ORIENTED_EDGE('',*,*,#2602,.T.);
#2962 = ORIENTED_EDGE('',*,*,#2647,.T.);
#2963 = ORIENTED_EDGE('',*,*,#2664,.T.);
#2964 = ORIENTED_EDGE('',*,*,#2618,.T.);
#2965 = ORIENTED_EDGE('',*,*,#2290,.T.);
#2966 = ORIENTED_EDGE('',*,*,#2967,.T.);
#2967 = EDGE_CURVE('',#2283,#2727,#2968,.T.);
#2968 = LINE('',#2969,#2970);
#2969 = CARTESIAN_POINT('',(-0.85,-1.2,0.9));
#2970 = VECTOR('',#2971,1.);
#2971 = DIRECTION('',(1.,-1.144237745222E-17,0.));
#2972 = ORIENTED_EDGE('',*,*,#2724,.F.);
#2973 = ORIENTED_EDGE('',*,*,#2974,.F.);
#2974 = EDGE_CURVE('',#2975,#2725,#2977,.T.);
#2975 = VERTEX_POINT('',#2976);
#2976 = CARTESIAN_POINT('',(-0.6925,-1.425,0.9));
#2977 = LINE('',#2978,#2979);
#2978 = CARTESIAN_POINT('',(-0.6925,-1.425,0.9));
#2979 = VECTOR('',#2980,1.);
#2980 = DIRECTION('',(-0.707106781187,0.707106781187,0.));
#2981 = ORIENTED_EDGE('',*,*,#2982,.F.);
#2982 = EDGE_CURVE('',#2983,#2975,#2985,.T.);
#2983 = VERTEX_POINT('',#2984);
#2984 = CARTESIAN_POINT('',(0.6925,-1.425,0.9));
#2985 = LINE('',#2986,#2987);
#2986 = CARTESIAN_POINT('',(0.6925,-1.425,0.9));
#2987 = VECTOR('',#2988,1.);
#2988 = DIRECTION('',(-1.,-1.110223024625E-16,0.));
#2989 = ORIENTED_EDGE('',*,*,#2990,.F.);
#2990 = EDGE_CURVE('',#2889,#2983,#2991,.T.);
#2991 = LINE('',#2992,#2993);
#2992 = CARTESIAN_POINT('',(0.775,-1.3425,0.9));
#2993 = VECTOR('',#2994,1.);
#2994 = DIRECTION('',(-0.707106781187,-0.707106781187,0.));
#2995 = ORIENTED_EDGE('',*,*,#2888,.F.);
#2996 = PLANE('',#2997);
#2997 = AXIS2_PLACEMENT_3D('',#2998,#2999,#3000);
#2998 = CARTESIAN_POINT('',(-2.091417030376E-16,1.4375,0.9));
#2999 = DIRECTION('',(4.595758349624E-18,6.551522493592E-27,-1.));
#3000 = DIRECTION('',(1.,1.51922136901E-16,4.595758349624E-18));
#3001 = ADVANCED_FACE('',(#3002),#3088,.F.);
#3002 = FACE_BOUND('',#3003,.F.);
#3003 = EDGE_LOOP('',(#3004,#3005,#3006,#3015,#3023,#3032,#3040,#3048,
    #3056,#3065,#3073,#3082));
#3004 = ORIENTED_EDGE('',*,*,#2282,.F.);
#3005 = ORIENTED_EDGE('',*,*,#2304,.T.);
#3006 = ORIENTED_EDGE('',*,*,#3007,.T.);
#3007 = EDGE_CURVE('',#2305,#3008,#3010,.T.);
#3008 = VERTEX_POINT('',#3009);
#3009 = CARTESIAN_POINT('',(-0.948480775301,-1.2,0.667364817767));
#3010 = CIRCLE('',#3011,0.1);
#3011 = AXIS2_PLACEMENT_3D('',#3012,#3013,#3014);
#3012 = CARTESIAN_POINT('',(-0.85,-1.2,0.65));
#3013 = DIRECTION('',(-1.144237745222E-17,-1.,0.));
#3014 = DIRECTION('',(0.,0.,1.));
#3015 = ORIENTED_EDGE('',*,*,#3016,.T.);
#3016 = EDGE_CURVE('',#3008,#3017,#3019,.T.);
#3017 = VERTEX_POINT('',#3018);
#3018 = CARTESIAN_POINT('',(-1.02432885403,-1.2,0.206587955583));
#3019 = LINE('',#3020,#3021);
#3020 = CARTESIAN_POINT('',(-0.948480775301,-1.2,0.667364817767));
#3021 = VECTOR('',#3022,1.);
#3022 = DIRECTION('',(-0.162423314012,1.858508865964E-18,-0.986721169868
    ));
#3023 = ORIENTED_EDGE('',*,*,#3024,.T.);
#3024 = EDGE_CURVE('',#3017,#3025,#3027,.T.);
#3025 = VERTEX_POINT('',#3026);
#3026 = CARTESIAN_POINT('',(-1.270530792283,-1.2,0.));
#3027 = CIRCLE('',#3028,0.25);
#3028 = AXIS2_PLACEMENT_3D('',#3029,#3030,#3031);
#3029 = CARTESIAN_POINT('',(-1.270530792283,-1.2,0.25));
#3030 = DIRECTION('',(1.144237745222E-17,1.,1.155557966632E-33));
#3031 = DIRECTION('',(0.984807753012,-1.126854202784E-17,-0.173648177667
    ));
#3032 = ORIENTED_EDGE('',*,*,#3033,.T.);
#3033 = EDGE_CURVE('',#3025,#3034,#3036,.T.);
#3034 = VERTEX_POINT('',#3035);
#3035 = CARTESIAN_POINT('',(-1.4,-1.2,0.));
#3036 = LINE('',#3037,#3038);
#3037 = CARTESIAN_POINT('',(-1.270530792283,-1.2,0.));
#3038 = VECTOR('',#3039,1.);
#3039 = DIRECTION('',(-1.,1.144237745222E-17,0.));
#3040 = ORIENTED_EDGE('',*,*,#3041,.T.);
#3041 = EDGE_CURVE('',#3034,#3042,#3044,.T.);
#3042 = VERTEX_POINT('',#3043);
#3043 = CARTESIAN_POINT('',(-1.4,-1.2,0.15));
#3044 = LINE('',#3045,#3046);
#3045 = CARTESIAN_POINT('',(-1.4,-1.2,0.));
#3046 = VECTOR('',#3047,1.);
#3047 = DIRECTION('',(0.,0.,1.));
#3048 = ORIENTED_EDGE('',*,*,#3049,.T.);
#3049 = EDGE_CURVE('',#3042,#3050,#3052,.T.);
#3050 = VERTEX_POINT('',#3051);
#3051 = CARTESIAN_POINT('',(-1.270530792283,-1.2,0.15));
#3052 = LINE('',#3053,#3054);
#3053 = CARTESIAN_POINT('',(-1.4,-1.2,0.15));
#3054 = VECTOR('',#3055,1.);
#3055 = DIRECTION('',(1.,-1.144237745222E-17,0.));
#3056 = ORIENTED_EDGE('',*,*,#3057,.T.);
#3057 = EDGE_CURVE('',#3050,#3058,#3060,.T.);
#3058 = VERTEX_POINT('',#3059);
#3059 = CARTESIAN_POINT('',(-1.172050016982,-1.2,0.232635182233));
#3060 = CIRCLE('',#3061,0.1);
#3061 = AXIS2_PLACEMENT_3D('',#3062,#3063,#3064);
#3062 = CARTESIAN_POINT('',(-1.270530792283,-1.2,0.25));
#3063 = DIRECTION('',(-1.144237745222E-17,-1.,0.));
#3064 = DIRECTION('',(-2.22044604925E-15,2.540718180781E-32,-1.));
#3065 = ORIENTED_EDGE('',*,*,#3066,.T.);
#3066 = EDGE_CURVE('',#3058,#3067,#3069,.T.);
#3067 = VERTEX_POINT('',#3068);
#3068 = CARTESIAN_POINT('',(-1.096201938253,-1.2,0.693412044417));
#3069 = LINE('',#3070,#3071);
#3070 = CARTESIAN_POINT('',(-1.172050016982,-1.2,0.232635182233));
#3071 = VECTOR('',#3072,1.);
#3072 = DIRECTION('',(0.162423314012,-1.858508865964E-18,0.986721169868)
  );
#3073 = ORIENTED_EDGE('',*,*,#3074,.T.);
#3074 = EDGE_CURVE('',#3067,#3075,#3077,.T.);
#3075 = VERTEX_POINT('',#3076);
#3076 = CARTESIAN_POINT('',(-0.85,-1.2,0.9));
#3077 = CIRCLE('',#3078,0.25);
#3078 = AXIS2_PLACEMENT_3D('',#3079,#3080,#3081);
#3079 = CARTESIAN_POINT('',(-0.85,-1.2,0.65));
#3080 = DIRECTION('',(1.144237745222E-17,1.,7.703719777549E-34));
#3081 = DIRECTION('',(-0.984807753012,1.126854202784E-17,0.173648177667)
  );
#3082 = ORIENTED_EDGE('',*,*,#3083,.T.);
#3083 = EDGE_CURVE('',#3075,#2283,#3084,.T.);
#3084 = LINE('',#3085,#3086);
#3085 = CARTESIAN_POINT('',(-0.85,-1.2,0.9));
#3086 = VECTOR('',#3087,1.);
#3087 = DIRECTION('',(1.,-1.144237745222E-17,0.));
#3088 = PLANE('',#3089);
#3089 = AXIS2_PLACEMENT_3D('',#3090,#3091,#3092);
#3090 = CARTESIAN_POINT('',(-1.069123385139,-1.2,0.441695635315));
#3091 = DIRECTION('',(1.144237745222E-17,1.,0.));
#3092 = DIRECTION('',(0.,-0.,1.));
#3093 = ADVANCED_FACE('',(#3094),#3113,.F.);
#3094 = FACE_BOUND('',#3095,.F.);
#3095 = EDGE_LOOP('',(#3096,#3097,#3106,#3112));
#3096 = ORIENTED_EDGE('',*,*,#2321,.T.);
#3097 = ORIENTED_EDGE('',*,*,#3098,.T.);
#3098 = EDGE_CURVE('',#2314,#3099,#3101,.T.);
#3099 = VERTEX_POINT('',#3100);
#3100 = CARTESIAN_POINT('',(-0.948480775301,-0.7,0.667364817767));
#3101 = CIRCLE('',#3102,0.1);
#3102 = AXIS2_PLACEMENT_3D('',#3103,#3104,#3105);
#3103 = CARTESIAN_POINT('',(-0.85,-0.7,0.65));
#3104 = DIRECTION('',(-1.144237745222E-17,-1.,0.));
#3105 = DIRECTION('',(0.,0.,1.));
#3106 = ORIENTED_EDGE('',*,*,#3107,.F.);
#3107 = EDGE_CURVE('',#3008,#3099,#3108,.T.);
#3108 = LINE('',#3109,#3110);
#3109 = CARTESIAN_POINT('',(-0.948480775301,-1.2,0.667364817767));
#3110 = VECTOR('',#3111,1.);
#3111 = DIRECTION('',(1.144237745222E-17,1.,0.));
#3112 = ORIENTED_EDGE('',*,*,#3007,.F.);
#3113 = CYLINDRICAL_SURFACE('',#3114,0.1);
#3114 = AXIS2_PLACEMENT_3D('',#3115,#3116,#3117);
#3115 = CARTESIAN_POINT('',(-0.85,-1.2,0.65));
#3116 = DIRECTION('',(-1.144237745222E-17,-1.,0.));
#3117 = DIRECTION('',(0.,0.,1.));
#3118 = ADVANCED_FACE('',(#3119),#3197,.T.);
#3119 = FACE_BOUND('',#3120,.T.);
#3120 = EDGE_LOOP('',(#3121,#3122,#3123,#3124,#3132,#3141,#3149,#3157,
    #3165,#3174,#3182,#3191));
#3121 = ORIENTED_EDGE('',*,*,#2335,.F.);
#3122 = ORIENTED_EDGE('',*,*,#2313,.T.);
#3123 = ORIENTED_EDGE('',*,*,#3098,.T.);
#3124 = ORIENTED_EDGE('',*,*,#3125,.T.);
#3125 = EDGE_CURVE('',#3099,#3126,#3128,.T.);
#3126 = VERTEX_POINT('',#3127);
#3127 = CARTESIAN_POINT('',(-1.02432885403,-0.7,0.206587955583));
#3128 = LINE('',#3129,#3130);
#3129 = CARTESIAN_POINT('',(-0.948480775301,-0.7,0.667364817767));
#3130 = VECTOR('',#3131,1.);
#3131 = DIRECTION('',(-0.162423314012,1.858508865964E-18,-0.986721169868
    ));
#3132 = ORIENTED_EDGE('',*,*,#3133,.T.);
#3133 = EDGE_CURVE('',#3126,#3134,#3136,.T.);
#3134 = VERTEX_POINT('',#3135);
#3135 = CARTESIAN_POINT('',(-1.270530792283,-0.7,0.));
#3136 = CIRCLE('',#3137,0.25);
#3137 = AXIS2_PLACEMENT_3D('',#3138,#3139,#3140);
#3138 = CARTESIAN_POINT('',(-1.270530792283,-0.7,0.25));
#3139 = DIRECTION('',(1.144237745222E-17,1.,1.155557966632E-33));
#3140 = DIRECTION('',(0.984807753012,-1.126854202784E-17,-0.173648177667
    ));
#3141 = ORIENTED_EDGE('',*,*,#3142,.T.);
#3142 = EDGE_CURVE('',#3134,#3143,#3145,.T.);
#3143 = VERTEX_POINT('',#3144);
#3144 = CARTESIAN_POINT('',(-1.4,-0.7,0.));
#3145 = LINE('',#3146,#3147);
#3146 = CARTESIAN_POINT('',(-1.270530792283,-0.7,0.));
#3147 = VECTOR('',#3148,1.);
#3148 = DIRECTION('',(-1.,1.144237745222E-17,0.));
#3149 = ORIENTED_EDGE('',*,*,#3150,.T.);
#3150 = EDGE_CURVE('',#3143,#3151,#3153,.T.);
#3151 = VERTEX_POINT('',#3152);
#3152 = CARTESIAN_POINT('',(-1.4,-0.7,0.15));
#3153 = LINE('',#3154,#3155);
#3154 = CARTESIAN_POINT('',(-1.4,-0.7,0.));
#3155 = VECTOR('',#3156,1.);
#3156 = DIRECTION('',(0.,0.,1.));
#3157 = ORIENTED_EDGE('',*,*,#3158,.T.);
#3158 = EDGE_CURVE('',#3151,#3159,#3161,.T.);
#3159 = VERTEX_POINT('',#3160);
#3160 = CARTESIAN_POINT('',(-1.270530792283,-0.7,0.15));
#3161 = LINE('',#3162,#3163);
#3162 = CARTESIAN_POINT('',(-1.4,-0.7,0.15));
#3163 = VECTOR('',#3164,1.);
#3164 = DIRECTION('',(1.,-1.144237745222E-17,0.));
#3165 = ORIENTED_EDGE('',*,*,#3166,.T.);
#3166 = EDGE_CURVE('',#3159,#3167,#3169,.T.);
#3167 = VERTEX_POINT('',#3168);
#3168 = CARTESIAN_POINT('',(-1.172050016982,-0.7,0.232635182233));
#3169 = CIRCLE('',#3170,0.1);
#3170 = AXIS2_PLACEMENT_3D('',#3171,#3172,#3173);
#3171 = CARTESIAN_POINT('',(-1.270530792283,-0.7,0.25));
#3172 = DIRECTION('',(-1.144237745222E-17,-1.,0.));
#3173 = DIRECTION('',(-2.22044604925E-15,2.540718180781E-32,-1.));
#3174 = ORIENTED_EDGE('',*,*,#3175,.T.);
#3175 = EDGE_CURVE('',#3167,#3176,#3178,.T.);
#3176 = VERTEX_POINT('',#3177);
#3177 = CARTESIAN_POINT('',(-1.096201938253,-0.7,0.693412044417));
#3178 = LINE('',#3179,#3180);
#3179 = CARTESIAN_POINT('',(-1.172050016982,-0.7,0.232635182233));
#3180 = VECTOR('',#3181,1.);
#3181 = DIRECTION('',(0.162423314012,-1.858508865964E-18,0.986721169868)
  );
#3182 = ORIENTED_EDGE('',*,*,#3183,.T.);
#3183 = EDGE_CURVE('',#3176,#3184,#3186,.T.);
#3184 = VERTEX_POINT('',#3185);
#3185 = CARTESIAN_POINT('',(-0.85,-0.7,0.9));
#3186 = CIRCLE('',#3187,0.25);
#3187 = AXIS2_PLACEMENT_3D('',#3188,#3189,#3190);
#3188 = CARTESIAN_POINT('',(-0.85,-0.7,0.65));
#3189 = DIRECTION('',(1.144237745222E-17,1.,7.703719777549E-34));
#3190 = DIRECTION('',(-0.984807753012,1.126854202784E-17,0.173648177667)
  );
#3191 = ORIENTED_EDGE('',*,*,#3192,.T.);
#3192 = EDGE_CURVE('',#3184,#2336,#3193,.T.);
#3193 = LINE('',#3194,#3195);
#3194 = CARTESIAN_POINT('',(-0.85,-0.7,0.9));
#3195 = VECTOR('',#3196,1.);
#3196 = DIRECTION('',(1.,-1.144237745222E-17,0.));
#3197 = PLANE('',#3198);
#3198 = AXIS2_PLACEMENT_3D('',#3199,#3200,#3201);
#3199 = CARTESIAN_POINT('',(-1.069123385139,-0.7,0.441695635315));
#3200 = DIRECTION('',(1.144237745222E-17,1.,0.));
#3201 = DIRECTION('',(0.,-0.,1.));
#3202 = ADVANCED_FACE('',(#3203),#3219,.F.);
#3203 = FACE_BOUND('',#3204,.F.);
#3204 = EDGE_LOOP('',(#3205,#3206,#3212,#3213));
#3205 = ORIENTED_EDGE('',*,*,#2352,.T.);
#3206 = ORIENTED_EDGE('',*,*,#3207,.T.);
#3207 = EDGE_CURVE('',#2345,#2743,#3208,.T.);
#3208 = LINE('',#3209,#3210);
#3209 = CARTESIAN_POINT('',(-0.85,-0.25,0.9));
#3210 = VECTOR('',#3211,1.);
#3211 = DIRECTION('',(1.,-1.144237745222E-17,0.));
#3212 = ORIENTED_EDGE('',*,*,#2742,.F.);
#3213 = ORIENTED_EDGE('',*,*,#3214,.F.);
#3214 = EDGE_CURVE('',#2336,#2735,#3215,.T.);
#3215 = LINE('',#3216,#3217);
#3216 = CARTESIAN_POINT('',(-0.85,-0.7,0.9));
#3217 = VECTOR('',#3218,1.);
#3218 = DIRECTION('',(1.,-1.144237745222E-17,0.));
#3219 = PLANE('',#3220);
#3220 = AXIS2_PLACEMENT_3D('',#3221,#3222,#3223);
#3221 = CARTESIAN_POINT('',(-2.091417030376E-16,1.4375,0.9));
#3222 = DIRECTION('',(4.595758349624E-18,6.551522493592E-27,-1.));
#3223 = DIRECTION('',(1.,1.51922136901E-16,4.595758349624E-18));
#3224 = ADVANCED_FACE('',(#3225),#3311,.F.);
#3225 = FACE_BOUND('',#3226,.F.);
#3226 = EDGE_LOOP('',(#3227,#3228,#3229,#3238,#3246,#3255,#3263,#3271,
    #3279,#3288,#3296,#3305));
#3227 = ORIENTED_EDGE('',*,*,#2344,.F.);
#3228 = ORIENTED_EDGE('',*,*,#2366,.T.);
#3229 = ORIENTED_EDGE('',*,*,#3230,.T.);
#3230 = EDGE_CURVE('',#2367,#3231,#3233,.T.);
#3231 = VERTEX_POINT('',#3232);
#3232 = CARTESIAN_POINT('',(-0.948480775301,-0.25,0.667364817767));
#3233 = CIRCLE('',#3234,0.1);
#3234 = AXIS2_PLACEMENT_3D('',#3235,#3236,#3237);
#3235 = CARTESIAN_POINT('',(-0.85,-0.25,0.65));
#3236 = DIRECTION('',(-1.144237745222E-17,-1.,0.));
#3237 = DIRECTION('',(0.,0.,1.));
#3238 = ORIENTED_EDGE('',*,*,#3239,.T.);
#3239 = EDGE_CURVE('',#3231,#3240,#3242,.T.);
#3240 = VERTEX_POINT('',#3241);
#3241 = CARTESIAN_POINT('',(-1.02432885403,-0.25,0.206587955583));
#3242 = LINE('',#3243,#3244);
#3243 = CARTESIAN_POINT('',(-0.948480775301,-0.25,0.667364817767));
#3244 = VECTOR('',#3245,1.);
#3245 = DIRECTION('',(-0.162423314012,1.858508865964E-18,-0.986721169868
    ));
#3246 = ORIENTED_EDGE('',*,*,#3247,.T.);
#3247 = EDGE_CURVE('',#3240,#3248,#3250,.T.);
#3248 = VERTEX_POINT('',#3249);
#3249 = CARTESIAN_POINT('',(-1.270530792283,-0.25,0.));
#3250 = CIRCLE('',#3251,0.25);
#3251 = AXIS2_PLACEMENT_3D('',#3252,#3253,#3254);
#3252 = CARTESIAN_POINT('',(-1.270530792283,-0.25,0.25));
#3253 = DIRECTION('',(1.144237745222E-17,1.,1.155557966632E-33));
#3254 = DIRECTION('',(0.984807753012,-1.126854202784E-17,-0.173648177667
    ));
#3255 = ORIENTED_EDGE('',*,*,#3256,.T.);
#3256 = EDGE_CURVE('',#3248,#3257,#3259,.T.);
#3257 = VERTEX_POINT('',#3258);
#3258 = CARTESIAN_POINT('',(-1.4,-0.25,0.));
#3259 = LINE('',#3260,#3261);
#3260 = CARTESIAN_POINT('',(-1.270530792283,-0.25,0.));
#3261 = VECTOR('',#3262,1.);
#3262 = DIRECTION('',(-1.,1.144237745222E-17,0.));
#3263 = ORIENTED_EDGE('',*,*,#3264,.T.);
#3264 = EDGE_CURVE('',#3257,#3265,#3267,.T.);
#3265 = VERTEX_POINT('',#3266);
#3266 = CARTESIAN_POINT('',(-1.4,-0.25,0.15));
#3267 = LINE('',#3268,#3269);
#3268 = CARTESIAN_POINT('',(-1.4,-0.25,0.));
#3269 = VECTOR('',#3270,1.);
#3270 = DIRECTION('',(0.,0.,1.));
#3271 = ORIENTED_EDGE('',*,*,#3272,.T.);
#3272 = EDGE_CURVE('',#3265,#3273,#3275,.T.);
#3273 = VERTEX_POINT('',#3274);
#3274 = CARTESIAN_POINT('',(-1.270530792283,-0.25,0.15));
#3275 = LINE('',#3276,#3277);
#3276 = CARTESIAN_POINT('',(-1.4,-0.25,0.15));
#3277 = VECTOR('',#3278,1.);
#3278 = DIRECTION('',(1.,-1.144237745222E-17,0.));
#3279 = ORIENTED_EDGE('',*,*,#3280,.T.);
#3280 = EDGE_CURVE('',#3273,#3281,#3283,.T.);
#3281 = VERTEX_POINT('',#3282);
#3282 = CARTESIAN_POINT('',(-1.172050016982,-0.25,0.232635182233));
#3283 = CIRCLE('',#3284,0.1);
#3284 = AXIS2_PLACEMENT_3D('',#3285,#3286,#3287);
#3285 = CARTESIAN_POINT('',(-1.270530792283,-0.25,0.25));
#3286 = DIRECTION('',(-1.144237745222E-17,-1.,0.));
#3287 = DIRECTION('',(-2.22044604925E-15,2.540718180781E-32,-1.));
#3288 = ORIENTED_EDGE('',*,*,#3289,.T.);
#3289 = EDGE_CURVE('',#3281,#3290,#3292,.T.);
#3290 = VERTEX_POINT('',#3291);
#3291 = CARTESIAN_POINT('',(-1.096201938253,-0.25,0.693412044417));
#3292 = LINE('',#3293,#3294);
#3293 = CARTESIAN_POINT('',(-1.172050016982,-0.25,0.232635182233));
#3294 = VECTOR('',#3295,1.);
#3295 = DIRECTION('',(0.162423314012,-1.858508865964E-18,0.986721169868)
  );
#3296 = ORIENTED_EDGE('',*,*,#3297,.T.);
#3297 = EDGE_CURVE('',#3290,#3298,#3300,.T.);
#3298 = VERTEX_POINT('',#3299);
#3299 = CARTESIAN_POINT('',(-0.85,-0.25,0.9));
#3300 = CIRCLE('',#3301,0.25);
#3301 = AXIS2_PLACEMENT_3D('',#3302,#3303,#3304);
#3302 = CARTESIAN_POINT('',(-0.85,-0.25,0.65));
#3303 = DIRECTION('',(1.144237745222E-17,1.,7.703719777549E-34));
#3304 = DIRECTION('',(-0.984807753012,1.126854202784E-17,0.173648177667)
  );
#3305 = ORIENTED_EDGE('',*,*,#3306,.T.);
#3306 = EDGE_CURVE('',#3298,#2345,#3307,.T.);
#3307 = LINE('',#3308,#3309);
#3308 = CARTESIAN_POINT('',(-0.85,-0.25,0.9));
#3309 = VECTOR('',#3310,1.);
#3310 = DIRECTION('',(1.,-1.144237745222E-17,0.));
#3311 = PLANE('',#3312);
#3312 = AXIS2_PLACEMENT_3D('',#3313,#3314,#3315);
#3313 = CARTESIAN_POINT('',(-1.069123385139,-0.25,0.441695635315));
#3314 = DIRECTION('',(1.144237745222E-17,1.,0.));
#3315 = DIRECTION('',(0.,-0.,1.));
#3316 = ADVANCED_FACE('',(#3317),#3336,.F.);
#3317 = FACE_BOUND('',#3318,.F.);
#3318 = EDGE_LOOP('',(#3319,#3320,#3329,#3335));
#3319 = ORIENTED_EDGE('',*,*,#2383,.T.);
#3320 = ORIENTED_EDGE('',*,*,#3321,.T.);
#3321 = EDGE_CURVE('',#2376,#3322,#3324,.T.);
#3322 = VERTEX_POINT('',#3323);
#3323 = CARTESIAN_POINT('',(-0.948480775301,0.25,0.667364817767));
#3324 = CIRCLE('',#3325,0.1);
#3325 = AXIS2_PLACEMENT_3D('',#3326,#3327,#3328);
#3326 = CARTESIAN_POINT('',(-0.85,0.25,0.65));
#3327 = DIRECTION('',(-1.144237745222E-17,-1.,0.));
#3328 = DIRECTION('',(0.,0.,1.));
#3329 = ORIENTED_EDGE('',*,*,#3330,.F.);
#3330 = EDGE_CURVE('',#3231,#3322,#3331,.T.);
#3331 = LINE('',#3332,#3333);
#3332 = CARTESIAN_POINT('',(-0.948480775301,-0.25,0.667364817767));
#3333 = VECTOR('',#3334,1.);
#3334 = DIRECTION('',(1.144237745222E-17,1.,0.));
#3335 = ORIENTED_EDGE('',*,*,#3230,.F.);
#3336 = CYLINDRICAL_SURFACE('',#3337,0.1);
#3337 = AXIS2_PLACEMENT_3D('',#3338,#3339,#3340);
#3338 = CARTESIAN_POINT('',(-0.85,-0.25,0.65));
#3339 = DIRECTION('',(-1.144237745222E-17,-1.,0.));
#3340 = DIRECTION('',(0.,0.,1.));
#3341 = ADVANCED_FACE('',(#3342),#3420,.T.);
#3342 = FACE_BOUND('',#3343,.T.);
#3343 = EDGE_LOOP('',(#3344,#3345,#3346,#3347,#3355,#3364,#3372,#3380,
    #3388,#3397,#3405,#3414));
#3344 = ORIENTED_EDGE('',*,*,#2397,.F.);
#3345 = ORIENTED_EDGE('',*,*,#2375,.T.);
#3346 = ORIENTED_EDGE('',*,*,#3321,.T.);
#3347 = ORIENTED_EDGE('',*,*,#3348,.T.);
#3348 = EDGE_CURVE('',#3322,#3349,#3351,.T.);
#3349 = VERTEX_POINT('',#3350);
#3350 = CARTESIAN_POINT('',(-1.02432885403,0.25,0.206587955583));
#3351 = LINE('',#3352,#3353);
#3352 = CARTESIAN_POINT('',(-0.948480775301,0.25,0.667364817767));
#3353 = VECTOR('',#3354,1.);
#3354 = DIRECTION('',(-0.162423314012,1.858508865964E-18,-0.986721169868
    ));
#3355 = ORIENTED_EDGE('',*,*,#3356,.T.);
#3356 = EDGE_CURVE('',#3349,#3357,#3359,.T.);
#3357 = VERTEX_POINT('',#3358);
#3358 = CARTESIAN_POINT('',(-1.270530792283,0.25,0.));
#3359 = CIRCLE('',#3360,0.25);
#3360 = AXIS2_PLACEMENT_3D('',#3361,#3362,#3363);
#3361 = CARTESIAN_POINT('',(-1.270530792283,0.25,0.25));
#3362 = DIRECTION('',(1.144237745222E-17,1.,1.155557966632E-33));
#3363 = DIRECTION('',(0.984807753012,-1.126854202784E-17,-0.173648177667
    ));
#3364 = ORIENTED_EDGE('',*,*,#3365,.T.);
#3365 = EDGE_CURVE('',#3357,#3366,#3368,.T.);
#3366 = VERTEX_POINT('',#3367);
#3367 = CARTESIAN_POINT('',(-1.4,0.25,0.));
#3368 = LINE('',#3369,#3370);
#3369 = CARTESIAN_POINT('',(-1.270530792283,0.25,0.));
#3370 = VECTOR('',#3371,1.);
#3371 = DIRECTION('',(-1.,1.144237745222E-17,0.));
#3372 = ORIENTED_EDGE('',*,*,#3373,.T.);
#3373 = EDGE_CURVE('',#3366,#3374,#3376,.T.);
#3374 = VERTEX_POINT('',#3375);
#3375 = CARTESIAN_POINT('',(-1.4,0.25,0.15));
#3376 = LINE('',#3377,#3378);
#3377 = CARTESIAN_POINT('',(-1.4,0.25,0.));
#3378 = VECTOR('',#3379,1.);
#3379 = DIRECTION('',(0.,0.,1.));
#3380 = ORIENTED_EDGE('',*,*,#3381,.T.);
#3381 = EDGE_CURVE('',#3374,#3382,#3384,.T.);
#3382 = VERTEX_POINT('',#3383);
#3383 = CARTESIAN_POINT('',(-1.270530792283,0.25,0.15));
#3384 = LINE('',#3385,#3386);
#3385 = CARTESIAN_POINT('',(-1.4,0.25,0.15));
#3386 = VECTOR('',#3387,1.);
#3387 = DIRECTION('',(1.,-1.144237745222E-17,0.));
#3388 = ORIENTED_EDGE('',*,*,#3389,.T.);
#3389 = EDGE_CURVE('',#3382,#3390,#3392,.T.);
#3390 = VERTEX_POINT('',#3391);
#3391 = CARTESIAN_POINT('',(-1.172050016982,0.25,0.232635182233));
#3392 = CIRCLE('',#3393,0.1);
#3393 = AXIS2_PLACEMENT_3D('',#3394,#3395,#3396);
#3394 = CARTESIAN_POINT('',(-1.270530792283,0.25,0.25));
#3395 = DIRECTION('',(-1.144237745222E-17,-1.,0.));
#3396 = DIRECTION('',(-2.22044604925E-15,2.540718180781E-32,-1.));
#3397 = ORIENTED_EDGE('',*,*,#3398,.T.);
#3398 = EDGE_CURVE('',#3390,#3399,#3401,.T.);
#3399 = VERTEX_POINT('',#3400);
#3400 = CARTESIAN_POINT('',(-1.096201938253,0.25,0.693412044417));
#3401 = LINE('',#3402,#3403);
#3402 = CARTESIAN_POINT('',(-1.172050016982,0.25,0.232635182233));
#3403 = VECTOR('',#3404,1.);
#3404 = DIRECTION('',(0.162423314012,-1.858508865964E-18,0.986721169868)
  );
#3405 = ORIENTED_EDGE('',*,*,#3406,.T.);
#3406 = EDGE_CURVE('',#3399,#3407,#3409,.T.);
#3407 = VERTEX_POINT('',#3408);
#3408 = CARTESIAN_POINT('',(-0.85,0.25,0.9));
#3409 = CIRCLE('',#3410,0.25);
#3410 = AXIS2_PLACEMENT_3D('',#3411,#3412,#3413);
#3411 = CARTESIAN_POINT('',(-0.85,0.25,0.65));
#3412 = DIRECTION('',(1.144237745222E-17,1.,7.703719777549E-34));
#3413 = DIRECTION('',(-0.984807753012,1.126854202784E-17,0.173648177667)
  );
#3414 = ORIENTED_EDGE('',*,*,#3415,.T.);
#3415 = EDGE_CURVE('',#3407,#2398,#3416,.T.);
#3416 = LINE('',#3417,#3418);
#3417 = CARTESIAN_POINT('',(-0.85,0.25,0.9));
#3418 = VECTOR('',#3419,1.);
#3419 = DIRECTION('',(1.,-1.144237745222E-17,0.));
#3420 = PLANE('',#3421);
#3421 = AXIS2_PLACEMENT_3D('',#3422,#3423,#3424);
#3422 = CARTESIAN_POINT('',(-1.069123385139,0.25,0.441695635315));
#3423 = DIRECTION('',(1.144237745222E-17,1.,0.));
#3424 = DIRECTION('',(0.,-0.,1.));
#3425 = ADVANCED_FACE('',(#3426),#3437,.F.);
#3426 = FACE_BOUND('',#3427,.F.);
#3427 = EDGE_LOOP('',(#3428,#3429,#3430,#3431));
#3428 = ORIENTED_EDGE('',*,*,#2414,.T.);
#3429 = ORIENTED_EDGE('',*,*,#2710,.T.);
#3430 = ORIENTED_EDGE('',*,*,#2758,.F.);
#3431 = ORIENTED_EDGE('',*,*,#3432,.F.);
#3432 = EDGE_CURVE('',#2398,#2751,#3433,.T.);
#3433 = LINE('',#3434,#3435);
#3434 = CARTESIAN_POINT('',(-0.85,0.25,0.9));
#3435 = VECTOR('',#3436,1.);
#3436 = DIRECTION('',(1.,-1.144237745222E-17,0.));
#3437 = PLANE('',#3438);
#3438 = AXIS2_PLACEMENT_3D('',#3439,#3440,#3441);
#3439 = CARTESIAN_POINT('',(-2.091417030376E-16,1.4375,0.9));
#3440 = DIRECTION('',(4.595758349624E-18,6.551522493592E-27,-1.));
#3441 = DIRECTION('',(1.,1.51922136901E-16,4.595758349624E-18));
#3442 = ADVANCED_FACE('',(#3443),#3522,.F.);
#3443 = FACE_BOUND('',#3444,.F.);
#3444 = EDGE_LOOP('',(#3445,#3446,#3447,#3456,#3464,#3473,#3481,#3489,
    #3497,#3506,#3514,#3521));
#3445 = ORIENTED_EDGE('',*,*,#2406,.F.);
#3446 = ORIENTED_EDGE('',*,*,#2428,.T.);
#3447 = ORIENTED_EDGE('',*,*,#3448,.T.);
#3448 = EDGE_CURVE('',#2429,#3449,#3451,.T.);
#3449 = VERTEX_POINT('',#3450);
#3450 = CARTESIAN_POINT('',(-0.948480775301,0.7,0.667364817767));
#3451 = CIRCLE('',#3452,0.1);
#3452 = AXIS2_PLACEMENT_3D('',#3453,#3454,#3455);
#3453 = CARTESIAN_POINT('',(-0.85,0.7,0.65));
#3454 = DIRECTION('',(-1.144237745222E-17,-1.,0.));
#3455 = DIRECTION('',(0.,0.,1.));
#3456 = ORIENTED_EDGE('',*,*,#3457,.T.);
#3457 = EDGE_CURVE('',#3449,#3458,#3460,.T.);
#3458 = VERTEX_POINT('',#3459);
#3459 = CARTESIAN_POINT('',(-1.02432885403,0.7,0.206587955583));
#3460 = LINE('',#3461,#3462);
#3461 = CARTESIAN_POINT('',(-0.948480775301,0.7,0.667364817767));
#3462 = VECTOR('',#3463,1.);
#3463 = DIRECTION('',(-0.162423314012,1.858508865964E-18,-0.986721169868
    ));
#3464 = ORIENTED_EDGE('',*,*,#3465,.T.);
#3465 = EDGE_CURVE('',#3458,#3466,#3468,.T.);
#3466 = VERTEX_POINT('',#3467);
#3467 = CARTESIAN_POINT('',(-1.270530792283,0.7,0.));
#3468 = CIRCLE('',#3469,0.25);
#3469 = AXIS2_PLACEMENT_3D('',#3470,#3471,#3472);
#3470 = CARTESIAN_POINT('',(-1.270530792283,0.7,0.25));
#3471 = DIRECTION('',(1.144237745222E-17,1.,1.155557966632E-33));
#3472 = DIRECTION('',(0.984807753012,-1.126854202784E-17,-0.173648177667
    ));
#3473 = ORIENTED_EDGE('',*,*,#3474,.T.);
#3474 = EDGE_CURVE('',#3466,#3475,#3477,.T.);
#3475 = VERTEX_POINT('',#3476);
#3476 = CARTESIAN_POINT('',(-1.4,0.7,0.));
#3477 = LINE('',#3478,#3479);
#3478 = CARTESIAN_POINT('',(-1.270530792283,0.7,0.));
#3479 = VECTOR('',#3480,1.);
#3480 = DIRECTION('',(-1.,1.144237745222E-17,0.));
#3481 = ORIENTED_EDGE('',*,*,#3482,.T.);
#3482 = EDGE_CURVE('',#3475,#3483,#3485,.T.);
#3483 = VERTEX_POINT('',#3484);
#3484 = CARTESIAN_POINT('',(-1.4,0.7,0.15));
#3485 = LINE('',#3486,#3487);
#3486 = CARTESIAN_POINT('',(-1.4,0.7,0.));
#3487 = VECTOR('',#3488,1.);
#3488 = DIRECTION('',(0.,0.,1.));
#3489 = ORIENTED_EDGE('',*,*,#3490,.T.);
#3490 = EDGE_CURVE('',#3483,#3491,#3493,.T.);
#3491 = VERTEX_POINT('',#3492);
#3492 = CARTESIAN_POINT('',(-1.270530792283,0.7,0.15));
#3493 = LINE('',#3494,#3495);
#3494 = CARTESIAN_POINT('',(-1.4,0.7,0.15));
#3495 = VECTOR('',#3496,1.);
#3496 = DIRECTION('',(1.,-1.144237745222E-17,0.));
#3497 = ORIENTED_EDGE('',*,*,#3498,.T.);
#3498 = EDGE_CURVE('',#3491,#3499,#3501,.T.);
#3499 = VERTEX_POINT('',#3500);
#3500 = CARTESIAN_POINT('',(-1.172050016982,0.7,0.232635182233));
#3501 = CIRCLE('',#3502,0.1);
#3502 = AXIS2_PLACEMENT_3D('',#3503,#3504,#3505);
#3503 = CARTESIAN_POINT('',(-1.270530792283,0.7,0.25));
#3504 = DIRECTION('',(-1.144237745222E-17,-1.,0.));
#3505 = DIRECTION('',(-2.22044604925E-15,2.540718180781E-32,-1.));
#3506 = ORIENTED_EDGE('',*,*,#3507,.T.);
#3507 = EDGE_CURVE('',#3499,#3508,#3510,.T.);
#3508 = VERTEX_POINT('',#3509);
#3509 = CARTESIAN_POINT('',(-1.096201938253,0.7,0.693412044417));
#3510 = LINE('',#3511,#3512);
#3511 = CARTESIAN_POINT('',(-1.172050016982,0.7,0.232635182233));
#3512 = VECTOR('',#3513,1.);
#3513 = DIRECTION('',(0.162423314012,-1.858508865964E-18,0.986721169868)
  );
#3514 = ORIENTED_EDGE('',*,*,#3515,.T.);
#3515 = EDGE_CURVE('',#3508,#2680,#3516,.T.);
#3516 = CIRCLE('',#3517,0.25);
#3517 = AXIS2_PLACEMENT_3D('',#3518,#3519,#3520);
#3518 = CARTESIAN_POINT('',(-0.85,0.7,0.65));
#3519 = DIRECTION('',(1.144237745222E-17,1.,7.703719777549E-34));
#3520 = DIRECTION('',(-0.984807753012,1.126854202784E-17,0.173648177667)
  );
#3521 = ORIENTED_EDGE('',*,*,#2679,.T.);
#3522 = PLANE('',#3523);
#3523 = AXIS2_PLACEMENT_3D('',#3524,#3525,#3526);
#3524 = CARTESIAN_POINT('',(-1.069123385139,0.7,0.441695635315));
#3525 = DIRECTION('',(1.144237745222E-17,1.,0.));
#3526 = DIRECTION('',(0.,-0.,1.));
#3527 = ADVANCED_FACE('',(#3528),#3547,.F.);
#3528 = FACE_BOUND('',#3529,.F.);
#3529 = EDGE_LOOP('',(#3530,#3531,#3540,#3546));
#3530 = ORIENTED_EDGE('',*,*,#2445,.T.);
#3531 = ORIENTED_EDGE('',*,*,#3532,.T.);
#3532 = EDGE_CURVE('',#2438,#3533,#3535,.T.);
#3533 = VERTEX_POINT('',#3534);
#3534 = CARTESIAN_POINT('',(-0.948480775301,1.2,0.667364817767));
#3535 = CIRCLE('',#3536,0.1);
#3536 = AXIS2_PLACEMENT_3D('',#3537,#3538,#3539);
#3537 = CARTESIAN_POINT('',(-0.85,1.2,0.65));
#3538 = DIRECTION('',(-1.144237745222E-17,-1.,0.));
#3539 = DIRECTION('',(0.,0.,1.));
#3540 = ORIENTED_EDGE('',*,*,#3541,.F.);
#3541 = EDGE_CURVE('',#3449,#3533,#3542,.T.);
#3542 = LINE('',#3543,#3544);
#3543 = CARTESIAN_POINT('',(-0.948480775301,0.7,0.667364817767));
#3544 = VECTOR('',#3545,1.);
#3545 = DIRECTION('',(1.144237745222E-17,1.,0.));
#3546 = ORIENTED_EDGE('',*,*,#3448,.F.);
#3547 = CYLINDRICAL_SURFACE('',#3548,0.1);
#3548 = AXIS2_PLACEMENT_3D('',#3549,#3550,#3551);
#3549 = CARTESIAN_POINT('',(-0.85,0.7,0.65));
#3550 = DIRECTION('',(-1.144237745222E-17,-1.,0.));
#3551 = DIRECTION('',(0.,0.,1.));
#3552 = ADVANCED_FACE('',(#3553),#3624,.T.);
#3553 = FACE_BOUND('',#3554,.T.);
#3554 = EDGE_LOOP('',(#3555,#3556,#3557,#3558,#3566,#3575,#3583,#3591,
    #3599,#3608,#3616,#3623));
#3555 = ORIENTED_EDGE('',*,*,#2459,.F.);
#3556 = ORIENTED_EDGE('',*,*,#2437,.T.);
#3557 = ORIENTED_EDGE('',*,*,#3532,.T.);
#3558 = ORIENTED_EDGE('',*,*,#3559,.T.);
#3559 = EDGE_CURVE('',#3533,#3560,#3562,.T.);
#3560 = VERTEX_POINT('',#3561);
#3561 = CARTESIAN_POINT('',(-1.02432885403,1.2,0.206587955583));
#3562 = LINE('',#3563,#3564);
#3563 = CARTESIAN_POINT('',(-0.948480775301,1.2,0.667364817767));
#3564 = VECTOR('',#3565,1.);
#3565 = DIRECTION('',(-0.162423314012,1.858508865964E-18,-0.986721169868
    ));
#3566 = ORIENTED_EDGE('',*,*,#3567,.T.);
#3567 = EDGE_CURVE('',#3560,#3568,#3570,.T.);
#3568 = VERTEX_POINT('',#3569);
#3569 = CARTESIAN_POINT('',(-1.270530792283,1.2,0.));
#3570 = CIRCLE('',#3571,0.25);
#3571 = AXIS2_PLACEMENT_3D('',#3572,#3573,#3574);
#3572 = CARTESIAN_POINT('',(-1.270530792283,1.2,0.25));
#3573 = DIRECTION('',(1.144237745222E-17,1.,1.155557966632E-33));
#3574 = DIRECTION('',(0.984807753012,-1.126854202784E-17,-0.173648177667
    ));
#3575 = ORIENTED_EDGE('',*,*,#3576,.T.);
#3576 = EDGE_CURVE('',#3568,#3577,#3579,.T.);
#3577 = VERTEX_POINT('',#3578);
#3578 = CARTESIAN_POINT('',(-1.4,1.2,0.));
#3579 = LINE('',#3580,#3581);
#3580 = CARTESIAN_POINT('',(-1.270530792283,1.2,0.));
#3581 = VECTOR('',#3582,1.);
#3582 = DIRECTION('',(-1.,1.144237745222E-17,0.));
#3583 = ORIENTED_EDGE('',*,*,#3584,.T.);
#3584 = EDGE_CURVE('',#3577,#3585,#3587,.T.);
#3585 = VERTEX_POINT('',#3586);
#3586 = CARTESIAN_POINT('',(-1.4,1.2,0.15));
#3587 = LINE('',#3588,#3589);
#3588 = CARTESIAN_POINT('',(-1.4,1.2,0.));
#3589 = VECTOR('',#3590,1.);
#3590 = DIRECTION('',(0.,0.,1.));
#3591 = ORIENTED_EDGE('',*,*,#3592,.T.);
#3592 = EDGE_CURVE('',#3585,#3593,#3595,.T.);
#3593 = VERTEX_POINT('',#3594);
#3594 = CARTESIAN_POINT('',(-1.270530792283,1.2,0.15));
#3595 = LINE('',#3596,#3597);
#3596 = CARTESIAN_POINT('',(-1.4,1.2,0.15));
#3597 = VECTOR('',#3598,1.);
#3598 = DIRECTION('',(1.,-1.144237745222E-17,0.));
#3599 = ORIENTED_EDGE('',*,*,#3600,.T.);
#3600 = EDGE_CURVE('',#3593,#3601,#3603,.T.);
#3601 = VERTEX_POINT('',#3602);
#3602 = CARTESIAN_POINT('',(-1.172050016982,1.2,0.232635182233));
#3603 = CIRCLE('',#3604,0.1);
#3604 = AXIS2_PLACEMENT_3D('',#3605,#3606,#3607);
#3605 = CARTESIAN_POINT('',(-1.270530792283,1.2,0.25));
#3606 = DIRECTION('',(-1.144237745222E-17,-1.,0.));
#3607 = DIRECTION('',(-2.22044604925E-15,2.540718180781E-32,-1.));
#3608 = ORIENTED_EDGE('',*,*,#3609,.T.);
#3609 = EDGE_CURVE('',#3601,#3610,#3612,.T.);
#3610 = VERTEX_POINT('',#3611);
#3611 = CARTESIAN_POINT('',(-1.096201938253,1.2,0.693412044417));
#3612 = LINE('',#3613,#3614);
#3613 = CARTESIAN_POINT('',(-1.172050016982,1.2,0.232635182233));
#3614 = VECTOR('',#3615,1.);
#3615 = DIRECTION('',(0.162423314012,-1.858508865964E-18,0.986721169868)
  );
#3616 = ORIENTED_EDGE('',*,*,#3617,.T.);
#3617 = EDGE_CURVE('',#3610,#2688,#3618,.T.);
#3618 = CIRCLE('',#3619,0.25);
#3619 = AXIS2_PLACEMENT_3D('',#3620,#3621,#3622);
#3620 = CARTESIAN_POINT('',(-0.85,1.2,0.65));
#3621 = DIRECTION('',(1.144237745222E-17,1.,7.703719777549E-34));
#3622 = DIRECTION('',(-0.984807753012,1.126854202784E-17,0.173648177667)
  );
#3623 = ORIENTED_EDGE('',*,*,#2695,.T.);
#3624 = PLANE('',#3625);
#3625 = AXIS2_PLACEMENT_3D('',#3626,#3627,#3628);
#3626 = CARTESIAN_POINT('',(-1.069123385139,1.2,0.441695635315));
#3627 = DIRECTION('',(1.144237745222E-17,1.,0.));
#3628 = DIRECTION('',(0.,-0.,1.));
#3629 = ADVANCED_FACE('',(#3630),#3709,.F.);
#3630 = FACE_BOUND('',#3631,.F.);
#3631 = EDGE_LOOP('',(#3632,#3633,#3634,#3643,#3651,#3660,#3668,#3676,
    #3684,#3693,#3701,#3708));
#3632 = ORIENTED_EDGE('',*,*,#2478,.F.);
#3633 = ORIENTED_EDGE('',*,*,#2493,.T.);
#3634 = ORIENTED_EDGE('',*,*,#3635,.T.);
#3635 = EDGE_CURVE('',#2494,#3636,#3638,.T.);
#3636 = VERTEX_POINT('',#3637);
#3637 = CARTESIAN_POINT('',(0.948480775301,1.2,0.667364817767));
#3638 = CIRCLE('',#3639,0.1);
#3639 = AXIS2_PLACEMENT_3D('',#3640,#3641,#3642);
#3640 = CARTESIAN_POINT('',(0.85,1.2,0.65));
#3641 = DIRECTION('',(-1.110223024625E-16,1.,0.));
#3642 = DIRECTION('',(0.,0.,1.));
#3643 = ORIENTED_EDGE('',*,*,#3644,.T.);
#3644 = EDGE_CURVE('',#3636,#3645,#3647,.T.);
#3645 = VERTEX_POINT('',#3646);
#3646 = CARTESIAN_POINT('',(1.02432885403,1.2,0.206587955583));
#3647 = LINE('',#3648,#3649);
#3648 = CARTESIAN_POINT('',(0.948480775301,1.2,0.667364817767));
#3649 = VECTOR('',#3650,1.);
#3650 = DIRECTION('',(0.162423314012,1.803261029519E-17,-0.986721169868)
  );
#3651 = ORIENTED_EDGE('',*,*,#3652,.T.);
#3652 = EDGE_CURVE('',#3645,#3653,#3655,.T.);
#3653 = VERTEX_POINT('',#3654);
#3654 = CARTESIAN_POINT('',(1.270530792283,1.2,0.));
#3655 = CIRCLE('',#3656,0.25);
#3656 = AXIS2_PLACEMENT_3D('',#3657,#3658,#3659);
#3657 = CARTESIAN_POINT('',(1.270530792283,1.2,0.25));
#3658 = DIRECTION('',(1.110223024625E-16,-1.,0.));
#3659 = DIRECTION('',(-0.984807753012,-1.093356242223E-16,
    -0.173648177667));
#3660 = ORIENTED_EDGE('',*,*,#3661,.T.);
#3661 = EDGE_CURVE('',#3653,#3662,#3664,.T.);
#3662 = VERTEX_POINT('',#3663);
#3663 = CARTESIAN_POINT('',(1.4,1.2,0.));
#3664 = LINE('',#3665,#3666);
#3665 = CARTESIAN_POINT('',(1.270530792283,1.2,0.));
#3666 = VECTOR('',#3667,1.);
#3667 = DIRECTION('',(1.,1.110223024625E-16,0.));
#3668 = ORIENTED_EDGE('',*,*,#3669,.T.);
#3669 = EDGE_CURVE('',#3662,#3670,#3672,.T.);
#3670 = VERTEX_POINT('',#3671);
#3671 = CARTESIAN_POINT('',(1.4,1.2,0.15));
#3672 = LINE('',#3673,#3674);
#3673 = CARTESIAN_POINT('',(1.4,1.2,0.));
#3674 = VECTOR('',#3675,1.);
#3675 = DIRECTION('',(0.,0.,1.));
#3676 = ORIENTED_EDGE('',*,*,#3677,.T.);
#3677 = EDGE_CURVE('',#3670,#3678,#3680,.T.);
#3678 = VERTEX_POINT('',#3679);
#3679 = CARTESIAN_POINT('',(1.270530792283,1.2,0.15));
#3680 = LINE('',#3681,#3682);
#3681 = CARTESIAN_POINT('',(1.4,1.2,0.15));
#3682 = VECTOR('',#3683,1.);
#3683 = DIRECTION('',(-1.,-1.110223024625E-16,0.));
#3684 = ORIENTED_EDGE('',*,*,#3685,.T.);
#3685 = EDGE_CURVE('',#3678,#3686,#3688,.T.);
#3686 = VERTEX_POINT('',#3687);
#3687 = CARTESIAN_POINT('',(1.172050016982,1.2,0.232635182233));
#3688 = CIRCLE('',#3689,0.1);
#3689 = AXIS2_PLACEMENT_3D('',#3690,#3691,#3692);
#3690 = CARTESIAN_POINT('',(1.270530792283,1.2,0.25));
#3691 = DIRECTION('',(-1.110223024625E-16,1.,0.));
#3692 = DIRECTION('',(2.22044604925E-15,2.465190328815E-31,-1.));
#3693 = ORIENTED_EDGE('',*,*,#3694,.T.);
#3694 = EDGE_CURVE('',#3686,#3695,#3697,.T.);
#3695 = VERTEX_POINT('',#3696);
#3696 = CARTESIAN_POINT('',(1.096201938253,1.2,0.693412044417));
#3697 = LINE('',#3698,#3699);
#3698 = CARTESIAN_POINT('',(1.172050016982,1.2,0.232635182233));
#3699 = VECTOR('',#3700,1.);
#3700 = DIRECTION('',(-0.162423314012,-1.803261029519E-17,0.986721169868
    ));
#3701 = ORIENTED_EDGE('',*,*,#3702,.T.);
#3702 = EDGE_CURVE('',#3695,#2919,#3703,.T.);
#3703 = CIRCLE('',#3704,0.25);
#3704 = AXIS2_PLACEMENT_3D('',#3705,#3706,#3707);
#3705 = CARTESIAN_POINT('',(0.85,1.2,0.65));
#3706 = DIRECTION('',(1.110223024625E-16,-1.,0.));
#3707 = DIRECTION('',(0.984807753012,1.093356242223E-16,0.173648177667)
  );
#3708 = ORIENTED_EDGE('',*,*,#2918,.T.);
#3709 = PLANE('',#3710);
#3710 = AXIS2_PLACEMENT_3D('',#3711,#3712,#3713);
#3711 = CARTESIAN_POINT('',(1.069123385139,1.2,0.441695635315));
#3712 = DIRECTION('',(1.110223024625E-16,-1.,0.));
#3713 = DIRECTION('',(0.,0.,1.));
#3714 = ADVANCED_FACE('',(#3715),#3734,.F.);
#3715 = FACE_BOUND('',#3716,.F.);
#3716 = EDGE_LOOP('',(#3717,#3718,#3727,#3733));
#3717 = ORIENTED_EDGE('',*,*,#2510,.T.);
#3718 = ORIENTED_EDGE('',*,*,#3719,.T.);
#3719 = EDGE_CURVE('',#2503,#3720,#3722,.T.);
#3720 = VERTEX_POINT('',#3721);
#3721 = CARTESIAN_POINT('',(0.948480775301,0.7,0.667364817767));
#3722 = CIRCLE('',#3723,0.1);
#3723 = AXIS2_PLACEMENT_3D('',#3724,#3725,#3726);
#3724 = CARTESIAN_POINT('',(0.85,0.7,0.65));
#3725 = DIRECTION('',(-1.110223024625E-16,1.,0.));
#3726 = DIRECTION('',(0.,0.,1.));
#3727 = ORIENTED_EDGE('',*,*,#3728,.F.);
#3728 = EDGE_CURVE('',#3636,#3720,#3729,.T.);
#3729 = LINE('',#3730,#3731);
#3730 = CARTESIAN_POINT('',(0.948480775301,1.2,0.667364817767));
#3731 = VECTOR('',#3732,1.);
#3732 = DIRECTION('',(1.110223024625E-16,-1.,0.));
#3733 = ORIENTED_EDGE('',*,*,#3635,.F.);
#3734 = CYLINDRICAL_SURFACE('',#3735,0.1);
#3735 = AXIS2_PLACEMENT_3D('',#3736,#3737,#3738);
#3736 = CARTESIAN_POINT('',(0.85,1.2,0.65));
#3737 = DIRECTION('',(-1.110223024625E-16,1.,0.));
#3738 = DIRECTION('',(0.,0.,1.));
#3739 = ADVANCED_FACE('',(#3740),#3811,.T.);
#3740 = FACE_BOUND('',#3741,.T.);
#3741 = EDGE_LOOP('',(#3742,#3743,#3744,#3745,#3753,#3762,#3770,#3778,
    #3786,#3795,#3803,#3810));
#3742 = ORIENTED_EDGE('',*,*,#2524,.F.);
#3743 = ORIENTED_EDGE('',*,*,#2502,.T.);
#3744 = ORIENTED_EDGE('',*,*,#3719,.T.);
#3745 = ORIENTED_EDGE('',*,*,#3746,.T.);
#3746 = EDGE_CURVE('',#3720,#3747,#3749,.T.);
#3747 = VERTEX_POINT('',#3748);
#3748 = CARTESIAN_POINT('',(1.02432885403,0.7,0.206587955583));
#3749 = LINE('',#3750,#3751);
#3750 = CARTESIAN_POINT('',(0.948480775301,0.7,0.667364817767));
#3751 = VECTOR('',#3752,1.);
#3752 = DIRECTION('',(0.162423314012,1.803261029519E-17,-0.986721169868)
  );
#3753 = ORIENTED_EDGE('',*,*,#3754,.T.);
#3754 = EDGE_CURVE('',#3747,#3755,#3757,.T.);
#3755 = VERTEX_POINT('',#3756);
#3756 = CARTESIAN_POINT('',(1.270530792283,0.7,0.));
#3757 = CIRCLE('',#3758,0.25);
#3758 = AXIS2_PLACEMENT_3D('',#3759,#3760,#3761);
#3759 = CARTESIAN_POINT('',(1.270530792283,0.7,0.25));
#3760 = DIRECTION('',(1.110223024625E-16,-1.,0.));
#3761 = DIRECTION('',(-0.984807753012,-1.093356242223E-16,
    -0.173648177667));
#3762 = ORIENTED_EDGE('',*,*,#3763,.T.);
#3763 = EDGE_CURVE('',#3755,#3764,#3766,.T.);
#3764 = VERTEX_POINT('',#3765);
#3765 = CARTESIAN_POINT('',(1.4,0.7,0.));
#3766 = LINE('',#3767,#3768);
#3767 = CARTESIAN_POINT('',(1.270530792283,0.7,0.));
#3768 = VECTOR('',#3769,1.);
#3769 = DIRECTION('',(1.,1.110223024625E-16,0.));
#3770 = ORIENTED_EDGE('',*,*,#3771,.T.);
#3771 = EDGE_CURVE('',#3764,#3772,#3774,.T.);
#3772 = VERTEX_POINT('',#3773);
#3773 = CARTESIAN_POINT('',(1.4,0.7,0.15));
#3774 = LINE('',#3775,#3776);
#3775 = CARTESIAN_POINT('',(1.4,0.7,0.));
#3776 = VECTOR('',#3777,1.);
#3777 = DIRECTION('',(0.,0.,1.));
#3778 = ORIENTED_EDGE('',*,*,#3779,.T.);
#3779 = EDGE_CURVE('',#3772,#3780,#3782,.T.);
#3780 = VERTEX_POINT('',#3781);
#3781 = CARTESIAN_POINT('',(1.270530792283,0.7,0.15));
#3782 = LINE('',#3783,#3784);
#3783 = CARTESIAN_POINT('',(1.4,0.7,0.15));
#3784 = VECTOR('',#3785,1.);
#3785 = DIRECTION('',(-1.,-1.110223024625E-16,0.));
#3786 = ORIENTED_EDGE('',*,*,#3787,.T.);
#3787 = EDGE_CURVE('',#3780,#3788,#3790,.T.);
#3788 = VERTEX_POINT('',#3789);
#3789 = CARTESIAN_POINT('',(1.172050016982,0.7,0.232635182233));
#3790 = CIRCLE('',#3791,0.1);
#3791 = AXIS2_PLACEMENT_3D('',#3792,#3793,#3794);
#3792 = CARTESIAN_POINT('',(1.270530792283,0.7,0.25));
#3793 = DIRECTION('',(-1.110223024625E-16,1.,0.));
#3794 = DIRECTION('',(2.22044604925E-15,2.465190328815E-31,-1.));
#3795 = ORIENTED_EDGE('',*,*,#3796,.T.);
#3796 = EDGE_CURVE('',#3788,#3797,#3799,.T.);
#3797 = VERTEX_POINT('',#3798);
#3798 = CARTESIAN_POINT('',(1.096201938253,0.7,0.693412044417));
#3799 = LINE('',#3800,#3801);
#3800 = CARTESIAN_POINT('',(1.172050016982,0.7,0.232635182233));
#3801 = VECTOR('',#3802,1.);
#3802 = DIRECTION('',(-0.162423314012,-1.803261029519E-17,0.986721169868
    ));
#3803 = ORIENTED_EDGE('',*,*,#3804,.T.);
#3804 = EDGE_CURVE('',#3797,#2927,#3805,.T.);
#3805 = CIRCLE('',#3806,0.25);
#3806 = AXIS2_PLACEMENT_3D('',#3807,#3808,#3809);
#3807 = CARTESIAN_POINT('',(0.85,0.7,0.65));
#3808 = DIRECTION('',(1.110223024625E-16,-1.,0.));
#3809 = DIRECTION('',(0.984807753012,1.093356242223E-16,0.173648177667)
  );
#3810 = ORIENTED_EDGE('',*,*,#2934,.T.);
#3811 = PLANE('',#3812);
#3812 = AXIS2_PLACEMENT_3D('',#3813,#3814,#3815);
#3813 = CARTESIAN_POINT('',(1.069123385139,0.7,0.441695635315));
#3814 = DIRECTION('',(1.110223024625E-16,-1.,0.));
#3815 = DIRECTION('',(0.,0.,1.));
#3816 = ADVANCED_FACE('',(#3817),#3828,.F.);
#3817 = FACE_BOUND('',#3818,.F.);
#3818 = EDGE_LOOP('',(#3819,#3820,#3821,#3827));
#3819 = ORIENTED_EDGE('',*,*,#2940,.F.);
#3820 = ORIENTED_EDGE('',*,*,#2541,.T.);
#3821 = ORIENTED_EDGE('',*,*,#3822,.T.);
#3822 = EDGE_CURVE('',#2534,#2873,#3823,.T.);
#3823 = LINE('',#3824,#3825);
#3824 = CARTESIAN_POINT('',(0.85,-0.7,0.9));
#3825 = VECTOR('',#3826,1.);
#3826 = DIRECTION('',(-1.,-1.110223024625E-16,0.));
#3827 = ORIENTED_EDGE('',*,*,#2872,.F.);
#3828 = PLANE('',#3829);
#3829 = AXIS2_PLACEMENT_3D('',#3830,#3831,#3832);
#3830 = CARTESIAN_POINT('',(-2.091417030376E-16,1.4375,0.9));
#3831 = DIRECTION('',(4.595758349624E-18,6.551522493592E-27,-1.));
#3832 = DIRECTION('',(1.,1.51922136901E-16,4.595758349624E-18));
#3833 = ADVANCED_FACE('',(#3834),#3920,.F.);
#3834 = FACE_BOUND('',#3835,.F.);
#3835 = EDGE_LOOP('',(#3836,#3837,#3838,#3847,#3855,#3864,#3872,#3880,
    #3888,#3897,#3905,#3914));
#3836 = ORIENTED_EDGE('',*,*,#2533,.F.);
#3837 = ORIENTED_EDGE('',*,*,#2555,.T.);
#3838 = ORIENTED_EDGE('',*,*,#3839,.T.);
#3839 = EDGE_CURVE('',#2556,#3840,#3842,.T.);
#3840 = VERTEX_POINT('',#3841);
#3841 = CARTESIAN_POINT('',(0.948480775301,-0.7,0.667364817767));
#3842 = CIRCLE('',#3843,0.1);
#3843 = AXIS2_PLACEMENT_3D('',#3844,#3845,#3846);
#3844 = CARTESIAN_POINT('',(0.85,-0.7,0.65));
#3845 = DIRECTION('',(-1.110223024625E-16,1.,0.));
#3846 = DIRECTION('',(0.,0.,1.));
#3847 = ORIENTED_EDGE('',*,*,#3848,.T.);
#3848 = EDGE_CURVE('',#3840,#3849,#3851,.T.);
#3849 = VERTEX_POINT('',#3850);
#3850 = CARTESIAN_POINT('',(1.02432885403,-0.7,0.206587955583));
#3851 = LINE('',#3852,#3853);
#3852 = CARTESIAN_POINT('',(0.948480775301,-0.7,0.667364817767));
#3853 = VECTOR('',#3854,1.);
#3854 = DIRECTION('',(0.162423314012,1.803261029519E-17,-0.986721169868)
  );
#3855 = ORIENTED_EDGE('',*,*,#3856,.T.);
#3856 = EDGE_CURVE('',#3849,#3857,#3859,.T.);
#3857 = VERTEX_POINT('',#3858);
#3858 = CARTESIAN_POINT('',(1.270530792283,-0.7,0.));
#3859 = CIRCLE('',#3860,0.25);
#3860 = AXIS2_PLACEMENT_3D('',#3861,#3862,#3863);
#3861 = CARTESIAN_POINT('',(1.270530792283,-0.7,0.25));
#3862 = DIRECTION('',(1.110223024625E-16,-1.,0.));
#3863 = DIRECTION('',(-0.984807753012,-1.093356242223E-16,
    -0.173648177667));
#3864 = ORIENTED_EDGE('',*,*,#3865,.T.);
#3865 = EDGE_CURVE('',#3857,#3866,#3868,.T.);
#3866 = VERTEX_POINT('',#3867);
#3867 = CARTESIAN_POINT('',(1.4,-0.7,0.));
#3868 = LINE('',#3869,#3870);
#3869 = CARTESIAN_POINT('',(1.270530792283,-0.7,0.));
#3870 = VECTOR('',#3871,1.);
#3871 = DIRECTION('',(1.,1.110223024625E-16,0.));
#3872 = ORIENTED_EDGE('',*,*,#3873,.T.);
#3873 = EDGE_CURVE('',#3866,#3874,#3876,.T.);
#3874 = VERTEX_POINT('',#3875);
#3875 = CARTESIAN_POINT('',(1.4,-0.7,0.15));
#3876 = LINE('',#3877,#3878);
#3877 = CARTESIAN_POINT('',(1.4,-0.7,0.));
#3878 = VECTOR('',#3879,1.);
#3879 = DIRECTION('',(0.,0.,1.));
#3880 = ORIENTED_EDGE('',*,*,#3881,.T.);
#3881 = EDGE_CURVE('',#3874,#3882,#3884,.T.);
#3882 = VERTEX_POINT('',#3883);
#3883 = CARTESIAN_POINT('',(1.270530792283,-0.7,0.15));
#3884 = LINE('',#3885,#3886);
#3885 = CARTESIAN_POINT('',(1.4,-0.7,0.15));
#3886 = VECTOR('',#3887,1.);
#3887 = DIRECTION('',(-1.,-1.110223024625E-16,0.));
#3888 = ORIENTED_EDGE('',*,*,#3889,.T.);
#3889 = EDGE_CURVE('',#3882,#3890,#3892,.T.);
#3890 = VERTEX_POINT('',#3891);
#3891 = CARTESIAN_POINT('',(1.172050016982,-0.7,0.232635182233));
#3892 = CIRCLE('',#3893,0.1);
#3893 = AXIS2_PLACEMENT_3D('',#3894,#3895,#3896);
#3894 = CARTESIAN_POINT('',(1.270530792283,-0.7,0.25));
#3895 = DIRECTION('',(-1.110223024625E-16,1.,0.));
#3896 = DIRECTION('',(2.22044604925E-15,2.465190328815E-31,-1.));
#3897 = ORIENTED_EDGE('',*,*,#3898,.T.);
#3898 = EDGE_CURVE('',#3890,#3899,#3901,.T.);
#3899 = VERTEX_POINT('',#3900);
#3900 = CARTESIAN_POINT('',(1.096201938253,-0.7,0.693412044417));
#3901 = LINE('',#3902,#3903);
#3902 = CARTESIAN_POINT('',(1.172050016982,-0.7,0.232635182233));
#3903 = VECTOR('',#3904,1.);
#3904 = DIRECTION('',(-0.162423314012,-1.803261029519E-17,0.986721169868
    ));
#3905 = ORIENTED_EDGE('',*,*,#3906,.T.);
#3906 = EDGE_CURVE('',#3899,#3907,#3909,.T.);
#3907 = VERTEX_POINT('',#3908);
#3908 = CARTESIAN_POINT('',(0.85,-0.7,0.9));
#3909 = CIRCLE('',#3910,0.25);
#3910 = AXIS2_PLACEMENT_3D('',#3911,#3912,#3913);
#3911 = CARTESIAN_POINT('',(0.85,-0.7,0.65));
#3912 = DIRECTION('',(1.110223024625E-16,-1.,0.));
#3913 = DIRECTION('',(0.984807753012,1.093356242223E-16,0.173648177667)
  );
#3914 = ORIENTED_EDGE('',*,*,#3915,.T.);
#3915 = EDGE_CURVE('',#3907,#2534,#3916,.T.);
#3916 = LINE('',#3917,#3918);
#3917 = CARTESIAN_POINT('',(0.85,-0.7,0.9));
#3918 = VECTOR('',#3919,1.);
#3919 = DIRECTION('',(-1.,-1.110223024625E-16,0.));
#3920 = PLANE('',#3921);
#3921 = AXIS2_PLACEMENT_3D('',#3922,#3923,#3924);
#3922 = CARTESIAN_POINT('',(1.069123385139,-0.7,0.441695635315));
#3923 = DIRECTION('',(1.110223024625E-16,-1.,0.));
#3924 = DIRECTION('',(0.,0.,1.));
#3925 = ADVANCED_FACE('',(#3926),#3945,.F.);
#3926 = FACE_BOUND('',#3927,.F.);
#3927 = EDGE_LOOP('',(#3928,#3929,#3938,#3944));
#3928 = ORIENTED_EDGE('',*,*,#2572,.T.);
#3929 = ORIENTED_EDGE('',*,*,#3930,.T.);
#3930 = EDGE_CURVE('',#2565,#3931,#3933,.T.);
#3931 = VERTEX_POINT('',#3932);
#3932 = CARTESIAN_POINT('',(0.948480775301,-1.2,0.667364817767));
#3933 = CIRCLE('',#3934,0.1);
#3934 = AXIS2_PLACEMENT_3D('',#3935,#3936,#3937);
#3935 = CARTESIAN_POINT('',(0.85,-1.2,0.65));
#3936 = DIRECTION('',(-1.110223024625E-16,1.,0.));
#3937 = DIRECTION('',(0.,0.,1.));
#3938 = ORIENTED_EDGE('',*,*,#3939,.F.);
#3939 = EDGE_CURVE('',#3840,#3931,#3940,.T.);
#3940 = LINE('',#3941,#3942);
#3941 = CARTESIAN_POINT('',(0.948480775301,-0.7,0.667364817767));
#3942 = VECTOR('',#3943,1.);
#3943 = DIRECTION('',(1.110223024625E-16,-1.,0.));
#3944 = ORIENTED_EDGE('',*,*,#3839,.F.);
#3945 = CYLINDRICAL_SURFACE('',#3946,0.1);
#3946 = AXIS2_PLACEMENT_3D('',#3947,#3948,#3949);
#3947 = CARTESIAN_POINT('',(0.85,-0.7,0.65));
#3948 = DIRECTION('',(-1.110223024625E-16,1.,0.));
#3949 = DIRECTION('',(0.,0.,1.));
#3950 = ADVANCED_FACE('',(#3951),#4029,.T.);
#3951 = FACE_BOUND('',#3952,.T.);
#3952 = EDGE_LOOP('',(#3953,#3954,#3955,#3956,#3964,#3973,#3981,#3989,
    #3997,#4006,#4014,#4023));
#3953 = ORIENTED_EDGE('',*,*,#2586,.F.);
#3954 = ORIENTED_EDGE('',*,*,#2564,.T.);
#3955 = ORIENTED_EDGE('',*,*,#3930,.T.);
#3956 = ORIENTED_EDGE('',*,*,#3957,.T.);
#3957 = EDGE_CURVE('',#3931,#3958,#3960,.T.);
#3958 = VERTEX_POINT('',#3959);
#3959 = CARTESIAN_POINT('',(1.02432885403,-1.2,0.206587955583));
#3960 = LINE('',#3961,#3962);
#3961 = CARTESIAN_POINT('',(0.948480775301,-1.2,0.667364817767));
#3962 = VECTOR('',#3963,1.);
#3963 = DIRECTION('',(0.162423314012,1.803261029519E-17,-0.986721169868)
  );
#3964 = ORIENTED_EDGE('',*,*,#3965,.T.);
#3965 = EDGE_CURVE('',#3958,#3966,#3968,.T.);
#3966 = VERTEX_POINT('',#3967);
#3967 = CARTESIAN_POINT('',(1.270530792283,-1.2,0.));
#3968 = CIRCLE('',#3969,0.25);
#3969 = AXIS2_PLACEMENT_3D('',#3970,#3971,#3972);
#3970 = CARTESIAN_POINT('',(1.270530792283,-1.2,0.25));
#3971 = DIRECTION('',(1.110223024625E-16,-1.,0.));
#3972 = DIRECTION('',(-0.984807753012,-1.093356242223E-16,
    -0.173648177667));
#3973 = ORIENTED_EDGE('',*,*,#3974,.T.);
#3974 = EDGE_CURVE('',#3966,#3975,#3977,.T.);
#3975 = VERTEX_POINT('',#3976);
#3976 = CARTESIAN_POINT('',(1.4,-1.2,0.));
#3977 = LINE('',#3978,#3979);
#3978 = CARTESIAN_POINT('',(1.270530792283,-1.2,0.));
#3979 = VECTOR('',#3980,1.);
#3980 = DIRECTION('',(1.,1.110223024625E-16,0.));
#3981 = ORIENTED_EDGE('',*,*,#3982,.T.);
#3982 = EDGE_CURVE('',#3975,#3983,#3985,.T.);
#3983 = VERTEX_POINT('',#3984);
#3984 = CARTESIAN_POINT('',(1.4,-1.2,0.15));
#3985 = LINE('',#3986,#3987);
#3986 = CARTESIAN_POINT('',(1.4,-1.2,0.));
#3987 = VECTOR('',#3988,1.);
#3988 = DIRECTION('',(0.,0.,1.));
#3989 = ORIENTED_EDGE('',*,*,#3990,.T.);
#3990 = EDGE_CURVE('',#3983,#3991,#3993,.T.);
#3991 = VERTEX_POINT('',#3992);
#3992 = CARTESIAN_POINT('',(1.270530792283,-1.2,0.15));
#3993 = LINE('',#3994,#3995);
#3994 = CARTESIAN_POINT('',(1.4,-1.2,0.15));
#3995 = VECTOR('',#3996,1.);
#3996 = DIRECTION('',(-1.,-1.110223024625E-16,0.));
#3997 = ORIENTED_EDGE('',*,*,#3998,.T.);
#3998 = EDGE_CURVE('',#3991,#3999,#4001,.T.);
#3999 = VERTEX_POINT('',#4000);
#4000 = CARTESIAN_POINT('',(1.172050016982,-1.2,0.232635182233));
#4001 = CIRCLE('',#4002,0.1);
#4002 = AXIS2_PLACEMENT_3D('',#4003,#4004,#4005);
#4003 = CARTESIAN_POINT('',(1.270530792283,-1.2,0.25));
#4004 = DIRECTION('',(-1.110223024625E-16,1.,0.));
#4005 = DIRECTION('',(2.22044604925E-15,2.465190328815E-31,-1.));
#4006 = ORIENTED_EDGE('',*,*,#4007,.T.);
#4007 = EDGE_CURVE('',#3999,#4008,#4010,.T.);
#4008 = VERTEX_POINT('',#4009);
#4009 = CARTESIAN_POINT('',(1.096201938253,-1.2,0.693412044417));
#4010 = LINE('',#4011,#4012);
#4011 = CARTESIAN_POINT('',(1.172050016982,-1.2,0.232635182233));
#4012 = VECTOR('',#4013,1.);
#4013 = DIRECTION('',(-0.162423314012,-1.803261029519E-17,0.986721169868
    ));
#4014 = ORIENTED_EDGE('',*,*,#4015,.T.);
#4015 = EDGE_CURVE('',#4008,#4016,#4018,.T.);
#4016 = VERTEX_POINT('',#4017);
#4017 = CARTESIAN_POINT('',(0.85,-1.2,0.9));
#4018 = CIRCLE('',#4019,0.25);
#4019 = AXIS2_PLACEMENT_3D('',#4020,#4021,#4022);
#4020 = CARTESIAN_POINT('',(0.85,-1.2,0.65));
#4021 = DIRECTION('',(1.110223024625E-16,-1.,0.));
#4022 = DIRECTION('',(0.984807753012,1.093356242223E-16,0.173648177667)
  );
#4023 = ORIENTED_EDGE('',*,*,#4024,.T.);
#4024 = EDGE_CURVE('',#4016,#2587,#4025,.T.);
#4025 = LINE('',#4026,#4027);
#4026 = CARTESIAN_POINT('',(0.85,-1.2,0.9));
#4027 = VECTOR('',#4028,1.);
#4028 = DIRECTION('',(-1.,-1.110223024625E-16,0.));
#4029 = PLANE('',#4030);
#4030 = AXIS2_PLACEMENT_3D('',#4031,#4032,#4033);
#4031 = CARTESIAN_POINT('',(1.069123385139,-1.2,0.441695635315));
#4032 = DIRECTION('',(1.110223024625E-16,-1.,0.));
#4033 = DIRECTION('',(0.,0.,1.));
#4034 = ADVANCED_FACE('',(#4035),#4046,.T.);
#4035 = FACE_BOUND('',#4036,.T.);
#4036 = EDGE_LOOP('',(#4037,#4038,#4039,#4040));
#4037 = ORIENTED_EDGE('',*,*,#3515,.T.);
#4038 = ORIENTED_EDGE('',*,*,#2687,.T.);
#4039 = ORIENTED_EDGE('',*,*,#3617,.F.);
#4040 = ORIENTED_EDGE('',*,*,#4041,.F.);
#4041 = EDGE_CURVE('',#3508,#3610,#4042,.T.);
#4042 = LINE('',#4043,#4044);
#4043 = CARTESIAN_POINT('',(-1.096201938253,0.7,0.693412044417));
#4044 = VECTOR('',#4045,1.);
#4045 = DIRECTION('',(1.144237745222E-17,1.,0.));
#4046 = CYLINDRICAL_SURFACE('',#4047,0.25);
#4047 = AXIS2_PLACEMENT_3D('',#4048,#4049,#4050);
#4048 = CARTESIAN_POINT('',(-0.85,0.7,0.65));
#4049 = DIRECTION('',(-1.144237745222E-17,-1.,0.));
#4050 = DIRECTION('',(-0.984807753012,1.126854202784E-17,0.173648177667)
  );
#4051 = ADVANCED_FACE('',(#4052),#4065,.F.);
#4052 = FACE_BOUND('',#4053,.F.);
#4053 = EDGE_LOOP('',(#4054,#4055,#4061,#4062,#4063,#4064));
#4054 = ORIENTED_EDGE('',*,*,#3083,.F.);
#4055 = ORIENTED_EDGE('',*,*,#4056,.T.);
#4056 = EDGE_CURVE('',#3075,#3184,#4057,.T.);
#4057 = LINE('',#4058,#4059);
#4058 = CARTESIAN_POINT('',(-0.85,-1.2,0.9));
#4059 = VECTOR('',#4060,1.);
#4060 = DIRECTION('',(1.144237745222E-17,1.,0.));
#4061 = ORIENTED_EDGE('',*,*,#3192,.T.);
#4062 = ORIENTED_EDGE('',*,*,#3214,.T.);
#4063 = ORIENTED_EDGE('',*,*,#2734,.F.);
#4064 = ORIENTED_EDGE('',*,*,#2967,.F.);
#4065 = PLANE('',#4066);
#4066 = AXIS2_PLACEMENT_3D('',#4067,#4068,#4069);
#4067 = CARTESIAN_POINT('',(-0.85,-1.2,0.9));
#4068 = DIRECTION('',(0.,0.,-1.));
#4069 = DIRECTION('',(1.,-1.144237745222E-17,0.));
#4070 = ADVANCED_FACE('',(#4071),#4084,.F.);
#4071 = FACE_BOUND('',#4072,.F.);
#4072 = EDGE_LOOP('',(#4073,#4074,#4080,#4081,#4082,#4083));
#4073 = ORIENTED_EDGE('',*,*,#3306,.F.);
#4074 = ORIENTED_EDGE('',*,*,#4075,.T.);
#4075 = EDGE_CURVE('',#3298,#3407,#4076,.T.);
#4076 = LINE('',#4077,#4078);
#4077 = CARTESIAN_POINT('',(-0.85,-0.25,0.9));
#4078 = VECTOR('',#4079,1.);
#4079 = DIRECTION('',(1.144237745222E-17,1.,0.));
#4080 = ORIENTED_EDGE('',*,*,#3415,.T.);
#4081 = ORIENTED_EDGE('',*,*,#3432,.T.);
#4082 = ORIENTED_EDGE('',*,*,#2750,.F.);
#4083 = ORIENTED_EDGE('',*,*,#3207,.F.);
#4084 = PLANE('',#4085);
#4085 = AXIS2_PLACEMENT_3D('',#4086,#4087,#4088);
#4086 = CARTESIAN_POINT('',(-0.85,-0.25,0.9));
#4087 = DIRECTION('',(0.,0.,-1.));
#4088 = DIRECTION('',(1.,-1.144237745222E-17,0.));
#4089 = ADVANCED_FACE('',(#4090,#4119),#4130,.T.);
#4090 = FACE_BOUND('',#4091,.T.);
#4091 = EDGE_LOOP('',(#4092,#4093,#4094,#4095,#4103,#4111,#4117,#4118));
#4092 = ORIENTED_EDGE('',*,*,#2825,.F.);
#4093 = ORIENTED_EDGE('',*,*,#2802,.F.);
#4094 = ORIENTED_EDGE('',*,*,#2773,.F.);
#4095 = ORIENTED_EDGE('',*,*,#4096,.F.);
#4096 = EDGE_CURVE('',#4097,#2774,#4099,.T.);
#4097 = VERTEX_POINT('',#4098);
#4098 = CARTESIAN_POINT('',(-0.646824228722,-1.333648457443,1.55));
#4099 = LINE('',#4100,#4101);
#4100 = CARTESIAN_POINT('',(-0.646824228722,-1.333648457443,1.55));
#4101 = VECTOR('',#4102,1.);
#4102 = DIRECTION('',(-0.707106781187,0.707106781187,0.));
#4103 = ORIENTED_EDGE('',*,*,#4104,.F.);
#4104 = EDGE_CURVE('',#4105,#4097,#4107,.T.);
#4105 = VERTEX_POINT('',#4106);
#4106 = CARTESIAN_POINT('',(0.646824228722,-1.333648457443,1.55));
#4107 = LINE('',#4108,#4109);
#4108 = CARTESIAN_POINT('',(0.646824228722,-1.333648457443,1.55));
#4109 = VECTOR('',#4110,1.);
#4110 = DIRECTION('',(-1.,-1.110223024625E-16,0.));
#4111 = ORIENTED_EDGE('',*,*,#4112,.F.);
#4112 = EDGE_CURVE('',#2897,#4105,#4113,.T.);
#4113 = LINE('',#4114,#4115);
#4114 = CARTESIAN_POINT('',(0.683648457443,-1.296824228722,1.55));
#4115 = VECTOR('',#4116,1.);
#4116 = DIRECTION('',(-0.707106781187,-0.707106781187,0.));
#4117 = ORIENTED_EDGE('',*,*,#2903,.F.);
#4118 = ORIENTED_EDGE('',*,*,#2848,.F.);
#4119 = FACE_BOUND('',#4120,.T.);
#4120 = EDGE_LOOP('',(#4121));
#4121 = ORIENTED_EDGE('',*,*,#4122,.T.);
#4122 = EDGE_CURVE('',#4123,#4123,#4125,.T.);
#4123 = VERTEX_POINT('',#4124);
#4124 = CARTESIAN_POINT('',(-0.483648457443,1.083648457443,1.55));
#4125 = CIRCLE('',#4126,5.E-02);
#4126 = AXIS2_PLACEMENT_3D('',#4127,#4128,#4129);
#4127 = CARTESIAN_POINT('',(-0.483648457443,1.133648457443,1.55));
#4128 = DIRECTION('',(0.,-0.,-1.));
#4129 = DIRECTION('',(1.110223024625E-16,-1.,0.));
#4130 = PLANE('',#4131);
#4131 = AXIS2_PLACEMENT_3D('',#4132,#4133,#4134);
#4132 = CARTESIAN_POINT('',(-0.646824228722,1.333648457443,1.55));
#4133 = DIRECTION('',(0.,0.,1.));
#4134 = DIRECTION('',(0.436386464522,-0.899759330922,0.));
#4135 = ADVANCED_FACE('',(#4136),#4146,.F.);
#4136 = FACE_BOUND('',#4137,.F.);
#4137 = EDGE_LOOP('',(#4138,#4139,#4140,#4141));
#4138 = ORIENTED_EDGE('',*,*,#2974,.T.);
#4139 = ORIENTED_EDGE('',*,*,#2781,.T.);
#4140 = ORIENTED_EDGE('',*,*,#4096,.F.);
#4141 = ORIENTED_EDGE('',*,*,#4142,.F.);
#4142 = EDGE_CURVE('',#2975,#4097,#4143,.T.);
#4143 = B_SPLINE_CURVE_WITH_KNOTS('',1,(#4144,#4145),.UNSPECIFIED.,.F.,
  .F.,(2,2),(0.,1.),.PIECEWISE_BEZIER_KNOTS.);
#4144 = CARTESIAN_POINT('',(-0.6925,-1.425,0.9));
#4145 = CARTESIAN_POINT('',(-0.646824228722,-1.333648457443,1.55));
#4146 = B_SPLINE_SURFACE_WITH_KNOTS('',1,1,(
    (#4147,#4148)
    ,(#4149,#4150
    )),.UNSPECIFIED.,.F.,.F.,.F.,(2,2),(2,2),(0.,0.116672618896),(0.,1.)
  ,.PIECEWISE_BEZIER_KNOTS.);
#4147 = CARTESIAN_POINT('',(-0.6925,-1.425,0.9));
#4148 = CARTESIAN_POINT('',(-0.646824228722,-1.333648457443,1.55));
#4149 = CARTESIAN_POINT('',(-0.775,-1.3425,0.9));
#4150 = CARTESIAN_POINT('',(-0.683648457443,-1.296824228722,1.55));
#4151 = ADVANCED_FACE('',(#4152),#4165,.F.);
#4152 = FACE_BOUND('',#4153,.F.);
#4153 = EDGE_LOOP('',(#4154,#4155,#4161,#4162,#4163,#4164));
#4154 = ORIENTED_EDGE('',*,*,#3915,.F.);
#4155 = ORIENTED_EDGE('',*,*,#4156,.T.);
#4156 = EDGE_CURVE('',#3907,#4016,#4157,.T.);
#4157 = LINE('',#4158,#4159);
#4158 = CARTESIAN_POINT('',(0.85,-0.7,0.9));
#4159 = VECTOR('',#4160,1.);
#4160 = DIRECTION('',(1.110223024625E-16,-1.,0.));
#4161 = ORIENTED_EDGE('',*,*,#4024,.T.);
#4162 = ORIENTED_EDGE('',*,*,#2956,.T.);
#4163 = ORIENTED_EDGE('',*,*,#2880,.F.);
#4164 = ORIENTED_EDGE('',*,*,#3822,.F.);
#4165 = PLANE('',#4166);
#4166 = AXIS2_PLACEMENT_3D('',#4167,#4168,#4169);
#4167 = CARTESIAN_POINT('',(0.85,-0.7,0.9));
#4168 = DIRECTION('',(0.,0.,-1.));
#4169 = DIRECTION('',(-1.,-1.110223024625E-16,-0.));
#4170 = ADVANCED_FACE('',(#4171),#4181,.F.);
#4171 = FACE_BOUND('',#4172,.F.);
#4172 = EDGE_LOOP('',(#4173,#4174,#4179,#4180));
#4173 = ORIENTED_EDGE('',*,*,#2990,.T.);
#4174 = ORIENTED_EDGE('',*,*,#4175,.T.);
#4175 = EDGE_CURVE('',#2983,#4105,#4176,.T.);
#4176 = B_SPLINE_CURVE_WITH_KNOTS('',1,(#4177,#4178),.UNSPECIFIED.,.F.,
  .F.,(2,2),(0.,1.),.PIECEWISE_BEZIER_KNOTS.);
#4177 = CARTESIAN_POINT('',(0.6925,-1.425,0.9));
#4178 = CARTESIAN_POINT('',(0.646824228722,-1.333648457443,1.55));
#4179 = ORIENTED_EDGE('',*,*,#4112,.F.);
#4180 = ORIENTED_EDGE('',*,*,#2896,.F.);
#4181 = B_SPLINE_SURFACE_WITH_KNOTS('',1,1,(
    (#4182,#4183)
    ,(#4184,#4185
    )),.UNSPECIFIED.,.F.,.F.,.F.,(2,2),(2,2),(0.,0.116672618896),(0.,1.)
  ,.PIECEWISE_BEZIER_KNOTS.);
#4182 = CARTESIAN_POINT('',(0.775,-1.3425,0.9));
#4183 = CARTESIAN_POINT('',(0.683648457443,-1.296824228722,1.55));
#4184 = CARTESIAN_POINT('',(0.6925,-1.425,0.9));
#4185 = CARTESIAN_POINT('',(0.646824228722,-1.333648457443,1.55));
#4186 = ADVANCED_FACE('',(#4187),#4198,.T.);
#4187 = FACE_BOUND('',#4188,.T.);
#4188 = EDGE_LOOP('',(#4189,#4190,#4191,#4192));
#4189 = ORIENTED_EDGE('',*,*,#3702,.T.);
#4190 = ORIENTED_EDGE('',*,*,#2926,.T.);
#4191 = ORIENTED_EDGE('',*,*,#3804,.F.);
#4192 = ORIENTED_EDGE('',*,*,#4193,.F.);
#4193 = EDGE_CURVE('',#3695,#3797,#4194,.T.);
#4194 = LINE('',#4195,#4196);
#4195 = CARTESIAN_POINT('',(1.096201938253,1.2,0.693412044417));
#4196 = VECTOR('',#4197,1.);
#4197 = DIRECTION('',(1.110223024625E-16,-1.,0.));
#4198 = CYLINDRICAL_SURFACE('',#4199,0.25);
#4199 = AXIS2_PLACEMENT_3D('',#4200,#4201,#4202);
#4200 = CARTESIAN_POINT('',(0.85,1.2,0.65));
#4201 = DIRECTION('',(-1.110223024625E-16,1.,0.));
#4202 = DIRECTION('',(0.984807753012,1.093356242223E-16,0.173648177667)
  );
#4203 = ADVANCED_FACE('',(#4204),#4210,.F.);
#4204 = FACE_BOUND('',#4205,.F.);
#4205 = EDGE_LOOP('',(#4206,#4207,#4208,#4209));
#4206 = ORIENTED_EDGE('',*,*,#2982,.T.);
#4207 = ORIENTED_EDGE('',*,*,#4142,.T.);
#4208 = ORIENTED_EDGE('',*,*,#4104,.F.);
#4209 = ORIENTED_EDGE('',*,*,#4175,.F.);
#4210 = B_SPLINE_SURFACE_WITH_KNOTS('',1,1,(
    (#4211,#4212)
    ,(#4213,#4214
    )),.UNSPECIFIED.,.F.,.F.,.F.,(2,2),(2,2),(0.,1.385),(0.,1.),
  .PIECEWISE_BEZIER_KNOTS.);
#4211 = CARTESIAN_POINT('',(0.6925,-1.425,0.9));
#4212 = CARTESIAN_POINT('',(0.646824228722,-1.333648457443,1.55));
#4213 = CARTESIAN_POINT('',(-0.6925,-1.425,0.9));
#4214 = CARTESIAN_POINT('',(-0.646824228722,-1.333648457443,1.55));
#4215 = ADVANCED_FACE('',(#4216),#4227,.T.);
#4216 = FACE_BOUND('',#4217,.T.);
#4217 = EDGE_LOOP('',(#4218,#4219,#4220,#4221));
#4218 = ORIENTED_EDGE('',*,*,#3074,.T.);
#4219 = ORIENTED_EDGE('',*,*,#4056,.T.);
#4220 = ORIENTED_EDGE('',*,*,#3183,.F.);
#4221 = ORIENTED_EDGE('',*,*,#4222,.F.);
#4222 = EDGE_CURVE('',#3067,#3176,#4223,.T.);
#4223 = LINE('',#4224,#4225);
#4224 = CARTESIAN_POINT('',(-1.096201938253,-1.2,0.693412044417));
#4225 = VECTOR('',#4226,1.);
#4226 = DIRECTION('',(1.144237745222E-17,1.,0.));
#4227 = CYLINDRICAL_SURFACE('',#4228,0.25);
#4228 = AXIS2_PLACEMENT_3D('',#4229,#4230,#4231);
#4229 = CARTESIAN_POINT('',(-0.85,-1.2,0.65));
#4230 = DIRECTION('',(-1.144237745222E-17,-1.,0.));
#4231 = DIRECTION('',(-0.984807753012,1.126854202784E-17,0.173648177667)
  );
#4232 = ADVANCED_FACE('',(#4233),#4244,.F.);
#4233 = FACE_BOUND('',#4234,.F.);
#4234 = EDGE_LOOP('',(#4235,#4241,#4242,#4243));
#4235 = ORIENTED_EDGE('',*,*,#4236,.T.);
#4236 = EDGE_CURVE('',#3058,#3167,#4237,.T.);
#4237 = LINE('',#4238,#4239);
#4238 = CARTESIAN_POINT('',(-1.172050016982,-1.2,0.232635182233));
#4239 = VECTOR('',#4240,1.);
#4240 = DIRECTION('',(1.144237745222E-17,1.,0.));
#4241 = ORIENTED_EDGE('',*,*,#3175,.T.);
#4242 = ORIENTED_EDGE('',*,*,#4222,.F.);
#4243 = ORIENTED_EDGE('',*,*,#3066,.F.);
#4244 = PLANE('',#4245);
#4245 = AXIS2_PLACEMENT_3D('',#4246,#4247,#4248);
#4246 = CARTESIAN_POINT('',(-1.172050016982,-1.2,0.232635182233));
#4247 = DIRECTION('',(0.986721169868,-1.129043606572E-17,-0.162423314012
    ));
#4248 = DIRECTION('',(0.162423314012,-1.858508865964E-18,0.986721169868)
  );
#4249 = ADVANCED_FACE('',(#4250),#4261,.F.);
#4250 = FACE_BOUND('',#4251,.F.);
#4251 = EDGE_LOOP('',(#4252,#4258,#4259,#4260));
#4252 = ORIENTED_EDGE('',*,*,#4253,.T.);
#4253 = EDGE_CURVE('',#3050,#3159,#4254,.T.);
#4254 = LINE('',#4255,#4256);
#4255 = CARTESIAN_POINT('',(-1.270530792283,-1.2,0.15));
#4256 = VECTOR('',#4257,1.);
#4257 = DIRECTION('',(1.144237745222E-17,1.,0.));
#4258 = ORIENTED_EDGE('',*,*,#3166,.T.);
#4259 = ORIENTED_EDGE('',*,*,#4236,.F.);
#4260 = ORIENTED_EDGE('',*,*,#3057,.F.);
#4261 = CYLINDRICAL_SURFACE('',#4262,0.1);
#4262 = AXIS2_PLACEMENT_3D('',#4263,#4264,#4265);
#4263 = CARTESIAN_POINT('',(-1.270530792283,-1.2,0.25));
#4264 = DIRECTION('',(-1.144237745222E-17,-1.,0.));
#4265 = DIRECTION('',(-2.22044604925E-15,2.540718180781E-32,-1.));
#4266 = ADVANCED_FACE('',(#4267),#4278,.F.);
#4267 = FACE_BOUND('',#4268,.F.);
#4268 = EDGE_LOOP('',(#4269,#4275,#4276,#4277));
#4269 = ORIENTED_EDGE('',*,*,#4270,.T.);
#4270 = EDGE_CURVE('',#3042,#3151,#4271,.T.);
#4271 = LINE('',#4272,#4273);
#4272 = CARTESIAN_POINT('',(-1.4,-1.2,0.15));
#4273 = VECTOR('',#4274,1.);
#4274 = DIRECTION('',(1.144237745222E-17,1.,0.));
#4275 = ORIENTED_EDGE('',*,*,#3158,.T.);
#4276 = ORIENTED_EDGE('',*,*,#4253,.F.);
#4277 = ORIENTED_EDGE('',*,*,#3049,.F.);
#4278 = PLANE('',#4279);
#4279 = AXIS2_PLACEMENT_3D('',#4280,#4281,#4282);
#4280 = CARTESIAN_POINT('',(-1.4,-1.2,0.15));
#4281 = DIRECTION('',(0.,0.,-1.));
#4282 = DIRECTION('',(1.,-1.144237745222E-17,0.));
#4283 = ADVANCED_FACE('',(#4284),#4295,.F.);
#4284 = FACE_BOUND('',#4285,.F.);
#4285 = EDGE_LOOP('',(#4286,#4292,#4293,#4294));
#4286 = ORIENTED_EDGE('',*,*,#4287,.T.);
#4287 = EDGE_CURVE('',#3034,#3143,#4288,.T.);
#4288 = LINE('',#4289,#4290);
#4289 = CARTESIAN_POINT('',(-1.4,-1.2,0.));
#4290 = VECTOR('',#4291,1.);
#4291 = DIRECTION('',(1.144237745222E-17,1.,0.));
#4292 = ORIENTED_EDGE('',*,*,#3150,.T.);
#4293 = ORIENTED_EDGE('',*,*,#4270,.F.);
#4294 = ORIENTED_EDGE('',*,*,#3041,.F.);
#4295 = PLANE('',#4296);
#4296 = AXIS2_PLACEMENT_3D('',#4297,#4298,#4299);
#4297 = CARTESIAN_POINT('',(-1.4,-1.2,0.));
#4298 = DIRECTION('',(1.,-1.144237745222E-17,0.));
#4299 = DIRECTION('',(0.,0.,1.));
#4300 = ADVANCED_FACE('',(#4301),#4312,.F.);
#4301 = FACE_BOUND('',#4302,.F.);
#4302 = EDGE_LOOP('',(#4303,#4309,#4310,#4311));
#4303 = ORIENTED_EDGE('',*,*,#4304,.T.);
#4304 = EDGE_CURVE('',#3025,#3134,#4305,.T.);
#4305 = LINE('',#4306,#4307);
#4306 = CARTESIAN_POINT('',(-1.270530792283,-1.2,0.));
#4307 = VECTOR('',#4308,1.);
#4308 = DIRECTION('',(1.144237745222E-17,1.,0.));
#4309 = ORIENTED_EDGE('',*,*,#3142,.T.);
#4310 = ORIENTED_EDGE('',*,*,#4287,.F.);
#4311 = ORIENTED_EDGE('',*,*,#3033,.F.);
#4312 = PLANE('',#4313);
#4313 = AXIS2_PLACEMENT_3D('',#4314,#4315,#4316);
#4314 = CARTESIAN_POINT('',(-1.270530792283,-1.2,0.));
#4315 = DIRECTION('',(0.,0.,1.));
#4316 = DIRECTION('',(-1.,1.144237745222E-17,0.));
#4317 = ADVANCED_FACE('',(#4318),#4329,.T.);
#4318 = FACE_BOUND('',#4319,.T.);
#4319 = EDGE_LOOP('',(#4320,#4321,#4322,#4323));
#4320 = ORIENTED_EDGE('',*,*,#3024,.T.);
#4321 = ORIENTED_EDGE('',*,*,#4304,.T.);
#4322 = ORIENTED_EDGE('',*,*,#3133,.F.);
#4323 = ORIENTED_EDGE('',*,*,#4324,.F.);
#4324 = EDGE_CURVE('',#3017,#3126,#4325,.T.);
#4325 = LINE('',#4326,#4327);
#4326 = CARTESIAN_POINT('',(-1.02432885403,-1.2,0.206587955583));
#4327 = VECTOR('',#4328,1.);
#4328 = DIRECTION('',(1.144237745222E-17,1.,0.));
#4329 = CYLINDRICAL_SURFACE('',#4330,0.25);
#4330 = AXIS2_PLACEMENT_3D('',#4331,#4332,#4333);
#4331 = CARTESIAN_POINT('',(-1.270530792283,-1.2,0.25));
#4332 = DIRECTION('',(-1.144237745222E-17,-1.,0.));
#4333 = DIRECTION('',(0.984807753012,-1.126854202784E-17,-0.173648177667
    ));
#4334 = ADVANCED_FACE('',(#4335),#4341,.F.);
#4335 = FACE_BOUND('',#4336,.F.);
#4336 = EDGE_LOOP('',(#4337,#4338,#4339,#4340));
#4337 = ORIENTED_EDGE('',*,*,#3107,.T.);
#4338 = ORIENTED_EDGE('',*,*,#3125,.T.);
#4339 = ORIENTED_EDGE('',*,*,#4324,.F.);
#4340 = ORIENTED_EDGE('',*,*,#3016,.F.);
#4341 = PLANE('',#4342);
#4342 = AXIS2_PLACEMENT_3D('',#4343,#4344,#4345);
#4343 = CARTESIAN_POINT('',(-0.948480775301,-1.2,0.667364817767));
#4344 = DIRECTION('',(-0.986721169868,1.129043606572E-17,0.162423314012)
  );
#4345 = DIRECTION('',(-0.162423314012,1.858508865964E-18,-0.986721169868
    ));
#4346 = ADVANCED_FACE('',(#4347),#4358,.T.);
#4347 = FACE_BOUND('',#4348,.T.);
#4348 = EDGE_LOOP('',(#4349,#4350,#4351,#4352));
#4349 = ORIENTED_EDGE('',*,*,#3297,.T.);
#4350 = ORIENTED_EDGE('',*,*,#4075,.T.);
#4351 = ORIENTED_EDGE('',*,*,#3406,.F.);
#4352 = ORIENTED_EDGE('',*,*,#4353,.F.);
#4353 = EDGE_CURVE('',#3290,#3399,#4354,.T.);
#4354 = LINE('',#4355,#4356);
#4355 = CARTESIAN_POINT('',(-1.096201938253,-0.25,0.693412044417));
#4356 = VECTOR('',#4357,1.);
#4357 = DIRECTION('',(1.144237745222E-17,1.,0.));
#4358 = CYLINDRICAL_SURFACE('',#4359,0.25);
#4359 = AXIS2_PLACEMENT_3D('',#4360,#4361,#4362);
#4360 = CARTESIAN_POINT('',(-0.85,-0.25,0.65));
#4361 = DIRECTION('',(-1.144237745222E-17,-1.,0.));
#4362 = DIRECTION('',(-0.984807753012,1.126854202784E-17,0.173648177667)
  );
#4363 = ADVANCED_FACE('',(#4364),#4375,.F.);
#4364 = FACE_BOUND('',#4365,.F.);
#4365 = EDGE_LOOP('',(#4366,#4372,#4373,#4374));
#4366 = ORIENTED_EDGE('',*,*,#4367,.T.);
#4367 = EDGE_CURVE('',#3281,#3390,#4368,.T.);
#4368 = LINE('',#4369,#4370);
#4369 = CARTESIAN_POINT('',(-1.172050016982,-0.25,0.232635182233));
#4370 = VECTOR('',#4371,1.);
#4371 = DIRECTION('',(1.144237745222E-17,1.,0.));
#4372 = ORIENTED_EDGE('',*,*,#3398,.T.);
#4373 = ORIENTED_EDGE('',*,*,#4353,.F.);
#4374 = ORIENTED_EDGE('',*,*,#3289,.F.);
#4375 = PLANE('',#4376);
#4376 = AXIS2_PLACEMENT_3D('',#4377,#4378,#4379);
#4377 = CARTESIAN_POINT('',(-1.172050016982,-0.25,0.232635182233));
#4378 = DIRECTION('',(0.986721169868,-1.129043606572E-17,-0.162423314012
    ));
#4379 = DIRECTION('',(0.162423314012,-1.858508865964E-18,0.986721169868)
  );
#4380 = ADVANCED_FACE('',(#4381),#4392,.F.);
#4381 = FACE_BOUND('',#4382,.F.);
#4382 = EDGE_LOOP('',(#4383,#4389,#4390,#4391));
#4383 = ORIENTED_EDGE('',*,*,#4384,.T.);
#4384 = EDGE_CURVE('',#3273,#3382,#4385,.T.);
#4385 = LINE('',#4386,#4387);
#4386 = CARTESIAN_POINT('',(-1.270530792283,-0.25,0.15));
#4387 = VECTOR('',#4388,1.);
#4388 = DIRECTION('',(1.144237745222E-17,1.,0.));
#4389 = ORIENTED_EDGE('',*,*,#3389,.T.);
#4390 = ORIENTED_EDGE('',*,*,#4367,.F.);
#4391 = ORIENTED_EDGE('',*,*,#3280,.F.);
#4392 = CYLINDRICAL_SURFACE('',#4393,0.1);
#4393 = AXIS2_PLACEMENT_3D('',#4394,#4395,#4396);
#4394 = CARTESIAN_POINT('',(-1.270530792283,-0.25,0.25));
#4395 = DIRECTION('',(-1.144237745222E-17,-1.,0.));
#4396 = DIRECTION('',(-2.22044604925E-15,2.540718180781E-32,-1.));
#4397 = ADVANCED_FACE('',(#4398),#4409,.F.);
#4398 = FACE_BOUND('',#4399,.F.);
#4399 = EDGE_LOOP('',(#4400,#4406,#4407,#4408));
#4400 = ORIENTED_EDGE('',*,*,#4401,.T.);
#4401 = EDGE_CURVE('',#3265,#3374,#4402,.T.);
#4402 = LINE('',#4403,#4404);
#4403 = CARTESIAN_POINT('',(-1.4,-0.25,0.15));
#4404 = VECTOR('',#4405,1.);
#4405 = DIRECTION('',(1.144237745222E-17,1.,0.));
#4406 = ORIENTED_EDGE('',*,*,#3381,.T.);
#4407 = ORIENTED_EDGE('',*,*,#4384,.F.);
#4408 = ORIENTED_EDGE('',*,*,#3272,.F.);
#4409 = PLANE('',#4410);
#4410 = AXIS2_PLACEMENT_3D('',#4411,#4412,#4413);
#4411 = CARTESIAN_POINT('',(-1.4,-0.25,0.15));
#4412 = DIRECTION('',(0.,0.,-1.));
#4413 = DIRECTION('',(1.,-1.144237745222E-17,0.));
#4414 = ADVANCED_FACE('',(#4415),#4426,.F.);
#4415 = FACE_BOUND('',#4416,.F.);
#4416 = EDGE_LOOP('',(#4417,#4423,#4424,#4425));
#4417 = ORIENTED_EDGE('',*,*,#4418,.T.);
#4418 = EDGE_CURVE('',#3257,#3366,#4419,.T.);
#4419 = LINE('',#4420,#4421);
#4420 = CARTESIAN_POINT('',(-1.4,-0.25,0.));
#4421 = VECTOR('',#4422,1.);
#4422 = DIRECTION('',(1.144237745222E-17,1.,0.));
#4423 = ORIENTED_EDGE('',*,*,#3373,.T.);
#4424 = ORIENTED_EDGE('',*,*,#4401,.F.);
#4425 = ORIENTED_EDGE('',*,*,#3264,.F.);
#4426 = PLANE('',#4427);
#4427 = AXIS2_PLACEMENT_3D('',#4428,#4429,#4430);
#4428 = CARTESIAN_POINT('',(-1.4,-0.25,0.));
#4429 = DIRECTION('',(1.,-1.144237745222E-17,0.));
#4430 = DIRECTION('',(0.,0.,1.));
#4431 = ADVANCED_FACE('',(#4432),#4443,.F.);
#4432 = FACE_BOUND('',#4433,.F.);
#4433 = EDGE_LOOP('',(#4434,#4440,#4441,#4442));
#4434 = ORIENTED_EDGE('',*,*,#4435,.T.);
#4435 = EDGE_CURVE('',#3248,#3357,#4436,.T.);
#4436 = LINE('',#4437,#4438);
#4437 = CARTESIAN_POINT('',(-1.270530792283,-0.25,0.));
#4438 = VECTOR('',#4439,1.);
#4439 = DIRECTION('',(1.144237745222E-17,1.,0.));
#4440 = ORIENTED_EDGE('',*,*,#3365,.T.);
#4441 = ORIENTED_EDGE('',*,*,#4418,.F.);
#4442 = ORIENTED_EDGE('',*,*,#3256,.F.);
#4443 = PLANE('',#4444);
#4444 = AXIS2_PLACEMENT_3D('',#4445,#4446,#4447);
#4445 = CARTESIAN_POINT('',(-1.270530792283,-0.25,0.));
#4446 = DIRECTION('',(0.,0.,1.));
#4447 = DIRECTION('',(-1.,1.144237745222E-17,0.));
#4448 = ADVANCED_FACE('',(#4449),#4460,.T.);
#4449 = FACE_BOUND('',#4450,.T.);
#4450 = EDGE_LOOP('',(#4451,#4452,#4453,#4454));
#4451 = ORIENTED_EDGE('',*,*,#3247,.T.);
#4452 = ORIENTED_EDGE('',*,*,#4435,.T.);
#4453 = ORIENTED_EDGE('',*,*,#3356,.F.);
#4454 = ORIENTED_EDGE('',*,*,#4455,.F.);
#4455 = EDGE_CURVE('',#3240,#3349,#4456,.T.);
#4456 = LINE('',#4457,#4458);
#4457 = CARTESIAN_POINT('',(-1.02432885403,-0.25,0.206587955583));
#4458 = VECTOR('',#4459,1.);
#4459 = DIRECTION('',(1.144237745222E-17,1.,0.));
#4460 = CYLINDRICAL_SURFACE('',#4461,0.25);
#4461 = AXIS2_PLACEMENT_3D('',#4462,#4463,#4464);
#4462 = CARTESIAN_POINT('',(-1.270530792283,-0.25,0.25));
#4463 = DIRECTION('',(-1.144237745222E-17,-1.,0.));
#4464 = DIRECTION('',(0.984807753012,-1.126854202784E-17,-0.173648177667
    ));
#4465 = ADVANCED_FACE('',(#4466),#4472,.F.);
#4466 = FACE_BOUND('',#4467,.F.);
#4467 = EDGE_LOOP('',(#4468,#4469,#4470,#4471));
#4468 = ORIENTED_EDGE('',*,*,#3330,.T.);
#4469 = ORIENTED_EDGE('',*,*,#3348,.T.);
#4470 = ORIENTED_EDGE('',*,*,#4455,.F.);
#4471 = ORIENTED_EDGE('',*,*,#3239,.F.);
#4472 = PLANE('',#4473);
#4473 = AXIS2_PLACEMENT_3D('',#4474,#4475,#4476);
#4474 = CARTESIAN_POINT('',(-0.948480775301,-0.25,0.667364817767));
#4475 = DIRECTION('',(-0.986721169868,1.129043606572E-17,0.162423314012)
  );
#4476 = DIRECTION('',(-0.162423314012,1.858508865964E-18,-0.986721169868
    ));
#4477 = ADVANCED_FACE('',(#4478),#4489,.F.);
#4478 = FACE_BOUND('',#4479,.F.);
#4479 = EDGE_LOOP('',(#4480,#4486,#4487,#4488));
#4480 = ORIENTED_EDGE('',*,*,#4481,.T.);
#4481 = EDGE_CURVE('',#3499,#3601,#4482,.T.);
#4482 = LINE('',#4483,#4484);
#4483 = CARTESIAN_POINT('',(-1.172050016982,0.7,0.232635182233));
#4484 = VECTOR('',#4485,1.);
#4485 = DIRECTION('',(1.144237745222E-17,1.,0.));
#4486 = ORIENTED_EDGE('',*,*,#3609,.T.);
#4487 = ORIENTED_EDGE('',*,*,#4041,.F.);
#4488 = ORIENTED_EDGE('',*,*,#3507,.F.);
#4489 = PLANE('',#4490);
#4490 = AXIS2_PLACEMENT_3D('',#4491,#4492,#4493);
#4491 = CARTESIAN_POINT('',(-1.172050016982,0.7,0.232635182233));
#4492 = DIRECTION('',(0.986721169868,-1.129043606572E-17,-0.162423314012
    ));
#4493 = DIRECTION('',(0.162423314012,-1.858508865964E-18,0.986721169868)
  );
#4494 = ADVANCED_FACE('',(#4495),#4506,.F.);
#4495 = FACE_BOUND('',#4496,.F.);
#4496 = EDGE_LOOP('',(#4497,#4503,#4504,#4505));
#4497 = ORIENTED_EDGE('',*,*,#4498,.T.);
#4498 = EDGE_CURVE('',#3491,#3593,#4499,.T.);
#4499 = LINE('',#4500,#4501);
#4500 = CARTESIAN_POINT('',(-1.270530792283,0.7,0.15));
#4501 = VECTOR('',#4502,1.);
#4502 = DIRECTION('',(1.144237745222E-17,1.,0.));
#4503 = ORIENTED_EDGE('',*,*,#3600,.T.);
#4504 = ORIENTED_EDGE('',*,*,#4481,.F.);
#4505 = ORIENTED_EDGE('',*,*,#3498,.F.);
#4506 = CYLINDRICAL_SURFACE('',#4507,0.1);
#4507 = AXIS2_PLACEMENT_3D('',#4508,#4509,#4510);
#4508 = CARTESIAN_POINT('',(-1.270530792283,0.7,0.25));
#4509 = DIRECTION('',(-1.144237745222E-17,-1.,0.));
#4510 = DIRECTION('',(-2.22044604925E-15,2.540718180781E-32,-1.));
#4511 = ADVANCED_FACE('',(#4512),#4523,.F.);
#4512 = FACE_BOUND('',#4513,.F.);
#4513 = EDGE_LOOP('',(#4514,#4520,#4521,#4522));
#4514 = ORIENTED_EDGE('',*,*,#4515,.T.);
#4515 = EDGE_CURVE('',#3483,#3585,#4516,.T.);
#4516 = LINE('',#4517,#4518);
#4517 = CARTESIAN_POINT('',(-1.4,0.7,0.15));
#4518 = VECTOR('',#4519,1.);
#4519 = DIRECTION('',(1.144237745222E-17,1.,0.));
#4520 = ORIENTED_EDGE('',*,*,#3592,.T.);
#4521 = ORIENTED_EDGE('',*,*,#4498,.F.);
#4522 = ORIENTED_EDGE('',*,*,#3490,.F.);
#4523 = PLANE('',#4524);
#4524 = AXIS2_PLACEMENT_3D('',#4525,#4526,#4527);
#4525 = CARTESIAN_POINT('',(-1.4,0.7,0.15));
#4526 = DIRECTION('',(0.,0.,-1.));
#4527 = DIRECTION('',(1.,-1.144237745222E-17,0.));
#4528 = ADVANCED_FACE('',(#4529),#4540,.F.);
#4529 = FACE_BOUND('',#4530,.F.);
#4530 = EDGE_LOOP('',(#4531,#4537,#4538,#4539));
#4531 = ORIENTED_EDGE('',*,*,#4532,.T.);
#4532 = EDGE_CURVE('',#3475,#3577,#4533,.T.);
#4533 = LINE('',#4534,#4535);
#4534 = CARTESIAN_POINT('',(-1.4,0.7,0.));
#4535 = VECTOR('',#4536,1.);
#4536 = DIRECTION('',(1.144237745222E-17,1.,0.));
#4537 = ORIENTED_EDGE('',*,*,#3584,.T.);
#4538 = ORIENTED_EDGE('',*,*,#4515,.F.);
#4539 = ORIENTED_EDGE('',*,*,#3482,.F.);
#4540 = PLANE('',#4541);
#4541 = AXIS2_PLACEMENT_3D('',#4542,#4543,#4544);
#4542 = CARTESIAN_POINT('',(-1.4,0.7,0.));
#4543 = DIRECTION('',(1.,-1.144237745222E-17,0.));
#4544 = DIRECTION('',(0.,0.,1.));
#4545 = ADVANCED_FACE('',(#4546),#4557,.F.);
#4546 = FACE_BOUND('',#4547,.F.);
#4547 = EDGE_LOOP('',(#4548,#4554,#4555,#4556));
#4548 = ORIENTED_EDGE('',*,*,#4549,.T.);
#4549 = EDGE_CURVE('',#3466,#3568,#4550,.T.);
#4550 = LINE('',#4551,#4552);
#4551 = CARTESIAN_POINT('',(-1.270530792283,0.7,0.));
#4552 = VECTOR('',#4553,1.);
#4553 = DIRECTION('',(1.144237745222E-17,1.,0.));
#4554 = ORIENTED_EDGE('',*,*,#3576,.T.);
#4555 = ORIENTED_EDGE('',*,*,#4532,.F.);
#4556 = ORIENTED_EDGE('',*,*,#3474,.F.);
#4557 = PLANE('',#4558);
#4558 = AXIS2_PLACEMENT_3D('',#4559,#4560,#4561);
#4559 = CARTESIAN_POINT('',(-1.270530792283,0.7,0.));
#4560 = DIRECTION('',(0.,0.,1.));
#4561 = DIRECTION('',(-1.,1.144237745222E-17,0.));
#4562 = ADVANCED_FACE('',(#4563),#4574,.T.);
#4563 = FACE_BOUND('',#4564,.T.);
#4564 = EDGE_LOOP('',(#4565,#4566,#4567,#4568));
#4565 = ORIENTED_EDGE('',*,*,#3465,.T.);
#4566 = ORIENTED_EDGE('',*,*,#4549,.T.);
#4567 = ORIENTED_EDGE('',*,*,#3567,.F.);
#4568 = ORIENTED_EDGE('',*,*,#4569,.F.);
#4569 = EDGE_CURVE('',#3458,#3560,#4570,.T.);
#4570 = LINE('',#4571,#4572);
#4571 = CARTESIAN_POINT('',(-1.02432885403,0.7,0.206587955583));
#4572 = VECTOR('',#4573,1.);
#4573 = DIRECTION('',(1.144237745222E-17,1.,0.));
#4574 = CYLINDRICAL_SURFACE('',#4575,0.25);
#4575 = AXIS2_PLACEMENT_3D('',#4576,#4577,#4578);
#4576 = CARTESIAN_POINT('',(-1.270530792283,0.7,0.25));
#4577 = DIRECTION('',(-1.144237745222E-17,-1.,0.));
#4578 = DIRECTION('',(0.984807753012,-1.126854202784E-17,-0.173648177667
    ));
#4579 = ADVANCED_FACE('',(#4580),#4586,.F.);
#4580 = FACE_BOUND('',#4581,.F.);
#4581 = EDGE_LOOP('',(#4582,#4583,#4584,#4585));
#4582 = ORIENTED_EDGE('',*,*,#3541,.T.);
#4583 = ORIENTED_EDGE('',*,*,#3559,.T.);
#4584 = ORIENTED_EDGE('',*,*,#4569,.F.);
#4585 = ORIENTED_EDGE('',*,*,#3457,.F.);
#4586 = PLANE('',#4587);
#4587 = AXIS2_PLACEMENT_3D('',#4588,#4589,#4590);
#4588 = CARTESIAN_POINT('',(-0.948480775301,0.7,0.667364817767));
#4589 = DIRECTION('',(-0.986721169868,1.129043606572E-17,0.162423314012)
  );
#4590 = DIRECTION('',(-0.162423314012,1.858508865964E-18,-0.986721169868
    ));
#4591 = ADVANCED_FACE('',(#4592),#4603,.F.);
#4592 = FACE_BOUND('',#4593,.F.);
#4593 = EDGE_LOOP('',(#4594,#4600,#4601,#4602));
#4594 = ORIENTED_EDGE('',*,*,#4595,.T.);
#4595 = EDGE_CURVE('',#3686,#3788,#4596,.T.);
#4596 = LINE('',#4597,#4598);
#4597 = CARTESIAN_POINT('',(1.172050016982,1.2,0.232635182233));
#4598 = VECTOR('',#4599,1.);
#4599 = DIRECTION('',(1.110223024625E-16,-1.,0.));
#4600 = ORIENTED_EDGE('',*,*,#3796,.T.);
#4601 = ORIENTED_EDGE('',*,*,#4193,.F.);
#4602 = ORIENTED_EDGE('',*,*,#3694,.F.);
#4603 = PLANE('',#4604);
#4604 = AXIS2_PLACEMENT_3D('',#4605,#4606,#4607);
#4605 = CARTESIAN_POINT('',(1.172050016982,1.2,0.232635182233));
#4606 = DIRECTION('',(-0.986721169868,-1.095480561672E-16,
    -0.162423314012));
#4607 = DIRECTION('',(-0.162423314012,-1.803261029519E-17,0.986721169868
    ));
#4608 = ADVANCED_FACE('',(#4609),#4620,.F.);
#4609 = FACE_BOUND('',#4610,.F.);
#4610 = EDGE_LOOP('',(#4611,#4617,#4618,#4619));
#4611 = ORIENTED_EDGE('',*,*,#4612,.T.);
#4612 = EDGE_CURVE('',#3678,#3780,#4613,.T.);
#4613 = LINE('',#4614,#4615);
#4614 = CARTESIAN_POINT('',(1.270530792283,1.2,0.15));
#4615 = VECTOR('',#4616,1.);
#4616 = DIRECTION('',(1.110223024625E-16,-1.,0.));
#4617 = ORIENTED_EDGE('',*,*,#3787,.T.);
#4618 = ORIENTED_EDGE('',*,*,#4595,.F.);
#4619 = ORIENTED_EDGE('',*,*,#3685,.F.);
#4620 = CYLINDRICAL_SURFACE('',#4621,0.1);
#4621 = AXIS2_PLACEMENT_3D('',#4622,#4623,#4624);
#4622 = CARTESIAN_POINT('',(1.270530792283,1.2,0.25));
#4623 = DIRECTION('',(-1.110223024625E-16,1.,0.));
#4624 = DIRECTION('',(2.22044604925E-15,2.465190328815E-31,-1.));
#4625 = ADVANCED_FACE('',(#4626),#4637,.F.);
#4626 = FACE_BOUND('',#4627,.F.);
#4627 = EDGE_LOOP('',(#4628,#4634,#4635,#4636));
#4628 = ORIENTED_EDGE('',*,*,#4629,.T.);
#4629 = EDGE_CURVE('',#3670,#3772,#4630,.T.);
#4630 = LINE('',#4631,#4632);
#4631 = CARTESIAN_POINT('',(1.4,1.2,0.15));
#4632 = VECTOR('',#4633,1.);
#4633 = DIRECTION('',(1.110223024625E-16,-1.,0.));
#4634 = ORIENTED_EDGE('',*,*,#3779,.T.);
#4635 = ORIENTED_EDGE('',*,*,#4612,.F.);
#4636 = ORIENTED_EDGE('',*,*,#3677,.F.);
#4637 = PLANE('',#4638);
#4638 = AXIS2_PLACEMENT_3D('',#4639,#4640,#4641);
#4639 = CARTESIAN_POINT('',(1.4,1.2,0.15));
#4640 = DIRECTION('',(0.,0.,-1.));
#4641 = DIRECTION('',(-1.,-1.110223024625E-16,-0.));
#4642 = ADVANCED_FACE('',(#4643),#4654,.F.);
#4643 = FACE_BOUND('',#4644,.F.);
#4644 = EDGE_LOOP('',(#4645,#4651,#4652,#4653));
#4645 = ORIENTED_EDGE('',*,*,#4646,.T.);
#4646 = EDGE_CURVE('',#3662,#3764,#4647,.T.);
#4647 = LINE('',#4648,#4649);
#4648 = CARTESIAN_POINT('',(1.4,1.2,0.));
#4649 = VECTOR('',#4650,1.);
#4650 = DIRECTION('',(1.110223024625E-16,-1.,0.));
#4651 = ORIENTED_EDGE('',*,*,#3771,.T.);
#4652 = ORIENTED_EDGE('',*,*,#4629,.F.);
#4653 = ORIENTED_EDGE('',*,*,#3669,.F.);
#4654 = PLANE('',#4655);
#4655 = AXIS2_PLACEMENT_3D('',#4656,#4657,#4658);
#4656 = CARTESIAN_POINT('',(1.4,1.2,0.));
#4657 = DIRECTION('',(-1.,-1.110223024625E-16,0.));
#4658 = DIRECTION('',(0.,0.,1.));
#4659 = ADVANCED_FACE('',(#4660),#4671,.F.);
#4660 = FACE_BOUND('',#4661,.F.);
#4661 = EDGE_LOOP('',(#4662,#4668,#4669,#4670));
#4662 = ORIENTED_EDGE('',*,*,#4663,.T.);
#4663 = EDGE_CURVE('',#3653,#3755,#4664,.T.);
#4664 = LINE('',#4665,#4666);
#4665 = CARTESIAN_POINT('',(1.270530792283,1.2,0.));
#4666 = VECTOR('',#4667,1.);
#4667 = DIRECTION('',(1.110223024625E-16,-1.,0.));
#4668 = ORIENTED_EDGE('',*,*,#3763,.T.);
#4669 = ORIENTED_EDGE('',*,*,#4646,.F.);
#4670 = ORIENTED_EDGE('',*,*,#3661,.F.);
#4671 = PLANE('',#4672);
#4672 = AXIS2_PLACEMENT_3D('',#4673,#4674,#4675);
#4673 = CARTESIAN_POINT('',(1.270530792283,1.2,0.));
#4674 = DIRECTION('',(0.,0.,1.));
#4675 = DIRECTION('',(1.,1.110223024625E-16,-0.));
#4676 = ADVANCED_FACE('',(#4677),#4688,.T.);
#4677 = FACE_BOUND('',#4678,.T.);
#4678 = EDGE_LOOP('',(#4679,#4680,#4681,#4682));
#4679 = ORIENTED_EDGE('',*,*,#3652,.T.);
#4680 = ORIENTED_EDGE('',*,*,#4663,.T.);
#4681 = ORIENTED_EDGE('',*,*,#3754,.F.);
#4682 = ORIENTED_EDGE('',*,*,#4683,.F.);
#4683 = EDGE_CURVE('',#3645,#3747,#4684,.T.);
#4684 = LINE('',#4685,#4686);
#4685 = CARTESIAN_POINT('',(1.02432885403,1.2,0.206587955583));
#4686 = VECTOR('',#4687,1.);
#4687 = DIRECTION('',(1.110223024625E-16,-1.,0.));
#4688 = CYLINDRICAL_SURFACE('',#4689,0.25);
#4689 = AXIS2_PLACEMENT_3D('',#4690,#4691,#4692);
#4690 = CARTESIAN_POINT('',(1.270530792283,1.2,0.25));
#4691 = DIRECTION('',(-1.110223024625E-16,1.,0.));
#4692 = DIRECTION('',(-0.984807753012,-1.093356242223E-16,
    -0.173648177667));
#4693 = ADVANCED_FACE('',(#4694),#4700,.F.);
#4694 = FACE_BOUND('',#4695,.F.);
#4695 = EDGE_LOOP('',(#4696,#4697,#4698,#4699));
#4696 = ORIENTED_EDGE('',*,*,#3728,.T.);
#4697 = ORIENTED_EDGE('',*,*,#3746,.T.);
#4698 = ORIENTED_EDGE('',*,*,#4683,.F.);
#4699 = ORIENTED_EDGE('',*,*,#3644,.F.);
#4700 = PLANE('',#4701);
#4701 = AXIS2_PLACEMENT_3D('',#4702,#4703,#4704);
#4702 = CARTESIAN_POINT('',(0.948480775301,1.2,0.667364817767));
#4703 = DIRECTION('',(0.986721169868,1.095480561672E-16,0.162423314012)
  );
#4704 = DIRECTION('',(0.162423314012,1.803261029519E-17,-0.986721169868)
  );
#4705 = ADVANCED_FACE('',(#4706),#4717,.T.);
#4706 = FACE_BOUND('',#4707,.T.);
#4707 = EDGE_LOOP('',(#4708,#4709,#4710,#4711));
#4708 = ORIENTED_EDGE('',*,*,#3906,.T.);
#4709 = ORIENTED_EDGE('',*,*,#4156,.T.);
#4710 = ORIENTED_EDGE('',*,*,#4015,.F.);
#4711 = ORIENTED_EDGE('',*,*,#4712,.F.);
#4712 = EDGE_CURVE('',#3899,#4008,#4713,.T.);
#4713 = LINE('',#4714,#4715);
#4714 = CARTESIAN_POINT('',(1.096201938253,-0.7,0.693412044417));
#4715 = VECTOR('',#4716,1.);
#4716 = DIRECTION('',(1.110223024625E-16,-1.,0.));
#4717 = CYLINDRICAL_SURFACE('',#4718,0.25);
#4718 = AXIS2_PLACEMENT_3D('',#4719,#4720,#4721);
#4719 = CARTESIAN_POINT('',(0.85,-0.7,0.65));
#4720 = DIRECTION('',(-1.110223024625E-16,1.,0.));
#4721 = DIRECTION('',(0.984807753012,1.093356242223E-16,0.173648177667)
  );
#4722 = ADVANCED_FACE('',(#4723),#4734,.F.);
#4723 = FACE_BOUND('',#4724,.F.);
#4724 = EDGE_LOOP('',(#4725,#4731,#4732,#4733));
#4725 = ORIENTED_EDGE('',*,*,#4726,.T.);
#4726 = EDGE_CURVE('',#3890,#3999,#4727,.T.);
#4727 = LINE('',#4728,#4729);
#4728 = CARTESIAN_POINT('',(1.172050016982,-0.7,0.232635182233));
#4729 = VECTOR('',#4730,1.);
#4730 = DIRECTION('',(1.110223024625E-16,-1.,0.));
#4731 = ORIENTED_EDGE('',*,*,#4007,.T.);
#4732 = ORIENTED_EDGE('',*,*,#4712,.F.);
#4733 = ORIENTED_EDGE('',*,*,#3898,.F.);
#4734 = PLANE('',#4735);
#4735 = AXIS2_PLACEMENT_3D('',#4736,#4737,#4738);
#4736 = CARTESIAN_POINT('',(1.172050016982,-0.7,0.232635182233));
#4737 = DIRECTION('',(-0.986721169868,-1.095480561672E-16,
    -0.162423314012));
#4738 = DIRECTION('',(-0.162423314012,-1.803261029519E-17,0.986721169868
    ));
#4739 = ADVANCED_FACE('',(#4740),#4751,.F.);
#4740 = FACE_BOUND('',#4741,.F.);
#4741 = EDGE_LOOP('',(#4742,#4748,#4749,#4750));
#4742 = ORIENTED_EDGE('',*,*,#4743,.T.);
#4743 = EDGE_CURVE('',#3882,#3991,#4744,.T.);
#4744 = LINE('',#4745,#4746);
#4745 = CARTESIAN_POINT('',(1.270530792283,-0.7,0.15));
#4746 = VECTOR('',#4747,1.);
#4747 = DIRECTION('',(1.110223024625E-16,-1.,0.));
#4748 = ORIENTED_EDGE('',*,*,#3998,.T.);
#4749 = ORIENTED_EDGE('',*,*,#4726,.F.);
#4750 = ORIENTED_EDGE('',*,*,#3889,.F.);
#4751 = CYLINDRICAL_SURFACE('',#4752,0.1);
#4752 = AXIS2_PLACEMENT_3D('',#4753,#4754,#4755);
#4753 = CARTESIAN_POINT('',(1.270530792283,-0.7,0.25));
#4754 = DIRECTION('',(-1.110223024625E-16,1.,0.));
#4755 = DIRECTION('',(2.22044604925E-15,2.465190328815E-31,-1.));
#4756 = ADVANCED_FACE('',(#4757),#4768,.F.);
#4757 = FACE_BOUND('',#4758,.F.);
#4758 = EDGE_LOOP('',(#4759,#4765,#4766,#4767));
#4759 = ORIENTED_EDGE('',*,*,#4760,.T.);
#4760 = EDGE_CURVE('',#3874,#3983,#4761,.T.);
#4761 = LINE('',#4762,#4763);
#4762 = CARTESIAN_POINT('',(1.4,-0.7,0.15));
#4763 = VECTOR('',#4764,1.);
#4764 = DIRECTION('',(1.110223024625E-16,-1.,0.));
#4765 = ORIENTED_EDGE('',*,*,#3990,.T.);
#4766 = ORIENTED_EDGE('',*,*,#4743,.F.);
#4767 = ORIENTED_EDGE('',*,*,#3881,.F.);
#4768 = PLANE('',#4769);
#4769 = AXIS2_PLACEMENT_3D('',#4770,#4771,#4772);
#4770 = CARTESIAN_POINT('',(1.4,-0.7,0.15));
#4771 = DIRECTION('',(0.,0.,-1.));
#4772 = DIRECTION('',(-1.,-1.110223024625E-16,-0.));
#4773 = ADVANCED_FACE('',(#4774),#4785,.F.);
#4774 = FACE_BOUND('',#4775,.F.);
#4775 = EDGE_LOOP('',(#4776,#4782,#4783,#4784));
#4776 = ORIENTED_EDGE('',*,*,#4777,.T.);
#4777 = EDGE_CURVE('',#3866,#3975,#4778,.T.);
#4778 = LINE('',#4779,#4780);
#4779 = CARTESIAN_POINT('',(1.4,-0.7,0.));
#4780 = VECTOR('',#4781,1.);
#4781 = DIRECTION('',(1.110223024625E-16,-1.,0.));
#4782 = ORIENTED_EDGE('',*,*,#3982,.T.);
#4783 = ORIENTED_EDGE('',*,*,#4760,.F.);
#4784 = ORIENTED_EDGE('',*,*,#3873,.F.);
#4785 = PLANE('',#4786);
#4786 = AXIS2_PLACEMENT_3D('',#4787,#4788,#4789);
#4787 = CARTESIAN_POINT('',(1.4,-0.7,0.));
#4788 = DIRECTION('',(-1.,-1.110223024625E-16,0.));
#4789 = DIRECTION('',(0.,0.,1.));
#4790 = ADVANCED_FACE('',(#4791),#4802,.F.);
#4791 = FACE_BOUND('',#4792,.F.);
#4792 = EDGE_LOOP('',(#4793,#4799,#4800,#4801));
#4793 = ORIENTED_EDGE('',*,*,#4794,.T.);
#4794 = EDGE_CURVE('',#3857,#3966,#4795,.T.);
#4795 = LINE('',#4796,#4797);
#4796 = CARTESIAN_POINT('',(1.270530792283,-0.7,0.));
#4797 = VECTOR('',#4798,1.);
#4798 = DIRECTION('',(1.110223024625E-16,-1.,0.));
#4799 = ORIENTED_EDGE('',*,*,#3974,.T.);
#4800 = ORIENTED_EDGE('',*,*,#4777,.F.);
#4801 = ORIENTED_EDGE('',*,*,#3865,.F.);
#4802 = PLANE('',#4803);
#4803 = AXIS2_PLACEMENT_3D('',#4804,#4805,#4806);
#4804 = CARTESIAN_POINT('',(1.270530792283,-0.7,0.));
#4805 = DIRECTION('',(0.,0.,1.));
#4806 = DIRECTION('',(1.,1.110223024625E-16,-0.));
#4807 = ADVANCED_FACE('',(#4808),#4819,.T.);
#4808 = FACE_BOUND('',#4809,.T.);
#4809 = EDGE_LOOP('',(#4810,#4811,#4812,#4813));
#4810 = ORIENTED_EDGE('',*,*,#3856,.T.);
#4811 = ORIENTED_EDGE('',*,*,#4794,.T.);
#4812 = ORIENTED_EDGE('',*,*,#3965,.F.);
#4813 = ORIENTED_EDGE('',*,*,#4814,.F.);
#4814 = EDGE_CURVE('',#3849,#3958,#4815,.T.);
#4815 = LINE('',#4816,#4817);
#4816 = CARTESIAN_POINT('',(1.02432885403,-0.7,0.206587955583));
#4817 = VECTOR('',#4818,1.);
#4818 = DIRECTION('',(1.110223024625E-16,-1.,0.));
#4819 = CYLINDRICAL_SURFACE('',#4820,0.25);
#4820 = AXIS2_PLACEMENT_3D('',#4821,#4822,#4823);
#4821 = CARTESIAN_POINT('',(1.270530792283,-0.7,0.25));
#4822 = DIRECTION('',(-1.110223024625E-16,1.,0.));
#4823 = DIRECTION('',(-0.984807753012,-1.093356242223E-16,
    -0.173648177667));
#4824 = ADVANCED_FACE('',(#4825),#4831,.F.);
#4825 = FACE_BOUND('',#4826,.F.);
#4826 = EDGE_LOOP('',(#4827,#4828,#4829,#4830));
#4827 = ORIENTED_EDGE('',*,*,#3939,.T.);
#4828 = ORIENTED_EDGE('',*,*,#3957,.T.);
#4829 = ORIENTED_EDGE('',*,*,#4814,.F.);
#4830 = ORIENTED_EDGE('',*,*,#3848,.F.);
#4831 = PLANE('',#4832);
#4832 = AXIS2_PLACEMENT_3D('',#4833,#4834,#4835);
#4833 = CARTESIAN_POINT('',(0.948480775301,-0.7,0.667364817767));
#4834 = DIRECTION('',(0.986721169868,1.095480561672E-16,0.162423314012)
  );
#4835 = DIRECTION('',(0.162423314012,1.803261029519E-17,-0.986721169868)
  );
#4836 = ADVANCED_FACE('',(#4837),#4840,.F.);
#4837 = FACE_BOUND('',#4838,.T.);
#4838 = EDGE_LOOP('',(#4839));
#4839 = ORIENTED_EDGE('',*,*,#4122,.F.);
#4840 = PLANE('',#4841);
#4841 = AXIS2_PLACEMENT_3D('',#4842,#4843,#4844);
#4842 = CARTESIAN_POINT('',(-0.483648457443,1.133648457443,1.55));
#4843 = DIRECTION('',(0.,0.,-1.));
#4844 = DIRECTION('',(1.110223024625E-16,-1.,0.));
#4845 = ( GEOMETRIC_REPRESENTATION_CONTEXT(3) 
GLOBAL_UNCERTAINTY_ASSIGNED_CONTEXT((#4849)) 
GLOBAL_UNIT_ASSIGNED_CONTEXT((#4846,#4847,#4848)) REPRESENTATION_CONTEXT
('Context #1','3D Context with UNIT and UNCERTAINTY') );
#4846 = ( LENGTH_UNIT() NAMED_UNIT(*) SI_UNIT(.MILLI.,.METRE.) );
#4847 = ( NAMED_UNIT(*) PLANE_ANGLE_UNIT() SI_UNIT($,.RADIAN.) );
#4848 = ( NAMED_UNIT(*) SI_UNIT($,.STERADIAN.) SOLID_ANGLE_UNIT() );
#4849 = UNCERTAINTY_MEASURE_WITH_UNIT(LENGTH_MEASURE(1.E-07),#4846,
  'distance_accuracy_value','confusion accuracy');
#4850 = CONTEXT_DEPENDENT_SHAPE_REPRESENTATION(#4851,#4853);
#4851 = ( REPRESENTATION_RELATIONSHIP('','',#1775,#10) 
REPRESENTATION_RELATIONSHIP_WITH_TRANSFORMATION(#4852) 
SHAPE_REPRESENTATION_RELATIONSHIP() );
#4852 = ITEM_DEFINED_TRANSFORMATION('','',#11,#43);
#4853 = PRODUCT_DEFINITION_SHAPE('Placement','Placement of an item',
  #4854);
#4854 = NEXT_ASSEMBLY_USAGE_OCCURRENCE('8','U1','',#5,#1770,$);
#4855 = PRODUCT_RELATED_PRODUCT_CATEGORY('part',$,(#1772));
#4856 = SHAPE_DEFINITION_REPRESENTATION(#4857,#4863);
#4857 = PRODUCT_DEFINITION_SHAPE('','',#4858);
#4858 = PRODUCT_DEFINITION('design','',#4859,#4862);
#4859 = PRODUCT_DEFINITION_FORMATION('','',#4860);
#4860 = PRODUCT('SOT-23','SOT-23','',(#4861));
#4861 = PRODUCT_CONTEXT('',#2,'mechanical');
#4862 = PRODUCT_DEFINITION_CONTEXT('part definition',#2,'design');
#4863 = ADVANCED_BREP_SHAPE_REPRESENTATION('',(#11,#4864),#6846);
#4864 = MANIFOLD_SOLID_BREP('',#4865);
#4865 = CLOSED_SHELL('',(#4866,#4904,#4967,#4990,#5019,#5042,#5097,#5136
    ,#5159,#5182,#5199,#5222,#5310,#5326,#5356,#5389,#5420,#5453,#5470,
    #5487,#5520,#5550,#5573,#5596,#5613,#5642,#5696,#5719,#5742,#5765,
    #5804,#5826,#5870,#5945,#5969,#6037,#6054,#6129,#6153,#6221,#6296,
    #6320,#6388,#6405,#6422,#6468,#6484,#6500,#6517,#6529,#6546,#6563,
    #6580,#6597,#6614,#6631,#6643,#6660,#6677,#6694,#6711,#6728,#6740,
    #6757,#6774,#6791,#6808,#6825,#6837));
#4866 = ADVANCED_FACE('',(#4867),#4899,.F.);
#4867 = FACE_BOUND('',#4868,.F.);
#4868 = EDGE_LOOP('',(#4869,#4879,#4886,#4894));
#4869 = ORIENTED_EDGE('',*,*,#4870,.T.);
#4870 = EDGE_CURVE('',#4871,#4873,#4875,.T.);
#4871 = VERTEX_POINT('',#4872);
#4872 = CARTESIAN_POINT('',(-0.571621551758,1.433243103516,0.1));
#4873 = VERTEX_POINT('',#4874);
#4874 = CARTESIAN_POINT('',(0.571621551758,1.433243103516,0.1));
#4875 = LINE('',#4876,#4877);
#4876 = CARTESIAN_POINT('',(-0.571621551758,1.433243103516,0.1));
#4877 = VECTOR('',#4878,1.);
#4878 = DIRECTION('',(1.,1.110223024625E-16,0.));
#4879 = ORIENTED_EDGE('',*,*,#4880,.T.);
#4880 = EDGE_CURVE('',#4873,#4881,#4883,.T.);
#4881 = VERTEX_POINT('',#4882);
#4882 = CARTESIAN_POINT('',(0.605,1.5,0.575));
#4883 = B_SPLINE_CURVE_WITH_KNOTS('',1,(#4884,#4885),.UNSPECIFIED.,.F.,
  .F.,(2,2),(0.,1.),.PIECEWISE_BEZIER_KNOTS.);
#4884 = CARTESIAN_POINT('',(0.571621551758,1.433243103516,0.1));
#4885 = CARTESIAN_POINT('',(0.605,1.5,0.575));
#4886 = ORIENTED_EDGE('',*,*,#4887,.F.);
#4887 = EDGE_CURVE('',#4888,#4881,#4890,.T.);
#4888 = VERTEX_POINT('',#4889);
#4889 = CARTESIAN_POINT('',(-0.605,1.5,0.575));
#4890 = LINE('',#4891,#4892);
#4891 = CARTESIAN_POINT('',(-0.605,1.5,0.575));
#4892 = VECTOR('',#4893,1.);
#4893 = DIRECTION('',(1.,1.110223024625E-16,0.));
#4894 = ORIENTED_EDGE('',*,*,#4895,.F.);
#4895 = EDGE_CURVE('',#4871,#4888,#4896,.T.);
#4896 = B_SPLINE_CURVE_WITH_KNOTS('',1,(#4897,#4898),.UNSPECIFIED.,.F.,
  .F.,(2,2),(0.,1.),.PIECEWISE_BEZIER_KNOTS.);
#4897 = CARTESIAN_POINT('',(-0.571621551758,1.433243103516,0.1));
#4898 = CARTESIAN_POINT('',(-0.605,1.5,0.575));
#4899 = B_SPLINE_SURFACE_WITH_KNOTS('',1,1,(
    (#4900,#4901)
    ,(#4902,#4903
    )),.UNSPECIFIED.,.F.,.F.,.F.,(2,2),(2,2),(0.,1.21),(0.,1.),
  .PIECEWISE_BEZIER_KNOTS.);
#4900 = CARTESIAN_POINT('',(-0.571621551758,1.433243103516,0.1));
#4901 = CARTESIAN_POINT('',(-0.605,1.5,0.575));
#4902 = CARTESIAN_POINT('',(0.571621551758,1.433243103516,0.1));
#4903 = CARTESIAN_POINT('',(0.605,1.5,0.575));
#4904 = ADVANCED_FACE('',(#4905),#4962,.T.);
#4905 = FACE_BOUND('',#4906,.T.);
#4906 = EDGE_LOOP('',(#4907,#4908,#4916,#4924,#4932,#4940,#4948,#4956));
#4907 = ORIENTED_EDGE('',*,*,#4870,.T.);
#4908 = ORIENTED_EDGE('',*,*,#4909,.T.);
#4909 = EDGE_CURVE('',#4873,#4910,#4912,.T.);
#4910 = VERTEX_POINT('',#4911);
#4911 = CARTESIAN_POINT('',(0.633243103516,1.371621551758,0.1));
#4912 = LINE('',#4913,#4914);
#4913 = CARTESIAN_POINT('',(0.571621551758,1.433243103516,0.1));
#4914 = VECTOR('',#4915,1.);
#4915 = DIRECTION('',(0.707106781187,-0.707106781187,0.));
#4916 = ORIENTED_EDGE('',*,*,#4917,.T.);
#4917 = EDGE_CURVE('',#4910,#4918,#4920,.T.);
#4918 = VERTEX_POINT('',#4919);
#4919 = CARTESIAN_POINT('',(0.633243103516,-1.371621551758,0.1));
#4920 = LINE('',#4921,#4922);
#4921 = CARTESIAN_POINT('',(0.633243103516,1.371621551758,0.1));
#4922 = VECTOR('',#4923,1.);
#4923 = DIRECTION('',(1.110223024625E-16,-1.,0.));
#4924 = ORIENTED_EDGE('',*,*,#4925,.T.);
#4925 = EDGE_CURVE('',#4918,#4926,#4928,.T.);
#4926 = VERTEX_POINT('',#4927);
#4927 = CARTESIAN_POINT('',(0.571621551758,-1.433243103516,0.1));
#4928 = LINE('',#4929,#4930);
#4929 = CARTESIAN_POINT('',(0.633243103516,-1.371621551758,0.1));
#4930 = VECTOR('',#4931,1.);
#4931 = DIRECTION('',(-0.707106781187,-0.707106781187,0.));
#4932 = ORIENTED_EDGE('',*,*,#4933,.T.);
#4933 = EDGE_CURVE('',#4926,#4934,#4936,.T.);
#4934 = VERTEX_POINT('',#4935);
#4935 = CARTESIAN_POINT('',(-0.571621551758,-1.433243103516,0.1));
#4936 = LINE('',#4937,#4938);
#4937 = CARTESIAN_POINT('',(0.571621551758,-1.433243103516,0.1));
#4938 = VECTOR('',#4939,1.);
#4939 = DIRECTION('',(-1.,-1.110223024625E-16,0.));
#4940 = ORIENTED_EDGE('',*,*,#4941,.T.);
#4941 = EDGE_CURVE('',#4934,#4942,#4944,.T.);
#4942 = VERTEX_POINT('',#4943);
#4943 = CARTESIAN_POINT('',(-0.633243103516,-1.371621551758,0.1));
#4944 = LINE('',#4945,#4946);
#4945 = CARTESIAN_POINT('',(-0.571621551758,-1.433243103516,0.1));
#4946 = VECTOR('',#4947,1.);
#4947 = DIRECTION('',(-0.707106781187,0.707106781187,0.));
#4948 = ORIENTED_EDGE('',*,*,#4949,.T.);
#4949 = EDGE_CURVE('',#4942,#4950,#4952,.T.);
#4950 = VERTEX_POINT('',#4951);
#4951 = CARTESIAN_POINT('',(-0.633243103516,1.371621551758,0.1));
#4952 = LINE('',#4953,#4954);
#4953 = CARTESIAN_POINT('',(-0.633243103516,-1.371621551758,0.1));
#4954 = VECTOR('',#4955,1.);
#4955 = DIRECTION('',(-1.110223024625E-16,1.,0.));
#4956 = ORIENTED_EDGE('',*,*,#4957,.T.);
#4957 = EDGE_CURVE('',#4950,#4871,#4958,.T.);
#4958 = LINE('',#4959,#4960);
#4959 = CARTESIAN_POINT('',(-0.633243103516,1.371621551758,0.1));
#4960 = VECTOR('',#4961,1.);
#4961 = DIRECTION('',(0.707106781187,0.707106781187,0.));
#4962 = PLANE('',#4963);
#4963 = AXIS2_PLACEMENT_3D('',#4964,#4965,#4966);
#4964 = CARTESIAN_POINT('',(-0.571621551758,1.433243103516,0.1));
#4965 = DIRECTION('',(0.,0.,-1.));
#4966 = DIRECTION('',(0.370454302632,-0.928850692879,0.));
#4967 = ADVANCED_FACE('',(#4968),#4985,.F.);
#4968 = FACE_BOUND('',#4969,.F.);
#4969 = EDGE_LOOP('',(#4970,#4971,#4978,#4984));
#4970 = ORIENTED_EDGE('',*,*,#4909,.T.);
#4971 = ORIENTED_EDGE('',*,*,#4972,.T.);
#4972 = EDGE_CURVE('',#4910,#4973,#4975,.T.);
#4973 = VERTEX_POINT('',#4974);
#4974 = CARTESIAN_POINT('',(0.7,1.405,0.575));
#4975 = B_SPLINE_CURVE_WITH_KNOTS('',1,(#4976,#4977),.UNSPECIFIED.,.F.,
  .F.,(2,2),(0.,1.),.PIECEWISE_BEZIER_KNOTS.);
#4976 = CARTESIAN_POINT('',(0.633243103516,1.371621551758,0.1));
#4977 = CARTESIAN_POINT('',(0.7,1.405,0.575));
#4978 = ORIENTED_EDGE('',*,*,#4979,.F.);
#4979 = EDGE_CURVE('',#4881,#4973,#4980,.T.);
#4980 = LINE('',#4981,#4982);
#4981 = CARTESIAN_POINT('',(0.605,1.5,0.575));
#4982 = VECTOR('',#4983,1.);
#4983 = DIRECTION('',(0.707106781187,-0.707106781187,0.));
#4984 = ORIENTED_EDGE('',*,*,#4880,.F.);
#4985 = B_SPLINE_SURFACE_WITH_KNOTS('',1,1,(
    (#4986,#4987)
    ,(#4988,#4989
    )),.UNSPECIFIED.,.F.,.F.,.F.,(2,2),(2,2),(0.,0.134350288425),(0.,1.)
  ,.PIECEWISE_BEZIER_KNOTS.);
#4986 = CARTESIAN_POINT('',(0.571621551758,1.433243103516,0.1));
#4987 = CARTESIAN_POINT('',(0.605,1.5,0.575));
#4988 = CARTESIAN_POINT('',(0.633243103516,1.371621551758,0.1));
#4989 = CARTESIAN_POINT('',(0.7,1.405,0.575));
#4990 = ADVANCED_FACE('',(#4991),#5014,.F.);
#4991 = FACE_BOUND('',#4992,.F.);
#4992 = EDGE_LOOP('',(#4993,#4994,#5001,#5009));
#4993 = ORIENTED_EDGE('',*,*,#4887,.T.);
#4994 = ORIENTED_EDGE('',*,*,#4995,.T.);
#4995 = EDGE_CURVE('',#4881,#4996,#4998,.T.);
#4996 = VERTEX_POINT('',#4997);
#4997 = CARTESIAN_POINT('',(0.605,1.5,0.725));
#4998 = B_SPLINE_CURVE_WITH_KNOTS('',1,(#4999,#5000),.UNSPECIFIED.,.F.,
  .F.,(2,2),(0.,1.),.PIECEWISE_BEZIER_KNOTS.);
#4999 = CARTESIAN_POINT('',(0.605,1.5,0.575));
#5000 = CARTESIAN_POINT('',(0.605,1.5,0.725));
#5001 = ORIENTED_EDGE('',*,*,#5002,.F.);
#5002 = EDGE_CURVE('',#5003,#4996,#5005,.T.);
#5003 = VERTEX_POINT('',#5004);
#5004 = CARTESIAN_POINT('',(-0.605,1.5,0.725));
#5005 = LINE('',#5006,#5007);
#5006 = CARTESIAN_POINT('',(-0.605,1.5,0.725));
#5007 = VECTOR('',#5008,1.);
#5008 = DIRECTION('',(1.,1.110223024625E-16,0.));
#5009 = ORIENTED_EDGE('',*,*,#5010,.F.);
#5010 = EDGE_CURVE('',#4888,#5003,#5011,.T.);
#5011 = B_SPLINE_CURVE_WITH_KNOTS('',1,(#5012,#5013),.UNSPECIFIED.,.F.,
  .F.,(2,2),(0.,1.),.PIECEWISE_BEZIER_KNOTS.);
#5012 = CARTESIAN_POINT('',(-0.605,1.5,0.575));
#5013 = CARTESIAN_POINT('',(-0.605,1.5,0.725));
#5014 = PLANE('',#5015);
#5015 = AXIS2_PLACEMENT_3D('',#5016,#5017,#5018);
#5016 = CARTESIAN_POINT('',(-0.605,1.5,0.725));
#5017 = DIRECTION('',(1.110223024625E-16,-1.,0.));
#5018 = DIRECTION('',(1.,1.110223024625E-16,0.));
#5019 = ADVANCED_FACE('',(#5020),#5037,.F.);
#5020 = FACE_BOUND('',#5021,.F.);
#5021 = EDGE_LOOP('',(#5022,#5023,#5024,#5032));
#5022 = ORIENTED_EDGE('',*,*,#4957,.T.);
#5023 = ORIENTED_EDGE('',*,*,#4895,.T.);
#5024 = ORIENTED_EDGE('',*,*,#5025,.F.);
#5025 = EDGE_CURVE('',#5026,#4888,#5028,.T.);
#5026 = VERTEX_POINT('',#5027);
#5027 = CARTESIAN_POINT('',(-0.7,1.405,0.575));
#5028 = LINE('',#5029,#5030);
#5029 = CARTESIAN_POINT('',(-0.7,1.405,0.575));
#5030 = VECTOR('',#5031,1.);
#5031 = DIRECTION('',(0.707106781187,0.707106781187,0.));
#5032 = ORIENTED_EDGE('',*,*,#5033,.F.);
#5033 = EDGE_CURVE('',#4950,#5026,#5034,.T.);
#5034 = B_SPLINE_CURVE_WITH_KNOTS('',1,(#5035,#5036),.UNSPECIFIED.,.F.,
  .F.,(2,2),(0.,1.),.PIECEWISE_BEZIER_KNOTS.);
#5035 = CARTESIAN_POINT('',(-0.633243103516,1.371621551758,0.1));
#5036 = CARTESIAN_POINT('',(-0.7,1.405,0.575));
#5037 = B_SPLINE_SURFACE_WITH_KNOTS('',1,1,(
    (#5038,#5039)
    ,(#5040,#5041
    )),.UNSPECIFIED.,.F.,.F.,.F.,(2,2),(2,2),(0.,0.134350288425),(0.,1.)
  ,.PIECEWISE_BEZIER_KNOTS.);
#5038 = CARTESIAN_POINT('',(-0.633243103516,1.371621551758,0.1));
#5039 = CARTESIAN_POINT('',(-0.7,1.405,0.575));
#5040 = CARTESIAN_POINT('',(-0.571621551758,1.433243103516,0.1));
#5041 = CARTESIAN_POINT('',(-0.605,1.5,0.575));
#5042 = ADVANCED_FACE('',(#5043),#5092,.F.);
#5043 = FACE_BOUND('',#5044,.F.);
#5044 = EDGE_LOOP('',(#5045,#5046,#5047,#5055,#5063,#5071,#5079,#5087));
#5045 = ORIENTED_EDGE('',*,*,#4949,.T.);
#5046 = ORIENTED_EDGE('',*,*,#5033,.T.);
#5047 = ORIENTED_EDGE('',*,*,#5048,.F.);
#5048 = EDGE_CURVE('',#5049,#5026,#5051,.T.);
#5049 = VERTEX_POINT('',#5050);
#5050 = CARTESIAN_POINT('',(-0.7,1.15,0.575));
#5051 = LINE('',#5052,#5053);
#5052 = CARTESIAN_POINT('',(-0.7,-1.405,0.575));
#5053 = VECTOR('',#5054,1.);
#5054 = DIRECTION('',(-1.110223024625E-16,1.,0.));
#5055 = ORIENTED_EDGE('',*,*,#5056,.F.);
#5056 = EDGE_CURVE('',#5057,#5049,#5059,.T.);
#5057 = VERTEX_POINT('',#5058);
#5058 = CARTESIAN_POINT('',(-0.7,0.75,0.575));
#5059 = LINE('',#5060,#5061);
#5060 = CARTESIAN_POINT('',(-0.7,0.75,0.575));
#5061 = VECTOR('',#5062,1.);
#5062 = DIRECTION('',(1.144237745222E-17,1.,0.));
#5063 = ORIENTED_EDGE('',*,*,#5064,.F.);
#5064 = EDGE_CURVE('',#5065,#5057,#5067,.T.);
#5065 = VERTEX_POINT('',#5066);
#5066 = CARTESIAN_POINT('',(-0.7,-0.75,0.575));
#5067 = LINE('',#5068,#5069);
#5068 = CARTESIAN_POINT('',(-0.7,-1.405,0.575));
#5069 = VECTOR('',#5070,1.);
#5070 = DIRECTION('',(-1.110223024625E-16,1.,0.));
#5071 = ORIENTED_EDGE('',*,*,#5072,.F.);
#5072 = EDGE_CURVE('',#5073,#5065,#5075,.T.);
#5073 = VERTEX_POINT('',#5074);
#5074 = CARTESIAN_POINT('',(-0.7,-1.15,0.575));
#5075 = LINE('',#5076,#5077);
#5076 = CARTESIAN_POINT('',(-0.7,-1.15,0.575));
#5077 = VECTOR('',#5078,1.);
#5078 = DIRECTION('',(1.144237745222E-17,1.,0.));
#5079 = ORIENTED_EDGE('',*,*,#5080,.F.);
#5080 = EDGE_CURVE('',#5081,#5073,#5083,.T.);
#5081 = VERTEX_POINT('',#5082);
#5082 = CARTESIAN_POINT('',(-0.7,-1.405,0.575));
#5083 = LINE('',#5084,#5085);
#5084 = CARTESIAN_POINT('',(-0.7,-1.405,0.575));
#5085 = VECTOR('',#5086,1.);
#5086 = DIRECTION('',(-1.110223024625E-16,1.,0.));
#5087 = ORIENTED_EDGE('',*,*,#5088,.F.);
#5088 = EDGE_CURVE('',#4942,#5081,#5089,.T.);
#5089 = B_SPLINE_CURVE_WITH_KNOTS('',1,(#5090,#5091),.UNSPECIFIED.,.F.,
  .F.,(2,2),(0.,1.),.PIECEWISE_BEZIER_KNOTS.);
#5090 = CARTESIAN_POINT('',(-0.633243103516,-1.371621551758,0.1));
#5091 = CARTESIAN_POINT('',(-0.7,-1.405,0.575));
#5092 = B_SPLINE_SURFACE_WITH_KNOTS('',1,1,(
    (#5093,#5094)
    ,(#5095,#5096
    )),.UNSPECIFIED.,.F.,.F.,.F.,(2,2),(2,2),(0.,2.81),(0.,1.),
  .PIECEWISE_BEZIER_KNOTS.);
#5093 = CARTESIAN_POINT('',(-0.633243103516,-1.371621551758,0.1));
#5094 = CARTESIAN_POINT('',(-0.7,-1.405,0.575));
#5095 = CARTESIAN_POINT('',(-0.633243103516,1.371621551758,0.1));
#5096 = CARTESIAN_POINT('',(-0.7,1.405,0.575));
#5097 = ADVANCED_FACE('',(#5098),#5131,.F.);
#5098 = FACE_BOUND('',#5099,.F.);
#5099 = EDGE_LOOP('',(#5100,#5101,#5108,#5116,#5124,#5130));
#5100 = ORIENTED_EDGE('',*,*,#4917,.T.);
#5101 = ORIENTED_EDGE('',*,*,#5102,.T.);
#5102 = EDGE_CURVE('',#4918,#5103,#5105,.T.);
#5103 = VERTEX_POINT('',#5104);
#5104 = CARTESIAN_POINT('',(0.7,-1.405,0.575));
#5105 = B_SPLINE_CURVE_WITH_KNOTS('',1,(#5106,#5107),.UNSPECIFIED.,.F.,
  .F.,(2,2),(0.,1.),.PIECEWISE_BEZIER_KNOTS.);
#5106 = CARTESIAN_POINT('',(0.633243103516,-1.371621551758,0.1));
#5107 = CARTESIAN_POINT('',(0.7,-1.405,0.575));
#5108 = ORIENTED_EDGE('',*,*,#5109,.F.);
#5109 = EDGE_CURVE('',#5110,#5103,#5112,.T.);
#5110 = VERTEX_POINT('',#5111);
#5111 = CARTESIAN_POINT('',(0.7,-0.2,0.575));
#5112 = LINE('',#5113,#5114);
#5113 = CARTESIAN_POINT('',(0.7,1.405,0.575));
#5114 = VECTOR('',#5115,1.);
#5115 = DIRECTION('',(1.110223024625E-16,-1.,0.));
#5116 = ORIENTED_EDGE('',*,*,#5117,.F.);
#5117 = EDGE_CURVE('',#5118,#5110,#5120,.T.);
#5118 = VERTEX_POINT('',#5119);
#5119 = CARTESIAN_POINT('',(0.7,0.2,0.575));
#5120 = LINE('',#5121,#5122);
#5121 = CARTESIAN_POINT('',(0.7,0.2,0.575));
#5122 = VECTOR('',#5123,1.);
#5123 = DIRECTION('',(1.110223024625E-16,-1.,0.));
#5124 = ORIENTED_EDGE('',*,*,#5125,.F.);
#5125 = EDGE_CURVE('',#4973,#5118,#5126,.T.);
#5126 = LINE('',#5127,#5128);
#5127 = CARTESIAN_POINT('',(0.7,1.405,0.575));
#5128 = VECTOR('',#5129,1.);
#5129 = DIRECTION('',(1.110223024625E-16,-1.,0.));
#5130 = ORIENTED_EDGE('',*,*,#4972,.F.);
#5131 = B_SPLINE_SURFACE_WITH_KNOTS('',1,1,(
    (#5132,#5133)
    ,(#5134,#5135
    )),.UNSPECIFIED.,.F.,.F.,.F.,(2,2),(2,2),(0.,2.81),(0.,1.),
  .PIECEWISE_BEZIER_KNOTS.);
#5132 = CARTESIAN_POINT('',(0.633243103516,1.371621551758,0.1));
#5133 = CARTESIAN_POINT('',(0.7,1.405,0.575));
#5134 = CARTESIAN_POINT('',(0.633243103516,-1.371621551758,0.1));
#5135 = CARTESIAN_POINT('',(0.7,-1.405,0.575));
#5136 = ADVANCED_FACE('',(#5137),#5154,.F.);
#5137 = FACE_BOUND('',#5138,.F.);
#5138 = EDGE_LOOP('',(#5139,#5140,#5141,#5149));
#5139 = ORIENTED_EDGE('',*,*,#4941,.T.);
#5140 = ORIENTED_EDGE('',*,*,#5088,.T.);
#5141 = ORIENTED_EDGE('',*,*,#5142,.F.);
#5142 = EDGE_CURVE('',#5143,#5081,#5145,.T.);
#5143 = VERTEX_POINT('',#5144);
#5144 = CARTESIAN_POINT('',(-0.605,-1.5,0.575));
#5145 = LINE('',#5146,#5147);
#5146 = CARTESIAN_POINT('',(-0.605,-1.5,0.575));
#5147 = VECTOR('',#5148,1.);
#5148 = DIRECTION('',(-0.707106781187,0.707106781187,0.));
#5149 = ORIENTED_EDGE('',*,*,#5150,.F.);
#5150 = EDGE_CURVE('',#4934,#5143,#5151,.T.);
#5151 = B_SPLINE_CURVE_WITH_KNOTS('',1,(#5152,#5153),.UNSPECIFIED.,.F.,
  .F.,(2,2),(0.,1.),.PIECEWISE_BEZIER_KNOTS.);
#5152 = CARTESIAN_POINT('',(-0.571621551758,-1.433243103516,0.1));
#5153 = CARTESIAN_POINT('',(-0.605,-1.5,0.575));
#5154 = B_SPLINE_SURFACE_WITH_KNOTS('',1,1,(
    (#5155,#5156)
    ,(#5157,#5158
    )),.UNSPECIFIED.,.F.,.F.,.F.,(2,2),(2,2),(0.,0.134350288425),(0.,1.)
  ,.PIECEWISE_BEZIER_KNOTS.);
#5155 = CARTESIAN_POINT('',(-0.571621551758,-1.433243103516,0.1));
#5156 = CARTESIAN_POINT('',(-0.605,-1.5,0.575));
#5157 = CARTESIAN_POINT('',(-0.633243103516,-1.371621551758,0.1));
#5158 = CARTESIAN_POINT('',(-0.7,-1.405,0.575));
#5159 = ADVANCED_FACE('',(#5160),#5177,.F.);
#5160 = FACE_BOUND('',#5161,.F.);
#5161 = EDGE_LOOP('',(#5162,#5163,#5170,#5176));
#5162 = ORIENTED_EDGE('',*,*,#4925,.T.);
#5163 = ORIENTED_EDGE('',*,*,#5164,.T.);
#5164 = EDGE_CURVE('',#4926,#5165,#5167,.T.);
#5165 = VERTEX_POINT('',#5166);
#5166 = CARTESIAN_POINT('',(0.605,-1.5,0.575));
#5167 = B_SPLINE_CURVE_WITH_KNOTS('',1,(#5168,#5169),.UNSPECIFIED.,.F.,
  .F.,(2,2),(0.,1.),.PIECEWISE_BEZIER_KNOTS.);
#5168 = CARTESIAN_POINT('',(0.571621551758,-1.433243103516,0.1));
#5169 = CARTESIAN_POINT('',(0.605,-1.5,0.575));
#5170 = ORIENTED_EDGE('',*,*,#5171,.F.);
#5171 = EDGE_CURVE('',#5103,#5165,#5172,.T.);
#5172 = LINE('',#5173,#5174);
#5173 = CARTESIAN_POINT('',(0.7,-1.405,0.575));
#5174 = VECTOR('',#5175,1.);
#5175 = DIRECTION('',(-0.707106781187,-0.707106781187,0.));
#5176 = ORIENTED_EDGE('',*,*,#5102,.F.);
#5177 = B_SPLINE_SURFACE_WITH_KNOTS('',1,1,(
    (#5178,#5179)
    ,(#5180,#5181
    )),.UNSPECIFIED.,.F.,.F.,.F.,(2,2),(2,2),(0.,0.134350288425),(0.,1.)
  ,.PIECEWISE_BEZIER_KNOTS.);
#5178 = CARTESIAN_POINT('',(0.633243103516,-1.371621551758,0.1));
#5179 = CARTESIAN_POINT('',(0.7,-1.405,0.575));
#5180 = CARTESIAN_POINT('',(0.571621551758,-1.433243103516,0.1));
#5181 = CARTESIAN_POINT('',(0.605,-1.5,0.575));
#5182 = ADVANCED_FACE('',(#5183),#5194,.F.);
#5183 = FACE_BOUND('',#5184,.F.);
#5184 = EDGE_LOOP('',(#5185,#5186,#5187,#5193));
#5185 = ORIENTED_EDGE('',*,*,#4933,.T.);
#5186 = ORIENTED_EDGE('',*,*,#5150,.T.);
#5187 = ORIENTED_EDGE('',*,*,#5188,.F.);
#5188 = EDGE_CURVE('',#5165,#5143,#5189,.T.);
#5189 = LINE('',#5190,#5191);
#5190 = CARTESIAN_POINT('',(0.605,-1.5,0.575));
#5191 = VECTOR('',#5192,1.);
#5192 = DIRECTION('',(-1.,-1.110223024625E-16,0.));
#5193 = ORIENTED_EDGE('',*,*,#5164,.F.);
#5194 = B_SPLINE_SURFACE_WITH_KNOTS('',1,1,(
    (#5195,#5196)
    ,(#5197,#5198
    )),.UNSPECIFIED.,.F.,.F.,.F.,(2,2),(2,2),(0.,1.21),(0.,1.),
  .PIECEWISE_BEZIER_KNOTS.);
#5195 = CARTESIAN_POINT('',(0.571621551758,-1.433243103516,0.1));
#5196 = CARTESIAN_POINT('',(0.605,-1.5,0.575));
#5197 = CARTESIAN_POINT('',(-0.571621551758,-1.433243103516,0.1));
#5198 = CARTESIAN_POINT('',(-0.605,-1.5,0.575));
#5199 = ADVANCED_FACE('',(#5200),#5217,.F.);
#5200 = FACE_BOUND('',#5201,.F.);
#5201 = EDGE_LOOP('',(#5202,#5203,#5210,#5216));
#5202 = ORIENTED_EDGE('',*,*,#4979,.T.);
#5203 = ORIENTED_EDGE('',*,*,#5204,.T.);
#5204 = EDGE_CURVE('',#4973,#5205,#5207,.T.);
#5205 = VERTEX_POINT('',#5206);
#5206 = CARTESIAN_POINT('',(0.7,1.405,0.725));
#5207 = B_SPLINE_CURVE_WITH_KNOTS('',1,(#5208,#5209),.UNSPECIFIED.,.F.,
  .F.,(2,2),(0.,1.),.PIECEWISE_BEZIER_KNOTS.);
#5208 = CARTESIAN_POINT('',(0.7,1.405,0.575));
#5209 = CARTESIAN_POINT('',(0.7,1.405,0.725));
#5210 = ORIENTED_EDGE('',*,*,#5211,.F.);
#5211 = EDGE_CURVE('',#4996,#5205,#5212,.T.);
#5212 = LINE('',#5213,#5214);
#5213 = CARTESIAN_POINT('',(0.605,1.5,0.725));
#5214 = VECTOR('',#5215,1.);
#5215 = DIRECTION('',(0.707106781187,-0.707106781187,0.));
#5216 = ORIENTED_EDGE('',*,*,#4995,.F.);
#5217 = PLANE('',#5218);
#5218 = AXIS2_PLACEMENT_3D('',#5219,#5220,#5221);
#5219 = CARTESIAN_POINT('',(0.605,1.5,0.725));
#5220 = DIRECTION('',(-0.707106781187,-0.707106781187,0.));
#5221 = DIRECTION('',(0.707106781187,-0.707106781187,0.));
#5222 = ADVANCED_FACE('',(#5223),#5305,.F.);
#5223 = FACE_BOUND('',#5224,.F.);
#5224 = EDGE_LOOP('',(#5225,#5233,#5234,#5235,#5243,#5251,#5259,#5267,
    #5275,#5283,#5291,#5299));
#5225 = ORIENTED_EDGE('',*,*,#5226,.T.);
#5226 = EDGE_CURVE('',#5227,#5003,#5229,.T.);
#5227 = VERTEX_POINT('',#5228);
#5228 = CARTESIAN_POINT('',(-0.7,1.405,0.725));
#5229 = LINE('',#5230,#5231);
#5230 = CARTESIAN_POINT('',(-0.7,1.405,0.725));
#5231 = VECTOR('',#5232,1.);
#5232 = DIRECTION('',(0.707106781187,0.707106781187,0.));
#5233 = ORIENTED_EDGE('',*,*,#5002,.T.);
#5234 = ORIENTED_EDGE('',*,*,#5211,.T.);
#5235 = ORIENTED_EDGE('',*,*,#5236,.T.);
#5236 = EDGE_CURVE('',#5205,#5237,#5239,.T.);
#5237 = VERTEX_POINT('',#5238);
#5238 = CARTESIAN_POINT('',(0.7,0.2,0.725));
#5239 = LINE('',#5240,#5241);
#5240 = CARTESIAN_POINT('',(0.7,1.405,0.725));
#5241 = VECTOR('',#5242,1.);
#5242 = DIRECTION('',(1.110223024625E-16,-1.,0.));
#5243 = ORIENTED_EDGE('',*,*,#5244,.T.);
#5244 = EDGE_CURVE('',#5237,#5245,#5247,.T.);
#5245 = VERTEX_POINT('',#5246);
#5246 = CARTESIAN_POINT('',(0.675,0.2,0.725));
#5247 = LINE('',#5248,#5249);
#5248 = CARTESIAN_POINT('',(0.7,0.2,0.725));
#5249 = VECTOR('',#5250,1.);
#5250 = DIRECTION('',(-1.,-1.110223024625E-16,0.));
#5251 = ORIENTED_EDGE('',*,*,#5252,.F.);
#5252 = EDGE_CURVE('',#5253,#5245,#5255,.T.);
#5253 = VERTEX_POINT('',#5254);
#5254 = CARTESIAN_POINT('',(0.675,1.3925,0.725));
#5255 = LINE('',#5256,#5257);
#5256 = CARTESIAN_POINT('',(0.675,1.3925,0.725));
#5257 = VECTOR('',#5258,1.);
#5258 = DIRECTION('',(1.110223024625E-16,-1.,0.));
#5259 = ORIENTED_EDGE('',*,*,#5260,.F.);
#5260 = EDGE_CURVE('',#5261,#5253,#5263,.T.);
#5261 = VERTEX_POINT('',#5262);
#5262 = CARTESIAN_POINT('',(0.5925,1.475,0.725));
#5263 = LINE('',#5264,#5265);
#5264 = CARTESIAN_POINT('',(0.5925,1.475,0.725));
#5265 = VECTOR('',#5266,1.);
#5266 = DIRECTION('',(0.707106781187,-0.707106781187,0.));
#5267 = ORIENTED_EDGE('',*,*,#5268,.F.);
#5268 = EDGE_CURVE('',#5269,#5261,#5271,.T.);
#5269 = VERTEX_POINT('',#5270);
#5270 = CARTESIAN_POINT('',(-0.5925,1.475,0.725));
#5271 = LINE('',#5272,#5273);
#5272 = CARTESIAN_POINT('',(-0.5925,1.475,0.725));
#5273 = VECTOR('',#5274,1.);
#5274 = DIRECTION('',(1.,1.110223024625E-16,0.));
#5275 = ORIENTED_EDGE('',*,*,#5276,.F.);
#5276 = EDGE_CURVE('',#5277,#5269,#5279,.T.);
#5277 = VERTEX_POINT('',#5278);
#5278 = CARTESIAN_POINT('',(-0.675,1.3925,0.725));
#5279 = LINE('',#5280,#5281);
#5280 = CARTESIAN_POINT('',(-0.675,1.3925,0.725));
#5281 = VECTOR('',#5282,1.);
#5282 = DIRECTION('',(0.707106781187,0.707106781187,0.));
#5283 = ORIENTED_EDGE('',*,*,#5284,.F.);
#5284 = EDGE_CURVE('',#5285,#5277,#5287,.T.);
#5285 = VERTEX_POINT('',#5286);
#5286 = CARTESIAN_POINT('',(-0.675,1.15,0.725));
#5287 = LINE('',#5288,#5289);
#5288 = CARTESIAN_POINT('',(-0.675,-1.3925,0.725));
#5289 = VECTOR('',#5290,1.);
#5290 = DIRECTION('',(-1.110223024625E-16,1.,0.));
#5291 = ORIENTED_EDGE('',*,*,#5292,.F.);
#5292 = EDGE_CURVE('',#5293,#5285,#5295,.T.);
#5293 = VERTEX_POINT('',#5294);
#5294 = CARTESIAN_POINT('',(-0.7,1.15,0.725));
#5295 = LINE('',#5296,#5297);
#5296 = CARTESIAN_POINT('',(-0.7,1.15,0.725));
#5297 = VECTOR('',#5298,1.);
#5298 = DIRECTION('',(1.,-1.144237745222E-17,0.));
#5299 = ORIENTED_EDGE('',*,*,#5300,.T.);
#5300 = EDGE_CURVE('',#5293,#5227,#5301,.T.);
#5301 = LINE('',#5302,#5303);
#5302 = CARTESIAN_POINT('',(-0.7,-1.405,0.725));
#5303 = VECTOR('',#5304,1.);
#5304 = DIRECTION('',(-1.110223024625E-16,1.,0.));
#5305 = PLANE('',#5306);
#5306 = AXIS2_PLACEMENT_3D('',#5307,#5308,#5309);
#5307 = CARTESIAN_POINT('',(-1.486299604971E-16,1.4875,0.725));
#5308 = DIRECTION('',(1.022886882533E-31,-6.310887241768E-27,-1.));
#5309 = DIRECTION('',(1.,1.217738924546E-16,1.022886882525E-31));
#5310 = ADVANCED_FACE('',(#5311),#5321,.F.);
#5311 = FACE_BOUND('',#5312,.F.);
#5312 = EDGE_LOOP('',(#5313,#5314,#5315,#5316));
#5313 = ORIENTED_EDGE('',*,*,#5025,.T.);
#5314 = ORIENTED_EDGE('',*,*,#5010,.T.);
#5315 = ORIENTED_EDGE('',*,*,#5226,.F.);
#5316 = ORIENTED_EDGE('',*,*,#5317,.F.);
#5317 = EDGE_CURVE('',#5026,#5227,#5318,.T.);
#5318 = B_SPLINE_CURVE_WITH_KNOTS('',1,(#5319,#5320),.UNSPECIFIED.,.F.,
  .F.,(2,2),(0.,1.),.PIECEWISE_BEZIER_KNOTS.);
#5319 = CARTESIAN_POINT('',(-0.7,1.405,0.575));
#5320 = CARTESIAN_POINT('',(-0.7,1.405,0.725));
#5321 = PLANE('',#5322);
#5322 = AXIS2_PLACEMENT_3D('',#5323,#5324,#5325);
#5323 = CARTESIAN_POINT('',(-0.7,1.405,0.725));
#5324 = DIRECTION('',(0.707106781187,-0.707106781187,0.));
#5325 = DIRECTION('',(0.707106781187,0.707106781187,0.));
#5326 = ADVANCED_FACE('',(#5327),#5351,.F.);
#5327 = FACE_BOUND('',#5328,.F.);
#5328 = EDGE_LOOP('',(#5329,#5336,#5337,#5345));
#5329 = ORIENTED_EDGE('',*,*,#5330,.F.);
#5330 = EDGE_CURVE('',#5081,#5331,#5333,.T.);
#5331 = VERTEX_POINT('',#5332);
#5332 = CARTESIAN_POINT('',(-0.7,-1.405,0.725));
#5333 = B_SPLINE_CURVE_WITH_KNOTS('',1,(#5334,#5335),.UNSPECIFIED.,.F.,
  .F.,(2,2),(0.,1.),.PIECEWISE_BEZIER_KNOTS.);
#5334 = CARTESIAN_POINT('',(-0.7,-1.405,0.575));
#5335 = CARTESIAN_POINT('',(-0.7,-1.405,0.725));
#5336 = ORIENTED_EDGE('',*,*,#5080,.T.);
#5337 = ORIENTED_EDGE('',*,*,#5338,.T.);
#5338 = EDGE_CURVE('',#5073,#5339,#5341,.T.);
#5339 = VERTEX_POINT('',#5340);
#5340 = CARTESIAN_POINT('',(-0.7,-1.15,0.725));
#5341 = LINE('',#5342,#5343);
#5342 = CARTESIAN_POINT('',(-0.7,-1.15,0.529763586955));
#5343 = VECTOR('',#5344,1.);
#5344 = DIRECTION('',(0.,0.,1.));
#5345 = ORIENTED_EDGE('',*,*,#5346,.F.);
#5346 = EDGE_CURVE('',#5331,#5339,#5347,.T.);
#5347 = LINE('',#5348,#5349);
#5348 = CARTESIAN_POINT('',(-0.7,-1.405,0.725));
#5349 = VECTOR('',#5350,1.);
#5350 = DIRECTION('',(-1.110223024625E-16,1.,0.));
#5351 = PLANE('',#5352);
#5352 = AXIS2_PLACEMENT_3D('',#5353,#5354,#5355);
#5353 = CARTESIAN_POINT('',(-0.7,-1.405,0.725));
#5354 = DIRECTION('',(1.,1.110223024625E-16,0.));
#5355 = DIRECTION('',(-1.110223024625E-16,1.,0.));
#5356 = ADVANCED_FACE('',(#5357),#5384,.F.);
#5357 = FACE_BOUND('',#5358,.F.);
#5358 = EDGE_LOOP('',(#5359,#5360,#5369,#5377));
#5359 = ORIENTED_EDGE('',*,*,#5072,.T.);
#5360 = ORIENTED_EDGE('',*,*,#5361,.T.);
#5361 = EDGE_CURVE('',#5065,#5362,#5364,.T.);
#5362 = VERTEX_POINT('',#5363);
#5363 = CARTESIAN_POINT('',(-0.798480775301,-0.75,0.492364817767));
#5364 = CIRCLE('',#5365,0.1);
#5365 = AXIS2_PLACEMENT_3D('',#5366,#5367,#5368);
#5366 = CARTESIAN_POINT('',(-0.7,-0.75,0.475));
#5367 = DIRECTION('',(-1.144237745222E-17,-1.,-5.473822126269E-48));
#5368 = DIRECTION('',(2.22044604925E-15,-2.540718180781E-32,1.));
#5369 = ORIENTED_EDGE('',*,*,#5370,.F.);
#5370 = EDGE_CURVE('',#5371,#5362,#5373,.T.);
#5371 = VERTEX_POINT('',#5372);
#5372 = CARTESIAN_POINT('',(-0.798480775301,-1.15,0.492364817767));
#5373 = LINE('',#5374,#5375);
#5374 = CARTESIAN_POINT('',(-0.798480775301,-1.15,0.492364817767));
#5375 = VECTOR('',#5376,1.);
#5376 = DIRECTION('',(1.144237745222E-17,1.,0.));
#5377 = ORIENTED_EDGE('',*,*,#5378,.F.);
#5378 = EDGE_CURVE('',#5073,#5371,#5379,.T.);
#5379 = CIRCLE('',#5380,0.1);
#5380 = AXIS2_PLACEMENT_3D('',#5381,#5382,#5383);
#5381 = CARTESIAN_POINT('',(-0.7,-1.15,0.475));
#5382 = DIRECTION('',(-1.144237745222E-17,-1.,-5.473822126269E-48));
#5383 = DIRECTION('',(2.22044604925E-15,-2.540718180781E-32,1.));
#5384 = CYLINDRICAL_SURFACE('',#5385,0.1);
#5385 = AXIS2_PLACEMENT_3D('',#5386,#5387,#5388);
#5386 = CARTESIAN_POINT('',(-0.7,-1.15,0.475));
#5387 = DIRECTION('',(-1.144237745222E-17,-1.,0.));
#5388 = DIRECTION('',(2.22044604925E-15,-2.540718180781E-32,1.));
#5389 = ADVANCED_FACE('',(#5390),#5415,.F.);
#5390 = FACE_BOUND('',#5391,.F.);
#5391 = EDGE_LOOP('',(#5392,#5400,#5401,#5409));
#5392 = ORIENTED_EDGE('',*,*,#5393,.F.);
#5393 = EDGE_CURVE('',#5065,#5394,#5396,.T.);
#5394 = VERTEX_POINT('',#5395);
#5395 = CARTESIAN_POINT('',(-0.7,-0.75,0.725));
#5396 = LINE('',#5397,#5398);
#5397 = CARTESIAN_POINT('',(-0.7,-0.75,0.529763586955));
#5398 = VECTOR('',#5399,1.);
#5399 = DIRECTION('',(0.,0.,1.));
#5400 = ORIENTED_EDGE('',*,*,#5064,.T.);
#5401 = ORIENTED_EDGE('',*,*,#5402,.T.);
#5402 = EDGE_CURVE('',#5057,#5403,#5405,.T.);
#5403 = VERTEX_POINT('',#5404);
#5404 = CARTESIAN_POINT('',(-0.7,0.75,0.725));
#5405 = LINE('',#5406,#5407);
#5406 = CARTESIAN_POINT('',(-0.7,0.75,0.529763586955));
#5407 = VECTOR('',#5408,1.);
#5408 = DIRECTION('',(0.,0.,1.));
#5409 = ORIENTED_EDGE('',*,*,#5410,.F.);
#5410 = EDGE_CURVE('',#5394,#5403,#5411,.T.);
#5411 = LINE('',#5412,#5413);
#5412 = CARTESIAN_POINT('',(-0.7,-1.405,0.725));
#5413 = VECTOR('',#5414,1.);
#5414 = DIRECTION('',(-1.110223024625E-16,1.,0.));
#5415 = PLANE('',#5416);
#5416 = AXIS2_PLACEMENT_3D('',#5417,#5418,#5419);
#5417 = CARTESIAN_POINT('',(-0.7,-1.405,0.725));
#5418 = DIRECTION('',(1.,1.110223024625E-16,0.));
#5419 = DIRECTION('',(-1.110223024625E-16,1.,0.));
#5420 = ADVANCED_FACE('',(#5421),#5448,.F.);
#5421 = FACE_BOUND('',#5422,.F.);
#5422 = EDGE_LOOP('',(#5423,#5424,#5433,#5441));
#5423 = ORIENTED_EDGE('',*,*,#5056,.T.);
#5424 = ORIENTED_EDGE('',*,*,#5425,.T.);
#5425 = EDGE_CURVE('',#5049,#5426,#5428,.T.);
#5426 = VERTEX_POINT('',#5427);
#5427 = CARTESIAN_POINT('',(-0.798480775301,1.15,0.492364817767));
#5428 = CIRCLE('',#5429,0.1);
#5429 = AXIS2_PLACEMENT_3D('',#5430,#5431,#5432);
#5430 = CARTESIAN_POINT('',(-0.7,1.15,0.475));
#5431 = DIRECTION('',(-1.144237745222E-17,-1.,-5.473822126269E-48));
#5432 = DIRECTION('',(2.22044604925E-15,-2.540718180781E-32,1.));
#5433 = ORIENTED_EDGE('',*,*,#5434,.F.);
#5434 = EDGE_CURVE('',#5435,#5426,#5437,.T.);
#5435 = VERTEX_POINT('',#5436);
#5436 = CARTESIAN_POINT('',(-0.798480775301,0.75,0.492364817767));
#5437 = LINE('',#5438,#5439);
#5438 = CARTESIAN_POINT('',(-0.798480775301,0.75,0.492364817767));
#5439 = VECTOR('',#5440,1.);
#5440 = DIRECTION('',(1.144237745222E-17,1.,0.));
#5441 = ORIENTED_EDGE('',*,*,#5442,.F.);
#5442 = EDGE_CURVE('',#5057,#5435,#5443,.T.);
#5443 = CIRCLE('',#5444,0.1);
#5444 = AXIS2_PLACEMENT_3D('',#5445,#5446,#5447);
#5445 = CARTESIAN_POINT('',(-0.7,0.75,0.475));
#5446 = DIRECTION('',(-1.144237745222E-17,-1.,-5.473822126269E-48));
#5447 = DIRECTION('',(2.22044604925E-15,-2.540718180781E-32,1.));
#5448 = CYLINDRICAL_SURFACE('',#5449,0.1);
#5449 = AXIS2_PLACEMENT_3D('',#5450,#5451,#5452);
#5450 = CARTESIAN_POINT('',(-0.7,0.75,0.475));
#5451 = DIRECTION('',(-1.144237745222E-17,-1.,0.));
#5452 = DIRECTION('',(2.22044604925E-15,-2.540718180781E-32,1.));
#5453 = ADVANCED_FACE('',(#5454),#5465,.F.);
#5454 = FACE_BOUND('',#5455,.F.);
#5455 = EDGE_LOOP('',(#5456,#5462,#5463,#5464));
#5456 = ORIENTED_EDGE('',*,*,#5457,.F.);
#5457 = EDGE_CURVE('',#5049,#5293,#5458,.T.);
#5458 = LINE('',#5459,#5460);
#5459 = CARTESIAN_POINT('',(-0.7,1.15,0.529763586955));
#5460 = VECTOR('',#5461,1.);
#5461 = DIRECTION('',(0.,0.,1.));
#5462 = ORIENTED_EDGE('',*,*,#5048,.T.);
#5463 = ORIENTED_EDGE('',*,*,#5317,.T.);
#5464 = ORIENTED_EDGE('',*,*,#5300,.F.);
#5465 = PLANE('',#5466);
#5466 = AXIS2_PLACEMENT_3D('',#5467,#5468,#5469);
#5467 = CARTESIAN_POINT('',(-0.7,-1.405,0.725));
#5468 = DIRECTION('',(1.,1.110223024625E-16,0.));
#5469 = DIRECTION('',(-1.110223024625E-16,1.,0.));
#5470 = ADVANCED_FACE('',(#5471),#5482,.F.);
#5471 = FACE_BOUND('',#5472,.F.);
#5472 = EDGE_LOOP('',(#5473,#5474,#5475,#5481));
#5473 = ORIENTED_EDGE('',*,*,#5204,.F.);
#5474 = ORIENTED_EDGE('',*,*,#5125,.T.);
#5475 = ORIENTED_EDGE('',*,*,#5476,.T.);
#5476 = EDGE_CURVE('',#5118,#5237,#5477,.T.);
#5477 = LINE('',#5478,#5479);
#5478 = CARTESIAN_POINT('',(0.7,0.2,0.529763586955));
#5479 = VECTOR('',#5480,1.);
#5480 = DIRECTION('',(0.,0.,1.));
#5481 = ORIENTED_EDGE('',*,*,#5236,.F.);
#5482 = PLANE('',#5483);
#5483 = AXIS2_PLACEMENT_3D('',#5484,#5485,#5486);
#5484 = CARTESIAN_POINT('',(0.7,1.405,0.725));
#5485 = DIRECTION('',(-1.,-1.110223024625E-16,0.));
#5486 = DIRECTION('',(1.110223024625E-16,-1.,0.));
#5487 = ADVANCED_FACE('',(#5488),#5515,.F.);
#5488 = FACE_BOUND('',#5489,.F.);
#5489 = EDGE_LOOP('',(#5490,#5491,#5500,#5508));
#5490 = ORIENTED_EDGE('',*,*,#5117,.T.);
#5491 = ORIENTED_EDGE('',*,*,#5492,.T.);
#5492 = EDGE_CURVE('',#5110,#5493,#5495,.T.);
#5493 = VERTEX_POINT('',#5494);
#5494 = CARTESIAN_POINT('',(0.798480775301,-0.2,0.492364817767));
#5495 = CIRCLE('',#5496,0.1);
#5496 = AXIS2_PLACEMENT_3D('',#5497,#5498,#5499);
#5497 = CARTESIAN_POINT('',(0.7,-0.2,0.475));
#5498 = DIRECTION('',(-1.110223024625E-16,1.,0.));
#5499 = DIRECTION('',(-2.22044604925E-15,-2.465190328815E-31,1.));
#5500 = ORIENTED_EDGE('',*,*,#5501,.F.);
#5501 = EDGE_CURVE('',#5502,#5493,#5504,.T.);
#5502 = VERTEX_POINT('',#5503);
#5503 = CARTESIAN_POINT('',(0.798480775301,0.2,0.492364817767));
#5504 = LINE('',#5505,#5506);
#5505 = CARTESIAN_POINT('',(0.798480775301,0.2,0.492364817767));
#5506 = VECTOR('',#5507,1.);
#5507 = DIRECTION('',(1.110223024625E-16,-1.,0.));
#5508 = ORIENTED_EDGE('',*,*,#5509,.F.);
#5509 = EDGE_CURVE('',#5118,#5502,#5510,.T.);
#5510 = CIRCLE('',#5511,0.1);
#5511 = AXIS2_PLACEMENT_3D('',#5512,#5513,#5514);
#5512 = CARTESIAN_POINT('',(0.7,0.2,0.475));
#5513 = DIRECTION('',(-1.110223024625E-16,1.,0.));
#5514 = DIRECTION('',(-2.22044604925E-15,-2.465190328815E-31,1.));
#5515 = CYLINDRICAL_SURFACE('',#5516,0.1);
#5516 = AXIS2_PLACEMENT_3D('',#5517,#5518,#5519);
#5517 = CARTESIAN_POINT('',(0.7,0.2,0.475));
#5518 = DIRECTION('',(-1.110223024625E-16,1.,0.));
#5519 = DIRECTION('',(-2.22044604925E-15,-2.465190328815E-31,1.));
#5520 = ADVANCED_FACE('',(#5521),#5545,.F.);
#5521 = FACE_BOUND('',#5522,.F.);
#5522 = EDGE_LOOP('',(#5523,#5531,#5532,#5539));
#5523 = ORIENTED_EDGE('',*,*,#5524,.F.);
#5524 = EDGE_CURVE('',#5110,#5525,#5527,.T.);
#5525 = VERTEX_POINT('',#5526);
#5526 = CARTESIAN_POINT('',(0.7,-0.2,0.725));
#5527 = LINE('',#5528,#5529);
#5528 = CARTESIAN_POINT('',(0.7,-0.2,0.529763586955));
#5529 = VECTOR('',#5530,1.);
#5530 = DIRECTION('',(0.,0.,1.));
#5531 = ORIENTED_EDGE('',*,*,#5109,.T.);
#5532 = ORIENTED_EDGE('',*,*,#5533,.T.);
#5533 = EDGE_CURVE('',#5103,#5534,#5536,.T.);
#5534 = VERTEX_POINT('',#5535);
#5535 = CARTESIAN_POINT('',(0.7,-1.405,0.725));
#5536 = B_SPLINE_CURVE_WITH_KNOTS('',1,(#5537,#5538),.UNSPECIFIED.,.F.,
  .F.,(2,2),(0.,1.),.PIECEWISE_BEZIER_KNOTS.);
#5537 = CARTESIAN_POINT('',(0.7,-1.405,0.575));
#5538 = CARTESIAN_POINT('',(0.7,-1.405,0.725));
#5539 = ORIENTED_EDGE('',*,*,#5540,.F.);
#5540 = EDGE_CURVE('',#5525,#5534,#5541,.T.);
#5541 = LINE('',#5542,#5543);
#5542 = CARTESIAN_POINT('',(0.7,1.405,0.725));
#5543 = VECTOR('',#5544,1.);
#5544 = DIRECTION('',(1.110223024625E-16,-1.,0.));
#5545 = PLANE('',#5546);
#5546 = AXIS2_PLACEMENT_3D('',#5547,#5548,#5549);
#5547 = CARTESIAN_POINT('',(0.7,1.405,0.725));
#5548 = DIRECTION('',(-1.,-1.110223024625E-16,0.));
#5549 = DIRECTION('',(1.110223024625E-16,-1.,0.));
#5550 = ADVANCED_FACE('',(#5551),#5568,.F.);
#5551 = FACE_BOUND('',#5552,.F.);
#5552 = EDGE_LOOP('',(#5553,#5554,#5555,#5563));
#5553 = ORIENTED_EDGE('',*,*,#5142,.T.);
#5554 = ORIENTED_EDGE('',*,*,#5330,.T.);
#5555 = ORIENTED_EDGE('',*,*,#5556,.F.);
#5556 = EDGE_CURVE('',#5557,#5331,#5559,.T.);
#5557 = VERTEX_POINT('',#5558);
#5558 = CARTESIAN_POINT('',(-0.605,-1.5,0.725));
#5559 = LINE('',#5560,#5561);
#5560 = CARTESIAN_POINT('',(-0.605,-1.5,0.725));
#5561 = VECTOR('',#5562,1.);
#5562 = DIRECTION('',(-0.707106781187,0.707106781187,0.));
#5563 = ORIENTED_EDGE('',*,*,#5564,.F.);
#5564 = EDGE_CURVE('',#5143,#5557,#5565,.T.);
#5565 = B_SPLINE_CURVE_WITH_KNOTS('',1,(#5566,#5567),.UNSPECIFIED.,.F.,
  .F.,(2,2),(0.,1.),.PIECEWISE_BEZIER_KNOTS.);
#5566 = CARTESIAN_POINT('',(-0.605,-1.5,0.575));
#5567 = CARTESIAN_POINT('',(-0.605,-1.5,0.725));
#5568 = PLANE('',#5569);
#5569 = AXIS2_PLACEMENT_3D('',#5570,#5571,#5572);
#5570 = CARTESIAN_POINT('',(-0.605,-1.5,0.725));
#5571 = DIRECTION('',(0.707106781187,0.707106781187,0.));
#5572 = DIRECTION('',(-0.707106781187,0.707106781187,0.));
#5573 = ADVANCED_FACE('',(#5574),#5591,.F.);
#5574 = FACE_BOUND('',#5575,.F.);
#5575 = EDGE_LOOP('',(#5576,#5577,#5584,#5590));
#5576 = ORIENTED_EDGE('',*,*,#5171,.T.);
#5577 = ORIENTED_EDGE('',*,*,#5578,.T.);
#5578 = EDGE_CURVE('',#5165,#5579,#5581,.T.);
#5579 = VERTEX_POINT('',#5580);
#5580 = CARTESIAN_POINT('',(0.605,-1.5,0.725));
#5581 = B_SPLINE_CURVE_WITH_KNOTS('',1,(#5582,#5583),.UNSPECIFIED.,.F.,
  .F.,(2,2),(0.,1.),.PIECEWISE_BEZIER_KNOTS.);
#5582 = CARTESIAN_POINT('',(0.605,-1.5,0.575));
#5583 = CARTESIAN_POINT('',(0.605,-1.5,0.725));
#5584 = ORIENTED_EDGE('',*,*,#5585,.F.);
#5585 = EDGE_CURVE('',#5534,#5579,#5586,.T.);
#5586 = LINE('',#5587,#5588);
#5587 = CARTESIAN_POINT('',(0.7,-1.405,0.725));
#5588 = VECTOR('',#5589,1.);
#5589 = DIRECTION('',(-0.707106781187,-0.707106781187,0.));
#5590 = ORIENTED_EDGE('',*,*,#5533,.F.);
#5591 = PLANE('',#5592);
#5592 = AXIS2_PLACEMENT_3D('',#5593,#5594,#5595);
#5593 = CARTESIAN_POINT('',(0.7,-1.405,0.725));
#5594 = DIRECTION('',(-0.707106781187,0.707106781187,0.));
#5595 = DIRECTION('',(-0.707106781187,-0.707106781187,0.));
#5596 = ADVANCED_FACE('',(#5597),#5608,.F.);
#5597 = FACE_BOUND('',#5598,.F.);
#5598 = EDGE_LOOP('',(#5599,#5600,#5601,#5607));
#5599 = ORIENTED_EDGE('',*,*,#5188,.T.);
#5600 = ORIENTED_EDGE('',*,*,#5564,.T.);
#5601 = ORIENTED_EDGE('',*,*,#5602,.F.);
#5602 = EDGE_CURVE('',#5579,#5557,#5603,.T.);
#5603 = LINE('',#5604,#5605);
#5604 = CARTESIAN_POINT('',(0.605,-1.5,0.725));
#5605 = VECTOR('',#5606,1.);
#5606 = DIRECTION('',(-1.,-1.110223024625E-16,0.));
#5607 = ORIENTED_EDGE('',*,*,#5578,.F.);
#5608 = PLANE('',#5609);
#5609 = AXIS2_PLACEMENT_3D('',#5610,#5611,#5612);
#5610 = CARTESIAN_POINT('',(0.605,-1.5,0.725));
#5611 = DIRECTION('',(-1.110223024625E-16,1.,0.));
#5612 = DIRECTION('',(-1.,-1.110223024625E-16,0.));
#5613 = ADVANCED_FACE('',(#5614),#5637,.F.);
#5614 = FACE_BOUND('',#5615,.F.);
#5615 = EDGE_LOOP('',(#5616,#5624,#5630,#5631));
#5616 = ORIENTED_EDGE('',*,*,#5617,.F.);
#5617 = EDGE_CURVE('',#5403,#5618,#5620,.T.);
#5618 = VERTEX_POINT('',#5619);
#5619 = CARTESIAN_POINT('',(-0.675,0.75,0.725));
#5620 = LINE('',#5621,#5622);
#5621 = CARTESIAN_POINT('',(-0.7,0.75,0.725));
#5622 = VECTOR('',#5623,1.);
#5623 = DIRECTION('',(1.,-1.144237745222E-17,0.));
#5624 = ORIENTED_EDGE('',*,*,#5625,.T.);
#5625 = EDGE_CURVE('',#5403,#5293,#5626,.T.);
#5626 = LINE('',#5627,#5628);
#5627 = CARTESIAN_POINT('',(-0.7,0.75,0.725));
#5628 = VECTOR('',#5629,1.);
#5629 = DIRECTION('',(1.144237745222E-17,1.,0.));
#5630 = ORIENTED_EDGE('',*,*,#5292,.T.);
#5631 = ORIENTED_EDGE('',*,*,#5632,.F.);
#5632 = EDGE_CURVE('',#5618,#5285,#5633,.T.);
#5633 = LINE('',#5634,#5635);
#5634 = CARTESIAN_POINT('',(-0.675,-1.3925,0.725));
#5635 = VECTOR('',#5636,1.);
#5636 = DIRECTION('',(-1.110223024625E-16,1.,0.));
#5637 = PLANE('',#5638);
#5638 = AXIS2_PLACEMENT_3D('',#5639,#5640,#5641);
#5639 = CARTESIAN_POINT('',(-0.7,0.75,0.725));
#5640 = DIRECTION('',(0.,0.,-1.));
#5641 = DIRECTION('',(1.,-1.144237745222E-17,0.));
#5642 = ADVANCED_FACE('',(#5643),#5691,.F.);
#5643 = FACE_BOUND('',#5644,.F.);
#5644 = EDGE_LOOP('',(#5645,#5655,#5663,#5669,#5670,#5671,#5678,#5686));
#5645 = ORIENTED_EDGE('',*,*,#5646,.T.);
#5646 = EDGE_CURVE('',#5647,#5649,#5651,.T.);
#5647 = VERTEX_POINT('',#5648);
#5648 = CARTESIAN_POINT('',(-0.675,-1.3925,0.725));
#5649 = VERTEX_POINT('',#5650);
#5650 = CARTESIAN_POINT('',(-0.675,-1.15,0.725));
#5651 = LINE('',#5652,#5653);
#5652 = CARTESIAN_POINT('',(-0.675,-1.3925,0.725));
#5653 = VECTOR('',#5654,1.);
#5654 = DIRECTION('',(-1.110223024625E-16,1.,0.));
#5655 = ORIENTED_EDGE('',*,*,#5656,.T.);
#5656 = EDGE_CURVE('',#5649,#5657,#5659,.T.);
#5657 = VERTEX_POINT('',#5658);
#5658 = CARTESIAN_POINT('',(-0.675,-0.75,0.725));
#5659 = LINE('',#5660,#5661);
#5660 = CARTESIAN_POINT('',(-0.675,-1.3925,0.725));
#5661 = VECTOR('',#5662,1.);
#5662 = DIRECTION('',(-1.110223024625E-16,1.,0.));
#5663 = ORIENTED_EDGE('',*,*,#5664,.T.);
#5664 = EDGE_CURVE('',#5657,#5618,#5665,.T.);
#5665 = LINE('',#5666,#5667);
#5666 = CARTESIAN_POINT('',(-0.675,-1.3925,0.725));
#5667 = VECTOR('',#5668,1.);
#5668 = DIRECTION('',(-1.110223024625E-16,1.,0.));
#5669 = ORIENTED_EDGE('',*,*,#5632,.T.);
#5670 = ORIENTED_EDGE('',*,*,#5284,.T.);
#5671 = ORIENTED_EDGE('',*,*,#5672,.T.);
#5672 = EDGE_CURVE('',#5277,#5673,#5675,.T.);
#5673 = VERTEX_POINT('',#5674);
#5674 = CARTESIAN_POINT('',(-0.608243103516,1.359121551758,1.2));
#5675 = B_SPLINE_CURVE_WITH_KNOTS('',1,(#5676,#5677),.UNSPECIFIED.,.F.,
  .F.,(2,2),(0.,1.),.PIECEWISE_BEZIER_KNOTS.);
#5676 = CARTESIAN_POINT('',(-0.675,1.3925,0.725));
#5677 = CARTESIAN_POINT('',(-0.608243103516,1.359121551758,1.2));
#5678 = ORIENTED_EDGE('',*,*,#5679,.F.);
#5679 = EDGE_CURVE('',#5680,#5673,#5682,.T.);
#5680 = VERTEX_POINT('',#5681);
#5681 = CARTESIAN_POINT('',(-0.608243103516,-1.359121551758,1.2));
#5682 = LINE('',#5683,#5684);
#5683 = CARTESIAN_POINT('',(-0.608243103516,-1.359121551758,1.2));
#5684 = VECTOR('',#5685,1.);
#5685 = DIRECTION('',(-1.110223024625E-16,1.,0.));
#5686 = ORIENTED_EDGE('',*,*,#5687,.F.);
#5687 = EDGE_CURVE('',#5647,#5680,#5688,.T.);
#5688 = B_SPLINE_CURVE_WITH_KNOTS('',1,(#5689,#5690),.UNSPECIFIED.,.F.,
  .F.,(2,2),(0.,1.),.PIECEWISE_BEZIER_KNOTS.);
#5689 = CARTESIAN_POINT('',(-0.675,-1.3925,0.725));
#5690 = CARTESIAN_POINT('',(-0.608243103516,-1.359121551758,1.2));
#5691 = B_SPLINE_SURFACE_WITH_KNOTS('',1,1,(
    (#5692,#5693)
    ,(#5694,#5695
    )),.UNSPECIFIED.,.F.,.F.,.F.,(2,2),(2,2),(0.,2.785),(0.,1.),
  .PIECEWISE_BEZIER_KNOTS.);
#5692 = CARTESIAN_POINT('',(-0.675,-1.3925,0.725));
#5693 = CARTESIAN_POINT('',(-0.608243103516,-1.359121551758,1.2));
#5694 = CARTESIAN_POINT('',(-0.675,1.3925,0.725));
#5695 = CARTESIAN_POINT('',(-0.608243103516,1.359121551758,1.2));
#5696 = ADVANCED_FACE('',(#5697),#5714,.F.);
#5697 = FACE_BOUND('',#5698,.F.);
#5698 = EDGE_LOOP('',(#5699,#5700,#5707,#5713));
#5699 = ORIENTED_EDGE('',*,*,#5276,.T.);
#5700 = ORIENTED_EDGE('',*,*,#5701,.T.);
#5701 = EDGE_CURVE('',#5269,#5702,#5704,.T.);
#5702 = VERTEX_POINT('',#5703);
#5703 = CARTESIAN_POINT('',(-0.559121551758,1.408243103516,1.2));
#5704 = B_SPLINE_CURVE_WITH_KNOTS('',1,(#5705,#5706),.UNSPECIFIED.,.F.,
  .F.,(2,2),(0.,1.),.PIECEWISE_BEZIER_KNOTS.);
#5705 = CARTESIAN_POINT('',(-0.5925,1.475,0.725));
#5706 = CARTESIAN_POINT('',(-0.559121551758,1.408243103516,1.2));
#5707 = ORIENTED_EDGE('',*,*,#5708,.F.);
#5708 = EDGE_CURVE('',#5673,#5702,#5709,.T.);
#5709 = LINE('',#5710,#5711);
#5710 = CARTESIAN_POINT('',(-0.608243103516,1.359121551758,1.2));
#5711 = VECTOR('',#5712,1.);
#5712 = DIRECTION('',(0.707106781187,0.707106781187,0.));
#5713 = ORIENTED_EDGE('',*,*,#5672,.F.);
#5714 = B_SPLINE_SURFACE_WITH_KNOTS('',1,1,(
    (#5715,#5716)
    ,(#5717,#5718
    )),.UNSPECIFIED.,.F.,.F.,.F.,(2,2),(2,2),(0.,0.116672618896),(0.,1.)
  ,.PIECEWISE_BEZIER_KNOTS.);
#5715 = CARTESIAN_POINT('',(-0.675,1.3925,0.725));
#5716 = CARTESIAN_POINT('',(-0.608243103516,1.359121551758,1.2));
#5717 = CARTESIAN_POINT('',(-0.5925,1.475,0.725));
#5718 = CARTESIAN_POINT('',(-0.559121551758,1.408243103516,1.2));
#5719 = ADVANCED_FACE('',(#5720),#5737,.F.);
#5720 = FACE_BOUND('',#5721,.F.);
#5721 = EDGE_LOOP('',(#5722,#5723,#5730,#5736));
#5722 = ORIENTED_EDGE('',*,*,#5268,.T.);
#5723 = ORIENTED_EDGE('',*,*,#5724,.T.);
#5724 = EDGE_CURVE('',#5261,#5725,#5727,.T.);
#5725 = VERTEX_POINT('',#5726);
#5726 = CARTESIAN_POINT('',(0.559121551758,1.408243103516,1.2));
#5727 = B_SPLINE_CURVE_WITH_KNOTS('',1,(#5728,#5729),.UNSPECIFIED.,.F.,
  .F.,(2,2),(0.,1.),.PIECEWISE_BEZIER_KNOTS.);
#5728 = CARTESIAN_POINT('',(0.5925,1.475,0.725));
#5729 = CARTESIAN_POINT('',(0.559121551758,1.408243103516,1.2));
#5730 = ORIENTED_EDGE('',*,*,#5731,.F.);
#5731 = EDGE_CURVE('',#5702,#5725,#5732,.T.);
#5732 = LINE('',#5733,#5734);
#5733 = CARTESIAN_POINT('',(-0.559121551758,1.408243103516,1.2));
#5734 = VECTOR('',#5735,1.);
#5735 = DIRECTION('',(1.,1.110223024625E-16,0.));
#5736 = ORIENTED_EDGE('',*,*,#5701,.F.);
#5737 = B_SPLINE_SURFACE_WITH_KNOTS('',1,1,(
    (#5738,#5739)
    ,(#5740,#5741
    )),.UNSPECIFIED.,.F.,.F.,.F.,(2,2),(2,2),(0.,1.185),(0.,1.),
  .PIECEWISE_BEZIER_KNOTS.);
#5738 = CARTESIAN_POINT('',(-0.5925,1.475,0.725));
#5739 = CARTESIAN_POINT('',(-0.559121551758,1.408243103516,1.2));
#5740 = CARTESIAN_POINT('',(0.5925,1.475,0.725));
#5741 = CARTESIAN_POINT('',(0.559121551758,1.408243103516,1.2));
#5742 = ADVANCED_FACE('',(#5743),#5760,.F.);
#5743 = FACE_BOUND('',#5744,.F.);
#5744 = EDGE_LOOP('',(#5745,#5746,#5753,#5759));
#5745 = ORIENTED_EDGE('',*,*,#5260,.T.);
#5746 = ORIENTED_EDGE('',*,*,#5747,.T.);
#5747 = EDGE_CURVE('',#5253,#5748,#5750,.T.);
#5748 = VERTEX_POINT('',#5749);
#5749 = CARTESIAN_POINT('',(0.608243103516,1.359121551758,1.2));
#5750 = B_SPLINE_CURVE_WITH_KNOTS('',1,(#5751,#5752),.UNSPECIFIED.,.F.,
  .F.,(2,2),(0.,1.),.PIECEWISE_BEZIER_KNOTS.);
#5751 = CARTESIAN_POINT('',(0.675,1.3925,0.725));
#5752 = CARTESIAN_POINT('',(0.608243103516,1.359121551758,1.2));
#5753 = ORIENTED_EDGE('',*,*,#5754,.F.);
#5754 = EDGE_CURVE('',#5725,#5748,#5755,.T.);
#5755 = LINE('',#5756,#5757);
#5756 = CARTESIAN_POINT('',(0.559121551758,1.408243103516,1.2));
#5757 = VECTOR('',#5758,1.);
#5758 = DIRECTION('',(0.707106781187,-0.707106781187,0.));
#5759 = ORIENTED_EDGE('',*,*,#5724,.F.);
#5760 = B_SPLINE_SURFACE_WITH_KNOTS('',1,1,(
    (#5761,#5762)
    ,(#5763,#5764
    )),.UNSPECIFIED.,.F.,.F.,.F.,(2,2),(2,2),(0.,0.116672618896),(0.,1.)
  ,.PIECEWISE_BEZIER_KNOTS.);
#5761 = CARTESIAN_POINT('',(0.5925,1.475,0.725));
#5762 = CARTESIAN_POINT('',(0.559121551758,1.408243103516,1.2));
#5763 = CARTESIAN_POINT('',(0.675,1.3925,0.725));
#5764 = CARTESIAN_POINT('',(0.608243103516,1.359121551758,1.2));
#5765 = ADVANCED_FACE('',(#5766),#5799,.F.);
#5766 = FACE_BOUND('',#5767,.F.);
#5767 = EDGE_LOOP('',(#5768,#5769,#5777,#5785,#5792,#5798));
#5768 = ORIENTED_EDGE('',*,*,#5252,.T.);
#5769 = ORIENTED_EDGE('',*,*,#5770,.T.);
#5770 = EDGE_CURVE('',#5245,#5771,#5773,.T.);
#5771 = VERTEX_POINT('',#5772);
#5772 = CARTESIAN_POINT('',(0.675,-0.2,0.725));
#5773 = LINE('',#5774,#5775);
#5774 = CARTESIAN_POINT('',(0.675,1.3925,0.725));
#5775 = VECTOR('',#5776,1.);
#5776 = DIRECTION('',(1.110223024625E-16,-1.,0.));
#5777 = ORIENTED_EDGE('',*,*,#5778,.T.);
#5778 = EDGE_CURVE('',#5771,#5779,#5781,.T.);
#5779 = VERTEX_POINT('',#5780);
#5780 = CARTESIAN_POINT('',(0.675,-1.3925,0.725));
#5781 = LINE('',#5782,#5783);
#5782 = CARTESIAN_POINT('',(0.675,1.3925,0.725));
#5783 = VECTOR('',#5784,1.);
#5784 = DIRECTION('',(1.110223024625E-16,-1.,0.));
#5785 = ORIENTED_EDGE('',*,*,#5786,.T.);
#5786 = EDGE_CURVE('',#5779,#5787,#5789,.T.);
#5787 = VERTEX_POINT('',#5788);
#5788 = CARTESIAN_POINT('',(0.608243103516,-1.359121551758,1.2));
#5789 = B_SPLINE_CURVE_WITH_KNOTS('',1,(#5790,#5791),.UNSPECIFIED.,.F.,
  .F.,(2,2),(0.,1.),.PIECEWISE_BEZIER_KNOTS.);
#5790 = CARTESIAN_POINT('',(0.675,-1.3925,0.725));
#5791 = CARTESIAN_POINT('',(0.608243103516,-1.359121551758,1.2));
#5792 = ORIENTED_EDGE('',*,*,#5793,.F.);
#5793 = EDGE_CURVE('',#5748,#5787,#5794,.T.);
#5794 = LINE('',#5795,#5796);
#5795 = CARTESIAN_POINT('',(0.608243103516,1.359121551758,1.2));
#5796 = VECTOR('',#5797,1.);
#5797 = DIRECTION('',(1.110223024625E-16,-1.,0.));
#5798 = ORIENTED_EDGE('',*,*,#5747,.F.);
#5799 = B_SPLINE_SURFACE_WITH_KNOTS('',1,1,(
    (#5800,#5801)
    ,(#5802,#5803
    )),.UNSPECIFIED.,.F.,.F.,.F.,(2,2),(2,2),(0.,2.785),(0.,1.),
  .PIECEWISE_BEZIER_KNOTS.);
#5800 = CARTESIAN_POINT('',(0.675,1.3925,0.725));
#5801 = CARTESIAN_POINT('',(0.608243103516,1.359121551758,1.2));
#5802 = CARTESIAN_POINT('',(0.675,-1.3925,0.725));
#5803 = CARTESIAN_POINT('',(0.608243103516,-1.359121551758,1.2));
#5804 = ADVANCED_FACE('',(#5805),#5821,.F.);
#5805 = FACE_BOUND('',#5806,.F.);
#5806 = EDGE_LOOP('',(#5807,#5808,#5814,#5820));
#5807 = ORIENTED_EDGE('',*,*,#5244,.F.);
#5808 = ORIENTED_EDGE('',*,*,#5809,.T.);
#5809 = EDGE_CURVE('',#5237,#5525,#5810,.T.);
#5810 = LINE('',#5811,#5812);
#5811 = CARTESIAN_POINT('',(0.7,0.2,0.725));
#5812 = VECTOR('',#5813,1.);
#5813 = DIRECTION('',(1.110223024625E-16,-1.,0.));
#5814 = ORIENTED_EDGE('',*,*,#5815,.T.);
#5815 = EDGE_CURVE('',#5525,#5771,#5816,.T.);
#5816 = LINE('',#5817,#5818);
#5817 = CARTESIAN_POINT('',(0.7,-0.2,0.725));
#5818 = VECTOR('',#5819,1.);
#5819 = DIRECTION('',(-1.,-1.110223024625E-16,0.));
#5820 = ORIENTED_EDGE('',*,*,#5770,.F.);
#5821 = PLANE('',#5822);
#5822 = AXIS2_PLACEMENT_3D('',#5823,#5824,#5825);
#5823 = CARTESIAN_POINT('',(0.7,0.2,0.725));
#5824 = DIRECTION('',(0.,0.,-1.));
#5825 = DIRECTION('',(-1.,-1.110223024625E-16,-0.));
#5826 = ADVANCED_FACE('',(#5827),#5865,.F.);
#5827 = FACE_BOUND('',#5828,.F.);
#5828 = EDGE_LOOP('',(#5829,#5830,#5831,#5832,#5833,#5834,#5835,#5841,
    #5842,#5850,#5858,#5864));
#5829 = ORIENTED_EDGE('',*,*,#5815,.F.);
#5830 = ORIENTED_EDGE('',*,*,#5540,.T.);
#5831 = ORIENTED_EDGE('',*,*,#5585,.T.);
#5832 = ORIENTED_EDGE('',*,*,#5602,.T.);
#5833 = ORIENTED_EDGE('',*,*,#5556,.T.);
#5834 = ORIENTED_EDGE('',*,*,#5346,.T.);
#5835 = ORIENTED_EDGE('',*,*,#5836,.T.);
#5836 = EDGE_CURVE('',#5339,#5649,#5837,.T.);
#5837 = LINE('',#5838,#5839);
#5838 = CARTESIAN_POINT('',(-0.7,-1.15,0.725));
#5839 = VECTOR('',#5840,1.);
#5840 = DIRECTION('',(1.,-1.144237745222E-17,0.));
#5841 = ORIENTED_EDGE('',*,*,#5646,.F.);
#5842 = ORIENTED_EDGE('',*,*,#5843,.F.);
#5843 = EDGE_CURVE('',#5844,#5647,#5846,.T.);
#5844 = VERTEX_POINT('',#5845);
#5845 = CARTESIAN_POINT('',(-0.5925,-1.475,0.725));
#5846 = LINE('',#5847,#5848);
#5847 = CARTESIAN_POINT('',(-0.5925,-1.475,0.725));
#5848 = VECTOR('',#5849,1.);
#5849 = DIRECTION('',(-0.707106781187,0.707106781187,0.));
#5850 = ORIENTED_EDGE('',*,*,#5851,.F.);
#5851 = EDGE_CURVE('',#5852,#5844,#5854,.T.);
#5852 = VERTEX_POINT('',#5853);
#5853 = CARTESIAN_POINT('',(0.5925,-1.475,0.725));
#5854 = LINE('',#5855,#5856);
#5855 = CARTESIAN_POINT('',(0.5925,-1.475,0.725));
#5856 = VECTOR('',#5857,1.);
#5857 = DIRECTION('',(-1.,-1.110223024625E-16,0.));
#5858 = ORIENTED_EDGE('',*,*,#5859,.F.);
#5859 = EDGE_CURVE('',#5779,#5852,#5860,.T.);
#5860 = LINE('',#5861,#5862);
#5861 = CARTESIAN_POINT('',(0.675,-1.3925,0.725));
#5862 = VECTOR('',#5863,1.);
#5863 = DIRECTION('',(-0.707106781187,-0.707106781187,0.));
#5864 = ORIENTED_EDGE('',*,*,#5778,.F.);
#5865 = PLANE('',#5866);
#5866 = AXIS2_PLACEMENT_3D('',#5867,#5868,#5869);
#5867 = CARTESIAN_POINT('',(-1.486299604971E-16,1.4875,0.725));
#5868 = DIRECTION('',(1.022886882533E-31,-6.310887241768E-27,-1.));
#5869 = DIRECTION('',(1.,1.217738924546E-16,1.022886882525E-31));
#5870 = ADVANCED_FACE('',(#5871),#5940,.F.);
#5871 = FACE_BOUND('',#5872,.F.);
#5872 = EDGE_LOOP('',(#5873,#5874,#5875,#5883,#5892,#5900,#5908,#5916,
    #5925,#5933));
#5873 = ORIENTED_EDGE('',*,*,#5338,.F.);
#5874 = ORIENTED_EDGE('',*,*,#5378,.T.);
#5875 = ORIENTED_EDGE('',*,*,#5876,.T.);
#5876 = EDGE_CURVE('',#5371,#5877,#5879,.T.);
#5877 = VERTEX_POINT('',#5878);
#5878 = CARTESIAN_POINT('',(-0.843471632406,-1.15,0.206587955583));
#5879 = LINE('',#5880,#5881);
#5880 = CARTESIAN_POINT('',(-0.798480775301,-1.15,0.492364817767));
#5881 = VECTOR('',#5882,1.);
#5882 = DIRECTION('',(-0.155518033909,1.779496044609E-18,-0.987833053268
    ));
#5883 = ORIENTED_EDGE('',*,*,#5884,.T.);
#5884 = EDGE_CURVE('',#5877,#5885,#5887,.T.);
#5885 = VERTEX_POINT('',#5886);
#5886 = CARTESIAN_POINT('',(-1.089673570659,-1.15,5.551115123126E-17));
#5887 = CIRCLE('',#5888,0.25);
#5888 = AXIS2_PLACEMENT_3D('',#5889,#5890,#5891);
#5889 = CARTESIAN_POINT('',(-1.089673570659,-1.15,0.25));
#5890 = DIRECTION('',(1.144237745222E-17,1.,3.851859888774E-34));
#5891 = DIRECTION('',(0.984807753012,-1.126854202784E-17,-0.173648177667
    ));
#5892 = ORIENTED_EDGE('',*,*,#5893,.T.);
#5893 = EDGE_CURVE('',#5885,#5894,#5896,.T.);
#5894 = VERTEX_POINT('',#5895);
#5895 = CARTESIAN_POINT('',(-1.25,-1.15,5.551115123126E-17));
#5896 = LINE('',#5897,#5898);
#5897 = CARTESIAN_POINT('',(-1.089673570659,-1.15,5.551115123126E-17));
#5898 = VECTOR('',#5899,1.);
#5899 = DIRECTION('',(-1.,1.144237745222E-17,0.));
#5900 = ORIENTED_EDGE('',*,*,#5901,.T.);
#5901 = EDGE_CURVE('',#5894,#5902,#5904,.T.);
#5902 = VERTEX_POINT('',#5903);
#5903 = CARTESIAN_POINT('',(-1.25,-1.15,0.15));
#5904 = LINE('',#5905,#5906);
#5905 = CARTESIAN_POINT('',(-1.25,-1.15,5.551115123126E-17));
#5906 = VECTOR('',#5907,1.);
#5907 = DIRECTION('',(0.,0.,1.));
#5908 = ORIENTED_EDGE('',*,*,#5909,.T.);
#5909 = EDGE_CURVE('',#5902,#5910,#5912,.T.);
#5910 = VERTEX_POINT('',#5911);
#5911 = CARTESIAN_POINT('',(-1.089673570659,-1.15,0.15));
#5912 = LINE('',#5913,#5914);
#5913 = CARTESIAN_POINT('',(-1.25,-1.15,0.15));
#5914 = VECTOR('',#5915,1.);
#5915 = DIRECTION('',(1.,-1.144237745222E-17,0.));
#5916 = ORIENTED_EDGE('',*,*,#5917,.T.);
#5917 = EDGE_CURVE('',#5910,#5918,#5920,.T.);
#5918 = VERTEX_POINT('',#5919);
#5919 = CARTESIAN_POINT('',(-0.991192795358,-1.15,0.232635182233));
#5920 = CIRCLE('',#5921,0.1);
#5921 = AXIS2_PLACEMENT_3D('',#5922,#5923,#5924);
#5922 = CARTESIAN_POINT('',(-1.089673570659,-1.15,0.25));
#5923 = DIRECTION('',(-1.144237745222E-17,-1.,1.094764425254E-47));
#5924 = DIRECTION('',(-2.22044604925E-15,2.540718180781E-32,-1.));
#5925 = ORIENTED_EDGE('',*,*,#5926,.T.);
#5926 = EDGE_CURVE('',#5918,#5927,#5929,.T.);
#5927 = VERTEX_POINT('',#5928);
#5928 = CARTESIAN_POINT('',(-0.946201938253,-1.15,0.518412044417));
#5929 = LINE('',#5930,#5931);
#5930 = CARTESIAN_POINT('',(-0.991192795358,-1.15,0.232635182233));
#5931 = VECTOR('',#5932,1.);
#5932 = DIRECTION('',(0.155518033909,-1.779496044609E-18,0.987833053268)
  );
#5933 = ORIENTED_EDGE('',*,*,#5934,.T.);
#5934 = EDGE_CURVE('',#5927,#5339,#5935,.T.);
#5935 = CIRCLE('',#5936,0.25);
#5936 = AXIS2_PLACEMENT_3D('',#5937,#5938,#5939);
#5937 = CARTESIAN_POINT('',(-0.7,-1.15,0.475));
#5938 = DIRECTION('',(1.144237745222E-17,1.,0.));
#5939 = DIRECTION('',(-0.984807753012,1.126854202784E-17,0.173648177667)
  );
#5940 = PLANE('',#5941);
#5941 = AXIS2_PLACEMENT_3D('',#5942,#5943,#5944);
#5942 = CARTESIAN_POINT('',(-0.931323080229,-1.15,0.33452717391));
#5943 = DIRECTION('',(1.144237745222E-17,1.,0.));
#5944 = DIRECTION('',(0.,-0.,1.));
#5945 = ADVANCED_FACE('',(#5946),#5964,.F.);
#5946 = FACE_BOUND('',#5947,.F.);
#5947 = EDGE_LOOP('',(#5948,#5949,#5957,#5963));
#5948 = ORIENTED_EDGE('',*,*,#5370,.T.);
#5949 = ORIENTED_EDGE('',*,*,#5950,.T.);
#5950 = EDGE_CURVE('',#5362,#5951,#5953,.T.);
#5951 = VERTEX_POINT('',#5952);
#5952 = CARTESIAN_POINT('',(-0.843471632406,-0.75,0.206587955583));
#5953 = LINE('',#5954,#5955);
#5954 = CARTESIAN_POINT('',(-0.798480775301,-0.75,0.492364817767));
#5955 = VECTOR('',#5956,1.);
#5956 = DIRECTION('',(-0.155518033909,1.779496044609E-18,-0.987833053268
    ));
#5957 = ORIENTED_EDGE('',*,*,#5958,.F.);
#5958 = EDGE_CURVE('',#5877,#5951,#5959,.T.);
#5959 = LINE('',#5960,#5961);
#5960 = CARTESIAN_POINT('',(-0.843471632406,-1.15,0.206587955583));
#5961 = VECTOR('',#5962,1.);
#5962 = DIRECTION('',(1.144237745222E-17,1.,0.));
#5963 = ORIENTED_EDGE('',*,*,#5876,.F.);
#5964 = PLANE('',#5965);
#5965 = AXIS2_PLACEMENT_3D('',#5966,#5967,#5968);
#5966 = CARTESIAN_POINT('',(-0.798480775301,-1.15,0.492364817767));
#5967 = DIRECTION('',(-0.987833053268,1.130315865527E-17,0.155518033909)
  );
#5968 = DIRECTION('',(-0.155518033909,1.779496044609E-18,-0.987833053268
    ));
#5969 = ADVANCED_FACE('',(#5970),#6032,.T.);
#5970 = FACE_BOUND('',#5971,.T.);
#5971 = EDGE_LOOP('',(#5972,#5973,#5974,#5975,#5984,#5992,#6000,#6008,
    #6017,#6025));
#5972 = ORIENTED_EDGE('',*,*,#5393,.F.);
#5973 = ORIENTED_EDGE('',*,*,#5361,.T.);
#5974 = ORIENTED_EDGE('',*,*,#5950,.T.);
#5975 = ORIENTED_EDGE('',*,*,#5976,.T.);
#5976 = EDGE_CURVE('',#5951,#5977,#5979,.T.);
#5977 = VERTEX_POINT('',#5978);
#5978 = CARTESIAN_POINT('',(-1.089673570659,-0.75,5.551115123126E-17));
#5979 = CIRCLE('',#5980,0.25);
#5980 = AXIS2_PLACEMENT_3D('',#5981,#5982,#5983);
#5981 = CARTESIAN_POINT('',(-1.089673570659,-0.75,0.25));
#5982 = DIRECTION('',(1.144237745222E-17,1.,3.851859888774E-34));
#5983 = DIRECTION('',(0.984807753012,-1.126854202784E-17,-0.173648177667
    ));
#5984 = ORIENTED_EDGE('',*,*,#5985,.T.);
#5985 = EDGE_CURVE('',#5977,#5986,#5988,.T.);
#5986 = VERTEX_POINT('',#5987);
#5987 = CARTESIAN_POINT('',(-1.25,-0.75,5.551115123126E-17));
#5988 = LINE('',#5989,#5990);
#5989 = CARTESIAN_POINT('',(-1.089673570659,-0.75,5.551115123126E-17));
#5990 = VECTOR('',#5991,1.);
#5991 = DIRECTION('',(-1.,1.144237745222E-17,0.));
#5992 = ORIENTED_EDGE('',*,*,#5993,.T.);
#5993 = EDGE_CURVE('',#5986,#5994,#5996,.T.);
#5994 = VERTEX_POINT('',#5995);
#5995 = CARTESIAN_POINT('',(-1.25,-0.75,0.15));
#5996 = LINE('',#5997,#5998);
#5997 = CARTESIAN_POINT('',(-1.25,-0.75,5.551115123126E-17));
#5998 = VECTOR('',#5999,1.);
#5999 = DIRECTION('',(0.,0.,1.));
#6000 = ORIENTED_EDGE('',*,*,#6001,.T.);
#6001 = EDGE_CURVE('',#5994,#6002,#6004,.T.);
#6002 = VERTEX_POINT('',#6003);
#6003 = CARTESIAN_POINT('',(-1.089673570659,-0.75,0.15));
#6004 = LINE('',#6005,#6006);
#6005 = CARTESIAN_POINT('',(-1.25,-0.75,0.15));
#6006 = VECTOR('',#6007,1.);
#6007 = DIRECTION('',(1.,-1.144237745222E-17,0.));
#6008 = ORIENTED_EDGE('',*,*,#6009,.T.);
#6009 = EDGE_CURVE('',#6002,#6010,#6012,.T.);
#6010 = VERTEX_POINT('',#6011);
#6011 = CARTESIAN_POINT('',(-0.991192795358,-0.75,0.232635182233));
#6012 = CIRCLE('',#6013,0.1);
#6013 = AXIS2_PLACEMENT_3D('',#6014,#6015,#6016);
#6014 = CARTESIAN_POINT('',(-1.089673570659,-0.75,0.25));
#6015 = DIRECTION('',(-1.144237745222E-17,-1.,1.094764425254E-47));
#6016 = DIRECTION('',(-2.22044604925E-15,2.540718180781E-32,-1.));
#6017 = ORIENTED_EDGE('',*,*,#6018,.T.);
#6018 = EDGE_CURVE('',#6010,#6019,#6021,.T.);
#6019 = VERTEX_POINT('',#6020);
#6020 = CARTESIAN_POINT('',(-0.946201938253,-0.75,0.518412044417));
#6021 = LINE('',#6022,#6023);
#6022 = CARTESIAN_POINT('',(-0.991192795358,-0.75,0.232635182233));
#6023 = VECTOR('',#6024,1.);
#6024 = DIRECTION('',(0.155518033909,-1.779496044609E-18,0.987833053268)
  );
#6025 = ORIENTED_EDGE('',*,*,#6026,.T.);
#6026 = EDGE_CURVE('',#6019,#5394,#6027,.T.);
#6027 = CIRCLE('',#6028,0.25);
#6028 = AXIS2_PLACEMENT_3D('',#6029,#6030,#6031);
#6029 = CARTESIAN_POINT('',(-0.7,-0.75,0.475));
#6030 = DIRECTION('',(1.144237745222E-17,1.,0.));
#6031 = DIRECTION('',(-0.984807753012,1.126854202784E-17,0.173648177667)
  );
#6032 = PLANE('',#6033);
#6033 = AXIS2_PLACEMENT_3D('',#6034,#6035,#6036);
#6034 = CARTESIAN_POINT('',(-0.931323080229,-0.75,0.33452717391));
#6035 = DIRECTION('',(1.144237745222E-17,1.,0.));
#6036 = DIRECTION('',(0.,-0.,1.));
#6037 = ADVANCED_FACE('',(#6038),#6049,.F.);
#6038 = FACE_BOUND('',#6039,.F.);
#6039 = EDGE_LOOP('',(#6040,#6041,#6042,#6043));
#6040 = ORIENTED_EDGE('',*,*,#5410,.T.);
#6041 = ORIENTED_EDGE('',*,*,#5617,.T.);
#6042 = ORIENTED_EDGE('',*,*,#5664,.F.);
#6043 = ORIENTED_EDGE('',*,*,#6044,.F.);
#6044 = EDGE_CURVE('',#5394,#5657,#6045,.T.);
#6045 = LINE('',#6046,#6047);
#6046 = CARTESIAN_POINT('',(-0.7,-0.75,0.725));
#6047 = VECTOR('',#6048,1.);
#6048 = DIRECTION('',(1.,-1.144237745222E-17,0.));
#6049 = PLANE('',#6050);
#6050 = AXIS2_PLACEMENT_3D('',#6051,#6052,#6053);
#6051 = CARTESIAN_POINT('',(-1.486299604971E-16,1.4875,0.725));
#6052 = DIRECTION('',(1.022886882533E-31,-6.310887241768E-27,-1.));
#6053 = DIRECTION('',(1.,1.217738924546E-16,1.022886882525E-31));
#6054 = ADVANCED_FACE('',(#6055),#6124,.F.);
#6055 = FACE_BOUND('',#6056,.F.);
#6056 = EDGE_LOOP('',(#6057,#6058,#6059,#6067,#6076,#6084,#6092,#6100,
    #6109,#6117));
#6057 = ORIENTED_EDGE('',*,*,#5402,.F.);
#6058 = ORIENTED_EDGE('',*,*,#5442,.T.);
#6059 = ORIENTED_EDGE('',*,*,#6060,.T.);
#6060 = EDGE_CURVE('',#5435,#6061,#6063,.T.);
#6061 = VERTEX_POINT('',#6062);
#6062 = CARTESIAN_POINT('',(-0.843471632406,0.75,0.206587955583));
#6063 = LINE('',#6064,#6065);
#6064 = CARTESIAN_POINT('',(-0.798480775301,0.75,0.492364817767));
#6065 = VECTOR('',#6066,1.);
#6066 = DIRECTION('',(-0.155518033909,1.779496044609E-18,-0.987833053268
    ));
#6067 = ORIENTED_EDGE('',*,*,#6068,.T.);
#6068 = EDGE_CURVE('',#6061,#6069,#6071,.T.);
#6069 = VERTEX_POINT('',#6070);
#6070 = CARTESIAN_POINT('',(-1.089673570659,0.75,5.551115123126E-17));
#6071 = CIRCLE('',#6072,0.25);
#6072 = AXIS2_PLACEMENT_3D('',#6073,#6074,#6075);
#6073 = CARTESIAN_POINT('',(-1.089673570659,0.75,0.25));
#6074 = DIRECTION('',(1.144237745222E-17,1.,3.851859888774E-34));
#6075 = DIRECTION('',(0.984807753012,-1.126854202784E-17,-0.173648177667
    ));
#6076 = ORIENTED_EDGE('',*,*,#6077,.T.);
#6077 = EDGE_CURVE('',#6069,#6078,#6080,.T.);
#6078 = VERTEX_POINT('',#6079);
#6079 = CARTESIAN_POINT('',(-1.25,0.75,5.551115123126E-17));
#6080 = LINE('',#6081,#6082);
#6081 = CARTESIAN_POINT('',(-1.089673570659,0.75,5.551115123126E-17));
#6082 = VECTOR('',#6083,1.);
#6083 = DIRECTION('',(-1.,1.144237745222E-17,0.));
#6084 = ORIENTED_EDGE('',*,*,#6085,.T.);
#6085 = EDGE_CURVE('',#6078,#6086,#6088,.T.);
#6086 = VERTEX_POINT('',#6087);
#6087 = CARTESIAN_POINT('',(-1.25,0.75,0.15));
#6088 = LINE('',#6089,#6090);
#6089 = CARTESIAN_POINT('',(-1.25,0.75,5.551115123126E-17));
#6090 = VECTOR('',#6091,1.);
#6091 = DIRECTION('',(0.,0.,1.));
#6092 = ORIENTED_EDGE('',*,*,#6093,.T.);
#6093 = EDGE_CURVE('',#6086,#6094,#6096,.T.);
#6094 = VERTEX_POINT('',#6095);
#6095 = CARTESIAN_POINT('',(-1.089673570659,0.75,0.15));
#6096 = LINE('',#6097,#6098);
#6097 = CARTESIAN_POINT('',(-1.25,0.75,0.15));
#6098 = VECTOR('',#6099,1.);
#6099 = DIRECTION('',(1.,-1.144237745222E-17,0.));
#6100 = ORIENTED_EDGE('',*,*,#6101,.T.);
#6101 = EDGE_CURVE('',#6094,#6102,#6104,.T.);
#6102 = VERTEX_POINT('',#6103);
#6103 = CARTESIAN_POINT('',(-0.991192795358,0.75,0.232635182233));
#6104 = CIRCLE('',#6105,0.1);
#6105 = AXIS2_PLACEMENT_3D('',#6106,#6107,#6108);
#6106 = CARTESIAN_POINT('',(-1.089673570659,0.75,0.25));
#6107 = DIRECTION('',(-1.144237745222E-17,-1.,1.094764425254E-47));
#6108 = DIRECTION('',(-2.22044604925E-15,2.540718180781E-32,-1.));
#6109 = ORIENTED_EDGE('',*,*,#6110,.T.);
#6110 = EDGE_CURVE('',#6102,#6111,#6113,.T.);
#6111 = VERTEX_POINT('',#6112);
#6112 = CARTESIAN_POINT('',(-0.946201938253,0.75,0.518412044417));
#6113 = LINE('',#6114,#6115);
#6114 = CARTESIAN_POINT('',(-0.991192795358,0.75,0.232635182233));
#6115 = VECTOR('',#6116,1.);
#6116 = DIRECTION('',(0.155518033909,-1.779496044609E-18,0.987833053268)
  );
#6117 = ORIENTED_EDGE('',*,*,#6118,.T.);
#6118 = EDGE_CURVE('',#6111,#5403,#6119,.T.);
#6119 = CIRCLE('',#6120,0.25);
#6120 = AXIS2_PLACEMENT_3D('',#6121,#6122,#6123);
#6121 = CARTESIAN_POINT('',(-0.7,0.75,0.475));
#6122 = DIRECTION('',(1.144237745222E-17,1.,0.));
#6123 = DIRECTION('',(-0.984807753012,1.126854202784E-17,0.173648177667)
  );
#6124 = PLANE('',#6125);
#6125 = AXIS2_PLACEMENT_3D('',#6126,#6127,#6128);
#6126 = CARTESIAN_POINT('',(-0.931323080229,0.75,0.33452717391));
#6127 = DIRECTION('',(1.144237745222E-17,1.,0.));
#6128 = DIRECTION('',(0.,-0.,1.));
#6129 = ADVANCED_FACE('',(#6130),#6148,.F.);
#6130 = FACE_BOUND('',#6131,.F.);
#6131 = EDGE_LOOP('',(#6132,#6133,#6141,#6147));
#6132 = ORIENTED_EDGE('',*,*,#5434,.T.);
#6133 = ORIENTED_EDGE('',*,*,#6134,.T.);
#6134 = EDGE_CURVE('',#5426,#6135,#6137,.T.);
#6135 = VERTEX_POINT('',#6136);
#6136 = CARTESIAN_POINT('',(-0.843471632406,1.15,0.206587955583));
#6137 = LINE('',#6138,#6139);
#6138 = CARTESIAN_POINT('',(-0.798480775301,1.15,0.492364817767));
#6139 = VECTOR('',#6140,1.);
#6140 = DIRECTION('',(-0.155518033909,1.779496044609E-18,-0.987833053268
    ));
#6141 = ORIENTED_EDGE('',*,*,#6142,.F.);
#6142 = EDGE_CURVE('',#6061,#6135,#6143,.T.);
#6143 = LINE('',#6144,#6145);
#6144 = CARTESIAN_POINT('',(-0.843471632406,0.75,0.206587955583));
#6145 = VECTOR('',#6146,1.);
#6146 = DIRECTION('',(1.144237745222E-17,1.,0.));
#6147 = ORIENTED_EDGE('',*,*,#6060,.F.);
#6148 = PLANE('',#6149);
#6149 = AXIS2_PLACEMENT_3D('',#6150,#6151,#6152);
#6150 = CARTESIAN_POINT('',(-0.798480775301,0.75,0.492364817767));
#6151 = DIRECTION('',(-0.987833053268,1.130315865527E-17,0.155518033909)
  );
#6152 = DIRECTION('',(-0.155518033909,1.779496044609E-18,-0.987833053268
    ));
#6153 = ADVANCED_FACE('',(#6154),#6216,.T.);
#6154 = FACE_BOUND('',#6155,.T.);
#6155 = EDGE_LOOP('',(#6156,#6157,#6158,#6159,#6168,#6176,#6184,#6192,
    #6201,#6209));
#6156 = ORIENTED_EDGE('',*,*,#5457,.F.);
#6157 = ORIENTED_EDGE('',*,*,#5425,.T.);
#6158 = ORIENTED_EDGE('',*,*,#6134,.T.);
#6159 = ORIENTED_EDGE('',*,*,#6160,.T.);
#6160 = EDGE_CURVE('',#6135,#6161,#6163,.T.);
#6161 = VERTEX_POINT('',#6162);
#6162 = CARTESIAN_POINT('',(-1.089673570659,1.15,5.551115123126E-17));
#6163 = CIRCLE('',#6164,0.25);
#6164 = AXIS2_PLACEMENT_3D('',#6165,#6166,#6167);
#6165 = CARTESIAN_POINT('',(-1.089673570659,1.15,0.25));
#6166 = DIRECTION('',(1.144237745222E-17,1.,3.851859888774E-34));
#6167 = DIRECTION('',(0.984807753012,-1.126854202784E-17,-0.173648177667
    ));
#6168 = ORIENTED_EDGE('',*,*,#6169,.T.);
#6169 = EDGE_CURVE('',#6161,#6170,#6172,.T.);
#6170 = VERTEX_POINT('',#6171);
#6171 = CARTESIAN_POINT('',(-1.25,1.15,5.551115123126E-17));
#6172 = LINE('',#6173,#6174);
#6173 = CARTESIAN_POINT('',(-1.089673570659,1.15,5.551115123126E-17));
#6174 = VECTOR('',#6175,1.);
#6175 = DIRECTION('',(-1.,1.144237745222E-17,0.));
#6176 = ORIENTED_EDGE('',*,*,#6177,.T.);
#6177 = EDGE_CURVE('',#6170,#6178,#6180,.T.);
#6178 = VERTEX_POINT('',#6179);
#6179 = CARTESIAN_POINT('',(-1.25,1.15,0.15));
#6180 = LINE('',#6181,#6182);
#6181 = CARTESIAN_POINT('',(-1.25,1.15,5.551115123126E-17));
#6182 = VECTOR('',#6183,1.);
#6183 = DIRECTION('',(0.,0.,1.));
#6184 = ORIENTED_EDGE('',*,*,#6185,.T.);
#6185 = EDGE_CURVE('',#6178,#6186,#6188,.T.);
#6186 = VERTEX_POINT('',#6187);
#6187 = CARTESIAN_POINT('',(-1.089673570659,1.15,0.15));
#6188 = LINE('',#6189,#6190);
#6189 = CARTESIAN_POINT('',(-1.25,1.15,0.15));
#6190 = VECTOR('',#6191,1.);
#6191 = DIRECTION('',(1.,-1.144237745222E-17,0.));
#6192 = ORIENTED_EDGE('',*,*,#6193,.T.);
#6193 = EDGE_CURVE('',#6186,#6194,#6196,.T.);
#6194 = VERTEX_POINT('',#6195);
#6195 = CARTESIAN_POINT('',(-0.991192795358,1.15,0.232635182233));
#6196 = CIRCLE('',#6197,0.1);
#6197 = AXIS2_PLACEMENT_3D('',#6198,#6199,#6200);
#6198 = CARTESIAN_POINT('',(-1.089673570659,1.15,0.25));
#6199 = DIRECTION('',(-1.144237745222E-17,-1.,1.094764425254E-47));
#6200 = DIRECTION('',(-2.22044604925E-15,2.540718180781E-32,-1.));
#6201 = ORIENTED_EDGE('',*,*,#6202,.T.);
#6202 = EDGE_CURVE('',#6194,#6203,#6205,.T.);
#6203 = VERTEX_POINT('',#6204);
#6204 = CARTESIAN_POINT('',(-0.946201938253,1.15,0.518412044417));
#6205 = LINE('',#6206,#6207);
#6206 = CARTESIAN_POINT('',(-0.991192795358,1.15,0.232635182233));
#6207 = VECTOR('',#6208,1.);
#6208 = DIRECTION('',(0.155518033909,-1.779496044609E-18,0.987833053268)
  );
#6209 = ORIENTED_EDGE('',*,*,#6210,.T.);
#6210 = EDGE_CURVE('',#6203,#5293,#6211,.T.);
#6211 = CIRCLE('',#6212,0.25);
#6212 = AXIS2_PLACEMENT_3D('',#6213,#6214,#6215);
#6213 = CARTESIAN_POINT('',(-0.7,1.15,0.475));
#6214 = DIRECTION('',(1.144237745222E-17,1.,0.));
#6215 = DIRECTION('',(-0.984807753012,1.126854202784E-17,0.173648177667)
  );
#6216 = PLANE('',#6217);
#6217 = AXIS2_PLACEMENT_3D('',#6218,#6219,#6220);
#6218 = CARTESIAN_POINT('',(-0.931323080229,1.15,0.33452717391));
#6219 = DIRECTION('',(1.144237745222E-17,1.,0.));
#6220 = DIRECTION('',(0.,-0.,1.));
#6221 = ADVANCED_FACE('',(#6222),#6291,.F.);
#6222 = FACE_BOUND('',#6223,.F.);
#6223 = EDGE_LOOP('',(#6224,#6225,#6226,#6234,#6243,#6251,#6259,#6267,
    #6276,#6284));
#6224 = ORIENTED_EDGE('',*,*,#5476,.F.);
#6225 = ORIENTED_EDGE('',*,*,#5509,.T.);
#6226 = ORIENTED_EDGE('',*,*,#6227,.T.);
#6227 = EDGE_CURVE('',#5502,#6228,#6230,.T.);
#6228 = VERTEX_POINT('',#6229);
#6229 = CARTESIAN_POINT('',(0.843471632406,0.2,0.206587955583));
#6230 = LINE('',#6231,#6232);
#6231 = CARTESIAN_POINT('',(0.798480775301,0.2,0.492364817767));
#6232 = VECTOR('',#6233,1.);
#6233 = DIRECTION('',(0.155518033909,1.726597019897E-17,-0.987833053268)
  );
#6234 = ORIENTED_EDGE('',*,*,#6235,.T.);
#6235 = EDGE_CURVE('',#6228,#6236,#6238,.T.);
#6236 = VERTEX_POINT('',#6237);
#6237 = CARTESIAN_POINT('',(1.089673570659,0.2,5.551115123126E-17));
#6238 = CIRCLE('',#6239,0.25);
#6239 = AXIS2_PLACEMENT_3D('',#6240,#6241,#6242);
#6240 = CARTESIAN_POINT('',(1.089673570659,0.2,0.25));
#6241 = DIRECTION('',(1.110223024625E-16,-1.,0.));
#6242 = DIRECTION('',(-0.984807753012,-1.093356242223E-16,
    -0.173648177667));
#6243 = ORIENTED_EDGE('',*,*,#6244,.T.);
#6244 = EDGE_CURVE('',#6236,#6245,#6247,.T.);
#6245 = VERTEX_POINT('',#6246);
#6246 = CARTESIAN_POINT('',(1.25,0.2,5.551115123126E-17));
#6247 = LINE('',#6248,#6249);
#6248 = CARTESIAN_POINT('',(1.089673570659,0.2,5.551115123126E-17));
#6249 = VECTOR('',#6250,1.);
#6250 = DIRECTION('',(1.,1.110223024625E-16,0.));
#6251 = ORIENTED_EDGE('',*,*,#6252,.T.);
#6252 = EDGE_CURVE('',#6245,#6253,#6255,.T.);
#6253 = VERTEX_POINT('',#6254);
#6254 = CARTESIAN_POINT('',(1.25,0.2,0.15));
#6255 = LINE('',#6256,#6257);
#6256 = CARTESIAN_POINT('',(1.25,0.2,5.551115123126E-17));
#6257 = VECTOR('',#6258,1.);
#6258 = DIRECTION('',(0.,0.,1.));
#6259 = ORIENTED_EDGE('',*,*,#6260,.T.);
#6260 = EDGE_CURVE('',#6253,#6261,#6263,.T.);
#6261 = VERTEX_POINT('',#6262);
#6262 = CARTESIAN_POINT('',(1.089673570659,0.2,0.15));
#6263 = LINE('',#6264,#6265);
#6264 = CARTESIAN_POINT('',(1.25,0.2,0.15));
#6265 = VECTOR('',#6266,1.);
#6266 = DIRECTION('',(-1.,-1.110223024625E-16,0.));
#6267 = ORIENTED_EDGE('',*,*,#6268,.T.);
#6268 = EDGE_CURVE('',#6261,#6269,#6271,.T.);
#6269 = VERTEX_POINT('',#6270);
#6270 = CARTESIAN_POINT('',(0.991192795358,0.2,0.232635182233));
#6271 = CIRCLE('',#6272,0.1);
#6272 = AXIS2_PLACEMENT_3D('',#6273,#6274,#6275);
#6273 = CARTESIAN_POINT('',(1.089673570659,0.2,0.25));
#6274 = DIRECTION('',(-1.110223024625E-16,1.,0.));
#6275 = DIRECTION('',(2.22044604925E-15,2.465190328815E-31,-1.));
#6276 = ORIENTED_EDGE('',*,*,#6277,.T.);
#6277 = EDGE_CURVE('',#6269,#6278,#6280,.T.);
#6278 = VERTEX_POINT('',#6279);
#6279 = CARTESIAN_POINT('',(0.946201938253,0.2,0.518412044417));
#6280 = LINE('',#6281,#6282);
#6281 = CARTESIAN_POINT('',(0.991192795358,0.2,0.232635182233));
#6282 = VECTOR('',#6283,1.);
#6283 = DIRECTION('',(-0.155518033909,-1.726597019897E-17,0.987833053268
    ));
#6284 = ORIENTED_EDGE('',*,*,#6285,.T.);
#6285 = EDGE_CURVE('',#6278,#5237,#6286,.T.);
#6286 = CIRCLE('',#6287,0.25);
#6287 = AXIS2_PLACEMENT_3D('',#6288,#6289,#6290);
#6288 = CARTESIAN_POINT('',(0.7,0.2,0.475));
#6289 = DIRECTION('',(1.110223024625E-16,-1.,0.));
#6290 = DIRECTION('',(0.984807753012,1.093356242223E-16,0.173648177667)
  );
#6291 = PLANE('',#6292);
#6292 = AXIS2_PLACEMENT_3D('',#6293,#6294,#6295);
#6293 = CARTESIAN_POINT('',(0.931323080229,0.2,0.33452717391));
#6294 = DIRECTION('',(1.110223024625E-16,-1.,0.));
#6295 = DIRECTION('',(0.,0.,1.));
#6296 = ADVANCED_FACE('',(#6297),#6315,.F.);
#6297 = FACE_BOUND('',#6298,.F.);
#6298 = EDGE_LOOP('',(#6299,#6300,#6308,#6314));
#6299 = ORIENTED_EDGE('',*,*,#5501,.T.);
#6300 = ORIENTED_EDGE('',*,*,#6301,.T.);
#6301 = EDGE_CURVE('',#5493,#6302,#6304,.T.);
#6302 = VERTEX_POINT('',#6303);
#6303 = CARTESIAN_POINT('',(0.843471632406,-0.2,0.206587955583));
#6304 = LINE('',#6305,#6306);
#6305 = CARTESIAN_POINT('',(0.798480775301,-0.2,0.492364817767));
#6306 = VECTOR('',#6307,1.);
#6307 = DIRECTION('',(0.155518033909,1.726597019897E-17,-0.987833053268)
  );
#6308 = ORIENTED_EDGE('',*,*,#6309,.F.);
#6309 = EDGE_CURVE('',#6228,#6302,#6310,.T.);
#6310 = LINE('',#6311,#6312);
#6311 = CARTESIAN_POINT('',(0.843471632406,0.2,0.206587955583));
#6312 = VECTOR('',#6313,1.);
#6313 = DIRECTION('',(1.110223024625E-16,-1.,0.));
#6314 = ORIENTED_EDGE('',*,*,#6227,.F.);
#6315 = PLANE('',#6316);
#6316 = AXIS2_PLACEMENT_3D('',#6317,#6318,#6319);
#6317 = CARTESIAN_POINT('',(0.798480775301,0.2,0.492364817767));
#6318 = DIRECTION('',(0.987833053268,1.096715000224E-16,0.155518033909)
  );
#6319 = DIRECTION('',(0.155518033909,1.726597019897E-17,-0.987833053268)
  );
#6320 = ADVANCED_FACE('',(#6321),#6383,.T.);
#6321 = FACE_BOUND('',#6322,.T.);
#6322 = EDGE_LOOP('',(#6323,#6324,#6325,#6326,#6335,#6343,#6351,#6359,
    #6368,#6376));
#6323 = ORIENTED_EDGE('',*,*,#5524,.F.);
#6324 = ORIENTED_EDGE('',*,*,#5492,.T.);
#6325 = ORIENTED_EDGE('',*,*,#6301,.T.);
#6326 = ORIENTED_EDGE('',*,*,#6327,.T.);
#6327 = EDGE_CURVE('',#6302,#6328,#6330,.T.);
#6328 = VERTEX_POINT('',#6329);
#6329 = CARTESIAN_POINT('',(1.089673570659,-0.2,5.551115123126E-17));
#6330 = CIRCLE('',#6331,0.25);
#6331 = AXIS2_PLACEMENT_3D('',#6332,#6333,#6334);
#6332 = CARTESIAN_POINT('',(1.089673570659,-0.2,0.25));
#6333 = DIRECTION('',(1.110223024625E-16,-1.,0.));
#6334 = DIRECTION('',(-0.984807753012,-1.093356242223E-16,
    -0.173648177667));
#6335 = ORIENTED_EDGE('',*,*,#6336,.T.);
#6336 = EDGE_CURVE('',#6328,#6337,#6339,.T.);
#6337 = VERTEX_POINT('',#6338);
#6338 = CARTESIAN_POINT('',(1.25,-0.2,5.551115123126E-17));
#6339 = LINE('',#6340,#6341);
#6340 = CARTESIAN_POINT('',(1.089673570659,-0.2,5.551115123126E-17));
#6341 = VECTOR('',#6342,1.);
#6342 = DIRECTION('',(1.,1.110223024625E-16,0.));
#6343 = ORIENTED_EDGE('',*,*,#6344,.T.);
#6344 = EDGE_CURVE('',#6337,#6345,#6347,.T.);
#6345 = VERTEX_POINT('',#6346);
#6346 = CARTESIAN_POINT('',(1.25,-0.2,0.15));
#6347 = LINE('',#6348,#6349);
#6348 = CARTESIAN_POINT('',(1.25,-0.2,5.551115123126E-17));
#6349 = VECTOR('',#6350,1.);
#6350 = DIRECTION('',(0.,0.,1.));
#6351 = ORIENTED_EDGE('',*,*,#6352,.T.);
#6352 = EDGE_CURVE('',#6345,#6353,#6355,.T.);
#6353 = VERTEX_POINT('',#6354);
#6354 = CARTESIAN_POINT('',(1.089673570659,-0.2,0.15));
#6355 = LINE('',#6356,#6357);
#6356 = CARTESIAN_POINT('',(1.25,-0.2,0.15));
#6357 = VECTOR('',#6358,1.);
#6358 = DIRECTION('',(-1.,-1.110223024625E-16,0.));
#6359 = ORIENTED_EDGE('',*,*,#6360,.T.);
#6360 = EDGE_CURVE('',#6353,#6361,#6363,.T.);
#6361 = VERTEX_POINT('',#6362);
#6362 = CARTESIAN_POINT('',(0.991192795358,-0.2,0.232635182233));
#6363 = CIRCLE('',#6364,0.1);
#6364 = AXIS2_PLACEMENT_3D('',#6365,#6366,#6367);
#6365 = CARTESIAN_POINT('',(1.089673570659,-0.2,0.25));
#6366 = DIRECTION('',(-1.110223024625E-16,1.,0.));
#6367 = DIRECTION('',(2.22044604925E-15,2.465190328815E-31,-1.));
#6368 = ORIENTED_EDGE('',*,*,#6369,.T.);
#6369 = EDGE_CURVE('',#6361,#6370,#6372,.T.);
#6370 = VERTEX_POINT('',#6371);
#6371 = CARTESIAN_POINT('',(0.946201938253,-0.2,0.518412044417));
#6372 = LINE('',#6373,#6374);
#6373 = CARTESIAN_POINT('',(0.991192795358,-0.2,0.232635182233));
#6374 = VECTOR('',#6375,1.);
#6375 = DIRECTION('',(-0.155518033909,-1.726597019897E-17,0.987833053268
    ));
#6376 = ORIENTED_EDGE('',*,*,#6377,.T.);
#6377 = EDGE_CURVE('',#6370,#5525,#6378,.T.);
#6378 = CIRCLE('',#6379,0.25);
#6379 = AXIS2_PLACEMENT_3D('',#6380,#6381,#6382);
#6380 = CARTESIAN_POINT('',(0.7,-0.2,0.475));
#6381 = DIRECTION('',(1.110223024625E-16,-1.,0.));
#6382 = DIRECTION('',(0.984807753012,1.093356242223E-16,0.173648177667)
  );
#6383 = PLANE('',#6384);
#6384 = AXIS2_PLACEMENT_3D('',#6385,#6386,#6387);
#6385 = CARTESIAN_POINT('',(0.931323080229,-0.2,0.33452717391));
#6386 = DIRECTION('',(1.110223024625E-16,-1.,0.));
#6387 = DIRECTION('',(0.,0.,1.));
#6388 = ADVANCED_FACE('',(#6389),#6400,.T.);
#6389 = FACE_BOUND('',#6390,.T.);
#6390 = EDGE_LOOP('',(#6391,#6392,#6393,#6394));
#6391 = ORIENTED_EDGE('',*,*,#6118,.T.);
#6392 = ORIENTED_EDGE('',*,*,#5625,.T.);
#6393 = ORIENTED_EDGE('',*,*,#6210,.F.);
#6394 = ORIENTED_EDGE('',*,*,#6395,.F.);
#6395 = EDGE_CURVE('',#6111,#6203,#6396,.T.);
#6396 = LINE('',#6397,#6398);
#6397 = CARTESIAN_POINT('',(-0.946201938253,0.75,0.518412044417));
#6398 = VECTOR('',#6399,1.);
#6399 = DIRECTION('',(1.144237745222E-17,1.,0.));
#6400 = CYLINDRICAL_SURFACE('',#6401,0.25);
#6401 = AXIS2_PLACEMENT_3D('',#6402,#6403,#6404);
#6402 = CARTESIAN_POINT('',(-0.7,0.75,0.475));
#6403 = DIRECTION('',(-1.144237745222E-17,-1.,0.));
#6404 = DIRECTION('',(-0.984807753012,1.126854202784E-17,0.173648177667)
  );
#6405 = ADVANCED_FACE('',(#6406),#6417,.F.);
#6406 = FACE_BOUND('',#6407,.F.);
#6407 = EDGE_LOOP('',(#6408,#6409,#6415,#6416));
#6408 = ORIENTED_EDGE('',*,*,#5836,.F.);
#6409 = ORIENTED_EDGE('',*,*,#6410,.T.);
#6410 = EDGE_CURVE('',#5339,#5394,#6411,.T.);
#6411 = LINE('',#6412,#6413);
#6412 = CARTESIAN_POINT('',(-0.7,-1.15,0.725));
#6413 = VECTOR('',#6414,1.);
#6414 = DIRECTION('',(1.144237745222E-17,1.,0.));
#6415 = ORIENTED_EDGE('',*,*,#6044,.T.);
#6416 = ORIENTED_EDGE('',*,*,#5656,.F.);
#6417 = PLANE('',#6418);
#6418 = AXIS2_PLACEMENT_3D('',#6419,#6420,#6421);
#6419 = CARTESIAN_POINT('',(-0.7,-1.15,0.725));
#6420 = DIRECTION('',(0.,0.,-1.));
#6421 = DIRECTION('',(1.,-1.144237745222E-17,0.));
#6422 = ADVANCED_FACE('',(#6423,#6452),#6463,.T.);
#6423 = FACE_BOUND('',#6424,.T.);
#6424 = EDGE_LOOP('',(#6425,#6426,#6427,#6428,#6436,#6444,#6450,#6451));
#6425 = ORIENTED_EDGE('',*,*,#5731,.F.);
#6426 = ORIENTED_EDGE('',*,*,#5708,.F.);
#6427 = ORIENTED_EDGE('',*,*,#5679,.F.);
#6428 = ORIENTED_EDGE('',*,*,#6429,.F.);
#6429 = EDGE_CURVE('',#6430,#5680,#6432,.T.);
#6430 = VERTEX_POINT('',#6431);
#6431 = CARTESIAN_POINT('',(-0.559121551758,-1.408243103516,1.2));
#6432 = LINE('',#6433,#6434);
#6433 = CARTESIAN_POINT('',(-0.559121551758,-1.408243103516,1.2));
#6434 = VECTOR('',#6435,1.);
#6435 = DIRECTION('',(-0.707106781187,0.707106781187,0.));
#6436 = ORIENTED_EDGE('',*,*,#6437,.F.);
#6437 = EDGE_CURVE('',#6438,#6430,#6440,.T.);
#6438 = VERTEX_POINT('',#6439);
#6439 = CARTESIAN_POINT('',(0.559121551758,-1.408243103516,1.2));
#6440 = LINE('',#6441,#6442);
#6441 = CARTESIAN_POINT('',(0.559121551758,-1.408243103516,1.2));
#6442 = VECTOR('',#6443,1.);
#6443 = DIRECTION('',(-1.,-1.110223024625E-16,0.));
#6444 = ORIENTED_EDGE('',*,*,#6445,.F.);
#6445 = EDGE_CURVE('',#5787,#6438,#6446,.T.);
#6446 = LINE('',#6447,#6448);
#6447 = CARTESIAN_POINT('',(0.608243103516,-1.359121551758,1.2));
#6448 = VECTOR('',#6449,1.);
#6449 = DIRECTION('',(-0.707106781187,-0.707106781187,0.));
#6450 = ORIENTED_EDGE('',*,*,#5793,.F.);
#6451 = ORIENTED_EDGE('',*,*,#5754,.F.);
#6452 = FACE_BOUND('',#6453,.T.);
#6453 = EDGE_LOOP('',(#6454));
#6454 = ORIENTED_EDGE('',*,*,#6455,.T.);
#6455 = EDGE_CURVE('',#6456,#6456,#6458,.T.);
#6456 = VERTEX_POINT('',#6457);
#6457 = CARTESIAN_POINT('',(-0.428243103516,1.178243103516,1.2));
#6458 = CIRCLE('',#6459,5.E-02);
#6459 = AXIS2_PLACEMENT_3D('',#6460,#6461,#6462);
#6460 = CARTESIAN_POINT('',(-0.428243103516,1.228243103516,1.2));
#6461 = DIRECTION('',(0.,-0.,-1.));
#6462 = DIRECTION('',(1.110223024625E-16,-1.,0.));
#6463 = PLANE('',#6464);
#6464 = AXIS2_PLACEMENT_3D('',#6465,#6466,#6467);
#6465 = CARTESIAN_POINT('',(-0.559121551758,1.408243103516,1.2));
#6466 = DIRECTION('',(0.,0.,1.));
#6467 = DIRECTION('',(0.369013679242,-0.929423963825,0.));
#6468 = ADVANCED_FACE('',(#6469),#6479,.F.);
#6469 = FACE_BOUND('',#6470,.F.);
#6470 = EDGE_LOOP('',(#6471,#6472,#6473,#6474));
#6471 = ORIENTED_EDGE('',*,*,#5843,.T.);
#6472 = ORIENTED_EDGE('',*,*,#5687,.T.);
#6473 = ORIENTED_EDGE('',*,*,#6429,.F.);
#6474 = ORIENTED_EDGE('',*,*,#6475,.F.);
#6475 = EDGE_CURVE('',#5844,#6430,#6476,.T.);
#6476 = B_SPLINE_CURVE_WITH_KNOTS('',1,(#6477,#6478),.UNSPECIFIED.,.F.,
  .F.,(2,2),(0.,1.),.PIECEWISE_BEZIER_KNOTS.);
#6477 = CARTESIAN_POINT('',(-0.5925,-1.475,0.725));
#6478 = CARTESIAN_POINT('',(-0.559121551758,-1.408243103516,1.2));
#6479 = B_SPLINE_SURFACE_WITH_KNOTS('',1,1,(
    (#6480,#6481)
    ,(#6482,#6483
    )),.UNSPECIFIED.,.F.,.F.,.F.,(2,2),(2,2),(0.,0.116672618896),(0.,1.)
  ,.PIECEWISE_BEZIER_KNOTS.);
#6480 = CARTESIAN_POINT('',(-0.5925,-1.475,0.725));
#6481 = CARTESIAN_POINT('',(-0.559121551758,-1.408243103516,1.2));
#6482 = CARTESIAN_POINT('',(-0.675,-1.3925,0.725));
#6483 = CARTESIAN_POINT('',(-0.608243103516,-1.359121551758,1.2));
#6484 = ADVANCED_FACE('',(#6485),#6495,.F.);
#6485 = FACE_BOUND('',#6486,.F.);
#6486 = EDGE_LOOP('',(#6487,#6488,#6493,#6494));
#6487 = ORIENTED_EDGE('',*,*,#5859,.T.);
#6488 = ORIENTED_EDGE('',*,*,#6489,.T.);
#6489 = EDGE_CURVE('',#5852,#6438,#6490,.T.);
#6490 = B_SPLINE_CURVE_WITH_KNOTS('',1,(#6491,#6492),.UNSPECIFIED.,.F.,
  .F.,(2,2),(0.,1.),.PIECEWISE_BEZIER_KNOTS.);
#6491 = CARTESIAN_POINT('',(0.5925,-1.475,0.725));
#6492 = CARTESIAN_POINT('',(0.559121551758,-1.408243103516,1.2));
#6493 = ORIENTED_EDGE('',*,*,#6445,.F.);
#6494 = ORIENTED_EDGE('',*,*,#5786,.F.);
#6495 = B_SPLINE_SURFACE_WITH_KNOTS('',1,1,(
    (#6496,#6497)
    ,(#6498,#6499
    )),.UNSPECIFIED.,.F.,.F.,.F.,(2,2),(2,2),(0.,0.116672618896),(0.,1.)
  ,.PIECEWISE_BEZIER_KNOTS.);
#6496 = CARTESIAN_POINT('',(0.675,-1.3925,0.725));
#6497 = CARTESIAN_POINT('',(0.608243103516,-1.359121551758,1.2));
#6498 = CARTESIAN_POINT('',(0.5925,-1.475,0.725));
#6499 = CARTESIAN_POINT('',(0.559121551758,-1.408243103516,1.2));
#6500 = ADVANCED_FACE('',(#6501),#6512,.T.);
#6501 = FACE_BOUND('',#6502,.T.);
#6502 = EDGE_LOOP('',(#6503,#6504,#6505,#6506));
#6503 = ORIENTED_EDGE('',*,*,#6285,.T.);
#6504 = ORIENTED_EDGE('',*,*,#5809,.T.);
#6505 = ORIENTED_EDGE('',*,*,#6377,.F.);
#6506 = ORIENTED_EDGE('',*,*,#6507,.F.);
#6507 = EDGE_CURVE('',#6278,#6370,#6508,.T.);
#6508 = LINE('',#6509,#6510);
#6509 = CARTESIAN_POINT('',(0.946201938253,0.2,0.518412044417));
#6510 = VECTOR('',#6511,1.);
#6511 = DIRECTION('',(1.110223024625E-16,-1.,0.));
#6512 = CYLINDRICAL_SURFACE('',#6513,0.25);
#6513 = AXIS2_PLACEMENT_3D('',#6514,#6515,#6516);
#6514 = CARTESIAN_POINT('',(0.7,0.2,0.475));
#6515 = DIRECTION('',(-1.110223024625E-16,1.,0.));
#6516 = DIRECTION('',(0.984807753012,1.093356242223E-16,0.173648177667)
  );
#6517 = ADVANCED_FACE('',(#6518),#6524,.F.);
#6518 = FACE_BOUND('',#6519,.F.);
#6519 = EDGE_LOOP('',(#6520,#6521,#6522,#6523));
#6520 = ORIENTED_EDGE('',*,*,#5851,.T.);
#6521 = ORIENTED_EDGE('',*,*,#6475,.T.);
#6522 = ORIENTED_EDGE('',*,*,#6437,.F.);
#6523 = ORIENTED_EDGE('',*,*,#6489,.F.);
#6524 = B_SPLINE_SURFACE_WITH_KNOTS('',1,1,(
    (#6525,#6526)
    ,(#6527,#6528
    )),.UNSPECIFIED.,.F.,.F.,.F.,(2,2),(2,2),(0.,1.185),(0.,1.),
  .PIECEWISE_BEZIER_KNOTS.);
#6525 = CARTESIAN_POINT('',(0.5925,-1.475,0.725));
#6526 = CARTESIAN_POINT('',(0.559121551758,-1.408243103516,1.2));
#6527 = CARTESIAN_POINT('',(-0.5925,-1.475,0.725));
#6528 = CARTESIAN_POINT('',(-0.559121551758,-1.408243103516,1.2));
#6529 = ADVANCED_FACE('',(#6530),#6541,.T.);
#6530 = FACE_BOUND('',#6531,.T.);
#6531 = EDGE_LOOP('',(#6532,#6533,#6534,#6535));
#6532 = ORIENTED_EDGE('',*,*,#5934,.T.);
#6533 = ORIENTED_EDGE('',*,*,#6410,.T.);
#6534 = ORIENTED_EDGE('',*,*,#6026,.F.);
#6535 = ORIENTED_EDGE('',*,*,#6536,.F.);
#6536 = EDGE_CURVE('',#5927,#6019,#6537,.T.);
#6537 = LINE('',#6538,#6539);
#6538 = CARTESIAN_POINT('',(-0.946201938253,-1.15,0.518412044417));
#6539 = VECTOR('',#6540,1.);
#6540 = DIRECTION('',(1.144237745222E-17,1.,0.));
#6541 = CYLINDRICAL_SURFACE('',#6542,0.25);
#6542 = AXIS2_PLACEMENT_3D('',#6543,#6544,#6545);
#6543 = CARTESIAN_POINT('',(-0.7,-1.15,0.475));
#6544 = DIRECTION('',(-1.144237745222E-17,-1.,0.));
#6545 = DIRECTION('',(-0.984807753012,1.126854202784E-17,0.173648177667)
  );
#6546 = ADVANCED_FACE('',(#6547),#6558,.F.);
#6547 = FACE_BOUND('',#6548,.F.);
#6548 = EDGE_LOOP('',(#6549,#6555,#6556,#6557));
#6549 = ORIENTED_EDGE('',*,*,#6550,.T.);
#6550 = EDGE_CURVE('',#5918,#6010,#6551,.T.);
#6551 = LINE('',#6552,#6553);
#6552 = CARTESIAN_POINT('',(-0.991192795358,-1.15,0.232635182233));
#6553 = VECTOR('',#6554,1.);
#6554 = DIRECTION('',(1.144237745222E-17,1.,0.));
#6555 = ORIENTED_EDGE('',*,*,#6018,.T.);
#6556 = ORIENTED_EDGE('',*,*,#6536,.F.);
#6557 = ORIENTED_EDGE('',*,*,#5926,.F.);
#6558 = PLANE('',#6559);
#6559 = AXIS2_PLACEMENT_3D('',#6560,#6561,#6562);
#6560 = CARTESIAN_POINT('',(-0.991192795358,-1.15,0.232635182233));
#6561 = DIRECTION('',(0.987833053268,-1.130315865527E-17,-0.155518033909
    ));
#6562 = DIRECTION('',(0.155518033909,-1.779496044609E-18,0.987833053268)
  );
#6563 = ADVANCED_FACE('',(#6564),#6575,.F.);
#6564 = FACE_BOUND('',#6565,.F.);
#6565 = EDGE_LOOP('',(#6566,#6572,#6573,#6574));
#6566 = ORIENTED_EDGE('',*,*,#6567,.T.);
#6567 = EDGE_CURVE('',#5910,#6002,#6568,.T.);
#6568 = LINE('',#6569,#6570);
#6569 = CARTESIAN_POINT('',(-1.089673570659,-1.15,0.15));
#6570 = VECTOR('',#6571,1.);
#6571 = DIRECTION('',(1.144237745222E-17,1.,0.));
#6572 = ORIENTED_EDGE('',*,*,#6009,.T.);
#6573 = ORIENTED_EDGE('',*,*,#6550,.F.);
#6574 = ORIENTED_EDGE('',*,*,#5917,.F.);
#6575 = CYLINDRICAL_SURFACE('',#6576,0.1);
#6576 = AXIS2_PLACEMENT_3D('',#6577,#6578,#6579);
#6577 = CARTESIAN_POINT('',(-1.089673570659,-1.15,0.25));
#6578 = DIRECTION('',(-1.144237745222E-17,-1.,0.));
#6579 = DIRECTION('',(-2.22044604925E-15,2.540718180781E-32,-1.));
#6580 = ADVANCED_FACE('',(#6581),#6592,.F.);
#6581 = FACE_BOUND('',#6582,.F.);
#6582 = EDGE_LOOP('',(#6583,#6589,#6590,#6591));
#6583 = ORIENTED_EDGE('',*,*,#6584,.T.);
#6584 = EDGE_CURVE('',#5902,#5994,#6585,.T.);
#6585 = LINE('',#6586,#6587);
#6586 = CARTESIAN_POINT('',(-1.25,-1.15,0.15));
#6587 = VECTOR('',#6588,1.);
#6588 = DIRECTION('',(1.144237745222E-17,1.,0.));
#6589 = ORIENTED_EDGE('',*,*,#6001,.T.);
#6590 = ORIENTED_EDGE('',*,*,#6567,.F.);
#6591 = ORIENTED_EDGE('',*,*,#5909,.F.);
#6592 = PLANE('',#6593);
#6593 = AXIS2_PLACEMENT_3D('',#6594,#6595,#6596);
#6594 = CARTESIAN_POINT('',(-1.25,-1.15,0.15));
#6595 = DIRECTION('',(0.,0.,-1.));
#6596 = DIRECTION('',(1.,-1.144237745222E-17,0.));
#6597 = ADVANCED_FACE('',(#6598),#6609,.F.);
#6598 = FACE_BOUND('',#6599,.F.);
#6599 = EDGE_LOOP('',(#6600,#6606,#6607,#6608));
#6600 = ORIENTED_EDGE('',*,*,#6601,.T.);
#6601 = EDGE_CURVE('',#5894,#5986,#6602,.T.);
#6602 = LINE('',#6603,#6604);
#6603 = CARTESIAN_POINT('',(-1.25,-1.15,5.551115123126E-17));
#6604 = VECTOR('',#6605,1.);
#6605 = DIRECTION('',(1.144237745222E-17,1.,0.));
#6606 = ORIENTED_EDGE('',*,*,#5993,.T.);
#6607 = ORIENTED_EDGE('',*,*,#6584,.F.);
#6608 = ORIENTED_EDGE('',*,*,#5901,.F.);
#6609 = PLANE('',#6610);
#6610 = AXIS2_PLACEMENT_3D('',#6611,#6612,#6613);
#6611 = CARTESIAN_POINT('',(-1.25,-1.15,5.551115123126E-17));
#6612 = DIRECTION('',(1.,-1.144237745222E-17,0.));
#6613 = DIRECTION('',(0.,0.,1.));
#6614 = ADVANCED_FACE('',(#6615),#6626,.F.);
#6615 = FACE_BOUND('',#6616,.F.);
#6616 = EDGE_LOOP('',(#6617,#6623,#6624,#6625));
#6617 = ORIENTED_EDGE('',*,*,#6618,.T.);
#6618 = EDGE_CURVE('',#5885,#5977,#6619,.T.);
#6619 = LINE('',#6620,#6621);
#6620 = CARTESIAN_POINT('',(-1.089673570659,-1.15,5.551115123126E-17));
#6621 = VECTOR('',#6622,1.);
#6622 = DIRECTION('',(1.144237745222E-17,1.,0.));
#6623 = ORIENTED_EDGE('',*,*,#5985,.T.);
#6624 = ORIENTED_EDGE('',*,*,#6601,.F.);
#6625 = ORIENTED_EDGE('',*,*,#5893,.F.);
#6626 = PLANE('',#6627);
#6627 = AXIS2_PLACEMENT_3D('',#6628,#6629,#6630);
#6628 = CARTESIAN_POINT('',(-1.089673570659,-1.15,5.551115123126E-17));
#6629 = DIRECTION('',(0.,0.,1.));
#6630 = DIRECTION('',(-1.,1.144237745222E-17,0.));
#6631 = ADVANCED_FACE('',(#6632),#6638,.T.);
#6632 = FACE_BOUND('',#6633,.T.);
#6633 = EDGE_LOOP('',(#6634,#6635,#6636,#6637));
#6634 = ORIENTED_EDGE('',*,*,#5884,.T.);
#6635 = ORIENTED_EDGE('',*,*,#6618,.T.);
#6636 = ORIENTED_EDGE('',*,*,#5976,.F.);
#6637 = ORIENTED_EDGE('',*,*,#5958,.F.);
#6638 = CYLINDRICAL_SURFACE('',#6639,0.25);
#6639 = AXIS2_PLACEMENT_3D('',#6640,#6641,#6642);
#6640 = CARTESIAN_POINT('',(-1.089673570659,-1.15,0.25));
#6641 = DIRECTION('',(-1.144237745222E-17,-1.,0.));
#6642 = DIRECTION('',(0.984807753012,-1.126854202784E-17,-0.173648177667
    ));
#6643 = ADVANCED_FACE('',(#6644),#6655,.F.);
#6644 = FACE_BOUND('',#6645,.F.);
#6645 = EDGE_LOOP('',(#6646,#6652,#6653,#6654));
#6646 = ORIENTED_EDGE('',*,*,#6647,.T.);
#6647 = EDGE_CURVE('',#6102,#6194,#6648,.T.);
#6648 = LINE('',#6649,#6650);
#6649 = CARTESIAN_POINT('',(-0.991192795358,0.75,0.232635182233));
#6650 = VECTOR('',#6651,1.);
#6651 = DIRECTION('',(1.144237745222E-17,1.,0.));
#6652 = ORIENTED_EDGE('',*,*,#6202,.T.);
#6653 = ORIENTED_EDGE('',*,*,#6395,.F.);
#6654 = ORIENTED_EDGE('',*,*,#6110,.F.);
#6655 = PLANE('',#6656);
#6656 = AXIS2_PLACEMENT_3D('',#6657,#6658,#6659);
#6657 = CARTESIAN_POINT('',(-0.991192795358,0.75,0.232635182233));
#6658 = DIRECTION('',(0.987833053268,-1.130315865527E-17,-0.155518033909
    ));
#6659 = DIRECTION('',(0.155518033909,-1.779496044609E-18,0.987833053268)
  );
#6660 = ADVANCED_FACE('',(#6661),#6672,.F.);
#6661 = FACE_BOUND('',#6662,.F.);
#6662 = EDGE_LOOP('',(#6663,#6669,#6670,#6671));
#6663 = ORIENTED_EDGE('',*,*,#6664,.T.);
#6664 = EDGE_CURVE('',#6094,#6186,#6665,.T.);
#6665 = LINE('',#6666,#6667);
#6666 = CARTESIAN_POINT('',(-1.089673570659,0.75,0.15));
#6667 = VECTOR('',#6668,1.);
#6668 = DIRECTION('',(1.144237745222E-17,1.,0.));
#6669 = ORIENTED_EDGE('',*,*,#6193,.T.);
#6670 = ORIENTED_EDGE('',*,*,#6647,.F.);
#6671 = ORIENTED_EDGE('',*,*,#6101,.F.);
#6672 = CYLINDRICAL_SURFACE('',#6673,0.1);
#6673 = AXIS2_PLACEMENT_3D('',#6674,#6675,#6676);
#6674 = CARTESIAN_POINT('',(-1.089673570659,0.75,0.25));
#6675 = DIRECTION('',(-1.144237745222E-17,-1.,0.));
#6676 = DIRECTION('',(-2.22044604925E-15,2.540718180781E-32,-1.));
#6677 = ADVANCED_FACE('',(#6678),#6689,.F.);
#6678 = FACE_BOUND('',#6679,.F.);
#6679 = EDGE_LOOP('',(#6680,#6686,#6687,#6688));
#6680 = ORIENTED_EDGE('',*,*,#6681,.T.);
#6681 = EDGE_CURVE('',#6086,#6178,#6682,.T.);
#6682 = LINE('',#6683,#6684);
#6683 = CARTESIAN_POINT('',(-1.25,0.75,0.15));
#6684 = VECTOR('',#6685,1.);
#6685 = DIRECTION('',(1.144237745222E-17,1.,0.));
#6686 = ORIENTED_EDGE('',*,*,#6185,.T.);
#6687 = ORIENTED_EDGE('',*,*,#6664,.F.);
#6688 = ORIENTED_EDGE('',*,*,#6093,.F.);
#6689 = PLANE('',#6690);
#6690 = AXIS2_PLACEMENT_3D('',#6691,#6692,#6693);
#6691 = CARTESIAN_POINT('',(-1.25,0.75,0.15));
#6692 = DIRECTION('',(0.,0.,-1.));
#6693 = DIRECTION('',(1.,-1.144237745222E-17,0.));
#6694 = ADVANCED_FACE('',(#6695),#6706,.F.);
#6695 = FACE_BOUND('',#6696,.F.);
#6696 = EDGE_LOOP('',(#6697,#6703,#6704,#6705));
#6697 = ORIENTED_EDGE('',*,*,#6698,.T.);
#6698 = EDGE_CURVE('',#6078,#6170,#6699,.T.);
#6699 = LINE('',#6700,#6701);
#6700 = CARTESIAN_POINT('',(-1.25,0.75,5.551115123126E-17));
#6701 = VECTOR('',#6702,1.);
#6702 = DIRECTION('',(1.144237745222E-17,1.,0.));
#6703 = ORIENTED_EDGE('',*,*,#6177,.T.);
#6704 = ORIENTED_EDGE('',*,*,#6681,.F.);
#6705 = ORIENTED_EDGE('',*,*,#6085,.F.);
#6706 = PLANE('',#6707);
#6707 = AXIS2_PLACEMENT_3D('',#6708,#6709,#6710);
#6708 = CARTESIAN_POINT('',(-1.25,0.75,5.551115123126E-17));
#6709 = DIRECTION('',(1.,-1.144237745222E-17,0.));
#6710 = DIRECTION('',(0.,0.,1.));
#6711 = ADVANCED_FACE('',(#6712),#6723,.F.);
#6712 = FACE_BOUND('',#6713,.F.);
#6713 = EDGE_LOOP('',(#6714,#6720,#6721,#6722));
#6714 = ORIENTED_EDGE('',*,*,#6715,.T.);
#6715 = EDGE_CURVE('',#6069,#6161,#6716,.T.);
#6716 = LINE('',#6717,#6718);
#6717 = CARTESIAN_POINT('',(-1.089673570659,0.75,5.551115123126E-17));
#6718 = VECTOR('',#6719,1.);
#6719 = DIRECTION('',(1.144237745222E-17,1.,0.));
#6720 = ORIENTED_EDGE('',*,*,#6169,.T.);
#6721 = ORIENTED_EDGE('',*,*,#6698,.F.);
#6722 = ORIENTED_EDGE('',*,*,#6077,.F.);
#6723 = PLANE('',#6724);
#6724 = AXIS2_PLACEMENT_3D('',#6725,#6726,#6727);
#6725 = CARTESIAN_POINT('',(-1.089673570659,0.75,5.551115123126E-17));
#6726 = DIRECTION('',(0.,0.,1.));
#6727 = DIRECTION('',(-1.,1.144237745222E-17,0.));
#6728 = ADVANCED_FACE('',(#6729),#6735,.T.);
#6729 = FACE_BOUND('',#6730,.T.);
#6730 = EDGE_LOOP('',(#6731,#6732,#6733,#6734));
#6731 = ORIENTED_EDGE('',*,*,#6068,.T.);
#6732 = ORIENTED_EDGE('',*,*,#6715,.T.);
#6733 = ORIENTED_EDGE('',*,*,#6160,.F.);
#6734 = ORIENTED_EDGE('',*,*,#6142,.F.);
#6735 = CYLINDRICAL_SURFACE('',#6736,0.25);
#6736 = AXIS2_PLACEMENT_3D('',#6737,#6738,#6739);
#6737 = CARTESIAN_POINT('',(-1.089673570659,0.75,0.25));
#6738 = DIRECTION('',(-1.144237745222E-17,-1.,0.));
#6739 = DIRECTION('',(0.984807753012,-1.126854202784E-17,-0.173648177667
    ));
#6740 = ADVANCED_FACE('',(#6741),#6752,.F.);
#6741 = FACE_BOUND('',#6742,.F.);
#6742 = EDGE_LOOP('',(#6743,#6749,#6750,#6751));
#6743 = ORIENTED_EDGE('',*,*,#6744,.T.);
#6744 = EDGE_CURVE('',#6269,#6361,#6745,.T.);
#6745 = LINE('',#6746,#6747);
#6746 = CARTESIAN_POINT('',(0.991192795358,0.2,0.232635182233));
#6747 = VECTOR('',#6748,1.);
#6748 = DIRECTION('',(1.110223024625E-16,-1.,0.));
#6749 = ORIENTED_EDGE('',*,*,#6369,.T.);
#6750 = ORIENTED_EDGE('',*,*,#6507,.F.);
#6751 = ORIENTED_EDGE('',*,*,#6277,.F.);
#6752 = PLANE('',#6753);
#6753 = AXIS2_PLACEMENT_3D('',#6754,#6755,#6756);
#6754 = CARTESIAN_POINT('',(0.991192795358,0.2,0.232635182233));
#6755 = DIRECTION('',(-0.987833053268,-1.096715000224E-16,
    -0.155518033909));
#6756 = DIRECTION('',(-0.155518033909,-1.726597019897E-17,0.987833053268
    ));
#6757 = ADVANCED_FACE('',(#6758),#6769,.F.);
#6758 = FACE_BOUND('',#6759,.F.);
#6759 = EDGE_LOOP('',(#6760,#6766,#6767,#6768));
#6760 = ORIENTED_EDGE('',*,*,#6761,.T.);
#6761 = EDGE_CURVE('',#6261,#6353,#6762,.T.);
#6762 = LINE('',#6763,#6764);
#6763 = CARTESIAN_POINT('',(1.089673570659,0.2,0.15));
#6764 = VECTOR('',#6765,1.);
#6765 = DIRECTION('',(1.110223024625E-16,-1.,0.));
#6766 = ORIENTED_EDGE('',*,*,#6360,.T.);
#6767 = ORIENTED_EDGE('',*,*,#6744,.F.);
#6768 = ORIENTED_EDGE('',*,*,#6268,.F.);
#6769 = CYLINDRICAL_SURFACE('',#6770,0.1);
#6770 = AXIS2_PLACEMENT_3D('',#6771,#6772,#6773);
#6771 = CARTESIAN_POINT('',(1.089673570659,0.2,0.25));
#6772 = DIRECTION('',(-1.110223024625E-16,1.,0.));
#6773 = DIRECTION('',(2.22044604925E-15,2.465190328815E-31,-1.));
#6774 = ADVANCED_FACE('',(#6775),#6786,.F.);
#6775 = FACE_BOUND('',#6776,.F.);
#6776 = EDGE_LOOP('',(#6777,#6783,#6784,#6785));
#6777 = ORIENTED_EDGE('',*,*,#6778,.T.);
#6778 = EDGE_CURVE('',#6253,#6345,#6779,.T.);
#6779 = LINE('',#6780,#6781);
#6780 = CARTESIAN_POINT('',(1.25,0.2,0.15));
#6781 = VECTOR('',#6782,1.);
#6782 = DIRECTION('',(1.110223024625E-16,-1.,0.));
#6783 = ORIENTED_EDGE('',*,*,#6352,.T.);
#6784 = ORIENTED_EDGE('',*,*,#6761,.F.);
#6785 = ORIENTED_EDGE('',*,*,#6260,.F.);
#6786 = PLANE('',#6787);
#6787 = AXIS2_PLACEMENT_3D('',#6788,#6789,#6790);
#6788 = CARTESIAN_POINT('',(1.25,0.2,0.15));
#6789 = DIRECTION('',(0.,0.,-1.));
#6790 = DIRECTION('',(-1.,-1.110223024625E-16,-0.));
#6791 = ADVANCED_FACE('',(#6792),#6803,.F.);
#6792 = FACE_BOUND('',#6793,.F.);
#6793 = EDGE_LOOP('',(#6794,#6800,#6801,#6802));
#6794 = ORIENTED_EDGE('',*,*,#6795,.T.);
#6795 = EDGE_CURVE('',#6245,#6337,#6796,.T.);
#6796 = LINE('',#6797,#6798);
#6797 = CARTESIAN_POINT('',(1.25,0.2,5.551115123126E-17));
#6798 = VECTOR('',#6799,1.);
#6799 = DIRECTION('',(1.110223024625E-16,-1.,0.));
#6800 = ORIENTED_EDGE('',*,*,#6344,.T.);
#6801 = ORIENTED_EDGE('',*,*,#6778,.F.);
#6802 = ORIENTED_EDGE('',*,*,#6252,.F.);
#6803 = PLANE('',#6804);
#6804 = AXIS2_PLACEMENT_3D('',#6805,#6806,#6807);
#6805 = CARTESIAN_POINT('',(1.25,0.2,5.551115123126E-17));
#6806 = DIRECTION('',(-1.,-1.110223024625E-16,0.));
#6807 = DIRECTION('',(0.,0.,1.));
#6808 = ADVANCED_FACE('',(#6809),#6820,.F.);
#6809 = FACE_BOUND('',#6810,.F.);
#6810 = EDGE_LOOP('',(#6811,#6817,#6818,#6819));
#6811 = ORIENTED_EDGE('',*,*,#6812,.T.);
#6812 = EDGE_CURVE('',#6236,#6328,#6813,.T.);
#6813 = LINE('',#6814,#6815);
#6814 = CARTESIAN_POINT('',(1.089673570659,0.2,5.551115123126E-17));
#6815 = VECTOR('',#6816,1.);
#6816 = DIRECTION('',(1.110223024625E-16,-1.,0.));
#6817 = ORIENTED_EDGE('',*,*,#6336,.T.);
#6818 = ORIENTED_EDGE('',*,*,#6795,.F.);
#6819 = ORIENTED_EDGE('',*,*,#6244,.F.);
#6820 = PLANE('',#6821);
#6821 = AXIS2_PLACEMENT_3D('',#6822,#6823,#6824);
#6822 = CARTESIAN_POINT('',(1.089673570659,0.2,5.551115123126E-17));
#6823 = DIRECTION('',(0.,0.,1.));
#6824 = DIRECTION('',(1.,1.110223024625E-16,-0.));
#6825 = ADVANCED_FACE('',(#6826),#6832,.T.);
#6826 = FACE_BOUND('',#6827,.T.);
#6827 = EDGE_LOOP('',(#6828,#6829,#6830,#6831));
#6828 = ORIENTED_EDGE('',*,*,#6235,.T.);
#6829 = ORIENTED_EDGE('',*,*,#6812,.T.);
#6830 = ORIENTED_EDGE('',*,*,#6327,.F.);
#6831 = ORIENTED_EDGE('',*,*,#6309,.F.);
#6832 = CYLINDRICAL_SURFACE('',#6833,0.25);
#6833 = AXIS2_PLACEMENT_3D('',#6834,#6835,#6836);
#6834 = CARTESIAN_POINT('',(1.089673570659,0.2,0.25));
#6835 = DIRECTION('',(-1.110223024625E-16,1.,0.));
#6836 = DIRECTION('',(-0.984807753012,-1.093356242223E-16,
    -0.173648177667));
#6837 = ADVANCED_FACE('',(#6838),#6841,.F.);
#6838 = FACE_BOUND('',#6839,.T.);
#6839 = EDGE_LOOP('',(#6840));
#6840 = ORIENTED_EDGE('',*,*,#6455,.F.);
#6841 = PLANE('',#6842);
#6842 = AXIS2_PLACEMENT_3D('',#6843,#6844,#6845);
#6843 = CARTESIAN_POINT('',(-0.428243103516,1.228243103516,1.2));
#6844 = DIRECTION('',(0.,0.,-1.));
#6845 = DIRECTION('',(1.110223024625E-16,-1.,0.));
#6846 = ( GEOMETRIC_REPRESENTATION_CONTEXT(3) 
GLOBAL_UNCERTAINTY_ASSIGNED_CONTEXT((#6850)) 
GLOBAL_UNIT_ASSIGNED_CONTEXT((#6847,#6848,#6849)) REPRESENTATION_CONTEXT
('Context #1','3D Context with UNIT and UNCERTAINTY') );
#6847 = ( LENGTH_UNIT() NAMED_UNIT(*) SI_UNIT(.MILLI.,.METRE.) );
#6848 = ( NAMED_UNIT(*) PLANE_ANGLE_UNIT() SI_UNIT($,.RADIAN.) );
#6849 = ( NAMED_UNIT(*) SI_UNIT($,.STERADIAN.) SOLID_ANGLE_UNIT() );
#6850 = UNCERTAINTY_MEASURE_WITH_UNIT(LENGTH_MEASURE(1.E-07),#6847,
  'distance_accuracy_value','confusion accuracy');
#6851 = CONTEXT_DEPENDENT_SHAPE_REPRESENTATION(#6852,#6854);
#6852 = ( REPRESENTATION_RELATIONSHIP('','',#4863,#10) 
REPRESENTATION_RELATIONSHIP_WITH_TRANSFORMATION(#6853) 
SHAPE_REPRESENTATION_RELATIONSHIP() );
#6853 = ITEM_DEFINED_TRANSFORMATION('','',#11,#47);
#6854 = PRODUCT_DEFINITION_SHAPE('Placement','Placement of an item',
  #6855);
#6855 = NEXT_ASSEMBLY_USAGE_OCCURRENCE('9','Q1','',#5,#4858,$);
#6856 = PRODUCT_RELATED_PRODUCT_CATEGORY('part',$,(#4860));
#6857 = SHAPE_DEFINITION_REPRESENTATION(#6858,#6864);
#6858 = PRODUCT_DEFINITION_SHAPE('','',#6859);
#6859 = PRODUCT_DEFINITION('design','',#6860,#6863);
#6860 = PRODUCT_DEFINITION_FORMATION('','',#6861);
#6861 = PRODUCT('kibot_wajjlnd6_PCB','kibot_wajjlnd6_PCB','',(#6862));
#6862 = PRODUCT_CONTEXT('',#2,'mechanical');
#6863 = PRODUCT_DEFINITION_CONTEXT('part definition',#2,'design');
#6864 = ADVANCED_BREP_SHAPE_REPRESENTATION('',(#11,#6865),#7857);
#6865 = MANIFOLD_SOLID_BREP('',#6866);
#6866 = CLOSED_SHELL('',(#6867,#6907,#6938,#6969,#7220,#7471,#7483,#7500
    ,#7522,#7539,#7556,#7568,#7585,#7602,#7619,#7636,#7653,#7670,#7687,
    #7704,#7721,#7738,#7755,#7772,#7789,#7806,#7823,#7840));
#6867 = ADVANCED_FACE('',(#6868),#6902,.T.);
#6868 = FACE_BOUND('',#6869,.T.);
#6869 = EDGE_LOOP('',(#6870,#6880,#6888,#6896));
#6870 = ORIENTED_EDGE('',*,*,#6871,.T.);
#6871 = EDGE_CURVE('',#6872,#6874,#6876,.T.);
#6872 = VERTEX_POINT('',#6873);
#6873 = CARTESIAN_POINT('',(147.42,-116.58,0.));
#6874 = VERTEX_POINT('',#6875);
#6875 = CARTESIAN_POINT('',(147.42,-116.58,1.51));
#6876 = LINE('',#6877,#6878);
#6877 = CARTESIAN_POINT('',(147.42,-116.58,0.));
#6878 = VECTOR('',#6879,1.);
#6879 = DIRECTION('',(0.,0.,1.));
#6880 = ORIENTED_EDGE('',*,*,#6881,.T.);
#6881 = EDGE_CURVE('',#6874,#6882,#6884,.T.);
#6882 = VERTEX_POINT('',#6883);
#6883 = CARTESIAN_POINT('',(106.934,-116.58,1.51));
#6884 = LINE('',#6885,#6886);
#6885 = CARTESIAN_POINT('',(147.42,-116.58,1.51));
#6886 = VECTOR('',#6887,1.);
#6887 = DIRECTION('',(-1.,0.,0.));
#6888 = ORIENTED_EDGE('',*,*,#6889,.F.);
#6889 = EDGE_CURVE('',#6890,#6882,#6892,.T.);
#6890 = VERTEX_POINT('',#6891);
#6891 = CARTESIAN_POINT('',(106.934,-116.58,0.));
#6892 = LINE('',#6893,#6894);
#6893 = CARTESIAN_POINT('',(106.934,-116.58,0.));
#6894 = VECTOR('',#6895,1.);
#6895 = DIRECTION('',(0.,0.,1.));
#6896 = ORIENTED_EDGE('',*,*,#6897,.F.);
#6897 = EDGE_CURVE('',#6872,#6890,#6898,.T.);
#6898 = LINE('',#6899,#6900);
#6899 = CARTESIAN_POINT('',(147.42,-116.58,0.));
#6900 = VECTOR('',#6901,1.);
#6901 = DIRECTION('',(-1.,0.,0.));
#6902 = PLANE('',#6903);
#6903 = AXIS2_PLACEMENT_3D('',#6904,#6905,#6906);
#6904 = CARTESIAN_POINT('',(147.42,-116.58,0.));
#6905 = DIRECTION('',(0.,-1.,0.));
#6906 = DIRECTION('',(-1.,0.,0.));
#6907 = ADVANCED_FACE('',(#6908),#6933,.T.);
#6908 = FACE_BOUND('',#6909,.T.);
#6909 = EDGE_LOOP('',(#6910,#6920,#6926,#6927));
#6910 = ORIENTED_EDGE('',*,*,#6911,.T.);
#6911 = EDGE_CURVE('',#6912,#6914,#6916,.T.);
#6912 = VERTEX_POINT('',#6913);
#6913 = CARTESIAN_POINT('',(147.42,-56.704,0.));
#6914 = VERTEX_POINT('',#6915);
#6915 = CARTESIAN_POINT('',(147.42,-56.704,1.51));
#6916 = LINE('',#6917,#6918);
#6917 = CARTESIAN_POINT('',(147.42,-56.704,0.));
#6918 = VECTOR('',#6919,1.);
#6919 = DIRECTION('',(0.,0.,1.));
#6920 = ORIENTED_EDGE('',*,*,#6921,.T.);
#6921 = EDGE_CURVE('',#6914,#6874,#6922,.T.);
#6922 = LINE('',#6923,#6924);
#6923 = CARTESIAN_POINT('',(147.42,-56.704,1.51));
#6924 = VECTOR('',#6925,1.);
#6925 = DIRECTION('',(0.,-1.,0.));
#6926 = ORIENTED_EDGE('',*,*,#6871,.F.);
#6927 = ORIENTED_EDGE('',*,*,#6928,.F.);
#6928 = EDGE_CURVE('',#6912,#6872,#6929,.T.);
#6929 = LINE('',#6930,#6931);
#6930 = CARTESIAN_POINT('',(147.42,-56.704,0.));
#6931 = VECTOR('',#6932,1.);
#6932 = DIRECTION('',(0.,-1.,0.));
#6933 = PLANE('',#6934);
#6934 = AXIS2_PLACEMENT_3D('',#6935,#6936,#6937);
#6935 = CARTESIAN_POINT('',(147.42,-56.704,0.));
#6936 = DIRECTION('',(1.,0.,-0.));
#6937 = DIRECTION('',(0.,-1.,0.));
#6938 = ADVANCED_FACE('',(#6939),#6964,.T.);
#6939 = FACE_BOUND('',#6940,.T.);
#6940 = EDGE_LOOP('',(#6941,#6942,#6950,#6958));
#6941 = ORIENTED_EDGE('',*,*,#6889,.T.);
#6942 = ORIENTED_EDGE('',*,*,#6943,.T.);
#6943 = EDGE_CURVE('',#6882,#6944,#6946,.T.);
#6944 = VERTEX_POINT('',#6945);
#6945 = CARTESIAN_POINT('',(106.934,-56.704,1.51));
#6946 = LINE('',#6947,#6948);
#6947 = CARTESIAN_POINT('',(106.934,-116.58,1.51));
#6948 = VECTOR('',#6949,1.);
#6949 = DIRECTION('',(0.,1.,0.));
#6950 = ORIENTED_EDGE('',*,*,#6951,.F.);
#6951 = EDGE_CURVE('',#6952,#6944,#6954,.T.);
#6952 = VERTEX_POINT('',#6953);
#6953 = CARTESIAN_POINT('',(106.934,-56.704,0.));
#6954 = LINE('',#6955,#6956);
#6955 = CARTESIAN_POINT('',(106.934,-56.704,0.));
#6956 = VECTOR('',#6957,1.);
#6957 = DIRECTION('',(0.,0.,1.));
#6958 = ORIENTED_EDGE('',*,*,#6959,.F.);
#6959 = EDGE_CURVE('',#6890,#6952,#6960,.T.);
#6960 = LINE('',#6961,#6962);
#6961 = CARTESIAN_POINT('',(106.934,-116.58,0.));
#6962 = VECTOR('',#6963,1.);
#6963 = DIRECTION('',(0.,1.,0.));
#6964 = PLANE('',#6965);
#6965 = AXIS2_PLACEMENT_3D('',#6966,#6967,#6968);
#6966 = CARTESIAN_POINT('',(106.934,-116.58,0.));
#6967 = DIRECTION('',(-1.,0.,0.));
#6968 = DIRECTION('',(0.,1.,0.));
#6969 = ADVANCED_FACE('',(#6970,#6981,#6992,#7028,#7039,#7050,#7061,
    #7072,#7083,#7094,#7105,#7116,#7127,#7138,#7149,#7160,#7171,#7182,
    #7193,#7204),#7215,.F.);
#6970 = FACE_BOUND('',#6971,.F.);
#6971 = EDGE_LOOP('',(#6972,#6973,#6974,#6980));
#6972 = ORIENTED_EDGE('',*,*,#6897,.F.);
#6973 = ORIENTED_EDGE('',*,*,#6928,.F.);
#6974 = ORIENTED_EDGE('',*,*,#6975,.F.);
#6975 = EDGE_CURVE('',#6952,#6912,#6976,.T.);
#6976 = LINE('',#6977,#6978);
#6977 = CARTESIAN_POINT('',(106.934,-56.704,0.));
#6978 = VECTOR('',#6979,1.);
#6979 = DIRECTION('',(1.,0.,0.));
#6980 = ORIENTED_EDGE('',*,*,#6959,.F.);
#6981 = FACE_BOUND('',#6982,.F.);
#6982 = EDGE_LOOP('',(#6983));
#6983 = ORIENTED_EDGE('',*,*,#6984,.T.);
#6984 = EDGE_CURVE('',#6985,#6985,#6987,.T.);
#6985 = VERTEX_POINT('',#6986);
#6986 = CARTESIAN_POINT('',(111.76,-113.18,0.));
#6987 = CIRCLE('',#6988,1.5);
#6988 = AXIS2_PLACEMENT_3D('',#6989,#6990,#6991);
#6989 = CARTESIAN_POINT('',(111.76,-111.68,0.));
#6990 = DIRECTION('',(-0.,0.,-1.));
#6991 = DIRECTION('',(-0.,-1.,0.));
#6992 = FACE_BOUND('',#6993,.F.);
#6993 = EDGE_LOOP('',(#6994,#7005,#7013,#7022));
#6994 = ORIENTED_EDGE('',*,*,#6995,.F.);
#6995 = EDGE_CURVE('',#6996,#6998,#7000,.T.);
#6996 = VERTEX_POINT('',#6997);
#6997 = CARTESIAN_POINT('',(121.39,-109.904992,0.));
#6998 = VERTEX_POINT('',#6999);
#6999 = CARTESIAN_POINT('',(121.39,-113.095008,0.));
#7000 = CIRCLE('',#7001,1.595008);
#7001 = AXIS2_PLACEMENT_3D('',#7002,#7003,#7004);
#7002 = CARTESIAN_POINT('',(121.39,-111.5,0.));
#7003 = DIRECTION('',(0.,-0.,1.));
#7004 = DIRECTION('',(0.,1.,0.));
#7005 = ORIENTED_EDGE('',*,*,#7006,.F.);
#7006 = EDGE_CURVE('',#7007,#6996,#7009,.T.);
#7007 = VERTEX_POINT('',#7008);
#7008 = CARTESIAN_POINT('',(132.654992,-109.904992,0.));
#7009 = LINE('',#7010,#7011);
#7010 = CARTESIAN_POINT('',(132.654992,-109.904992,0.));
#7011 = VECTOR('',#7012,1.);
#7012 = DIRECTION('',(-1.,0.,0.));
#7013 = ORIENTED_EDGE('',*,*,#7014,.F.);
#7014 = EDGE_CURVE('',#7015,#7007,#7017,.T.);
#7015 = VERTEX_POINT('',#7016);
#7016 = CARTESIAN_POINT('',(132.654992,-113.095008,0.));
#7017 = CIRCLE('',#7018,1.595008);
#7018 = AXIS2_PLACEMENT_3D('',#7019,#7020,#7021);
#7019 = CARTESIAN_POINT('',(132.654992,-111.5,0.));
#7020 = DIRECTION('',(0.,0.,1.));
#7021 = DIRECTION('',(-0.,-1.,0.));
#7022 = ORIENTED_EDGE('',*,*,#7023,.F.);
#7023 = EDGE_CURVE('',#6998,#7015,#7024,.T.);
#7024 = LINE('',#7025,#7026);
#7025 = CARTESIAN_POINT('',(121.39,-113.095008,0.));
#7026 = VECTOR('',#7027,1.);
#7027 = DIRECTION('',(1.,0.,0.));
#7028 = FACE_BOUND('',#7029,.F.);
#7029 = EDGE_LOOP('',(#7030));
#7030 = ORIENTED_EDGE('',*,*,#7031,.T.);
#7031 = EDGE_CURVE('',#7032,#7032,#7034,.T.);
#7032 = VERTEX_POINT('',#7033);
#7033 = CARTESIAN_POINT('',(142.24,-113.18,0.));
#7034 = CIRCLE('',#7035,1.5);
#7035 = AXIS2_PLACEMENT_3D('',#7036,#7037,#7038);
#7036 = CARTESIAN_POINT('',(142.24,-111.68,0.));
#7037 = DIRECTION('',(-0.,0.,-1.));
#7038 = DIRECTION('',(-0.,-1.,0.));
#7039 = FACE_BOUND('',#7040,.F.);
#7040 = EDGE_LOOP('',(#7041));
#7041 = ORIENTED_EDGE('',*,*,#7042,.T.);
#7042 = EDGE_CURVE('',#7043,#7043,#7045,.T.);
#7043 = VERTEX_POINT('',#7044);
#7044 = CARTESIAN_POINT('',(111.76,-63.03,0.));
#7045 = CIRCLE('',#7046,1.5);
#7046 = AXIS2_PLACEMENT_3D('',#7047,#7048,#7049);
#7047 = CARTESIAN_POINT('',(111.76,-61.53,0.));
#7048 = DIRECTION('',(-0.,0.,-1.));
#7049 = DIRECTION('',(-0.,-1.,0.));
#7050 = FACE_BOUND('',#7051,.F.);
#7051 = EDGE_LOOP('',(#7052));
#7052 = ORIENTED_EDGE('',*,*,#7053,.T.);
#7053 = EDGE_CURVE('',#7054,#7054,#7056,.T.);
#7054 = VERTEX_POINT('',#7055);
#7055 = CARTESIAN_POINT('',(119.12,-63.2245,0.));
#7056 = CIRCLE('',#7057,0.4445);
#7057 = AXIS2_PLACEMENT_3D('',#7058,#7059,#7060);
#7058 = CARTESIAN_POINT('',(119.12,-62.78,0.));
#7059 = DIRECTION('',(-0.,0.,-1.));
#7060 = DIRECTION('',(-0.,-1.,0.));
#7061 = FACE_BOUND('',#7062,.F.);
#7062 = EDGE_LOOP('',(#7063));
#7063 = ORIENTED_EDGE('',*,*,#7064,.T.);
#7064 = EDGE_CURVE('',#7065,#7065,#7067,.T.);
#7065 = VERTEX_POINT('',#7066);
#7066 = CARTESIAN_POINT('',(119.12,-60.6845,0.));
#7067 = CIRCLE('',#7068,0.4445);
#7068 = AXIS2_PLACEMENT_3D('',#7069,#7070,#7071);
#7069 = CARTESIAN_POINT('',(119.12,-60.24,0.));
#7070 = DIRECTION('',(-0.,0.,-1.));
#7071 = DIRECTION('',(-0.,-1.,0.));
#7072 = FACE_BOUND('',#7073,.F.);
#7073 = EDGE_LOOP('',(#7074));
#7074 = ORIENTED_EDGE('',*,*,#7075,.T.);
#7075 = EDGE_CURVE('',#7076,#7076,#7078,.T.);
#7076 = VERTEX_POINT('',#7077);
#7077 = CARTESIAN_POINT('',(121.66,-63.2245,0.));
#7078 = CIRCLE('',#7079,0.4445);
#7079 = AXIS2_PLACEMENT_3D('',#7080,#7081,#7082);
#7080 = CARTESIAN_POINT('',(121.66,-62.78,0.));
#7081 = DIRECTION('',(-0.,0.,-1.));
#7082 = DIRECTION('',(-0.,-1.,0.));
#7083 = FACE_BOUND('',#7084,.F.);
#7084 = EDGE_LOOP('',(#7085));
#7085 = ORIENTED_EDGE('',*,*,#7086,.T.);
#7086 = EDGE_CURVE('',#7087,#7087,#7089,.T.);
#7087 = VERTEX_POINT('',#7088);
#7088 = CARTESIAN_POINT('',(121.66,-60.6845,0.));
#7089 = CIRCLE('',#7090,0.4445);
#7090 = AXIS2_PLACEMENT_3D('',#7091,#7092,#7093);
#7091 = CARTESIAN_POINT('',(121.66,-60.24,0.));
#7092 = DIRECTION('',(-0.,0.,-1.));
#7093 = DIRECTION('',(-0.,-1.,0.));
#7094 = FACE_BOUND('',#7095,.F.);
#7095 = EDGE_LOOP('',(#7096));
#7096 = ORIENTED_EDGE('',*,*,#7097,.T.);
#7097 = EDGE_CURVE('',#7098,#7098,#7100,.T.);
#7098 = VERTEX_POINT('',#7099);
#7099 = CARTESIAN_POINT('',(124.2,-63.2245,0.));
#7100 = CIRCLE('',#7101,0.4445);
#7101 = AXIS2_PLACEMENT_3D('',#7102,#7103,#7104);
#7102 = CARTESIAN_POINT('',(124.2,-62.78,0.));
#7103 = DIRECTION('',(-0.,0.,-1.));
#7104 = DIRECTION('',(3.197042680585E-14,-1.,-0.));
#7105 = FACE_BOUND('',#7106,.F.);
#7106 = EDGE_LOOP('',(#7107));
#7107 = ORIENTED_EDGE('',*,*,#7108,.T.);
#7108 = EDGE_CURVE('',#7109,#7109,#7111,.T.);
#7109 = VERTEX_POINT('',#7110);
#7110 = CARTESIAN_POINT('',(124.2,-60.6845,0.));
#7111 = CIRCLE('',#7112,0.4445);
#7112 = AXIS2_PLACEMENT_3D('',#7113,#7114,#7115);
#7113 = CARTESIAN_POINT('',(124.2,-60.24,0.));
#7114 = DIRECTION('',(-0.,0.,-1.));
#7115 = DIRECTION('',(3.197042680585E-14,-1.,-0.));
#7116 = FACE_BOUND('',#7117,.F.);
#7117 = EDGE_LOOP('',(#7118));
#7118 = ORIENTED_EDGE('',*,*,#7119,.T.);
#7119 = EDGE_CURVE('',#7120,#7120,#7122,.T.);
#7120 = VERTEX_POINT('',#7121);
#7121 = CARTESIAN_POINT('',(126.74,-63.2245,0.));
#7122 = CIRCLE('',#7123,0.4445);
#7123 = AXIS2_PLACEMENT_3D('',#7124,#7125,#7126);
#7124 = CARTESIAN_POINT('',(126.74,-62.78,0.));
#7125 = DIRECTION('',(-0.,0.,-1.));
#7126 = DIRECTION('',(-3.197042680585E-14,-1.,0.));
#7127 = FACE_BOUND('',#7128,.F.);
#7128 = EDGE_LOOP('',(#7129));
#7129 = ORIENTED_EDGE('',*,*,#7130,.T.);
#7130 = EDGE_CURVE('',#7131,#7131,#7133,.T.);
#7131 = VERTEX_POINT('',#7132);
#7132 = CARTESIAN_POINT('',(126.74,-60.6845,0.));
#7133 = CIRCLE('',#7134,0.4445);
#7134 = AXIS2_PLACEMENT_3D('',#7135,#7136,#7137);
#7135 = CARTESIAN_POINT('',(126.74,-60.24,0.));
#7136 = DIRECTION('',(-0.,0.,-1.));
#7137 = DIRECTION('',(-3.197042680585E-14,-1.,0.));
#7138 = FACE_BOUND('',#7139,.F.);
#7139 = EDGE_LOOP('',(#7140));
#7140 = ORIENTED_EDGE('',*,*,#7141,.T.);
#7141 = EDGE_CURVE('',#7142,#7142,#7144,.T.);
#7142 = VERTEX_POINT('',#7143);
#7143 = CARTESIAN_POINT('',(129.28,-63.2245,0.));
#7144 = CIRCLE('',#7145,0.4445);
#7145 = AXIS2_PLACEMENT_3D('',#7146,#7147,#7148);
#7146 = CARTESIAN_POINT('',(129.28,-62.78,0.));
#7147 = DIRECTION('',(-0.,0.,-1.));
#7148 = DIRECTION('',(-0.,-1.,0.));
#7149 = FACE_BOUND('',#7150,.F.);
#7150 = EDGE_LOOP('',(#7151));
#7151 = ORIENTED_EDGE('',*,*,#7152,.T.);
#7152 = EDGE_CURVE('',#7153,#7153,#7155,.T.);
#7153 = VERTEX_POINT('',#7154);
#7154 = CARTESIAN_POINT('',(129.28,-60.6845,0.));
#7155 = CIRCLE('',#7156,0.4445);
#7156 = AXIS2_PLACEMENT_3D('',#7157,#7158,#7159);
#7157 = CARTESIAN_POINT('',(129.28,-60.24,0.));
#7158 = DIRECTION('',(-0.,0.,-1.));
#7159 = DIRECTION('',(-0.,-1.,0.));
#7160 = FACE_BOUND('',#7161,.F.);
#7161 = EDGE_LOOP('',(#7162));
#7162 = ORIENTED_EDGE('',*,*,#7163,.T.);
#7163 = EDGE_CURVE('',#7164,#7164,#7166,.T.);
#7164 = VERTEX_POINT('',#7165);
#7165 = CARTESIAN_POINT('',(131.82,-63.2245,0.));
#7166 = CIRCLE('',#7167,0.4445);
#7167 = AXIS2_PLACEMENT_3D('',#7168,#7169,#7170);
#7168 = CARTESIAN_POINT('',(131.82,-62.78,0.));
#7169 = DIRECTION('',(-0.,0.,-1.));
#7170 = DIRECTION('',(-0.,-1.,0.));
#7171 = FACE_BOUND('',#7172,.F.);
#7172 = EDGE_LOOP('',(#7173));
#7173 = ORIENTED_EDGE('',*,*,#7174,.T.);
#7174 = EDGE_CURVE('',#7175,#7175,#7177,.T.);
#7175 = VERTEX_POINT('',#7176);
#7176 = CARTESIAN_POINT('',(131.82,-60.6845,0.));
#7177 = CIRCLE('',#7178,0.4445);
#7178 = AXIS2_PLACEMENT_3D('',#7179,#7180,#7181);
#7179 = CARTESIAN_POINT('',(131.82,-60.24,0.));
#7180 = DIRECTION('',(-0.,0.,-1.));
#7181 = DIRECTION('',(-0.,-1.,0.));
#7182 = FACE_BOUND('',#7183,.F.);
#7183 = EDGE_LOOP('',(#7184));
#7184 = ORIENTED_EDGE('',*,*,#7185,.T.);
#7185 = EDGE_CURVE('',#7186,#7186,#7188,.T.);
#7186 = VERTEX_POINT('',#7187);
#7187 = CARTESIAN_POINT('',(134.36,-63.2245,0.));
#7188 = CIRCLE('',#7189,0.4445);
#7189 = AXIS2_PLACEMENT_3D('',#7190,#7191,#7192);
#7190 = CARTESIAN_POINT('',(134.36,-62.78,0.));
#7191 = DIRECTION('',(-0.,0.,-1.));
#7192 = DIRECTION('',(-0.,-1.,0.));
#7193 = FACE_BOUND('',#7194,.F.);
#7194 = EDGE_LOOP('',(#7195));
#7195 = ORIENTED_EDGE('',*,*,#7196,.T.);
#7196 = EDGE_CURVE('',#7197,#7197,#7199,.T.);
#7197 = VERTEX_POINT('',#7198);
#7198 = CARTESIAN_POINT('',(134.36,-60.6845,0.));
#7199 = CIRCLE('',#7200,0.4445);
#7200 = AXIS2_PLACEMENT_3D('',#7201,#7202,#7203);
#7201 = CARTESIAN_POINT('',(134.36,-60.24,0.));
#7202 = DIRECTION('',(-0.,0.,-1.));
#7203 = DIRECTION('',(-0.,-1.,0.));
#7204 = FACE_BOUND('',#7205,.F.);
#7205 = EDGE_LOOP('',(#7206));
#7206 = ORIENTED_EDGE('',*,*,#7207,.T.);
#7207 = EDGE_CURVE('',#7208,#7208,#7210,.T.);
#7208 = VERTEX_POINT('',#7209);
#7209 = CARTESIAN_POINT('',(142.24,-63.03,0.));
#7210 = CIRCLE('',#7211,1.5);
#7211 = AXIS2_PLACEMENT_3D('',#7212,#7213,#7214);
#7212 = CARTESIAN_POINT('',(142.24,-61.53,0.));
#7213 = DIRECTION('',(-0.,0.,-1.));
#7214 = DIRECTION('',(-0.,-1.,0.));
#7215 = PLANE('',#7216);
#7216 = AXIS2_PLACEMENT_3D('',#7217,#7218,#7219);
#7217 = CARTESIAN_POINT('',(0.,0.,0.));
#7218 = DIRECTION('',(0.,0.,1.));
#7219 = DIRECTION('',(1.,0.,-0.));
#7220 = ADVANCED_FACE('',(#7221,#7232,#7243,#7279,#7290,#7301,#7312,
    #7323,#7334,#7345,#7356,#7367,#7378,#7389,#7400,#7411,#7422,#7433,
    #7444,#7455),#7466,.T.);
#7221 = FACE_BOUND('',#7222,.T.);
#7222 = EDGE_LOOP('',(#7223,#7224,#7225,#7231));
#7223 = ORIENTED_EDGE('',*,*,#6881,.F.);
#7224 = ORIENTED_EDGE('',*,*,#6921,.F.);
#7225 = ORIENTED_EDGE('',*,*,#7226,.F.);
#7226 = EDGE_CURVE('',#6944,#6914,#7227,.T.);
#7227 = LINE('',#7228,#7229);
#7228 = CARTESIAN_POINT('',(106.934,-56.704,1.51));
#7229 = VECTOR('',#7230,1.);
#7230 = DIRECTION('',(1.,0.,0.));
#7231 = ORIENTED_EDGE('',*,*,#6943,.F.);
#7232 = FACE_BOUND('',#7233,.T.);
#7233 = EDGE_LOOP('',(#7234));
#7234 = ORIENTED_EDGE('',*,*,#7235,.T.);
#7235 = EDGE_CURVE('',#7236,#7236,#7238,.T.);
#7236 = VERTEX_POINT('',#7237);
#7237 = CARTESIAN_POINT('',(111.76,-113.18,1.51));
#7238 = CIRCLE('',#7239,1.5);
#7239 = AXIS2_PLACEMENT_3D('',#7240,#7241,#7242);
#7240 = CARTESIAN_POINT('',(111.76,-111.68,1.51));
#7241 = DIRECTION('',(-0.,0.,-1.));
#7242 = DIRECTION('',(-0.,-1.,0.));
#7243 = FACE_BOUND('',#7244,.T.);
#7244 = EDGE_LOOP('',(#7245,#7256,#7264,#7273));
#7245 = ORIENTED_EDGE('',*,*,#7246,.F.);
#7246 = EDGE_CURVE('',#7247,#7249,#7251,.T.);
#7247 = VERTEX_POINT('',#7248);
#7248 = CARTESIAN_POINT('',(121.39,-109.904992,1.51));
#7249 = VERTEX_POINT('',#7250);
#7250 = CARTESIAN_POINT('',(121.39,-113.095008,1.51));
#7251 = CIRCLE('',#7252,1.595008);
#7252 = AXIS2_PLACEMENT_3D('',#7253,#7254,#7255);
#7253 = CARTESIAN_POINT('',(121.39,-111.5,1.51));
#7254 = DIRECTION('',(0.,-0.,1.));
#7255 = DIRECTION('',(0.,1.,0.));
#7256 = ORIENTED_EDGE('',*,*,#7257,.F.);
#7257 = EDGE_CURVE('',#7258,#7247,#7260,.T.);
#7258 = VERTEX_POINT('',#7259);
#7259 = CARTESIAN_POINT('',(132.654992,-109.904992,1.51));
#7260 = LINE('',#7261,#7262);
#7261 = CARTESIAN_POINT('',(132.654992,-109.904992,1.51));
#7262 = VECTOR('',#7263,1.);
#7263 = DIRECTION('',(-1.,0.,0.));
#7264 = ORIENTED_EDGE('',*,*,#7265,.F.);
#7265 = EDGE_CURVE('',#7266,#7258,#7268,.T.);
#7266 = VERTEX_POINT('',#7267);
#7267 = CARTESIAN_POINT('',(132.654992,-113.095008,1.51));
#7268 = CIRCLE('',#7269,1.595008);
#7269 = AXIS2_PLACEMENT_3D('',#7270,#7271,#7272);
#7270 = CARTESIAN_POINT('',(132.654992,-111.5,1.51));
#7271 = DIRECTION('',(0.,0.,1.));
#7272 = DIRECTION('',(-0.,-1.,0.));
#7273 = ORIENTED_EDGE('',*,*,#7274,.F.);
#7274 = EDGE_CURVE('',#7249,#7266,#7275,.T.);
#7275 = LINE('',#7276,#7277);
#7276 = CARTESIAN_POINT('',(121.39,-113.095008,1.51));
#7277 = VECTOR('',#7278,1.);
#7278 = DIRECTION('',(1.,0.,0.));
#7279 = FACE_BOUND('',#7280,.T.);
#7280 = EDGE_LOOP('',(#7281));
#7281 = ORIENTED_EDGE('',*,*,#7282,.T.);
#7282 = EDGE_CURVE('',#7283,#7283,#7285,.T.);
#7283 = VERTEX_POINT('',#7284);
#7284 = CARTESIAN_POINT('',(142.24,-113.18,1.51));
#7285 = CIRCLE('',#7286,1.5);
#7286 = AXIS2_PLACEMENT_3D('',#7287,#7288,#7289);
#7287 = CARTESIAN_POINT('',(142.24,-111.68,1.51));
#7288 = DIRECTION('',(-0.,0.,-1.));
#7289 = DIRECTION('',(-0.,-1.,0.));
#7290 = FACE_BOUND('',#7291,.T.);
#7291 = EDGE_LOOP('',(#7292));
#7292 = ORIENTED_EDGE('',*,*,#7293,.T.);
#7293 = EDGE_CURVE('',#7294,#7294,#7296,.T.);
#7294 = VERTEX_POINT('',#7295);
#7295 = CARTESIAN_POINT('',(111.76,-63.03,1.51));
#7296 = CIRCLE('',#7297,1.5);
#7297 = AXIS2_PLACEMENT_3D('',#7298,#7299,#7300);
#7298 = CARTESIAN_POINT('',(111.76,-61.53,1.51));
#7299 = DIRECTION('',(-0.,0.,-1.));
#7300 = DIRECTION('',(-0.,-1.,0.));
#7301 = FACE_BOUND('',#7302,.T.);
#7302 = EDGE_LOOP('',(#7303));
#7303 = ORIENTED_EDGE('',*,*,#7304,.T.);
#7304 = EDGE_CURVE('',#7305,#7305,#7307,.T.);
#7305 = VERTEX_POINT('',#7306);
#7306 = CARTESIAN_POINT('',(119.12,-63.2245,1.51));
#7307 = CIRCLE('',#7308,0.4445);
#7308 = AXIS2_PLACEMENT_3D('',#7309,#7310,#7311);
#7309 = CARTESIAN_POINT('',(119.12,-62.78,1.51));
#7310 = DIRECTION('',(-0.,0.,-1.));
#7311 = DIRECTION('',(-0.,-1.,0.));
#7312 = FACE_BOUND('',#7313,.T.);
#7313 = EDGE_LOOP('',(#7314));
#7314 = ORIENTED_EDGE('',*,*,#7315,.T.);
#7315 = EDGE_CURVE('',#7316,#7316,#7318,.T.);
#7316 = VERTEX_POINT('',#7317);
#7317 = CARTESIAN_POINT('',(119.12,-60.6845,1.51));
#7318 = CIRCLE('',#7319,0.4445);
#7319 = AXIS2_PLACEMENT_3D('',#7320,#7321,#7322);
#7320 = CARTESIAN_POINT('',(119.12,-60.24,1.51));
#7321 = DIRECTION('',(-0.,0.,-1.));
#7322 = DIRECTION('',(-0.,-1.,0.));
#7323 = FACE_BOUND('',#7324,.T.);
#7324 = EDGE_LOOP('',(#7325));
#7325 = ORIENTED_EDGE('',*,*,#7326,.T.);
#7326 = EDGE_CURVE('',#7327,#7327,#7329,.T.);
#7327 = VERTEX_POINT('',#7328);
#7328 = CARTESIAN_POINT('',(121.66,-63.2245,1.51));
#7329 = CIRCLE('',#7330,0.4445);
#7330 = AXIS2_PLACEMENT_3D('',#7331,#7332,#7333);
#7331 = CARTESIAN_POINT('',(121.66,-62.78,1.51));
#7332 = DIRECTION('',(-0.,0.,-1.));
#7333 = DIRECTION('',(-0.,-1.,0.));
#7334 = FACE_BOUND('',#7335,.T.);
#7335 = EDGE_LOOP('',(#7336));
#7336 = ORIENTED_EDGE('',*,*,#7337,.T.);
#7337 = EDGE_CURVE('',#7338,#7338,#7340,.T.);
#7338 = VERTEX_POINT('',#7339);
#7339 = CARTESIAN_POINT('',(121.66,-60.6845,1.51));
#7340 = CIRCLE('',#7341,0.4445);
#7341 = AXIS2_PLACEMENT_3D('',#7342,#7343,#7344);
#7342 = CARTESIAN_POINT('',(121.66,-60.24,1.51));
#7343 = DIRECTION('',(-0.,0.,-1.));
#7344 = DIRECTION('',(-0.,-1.,0.));
#7345 = FACE_BOUND('',#7346,.T.);
#7346 = EDGE_LOOP('',(#7347));
#7347 = ORIENTED_EDGE('',*,*,#7348,.T.);
#7348 = EDGE_CURVE('',#7349,#7349,#7351,.T.);
#7349 = VERTEX_POINT('',#7350);
#7350 = CARTESIAN_POINT('',(124.2,-63.2245,1.51));
#7351 = CIRCLE('',#7352,0.4445);
#7352 = AXIS2_PLACEMENT_3D('',#7353,#7354,#7355);
#7353 = CARTESIAN_POINT('',(124.2,-62.78,1.51));
#7354 = DIRECTION('',(-0.,0.,-1.));
#7355 = DIRECTION('',(3.197042680585E-14,-1.,-0.));
#7356 = FACE_BOUND('',#7357,.T.);
#7357 = EDGE_LOOP('',(#7358));
#7358 = ORIENTED_EDGE('',*,*,#7359,.T.);
#7359 = EDGE_CURVE('',#7360,#7360,#7362,.T.);
#7360 = VERTEX_POINT('',#7361);
#7361 = CARTESIAN_POINT('',(124.2,-60.6845,1.51));
#7362 = CIRCLE('',#7363,0.4445);
#7363 = AXIS2_PLACEMENT_3D('',#7364,#7365,#7366);
#7364 = CARTESIAN_POINT('',(124.2,-60.24,1.51));
#7365 = DIRECTION('',(-0.,0.,-1.));
#7366 = DIRECTION('',(3.197042680585E-14,-1.,-0.));
#7367 = FACE_BOUND('',#7368,.T.);
#7368 = EDGE_LOOP('',(#7369));
#7369 = ORIENTED_EDGE('',*,*,#7370,.T.);
#7370 = EDGE_CURVE('',#7371,#7371,#7373,.T.);
#7371 = VERTEX_POINT('',#7372);
#7372 = CARTESIAN_POINT('',(126.74,-63.2245,1.51));
#7373 = CIRCLE('',#7374,0.4445);
#7374 = AXIS2_PLACEMENT_3D('',#7375,#7376,#7377);
#7375 = CARTESIAN_POINT('',(126.74,-62.78,1.51));
#7376 = DIRECTION('',(-0.,0.,-1.));
#7377 = DIRECTION('',(-3.197042680585E-14,-1.,0.));
#7378 = FACE_BOUND('',#7379,.T.);
#7379 = EDGE_LOOP('',(#7380));
#7380 = ORIENTED_EDGE('',*,*,#7381,.T.);
#7381 = EDGE_CURVE('',#7382,#7382,#7384,.T.);
#7382 = VERTEX_POINT('',#7383);
#7383 = CARTESIAN_POINT('',(126.74,-60.6845,1.51));
#7384 = CIRCLE('',#7385,0.4445);
#7385 = AXIS2_PLACEMENT_3D('',#7386,#7387,#7388);
#7386 = CARTESIAN_POINT('',(126.74,-60.24,1.51));
#7387 = DIRECTION('',(-0.,0.,-1.));
#7388 = DIRECTION('',(-3.197042680585E-14,-1.,0.));
#7389 = FACE_BOUND('',#7390,.T.);
#7390 = EDGE_LOOP('',(#7391));
#7391 = ORIENTED_EDGE('',*,*,#7392,.T.);
#7392 = EDGE_CURVE('',#7393,#7393,#7395,.T.);
#7393 = VERTEX_POINT('',#7394);
#7394 = CARTESIAN_POINT('',(129.28,-63.2245,1.51));
#7395 = CIRCLE('',#7396,0.4445);
#7396 = AXIS2_PLACEMENT_3D('',#7397,#7398,#7399);
#7397 = CARTESIAN_POINT('',(129.28,-62.78,1.51));
#7398 = DIRECTION('',(-0.,0.,-1.));
#7399 = DIRECTION('',(-0.,-1.,0.));
#7400 = FACE_BOUND('',#7401,.T.);
#7401 = EDGE_LOOP('',(#7402));
#7402 = ORIENTED_EDGE('',*,*,#7403,.T.);
#7403 = EDGE_CURVE('',#7404,#7404,#7406,.T.);
#7404 = VERTEX_POINT('',#7405);
#7405 = CARTESIAN_POINT('',(129.28,-60.6845,1.51));
#7406 = CIRCLE('',#7407,0.4445);
#7407 = AXIS2_PLACEMENT_3D('',#7408,#7409,#7410);
#7408 = CARTESIAN_POINT('',(129.28,-60.24,1.51));
#7409 = DIRECTION('',(-0.,0.,-1.));
#7410 = DIRECTION('',(-0.,-1.,0.));
#7411 = FACE_BOUND('',#7412,.T.);
#7412 = EDGE_LOOP('',(#7413));
#7413 = ORIENTED_EDGE('',*,*,#7414,.T.);
#7414 = EDGE_CURVE('',#7415,#7415,#7417,.T.);
#7415 = VERTEX_POINT('',#7416);
#7416 = CARTESIAN_POINT('',(131.82,-63.2245,1.51));
#7417 = CIRCLE('',#7418,0.4445);
#7418 = AXIS2_PLACEMENT_3D('',#7419,#7420,#7421);
#7419 = CARTESIAN_POINT('',(131.82,-62.78,1.51));
#7420 = DIRECTION('',(-0.,0.,-1.));
#7421 = DIRECTION('',(-0.,-1.,0.));
#7422 = FACE_BOUND('',#7423,.T.);
#7423 = EDGE_LOOP('',(#7424));
#7424 = ORIENTED_EDGE('',*,*,#7425,.T.);
#7425 = EDGE_CURVE('',#7426,#7426,#7428,.T.);
#7426 = VERTEX_POINT('',#7427);
#7427 = CARTESIAN_POINT('',(131.82,-60.6845,1.51));
#7428 = CIRCLE('',#7429,0.4445);
#7429 = AXIS2_PLACEMENT_3D('',#7430,#7431,#7432);
#7430 = CARTESIAN_POINT('',(131.82,-60.24,1.51));
#7431 = DIRECTION('',(-0.,0.,-1.));
#7432 = DIRECTION('',(-0.,-1.,0.));
#7433 = FACE_BOUND('',#7434,.T.);
#7434 = EDGE_LOOP('',(#7435));
#7435 = ORIENTED_EDGE('',*,*,#7436,.T.);
#7436 = EDGE_CURVE('',#7437,#7437,#7439,.T.);
#7437 = VERTEX_POINT('',#7438);
#7438 = CARTESIAN_POINT('',(134.36,-63.2245,1.51));
#7439 = CIRCLE('',#7440,0.4445);
#7440 = AXIS2_PLACEMENT_3D('',#7441,#7442,#7443);
#7441 = CARTESIAN_POINT('',(134.36,-62.78,1.51));
#7442 = DIRECTION('',(-0.,0.,-1.));
#7443 = DIRECTION('',(-0.,-1.,0.));
#7444 = FACE_BOUND('',#7445,.T.);
#7445 = EDGE_LOOP('',(#7446));
#7446 = ORIENTED_EDGE('',*,*,#7447,.T.);
#7447 = EDGE_CURVE('',#7448,#7448,#7450,.T.);
#7448 = VERTEX_POINT('',#7449);
#7449 = CARTESIAN_POINT('',(134.36,-60.6845,1.51));
#7450 = CIRCLE('',#7451,0.4445);
#7451 = AXIS2_PLACEMENT_3D('',#7452,#7453,#7454);
#7452 = CARTESIAN_POINT('',(134.36,-60.24,1.51));
#7453 = DIRECTION('',(-0.,0.,-1.));
#7454 = DIRECTION('',(-0.,-1.,0.));
#7455 = FACE_BOUND('',#7456,.T.);
#7456 = EDGE_LOOP('',(#7457));
#7457 = ORIENTED_EDGE('',*,*,#7458,.T.);
#7458 = EDGE_CURVE('',#7459,#7459,#7461,.T.);
#7459 = VERTEX_POINT('',#7460);
#7460 = CARTESIAN_POINT('',(142.24,-63.03,1.51));
#7461 = CIRCLE('',#7462,1.5);
#7462 = AXIS2_PLACEMENT_3D('',#7463,#7464,#7465);
#7463 = CARTESIAN_POINT('',(142.24,-61.53,1.51));
#7464 = DIRECTION('',(-0.,0.,-1.));
#7465 = DIRECTION('',(-0.,-1.,0.));
#7466 = PLANE('',#7467);
#7467 = AXIS2_PLACEMENT_3D('',#7468,#7469,#7470);
#7468 = CARTESIAN_POINT('',(0.,0.,1.51));
#7469 = DIRECTION('',(0.,0.,1.));
#7470 = DIRECTION('',(1.,0.,-0.));
#7471 = ADVANCED_FACE('',(#7472),#7478,.T.);
#7472 = FACE_BOUND('',#7473,.T.);
#7473 = EDGE_LOOP('',(#7474,#7475,#7476,#7477));
#7474 = ORIENTED_EDGE('',*,*,#6951,.T.);
#7475 = ORIENTED_EDGE('',*,*,#7226,.T.);
#7476 = ORIENTED_EDGE('',*,*,#6911,.F.);
#7477 = ORIENTED_EDGE('',*,*,#6975,.F.);
#7478 = PLANE('',#7479);
#7479 = AXIS2_PLACEMENT_3D('',#7480,#7481,#7482);
#7480 = CARTESIAN_POINT('',(106.934,-56.704,0.));
#7481 = DIRECTION('',(0.,1.,0.));
#7482 = DIRECTION('',(1.,0.,0.));
#7483 = ADVANCED_FACE('',(#7484),#7495,.F.);
#7484 = FACE_BOUND('',#7485,.T.);
#7485 = EDGE_LOOP('',(#7486,#7487,#7493,#7494));
#7486 = ORIENTED_EDGE('',*,*,#6984,.T.);
#7487 = ORIENTED_EDGE('',*,*,#7488,.T.);
#7488 = EDGE_CURVE('',#6985,#7236,#7489,.T.);
#7489 = LINE('',#7490,#7491);
#7490 = CARTESIAN_POINT('',(111.76,-113.18,-4.6E-02));
#7491 = VECTOR('',#7492,1.);
#7492 = DIRECTION('',(0.,0.,1.));
#7493 = ORIENTED_EDGE('',*,*,#7235,.F.);
#7494 = ORIENTED_EDGE('',*,*,#7488,.F.);
#7495 = CYLINDRICAL_SURFACE('',#7496,1.5);
#7496 = AXIS2_PLACEMENT_3D('',#7497,#7498,#7499);
#7497 = CARTESIAN_POINT('',(111.76,-111.68,-4.6E-02));
#7498 = DIRECTION('',(-0.,-0.,-1.));
#7499 = DIRECTION('',(-0.,-1.,0.));
#7500 = ADVANCED_FACE('',(#7501),#7517,.F.);
#7501 = FACE_BOUND('',#7502,.T.);
#7502 = EDGE_LOOP('',(#7503,#7509,#7510,#7516));
#7503 = ORIENTED_EDGE('',*,*,#7504,.T.);
#7504 = EDGE_CURVE('',#6996,#7247,#7505,.T.);
#7505 = LINE('',#7506,#7507);
#7506 = CARTESIAN_POINT('',(121.39,-109.904992,0.));
#7507 = VECTOR('',#7508,1.);
#7508 = DIRECTION('',(0.,0.,1.));
#7509 = ORIENTED_EDGE('',*,*,#7246,.T.);
#7510 = ORIENTED_EDGE('',*,*,#7511,.F.);
#7511 = EDGE_CURVE('',#6998,#7249,#7512,.T.);
#7512 = LINE('',#7513,#7514);
#7513 = CARTESIAN_POINT('',(121.39,-113.095008,0.));
#7514 = VECTOR('',#7515,1.);
#7515 = DIRECTION('',(0.,0.,1.));
#7516 = ORIENTED_EDGE('',*,*,#6995,.F.);
#7517 = CYLINDRICAL_SURFACE('',#7518,1.595008);
#7518 = AXIS2_PLACEMENT_3D('',#7519,#7520,#7521);
#7519 = CARTESIAN_POINT('',(121.39,-111.5,0.));
#7520 = DIRECTION('',(-0.,0.,-1.));
#7521 = DIRECTION('',(0.,1.,0.));
#7522 = ADVANCED_FACE('',(#7523),#7534,.T.);
#7523 = FACE_BOUND('',#7524,.T.);
#7524 = EDGE_LOOP('',(#7525,#7531,#7532,#7533));
#7525 = ORIENTED_EDGE('',*,*,#7526,.T.);
#7526 = EDGE_CURVE('',#7007,#7258,#7527,.T.);
#7527 = LINE('',#7528,#7529);
#7528 = CARTESIAN_POINT('',(132.654992,-109.904992,0.));
#7529 = VECTOR('',#7530,1.);
#7530 = DIRECTION('',(0.,0.,1.));
#7531 = ORIENTED_EDGE('',*,*,#7257,.T.);
#7532 = ORIENTED_EDGE('',*,*,#7504,.F.);
#7533 = ORIENTED_EDGE('',*,*,#7006,.F.);
#7534 = PLANE('',#7535);
#7535 = AXIS2_PLACEMENT_3D('',#7536,#7537,#7538);
#7536 = CARTESIAN_POINT('',(132.654992,-109.904992,0.));
#7537 = DIRECTION('',(0.,-1.,0.));
#7538 = DIRECTION('',(-1.,0.,0.));
#7539 = ADVANCED_FACE('',(#7540),#7551,.T.);
#7540 = FACE_BOUND('',#7541,.T.);
#7541 = EDGE_LOOP('',(#7542,#7543,#7544,#7550));
#7542 = ORIENTED_EDGE('',*,*,#7511,.T.);
#7543 = ORIENTED_EDGE('',*,*,#7274,.T.);
#7544 = ORIENTED_EDGE('',*,*,#7545,.F.);
#7545 = EDGE_CURVE('',#7015,#7266,#7546,.T.);
#7546 = LINE('',#7547,#7548);
#7547 = CARTESIAN_POINT('',(132.654992,-113.095008,0.));
#7548 = VECTOR('',#7549,1.);
#7549 = DIRECTION('',(0.,0.,1.));
#7550 = ORIENTED_EDGE('',*,*,#7023,.F.);
#7551 = PLANE('',#7552);
#7552 = AXIS2_PLACEMENT_3D('',#7553,#7554,#7555);
#7553 = CARTESIAN_POINT('',(121.39,-113.095008,0.));
#7554 = DIRECTION('',(0.,1.,0.));
#7555 = DIRECTION('',(1.,0.,0.));
#7556 = ADVANCED_FACE('',(#7557),#7563,.F.);
#7557 = FACE_BOUND('',#7558,.T.);
#7558 = EDGE_LOOP('',(#7559,#7560,#7561,#7562));
#7559 = ORIENTED_EDGE('',*,*,#7545,.T.);
#7560 = ORIENTED_EDGE('',*,*,#7265,.T.);
#7561 = ORIENTED_EDGE('',*,*,#7526,.F.);
#7562 = ORIENTED_EDGE('',*,*,#7014,.F.);
#7563 = CYLINDRICAL_SURFACE('',#7564,1.595008);
#7564 = AXIS2_PLACEMENT_3D('',#7565,#7566,#7567);
#7565 = CARTESIAN_POINT('',(132.654992,-111.5,0.));
#7566 = DIRECTION('',(-0.,-0.,-1.));
#7567 = DIRECTION('',(-0.,-1.,0.));
#7568 = ADVANCED_FACE('',(#7569),#7580,.F.);
#7569 = FACE_BOUND('',#7570,.T.);
#7570 = EDGE_LOOP('',(#7571,#7572,#7578,#7579));
#7571 = ORIENTED_EDGE('',*,*,#7031,.T.);
#7572 = ORIENTED_EDGE('',*,*,#7573,.T.);
#7573 = EDGE_CURVE('',#7032,#7283,#7574,.T.);
#7574 = LINE('',#7575,#7576);
#7575 = CARTESIAN_POINT('',(142.24,-113.18,-4.6E-02));
#7576 = VECTOR('',#7577,1.);
#7577 = DIRECTION('',(0.,0.,1.));
#7578 = ORIENTED_EDGE('',*,*,#7282,.F.);
#7579 = ORIENTED_EDGE('',*,*,#7573,.F.);
#7580 = CYLINDRICAL_SURFACE('',#7581,1.5);
#7581 = AXIS2_PLACEMENT_3D('',#7582,#7583,#7584);
#7582 = CARTESIAN_POINT('',(142.24,-111.68,-4.6E-02));
#7583 = DIRECTION('',(-0.,-0.,-1.));
#7584 = DIRECTION('',(-0.,-1.,0.));
#7585 = ADVANCED_FACE('',(#7586),#7597,.F.);
#7586 = FACE_BOUND('',#7587,.T.);
#7587 = EDGE_LOOP('',(#7588,#7589,#7595,#7596));
#7588 = ORIENTED_EDGE('',*,*,#7042,.T.);
#7589 = ORIENTED_EDGE('',*,*,#7590,.T.);
#7590 = EDGE_CURVE('',#7043,#7294,#7591,.T.);
#7591 = LINE('',#7592,#7593);
#7592 = CARTESIAN_POINT('',(111.76,-63.03,-4.6E-02));
#7593 = VECTOR('',#7594,1.);
#7594 = DIRECTION('',(0.,0.,1.));
#7595 = ORIENTED_EDGE('',*,*,#7293,.F.);
#7596 = ORIENTED_EDGE('',*,*,#7590,.F.);
#7597 = CYLINDRICAL_SURFACE('',#7598,1.5);
#7598 = AXIS2_PLACEMENT_3D('',#7599,#7600,#7601);
#7599 = CARTESIAN_POINT('',(111.76,-61.53,-4.6E-02));
#7600 = DIRECTION('',(-0.,-0.,-1.));
#7601 = DIRECTION('',(-0.,-1.,0.));
#7602 = ADVANCED_FACE('',(#7603),#7614,.F.);
#7603 = FACE_BOUND('',#7604,.T.);
#7604 = EDGE_LOOP('',(#7605,#7606,#7612,#7613));
#7605 = ORIENTED_EDGE('',*,*,#7053,.T.);
#7606 = ORIENTED_EDGE('',*,*,#7607,.T.);
#7607 = EDGE_CURVE('',#7054,#7305,#7608,.T.);
#7608 = LINE('',#7609,#7610);
#7609 = CARTESIAN_POINT('',(119.12,-63.2245,-4.6E-02));
#7610 = VECTOR('',#7611,1.);
#7611 = DIRECTION('',(0.,0.,1.));
#7612 = ORIENTED_EDGE('',*,*,#7304,.F.);
#7613 = ORIENTED_EDGE('',*,*,#7607,.F.);
#7614 = CYLINDRICAL_SURFACE('',#7615,0.4445);
#7615 = AXIS2_PLACEMENT_3D('',#7616,#7617,#7618);
#7616 = CARTESIAN_POINT('',(119.12,-62.78,-4.6E-02));
#7617 = DIRECTION('',(-0.,-0.,-1.));
#7618 = DIRECTION('',(-0.,-1.,0.));
#7619 = ADVANCED_FACE('',(#7620),#7631,.F.);
#7620 = FACE_BOUND('',#7621,.T.);
#7621 = EDGE_LOOP('',(#7622,#7623,#7629,#7630));
#7622 = ORIENTED_EDGE('',*,*,#7064,.T.);
#7623 = ORIENTED_EDGE('',*,*,#7624,.T.);
#7624 = EDGE_CURVE('',#7065,#7316,#7625,.T.);
#7625 = LINE('',#7626,#7627);
#7626 = CARTESIAN_POINT('',(119.12,-60.6845,-4.6E-02));
#7627 = VECTOR('',#7628,1.);
#7628 = DIRECTION('',(0.,0.,1.));
#7629 = ORIENTED_EDGE('',*,*,#7315,.F.);
#7630 = ORIENTED_EDGE('',*,*,#7624,.F.);
#7631 = CYLINDRICAL_SURFACE('',#7632,0.4445);
#7632 = AXIS2_PLACEMENT_3D('',#7633,#7634,#7635);
#7633 = CARTESIAN_POINT('',(119.12,-60.24,-4.6E-02));
#7634 = DIRECTION('',(-0.,-0.,-1.));
#7635 = DIRECTION('',(-0.,-1.,0.));
#7636 = ADVANCED_FACE('',(#7637),#7648,.F.);
#7637 = FACE_BOUND('',#7638,.T.);
#7638 = EDGE_LOOP('',(#7639,#7640,#7646,#7647));
#7639 = ORIENTED_EDGE('',*,*,#7075,.T.);
#7640 = ORIENTED_EDGE('',*,*,#7641,.T.);
#7641 = EDGE_CURVE('',#7076,#7327,#7642,.T.);
#7642 = LINE('',#7643,#7644);
#7643 = CARTESIAN_POINT('',(121.66,-63.2245,-4.6E-02));
#7644 = VECTOR('',#7645,1.);
#7645 = DIRECTION('',(0.,0.,1.));
#7646 = ORIENTED_EDGE('',*,*,#7326,.F.);
#7647 = ORIENTED_EDGE('',*,*,#7641,.F.);
#7648 = CYLINDRICAL_SURFACE('',#7649,0.4445);
#7649 = AXIS2_PLACEMENT_3D('',#7650,#7651,#7652);
#7650 = CARTESIAN_POINT('',(121.66,-62.78,-4.6E-02));
#7651 = DIRECTION('',(-0.,-0.,-1.));
#7652 = DIRECTION('',(-0.,-1.,0.));
#7653 = ADVANCED_FACE('',(#7654),#7665,.F.);
#7654 = FACE_BOUND('',#7655,.T.);
#7655 = EDGE_LOOP('',(#7656,#7657,#7663,#7664));
#7656 = ORIENTED_EDGE('',*,*,#7086,.T.);
#7657 = ORIENTED_EDGE('',*,*,#7658,.T.);
#7658 = EDGE_CURVE('',#7087,#7338,#7659,.T.);
#7659 = LINE('',#7660,#7661);
#7660 = CARTESIAN_POINT('',(121.66,-60.6845,-4.6E-02));
#7661 = VECTOR('',#7662,1.);
#7662 = DIRECTION('',(0.,0.,1.));
#7663 = ORIENTED_EDGE('',*,*,#7337,.F.);
#7664 = ORIENTED_EDGE('',*,*,#7658,.F.);
#7665 = CYLINDRICAL_SURFACE('',#7666,0.4445);
#7666 = AXIS2_PLACEMENT_3D('',#7667,#7668,#7669);
#7667 = CARTESIAN_POINT('',(121.66,-60.24,-4.6E-02));
#7668 = DIRECTION('',(-0.,-0.,-1.));
#7669 = DIRECTION('',(-0.,-1.,0.));
#7670 = ADVANCED_FACE('',(#7671),#7682,.F.);
#7671 = FACE_BOUND('',#7672,.T.);
#7672 = EDGE_LOOP('',(#7673,#7674,#7680,#7681));
#7673 = ORIENTED_EDGE('',*,*,#7097,.T.);
#7674 = ORIENTED_EDGE('',*,*,#7675,.T.);
#7675 = EDGE_CURVE('',#7098,#7349,#7676,.T.);
#7676 = LINE('',#7677,#7678);
#7677 = CARTESIAN_POINT('',(124.2,-63.2245,-4.6E-02));
#7678 = VECTOR('',#7679,1.);
#7679 = DIRECTION('',(0.,0.,1.));
#7680 = ORIENTED_EDGE('',*,*,#7348,.F.);
#7681 = ORIENTED_EDGE('',*,*,#7675,.F.);
#7682 = CYLINDRICAL_SURFACE('',#7683,0.4445);
#7683 = AXIS2_PLACEMENT_3D('',#7684,#7685,#7686);
#7684 = CARTESIAN_POINT('',(124.2,-62.78,-4.6E-02));
#7685 = DIRECTION('',(-0.,0.,-1.));
#7686 = DIRECTION('',(3.197042680585E-14,-1.,-0.));
#7687 = ADVANCED_FACE('',(#7688),#7699,.F.);
#7688 = FACE_BOUND('',#7689,.T.);
#7689 = EDGE_LOOP('',(#7690,#7691,#7697,#7698));
#7690 = ORIENTED_EDGE('',*,*,#7108,.T.);
#7691 = ORIENTED_EDGE('',*,*,#7692,.T.);
#7692 = EDGE_CURVE('',#7109,#7360,#7693,.T.);
#7693 = LINE('',#7694,#7695);
#7694 = CARTESIAN_POINT('',(124.2,-60.6845,-4.6E-02));
#7695 = VECTOR('',#7696,1.);
#7696 = DIRECTION('',(0.,0.,1.));
#7697 = ORIENTED_EDGE('',*,*,#7359,.F.);
#7698 = ORIENTED_EDGE('',*,*,#7692,.F.);
#7699 = CYLINDRICAL_SURFACE('',#7700,0.4445);
#7700 = AXIS2_PLACEMENT_3D('',#7701,#7702,#7703);
#7701 = CARTESIAN_POINT('',(124.2,-60.24,-4.6E-02));
#7702 = DIRECTION('',(-0.,0.,-1.));
#7703 = DIRECTION('',(3.197042680585E-14,-1.,-0.));
#7704 = ADVANCED_FACE('',(#7705),#7716,.F.);
#7705 = FACE_BOUND('',#7706,.T.);
#7706 = EDGE_LOOP('',(#7707,#7708,#7714,#7715));
#7707 = ORIENTED_EDGE('',*,*,#7119,.T.);
#7708 = ORIENTED_EDGE('',*,*,#7709,.T.);
#7709 = EDGE_CURVE('',#7120,#7371,#7710,.T.);
#7710 = LINE('',#7711,#7712);
#7711 = CARTESIAN_POINT('',(126.74,-63.2245,-4.6E-02));
#7712 = VECTOR('',#7713,1.);
#7713 = DIRECTION('',(0.,0.,1.));
#7714 = ORIENTED_EDGE('',*,*,#7370,.F.);
#7715 = ORIENTED_EDGE('',*,*,#7709,.F.);
#7716 = CYLINDRICAL_SURFACE('',#7717,0.4445);
#7717 = AXIS2_PLACEMENT_3D('',#7718,#7719,#7720);
#7718 = CARTESIAN_POINT('',(126.74,-62.78,-4.6E-02));
#7719 = DIRECTION('',(-0.,-0.,-1.));
#7720 = DIRECTION('',(-3.197042680585E-14,-1.,0.));
#7721 = ADVANCED_FACE('',(#7722),#7733,.F.);
#7722 = FACE_BOUND('',#7723,.T.);
#7723 = EDGE_LOOP('',(#7724,#7725,#7731,#7732));
#7724 = ORIENTED_EDGE('',*,*,#7130,.T.);
#7725 = ORIENTED_EDGE('',*,*,#7726,.T.);
#7726 = EDGE_CURVE('',#7131,#7382,#7727,.T.);
#7727 = LINE('',#7728,#7729);
#7728 = CARTESIAN_POINT('',(126.74,-60.6845,-4.6E-02));
#7729 = VECTOR('',#7730,1.);
#7730 = DIRECTION('',(0.,0.,1.));
#7731 = ORIENTED_EDGE('',*,*,#7381,.F.);
#7732 = ORIENTED_EDGE('',*,*,#7726,.F.);
#7733 = CYLINDRICAL_SURFACE('',#7734,0.4445);
#7734 = AXIS2_PLACEMENT_3D('',#7735,#7736,#7737);
#7735 = CARTESIAN_POINT('',(126.74,-60.24,-4.6E-02));
#7736 = DIRECTION('',(-0.,-0.,-1.));
#7737 = DIRECTION('',(-3.197042680585E-14,-1.,0.));
#7738 = ADVANCED_FACE('',(#7739),#7750,.F.);
#7739 = FACE_BOUND('',#7740,.T.);
#7740 = EDGE_LOOP('',(#7741,#7742,#7748,#7749));
#7741 = ORIENTED_EDGE('',*,*,#7141,.T.);
#7742 = ORIENTED_EDGE('',*,*,#7743,.T.);
#7743 = EDGE_CURVE('',#7142,#7393,#7744,.T.);
#7744 = LINE('',#7745,#7746);
#7745 = CARTESIAN_POINT('',(129.28,-63.2245,-4.6E-02));
#7746 = VECTOR('',#7747,1.);
#7747 = DIRECTION('',(0.,0.,1.));
#7748 = ORIENTED_EDGE('',*,*,#7392,.F.);
#7749 = ORIENTED_EDGE('',*,*,#7743,.F.);
#7750 = CYLINDRICAL_SURFACE('',#7751,0.4445);
#7751 = AXIS2_PLACEMENT_3D('',#7752,#7753,#7754);
#7752 = CARTESIAN_POINT('',(129.28,-62.78,-4.6E-02));
#7753 = DIRECTION('',(-0.,-0.,-1.));
#7754 = DIRECTION('',(-0.,-1.,0.));
#7755 = ADVANCED_FACE('',(#7756),#7767,.F.);
#7756 = FACE_BOUND('',#7757,.T.);
#7757 = EDGE_LOOP('',(#7758,#7759,#7765,#7766));
#7758 = ORIENTED_EDGE('',*,*,#7152,.T.);
#7759 = ORIENTED_EDGE('',*,*,#7760,.T.);
#7760 = EDGE_CURVE('',#7153,#7404,#7761,.T.);
#7761 = LINE('',#7762,#7763);
#7762 = CARTESIAN_POINT('',(129.28,-60.6845,-4.6E-02));
#7763 = VECTOR('',#7764,1.);
#7764 = DIRECTION('',(0.,0.,1.));
#7765 = ORIENTED_EDGE('',*,*,#7403,.F.);
#7766 = ORIENTED_EDGE('',*,*,#7760,.F.);
#7767 = CYLINDRICAL_SURFACE('',#7768,0.4445);
#7768 = AXIS2_PLACEMENT_3D('',#7769,#7770,#7771);
#7769 = CARTESIAN_POINT('',(129.28,-60.24,-4.6E-02));
#7770 = DIRECTION('',(-0.,-0.,-1.));
#7771 = DIRECTION('',(-0.,-1.,0.));
#7772 = ADVANCED_FACE('',(#7773),#7784,.F.);
#7773 = FACE_BOUND('',#7774,.T.);
#7774 = EDGE_LOOP('',(#7775,#7776,#7782,#7783));
#7775 = ORIENTED_EDGE('',*,*,#7163,.T.);
#7776 = ORIENTED_EDGE('',*,*,#7777,.T.);
#7777 = EDGE_CURVE('',#7164,#7415,#7778,.T.);
#7778 = LINE('',#7779,#7780);
#7779 = CARTESIAN_POINT('',(131.82,-63.2245,-4.6E-02));
#7780 = VECTOR('',#7781,1.);
#7781 = DIRECTION('',(0.,0.,1.));
#7782 = ORIENTED_EDGE('',*,*,#7414,.F.);
#7783 = ORIENTED_EDGE('',*,*,#7777,.F.);
#7784 = CYLINDRICAL_SURFACE('',#7785,0.4445);
#7785 = AXIS2_PLACEMENT_3D('',#7786,#7787,#7788);
#7786 = CARTESIAN_POINT('',(131.82,-62.78,-4.6E-02));
#7787 = DIRECTION('',(-0.,-0.,-1.));
#7788 = DIRECTION('',(-0.,-1.,0.));
#7789 = ADVANCED_FACE('',(#7790),#7801,.F.);
#7790 = FACE_BOUND('',#7791,.T.);
#7791 = EDGE_LOOP('',(#7792,#7793,#7799,#7800));
#7792 = ORIENTED_EDGE('',*,*,#7174,.T.);
#7793 = ORIENTED_EDGE('',*,*,#7794,.T.);
#7794 = EDGE_CURVE('',#7175,#7426,#7795,.T.);
#7795 = LINE('',#7796,#7797);
#7796 = CARTESIAN_POINT('',(131.82,-60.6845,-4.6E-02));
#7797 = VECTOR('',#7798,1.);
#7798 = DIRECTION('',(0.,0.,1.));
#7799 = ORIENTED_EDGE('',*,*,#7425,.F.);
#7800 = ORIENTED_EDGE('',*,*,#7794,.F.);
#7801 = CYLINDRICAL_SURFACE('',#7802,0.4445);
#7802 = AXIS2_PLACEMENT_3D('',#7803,#7804,#7805);
#7803 = CARTESIAN_POINT('',(131.82,-60.24,-4.6E-02));
#7804 = DIRECTION('',(-0.,-0.,-1.));
#7805 = DIRECTION('',(-0.,-1.,0.));
#7806 = ADVANCED_FACE('',(#7807),#7818,.F.);
#7807 = FACE_BOUND('',#7808,.T.);
#7808 = EDGE_LOOP('',(#7809,#7810,#7816,#7817));
#7809 = ORIENTED_EDGE('',*,*,#7185,.T.);
#7810 = ORIENTED_EDGE('',*,*,#7811,.T.);
#7811 = EDGE_CURVE('',#7186,#7437,#7812,.T.);
#7812 = LINE('',#7813,#7814);
#7813 = CARTESIAN_POINT('',(134.36,-63.2245,-4.6E-02));
#7814 = VECTOR('',#7815,1.);
#7815 = DIRECTION('',(0.,0.,1.));
#7816 = ORIENTED_EDGE('',*,*,#7436,.F.);
#7817 = ORIENTED_EDGE('',*,*,#7811,.F.);
#7818 = CYLINDRICAL_SURFACE('',#7819,0.4445);
#7819 = AXIS2_PLACEMENT_3D('',#7820,#7821,#7822);
#7820 = CARTESIAN_POINT('',(134.36,-62.78,-4.6E-02));
#7821 = DIRECTION('',(-0.,-0.,-1.));
#7822 = DIRECTION('',(-0.,-1.,0.));
#7823 = ADVANCED_FACE('',(#7824),#7835,.F.);
#7824 = FACE_BOUND('',#7825,.T.);
#7825 = EDGE_LOOP('',(#7826,#7827,#7833,#7834));
#7826 = ORIENTED_EDGE('',*,*,#7196,.T.);
#7827 = ORIENTED_EDGE('',*,*,#7828,.T.);
#7828 = EDGE_CURVE('',#7197,#7448,#7829,.T.);
#7829 = LINE('',#7830,#7831);
#7830 = CARTESIAN_POINT('',(134.36,-60.6845,-4.6E-02));
#7831 = VECTOR('',#7832,1.);
#7832 = DIRECTION('',(0.,0.,1.));
#7833 = ORIENTED_EDGE('',*,*,#7447,.F.);
#7834 = ORIENTED_EDGE('',*,*,#7828,.F.);
#7835 = CYLINDRICAL_SURFACE('',#7836,0.4445);
#7836 = AXIS2_PLACEMENT_3D('',#7837,#7838,#7839);
#7837 = CARTESIAN_POINT('',(134.36,-60.24,-4.6E-02));
#7838 = DIRECTION('',(-0.,-0.,-1.));
#7839 = DIRECTION('',(-0.,-1.,0.));
#7840 = ADVANCED_FACE('',(#7841),#7852,.F.);
#7841 = FACE_BOUND('',#7842,.T.);
#7842 = EDGE_LOOP('',(#7843,#7844,#7850,#7851));
#7843 = ORIENTED_EDGE('',*,*,#7207,.T.);
#7844 = ORIENTED_EDGE('',*,*,#7845,.T.);
#7845 = EDGE_CURVE('',#7208,#7459,#7846,.T.);
#7846 = LINE('',#7847,#7848);
#7847 = CARTESIAN_POINT('',(142.24,-63.03,-4.6E-02));
#7848 = VECTOR('',#7849,1.);
#7849 = DIRECTION('',(0.,0.,1.));
#7850 = ORIENTED_EDGE('',*,*,#7458,.F.);
#7851 = ORIENTED_EDGE('',*,*,#7845,.F.);
#7852 = CYLINDRICAL_SURFACE('',#7853,1.5);
#7853 = AXIS2_PLACEMENT_3D('',#7854,#7855,#7856);
#7854 = CARTESIAN_POINT('',(142.24,-61.53,-4.6E-02));
#7855 = DIRECTION('',(-0.,-0.,-1.));
#7856 = DIRECTION('',(-0.,-1.,0.));
#7857 = ( GEOMETRIC_REPRESENTATION_CONTEXT(3) 
GLOBAL_UNCERTAINTY_ASSIGNED_CONTEXT((#7861)) 
GLOBAL_UNIT_ASSIGNED_CONTEXT((#7858,#7859,#7860)) REPRESENTATION_CONTEXT
('Context #1','3D Context with UNIT and UNCERTAINTY') );
#7858 = ( LENGTH_UNIT() NAMED_UNIT(*) SI_UNIT(.MILLI.,.METRE.) );
#7859 = ( NAMED_UNIT(*) PLANE_ANGLE_UNIT() SI_UNIT($,.RADIAN.) );
#7860 = ( NAMED_UNIT(*) SI_UNIT($,.STERADIAN.) SOLID_ANGLE_UNIT() );
#7861 = UNCERTAINTY_MEASURE_WITH_UNIT(LENGTH_MEASURE(1.E-07),#7858,
  'distance_accuracy_value','confusion accuracy');
#7862 = CONTEXT_DEPENDENT_SHAPE_REPRESENTATION(#7863,#7865);
#7863 = ( REPRESENTATION_RELATIONSHIP('','',#6864,#10) 
REPRESENTATION_RELATIONSHIP_WITH_TRANSFORMATION(#7864) 
SHAPE_REPRESENTATION_RELATIONSHIP() );
#7864 = ITEM_DEFINED_TRANSFORMATION('','',#11,#51);
#7865 = PRODUCT_DEFINITION_SHAPE('Placement','Placement of an item',
  #7866);
#7866 = NEXT_ASSEMBLY_USAGE_OCCURRENCE('10','=>[0:1:1:6]','',#5,#6859,$
  );
#7867 = PRODUCT_RELATED_PRODUCT_CATEGORY('part',$,(#6861));
#7868 = MECHANICAL_DESIGN_GEOMETRIC_PRESENTATION_REPRESENTATION('',(
    #7869,#7877,#7884,#7891,#7898,#7905,#7912,#7919,#7926,#7933,#7940,
    #7948,#7955,#7962,#7969,#7976,#7983,#7990,#7997,#8004,#8011,#8018,
    #8025,#8032,#8039,#8046,#8053,#8060),#1732);
#7869 = STYLED_ITEM('color',(#7870),#880);
#7870 = PRESENTATION_STYLE_ASSIGNMENT((#7871));
#7871 = SURFACE_STYLE_USAGE(.BOTH.,#7872);
#7872 = SURFACE_SIDE_STYLE('',(#7873));
#7873 = SURFACE_STYLE_FILL_AREA(#7874);
#7874 = FILL_AREA_STYLE('',(#7875));
#7875 = FILL_AREA_STYLE_COLOUR('',#7876);
#7876 = COLOUR_RGB('',0.823999987314,0.819999987296,0.781000009244);
#7877 = STYLED_ITEM('color',(#7878),#956);
#7878 = PRESENTATION_STYLE_ASSIGNMENT((#7879));
#7879 = SURFACE_STYLE_USAGE(.BOTH.,#7880);
#7880 = SURFACE_SIDE_STYLE('',(#7881));
#7881 = SURFACE_STYLE_FILL_AREA(#7882);
#7882 = FILL_AREA_STYLE('',(#7883));
#7883 = FILL_AREA_STYLE_COLOUR('',#7876);
#7884 = STYLED_ITEM('color',(#7885),#987);
#7885 = PRESENTATION_STYLE_ASSIGNMENT((#7886));
#7886 = SURFACE_STYLE_USAGE(.BOTH.,#7887);
#7887 = SURFACE_SIDE_STYLE('',(#7888));
#7888 = SURFACE_STYLE_FILL_AREA(#7889);
#7889 = FILL_AREA_STYLE('',(#7890));
#7890 = FILL_AREA_STYLE_COLOUR('',#7876);
#7891 = STYLED_ITEM('color',(#7892),#1012);
#7892 = PRESENTATION_STYLE_ASSIGNMENT((#7893));
#7893 = SURFACE_STYLE_USAGE(.BOTH.,#7894);
#7894 = SURFACE_SIDE_STYLE('',(#7895));
#7895 = SURFACE_STYLE_FILL_AREA(#7896);
#7896 = FILL_AREA_STYLE('',(#7897));
#7897 = FILL_AREA_STYLE_COLOUR('',#7876);
#7898 = STYLED_ITEM('color',(#7899),#1037);
#7899 = PRESENTATION_STYLE_ASSIGNMENT((#7900));
#7900 = SURFACE_STYLE_USAGE(.BOTH.,#7901);
#7901 = SURFACE_SIDE_STYLE('',(#7902));
#7902 = SURFACE_STYLE_FILL_AREA(#7903);
#7903 = FILL_AREA_STYLE('',(#7904));
#7904 = FILL_AREA_STYLE_COLOUR('',#7876);
#7905 = STYLED_ITEM('color',(#7906),#1061);
#7906 = PRESENTATION_STYLE_ASSIGNMENT((#7907));
#7907 = SURFACE_STYLE_USAGE(.BOTH.,#7908);
#7908 = SURFACE_SIDE_STYLE('',(#7909));
#7909 = SURFACE_STYLE_FILL_AREA(#7910);
#7910 = FILL_AREA_STYLE('',(#7911));
#7911 = FILL_AREA_STYLE_COLOUR('',#7876);
#7912 = STYLED_ITEM('color',(#7913),#1085);
#7913 = PRESENTATION_STYLE_ASSIGNMENT((#7914));
#7914 = SURFACE_STYLE_USAGE(.BOTH.,#7915);
#7915 = SURFACE_SIDE_STYLE('',(#7916));
#7916 = SURFACE_STYLE_FILL_AREA(#7917);
#7917 = FILL_AREA_STYLE('',(#7918));
#7918 = FILL_AREA_STYLE_COLOUR('',#7876);
#7919 = STYLED_ITEM('color',(#7920),#1110);
#7920 = PRESENTATION_STYLE_ASSIGNMENT((#7921));
#7921 = SURFACE_STYLE_USAGE(.BOTH.,#7922);
#7922 = SURFACE_SIDE_STYLE('',(#7923));
#7923 = SURFACE_STYLE_FILL_AREA(#7924);
#7924 = FILL_AREA_STYLE('',(#7925));
#7925 = FILL_AREA_STYLE_COLOUR('',#7876);
#7926 = STYLED_ITEM('color',(#7927),#1135);
#7927 = PRESENTATION_STYLE_ASSIGNMENT((#7928));
#7928 = SURFACE_STYLE_USAGE(.BOTH.,#7929);
#7929 = SURFACE_SIDE_STYLE('',(#7930));
#7930 = SURFACE_STYLE_FILL_AREA(#7931);
#7931 = FILL_AREA_STYLE('',(#7932));
#7932 = FILL_AREA_STYLE_COLOUR('',#7876);
#7933 = STYLED_ITEM('color',(#7934),#1152);
#7934 = PRESENTATION_STYLE_ASSIGNMENT((#7935));
#7935 = SURFACE_STYLE_USAGE(.BOTH.,#7936);
#7936 = SURFACE_SIDE_STYLE('',(#7937));
#7937 = SURFACE_STYLE_FILL_AREA(#7938);
#7938 = FILL_AREA_STYLE('',(#7939));
#7939 = FILL_AREA_STYLE_COLOUR('',#7876);
#7940 = STYLED_ITEM('color',(#7941),#1238);
#7941 = PRESENTATION_STYLE_ASSIGNMENT((#7942));
#7942 = SURFACE_STYLE_USAGE(.BOTH.,#7943);
#7943 = SURFACE_SIDE_STYLE('',(#7944));
#7944 = SURFACE_STYLE_FILL_AREA(#7945);
#7945 = FILL_AREA_STYLE('',(#7946));
#7946 = FILL_AREA_STYLE_COLOUR('',#7947);
#7947 = COLOUR_RGB('',0.379000005575,0.270000008848,0.214999999939);
#7948 = STYLED_ITEM('color',(#7949),#1270);
#7949 = PRESENTATION_STYLE_ASSIGNMENT((#7950));
#7950 = SURFACE_STYLE_USAGE(.BOTH.,#7951);
#7951 = SURFACE_SIDE_STYLE('',(#7952));
#7952 = SURFACE_STYLE_FILL_AREA(#7953);
#7953 = FILL_AREA_STYLE('',(#7954));
#7954 = FILL_AREA_STYLE_COLOUR('',#7947);
#7955 = STYLED_ITEM('color',(#7956),#1294);
#7956 = PRESENTATION_STYLE_ASSIGNMENT((#7957));
#7957 = SURFACE_STYLE_USAGE(.BOTH.,#7958);
#7958 = SURFACE_SIDE_STYLE('',(#7959));
#7959 = SURFACE_STYLE_FILL_AREA(#7960);
#7960 = FILL_AREA_STYLE('',(#7961));
#7961 = FILL_AREA_STYLE_COLOUR('',#7947);
#7962 = STYLED_ITEM('color',(#7963),#1319);
#7963 = PRESENTATION_STYLE_ASSIGNMENT((#7964));
#7964 = SURFACE_STYLE_USAGE(.BOTH.,#7965);
#7965 = SURFACE_SIDE_STYLE('',(#7966));
#7966 = SURFACE_STYLE_FILL_AREA(#7967);
#7967 = FILL_AREA_STYLE('',(#7968));
#7968 = FILL_AREA_STYLE_COLOUR('',#7947);
#7969 = STYLED_ITEM('color',(#7970),#1343);
#7970 = PRESENTATION_STYLE_ASSIGNMENT((#7971));
#7971 = SURFACE_STYLE_USAGE(.BOTH.,#7972);
#7972 = SURFACE_SIDE_STYLE('',(#7973));
#7973 = SURFACE_STYLE_FILL_AREA(#7974);
#7974 = FILL_AREA_STYLE('',(#7975));
#7975 = FILL_AREA_STYLE_COLOUR('',#7947);
#7976 = STYLED_ITEM('color',(#7977),#1368);
#7977 = PRESENTATION_STYLE_ASSIGNMENT((#7978));
#7978 = SURFACE_STYLE_USAGE(.BOTH.,#7979);
#7979 = SURFACE_SIDE_STYLE('',(#7980));
#7980 = SURFACE_STYLE_FILL_AREA(#7981);
#7981 = FILL_AREA_STYLE('',(#7982));
#7982 = FILL_AREA_STYLE_COLOUR('',#7947);
#7983 = STYLED_ITEM('color',(#7984),#1392);
#7984 = PRESENTATION_STYLE_ASSIGNMENT((#7985));
#7985 = SURFACE_STYLE_USAGE(.BOTH.,#7986);
#7986 = SURFACE_SIDE_STYLE('',(#7987));
#7987 = SURFACE_STYLE_FILL_AREA(#7988);
#7988 = FILL_AREA_STYLE('',(#7989));
#7989 = FILL_AREA_STYLE_COLOUR('',#7947);
#7990 = STYLED_ITEM('color',(#7991),#1417);
#7991 = PRESENTATION_STYLE_ASSIGNMENT((#7992));
#7992 = SURFACE_STYLE_USAGE(.BOTH.,#7993);
#7993 = SURFACE_SIDE_STYLE('',(#7994));
#7994 = SURFACE_STYLE_FILL_AREA(#7995);
#7995 = FILL_AREA_STYLE('',(#7996));
#7996 = FILL_AREA_STYLE_COLOUR('',#7947);
#7997 = STYLED_ITEM('color',(#7998),#1434);
#7998 = PRESENTATION_STYLE_ASSIGNMENT((#7999));
#7999 = SURFACE_STYLE_USAGE(.BOTH.,#8000);
#8000 = SURFACE_SIDE_STYLE('',(#8001));
#8001 = SURFACE_STYLE_FILL_AREA(#8002);
#8002 = FILL_AREA_STYLE('',(#8003));
#8003 = FILL_AREA_STYLE_COLOUR('',#7876);
#8004 = STYLED_ITEM('color',(#8005),#1520);
#8005 = PRESENTATION_STYLE_ASSIGNMENT((#8006));
#8006 = SURFACE_STYLE_USAGE(.BOTH.,#8007);
#8007 = SURFACE_SIDE_STYLE('',(#8008));
#8008 = SURFACE_STYLE_FILL_AREA(#8009);
#8009 = FILL_AREA_STYLE('',(#8010));
#8010 = FILL_AREA_STYLE_COLOUR('',#7876);
#8011 = STYLED_ITEM('color',(#8012),#1551);
#8012 = PRESENTATION_STYLE_ASSIGNMENT((#8013));
#8013 = SURFACE_STYLE_USAGE(.BOTH.,#8014);
#8014 = SURFACE_SIDE_STYLE('',(#8015));
#8015 = SURFACE_STYLE_FILL_AREA(#8016);
#8016 = FILL_AREA_STYLE('',(#8017));
#8017 = FILL_AREA_STYLE_COLOUR('',#7876);
#8018 = STYLED_ITEM('color',(#8019),#1576);
#8019 = PRESENTATION_STYLE_ASSIGNMENT((#8020));
#8020 = SURFACE_STYLE_USAGE(.BOTH.,#8021);
#8021 = SURFACE_SIDE_STYLE('',(#8022));
#8022 = SURFACE_STYLE_FILL_AREA(#8023);
#8023 = FILL_AREA_STYLE('',(#8024));
#8024 = FILL_AREA_STYLE_COLOUR('',#7876);
#8025 = STYLED_ITEM('color',(#8026),#1601);
#8026 = PRESENTATION_STYLE_ASSIGNMENT((#8027));
#8027 = SURFACE_STYLE_USAGE(.BOTH.,#8028);
#8028 = SURFACE_SIDE_STYLE('',(#8029));
#8029 = SURFACE_STYLE_FILL_AREA(#8030);
#8030 = FILL_AREA_STYLE('',(#8031));
#8031 = FILL_AREA_STYLE_COLOUR('',#7876);
#8032 = STYLED_ITEM('color',(#8033),#1625);
#8033 = PRESENTATION_STYLE_ASSIGNMENT((#8034));
#8034 = SURFACE_STYLE_USAGE(.BOTH.,#8035);
#8035 = SURFACE_SIDE_STYLE('',(#8036));
#8036 = SURFACE_STYLE_FILL_AREA(#8037);
#8037 = FILL_AREA_STYLE('',(#8038));
#8038 = FILL_AREA_STYLE_COLOUR('',#7876);
#8039 = STYLED_ITEM('color',(#8040),#1649);
#8040 = PRESENTATION_STYLE_ASSIGNMENT((#8041));
#8041 = SURFACE_STYLE_USAGE(.BOTH.,#8042);
#8042 = SURFACE_SIDE_STYLE('',(#8043));
#8043 = SURFACE_STYLE_FILL_AREA(#8044);
#8044 = FILL_AREA_STYLE('',(#8045));
#8045 = FILL_AREA_STYLE_COLOUR('',#7876);
#8046 = STYLED_ITEM('color',(#8047),#1674);
#8047 = PRESENTATION_STYLE_ASSIGNMENT((#8048));
#8048 = SURFACE_STYLE_USAGE(.BOTH.,#8049);
#8049 = SURFACE_SIDE_STYLE('',(#8050));
#8050 = SURFACE_STYLE_FILL_AREA(#8051);
#8051 = FILL_AREA_STYLE('',(#8052));
#8052 = FILL_AREA_STYLE_COLOUR('',#7876);
#8053 = STYLED_ITEM('color',(#8054),#1699);
#8054 = PRESENTATION_STYLE_ASSIGNMENT((#8055));
#8055 = SURFACE_STYLE_USAGE(.BOTH.,#8056);
#8056 = SURFACE_SIDE_STYLE('',(#8057));
#8057 = SURFACE_STYLE_FILL_AREA(#8058);
#8058 = FILL_AREA_STYLE('',(#8059));
#8059 = FILL_AREA_STYLE_COLOUR('',#7876);
#8060 = STYLED_ITEM('color',(#8061),#1716);
#8061 = PRESENTATION_STYLE_ASSIGNMENT((#8062));
#8062 = SURFACE_STYLE_USAGE(.BOTH.,#8063);
#8063 = SURFACE_SIDE_STYLE('',(#8064));
#8064 = SURFACE_STYLE_FILL_AREA(#8065);
#8065 = FILL_AREA_STYLE('',(#8066));
#8066 = FILL_AREA_STYLE_COLOUR('',#7876);
#8067 = MECHANICAL_DESIGN_GEOMETRIC_PRESENTATION_REPRESENTATION('',(
    #8068,#8078,#8087,#8096,#8105,#8114,#8123,#8132,#8141,#8150,#8159,
    #8168,#8177,#8186,#8195,#8204,#8213,#8222,#8231,#8240,#8249,#8258,
    #8267,#8276,#8285,#8294,#8303,#8312,#8321,#8330,#8339,#8348,#8357,
    #8366,#8375,#8384,#8393,#8402,#8411,#8420,#8429,#8438,#8447,#8456,
    #8465,#8474,#8483,#8492,#8501,#8510,#8519,#8528,#8537,#8546,#8555,
    #8564,#8573,#8582,#8591,#8600,#8609,#8618,#8627,#8636,#8645,#8654,
    #8663,#8672,#8681),#6846);
#8068 = STYLED_ITEM('color',(#8069),#4866);
#8069 = PRESENTATION_STYLE_ASSIGNMENT((#8070,#8076));
#8070 = SURFACE_STYLE_USAGE(.BOTH.,#8071);
#8071 = SURFACE_SIDE_STYLE('',(#8072));
#8072 = SURFACE_STYLE_FILL_AREA(#8073);
#8073 = FILL_AREA_STYLE('',(#8074));
#8074 = FILL_AREA_STYLE_COLOUR('',#8075);
#8075 = COLOUR_RGB('',0.147999998088,0.145000001626,0.145000001626);
#8076 = CURVE_STYLE('',#8077,POSITIVE_LENGTH_MEASURE(0.1),#8075);
#8077 = DRAUGHTING_PRE_DEFINED_CURVE_FONT('continuous');
#8078 = STYLED_ITEM('color',(#8079),#4904);
#8079 = PRESENTATION_STYLE_ASSIGNMENT((#8080,#8085));
#8080 = SURFACE_STYLE_USAGE(.BOTH.,#8081);
#8081 = SURFACE_SIDE_STYLE('',(#8082));
#8082 = SURFACE_STYLE_FILL_AREA(#8083);
#8083 = FILL_AREA_STYLE('',(#8084));
#8084 = FILL_AREA_STYLE_COLOUR('',#8075);
#8085 = CURVE_STYLE('',#8086,POSITIVE_LENGTH_MEASURE(0.1),#8075);
#8086 = DRAUGHTING_PRE_DEFINED_CURVE_FONT('continuous');
#8087 = STYLED_ITEM('color',(#8088),#4967);
#8088 = PRESENTATION_STYLE_ASSIGNMENT((#8089,#8094));
#8089 = SURFACE_STYLE_USAGE(.BOTH.,#8090);
#8090 = SURFACE_SIDE_STYLE('',(#8091));
#8091 = SURFACE_STYLE_FILL_AREA(#8092);
#8092 = FILL_AREA_STYLE('',(#8093));
#8093 = FILL_AREA_STYLE_COLOUR('',#8075);
#8094 = CURVE_STYLE('',#8095,POSITIVE_LENGTH_MEASURE(0.1),#8075);
#8095 = DRAUGHTING_PRE_DEFINED_CURVE_FONT('continuous');
#8096 = STYLED_ITEM('color',(#8097),#4990);
#8097 = PRESENTATION_STYLE_ASSIGNMENT((#8098,#8103));
#8098 = SURFACE_STYLE_USAGE(.BOTH.,#8099);
#8099 = SURFACE_SIDE_STYLE('',(#8100));
#8100 = SURFACE_STYLE_FILL_AREA(#8101);
#8101 = FILL_AREA_STYLE('',(#8102));
#8102 = FILL_AREA_STYLE_COLOUR('',#8075);
#8103 = CURVE_STYLE('',#8104,POSITIVE_LENGTH_MEASURE(0.1),#8075);
#8104 = DRAUGHTING_PRE_DEFINED_CURVE_FONT('continuous');
#8105 = STYLED_ITEM('color',(#8106),#5019);
#8106 = PRESENTATION_STYLE_ASSIGNMENT((#8107,#8112));
#8107 = SURFACE_STYLE_USAGE(.BOTH.,#8108);
#8108 = SURFACE_SIDE_STYLE('',(#8109));
#8109 = SURFACE_STYLE_FILL_AREA(#8110);
#8110 = FILL_AREA_STYLE('',(#8111));
#8111 = FILL_AREA_STYLE_COLOUR('',#8075);
#8112 = CURVE_STYLE('',#8113,POSITIVE_LENGTH_MEASURE(0.1),#8075);
#8113 = DRAUGHTING_PRE_DEFINED_CURVE_FONT('continuous');
#8114 = STYLED_ITEM('color',(#8115),#5042);
#8115 = PRESENTATION_STYLE_ASSIGNMENT((#8116,#8121));
#8116 = SURFACE_STYLE_USAGE(.BOTH.,#8117);
#8117 = SURFACE_SIDE_STYLE('',(#8118));
#8118 = SURFACE_STYLE_FILL_AREA(#8119);
#8119 = FILL_AREA_STYLE('',(#8120));
#8120 = FILL_AREA_STYLE_COLOUR('',#8075);
#8121 = CURVE_STYLE('',#8122,POSITIVE_LENGTH_MEASURE(0.1),#8075);
#8122 = DRAUGHTING_PRE_DEFINED_CURVE_FONT('continuous');
#8123 = STYLED_ITEM('color',(#8124),#5097);
#8124 = PRESENTATION_STYLE_ASSIGNMENT((#8125,#8130));
#8125 = SURFACE_STYLE_USAGE(.BOTH.,#8126);
#8126 = SURFACE_SIDE_STYLE('',(#8127));
#8127 = SURFACE_STYLE_FILL_AREA(#8128);
#8128 = FILL_AREA_STYLE('',(#8129));
#8129 = FILL_AREA_STYLE_COLOUR('',#8075);
#8130 = CURVE_STYLE('',#8131,POSITIVE_LENGTH_MEASURE(0.1),#8075);
#8131 = DRAUGHTING_PRE_DEFINED_CURVE_FONT('continuous');
#8132 = STYLED_ITEM('color',(#8133),#5136);
#8133 = PRESENTATION_STYLE_ASSIGNMENT((#8134,#8139));
#8134 = SURFACE_STYLE_USAGE(.BOTH.,#8135);
#8135 = SURFACE_SIDE_STYLE('',(#8136));
#8136 = SURFACE_STYLE_FILL_AREA(#8137);
#8137 = FILL_AREA_STYLE('',(#8138));
#8138 = FILL_AREA_STYLE_COLOUR('',#8075);
#8139 = CURVE_STYLE('',#8140,POSITIVE_LENGTH_MEASURE(0.1),#8075);
#8140 = DRAUGHTING_PRE_DEFINED_CURVE_FONT('continuous');
#8141 = STYLED_ITEM('color',(#8142),#5159);
#8142 = PRESENTATION_STYLE_ASSIGNMENT((#8143,#8148));
#8143 = SURFACE_STYLE_USAGE(.BOTH.,#8144);
#8144 = SURFACE_SIDE_STYLE('',(#8145));
#8145 = SURFACE_STYLE_FILL_AREA(#8146);
#8146 = FILL_AREA_STYLE('',(#8147));
#8147 = FILL_AREA_STYLE_COLOUR('',#8075);
#8148 = CURVE_STYLE('',#8149,POSITIVE_LENGTH_MEASURE(0.1),#8075);
#8149 = DRAUGHTING_PRE_DEFINED_CURVE_FONT('continuous');
#8150 = STYLED_ITEM('color',(#8151),#5182);
#8151 = PRESENTATION_STYLE_ASSIGNMENT((#8152,#8157));
#8152 = SURFACE_STYLE_USAGE(.BOTH.,#8153);
#8153 = SURFACE_SIDE_STYLE('',(#8154));
#8154 = SURFACE_STYLE_FILL_AREA(#8155);
#8155 = FILL_AREA_STYLE('',(#8156));
#8156 = FILL_AREA_STYLE_COLOUR('',#8075);
#8157 = CURVE_STYLE('',#8158,POSITIVE_LENGTH_MEASURE(0.1),#8075);
#8158 = DRAUGHTING_PRE_DEFINED_CURVE_FONT('continuous');
#8159 = STYLED_ITEM('color',(#8160),#5199);
#8160 = PRESENTATION_STYLE_ASSIGNMENT((#8161,#8166));
#8161 = SURFACE_STYLE_USAGE(.BOTH.,#8162);
#8162 = SURFACE_SIDE_STYLE('',(#8163));
#8163 = SURFACE_STYLE_FILL_AREA(#8164);
#8164 = FILL_AREA_STYLE('',(#8165));
#8165 = FILL_AREA_STYLE_COLOUR('',#8075);
#8166 = CURVE_STYLE('',#8167,POSITIVE_LENGTH_MEASURE(0.1),#8075);
#8167 = DRAUGHTING_PRE_DEFINED_CURVE_FONT('continuous');
#8168 = STYLED_ITEM('color',(#8169),#5222);
#8169 = PRESENTATION_STYLE_ASSIGNMENT((#8170,#8175));
#8170 = SURFACE_STYLE_USAGE(.BOTH.,#8171);
#8171 = SURFACE_SIDE_STYLE('',(#8172));
#8172 = SURFACE_STYLE_FILL_AREA(#8173);
#8173 = FILL_AREA_STYLE('',(#8174));
#8174 = FILL_AREA_STYLE_COLOUR('',#8075);
#8175 = CURVE_STYLE('',#8176,POSITIVE_LENGTH_MEASURE(0.1),#8075);
#8176 = DRAUGHTING_PRE_DEFINED_CURVE_FONT('continuous');
#8177 = STYLED_ITEM('color',(#8178),#5310);
#8178 = PRESENTATION_STYLE_ASSIGNMENT((#8179,#8184));
#8179 = SURFACE_STYLE_USAGE(.BOTH.,#8180);
#8180 = SURFACE_SIDE_STYLE('',(#8181));
#8181 = SURFACE_STYLE_FILL_AREA(#8182);
#8182 = FILL_AREA_STYLE('',(#8183));
#8183 = FILL_AREA_STYLE_COLOUR('',#8075);
#8184 = CURVE_STYLE('',#8185,POSITIVE_LENGTH_MEASURE(0.1),#8075);
#8185 = DRAUGHTING_PRE_DEFINED_CURVE_FONT('continuous');
#8186 = STYLED_ITEM('color',(#8187),#5326);
#8187 = PRESENTATION_STYLE_ASSIGNMENT((#8188,#8193));
#8188 = SURFACE_STYLE_USAGE(.BOTH.,#8189);
#8189 = SURFACE_SIDE_STYLE('',(#8190));
#8190 = SURFACE_STYLE_FILL_AREA(#8191);
#8191 = FILL_AREA_STYLE('',(#8192));
#8192 = FILL_AREA_STYLE_COLOUR('',#8075);
#8193 = CURVE_STYLE('',#8194,POSITIVE_LENGTH_MEASURE(0.1),#8075);
#8194 = DRAUGHTING_PRE_DEFINED_CURVE_FONT('continuous');
#8195 = STYLED_ITEM('color',(#8196),#5356);
#8196 = PRESENTATION_STYLE_ASSIGNMENT((#8197,#8202));
#8197 = SURFACE_STYLE_USAGE(.BOTH.,#8198);
#8198 = SURFACE_SIDE_STYLE('',(#8199));
#8199 = SURFACE_STYLE_FILL_AREA(#8200);
#8200 = FILL_AREA_STYLE('',(#8201));
#8201 = FILL_AREA_STYLE_COLOUR('',#7876);
#8202 = CURVE_STYLE('',#8203,POSITIVE_LENGTH_MEASURE(0.1),#7876);
#8203 = DRAUGHTING_PRE_DEFINED_CURVE_FONT('continuous');
#8204 = STYLED_ITEM('color',(#8205),#5389);
#8205 = PRESENTATION_STYLE_ASSIGNMENT((#8206,#8211));
#8206 = SURFACE_STYLE_USAGE(.BOTH.,#8207);
#8207 = SURFACE_SIDE_STYLE('',(#8208));
#8208 = SURFACE_STYLE_FILL_AREA(#8209);
#8209 = FILL_AREA_STYLE('',(#8210));
#8210 = FILL_AREA_STYLE_COLOUR('',#8075);
#8211 = CURVE_STYLE('',#8212,POSITIVE_LENGTH_MEASURE(0.1),#8075);
#8212 = DRAUGHTING_PRE_DEFINED_CURVE_FONT('continuous');
#8213 = STYLED_ITEM('color',(#8214),#5420);
#8214 = PRESENTATION_STYLE_ASSIGNMENT((#8215,#8220));
#8215 = SURFACE_STYLE_USAGE(.BOTH.,#8216);
#8216 = SURFACE_SIDE_STYLE('',(#8217));
#8217 = SURFACE_STYLE_FILL_AREA(#8218);
#8218 = FILL_AREA_STYLE('',(#8219));
#8219 = FILL_AREA_STYLE_COLOUR('',#7876);
#8220 = CURVE_STYLE('',#8221,POSITIVE_LENGTH_MEASURE(0.1),#7876);
#8221 = DRAUGHTING_PRE_DEFINED_CURVE_FONT('continuous');
#8222 = STYLED_ITEM('color',(#8223),#5453);
#8223 = PRESENTATION_STYLE_ASSIGNMENT((#8224,#8229));
#8224 = SURFACE_STYLE_USAGE(.BOTH.,#8225);
#8225 = SURFACE_SIDE_STYLE('',(#8226));
#8226 = SURFACE_STYLE_FILL_AREA(#8227);
#8227 = FILL_AREA_STYLE('',(#8228));
#8228 = FILL_AREA_STYLE_COLOUR('',#8075);
#8229 = CURVE_STYLE('',#8230,POSITIVE_LENGTH_MEASURE(0.1),#8075);
#8230 = DRAUGHTING_PRE_DEFINED_CURVE_FONT('continuous');
#8231 = STYLED_ITEM('color',(#8232),#5470);
#8232 = PRESENTATION_STYLE_ASSIGNMENT((#8233,#8238));
#8233 = SURFACE_STYLE_USAGE(.BOTH.,#8234);
#8234 = SURFACE_SIDE_STYLE('',(#8235));
#8235 = SURFACE_STYLE_FILL_AREA(#8236);
#8236 = FILL_AREA_STYLE('',(#8237));
#8237 = FILL_AREA_STYLE_COLOUR('',#8075);
#8238 = CURVE_STYLE('',#8239,POSITIVE_LENGTH_MEASURE(0.1),#8075);
#8239 = DRAUGHTING_PRE_DEFINED_CURVE_FONT('continuous');
#8240 = STYLED_ITEM('color',(#8241),#5487);
#8241 = PRESENTATION_STYLE_ASSIGNMENT((#8242,#8247));
#8242 = SURFACE_STYLE_USAGE(.BOTH.,#8243);
#8243 = SURFACE_SIDE_STYLE('',(#8244));
#8244 = SURFACE_STYLE_FILL_AREA(#8245);
#8245 = FILL_AREA_STYLE('',(#8246));
#8246 = FILL_AREA_STYLE_COLOUR('',#7876);
#8247 = CURVE_STYLE('',#8248,POSITIVE_LENGTH_MEASURE(0.1),#7876);
#8248 = DRAUGHTING_PRE_DEFINED_CURVE_FONT('continuous');
#8249 = STYLED_ITEM('color',(#8250),#5520);
#8250 = PRESENTATION_STYLE_ASSIGNMENT((#8251,#8256));
#8251 = SURFACE_STYLE_USAGE(.BOTH.,#8252);
#8252 = SURFACE_SIDE_STYLE('',(#8253));
#8253 = SURFACE_STYLE_FILL_AREA(#8254);
#8254 = FILL_AREA_STYLE('',(#8255));
#8255 = FILL_AREA_STYLE_COLOUR('',#8075);
#8256 = CURVE_STYLE('',#8257,POSITIVE_LENGTH_MEASURE(0.1),#8075);
#8257 = DRAUGHTING_PRE_DEFINED_CURVE_FONT('continuous');
#8258 = STYLED_ITEM('color',(#8259),#5550);
#8259 = PRESENTATION_STYLE_ASSIGNMENT((#8260,#8265));
#8260 = SURFACE_STYLE_USAGE(.BOTH.,#8261);
#8261 = SURFACE_SIDE_STYLE('',(#8262));
#8262 = SURFACE_STYLE_FILL_AREA(#8263);
#8263 = FILL_AREA_STYLE('',(#8264));
#8264 = FILL_AREA_STYLE_COLOUR('',#8075);
#8265 = CURVE_STYLE('',#8266,POSITIVE_LENGTH_MEASURE(0.1),#8075);
#8266 = DRAUGHTING_PRE_DEFINED_CURVE_FONT('continuous');
#8267 = STYLED_ITEM('color',(#8268),#5573);
#8268 = PRESENTATION_STYLE_ASSIGNMENT((#8269,#8274));
#8269 = SURFACE_STYLE_USAGE(.BOTH.,#8270);
#8270 = SURFACE_SIDE_STYLE('',(#8271));
#8271 = SURFACE_STYLE_FILL_AREA(#8272);
#8272 = FILL_AREA_STYLE('',(#8273));
#8273 = FILL_AREA_STYLE_COLOUR('',#8075);
#8274 = CURVE_STYLE('',#8275,POSITIVE_LENGTH_MEASURE(0.1),#8075);
#8275 = DRAUGHTING_PRE_DEFINED_CURVE_FONT('continuous');
#8276 = STYLED_ITEM('color',(#8277),#5596);
#8277 = PRESENTATION_STYLE_ASSIGNMENT((#8278,#8283));
#8278 = SURFACE_STYLE_USAGE(.BOTH.,#8279);
#8279 = SURFACE_SIDE_STYLE('',(#8280));
#8280 = SURFACE_STYLE_FILL_AREA(#8281);
#8281 = FILL_AREA_STYLE('',(#8282));
#8282 = FILL_AREA_STYLE_COLOUR('',#8075);
#8283 = CURVE_STYLE('',#8284,POSITIVE_LENGTH_MEASURE(0.1),#8075);
#8284 = DRAUGHTING_PRE_DEFINED_CURVE_FONT('continuous');
#8285 = STYLED_ITEM('color',(#8286),#5613);
#8286 = PRESENTATION_STYLE_ASSIGNMENT((#8287,#8292));
#8287 = SURFACE_STYLE_USAGE(.BOTH.,#8288);
#8288 = SURFACE_SIDE_STYLE('',(#8289));
#8289 = SURFACE_STYLE_FILL_AREA(#8290);
#8290 = FILL_AREA_STYLE('',(#8291));
#8291 = FILL_AREA_STYLE_COLOUR('',#7876);
#8292 = CURVE_STYLE('',#8293,POSITIVE_LENGTH_MEASURE(0.1),#7876);
#8293 = DRAUGHTING_PRE_DEFINED_CURVE_FONT('continuous');
#8294 = STYLED_ITEM('color',(#8295),#5642);
#8295 = PRESENTATION_STYLE_ASSIGNMENT((#8296,#8301));
#8296 = SURFACE_STYLE_USAGE(.BOTH.,#8297);
#8297 = SURFACE_SIDE_STYLE('',(#8298));
#8298 = SURFACE_STYLE_FILL_AREA(#8299);
#8299 = FILL_AREA_STYLE('',(#8300));
#8300 = FILL_AREA_STYLE_COLOUR('',#8075);
#8301 = CURVE_STYLE('',#8302,POSITIVE_LENGTH_MEASURE(0.1),#8075);
#8302 = DRAUGHTING_PRE_DEFINED_CURVE_FONT('continuous');
#8303 = STYLED_ITEM('color',(#8304),#5696);
#8304 = PRESENTATION_STYLE_ASSIGNMENT((#8305,#8310));
#8305 = SURFACE_STYLE_USAGE(.BOTH.,#8306);
#8306 = SURFACE_SIDE_STYLE('',(#8307));
#8307 = SURFACE_STYLE_FILL_AREA(#8308);
#8308 = FILL_AREA_STYLE('',(#8309));
#8309 = FILL_AREA_STYLE_COLOUR('',#8075);
#8310 = CURVE_STYLE('',#8311,POSITIVE_LENGTH_MEASURE(0.1),#8075);
#8311 = DRAUGHTING_PRE_DEFINED_CURVE_FONT('continuous');
#8312 = STYLED_ITEM('color',(#8313),#5719);
#8313 = PRESENTATION_STYLE_ASSIGNMENT((#8314,#8319));
#8314 = SURFACE_STYLE_USAGE(.BOTH.,#8315);
#8315 = SURFACE_SIDE_STYLE('',(#8316));
#8316 = SURFACE_STYLE_FILL_AREA(#8317);
#8317 = FILL_AREA_STYLE('',(#8318));
#8318 = FILL_AREA_STYLE_COLOUR('',#8075);
#8319 = CURVE_STYLE('',#8320,POSITIVE_LENGTH_MEASURE(0.1),#8075);
#8320 = DRAUGHTING_PRE_DEFINED_CURVE_FONT('continuous');
#8321 = STYLED_ITEM('color',(#8322),#5742);
#8322 = PRESENTATION_STYLE_ASSIGNMENT((#8323,#8328));
#8323 = SURFACE_STYLE_USAGE(.BOTH.,#8324);
#8324 = SURFACE_SIDE_STYLE('',(#8325));
#8325 = SURFACE_STYLE_FILL_AREA(#8326);
#8326 = FILL_AREA_STYLE('',(#8327));
#8327 = FILL_AREA_STYLE_COLOUR('',#8075);
#8328 = CURVE_STYLE('',#8329,POSITIVE_LENGTH_MEASURE(0.1),#8075);
#8329 = DRAUGHTING_PRE_DEFINED_CURVE_FONT('continuous');
#8330 = STYLED_ITEM('color',(#8331),#5765);
#8331 = PRESENTATION_STYLE_ASSIGNMENT((#8332,#8337));
#8332 = SURFACE_STYLE_USAGE(.BOTH.,#8333);
#8333 = SURFACE_SIDE_STYLE('',(#8334));
#8334 = SURFACE_STYLE_FILL_AREA(#8335);
#8335 = FILL_AREA_STYLE('',(#8336));
#8336 = FILL_AREA_STYLE_COLOUR('',#8075);
#8337 = CURVE_STYLE('',#8338,POSITIVE_LENGTH_MEASURE(0.1),#8075);
#8338 = DRAUGHTING_PRE_DEFINED_CURVE_FONT('continuous');
#8339 = STYLED_ITEM('color',(#8340),#5804);
#8340 = PRESENTATION_STYLE_ASSIGNMENT((#8341,#8346));
#8341 = SURFACE_STYLE_USAGE(.BOTH.,#8342);
#8342 = SURFACE_SIDE_STYLE('',(#8343));
#8343 = SURFACE_STYLE_FILL_AREA(#8344);
#8344 = FILL_AREA_STYLE('',(#8345));
#8345 = FILL_AREA_STYLE_COLOUR('',#7876);
#8346 = CURVE_STYLE('',#8347,POSITIVE_LENGTH_MEASURE(0.1),#7876);
#8347 = DRAUGHTING_PRE_DEFINED_CURVE_FONT('continuous');
#8348 = STYLED_ITEM('color',(#8349),#5826);
#8349 = PRESENTATION_STYLE_ASSIGNMENT((#8350,#8355));
#8350 = SURFACE_STYLE_USAGE(.BOTH.,#8351);
#8351 = SURFACE_SIDE_STYLE('',(#8352));
#8352 = SURFACE_STYLE_FILL_AREA(#8353);
#8353 = FILL_AREA_STYLE('',(#8354));
#8354 = FILL_AREA_STYLE_COLOUR('',#8075);
#8355 = CURVE_STYLE('',#8356,POSITIVE_LENGTH_MEASURE(0.1),#8075);
#8356 = DRAUGHTING_PRE_DEFINED_CURVE_FONT('continuous');
#8357 = STYLED_ITEM('color',(#8358),#5870);
#8358 = PRESENTATION_STYLE_ASSIGNMENT((#8359,#8364));
#8359 = SURFACE_STYLE_USAGE(.BOTH.,#8360);
#8360 = SURFACE_SIDE_STYLE('',(#8361));
#8361 = SURFACE_STYLE_FILL_AREA(#8362);
#8362 = FILL_AREA_STYLE('',(#8363));
#8363 = FILL_AREA_STYLE_COLOUR('',#7876);
#8364 = CURVE_STYLE('',#8365,POSITIVE_LENGTH_MEASURE(0.1),#7876);
#8365 = DRAUGHTING_PRE_DEFINED_CURVE_FONT('continuous');
#8366 = STYLED_ITEM('color',(#8367),#5945);
#8367 = PRESENTATION_STYLE_ASSIGNMENT((#8368,#8373));
#8368 = SURFACE_STYLE_USAGE(.BOTH.,#8369);
#8369 = SURFACE_SIDE_STYLE('',(#8370));
#8370 = SURFACE_STYLE_FILL_AREA(#8371);
#8371 = FILL_AREA_STYLE('',(#8372));
#8372 = FILL_AREA_STYLE_COLOUR('',#7876);
#8373 = CURVE_STYLE('',#8374,POSITIVE_LENGTH_MEASURE(0.1),#7876);
#8374 = DRAUGHTING_PRE_DEFINED_CURVE_FONT('continuous');
#8375 = STYLED_ITEM('color',(#8376),#5969);
#8376 = PRESENTATION_STYLE_ASSIGNMENT((#8377,#8382));
#8377 = SURFACE_STYLE_USAGE(.BOTH.,#8378);
#8378 = SURFACE_SIDE_STYLE('',(#8379));
#8379 = SURFACE_STYLE_FILL_AREA(#8380);
#8380 = FILL_AREA_STYLE('',(#8381));
#8381 = FILL_AREA_STYLE_COLOUR('',#7876);
#8382 = CURVE_STYLE('',#8383,POSITIVE_LENGTH_MEASURE(0.1),#7876);
#8383 = DRAUGHTING_PRE_DEFINED_CURVE_FONT('continuous');
#8384 = STYLED_ITEM('color',(#8385),#6037);
#8385 = PRESENTATION_STYLE_ASSIGNMENT((#8386,#8391));
#8386 = SURFACE_STYLE_USAGE(.BOTH.,#8387);
#8387 = SURFACE_SIDE_STYLE('',(#8388));
#8388 = SURFACE_STYLE_FILL_AREA(#8389);
#8389 = FILL_AREA_STYLE('',(#8390));
#8390 = FILL_AREA_STYLE_COLOUR('',#8075);
#8391 = CURVE_STYLE('',#8392,POSITIVE_LENGTH_MEASURE(0.1),#8075);
#8392 = DRAUGHTING_PRE_DEFINED_CURVE_FONT('continuous');
#8393 = STYLED_ITEM('color',(#8394),#6054);
#8394 = PRESENTATION_STYLE_ASSIGNMENT((#8395,#8400));
#8395 = SURFACE_STYLE_USAGE(.BOTH.,#8396);
#8396 = SURFACE_SIDE_STYLE('',(#8397));
#8397 = SURFACE_STYLE_FILL_AREA(#8398);
#8398 = FILL_AREA_STYLE('',(#8399));
#8399 = FILL_AREA_STYLE_COLOUR('',#7876);
#8400 = CURVE_STYLE('',#8401,POSITIVE_LENGTH_MEASURE(0.1),#7876);
#8401 = DRAUGHTING_PRE_DEFINED_CURVE_FONT('continuous');
#8402 = STYLED_ITEM('color',(#8403),#6129);
#8403 = PRESENTATION_STYLE_ASSIGNMENT((#8404,#8409));
#8404 = SURFACE_STYLE_USAGE(.BOTH.,#8405);
#8405 = SURFACE_SIDE_STYLE('',(#8406));
#8406 = SURFACE_STYLE_FILL_AREA(#8407);
#8407 = FILL_AREA_STYLE('',(#8408));
#8408 = FILL_AREA_STYLE_COLOUR('',#7876);
#8409 = CURVE_STYLE('',#8410,POSITIVE_LENGTH_MEASURE(0.1),#7876);
#8410 = DRAUGHTING_PRE_DEFINED_CURVE_FONT('continuous');
#8411 = STYLED_ITEM('color',(#8412),#6153);
#8412 = PRESENTATION_STYLE_ASSIGNMENT((#8413,#8418));
#8413 = SURFACE_STYLE_USAGE(.BOTH.,#8414);
#8414 = SURFACE_SIDE_STYLE('',(#8415));
#8415 = SURFACE_STYLE_FILL_AREA(#8416);
#8416 = FILL_AREA_STYLE('',(#8417));
#8417 = FILL_AREA_STYLE_COLOUR('',#7876);
#8418 = CURVE_STYLE('',#8419,POSITIVE_LENGTH_MEASURE(0.1),#7876);
#8419 = DRAUGHTING_PRE_DEFINED_CURVE_FONT('continuous');
#8420 = STYLED_ITEM('color',(#8421),#6221);
#8421 = PRESENTATION_STYLE_ASSIGNMENT((#8422,#8427));
#8422 = SURFACE_STYLE_USAGE(.BOTH.,#8423);
#8423 = SURFACE_SIDE_STYLE('',(#8424));
#8424 = SURFACE_STYLE_FILL_AREA(#8425);
#8425 = FILL_AREA_STYLE('',(#8426));
#8426 = FILL_AREA_STYLE_COLOUR('',#7876);
#8427 = CURVE_STYLE('',#8428,POSITIVE_LENGTH_MEASURE(0.1),#7876);
#8428 = DRAUGHTING_PRE_DEFINED_CURVE_FONT('continuous');
#8429 = STYLED_ITEM('color',(#8430),#6296);
#8430 = PRESENTATION_STYLE_ASSIGNMENT((#8431,#8436));
#8431 = SURFACE_STYLE_USAGE(.BOTH.,#8432);
#8432 = SURFACE_SIDE_STYLE('',(#8433));
#8433 = SURFACE_STYLE_FILL_AREA(#8434);
#8434 = FILL_AREA_STYLE('',(#8435));
#8435 = FILL_AREA_STYLE_COLOUR('',#7876);
#8436 = CURVE_STYLE('',#8437,POSITIVE_LENGTH_MEASURE(0.1),#7876);
#8437 = DRAUGHTING_PRE_DEFINED_CURVE_FONT('continuous');
#8438 = STYLED_ITEM('color',(#8439),#6320);
#8439 = PRESENTATION_STYLE_ASSIGNMENT((#8440,#8445));
#8440 = SURFACE_STYLE_USAGE(.BOTH.,#8441);
#8441 = SURFACE_SIDE_STYLE('',(#8442));
#8442 = SURFACE_STYLE_FILL_AREA(#8443);
#8443 = FILL_AREA_STYLE('',(#8444));
#8444 = FILL_AREA_STYLE_COLOUR('',#7876);
#8445 = CURVE_STYLE('',#8446,POSITIVE_LENGTH_MEASURE(0.1),#7876);
#8446 = DRAUGHTING_PRE_DEFINED_CURVE_FONT('continuous');
#8447 = STYLED_ITEM('color',(#8448),#6388);
#8448 = PRESENTATION_STYLE_ASSIGNMENT((#8449,#8454));
#8449 = SURFACE_STYLE_USAGE(.BOTH.,#8450);
#8450 = SURFACE_SIDE_STYLE('',(#8451));
#8451 = SURFACE_STYLE_FILL_AREA(#8452);
#8452 = FILL_AREA_STYLE('',(#8453));
#8453 = FILL_AREA_STYLE_COLOUR('',#7876);
#8454 = CURVE_STYLE('',#8455,POSITIVE_LENGTH_MEASURE(0.1),#7876);
#8455 = DRAUGHTING_PRE_DEFINED_CURVE_FONT('continuous');
#8456 = STYLED_ITEM('color',(#8457),#6405);
#8457 = PRESENTATION_STYLE_ASSIGNMENT((#8458,#8463));
#8458 = SURFACE_STYLE_USAGE(.BOTH.,#8459);
#8459 = SURFACE_SIDE_STYLE('',(#8460));
#8460 = SURFACE_STYLE_FILL_AREA(#8461);
#8461 = FILL_AREA_STYLE('',(#8462));
#8462 = FILL_AREA_STYLE_COLOUR('',#7876);
#8463 = CURVE_STYLE('',#8464,POSITIVE_LENGTH_MEASURE(0.1),#7876);
#8464 = DRAUGHTING_PRE_DEFINED_CURVE_FONT('continuous');
#8465 = STYLED_ITEM('color',(#8466),#6422);
#8466 = PRESENTATION_STYLE_ASSIGNMENT((#8467,#8472));
#8467 = SURFACE_STYLE_USAGE(.BOTH.,#8468);
#8468 = SURFACE_SIDE_STYLE('',(#8469));
#8469 = SURFACE_STYLE_FILL_AREA(#8470);
#8470 = FILL_AREA_STYLE('',(#8471));
#8471 = FILL_AREA_STYLE_COLOUR('',#8075);
#8472 = CURVE_STYLE('',#8473,POSITIVE_LENGTH_MEASURE(0.1),#8075);
#8473 = DRAUGHTING_PRE_DEFINED_CURVE_FONT('continuous');
#8474 = STYLED_ITEM('color',(#8475),#6468);
#8475 = PRESENTATION_STYLE_ASSIGNMENT((#8476,#8481));
#8476 = SURFACE_STYLE_USAGE(.BOTH.,#8477);
#8477 = SURFACE_SIDE_STYLE('',(#8478));
#8478 = SURFACE_STYLE_FILL_AREA(#8479);
#8479 = FILL_AREA_STYLE('',(#8480));
#8480 = FILL_AREA_STYLE_COLOUR('',#8075);
#8481 = CURVE_STYLE('',#8482,POSITIVE_LENGTH_MEASURE(0.1),#8075);
#8482 = DRAUGHTING_PRE_DEFINED_CURVE_FONT('continuous');
#8483 = STYLED_ITEM('color',(#8484),#6484);
#8484 = PRESENTATION_STYLE_ASSIGNMENT((#8485,#8490));
#8485 = SURFACE_STYLE_USAGE(.BOTH.,#8486);
#8486 = SURFACE_SIDE_STYLE('',(#8487));
#8487 = SURFACE_STYLE_FILL_AREA(#8488);
#8488 = FILL_AREA_STYLE('',(#8489));
#8489 = FILL_AREA_STYLE_COLOUR('',#8075);
#8490 = CURVE_STYLE('',#8491,POSITIVE_LENGTH_MEASURE(0.1),#8075);
#8491 = DRAUGHTING_PRE_DEFINED_CURVE_FONT('continuous');
#8492 = STYLED_ITEM('color',(#8493),#6500);
#8493 = PRESENTATION_STYLE_ASSIGNMENT((#8494,#8499));
#8494 = SURFACE_STYLE_USAGE(.BOTH.,#8495);
#8495 = SURFACE_SIDE_STYLE('',(#8496));
#8496 = SURFACE_STYLE_FILL_AREA(#8497);
#8497 = FILL_AREA_STYLE('',(#8498));
#8498 = FILL_AREA_STYLE_COLOUR('',#7876);
#8499 = CURVE_STYLE('',#8500,POSITIVE_LENGTH_MEASURE(0.1),#7876);
#8500 = DRAUGHTING_PRE_DEFINED_CURVE_FONT('continuous');
#8501 = STYLED_ITEM('color',(#8502),#6517);
#8502 = PRESENTATION_STYLE_ASSIGNMENT((#8503,#8508));
#8503 = SURFACE_STYLE_USAGE(.BOTH.,#8504);
#8504 = SURFACE_SIDE_STYLE('',(#8505));
#8505 = SURFACE_STYLE_FILL_AREA(#8506);
#8506 = FILL_AREA_STYLE('',(#8507));
#8507 = FILL_AREA_STYLE_COLOUR('',#8075);
#8508 = CURVE_STYLE('',#8509,POSITIVE_LENGTH_MEASURE(0.1),#8075);
#8509 = DRAUGHTING_PRE_DEFINED_CURVE_FONT('continuous');
#8510 = STYLED_ITEM('color',(#8511),#6529);
#8511 = PRESENTATION_STYLE_ASSIGNMENT((#8512,#8517));
#8512 = SURFACE_STYLE_USAGE(.BOTH.,#8513);
#8513 = SURFACE_SIDE_STYLE('',(#8514));
#8514 = SURFACE_STYLE_FILL_AREA(#8515);
#8515 = FILL_AREA_STYLE('',(#8516));
#8516 = FILL_AREA_STYLE_COLOUR('',#7876);
#8517 = CURVE_STYLE('',#8518,POSITIVE_LENGTH_MEASURE(0.1),#7876);
#8518 = DRAUGHTING_PRE_DEFINED_CURVE_FONT('continuous');
#8519 = STYLED_ITEM('color',(#8520),#6546);
#8520 = PRESENTATION_STYLE_ASSIGNMENT((#8521,#8526));
#8521 = SURFACE_STYLE_USAGE(.BOTH.,#8522);
#8522 = SURFACE_SIDE_STYLE('',(#8523));
#8523 = SURFACE_STYLE_FILL_AREA(#8524);
#8524 = FILL_AREA_STYLE('',(#8525));
#8525 = FILL_AREA_STYLE_COLOUR('',#7876);
#8526 = CURVE_STYLE('',#8527,POSITIVE_LENGTH_MEASURE(0.1),#7876);
#8527 = DRAUGHTING_PRE_DEFINED_CURVE_FONT('continuous');
#8528 = STYLED_ITEM('color',(#8529),#6563);
#8529 = PRESENTATION_STYLE_ASSIGNMENT((#8530,#8535));
#8530 = SURFACE_STYLE_USAGE(.BOTH.,#8531);
#8531 = SURFACE_SIDE_STYLE('',(#8532));
#8532 = SURFACE_STYLE_FILL_AREA(#8533);
#8533 = FILL_AREA_STYLE('',(#8534));
#8534 = FILL_AREA_STYLE_COLOUR('',#7876);
#8535 = CURVE_STYLE('',#8536,POSITIVE_LENGTH_MEASURE(0.1),#7876);
#8536 = DRAUGHTING_PRE_DEFINED_CURVE_FONT('continuous');
#8537 = STYLED_ITEM('color',(#8538),#6580);
#8538 = PRESENTATION_STYLE_ASSIGNMENT((#8539,#8544));
#8539 = SURFACE_STYLE_USAGE(.BOTH.,#8540);
#8540 = SURFACE_SIDE_STYLE('',(#8541));
#8541 = SURFACE_STYLE_FILL_AREA(#8542);
#8542 = FILL_AREA_STYLE('',(#8543));
#8543 = FILL_AREA_STYLE_COLOUR('',#7876);
#8544 = CURVE_STYLE('',#8545,POSITIVE_LENGTH_MEASURE(0.1),#7876);
#8545 = DRAUGHTING_PRE_DEFINED_CURVE_FONT('continuous');
#8546 = STYLED_ITEM('color',(#8547),#6597);
#8547 = PRESENTATION_STYLE_ASSIGNMENT((#8548,#8553));
#8548 = SURFACE_STYLE_USAGE(.BOTH.,#8549);
#8549 = SURFACE_SIDE_STYLE('',(#8550));
#8550 = SURFACE_STYLE_FILL_AREA(#8551);
#8551 = FILL_AREA_STYLE('',(#8552));
#8552 = FILL_AREA_STYLE_COLOUR('',#7876);
#8553 = CURVE_STYLE('',#8554,POSITIVE_LENGTH_MEASURE(0.1),#7876);
#8554 = DRAUGHTING_PRE_DEFINED_CURVE_FONT('continuous');
#8555 = STYLED_ITEM('color',(#8556),#6614);
#8556 = PRESENTATION_STYLE_ASSIGNMENT((#8557,#8562));
#8557 = SURFACE_STYLE_USAGE(.BOTH.,#8558);
#8558 = SURFACE_SIDE_STYLE('',(#8559));
#8559 = SURFACE_STYLE_FILL_AREA(#8560);
#8560 = FILL_AREA_STYLE('',(#8561));
#8561 = FILL_AREA_STYLE_COLOUR('',#7876);
#8562 = CURVE_STYLE('',#8563,POSITIVE_LENGTH_MEASURE(0.1),#7876);
#8563 = DRAUGHTING_PRE_DEFINED_CURVE_FONT('continuous');
#8564 = STYLED_ITEM('color',(#8565),#6631);
#8565 = PRESENTATION_STYLE_ASSIGNMENT((#8566,#8571));
#8566 = SURFACE_STYLE_USAGE(.BOTH.,#8567);
#8567 = SURFACE_SIDE_STYLE('',(#8568));
#8568 = SURFACE_STYLE_FILL_AREA(#8569);
#8569 = FILL_AREA_STYLE('',(#8570));
#8570 = FILL_AREA_STYLE_COLOUR('',#7876);
#8571 = CURVE_STYLE('',#8572,POSITIVE_LENGTH_MEASURE(0.1),#7876);
#8572 = DRAUGHTING_PRE_DEFINED_CURVE_FONT('continuous');
#8573 = STYLED_ITEM('color',(#8574),#6643);
#8574 = PRESENTATION_STYLE_ASSIGNMENT((#8575,#8580));
#8575 = SURFACE_STYLE_USAGE(.BOTH.,#8576);
#8576 = SURFACE_SIDE_STYLE('',(#8577));
#8577 = SURFACE_STYLE_FILL_AREA(#8578);
#8578 = FILL_AREA_STYLE('',(#8579));
#8579 = FILL_AREA_STYLE_COLOUR('',#7876);
#8580 = CURVE_STYLE('',#8581,POSITIVE_LENGTH_MEASURE(0.1),#7876);
#8581 = DRAUGHTING_PRE_DEFINED_CURVE_FONT('continuous');
#8582 = STYLED_ITEM('color',(#8583),#6660);
#8583 = PRESENTATION_STYLE_ASSIGNMENT((#8584,#8589));
#8584 = SURFACE_STYLE_USAGE(.BOTH.,#8585);
#8585 = SURFACE_SIDE_STYLE('',(#8586));
#8586 = SURFACE_STYLE_FILL_AREA(#8587);
#8587 = FILL_AREA_STYLE('',(#8588));
#8588 = FILL_AREA_STYLE_COLOUR('',#7876);
#8589 = CURVE_STYLE('',#8590,POSITIVE_LENGTH_MEASURE(0.1),#7876);
#8590 = DRAUGHTING_PRE_DEFINED_CURVE_FONT('continuous');
#8591 = STYLED_ITEM('color',(#8592),#6677);
#8592 = PRESENTATION_STYLE_ASSIGNMENT((#8593,#8598));
#8593 = SURFACE_STYLE_USAGE(.BOTH.,#8594);
#8594 = SURFACE_SIDE_STYLE('',(#8595));
#8595 = SURFACE_STYLE_FILL_AREA(#8596);
#8596 = FILL_AREA_STYLE('',(#8597));
#8597 = FILL_AREA_STYLE_COLOUR('',#7876);
#8598 = CURVE_STYLE('',#8599,POSITIVE_LENGTH_MEASURE(0.1),#7876);
#8599 = DRAUGHTING_PRE_DEFINED_CURVE_FONT('continuous');
#8600 = STYLED_ITEM('color',(#8601),#6694);
#8601 = PRESENTATION_STYLE_ASSIGNMENT((#8602,#8607));
#8602 = SURFACE_STYLE_USAGE(.BOTH.,#8603);
#8603 = SURFACE_SIDE_STYLE('',(#8604));
#8604 = SURFACE_STYLE_FILL_AREA(#8605);
#8605 = FILL_AREA_STYLE('',(#8606));
#8606 = FILL_AREA_STYLE_COLOUR('',#7876);
#8607 = CURVE_STYLE('',#8608,POSITIVE_LENGTH_MEASURE(0.1),#7876);
#8608 = DRAUGHTING_PRE_DEFINED_CURVE_FONT('continuous');
#8609 = STYLED_ITEM('color',(#8610),#6711);
#8610 = PRESENTATION_STYLE_ASSIGNMENT((#8611,#8616));
#8611 = SURFACE_STYLE_USAGE(.BOTH.,#8612);
#8612 = SURFACE_SIDE_STYLE('',(#8613));
#8613 = SURFACE_STYLE_FILL_AREA(#8614);
#8614 = FILL_AREA_STYLE('',(#8615));
#8615 = FILL_AREA_STYLE_COLOUR('',#7876);
#8616 = CURVE_STYLE('',#8617,POSITIVE_LENGTH_MEASURE(0.1),#7876);
#8617 = DRAUGHTING_PRE_DEFINED_CURVE_FONT('continuous');
#8618 = STYLED_ITEM('color',(#8619),#6728);
#8619 = PRESENTATION_STYLE_ASSIGNMENT((#8620,#8625));
#8620 = SURFACE_STYLE_USAGE(.BOTH.,#8621);
#8621 = SURFACE_SIDE_STYLE('',(#8622));
#8622 = SURFACE_STYLE_FILL_AREA(#8623);
#8623 = FILL_AREA_STYLE('',(#8624));
#8624 = FILL_AREA_STYLE_COLOUR('',#7876);
#8625 = CURVE_STYLE('',#8626,POSITIVE_LENGTH_MEASURE(0.1),#7876);
#8626 = DRAUGHTING_PRE_DEFINED_CURVE_FONT('continuous');
#8627 = STYLED_ITEM('color',(#8628),#6740);
#8628 = PRESENTATION_STYLE_ASSIGNMENT((#8629,#8634));
#8629 = SURFACE_STYLE_USAGE(.BOTH.,#8630);
#8630 = SURFACE_SIDE_STYLE('',(#8631));
#8631 = SURFACE_STYLE_FILL_AREA(#8632);
#8632 = FILL_AREA_STYLE('',(#8633));
#8633 = FILL_AREA_STYLE_COLOUR('',#7876);
#8634 = CURVE_STYLE('',#8635,POSITIVE_LENGTH_MEASURE(0.1),#7876);
#8635 = DRAUGHTING_PRE_DEFINED_CURVE_FONT('continuous');
#8636 = STYLED_ITEM('color',(#8637),#6757);
#8637 = PRESENTATION_STYLE_ASSIGNMENT((#8638,#8643));
#8638 = SURFACE_STYLE_USAGE(.BOTH.,#8639);
#8639 = SURFACE_SIDE_STYLE('',(#8640));
#8640 = SURFACE_STYLE_FILL_AREA(#8641);
#8641 = FILL_AREA_STYLE('',(#8642));
#8642 = FILL_AREA_STYLE_COLOUR('',#7876);
#8643 = CURVE_STYLE('',#8644,POSITIVE_LENGTH_MEASURE(0.1),#7876);
#8644 = DRAUGHTING_PRE_DEFINED_CURVE_FONT('continuous');
#8645 = STYLED_ITEM('color',(#8646),#6774);
#8646 = PRESENTATION_STYLE_ASSIGNMENT((#8647,#8652));
#8647 = SURFACE_STYLE_USAGE(.BOTH.,#8648);
#8648 = SURFACE_SIDE_STYLE('',(#8649));
#8649 = SURFACE_STYLE_FILL_AREA(#8650);
#8650 = FILL_AREA_STYLE('',(#8651));
#8651 = FILL_AREA_STYLE_COLOUR('',#7876);
#8652 = CURVE_STYLE('',#8653,POSITIVE_LENGTH_MEASURE(0.1),#7876);
#8653 = DRAUGHTING_PRE_DEFINED_CURVE_FONT('continuous');
#8654 = STYLED_ITEM('color',(#8655),#6791);
#8655 = PRESENTATION_STYLE_ASSIGNMENT((#8656,#8661));
#8656 = SURFACE_STYLE_USAGE(.BOTH.,#8657);
#8657 = SURFACE_SIDE_STYLE('',(#8658));
#8658 = SURFACE_STYLE_FILL_AREA(#8659);
#8659 = FILL_AREA_STYLE('',(#8660));
#8660 = FILL_AREA_STYLE_COLOUR('',#7876);
#8661 = CURVE_STYLE('',#8662,POSITIVE_LENGTH_MEASURE(0.1),#7876);
#8662 = DRAUGHTING_PRE_DEFINED_CURVE_FONT('continuous');
#8663 = STYLED_ITEM('color',(#8664),#6808);
#8664 = PRESENTATION_STYLE_ASSIGNMENT((#8665,#8670));
#8665 = SURFACE_STYLE_USAGE(.BOTH.,#8666);
#8666 = SURFACE_SIDE_STYLE('',(#8667));
#8667 = SURFACE_STYLE_FILL_AREA(#8668);
#8668 = FILL_AREA_STYLE('',(#8669));
#8669 = FILL_AREA_STYLE_COLOUR('',#7876);
#8670 = CURVE_STYLE('',#8671,POSITIVE_LENGTH_MEASURE(0.1),#7876);
#8671 = DRAUGHTING_PRE_DEFINED_CURVE_FONT('continuous');
#8672 = STYLED_ITEM('color',(#8673),#6825);
#8673 = PRESENTATION_STYLE_ASSIGNMENT((#8674,#8679));
#8674 = SURFACE_STYLE_USAGE(.BOTH.,#8675);
#8675 = SURFACE_SIDE_STYLE('',(#8676));
#8676 = SURFACE_STYLE_FILL_AREA(#8677);
#8677 = FILL_AREA_STYLE('',(#8678));
#8678 = FILL_AREA_STYLE_COLOUR('',#7876);
#8679 = CURVE_STYLE('',#8680,POSITIVE_LENGTH_MEASURE(0.1),#7876);
#8680 = DRAUGHTING_PRE_DEFINED_CURVE_FONT('continuous');
#8681 = STYLED_ITEM('color',(#8682),#6837);
#8682 = PRESENTATION_STYLE_ASSIGNMENT((#8683,#8689));
#8683 = SURFACE_STYLE_USAGE(.BOTH.,#8684);
#8684 = SURFACE_SIDE_STYLE('',(#8685));
#8685 = SURFACE_STYLE_FILL_AREA(#8686);
#8686 = FILL_AREA_STYLE('',(#8687));
#8687 = FILL_AREA_STYLE_COLOUR('',#8688);
#8688 = COLOUR_RGB('',0.690999998585,0.664000007176,0.597999987832);
#8689 = CURVE_STYLE('',#8690,POSITIVE_LENGTH_MEASURE(0.1),#8688);
#8690 = DRAUGHTING_PRE_DEFINED_CURVE_FONT('continuous');
#8691 = MECHANICAL_DESIGN_GEOMETRIC_PRESENTATION_REPRESENTATION('',(
    #8692),#7857);
#8692 = STYLED_ITEM('color',(#8693),#6865);
#8693 = PRESENTATION_STYLE_ASSIGNMENT((#8694));
#8694 = SURFACE_STYLE_USAGE(.BOTH.,#8695);
#8695 = SURFACE_SIDE_STYLE('',(#8696));
#8696 = SURFACE_STYLE_FILL_AREA(#8697);
#8697 = FILL_AREA_STYLE('',(#8698));
#8698 = FILL_AREA_STYLE_COLOUR('',#8699);
#8699 = COLOUR_RGB('',0.313304153717,0.484529207832,0.410020903123);
#8700 = MECHANICAL_DESIGN_GEOMETRIC_PRESENTATION_REPRESENTATION('',(
    #8701,#8710,#8719,#8728,#8737,#8746,#8755,#8764,#8773,#8782,#8791,
    #8800,#8809,#8818,#8827,#8836,#8845,#8854,#8863,#8872,#8881,#8890,
    #8899,#8908,#8917,#8926,#8935,#8944,#8953,#8962,#8971,#8980,#8989,
    #8998,#9007,#9016,#9025,#9034,#9043,#9052,#9061,#9070,#9079,#9088,
    #9097,#9106,#9115,#9124,#9133,#9142,#9151,#9160,#9169,#9178,#9187,
    #9196,#9205,#9214,#9223,#9232,#9241,#9250,#9259,#9268,#9277,#9286,
    #9295,#9304,#9313,#9322,#9331,#9340,#9349,#9358,#9367,#9376,#9385,
    #9394,#9403,#9412,#9421,#9430,#9439,#9448,#9457,#9466,#9475,#9484,
    #9493,#9502,#9511,#9520,#9529,#9538,#9547,#9556,#9565,#9574,#9583,
    #9592,#9601,#9610),#4845);
#8701 = STYLED_ITEM('color',(#8702),#1778);
#8702 = PRESENTATION_STYLE_ASSIGNMENT((#8703,#8708));
#8703 = SURFACE_STYLE_USAGE(.BOTH.,#8704);
#8704 = SURFACE_SIDE_STYLE('',(#8705));
#8705 = SURFACE_STYLE_FILL_AREA(#8706);
#8706 = FILL_AREA_STYLE('',(#8707));
#8707 = FILL_AREA_STYLE_COLOUR('',#8075);
#8708 = CURVE_STYLE('',#8709,POSITIVE_LENGTH_MEASURE(0.1),#8075);
#8709 = DRAUGHTING_PRE_DEFINED_CURVE_FONT('continuous');
#8710 = STYLED_ITEM('color',(#8711),#1816);
#8711 = PRESENTATION_STYLE_ASSIGNMENT((#8712,#8717));
#8712 = SURFACE_STYLE_USAGE(.BOTH.,#8713);
#8713 = SURFACE_SIDE_STYLE('',(#8714));
#8714 = SURFACE_STYLE_FILL_AREA(#8715);
#8715 = FILL_AREA_STYLE('',(#8716));
#8716 = FILL_AREA_STYLE_COLOUR('',#8075);
#8717 = CURVE_STYLE('',#8718,POSITIVE_LENGTH_MEASURE(0.1),#8075);
#8718 = DRAUGHTING_PRE_DEFINED_CURVE_FONT('continuous');
#8719 = STYLED_ITEM('color',(#8720),#1879);
#8720 = PRESENTATION_STYLE_ASSIGNMENT((#8721,#8726));
#8721 = SURFACE_STYLE_USAGE(.BOTH.,#8722);
#8722 = SURFACE_SIDE_STYLE('',(#8723));
#8723 = SURFACE_STYLE_FILL_AREA(#8724);
#8724 = FILL_AREA_STYLE('',(#8725));
#8725 = FILL_AREA_STYLE_COLOUR('',#8075);
#8726 = CURVE_STYLE('',#8727,POSITIVE_LENGTH_MEASURE(0.1),#8075);
#8727 = DRAUGHTING_PRE_DEFINED_CURVE_FONT('continuous');
#8728 = STYLED_ITEM('color',(#8729),#1902);
#8729 = PRESENTATION_STYLE_ASSIGNMENT((#8730,#8735));
#8730 = SURFACE_STYLE_USAGE(.BOTH.,#8731);
#8731 = SURFACE_SIDE_STYLE('',(#8732));
#8732 = SURFACE_STYLE_FILL_AREA(#8733);
#8733 = FILL_AREA_STYLE('',(#8734));
#8734 = FILL_AREA_STYLE_COLOUR('',#8075);
#8735 = CURVE_STYLE('',#8736,POSITIVE_LENGTH_MEASURE(0.1),#8075);
#8736 = DRAUGHTING_PRE_DEFINED_CURVE_FONT('continuous');
#8737 = STYLED_ITEM('color',(#8738),#1931);
#8738 = PRESENTATION_STYLE_ASSIGNMENT((#8739,#8744));
#8739 = SURFACE_STYLE_USAGE(.BOTH.,#8740);
#8740 = SURFACE_SIDE_STYLE('',(#8741));
#8741 = SURFACE_STYLE_FILL_AREA(#8742);
#8742 = FILL_AREA_STYLE('',(#8743));
#8743 = FILL_AREA_STYLE_COLOUR('',#8075);
#8744 = CURVE_STYLE('',#8745,POSITIVE_LENGTH_MEASURE(0.1),#8075);
#8745 = DRAUGHTING_PRE_DEFINED_CURVE_FONT('continuous');
#8746 = STYLED_ITEM('color',(#8747),#1954);
#8747 = PRESENTATION_STYLE_ASSIGNMENT((#8748,#8753));
#8748 = SURFACE_STYLE_USAGE(.BOTH.,#8749);
#8749 = SURFACE_SIDE_STYLE('',(#8750));
#8750 = SURFACE_STYLE_FILL_AREA(#8751);
#8751 = FILL_AREA_STYLE('',(#8752));
#8752 = FILL_AREA_STYLE_COLOUR('',#8075);
#8753 = CURVE_STYLE('',#8754,POSITIVE_LENGTH_MEASURE(0.1),#8075);
#8754 = DRAUGHTING_PRE_DEFINED_CURVE_FONT('continuous');
#8755 = STYLED_ITEM('color',(#8756),#2025);
#8756 = PRESENTATION_STYLE_ASSIGNMENT((#8757,#8762));
#8757 = SURFACE_STYLE_USAGE(.BOTH.,#8758);
#8758 = SURFACE_SIDE_STYLE('',(#8759));
#8759 = SURFACE_STYLE_FILL_AREA(#8760);
#8760 = FILL_AREA_STYLE('',(#8761));
#8761 = FILL_AREA_STYLE_COLOUR('',#8075);
#8762 = CURVE_STYLE('',#8763,POSITIVE_LENGTH_MEASURE(0.1),#8075);
#8763 = DRAUGHTING_PRE_DEFINED_CURVE_FONT('continuous');
#8764 = STYLED_ITEM('color',(#8765),#2080);
#8765 = PRESENTATION_STYLE_ASSIGNMENT((#8766,#8771));
#8766 = SURFACE_STYLE_USAGE(.BOTH.,#8767);
#8767 = SURFACE_SIDE_STYLE('',(#8768));
#8768 = SURFACE_STYLE_FILL_AREA(#8769);
#8769 = FILL_AREA_STYLE('',(#8770));
#8770 = FILL_AREA_STYLE_COLOUR('',#8075);
#8771 = CURVE_STYLE('',#8772,POSITIVE_LENGTH_MEASURE(0.1),#8075);
#8772 = DRAUGHTING_PRE_DEFINED_CURVE_FONT('continuous');
#8773 = STYLED_ITEM('color',(#8774),#2103);
#8774 = PRESENTATION_STYLE_ASSIGNMENT((#8775,#8780));
#8775 = SURFACE_STYLE_USAGE(.BOTH.,#8776);
#8776 = SURFACE_SIDE_STYLE('',(#8777));
#8777 = SURFACE_STYLE_FILL_AREA(#8778);
#8778 = FILL_AREA_STYLE('',(#8779));
#8779 = FILL_AREA_STYLE_COLOUR('',#8075);
#8780 = CURVE_STYLE('',#8781,POSITIVE_LENGTH_MEASURE(0.1),#8075);
#8781 = DRAUGHTING_PRE_DEFINED_CURVE_FONT('continuous');
#8782 = STYLED_ITEM('color',(#8783),#2126);
#8783 = PRESENTATION_STYLE_ASSIGNMENT((#8784,#8789));
#8784 = SURFACE_STYLE_USAGE(.BOTH.,#8785);
#8785 = SURFACE_SIDE_STYLE('',(#8786));
#8786 = SURFACE_STYLE_FILL_AREA(#8787);
#8787 = FILL_AREA_STYLE('',(#8788));
#8788 = FILL_AREA_STYLE_COLOUR('',#8075);
#8789 = CURVE_STYLE('',#8790,POSITIVE_LENGTH_MEASURE(0.1),#8075);
#8790 = DRAUGHTING_PRE_DEFINED_CURVE_FONT('continuous');
#8791 = STYLED_ITEM('color',(#8792),#2143);
#8792 = PRESENTATION_STYLE_ASSIGNMENT((#8793,#8798));
#8793 = SURFACE_STYLE_USAGE(.BOTH.,#8794);
#8794 = SURFACE_SIDE_STYLE('',(#8795));
#8795 = SURFACE_STYLE_FILL_AREA(#8796);
#8796 = FILL_AREA_STYLE('',(#8797));
#8797 = FILL_AREA_STYLE_COLOUR('',#8075);
#8798 = CURVE_STYLE('',#8799,POSITIVE_LENGTH_MEASURE(0.1),#8075);
#8799 = DRAUGHTING_PRE_DEFINED_CURVE_FONT('continuous');
#8800 = STYLED_ITEM('color',(#8801),#2166);
#8801 = PRESENTATION_STYLE_ASSIGNMENT((#8802,#8807));
#8802 = SURFACE_STYLE_USAGE(.BOTH.,#8803);
#8803 = SURFACE_SIDE_STYLE('',(#8804));
#8804 = SURFACE_STYLE_FILL_AREA(#8805);
#8805 = FILL_AREA_STYLE('',(#8806));
#8806 = FILL_AREA_STYLE_COLOUR('',#8075);
#8807 = CURVE_STYLE('',#8808,POSITIVE_LENGTH_MEASURE(0.1),#8075);
#8808 = DRAUGHTING_PRE_DEFINED_CURVE_FONT('continuous');
#8809 = STYLED_ITEM('color',(#8810),#2254);
#8810 = PRESENTATION_STYLE_ASSIGNMENT((#8811,#8816));
#8811 = SURFACE_STYLE_USAGE(.BOTH.,#8812);
#8812 = SURFACE_SIDE_STYLE('',(#8813));
#8813 = SURFACE_STYLE_FILL_AREA(#8814);
#8814 = FILL_AREA_STYLE('',(#8815));
#8815 = FILL_AREA_STYLE_COLOUR('',#8075);
#8816 = CURVE_STYLE('',#8817,POSITIVE_LENGTH_MEASURE(0.1),#8075);
#8817 = DRAUGHTING_PRE_DEFINED_CURVE_FONT('continuous');
#8818 = STYLED_ITEM('color',(#8819),#2270);
#8819 = PRESENTATION_STYLE_ASSIGNMENT((#8820,#8825));
#8820 = SURFACE_STYLE_USAGE(.BOTH.,#8821);
#8821 = SURFACE_SIDE_STYLE('',(#8822));
#8822 = SURFACE_STYLE_FILL_AREA(#8823);
#8823 = FILL_AREA_STYLE('',(#8824));
#8824 = FILL_AREA_STYLE_COLOUR('',#8075);
#8825 = CURVE_STYLE('',#8826,POSITIVE_LENGTH_MEASURE(0.1),#8075);
#8826 = DRAUGHTING_PRE_DEFINED_CURVE_FONT('continuous');
#8827 = STYLED_ITEM('color',(#8828),#2300);
#8828 = PRESENTATION_STYLE_ASSIGNMENT((#8829,#8834));
#8829 = SURFACE_STYLE_USAGE(.BOTH.,#8830);
#8830 = SURFACE_SIDE_STYLE('',(#8831));
#8831 = SURFACE_STYLE_FILL_AREA(#8832);
#8832 = FILL_AREA_STYLE('',(#8833));
#8833 = FILL_AREA_STYLE_COLOUR('',#7876);
#8834 = CURVE_STYLE('',#8835,POSITIVE_LENGTH_MEASURE(0.1),#7876);
#8835 = DRAUGHTING_PRE_DEFINED_CURVE_FONT('continuous');
#8836 = STYLED_ITEM('color',(#8837),#2331);
#8837 = PRESENTATION_STYLE_ASSIGNMENT((#8838,#8843));
#8838 = SURFACE_STYLE_USAGE(.BOTH.,#8839);
#8839 = SURFACE_SIDE_STYLE('',(#8840));
#8840 = SURFACE_STYLE_FILL_AREA(#8841);
#8841 = FILL_AREA_STYLE('',(#8842));
#8842 = FILL_AREA_STYLE_COLOUR('',#8075);
#8843 = CURVE_STYLE('',#8844,POSITIVE_LENGTH_MEASURE(0.1),#8075);
#8844 = DRAUGHTING_PRE_DEFINED_CURVE_FONT('continuous');
#8845 = STYLED_ITEM('color',(#8846),#2362);
#8846 = PRESENTATION_STYLE_ASSIGNMENT((#8847,#8852));
#8847 = SURFACE_STYLE_USAGE(.BOTH.,#8848);
#8848 = SURFACE_SIDE_STYLE('',(#8849));
#8849 = SURFACE_STYLE_FILL_AREA(#8850);
#8850 = FILL_AREA_STYLE('',(#8851));
#8851 = FILL_AREA_STYLE_COLOUR('',#7876);
#8852 = CURVE_STYLE('',#8853,POSITIVE_LENGTH_MEASURE(0.1),#7876);
#8853 = DRAUGHTING_PRE_DEFINED_CURVE_FONT('continuous');
#8854 = STYLED_ITEM('color',(#8855),#2393);
#8855 = PRESENTATION_STYLE_ASSIGNMENT((#8856,#8861));
#8856 = SURFACE_STYLE_USAGE(.BOTH.,#8857);
#8857 = SURFACE_SIDE_STYLE('',(#8858));
#8858 = SURFACE_STYLE_FILL_AREA(#8859);
#8859 = FILL_AREA_STYLE('',(#8860));
#8860 = FILL_AREA_STYLE_COLOUR('',#8075);
#8861 = CURVE_STYLE('',#8862,POSITIVE_LENGTH_MEASURE(0.1),#8075);
#8862 = DRAUGHTING_PRE_DEFINED_CURVE_FONT('continuous');
#8863 = STYLED_ITEM('color',(#8864),#2424);
#8864 = PRESENTATION_STYLE_ASSIGNMENT((#8865,#8870));
#8865 = SURFACE_STYLE_USAGE(.BOTH.,#8866);
#8866 = SURFACE_SIDE_STYLE('',(#8867));
#8867 = SURFACE_STYLE_FILL_AREA(#8868);
#8868 = FILL_AREA_STYLE('',(#8869));
#8869 = FILL_AREA_STYLE_COLOUR('',#7876);
#8870 = CURVE_STYLE('',#8871,POSITIVE_LENGTH_MEASURE(0.1),#7876);
#8871 = DRAUGHTING_PRE_DEFINED_CURVE_FONT('continuous');
#8872 = STYLED_ITEM('color',(#8873),#2455);
#8873 = PRESENTATION_STYLE_ASSIGNMENT((#8874,#8879));
#8874 = SURFACE_STYLE_USAGE(.BOTH.,#8875);
#8875 = SURFACE_SIDE_STYLE('',(#8876));
#8876 = SURFACE_STYLE_FILL_AREA(#8877);
#8877 = FILL_AREA_STYLE('',(#8878));
#8878 = FILL_AREA_STYLE_COLOUR('',#8075);
#8879 = CURVE_STYLE('',#8880,POSITIVE_LENGTH_MEASURE(0.1),#8075);
#8880 = DRAUGHTING_PRE_DEFINED_CURVE_FONT('continuous');
#8881 = STYLED_ITEM('color',(#8882),#2472);
#8882 = PRESENTATION_STYLE_ASSIGNMENT((#8883,#8888));
#8883 = SURFACE_STYLE_USAGE(.BOTH.,#8884);
#8884 = SURFACE_SIDE_STYLE('',(#8885));
#8885 = SURFACE_STYLE_FILL_AREA(#8886);
#8886 = FILL_AREA_STYLE('',(#8887));
#8887 = FILL_AREA_STYLE_COLOUR('',#8075);
#8888 = CURVE_STYLE('',#8889,POSITIVE_LENGTH_MEASURE(0.1),#8075);
#8889 = DRAUGHTING_PRE_DEFINED_CURVE_FONT('continuous');
#8890 = STYLED_ITEM('color',(#8891),#2489);
#8891 = PRESENTATION_STYLE_ASSIGNMENT((#8892,#8897));
#8892 = SURFACE_STYLE_USAGE(.BOTH.,#8893);
#8893 = SURFACE_SIDE_STYLE('',(#8894));
#8894 = SURFACE_STYLE_FILL_AREA(#8895);
#8895 = FILL_AREA_STYLE('',(#8896));
#8896 = FILL_AREA_STYLE_COLOUR('',#7876);
#8897 = CURVE_STYLE('',#8898,POSITIVE_LENGTH_MEASURE(0.1),#7876);
#8898 = DRAUGHTING_PRE_DEFINED_CURVE_FONT('continuous');
#8899 = STYLED_ITEM('color',(#8900),#2520);
#8900 = PRESENTATION_STYLE_ASSIGNMENT((#8901,#8906));
#8901 = SURFACE_STYLE_USAGE(.BOTH.,#8902);
#8902 = SURFACE_SIDE_STYLE('',(#8903));
#8903 = SURFACE_STYLE_FILL_AREA(#8904);
#8904 = FILL_AREA_STYLE('',(#8905));
#8905 = FILL_AREA_STYLE_COLOUR('',#8075);
#8906 = CURVE_STYLE('',#8907,POSITIVE_LENGTH_MEASURE(0.1),#8075);
#8907 = DRAUGHTING_PRE_DEFINED_CURVE_FONT('continuous');
#8908 = STYLED_ITEM('color',(#8909),#2551);
#8909 = PRESENTATION_STYLE_ASSIGNMENT((#8910,#8915));
#8910 = SURFACE_STYLE_USAGE(.BOTH.,#8911);
#8911 = SURFACE_SIDE_STYLE('',(#8912));
#8912 = SURFACE_STYLE_FILL_AREA(#8913);
#8913 = FILL_AREA_STYLE('',(#8914));
#8914 = FILL_AREA_STYLE_COLOUR('',#7876);
#8915 = CURVE_STYLE('',#8916,POSITIVE_LENGTH_MEASURE(0.1),#7876);
#8916 = DRAUGHTING_PRE_DEFINED_CURVE_FONT('continuous');
#8917 = STYLED_ITEM('color',(#8918),#2582);
#8918 = PRESENTATION_STYLE_ASSIGNMENT((#8919,#8924));
#8919 = SURFACE_STYLE_USAGE(.BOTH.,#8920);
#8920 = SURFACE_SIDE_STYLE('',(#8921));
#8921 = SURFACE_STYLE_FILL_AREA(#8922);
#8922 = FILL_AREA_STYLE('',(#8923));
#8923 = FILL_AREA_STYLE_COLOUR('',#8075);
#8924 = CURVE_STYLE('',#8925,POSITIVE_LENGTH_MEASURE(0.1),#8075);
#8925 = DRAUGHTING_PRE_DEFINED_CURVE_FONT('continuous');
#8926 = STYLED_ITEM('color',(#8927),#2612);
#8927 = PRESENTATION_STYLE_ASSIGNMENT((#8928,#8933));
#8928 = SURFACE_STYLE_USAGE(.BOTH.,#8929);
#8929 = SURFACE_SIDE_STYLE('',(#8930));
#8930 = SURFACE_STYLE_FILL_AREA(#8931);
#8931 = FILL_AREA_STYLE('',(#8932));
#8932 = FILL_AREA_STYLE_COLOUR('',#8075);
#8933 = CURVE_STYLE('',#8934,POSITIVE_LENGTH_MEASURE(0.1),#8075);
#8934 = DRAUGHTING_PRE_DEFINED_CURVE_FONT('continuous');
#8935 = STYLED_ITEM('color',(#8936),#2635);
#8936 = PRESENTATION_STYLE_ASSIGNMENT((#8937,#8942));
#8937 = SURFACE_STYLE_USAGE(.BOTH.,#8938);
#8938 = SURFACE_SIDE_STYLE('',(#8939));
#8939 = SURFACE_STYLE_FILL_AREA(#8940);
#8940 = FILL_AREA_STYLE('',(#8941));
#8941 = FILL_AREA_STYLE_COLOUR('',#8075);
#8942 = CURVE_STYLE('',#8943,POSITIVE_LENGTH_MEASURE(0.1),#8075);
#8943 = DRAUGHTING_PRE_DEFINED_CURVE_FONT('continuous');
#8944 = STYLED_ITEM('color',(#8945),#2658);
#8945 = PRESENTATION_STYLE_ASSIGNMENT((#8946,#8951));
#8946 = SURFACE_STYLE_USAGE(.BOTH.,#8947);
#8947 = SURFACE_SIDE_STYLE('',(#8948));
#8948 = SURFACE_STYLE_FILL_AREA(#8949);
#8949 = FILL_AREA_STYLE('',(#8950));
#8950 = FILL_AREA_STYLE_COLOUR('',#8075);
#8951 = CURVE_STYLE('',#8952,POSITIVE_LENGTH_MEASURE(0.1),#8075);
#8952 = DRAUGHTING_PRE_DEFINED_CURVE_FONT('continuous');
#8953 = STYLED_ITEM('color',(#8954),#2675);
#8954 = PRESENTATION_STYLE_ASSIGNMENT((#8955,#8960));
#8955 = SURFACE_STYLE_USAGE(.BOTH.,#8956);
#8956 = SURFACE_SIDE_STYLE('',(#8957));
#8957 = SURFACE_STYLE_FILL_AREA(#8958);
#8958 = FILL_AREA_STYLE('',(#8959));
#8959 = FILL_AREA_STYLE_COLOUR('',#7876);
#8960 = CURVE_STYLE('',#8961,POSITIVE_LENGTH_MEASURE(0.1),#7876);
#8961 = DRAUGHTING_PRE_DEFINED_CURVE_FONT('continuous');
#8962 = STYLED_ITEM('color',(#8963),#2720);
#8963 = PRESENTATION_STYLE_ASSIGNMENT((#8964,#8969));
#8964 = SURFACE_STYLE_USAGE(.BOTH.,#8965);
#8965 = SURFACE_SIDE_STYLE('',(#8966));
#8966 = SURFACE_STYLE_FILL_AREA(#8967);
#8967 = FILL_AREA_STYLE('',(#8968));
#8968 = FILL_AREA_STYLE_COLOUR('',#8075);
#8969 = CURVE_STYLE('',#8970,POSITIVE_LENGTH_MEASURE(0.1),#8075);
#8970 = DRAUGHTING_PRE_DEFINED_CURVE_FONT('continuous');
#8971 = STYLED_ITEM('color',(#8972),#2790);
#8972 = PRESENTATION_STYLE_ASSIGNMENT((#8973,#8978));
#8973 = SURFACE_STYLE_USAGE(.BOTH.,#8974);
#8974 = SURFACE_SIDE_STYLE('',(#8975));
#8975 = SURFACE_STYLE_FILL_AREA(#8976);
#8976 = FILL_AREA_STYLE('',(#8977));
#8977 = FILL_AREA_STYLE_COLOUR('',#8075);
#8978 = CURVE_STYLE('',#8979,POSITIVE_LENGTH_MEASURE(0.1),#8075);
#8979 = DRAUGHTING_PRE_DEFINED_CURVE_FONT('continuous');
#8980 = STYLED_ITEM('color',(#8981),#2813);
#8981 = PRESENTATION_STYLE_ASSIGNMENT((#8982,#8987));
#8982 = SURFACE_STYLE_USAGE(.BOTH.,#8983);
#8983 = SURFACE_SIDE_STYLE('',(#8984));
#8984 = SURFACE_STYLE_FILL_AREA(#8985);
#8985 = FILL_AREA_STYLE('',(#8986));
#8986 = FILL_AREA_STYLE_COLOUR('',#8075);
#8987 = CURVE_STYLE('',#8988,POSITIVE_LENGTH_MEASURE(0.1),#8075);
#8988 = DRAUGHTING_PRE_DEFINED_CURVE_FONT('continuous');
#8989 = STYLED_ITEM('color',(#8990),#2836);
#8990 = PRESENTATION_STYLE_ASSIGNMENT((#8991,#8996));
#8991 = SURFACE_STYLE_USAGE(.BOTH.,#8992);
#8992 = SURFACE_SIDE_STYLE('',(#8993));
#8993 = SURFACE_STYLE_FILL_AREA(#8994);
#8994 = FILL_AREA_STYLE('',(#8995));
#8995 = FILL_AREA_STYLE_COLOUR('',#8075);
#8996 = CURVE_STYLE('',#8997,POSITIVE_LENGTH_MEASURE(0.1),#8075);
#8997 = DRAUGHTING_PRE_DEFINED_CURVE_FONT('continuous');
#8998 = STYLED_ITEM('color',(#8999),#2859);
#8999 = PRESENTATION_STYLE_ASSIGNMENT((#9000,#9005));
#9000 = SURFACE_STYLE_USAGE(.BOTH.,#9001);
#9001 = SURFACE_SIDE_STYLE('',(#9002));
#9002 = SURFACE_STYLE_FILL_AREA(#9003);
#9003 = FILL_AREA_STYLE('',(#9004));
#9004 = FILL_AREA_STYLE_COLOUR('',#8075);
#9005 = CURVE_STYLE('',#9006,POSITIVE_LENGTH_MEASURE(0.1),#8075);
#9006 = DRAUGHTING_PRE_DEFINED_CURVE_FONT('continuous');
#9007 = STYLED_ITEM('color',(#9008),#2914);
#9008 = PRESENTATION_STYLE_ASSIGNMENT((#9009,#9014));
#9009 = SURFACE_STYLE_USAGE(.BOTH.,#9010);
#9010 = SURFACE_SIDE_STYLE('',(#9011));
#9011 = SURFACE_STYLE_FILL_AREA(#9012);
#9012 = FILL_AREA_STYLE('',(#9013));
#9013 = FILL_AREA_STYLE_COLOUR('',#7876);
#9014 = CURVE_STYLE('',#9015,POSITIVE_LENGTH_MEASURE(0.1),#7876);
#9015 = DRAUGHTING_PRE_DEFINED_CURVE_FONT('continuous');
#9016 = STYLED_ITEM('color',(#9017),#2952);
#9017 = PRESENTATION_STYLE_ASSIGNMENT((#9018,#9023));
#9018 = SURFACE_STYLE_USAGE(.BOTH.,#9019);
#9019 = SURFACE_SIDE_STYLE('',(#9020));
#9020 = SURFACE_STYLE_FILL_AREA(#9021);
#9021 = FILL_AREA_STYLE('',(#9022));
#9022 = FILL_AREA_STYLE_COLOUR('',#8075);
#9023 = CURVE_STYLE('',#9024,POSITIVE_LENGTH_MEASURE(0.1),#8075);
#9024 = DRAUGHTING_PRE_DEFINED_CURVE_FONT('continuous');
#9025 = STYLED_ITEM('color',(#9026),#3001);
#9026 = PRESENTATION_STYLE_ASSIGNMENT((#9027,#9032));
#9027 = SURFACE_STYLE_USAGE(.BOTH.,#9028);
#9028 = SURFACE_SIDE_STYLE('',(#9029));
#9029 = SURFACE_STYLE_FILL_AREA(#9030);
#9030 = FILL_AREA_STYLE('',(#9031));
#9031 = FILL_AREA_STYLE_COLOUR('',#7876);
#9032 = CURVE_STYLE('',#9033,POSITIVE_LENGTH_MEASURE(0.1),#7876);
#9033 = DRAUGHTING_PRE_DEFINED_CURVE_FONT('continuous');
#9034 = STYLED_ITEM('color',(#9035),#3093);
#9035 = PRESENTATION_STYLE_ASSIGNMENT((#9036,#9041));
#9036 = SURFACE_STYLE_USAGE(.BOTH.,#9037);
#9037 = SURFACE_SIDE_STYLE('',(#9038));
#9038 = SURFACE_STYLE_FILL_AREA(#9039);
#9039 = FILL_AREA_STYLE('',(#9040));
#9040 = FILL_AREA_STYLE_COLOUR('',#7876);
#9041 = CURVE_STYLE('',#9042,POSITIVE_LENGTH_MEASURE(0.1),#7876);
#9042 = DRAUGHTING_PRE_DEFINED_CURVE_FONT('continuous');
#9043 = STYLED_ITEM('color',(#9044),#3118);
#9044 = PRESENTATION_STYLE_ASSIGNMENT((#9045,#9050));
#9045 = SURFACE_STYLE_USAGE(.BOTH.,#9046);
#9046 = SURFACE_SIDE_STYLE('',(#9047));
#9047 = SURFACE_STYLE_FILL_AREA(#9048);
#9048 = FILL_AREA_STYLE('',(#9049));
#9049 = FILL_AREA_STYLE_COLOUR('',#7876);
#9050 = CURVE_STYLE('',#9051,POSITIVE_LENGTH_MEASURE(0.1),#7876);
#9051 = DRAUGHTING_PRE_DEFINED_CURVE_FONT('continuous');
#9052 = STYLED_ITEM('color',(#9053),#3202);
#9053 = PRESENTATION_STYLE_ASSIGNMENT((#9054,#9059));
#9054 = SURFACE_STYLE_USAGE(.BOTH.,#9055);
#9055 = SURFACE_SIDE_STYLE('',(#9056));
#9056 = SURFACE_STYLE_FILL_AREA(#9057);
#9057 = FILL_AREA_STYLE('',(#9058));
#9058 = FILL_AREA_STYLE_COLOUR('',#8075);
#9059 = CURVE_STYLE('',#9060,POSITIVE_LENGTH_MEASURE(0.1),#8075);
#9060 = DRAUGHTING_PRE_DEFINED_CURVE_FONT('continuous');
#9061 = STYLED_ITEM('color',(#9062),#3224);
#9062 = PRESENTATION_STYLE_ASSIGNMENT((#9063,#9068));
#9063 = SURFACE_STYLE_USAGE(.BOTH.,#9064);
#9064 = SURFACE_SIDE_STYLE('',(#9065));
#9065 = SURFACE_STYLE_FILL_AREA(#9066);
#9066 = FILL_AREA_STYLE('',(#9067));
#9067 = FILL_AREA_STYLE_COLOUR('',#7876);
#9068 = CURVE_STYLE('',#9069,POSITIVE_LENGTH_MEASURE(0.1),#7876);
#9069 = DRAUGHTING_PRE_DEFINED_CURVE_FONT('continuous');
#9070 = STYLED_ITEM('color',(#9071),#3316);
#9071 = PRESENTATION_STYLE_ASSIGNMENT((#9072,#9077));
#9072 = SURFACE_STYLE_USAGE(.BOTH.,#9073);
#9073 = SURFACE_SIDE_STYLE('',(#9074));
#9074 = SURFACE_STYLE_FILL_AREA(#9075);
#9075 = FILL_AREA_STYLE('',(#9076));
#9076 = FILL_AREA_STYLE_COLOUR('',#7876);
#9077 = CURVE_STYLE('',#9078,POSITIVE_LENGTH_MEASURE(0.1),#7876);
#9078 = DRAUGHTING_PRE_DEFINED_CURVE_FONT('continuous');
#9079 = STYLED_ITEM('color',(#9080),#3341);
#9080 = PRESENTATION_STYLE_ASSIGNMENT((#9081,#9086));
#9081 = SURFACE_STYLE_USAGE(.BOTH.,#9082);
#9082 = SURFACE_SIDE_STYLE('',(#9083));
#9083 = SURFACE_STYLE_FILL_AREA(#9084);
#9084 = FILL_AREA_STYLE('',(#9085));
#9085 = FILL_AREA_STYLE_COLOUR('',#7876);
#9086 = CURVE_STYLE('',#9087,POSITIVE_LENGTH_MEASURE(0.1),#7876);
#9087 = DRAUGHTING_PRE_DEFINED_CURVE_FONT('continuous');
#9088 = STYLED_ITEM('color',(#9089),#3425);
#9089 = PRESENTATION_STYLE_ASSIGNMENT((#9090,#9095));
#9090 = SURFACE_STYLE_USAGE(.BOTH.,#9091);
#9091 = SURFACE_SIDE_STYLE('',(#9092));
#9092 = SURFACE_STYLE_FILL_AREA(#9093);
#9093 = FILL_AREA_STYLE('',(#9094));
#9094 = FILL_AREA_STYLE_COLOUR('',#8075);
#9095 = CURVE_STYLE('',#9096,POSITIVE_LENGTH_MEASURE(0.1),#8075);
#9096 = DRAUGHTING_PRE_DEFINED_CURVE_FONT('continuous');
#9097 = STYLED_ITEM('color',(#9098),#3442);
#9098 = PRESENTATION_STYLE_ASSIGNMENT((#9099,#9104));
#9099 = SURFACE_STYLE_USAGE(.BOTH.,#9100);
#9100 = SURFACE_SIDE_STYLE('',(#9101));
#9101 = SURFACE_STYLE_FILL_AREA(#9102);
#9102 = FILL_AREA_STYLE('',(#9103));
#9103 = FILL_AREA_STYLE_COLOUR('',#7876);
#9104 = CURVE_STYLE('',#9105,POSITIVE_LENGTH_MEASURE(0.1),#7876);
#9105 = DRAUGHTING_PRE_DEFINED_CURVE_FONT('continuous');
#9106 = STYLED_ITEM('color',(#9107),#3527);
#9107 = PRESENTATION_STYLE_ASSIGNMENT((#9108,#9113));
#9108 = SURFACE_STYLE_USAGE(.BOTH.,#9109);
#9109 = SURFACE_SIDE_STYLE('',(#9110));
#9110 = SURFACE_STYLE_FILL_AREA(#9111);
#9111 = FILL_AREA_STYLE('',(#9112));
#9112 = FILL_AREA_STYLE_COLOUR('',#7876);
#9113 = CURVE_STYLE('',#9114,POSITIVE_LENGTH_MEASURE(0.1),#7876);
#9114 = DRAUGHTING_PRE_DEFINED_CURVE_FONT('continuous');
#9115 = STYLED_ITEM('color',(#9116),#3552);
#9116 = PRESENTATION_STYLE_ASSIGNMENT((#9117,#9122));
#9117 = SURFACE_STYLE_USAGE(.BOTH.,#9118);
#9118 = SURFACE_SIDE_STYLE('',(#9119));
#9119 = SURFACE_STYLE_FILL_AREA(#9120);
#9120 = FILL_AREA_STYLE('',(#9121));
#9121 = FILL_AREA_STYLE_COLOUR('',#7876);
#9122 = CURVE_STYLE('',#9123,POSITIVE_LENGTH_MEASURE(0.1),#7876);
#9123 = DRAUGHTING_PRE_DEFINED_CURVE_FONT('continuous');
#9124 = STYLED_ITEM('color',(#9125),#3629);
#9125 = PRESENTATION_STYLE_ASSIGNMENT((#9126,#9131));
#9126 = SURFACE_STYLE_USAGE(.BOTH.,#9127);
#9127 = SURFACE_SIDE_STYLE('',(#9128));
#9128 = SURFACE_STYLE_FILL_AREA(#9129);
#9129 = FILL_AREA_STYLE('',(#9130));
#9130 = FILL_AREA_STYLE_COLOUR('',#7876);
#9131 = CURVE_STYLE('',#9132,POSITIVE_LENGTH_MEASURE(0.1),#7876);
#9132 = DRAUGHTING_PRE_DEFINED_CURVE_FONT('continuous');
#9133 = STYLED_ITEM('color',(#9134),#3714);
#9134 = PRESENTATION_STYLE_ASSIGNMENT((#9135,#9140));
#9135 = SURFACE_STYLE_USAGE(.BOTH.,#9136);
#9136 = SURFACE_SIDE_STYLE('',(#9137));
#9137 = SURFACE_STYLE_FILL_AREA(#9138);
#9138 = FILL_AREA_STYLE('',(#9139));
#9139 = FILL_AREA_STYLE_COLOUR('',#7876);
#9140 = CURVE_STYLE('',#9141,POSITIVE_LENGTH_MEASURE(0.1),#7876);
#9141 = DRAUGHTING_PRE_DEFINED_CURVE_FONT('continuous');
#9142 = STYLED_ITEM('color',(#9143),#3739);
#9143 = PRESENTATION_STYLE_ASSIGNMENT((#9144,#9149));
#9144 = SURFACE_STYLE_USAGE(.BOTH.,#9145);
#9145 = SURFACE_SIDE_STYLE('',(#9146));
#9146 = SURFACE_STYLE_FILL_AREA(#9147);
#9147 = FILL_AREA_STYLE('',(#9148));
#9148 = FILL_AREA_STYLE_COLOUR('',#7876);
#9149 = CURVE_STYLE('',#9150,POSITIVE_LENGTH_MEASURE(0.1),#7876);
#9150 = DRAUGHTING_PRE_DEFINED_CURVE_FONT('continuous');
#9151 = STYLED_ITEM('color',(#9152),#3816);
#9152 = PRESENTATION_STYLE_ASSIGNMENT((#9153,#9158));
#9153 = SURFACE_STYLE_USAGE(.BOTH.,#9154);
#9154 = SURFACE_SIDE_STYLE('',(#9155));
#9155 = SURFACE_STYLE_FILL_AREA(#9156);
#9156 = FILL_AREA_STYLE('',(#9157));
#9157 = FILL_AREA_STYLE_COLOUR('',#8075);
#9158 = CURVE_STYLE('',#9159,POSITIVE_LENGTH_MEASURE(0.1),#8075);
#9159 = DRAUGHTING_PRE_DEFINED_CURVE_FONT('continuous');
#9160 = STYLED_ITEM('color',(#9161),#3833);
#9161 = PRESENTATION_STYLE_ASSIGNMENT((#9162,#9167));
#9162 = SURFACE_STYLE_USAGE(.BOTH.,#9163);
#9163 = SURFACE_SIDE_STYLE('',(#9164));
#9164 = SURFACE_STYLE_FILL_AREA(#9165);
#9165 = FILL_AREA_STYLE('',(#9166));
#9166 = FILL_AREA_STYLE_COLOUR('',#7876);
#9167 = CURVE_STYLE('',#9168,POSITIVE_LENGTH_MEASURE(0.1),#7876);
#9168 = DRAUGHTING_PRE_DEFINED_CURVE_FONT('continuous');
#9169 = STYLED_ITEM('color',(#9170),#3925);
#9170 = PRESENTATION_STYLE_ASSIGNMENT((#9171,#9176));
#9171 = SURFACE_STYLE_USAGE(.BOTH.,#9172);
#9172 = SURFACE_SIDE_STYLE('',(#9173));
#9173 = SURFACE_STYLE_FILL_AREA(#9174);
#9174 = FILL_AREA_STYLE('',(#9175));
#9175 = FILL_AREA_STYLE_COLOUR('',#7876);
#9176 = CURVE_STYLE('',#9177,POSITIVE_LENGTH_MEASURE(0.1),#7876);
#9177 = DRAUGHTING_PRE_DEFINED_CURVE_FONT('continuous');
#9178 = STYLED_ITEM('color',(#9179),#3950);
#9179 = PRESENTATION_STYLE_ASSIGNMENT((#9180,#9185));
#9180 = SURFACE_STYLE_USAGE(.BOTH.,#9181);
#9181 = SURFACE_SIDE_STYLE('',(#9182));
#9182 = SURFACE_STYLE_FILL_AREA(#9183);
#9183 = FILL_AREA_STYLE('',(#9184));
#9184 = FILL_AREA_STYLE_COLOUR('',#7876);
#9185 = CURVE_STYLE('',#9186,POSITIVE_LENGTH_MEASURE(0.1),#7876);
#9186 = DRAUGHTING_PRE_DEFINED_CURVE_FONT('continuous');
#9187 = STYLED_ITEM('color',(#9188),#4034);
#9188 = PRESENTATION_STYLE_ASSIGNMENT((#9189,#9194));
#9189 = SURFACE_STYLE_USAGE(.BOTH.,#9190);
#9190 = SURFACE_SIDE_STYLE('',(#9191));
#9191 = SURFACE_STYLE_FILL_AREA(#9192);
#9192 = FILL_AREA_STYLE('',(#9193));
#9193 = FILL_AREA_STYLE_COLOUR('',#7876);
#9194 = CURVE_STYLE('',#9195,POSITIVE_LENGTH_MEASURE(0.1),#7876);
#9195 = DRAUGHTING_PRE_DEFINED_CURVE_FONT('continuous');
#9196 = STYLED_ITEM('color',(#9197),#4051);
#9197 = PRESENTATION_STYLE_ASSIGNMENT((#9198,#9203));
#9198 = SURFACE_STYLE_USAGE(.BOTH.,#9199);
#9199 = SURFACE_SIDE_STYLE('',(#9200));
#9200 = SURFACE_STYLE_FILL_AREA(#9201);
#9201 = FILL_AREA_STYLE('',(#9202));
#9202 = FILL_AREA_STYLE_COLOUR('',#7876);
#9203 = CURVE_STYLE('',#9204,POSITIVE_LENGTH_MEASURE(0.1),#7876);
#9204 = DRAUGHTING_PRE_DEFINED_CURVE_FONT('continuous');
#9205 = STYLED_ITEM('color',(#9206),#4070);
#9206 = PRESENTATION_STYLE_ASSIGNMENT((#9207,#9212));
#9207 = SURFACE_STYLE_USAGE(.BOTH.,#9208);
#9208 = SURFACE_SIDE_STYLE('',(#9209));
#9209 = SURFACE_STYLE_FILL_AREA(#9210);
#9210 = FILL_AREA_STYLE('',(#9211));
#9211 = FILL_AREA_STYLE_COLOUR('',#7876);
#9212 = CURVE_STYLE('',#9213,POSITIVE_LENGTH_MEASURE(0.1),#7876);
#9213 = DRAUGHTING_PRE_DEFINED_CURVE_FONT('continuous');
#9214 = STYLED_ITEM('color',(#9215),#4089);
#9215 = PRESENTATION_STYLE_ASSIGNMENT((#9216,#9221));
#9216 = SURFACE_STYLE_USAGE(.BOTH.,#9217);
#9217 = SURFACE_SIDE_STYLE('',(#9218));
#9218 = SURFACE_STYLE_FILL_AREA(#9219);
#9219 = FILL_AREA_STYLE('',(#9220));
#9220 = FILL_AREA_STYLE_COLOUR('',#8075);
#9221 = CURVE_STYLE('',#9222,POSITIVE_LENGTH_MEASURE(0.1),#8075);
#9222 = DRAUGHTING_PRE_DEFINED_CURVE_FONT('continuous');
#9223 = STYLED_ITEM('color',(#9224),#4135);
#9224 = PRESENTATION_STYLE_ASSIGNMENT((#9225,#9230));
#9225 = SURFACE_STYLE_USAGE(.BOTH.,#9226);
#9226 = SURFACE_SIDE_STYLE('',(#9227));
#9227 = SURFACE_STYLE_FILL_AREA(#9228);
#9228 = FILL_AREA_STYLE('',(#9229));
#9229 = FILL_AREA_STYLE_COLOUR('',#8075);
#9230 = CURVE_STYLE('',#9231,POSITIVE_LENGTH_MEASURE(0.1),#8075);
#9231 = DRAUGHTING_PRE_DEFINED_CURVE_FONT('continuous');
#9232 = STYLED_ITEM('color',(#9233),#4151);
#9233 = PRESENTATION_STYLE_ASSIGNMENT((#9234,#9239));
#9234 = SURFACE_STYLE_USAGE(.BOTH.,#9235);
#9235 = SURFACE_SIDE_STYLE('',(#9236));
#9236 = SURFACE_STYLE_FILL_AREA(#9237);
#9237 = FILL_AREA_STYLE('',(#9238));
#9238 = FILL_AREA_STYLE_COLOUR('',#7876);
#9239 = CURVE_STYLE('',#9240,POSITIVE_LENGTH_MEASURE(0.1),#7876);
#9240 = DRAUGHTING_PRE_DEFINED_CURVE_FONT('continuous');
#9241 = STYLED_ITEM('color',(#9242),#4170);
#9242 = PRESENTATION_STYLE_ASSIGNMENT((#9243,#9248));
#9243 = SURFACE_STYLE_USAGE(.BOTH.,#9244);
#9244 = SURFACE_SIDE_STYLE('',(#9245));
#9245 = SURFACE_STYLE_FILL_AREA(#9246);
#9246 = FILL_AREA_STYLE('',(#9247));
#9247 = FILL_AREA_STYLE_COLOUR('',#8075);
#9248 = CURVE_STYLE('',#9249,POSITIVE_LENGTH_MEASURE(0.1),#8075);
#9249 = DRAUGHTING_PRE_DEFINED_CURVE_FONT('continuous');
#9250 = STYLED_ITEM('color',(#9251),#4186);
#9251 = PRESENTATION_STYLE_ASSIGNMENT((#9252,#9257));
#9252 = SURFACE_STYLE_USAGE(.BOTH.,#9253);
#9253 = SURFACE_SIDE_STYLE('',(#9254));
#9254 = SURFACE_STYLE_FILL_AREA(#9255);
#9255 = FILL_AREA_STYLE('',(#9256));
#9256 = FILL_AREA_STYLE_COLOUR('',#7876);
#9257 = CURVE_STYLE('',#9258,POSITIVE_LENGTH_MEASURE(0.1),#7876);
#9258 = DRAUGHTING_PRE_DEFINED_CURVE_FONT('continuous');
#9259 = STYLED_ITEM('color',(#9260),#4203);
#9260 = PRESENTATION_STYLE_ASSIGNMENT((#9261,#9266));
#9261 = SURFACE_STYLE_USAGE(.BOTH.,#9262);
#9262 = SURFACE_SIDE_STYLE('',(#9263));
#9263 = SURFACE_STYLE_FILL_AREA(#9264);
#9264 = FILL_AREA_STYLE('',(#9265));
#9265 = FILL_AREA_STYLE_COLOUR('',#8075);
#9266 = CURVE_STYLE('',#9267,POSITIVE_LENGTH_MEASURE(0.1),#8075);
#9267 = DRAUGHTING_PRE_DEFINED_CURVE_FONT('continuous');
#9268 = STYLED_ITEM('color',(#9269),#4215);
#9269 = PRESENTATION_STYLE_ASSIGNMENT((#9270,#9275));
#9270 = SURFACE_STYLE_USAGE(.BOTH.,#9271);
#9271 = SURFACE_SIDE_STYLE('',(#9272));
#9272 = SURFACE_STYLE_FILL_AREA(#9273);
#9273 = FILL_AREA_STYLE('',(#9274));
#9274 = FILL_AREA_STYLE_COLOUR('',#7876);
#9275 = CURVE_STYLE('',#9276,POSITIVE_LENGTH_MEASURE(0.1),#7876);
#9276 = DRAUGHTING_PRE_DEFINED_CURVE_FONT('continuous');
#9277 = STYLED_ITEM('color',(#9278),#4232);
#9278 = PRESENTATION_STYLE_ASSIGNMENT((#9279,#9284));
#9279 = SURFACE_STYLE_USAGE(.BOTH.,#9280);
#9280 = SURFACE_SIDE_STYLE('',(#9281));
#9281 = SURFACE_STYLE_FILL_AREA(#9282);
#9282 = FILL_AREA_STYLE('',(#9283));
#9283 = FILL_AREA_STYLE_COLOUR('',#7876);
#9284 = CURVE_STYLE('',#9285,POSITIVE_LENGTH_MEASURE(0.1),#7876);
#9285 = DRAUGHTING_PRE_DEFINED_CURVE_FONT('continuous');
#9286 = STYLED_ITEM('color',(#9287),#4249);
#9287 = PRESENTATION_STYLE_ASSIGNMENT((#9288,#9293));
#9288 = SURFACE_STYLE_USAGE(.BOTH.,#9289);
#9289 = SURFACE_SIDE_STYLE('',(#9290));
#9290 = SURFACE_STYLE_FILL_AREA(#9291);
#9291 = FILL_AREA_STYLE('',(#9292));
#9292 = FILL_AREA_STYLE_COLOUR('',#7876);
#9293 = CURVE_STYLE('',#9294,POSITIVE_LENGTH_MEASURE(0.1),#7876);
#9294 = DRAUGHTING_PRE_DEFINED_CURVE_FONT('continuous');
#9295 = STYLED_ITEM('color',(#9296),#4266);
#9296 = PRESENTATION_STYLE_ASSIGNMENT((#9297,#9302));
#9297 = SURFACE_STYLE_USAGE(.BOTH.,#9298);
#9298 = SURFACE_SIDE_STYLE('',(#9299));
#9299 = SURFACE_STYLE_FILL_AREA(#9300);
#9300 = FILL_AREA_STYLE('',(#9301));
#9301 = FILL_AREA_STYLE_COLOUR('',#7876);
#9302 = CURVE_STYLE('',#9303,POSITIVE_LENGTH_MEASURE(0.1),#7876);
#9303 = DRAUGHTING_PRE_DEFINED_CURVE_FONT('continuous');
#9304 = STYLED_ITEM('color',(#9305),#4283);
#9305 = PRESENTATION_STYLE_ASSIGNMENT((#9306,#9311));
#9306 = SURFACE_STYLE_USAGE(.BOTH.,#9307);
#9307 = SURFACE_SIDE_STYLE('',(#9308));
#9308 = SURFACE_STYLE_FILL_AREA(#9309);
#9309 = FILL_AREA_STYLE('',(#9310));
#9310 = FILL_AREA_STYLE_COLOUR('',#7876);
#9311 = CURVE_STYLE('',#9312,POSITIVE_LENGTH_MEASURE(0.1),#7876);
#9312 = DRAUGHTING_PRE_DEFINED_CURVE_FONT('continuous');
#9313 = STYLED_ITEM('color',(#9314),#4300);
#9314 = PRESENTATION_STYLE_ASSIGNMENT((#9315,#9320));
#9315 = SURFACE_STYLE_USAGE(.BOTH.,#9316);
#9316 = SURFACE_SIDE_STYLE('',(#9317));
#9317 = SURFACE_STYLE_FILL_AREA(#9318);
#9318 = FILL_AREA_STYLE('',(#9319));
#9319 = FILL_AREA_STYLE_COLOUR('',#7876);
#9320 = CURVE_STYLE('',#9321,POSITIVE_LENGTH_MEASURE(0.1),#7876);
#9321 = DRAUGHTING_PRE_DEFINED_CURVE_FONT('continuous');
#9322 = STYLED_ITEM('color',(#9323),#4317);
#9323 = PRESENTATION_STYLE_ASSIGNMENT((#9324,#9329));
#9324 = SURFACE_STYLE_USAGE(.BOTH.,#9325);
#9325 = SURFACE_SIDE_STYLE('',(#9326));
#9326 = SURFACE_STYLE_FILL_AREA(#9327);
#9327 = FILL_AREA_STYLE('',(#9328));
#9328 = FILL_AREA_STYLE_COLOUR('',#7876);
#9329 = CURVE_STYLE('',#9330,POSITIVE_LENGTH_MEASURE(0.1),#7876);
#9330 = DRAUGHTING_PRE_DEFINED_CURVE_FONT('continuous');
#9331 = STYLED_ITEM('color',(#9332),#4334);
#9332 = PRESENTATION_STYLE_ASSIGNMENT((#9333,#9338));
#9333 = SURFACE_STYLE_USAGE(.BOTH.,#9334);
#9334 = SURFACE_SIDE_STYLE('',(#9335));
#9335 = SURFACE_STYLE_FILL_AREA(#9336);
#9336 = FILL_AREA_STYLE('',(#9337));
#9337 = FILL_AREA_STYLE_COLOUR('',#7876);
#9338 = CURVE_STYLE('',#9339,POSITIVE_LENGTH_MEASURE(0.1),#7876);
#9339 = DRAUGHTING_PRE_DEFINED_CURVE_FONT('continuous');
#9340 = STYLED_ITEM('color',(#9341),#4346);
#9341 = PRESENTATION_STYLE_ASSIGNMENT((#9342,#9347));
#9342 = SURFACE_STYLE_USAGE(.BOTH.,#9343);
#9343 = SURFACE_SIDE_STYLE('',(#9344));
#9344 = SURFACE_STYLE_FILL_AREA(#9345);
#9345 = FILL_AREA_STYLE('',(#9346));
#9346 = FILL_AREA_STYLE_COLOUR('',#7876);
#9347 = CURVE_STYLE('',#9348,POSITIVE_LENGTH_MEASURE(0.1),#7876);
#9348 = DRAUGHTING_PRE_DEFINED_CURVE_FONT('continuous');
#9349 = STYLED_ITEM('color',(#9350),#4363);
#9350 = PRESENTATION_STYLE_ASSIGNMENT((#9351,#9356));
#9351 = SURFACE_STYLE_USAGE(.BOTH.,#9352);
#9352 = SURFACE_SIDE_STYLE('',(#9353));
#9353 = SURFACE_STYLE_FILL_AREA(#9354);
#9354 = FILL_AREA_STYLE('',(#9355));
#9355 = FILL_AREA_STYLE_COLOUR('',#7876);
#9356 = CURVE_STYLE('',#9357,POSITIVE_LENGTH_MEASURE(0.1),#7876);
#9357 = DRAUGHTING_PRE_DEFINED_CURVE_FONT('continuous');
#9358 = STYLED_ITEM('color',(#9359),#4380);
#9359 = PRESENTATION_STYLE_ASSIGNMENT((#9360,#9365));
#9360 = SURFACE_STYLE_USAGE(.BOTH.,#9361);
#9361 = SURFACE_SIDE_STYLE('',(#9362));
#9362 = SURFACE_STYLE_FILL_AREA(#9363);
#9363 = FILL_AREA_STYLE('',(#9364));
#9364 = FILL_AREA_STYLE_COLOUR('',#7876);
#9365 = CURVE_STYLE('',#9366,POSITIVE_LENGTH_MEASURE(0.1),#7876);
#9366 = DRAUGHTING_PRE_DEFINED_CURVE_FONT('continuous');
#9367 = STYLED_ITEM('color',(#9368),#4397);
#9368 = PRESENTATION_STYLE_ASSIGNMENT((#9369,#9374));
#9369 = SURFACE_STYLE_USAGE(.BOTH.,#9370);
#9370 = SURFACE_SIDE_STYLE('',(#9371));
#9371 = SURFACE_STYLE_FILL_AREA(#9372);
#9372 = FILL_AREA_STYLE('',(#9373));
#9373 = FILL_AREA_STYLE_COLOUR('',#7876);
#9374 = CURVE_STYLE('',#9375,POSITIVE_LENGTH_MEASURE(0.1),#7876);
#9375 = DRAUGHTING_PRE_DEFINED_CURVE_FONT('continuous');
#9376 = STYLED_ITEM('color',(#9377),#4414);
#9377 = PRESENTATION_STYLE_ASSIGNMENT((#9378,#9383));
#9378 = SURFACE_STYLE_USAGE(.BOTH.,#9379);
#9379 = SURFACE_SIDE_STYLE('',(#9380));
#9380 = SURFACE_STYLE_FILL_AREA(#9381);
#9381 = FILL_AREA_STYLE('',(#9382));
#9382 = FILL_AREA_STYLE_COLOUR('',#7876);
#9383 = CURVE_STYLE('',#9384,POSITIVE_LENGTH_MEASURE(0.1),#7876);
#9384 = DRAUGHTING_PRE_DEFINED_CURVE_FONT('continuous');
#9385 = STYLED_ITEM('color',(#9386),#4431);
#9386 = PRESENTATION_STYLE_ASSIGNMENT((#9387,#9392));
#9387 = SURFACE_STYLE_USAGE(.BOTH.,#9388);
#9388 = SURFACE_SIDE_STYLE('',(#9389));
#9389 = SURFACE_STYLE_FILL_AREA(#9390);
#9390 = FILL_AREA_STYLE('',(#9391));
#9391 = FILL_AREA_STYLE_COLOUR('',#7876);
#9392 = CURVE_STYLE('',#9393,POSITIVE_LENGTH_MEASURE(0.1),#7876);
#9393 = DRAUGHTING_PRE_DEFINED_CURVE_FONT('continuous');
#9394 = STYLED_ITEM('color',(#9395),#4448);
#9395 = PRESENTATION_STYLE_ASSIGNMENT((#9396,#9401));
#9396 = SURFACE_STYLE_USAGE(.BOTH.,#9397);
#9397 = SURFACE_SIDE_STYLE('',(#9398));
#9398 = SURFACE_STYLE_FILL_AREA(#9399);
#9399 = FILL_AREA_STYLE('',(#9400));
#9400 = FILL_AREA_STYLE_COLOUR('',#7876);
#9401 = CURVE_STYLE('',#9402,POSITIVE_LENGTH_MEASURE(0.1),#7876);
#9402 = DRAUGHTING_PRE_DEFINED_CURVE_FONT('continuous');
#9403 = STYLED_ITEM('color',(#9404),#4465);
#9404 = PRESENTATION_STYLE_ASSIGNMENT((#9405,#9410));
#9405 = SURFACE_STYLE_USAGE(.BOTH.,#9406);
#9406 = SURFACE_SIDE_STYLE('',(#9407));
#9407 = SURFACE_STYLE_FILL_AREA(#9408);
#9408 = FILL_AREA_STYLE('',(#9409));
#9409 = FILL_AREA_STYLE_COLOUR('',#7876);
#9410 = CURVE_STYLE('',#9411,POSITIVE_LENGTH_MEASURE(0.1),#7876);
#9411 = DRAUGHTING_PRE_DEFINED_CURVE_FONT('continuous');
#9412 = STYLED_ITEM('color',(#9413),#4477);
#9413 = PRESENTATION_STYLE_ASSIGNMENT((#9414,#9419));
#9414 = SURFACE_STYLE_USAGE(.BOTH.,#9415);
#9415 = SURFACE_SIDE_STYLE('',(#9416));
#9416 = SURFACE_STYLE_FILL_AREA(#9417);
#9417 = FILL_AREA_STYLE('',(#9418));
#9418 = FILL_AREA_STYLE_COLOUR('',#7876);
#9419 = CURVE_STYLE('',#9420,POSITIVE_LENGTH_MEASURE(0.1),#7876);
#9420 = DRAUGHTING_PRE_DEFINED_CURVE_FONT('continuous');
#9421 = STYLED_ITEM('color',(#9422),#4494);
#9422 = PRESENTATION_STYLE_ASSIGNMENT((#9423,#9428));
#9423 = SURFACE_STYLE_USAGE(.BOTH.,#9424);
#9424 = SURFACE_SIDE_STYLE('',(#9425));
#9425 = SURFACE_STYLE_FILL_AREA(#9426);
#9426 = FILL_AREA_STYLE('',(#9427));
#9427 = FILL_AREA_STYLE_COLOUR('',#7876);
#9428 = CURVE_STYLE('',#9429,POSITIVE_LENGTH_MEASURE(0.1),#7876);
#9429 = DRAUGHTING_PRE_DEFINED_CURVE_FONT('continuous');
#9430 = STYLED_ITEM('color',(#9431),#4511);
#9431 = PRESENTATION_STYLE_ASSIGNMENT((#9432,#9437));
#9432 = SURFACE_STYLE_USAGE(.BOTH.,#9433);
#9433 = SURFACE_SIDE_STYLE('',(#9434));
#9434 = SURFACE_STYLE_FILL_AREA(#9435);
#9435 = FILL_AREA_STYLE('',(#9436));
#9436 = FILL_AREA_STYLE_COLOUR('',#7876);
#9437 = CURVE_STYLE('',#9438,POSITIVE_LENGTH_MEASURE(0.1),#7876);
#9438 = DRAUGHTING_PRE_DEFINED_CURVE_FONT('continuous');
#9439 = STYLED_ITEM('color',(#9440),#4528);
#9440 = PRESENTATION_STYLE_ASSIGNMENT((#9441,#9446));
#9441 = SURFACE_STYLE_USAGE(.BOTH.,#9442);
#9442 = SURFACE_SIDE_STYLE('',(#9443));
#9443 = SURFACE_STYLE_FILL_AREA(#9444);
#9444 = FILL_AREA_STYLE('',(#9445));
#9445 = FILL_AREA_STYLE_COLOUR('',#7876);
#9446 = CURVE_STYLE('',#9447,POSITIVE_LENGTH_MEASURE(0.1),#7876);
#9447 = DRAUGHTING_PRE_DEFINED_CURVE_FONT('continuous');
#9448 = STYLED_ITEM('color',(#9449),#4545);
#9449 = PRESENTATION_STYLE_ASSIGNMENT((#9450,#9455));
#9450 = SURFACE_STYLE_USAGE(.BOTH.,#9451);
#9451 = SURFACE_SIDE_STYLE('',(#9452));
#9452 = SURFACE_STYLE_FILL_AREA(#9453);
#9453 = FILL_AREA_STYLE('',(#9454));
#9454 = FILL_AREA_STYLE_COLOUR('',#7876);
#9455 = CURVE_STYLE('',#9456,POSITIVE_LENGTH_MEASURE(0.1),#7876);
#9456 = DRAUGHTING_PRE_DEFINED_CURVE_FONT('continuous');
#9457 = STYLED_ITEM('color',(#9458),#4562);
#9458 = PRESENTATION_STYLE_ASSIGNMENT((#9459,#9464));
#9459 = SURFACE_STYLE_USAGE(.BOTH.,#9460);
#9460 = SURFACE_SIDE_STYLE('',(#9461));
#9461 = SURFACE_STYLE_FILL_AREA(#9462);
#9462 = FILL_AREA_STYLE('',(#9463));
#9463 = FILL_AREA_STYLE_COLOUR('',#7876);
#9464 = CURVE_STYLE('',#9465,POSITIVE_LENGTH_MEASURE(0.1),#7876);
#9465 = DRAUGHTING_PRE_DEFINED_CURVE_FONT('continuous');
#9466 = STYLED_ITEM('color',(#9467),#4579);
#9467 = PRESENTATION_STYLE_ASSIGNMENT((#9468,#9473));
#9468 = SURFACE_STYLE_USAGE(.BOTH.,#9469);
#9469 = SURFACE_SIDE_STYLE('',(#9470));
#9470 = SURFACE_STYLE_FILL_AREA(#9471);
#9471 = FILL_AREA_STYLE('',(#9472));
#9472 = FILL_AREA_STYLE_COLOUR('',#7876);
#9473 = CURVE_STYLE('',#9474,POSITIVE_LENGTH_MEASURE(0.1),#7876);
#9474 = DRAUGHTING_PRE_DEFINED_CURVE_FONT('continuous');
#9475 = STYLED_ITEM('color',(#9476),#4591);
#9476 = PRESENTATION_STYLE_ASSIGNMENT((#9477,#9482));
#9477 = SURFACE_STYLE_USAGE(.BOTH.,#9478);
#9478 = SURFACE_SIDE_STYLE('',(#9479));
#9479 = SURFACE_STYLE_FILL_AREA(#9480);
#9480 = FILL_AREA_STYLE('',(#9481));
#9481 = FILL_AREA_STYLE_COLOUR('',#7876);
#9482 = CURVE_STYLE('',#9483,POSITIVE_LENGTH_MEASURE(0.1),#7876);
#9483 = DRAUGHTING_PRE_DEFINED_CURVE_FONT('continuous');
#9484 = STYLED_ITEM('color',(#9485),#4608);
#9485 = PRESENTATION_STYLE_ASSIGNMENT((#9486,#9491));
#9486 = SURFACE_STYLE_USAGE(.BOTH.,#9487);
#9487 = SURFACE_SIDE_STYLE('',(#9488));
#9488 = SURFACE_STYLE_FILL_AREA(#9489);
#9489 = FILL_AREA_STYLE('',(#9490));
#9490 = FILL_AREA_STYLE_COLOUR('',#7876);
#9491 = CURVE_STYLE('',#9492,POSITIVE_LENGTH_MEASURE(0.1),#7876);
#9492 = DRAUGHTING_PRE_DEFINED_CURVE_FONT('continuous');
#9493 = STYLED_ITEM('color',(#9494),#4625);
#9494 = PRESENTATION_STYLE_ASSIGNMENT((#9495,#9500));
#9495 = SURFACE_STYLE_USAGE(.BOTH.,#9496);
#9496 = SURFACE_SIDE_STYLE('',(#9497));
#9497 = SURFACE_STYLE_FILL_AREA(#9498);
#9498 = FILL_AREA_STYLE('',(#9499));
#9499 = FILL_AREA_STYLE_COLOUR('',#7876);
#9500 = CURVE_STYLE('',#9501,POSITIVE_LENGTH_MEASURE(0.1),#7876);
#9501 = DRAUGHTING_PRE_DEFINED_CURVE_FONT('continuous');
#9502 = STYLED_ITEM('color',(#9503),#4642);
#9503 = PRESENTATION_STYLE_ASSIGNMENT((#9504,#9509));
#9504 = SURFACE_STYLE_USAGE(.BOTH.,#9505);
#9505 = SURFACE_SIDE_STYLE('',(#9506));
#9506 = SURFACE_STYLE_FILL_AREA(#9507);
#9507 = FILL_AREA_STYLE('',(#9508));
#9508 = FILL_AREA_STYLE_COLOUR('',#7876);
#9509 = CURVE_STYLE('',#9510,POSITIVE_LENGTH_MEASURE(0.1),#7876);
#9510 = DRAUGHTING_PRE_DEFINED_CURVE_FONT('continuous');
#9511 = STYLED_ITEM('color',(#9512),#4659);
#9512 = PRESENTATION_STYLE_ASSIGNMENT((#9513,#9518));
#9513 = SURFACE_STYLE_USAGE(.BOTH.,#9514);
#9514 = SURFACE_SIDE_STYLE('',(#9515));
#9515 = SURFACE_STYLE_FILL_AREA(#9516);
#9516 = FILL_AREA_STYLE('',(#9517));
#9517 = FILL_AREA_STYLE_COLOUR('',#7876);
#9518 = CURVE_STYLE('',#9519,POSITIVE_LENGTH_MEASURE(0.1),#7876);
#9519 = DRAUGHTING_PRE_DEFINED_CURVE_FONT('continuous');
#9520 = STYLED_ITEM('color',(#9521),#4676);
#9521 = PRESENTATION_STYLE_ASSIGNMENT((#9522,#9527));
#9522 = SURFACE_STYLE_USAGE(.BOTH.,#9523);
#9523 = SURFACE_SIDE_STYLE('',(#9524));
#9524 = SURFACE_STYLE_FILL_AREA(#9525);
#9525 = FILL_AREA_STYLE('',(#9526));
#9526 = FILL_AREA_STYLE_COLOUR('',#7876);
#9527 = CURVE_STYLE('',#9528,POSITIVE_LENGTH_MEASURE(0.1),#7876);
#9528 = DRAUGHTING_PRE_DEFINED_CURVE_FONT('continuous');
#9529 = STYLED_ITEM('color',(#9530),#4693);
#9530 = PRESENTATION_STYLE_ASSIGNMENT((#9531,#9536));
#9531 = SURFACE_STYLE_USAGE(.BOTH.,#9532);
#9532 = SURFACE_SIDE_STYLE('',(#9533));
#9533 = SURFACE_STYLE_FILL_AREA(#9534);
#9534 = FILL_AREA_STYLE('',(#9535));
#9535 = FILL_AREA_STYLE_COLOUR('',#7876);
#9536 = CURVE_STYLE('',#9537,POSITIVE_LENGTH_MEASURE(0.1),#7876);
#9537 = DRAUGHTING_PRE_DEFINED_CURVE_FONT('continuous');
#9538 = STYLED_ITEM('color',(#9539),#4705);
#9539 = PRESENTATION_STYLE_ASSIGNMENT((#9540,#9545));
#9540 = SURFACE_STYLE_USAGE(.BOTH.,#9541);
#9541 = SURFACE_SIDE_STYLE('',(#9542));
#9542 = SURFACE_STYLE_FILL_AREA(#9543);
#9543 = FILL_AREA_STYLE('',(#9544));
#9544 = FILL_AREA_STYLE_COLOUR('',#7876);
#9545 = CURVE_STYLE('',#9546,POSITIVE_LENGTH_MEASURE(0.1),#7876);
#9546 = DRAUGHTING_PRE_DEFINED_CURVE_FONT('continuous');
#9547 = STYLED_ITEM('color',(#9548),#4722);
#9548 = PRESENTATION_STYLE_ASSIGNMENT((#9549,#9554));
#9549 = SURFACE_STYLE_USAGE(.BOTH.,#9550);
#9550 = SURFACE_SIDE_STYLE('',(#9551));
#9551 = SURFACE_STYLE_FILL_AREA(#9552);
#9552 = FILL_AREA_STYLE('',(#9553));
#9553 = FILL_AREA_STYLE_COLOUR('',#7876);
#9554 = CURVE_STYLE('',#9555,POSITIVE_LENGTH_MEASURE(0.1),#7876);
#9555 = DRAUGHTING_PRE_DEFINED_CURVE_FONT('continuous');
#9556 = STYLED_ITEM('color',(#9557),#4739);
#9557 = PRESENTATION_STYLE_ASSIGNMENT((#9558,#9563));
#9558 = SURFACE_STYLE_USAGE(.BOTH.,#9559);
#9559 = SURFACE_SIDE_STYLE('',(#9560));
#9560 = SURFACE_STYLE_FILL_AREA(#9561);
#9561 = FILL_AREA_STYLE('',(#9562));
#9562 = FILL_AREA_STYLE_COLOUR('',#7876);
#9563 = CURVE_STYLE('',#9564,POSITIVE_LENGTH_MEASURE(0.1),#7876);
#9564 = DRAUGHTING_PRE_DEFINED_CURVE_FONT('continuous');
#9565 = STYLED_ITEM('color',(#9566),#4756);
#9566 = PRESENTATION_STYLE_ASSIGNMENT((#9567,#9572));
#9567 = SURFACE_STYLE_USAGE(.BOTH.,#9568);
#9568 = SURFACE_SIDE_STYLE('',(#9569));
#9569 = SURFACE_STYLE_FILL_AREA(#9570);
#9570 = FILL_AREA_STYLE('',(#9571));
#9571 = FILL_AREA_STYLE_COLOUR('',#7876);
#9572 = CURVE_STYLE('',#9573,POSITIVE_LENGTH_MEASURE(0.1),#7876);
#9573 = DRAUGHTING_PRE_DEFINED_CURVE_FONT('continuous');
#9574 = STYLED_ITEM('color',(#9575),#4773);
#9575 = PRESENTATION_STYLE_ASSIGNMENT((#9576,#9581));
#9576 = SURFACE_STYLE_USAGE(.BOTH.,#9577);
#9577 = SURFACE_SIDE_STYLE('',(#9578));
#9578 = SURFACE_STYLE_FILL_AREA(#9579);
#9579 = FILL_AREA_STYLE('',(#9580));
#9580 = FILL_AREA_STYLE_COLOUR('',#7876);
#9581 = CURVE_STYLE('',#9582,POSITIVE_LENGTH_MEASURE(0.1),#7876);
#9582 = DRAUGHTING_PRE_DEFINED_CURVE_FONT('continuous');
#9583 = STYLED_ITEM('color',(#9584),#4790);
#9584 = PRESENTATION_STYLE_ASSIGNMENT((#9585,#9590));
#9585 = SURFACE_STYLE_USAGE(.BOTH.,#9586);
#9586 = SURFACE_SIDE_STYLE('',(#9587));
#9587 = SURFACE_STYLE_FILL_AREA(#9588);
#9588 = FILL_AREA_STYLE('',(#9589));
#9589 = FILL_AREA_STYLE_COLOUR('',#7876);
#9590 = CURVE_STYLE('',#9591,POSITIVE_LENGTH_MEASURE(0.1),#7876);
#9591 = DRAUGHTING_PRE_DEFINED_CURVE_FONT('continuous');
#9592 = STYLED_ITEM('color',(#9593),#4807);
#9593 = PRESENTATION_STYLE_ASSIGNMENT((#9594,#9599));
#9594 = SURFACE_STYLE_USAGE(.BOTH.,#9595);
#9595 = SURFACE_SIDE_STYLE('',(#9596));
#9596 = SURFACE_STYLE_FILL_AREA(#9597);
#9597 = FILL_AREA_STYLE('',(#9598));
#9598 = FILL_AREA_STYLE_COLOUR('',#7876);
#9599 = CURVE_STYLE('',#9600,POSITIVE_LENGTH_MEASURE(0.1),#7876);
#9600 = DRAUGHTING_PRE_DEFINED_CURVE_FONT('continuous');
#9601 = STYLED_ITEM('color',(#9602),#4824);
#9602 = PRESENTATION_STYLE_ASSIGNMENT((#9603,#9608));
#9603 = SURFACE_STYLE_USAGE(.BOTH.,#9604);
#9604 = SURFACE_SIDE_STYLE('',(#9605));
#9605 = SURFACE_STYLE_FILL_AREA(#9606);
#9606 = FILL_AREA_STYLE('',(#9607));
#9607 = FILL_AREA_STYLE_COLOUR('',#7876);
#9608 = CURVE_STYLE('',#9609,POSITIVE_LENGTH_MEASURE(0.1),#7876);
#9609 = DRAUGHTING_PRE_DEFINED_CURVE_FONT('continuous');
#9610 = STYLED_ITEM('color',(#9611),#4836);
#9611 = PRESENTATION_STYLE_ASSIGNMENT((#9612,#9617));
#9612 = SURFACE_STYLE_USAGE(.BOTH.,#9613);
#9613 = SURFACE_SIDE_STYLE('',(#9614));
#9614 = SURFACE_STYLE_FILL_AREA(#9615);
#9615 = FILL_AREA_STYLE('',(#9616));
#9616 = FILL_AREA_STYLE_COLOUR('',#8688);
#9617 = CURVE_STYLE('',#9618,POSITIVE_LENGTH_MEASURE(0.1),#8688);
#9618 = DRAUGHTING_PRE_DEFINED_CURVE_FONT('continuous');
#9619 = MECHANICAL_DESIGN_GEOMETRIC_PRESENTATION_REPRESENTATION('',(
    #9620,#9627,#9634,#9641,#9648,#9655,#9662,#9669,#9677,#9684,#9691,
    #9698,#9705,#9712,#9720,#9727,#9734,#9741,#9748,#9755,#9762,#9769,
    #9776,#9783,#9790,#9797),#859);
#9620 = STYLED_ITEM('color',(#9621),#71);
#9621 = PRESENTATION_STYLE_ASSIGNMENT((#9622));
#9622 = SURFACE_STYLE_USAGE(.BOTH.,#9623);
#9623 = SURFACE_SIDE_STYLE('',(#9624));
#9624 = SURFACE_STYLE_FILL_AREA(#9625);
#9625 = FILL_AREA_STYLE('',(#9626));
#9626 = FILL_AREA_STYLE_COLOUR('',#7876);
#9627 = STYLED_ITEM('color',(#9628),#111);
#9628 = PRESENTATION_STYLE_ASSIGNMENT((#9629));
#9629 = SURFACE_STYLE_USAGE(.BOTH.,#9630);
#9630 = SURFACE_SIDE_STYLE('',(#9631));
#9631 = SURFACE_STYLE_FILL_AREA(#9632);
#9632 = FILL_AREA_STYLE('',(#9633));
#9633 = FILL_AREA_STYLE_COLOUR('',#7876);
#9634 = STYLED_ITEM('color',(#9635),#194);
#9635 = PRESENTATION_STYLE_ASSIGNMENT((#9636));
#9636 = SURFACE_STYLE_USAGE(.BOTH.,#9637);
#9637 = SURFACE_SIDE_STYLE('',(#9638));
#9638 = SURFACE_STYLE_FILL_AREA(#9639);
#9639 = FILL_AREA_STYLE('',(#9640));
#9640 = FILL_AREA_STYLE_COLOUR('',#7876);
#9641 = STYLED_ITEM('color',(#9642),#219);
#9642 = PRESENTATION_STYLE_ASSIGNMENT((#9643));
#9643 = SURFACE_STYLE_USAGE(.BOTH.,#9644);
#9644 = SURFACE_SIDE_STYLE('',(#9645));
#9645 = SURFACE_STYLE_FILL_AREA(#9646);
#9646 = FILL_AREA_STYLE('',(#9647));
#9647 = FILL_AREA_STYLE_COLOUR('',#7876);
#9648 = STYLED_ITEM('color',(#9649),#244);
#9649 = PRESENTATION_STYLE_ASSIGNMENT((#9650));
#9650 = SURFACE_STYLE_USAGE(.BOTH.,#9651);
#9651 = SURFACE_SIDE_STYLE('',(#9652));
#9652 = SURFACE_STYLE_FILL_AREA(#9653);
#9653 = FILL_AREA_STYLE('',(#9654));
#9654 = FILL_AREA_STYLE_COLOUR('',#7876);
#9655 = STYLED_ITEM('color',(#9656),#311);
#9656 = PRESENTATION_STYLE_ASSIGNMENT((#9657));
#9657 = SURFACE_STYLE_USAGE(.BOTH.,#9658);
#9658 = SURFACE_SIDE_STYLE('',(#9659));
#9659 = SURFACE_STYLE_FILL_AREA(#9660);
#9660 = FILL_AREA_STYLE('',(#9661));
#9661 = FILL_AREA_STYLE_COLOUR('',#7876);
#9662 = STYLED_ITEM('color',(#9663),#328);
#9663 = PRESENTATION_STYLE_ASSIGNMENT((#9664));
#9664 = SURFACE_STYLE_USAGE(.BOTH.,#9665);
#9665 = SURFACE_SIDE_STYLE('',(#9666));
#9666 = SURFACE_STYLE_FILL_AREA(#9667);
#9667 = FILL_AREA_STYLE('',(#9668));
#9668 = FILL_AREA_STYLE_COLOUR('',#7876);
#9669 = STYLED_ITEM('color',(#9670),#345);
#9670 = PRESENTATION_STYLE_ASSIGNMENT((#9671));
#9671 = SURFACE_STYLE_USAGE(.BOTH.,#9672);
#9672 = SURFACE_SIDE_STYLE('',(#9673));
#9673 = SURFACE_STYLE_FILL_AREA(#9674);
#9674 = FILL_AREA_STYLE('',(#9675));
#9675 = FILL_AREA_STYLE_COLOUR('',#9676);
#9676 = COLOUR_RGB('',0.894999966383,0.890999961016,0.813000030345);
#9677 = STYLED_ITEM('color',(#9678),#394);
#9678 = PRESENTATION_STYLE_ASSIGNMENT((#9679));
#9679 = SURFACE_STYLE_USAGE(.BOTH.,#9680);
#9680 = SURFACE_SIDE_STYLE('',(#9681));
#9681 = SURFACE_STYLE_FILL_AREA(#9682);
#9682 = FILL_AREA_STYLE('',(#9683));
#9683 = FILL_AREA_STYLE_COLOUR('',#7876);
#9684 = STYLED_ITEM('color',(#9685),#411);
#9685 = PRESENTATION_STYLE_ASSIGNMENT((#9686));
#9686 = SURFACE_STYLE_USAGE(.BOTH.,#9687);
#9687 = SURFACE_SIDE_STYLE('',(#9688));
#9688 = SURFACE_STYLE_FILL_AREA(#9689);
#9689 = FILL_AREA_STYLE('',(#9690));
#9690 = FILL_AREA_STYLE_COLOUR('',#7876);
#9691 = STYLED_ITEM('color',(#9692),#428);
#9692 = PRESENTATION_STYLE_ASSIGNMENT((#9693));
#9693 = SURFACE_STYLE_USAGE(.BOTH.,#9694);
#9694 = SURFACE_SIDE_STYLE('',(#9695));
#9695 = SURFACE_STYLE_FILL_AREA(#9696);
#9696 = FILL_AREA_STYLE('',(#9697));
#9697 = FILL_AREA_STYLE_COLOUR('',#9676);
#9698 = STYLED_ITEM('color',(#9699),#477);
#9699 = PRESENTATION_STYLE_ASSIGNMENT((#9700));
#9700 = SURFACE_STYLE_USAGE(.BOTH.,#9701);
#9701 = SURFACE_SIDE_STYLE('',(#9702));
#9702 = SURFACE_STYLE_FILL_AREA(#9703);
#9703 = FILL_AREA_STYLE('',(#9704));
#9704 = FILL_AREA_STYLE_COLOUR('',#9676);
#9705 = STYLED_ITEM('color',(#9706),#494);
#9706 = PRESENTATION_STYLE_ASSIGNMENT((#9707));
#9707 = SURFACE_STYLE_USAGE(.BOTH.,#9708);
#9708 = SURFACE_SIDE_STYLE('',(#9709));
#9709 = SURFACE_STYLE_FILL_AREA(#9710);
#9710 = FILL_AREA_STYLE('',(#9711));
#9711 = FILL_AREA_STYLE_COLOUR('',#7876);
#9712 = STYLED_ITEM('color',(#9713),#563);
#9713 = PRESENTATION_STYLE_ASSIGNMENT((#9714));
#9714 = SURFACE_STYLE_USAGE(.BOTH.,#9715);
#9715 = SURFACE_SIDE_STYLE('',(#9716));
#9716 = SURFACE_STYLE_FILL_AREA(#9717);
#9717 = FILL_AREA_STYLE('',(#9718));
#9718 = FILL_AREA_STYLE_COLOUR('',#9719);
#9719 = COLOUR_RGB('',8.200000279077E-02,8.600000121357E-02,
  9.399999706163E-02);
#9720 = STYLED_ITEM('color',(#9721),#594);
#9721 = PRESENTATION_STYLE_ASSIGNMENT((#9722));
#9722 = SURFACE_STYLE_USAGE(.BOTH.,#9723);
#9723 = SURFACE_SIDE_STYLE('',(#9724));
#9724 = SURFACE_STYLE_FILL_AREA(#9725);
#9725 = FILL_AREA_STYLE('',(#9726));
#9726 = FILL_AREA_STYLE_COLOUR('',#9719);
#9727 = STYLED_ITEM('color',(#9728),#618);
#9728 = PRESENTATION_STYLE_ASSIGNMENT((#9729));
#9729 = SURFACE_STYLE_USAGE(.BOTH.,#9730);
#9730 = SURFACE_SIDE_STYLE('',(#9731));
#9731 = SURFACE_STYLE_FILL_AREA(#9732);
#9732 = FILL_AREA_STYLE('',(#9733));
#9733 = FILL_AREA_STYLE_COLOUR('',#7876);
#9734 = STYLED_ITEM('color',(#9735),#687);
#9735 = PRESENTATION_STYLE_ASSIGNMENT((#9736));
#9736 = SURFACE_STYLE_USAGE(.BOTH.,#9737);
#9737 = SURFACE_SIDE_STYLE('',(#9738));
#9738 = SURFACE_STYLE_FILL_AREA(#9739);
#9739 = FILL_AREA_STYLE('',(#9740));
#9740 = FILL_AREA_STYLE_COLOUR('',#9719);
#9741 = STYLED_ITEM('color',(#9742),#711);
#9742 = PRESENTATION_STYLE_ASSIGNMENT((#9743));
#9743 = SURFACE_STYLE_USAGE(.BOTH.,#9744);
#9744 = SURFACE_SIDE_STYLE('',(#9745));
#9745 = SURFACE_STYLE_FILL_AREA(#9746);
#9746 = FILL_AREA_STYLE('',(#9747));
#9747 = FILL_AREA_STYLE_COLOUR('',#7876);
#9748 = STYLED_ITEM('color',(#9749),#728);
#9749 = PRESENTATION_STYLE_ASSIGNMENT((#9750));
#9750 = SURFACE_STYLE_USAGE(.BOTH.,#9751);
#9751 = SURFACE_SIDE_STYLE('',(#9752));
#9752 = SURFACE_STYLE_FILL_AREA(#9753);
#9753 = FILL_AREA_STYLE('',(#9754));
#9754 = FILL_AREA_STYLE_COLOUR('',#7876);
#9755 = STYLED_ITEM('color',(#9756),#745);
#9756 = PRESENTATION_STYLE_ASSIGNMENT((#9757));
#9757 = SURFACE_STYLE_USAGE(.BOTH.,#9758);
#9758 = SURFACE_SIDE_STYLE('',(#9759));
#9759 = SURFACE_STYLE_FILL_AREA(#9760);
#9760 = FILL_AREA_STYLE('',(#9761));
#9761 = FILL_AREA_STYLE_COLOUR('',#7876);
#9762 = STYLED_ITEM('color',(#9763),#762);
#9763 = PRESENTATION_STYLE_ASSIGNMENT((#9764));
#9764 = SURFACE_STYLE_USAGE(.BOTH.,#9765);
#9765 = SURFACE_SIDE_STYLE('',(#9766));
#9766 = SURFACE_STYLE_FILL_AREA(#9767);
#9767 = FILL_AREA_STYLE('',(#9768));
#9768 = FILL_AREA_STYLE_COLOUR('',#7876);
#9769 = STYLED_ITEM('color',(#9770),#779);
#9770 = PRESENTATION_STYLE_ASSIGNMENT((#9771));
#9771 = SURFACE_STYLE_USAGE(.BOTH.,#9772);
#9772 = SURFACE_SIDE_STYLE('',(#9773));
#9773 = SURFACE_STYLE_FILL_AREA(#9774);
#9774 = FILL_AREA_STYLE('',(#9775));
#9775 = FILL_AREA_STYLE_COLOUR('',#7876);
#9776 = STYLED_ITEM('color',(#9777),#796);
#9777 = PRESENTATION_STYLE_ASSIGNMENT((#9778));
#9778 = SURFACE_STYLE_USAGE(.BOTH.,#9779);
#9779 = SURFACE_SIDE_STYLE('',(#9780));
#9780 = SURFACE_STYLE_FILL_AREA(#9781);
#9781 = FILL_AREA_STYLE('',(#9782));
#9782 = FILL_AREA_STYLE_COLOUR('',#7876);
#9783 = STYLED_ITEM('color',(#9784),#813);
#9784 = PRESENTATION_STYLE_ASSIGNMENT((#9785));
#9785 = SURFACE_STYLE_USAGE(.BOTH.,#9786);
#9786 = SURFACE_SIDE_STYLE('',(#9787));
#9787 = SURFACE_STYLE_FILL_AREA(#9788);
#9788 = FILL_AREA_STYLE('',(#9789));
#9789 = FILL_AREA_STYLE_COLOUR('',#7876);
#9790 = STYLED_ITEM('color',(#9791),#830);
#9791 = PRESENTATION_STYLE_ASSIGNMENT((#9792));
#9792 = SURFACE_STYLE_USAGE(.BOTH.,#9793);
#9793 = SURFACE_SIDE_STYLE('',(#9794));
#9794 = SURFACE_STYLE_FILL_AREA(#9795);
#9795 = FILL_AREA_STYLE('',(#9796));
#9796 = FILL_AREA_STYLE_COLOUR('',#9719);
#9797 = STYLED_ITEM('color',(#9798),#847);
#9798 = PRESENTATION_STYLE_ASSIGNMENT((#9799));
#9799 = SURFACE_STYLE_USAGE(.BOTH.,#9800);
#9800 = SURFACE_SIDE_STYLE('',(#9801));
#9801 = SURFACE_STYLE_FILL_AREA(#9802);
#9802 = FILL_AREA_STYLE('',(#9803));
#9803 = FILL_AREA_STYLE_COLOUR('',#9719);
ENDSEC;
END-ISO-10303-21;
